[
	[
		{
			"achievement": {
				"created_at": "2014-10-22T18:05:47Z",
				"description": "completed pigeon pose",
				"name": "Pigeon",
				"updated_at": "2014-11-04T22:25:45Z"
			},
			"count": 1,
			"created_at": "2017-01-25T19:07:06Z",
			"share_message": "I earned the Pigeon badge on @Fitbit Coach!",
			"updated_at": "2017-02-13T16:27:57Z"
		},
		{
			"achievement": {
				"created_at": "2014-10-22T18:05:46Z",
				"description": "Completed your first yoga session",
				"name": "Namaste",
				"updated_at": "2014-11-04T22:21:18Z"
			},
			"count": 1,
			"created_at": "2015-01-26T16:11:46Z",
			"share_message": "I earned the Namaste badge on @Fitbit Coach!",
			"updated_at": "2015-01-26T16:11:46Z"
		},
		{
			"achievement": {
				"created_at": "2012-11-06T19:20:37Z",
				"description": "Completed 1 Session",
				"name": "1 Session Sweated",
				"updated_at": "2017-01-04T22:17:00Z"
			},
			"count": 1,
			"created_at": "2015-01-26T16:11:46Z",
			"share_message": "I earned the 1 Session Sweated badge on @Fitbit Coach!",
			"updated_at": "2015-01-26T16:11:46Z"
		},
		{
			"achievement": {
				"created_at": "2014-10-22T18:05:46Z",
				"description": "Completed your first FitTest",
				"name": "Testified",
				"updated_at": "2014-11-04T22:22:38Z"
			},
			"count": 1,
			"created_at": "2015-01-10T19:59:21Z",
			"share_message": "I earned the Testified badge on @Fitbit Coach!",
			"updated_at": "2015-01-10T19:59:21Z"
		}
	]
]
