[
	[
		{
			"calories_burned": 128,
			"category_names": "Total Body",
			"coaching_type": "yoga",
			"comments_count": 0,
			"completed_at": "2017-02-13T16:27:56Z",
			"created_at": "2017-02-13T15:55:43Z",
			"duration": 1860,
			"grade": 3,
			"ignore_score": false,
			"initial": false,
			"name": "Happy Hips",
			"options": {
				"arms_shoulders": 0,
				"back": 0,
				"cardio": 0,
				"chest": 0,
				"core": 0,
				"difficulty": 0,
				"duration": 0,
				"impact": 0,
				"legs": 0,
				"probability": 0
			},
			"start_date": "2017-02-13T00:00:00Z",
			"state": "completed",
			"stats": [
				"128 calories burned",
				"4 Sessions completed"
			],
			"utc_offset": -18000
		},
		{
			"calories_burned": 128,
			"category_names": "Total Body",
			"coaching_type": "yoga",
			"comments_count": 0,
			"completed_at": "2017-01-25T19:07:05Z",
			"created_at": "2017-01-25T18:31:35Z",
			"duration": 1860,
			"grade": 3,
			"ignore_score": false,
			"initial": false,
			"name": "Happy Hips",
			"options": {
				"arms_shoulders": 1,
				"back": 0,
				"cardio": 0,
				"chest": 1,
				"core": 1,
				"difficulty": 0,
				"duration": 1,
				"impact": 0,
				"legs": 1,
				"probability": 0
			},
			"start_date": "2017-01-25T00:00:00Z",
			"state": "completed",
			"stats": [
				"85 calories burned",
				"0 seconds Side Plank"
			],
			"utc_offset": -18000
		},
		{
			"calories_burned": 64,
			"category_names": "Total Body",
			"coaching_type": "yoga",
			"comments_count": 0,
			"completed_at": "2015-01-26T16:11:46Z",
			"created_at": "2015-01-10T19:59:23Z",
			"duration": 1297.5000000000002,
			"grade": 3,
			"ignore_score": false,
			"initial": false,
			"name": "Inversions \u0026 Hips",
			"options": {
				"arms_shoulders": 0,
				"back": 0,
				"cardio": 0,
				"chest": 0,
				"core": 0,
				"difficulty": 0,
				"duration": 0,
				"impact": 0,
				"legs": 0,
				"probability": 0
			},
			"start_date": "2015-01-10T00:00:00Z",
			"state": "completed",
			"stats": [
				"64 calories burned",
				"20 seconds Reverse Warrior",
				"4 Sessions completed"
			],
			"utc_offset": -18000
		},
		{
			"calories_burned": 50,
			"category_names": "Total Body",
			"coaching_type": "yoga",
			"comments_count": 0,
			"completed_at": "2015-01-10T19:59:21Z",
			"created_at": "2014-12-14T22:18:29Z",
			"duration": 919.3750000000002,
			"grade": 3,
			"ignore_score": false,
			"initial": true,
			"name": "Yoga Intro",
			"options": {
				"arms_shoulders": 0,
				"back": 0,
				"cardio": 0,
				"chest": 0,
				"core": 0,
				"difficulty": 0,
				"duration": 0,
				"impact": 0,
				"legs": 0,
				"probability": 0
			},
			"start_date": "2014-12-14T00:00:00Z",
			"state": "completed",
			"stats": [
				"50 calories burned",
				"30 seconds Seated Twist",
				"4 Sessions completed"
			],
			"utc_offset": -18000
		}
	]
]
