[{
  "dateTime" : "12/06/15 08:34:00",
  "value" : "10"
},{
  "dateTime" : "12/06/15 09:11:00",
  "value" : "10"
},{
  "dateTime" : "12/06/15 10:10:00",
  "value" : "10"
},{
  "dateTime" : "12/06/15 10:41:00",
  "value" : "20"
},{
  "dateTime" : "12/06/15 11:21:00",
  "value" : "10"
},{
  "dateTime" : "12/06/15 12:35:00",
  "value" : "10"
},{
  "dateTime" : "12/06/15 15:03:00",
  "value" : "10"
},{
  "dateTime" : "12/06/15 15:12:00",
  "value" : "20"
},{
  "dateTime" : "12/06/15 16:33:00",
  "value" : "10"
},{
  "dateTime" : "12/06/15 17:19:00",
  "value" : "10"
},{
  "dateTime" : "12/06/15 17:42:00",
  "value" : "10"
},{
  "dateTime" : "12/06/15 19:57:00",
  "value" : "10"
},{
  "dateTime" : "12/06/15 19:58:00",
  "value" : "10"
},{
  "dateTime" : "12/06/15 20:27:00",
  "value" : "10"
},{
  "dateTime" : "12/06/15 20:28:00",
  "value" : "10"
},{
  "dateTime" : "12/06/15 20:43:00",
  "value" : "10"
},{
  "dateTime" : "12/06/15 20:44:00",
  "value" : "10"
},{
  "dateTime" : "12/06/15 20:45:00",
  "value" : "10"
},{
  "dateTime" : "12/06/15 22:09:00",
  "value" : "10"
},{
  "dateTime" : "12/06/15 23:16:00",
  "value" : "10"
},{
  "dateTime" : "12/07/15 08:48:00",
  "value" : "10"
},{
  "dateTime" : "12/07/15 12:41:00",
  "value" : "10"
},{
  "dateTime" : "12/07/15 14:35:00",
  "value" : "10"
},{
  "dateTime" : "12/07/15 14:36:00",
  "value" : "10"
},{
  "dateTime" : "12/07/15 16:33:00",
  "value" : "10"
},{
  "dateTime" : "12/07/15 16:34:00",
  "value" : "10"
},{
  "dateTime" : "12/07/15 17:05:00",
  "value" : "10"
},{
  "dateTime" : "12/07/15 19:20:00",
  "value" : "10"
},{
  "dateTime" : "12/07/15 20:10:00",
  "value" : "10"
},{
  "dateTime" : "12/07/15 20:29:00",
  "value" : "10"
},{
  "dateTime" : "12/07/15 20:30:00",
  "value" : "10"
},{
  "dateTime" : "12/07/15 21:18:00",
  "value" : "10"
},{
  "dateTime" : "12/07/15 21:19:00",
  "value" : "10"
},{
  "dateTime" : "12/07/15 21:34:00",
  "value" : "10"
},{
  "dateTime" : "12/07/15 21:35:00",
  "value" : "10"
},{
  "dateTime" : "12/08/15 00:10:00",
  "value" : "10"
},{
  "dateTime" : "12/08/15 07:48:00",
  "value" : "10"
},{
  "dateTime" : "12/08/15 07:49:00",
  "value" : "10"
},{
  "dateTime" : "12/08/15 09:54:00",
  "value" : "10"
},{
  "dateTime" : "12/08/15 09:55:00",
  "value" : "10"
},{
  "dateTime" : "12/08/15 10:37:00",
  "value" : "10"
},{
  "dateTime" : "12/08/15 13:34:00",
  "value" : "10"
},{
  "dateTime" : "12/08/15 15:48:00",
  "value" : "10"
},{
  "dateTime" : "12/08/15 20:22:00",
  "value" : "10"
},{
  "dateTime" : "12/08/15 20:23:00",
  "value" : "10"
},{
  "dateTime" : "12/08/15 20:24:00",
  "value" : "10"
},{
  "dateTime" : "12/09/15 08:42:00",
  "value" : "10"
},{
  "dateTime" : "12/09/15 09:10:00",
  "value" : "10"
},{
  "dateTime" : "12/09/15 09:41:00",
  "value" : "10"
},{
  "dateTime" : "12/09/15 11:18:00",
  "value" : "10"
},{
  "dateTime" : "12/09/15 12:08:00",
  "value" : "10"
},{
  "dateTime" : "12/09/15 14:24:00",
  "value" : "10"
},{
  "dateTime" : "12/09/15 14:44:00",
  "value" : "10"
},{
  "dateTime" : "12/09/15 14:45:00",
  "value" : "20"
},{
  "dateTime" : "12/09/15 14:46:00",
  "value" : "10"
},{
  "dateTime" : "12/09/15 15:58:00",
  "value" : "10"
},{
  "dateTime" : "12/09/15 17:34:00",
  "value" : "10"
},{
  "dateTime" : "12/09/15 17:35:00",
  "value" : "10"
},{
  "dateTime" : "12/09/15 19:12:00",
  "value" : "10"
},{
  "dateTime" : "12/09/15 20:04:00",
  "value" : "10"
},{
  "dateTime" : "12/09/15 21:03:00",
  "value" : "10"
},{
  "dateTime" : "12/09/15 21:04:00",
  "value" : "10"
},{
  "dateTime" : "12/09/15 21:05:00",
  "value" : "10"
},{
  "dateTime" : "12/09/15 21:31:00",
  "value" : "10"
},{
  "dateTime" : "12/09/15 23:43:00",
  "value" : "10"
},{
  "dateTime" : "12/10/15 12:55:00",
  "value" : "10"
},{
  "dateTime" : "12/10/15 14:29:00",
  "value" : "10"
},{
  "dateTime" : "12/10/15 14:54:00",
  "value" : "10"
},{
  "dateTime" : "12/10/15 16:42:00",
  "value" : "10"
},{
  "dateTime" : "12/10/15 17:05:00",
  "value" : "10"
},{
  "dateTime" : "12/10/15 17:47:00",
  "value" : "10"
},{
  "dateTime" : "12/10/15 20:18:00",
  "value" : "10"
},{
  "dateTime" : "12/10/15 20:19:00",
  "value" : "10"
},{
  "dateTime" : "12/11/15 04:03:00",
  "value" : "10"
},{
  "dateTime" : "12/11/15 14:52:00",
  "value" : "10"
},{
  "dateTime" : "12/11/15 16:20:00",
  "value" : "10"
},{
  "dateTime" : "12/11/15 20:08:00",
  "value" : "10"
},{
  "dateTime" : "12/12/15 00:07:00",
  "value" : "10"
},{
  "dateTime" : "12/12/15 00:08:00",
  "value" : "10"
},{
  "dateTime" : "12/12/15 10:39:00",
  "value" : "10"
},{
  "dateTime" : "12/12/15 10:56:00",
  "value" : "10"
},{
  "dateTime" : "12/12/15 14:55:00",
  "value" : "10"
},{
  "dateTime" : "12/12/15 16:49:00",
  "value" : "10"
},{
  "dateTime" : "12/12/15 20:34:00",
  "value" : "10"
},{
  "dateTime" : "12/13/15 10:34:00",
  "value" : "10"
},{
  "dateTime" : "12/13/15 10:35:00",
  "value" : "10"
},{
  "dateTime" : "12/13/15 12:51:00",
  "value" : "10"
},{
  "dateTime" : "12/13/15 13:15:00",
  "value" : "10"
},{
  "dateTime" : "12/13/15 14:19:00",
  "value" : "10"
},{
  "dateTime" : "12/13/15 14:20:00",
  "value" : "10"
},{
  "dateTime" : "12/13/15 16:14:00",
  "value" : "10"
},{
  "dateTime" : "12/13/15 16:15:00",
  "value" : "10"
},{
  "dateTime" : "12/13/15 17:33:00",
  "value" : "10"
},{
  "dateTime" : "12/13/15 21:06:00",
  "value" : "10"
},{
  "dateTime" : "12/14/15 09:21:00",
  "value" : "10"
},{
  "dateTime" : "12/14/15 09:31:00",
  "value" : "10"
},{
  "dateTime" : "12/14/15 09:32:00",
  "value" : "10"
},{
  "dateTime" : "12/14/15 09:58:00",
  "value" : "10"
},{
  "dateTime" : "12/14/15 10:21:00",
  "value" : "10"
},{
  "dateTime" : "12/14/15 10:22:00",
  "value" : "10"
},{
  "dateTime" : "12/14/15 10:23:00",
  "value" : "10"
},{
  "dateTime" : "12/14/15 10:24:00",
  "value" : "20"
},{
  "dateTime" : "12/14/15 10:25:00",
  "value" : "10"
},{
  "dateTime" : "12/14/15 10:26:00",
  "value" : "10"
},{
  "dateTime" : "12/14/15 12:56:00",
  "value" : "10"
},{
  "dateTime" : "12/14/15 13:07:00",
  "value" : "10"
},{
  "dateTime" : "12/14/15 14:34:00",
  "value" : "10"
},{
  "dateTime" : "12/14/15 15:02:00",
  "value" : "20"
},{
  "dateTime" : "12/14/15 15:03:00",
  "value" : "10"
},{
  "dateTime" : "12/14/15 15:21:00",
  "value" : "10"
},{
  "dateTime" : "12/14/15 15:29:00",
  "value" : "10"
},{
  "dateTime" : "12/14/15 15:54:00",
  "value" : "10"
},{
  "dateTime" : "12/14/15 15:55:00",
  "value" : "10"
},{
  "dateTime" : "12/14/15 15:56:00",
  "value" : "10"
},{
  "dateTime" : "12/14/15 16:43:00",
  "value" : "10"
},{
  "dateTime" : "12/14/15 17:04:00",
  "value" : "10"
},{
  "dateTime" : "12/14/15 17:05:00",
  "value" : "10"
},{
  "dateTime" : "12/14/15 18:10:00",
  "value" : "10"
},{
  "dateTime" : "12/14/15 18:11:00",
  "value" : "10"
},{
  "dateTime" : "12/14/15 18:12:00",
  "value" : "10"
},{
  "dateTime" : "12/14/15 20:09:00",
  "value" : "10"
},{
  "dateTime" : "12/14/15 20:44:00",
  "value" : "10"
},{
  "dateTime" : "12/14/15 20:45:00",
  "value" : "20"
},{
  "dateTime" : "12/15/15 05:13:00",
  "value" : "10"
},{
  "dateTime" : "12/15/15 13:34:00",
  "value" : "10"
},{
  "dateTime" : "12/15/15 15:44:00",
  "value" : "10"
},{
  "dateTime" : "12/15/15 15:58:00",
  "value" : "10"
},{
  "dateTime" : "12/15/15 17:40:00",
  "value" : "10"
},{
  "dateTime" : "12/15/15 17:41:00",
  "value" : "10"
},{
  "dateTime" : "12/15/15 21:12:00",
  "value" : "10"
},{
  "dateTime" : "12/16/15 09:22:00",
  "value" : "10"
},{
  "dateTime" : "12/16/15 12:46:00",
  "value" : "10"
},{
  "dateTime" : "12/16/15 13:24:00",
  "value" : "10"
},{
  "dateTime" : "12/16/15 13:25:00",
  "value" : "10"
},{
  "dateTime" : "12/16/15 13:26:00",
  "value" : "10"
},{
  "dateTime" : "12/16/15 14:09:00",
  "value" : "10"
},{
  "dateTime" : "12/16/15 16:38:00",
  "value" : "10"
},{
  "dateTime" : "12/16/15 18:35:00",
  "value" : "10"
},{
  "dateTime" : "12/16/15 18:52:00",
  "value" : "10"
},{
  "dateTime" : "12/16/15 20:08:00",
  "value" : "10"
},{
  "dateTime" : "12/16/15 20:43:00",
  "value" : "10"
},{
  "dateTime" : "12/16/15 20:44:00",
  "value" : "10"
},{
  "dateTime" : "12/16/15 21:05:00",
  "value" : "10"
},{
  "dateTime" : "12/16/15 21:06:00",
  "value" : "10"
},{
  "dateTime" : "12/16/15 21:32:00",
  "value" : "10"
},{
  "dateTime" : "12/16/15 21:33:00",
  "value" : "10"
},{
  "dateTime" : "12/16/15 23:23:00",
  "value" : "10"
},{
  "dateTime" : "12/17/15 01:43:00",
  "value" : "10"
},{
  "dateTime" : "12/17/15 08:39:00",
  "value" : "10"
},{
  "dateTime" : "12/17/15 11:23:00",
  "value" : "10"
},{
  "dateTime" : "12/17/15 11:54:00",
  "value" : "10"
},{
  "dateTime" : "12/17/15 17:49:00",
  "value" : "10"
},{
  "dateTime" : "12/17/15 20:32:00",
  "value" : "10"
},{
  "dateTime" : "12/17/15 22:20:00",
  "value" : "10"
},{
  "dateTime" : "12/18/15 11:05:00",
  "value" : "10"
},{
  "dateTime" : "12/18/15 14:29:00",
  "value" : "10"
},{
  "dateTime" : "12/18/15 14:38:00",
  "value" : "10"
},{
  "dateTime" : "12/18/15 17:12:00",
  "value" : "10"
},{
  "dateTime" : "12/18/15 18:05:00",
  "value" : "10"
},{
  "dateTime" : "12/18/15 19:27:00",
  "value" : "10"
},{
  "dateTime" : "12/18/15 19:35:00",
  "value" : "10"
},{
  "dateTime" : "12/18/15 19:36:00",
  "value" : "10"
},{
  "dateTime" : "12/18/15 20:19:00",
  "value" : "10"
},{
  "dateTime" : "12/19/15 00:46:00",
  "value" : "10"
},{
  "dateTime" : "12/19/15 12:45:00",
  "value" : "10"
},{
  "dateTime" : "12/19/15 14:24:00",
  "value" : "10"
},{
  "dateTime" : "12/19/15 22:38:00",
  "value" : "10"
},{
  "dateTime" : "12/20/15 00:59:00",
  "value" : "10"
},{
  "dateTime" : "12/20/15 11:33:00",
  "value" : "10"
},{
  "dateTime" : "12/20/15 11:34:00",
  "value" : "10"
},{
  "dateTime" : "12/20/15 12:36:00",
  "value" : "10"
},{
  "dateTime" : "12/20/15 12:37:00",
  "value" : "10"
},{
  "dateTime" : "12/20/15 14:09:00",
  "value" : "10"
},{
  "dateTime" : "12/20/15 14:10:00",
  "value" : "10"
},{
  "dateTime" : "12/20/15 14:11:00",
  "value" : "10"
},{
  "dateTime" : "12/20/15 14:12:00",
  "value" : "10"
},{
  "dateTime" : "12/20/15 14:17:00",
  "value" : "10"
},{
  "dateTime" : "12/20/15 17:55:00",
  "value" : "10"
},{
  "dateTime" : "12/20/15 18:31:00",
  "value" : "10"
},{
  "dateTime" : "12/20/15 18:32:00",
  "value" : "10"
},{
  "dateTime" : "12/20/15 19:20:00",
  "value" : "10"
},{
  "dateTime" : "12/20/15 20:18:00",
  "value" : "10"
},{
  "dateTime" : "12/20/15 20:19:00",
  "value" : "10"
},{
  "dateTime" : "12/20/15 21:35:00",
  "value" : "10"
},{
  "dateTime" : "12/21/15 03:56:00",
  "value" : "10"
},{
  "dateTime" : "12/22/15 12:03:00",
  "value" : "10"
},{
  "dateTime" : "12/22/15 17:45:00",
  "value" : "10"
},{
  "dateTime" : "12/25/15 11:49:00",
  "value" : "10"
},{
  "dateTime" : "12/26/15 17:48:00",
  "value" : "10"
},{
  "dateTime" : "12/27/15 07:04:00",
  "value" : "10"
},{
  "dateTime" : "12/27/15 09:25:00",
  "value" : "10"
},{
  "dateTime" : "12/27/15 10:27:00",
  "value" : "10"
},{
  "dateTime" : "12/27/15 17:02:00",
  "value" : "10"
},{
  "dateTime" : "12/27/15 17:35:00",
  "value" : "10"
},{
  "dateTime" : "12/27/15 18:23:00",
  "value" : "10"
},{
  "dateTime" : "12/27/15 19:18:00",
  "value" : "10"
},{
  "dateTime" : "12/27/15 20:37:00",
  "value" : "10"
},{
  "dateTime" : "12/27/15 20:40:00",
  "value" : "10"
},{
  "dateTime" : "12/28/15 06:16:00",
  "value" : "10"
},{
  "dateTime" : "12/28/15 06:36:00",
  "value" : "10"
},{
  "dateTime" : "12/28/15 07:41:00",
  "value" : "10"
},{
  "dateTime" : "12/28/15 07:42:00",
  "value" : "10"
},{
  "dateTime" : "12/28/15 08:21:00",
  "value" : "10"
},{
  "dateTime" : "12/28/15 09:26:00",
  "value" : "10"
},{
  "dateTime" : "12/28/15 09:55:00",
  "value" : "10"
},{
  "dateTime" : "12/28/15 09:56:00",
  "value" : "10"
},{
  "dateTime" : "12/28/15 10:22:00",
  "value" : "10"
},{
  "dateTime" : "12/28/15 10:23:00",
  "value" : "10"
},{
  "dateTime" : "12/28/15 10:57:00",
  "value" : "10"
},{
  "dateTime" : "12/28/15 10:58:00",
  "value" : "10"
},{
  "dateTime" : "12/28/15 10:59:00",
  "value" : "10"
},{
  "dateTime" : "12/28/15 12:04:00",
  "value" : "20"
},{
  "dateTime" : "12/28/15 12:36:00",
  "value" : "10"
},{
  "dateTime" : "12/28/15 13:42:00",
  "value" : "10"
},{
  "dateTime" : "12/28/15 15:07:00",
  "value" : "10"
},{
  "dateTime" : "12/28/15 15:48:00",
  "value" : "10"
},{
  "dateTime" : "12/28/15 15:49:00",
  "value" : "10"
},{
  "dateTime" : "12/28/15 16:28:00",
  "value" : "10"
},{
  "dateTime" : "12/28/15 18:05:00",
  "value" : "10"
},{
  "dateTime" : "12/28/15 18:30:00",
  "value" : "10"
},{
  "dateTime" : "12/28/15 19:40:00",
  "value" : "10"
},{
  "dateTime" : "12/28/15 20:15:00",
  "value" : "20"
},{
  "dateTime" : "12/28/15 20:16:00",
  "value" : "10"
},{
  "dateTime" : "12/28/15 20:55:00",
  "value" : "10"
},{
  "dateTime" : "12/28/15 23:14:00",
  "value" : "10"
},{
  "dateTime" : "12/29/15 07:12:00",
  "value" : "10"
},{
  "dateTime" : "12/29/15 08:31:00",
  "value" : "10"
},{
  "dateTime" : "12/29/15 08:32:00",
  "value" : "10"
},{
  "dateTime" : "12/29/15 11:36:00",
  "value" : "10"
},{
  "dateTime" : "12/29/15 14:51:00",
  "value" : "10"
},{
  "dateTime" : "12/29/15 15:51:00",
  "value" : "10"
},{
  "dateTime" : "12/29/15 15:52:00",
  "value" : "10"
},{
  "dateTime" : "12/29/15 16:40:00",
  "value" : "10"
},{
  "dateTime" : "12/29/15 22:14:00",
  "value" : "10"
},{
  "dateTime" : "12/29/15 22:15:00",
  "value" : "10"
},{
  "dateTime" : "12/30/15 09:47:00",
  "value" : "10"
},{
  "dateTime" : "12/30/15 09:48:00",
  "value" : "10"
},{
  "dateTime" : "12/30/15 10:13:00",
  "value" : "10"
},{
  "dateTime" : "12/30/15 12:38:00",
  "value" : "10"
},{
  "dateTime" : "12/30/15 12:39:00",
  "value" : "10"
},{
  "dateTime" : "12/30/15 16:10:00",
  "value" : "10"
},{
  "dateTime" : "12/30/15 17:16:00",
  "value" : "10"
},{
  "dateTime" : "12/30/15 17:17:00",
  "value" : "10"
},{
  "dateTime" : "12/30/15 17:59:00",
  "value" : "10"
},{
  "dateTime" : "12/30/15 19:10:00",
  "value" : "10"
},{
  "dateTime" : "12/30/15 20:25:00",
  "value" : "10"
},{
  "dateTime" : "12/30/15 21:46:00",
  "value" : "10"
},{
  "dateTime" : "12/30/15 22:58:00",
  "value" : "10"
},{
  "dateTime" : "12/30/15 22:59:00",
  "value" : "10"
},{
  "dateTime" : "12/31/15 10:16:00",
  "value" : "10"
},{
  "dateTime" : "12/31/15 14:24:00",
  "value" : "10"
},{
  "dateTime" : "12/31/15 14:25:00",
  "value" : "30"
},{
  "dateTime" : "12/31/15 16:37:00",
  "value" : "10"
},{
  "dateTime" : "12/31/15 17:01:00",
  "value" : "10"
},{
  "dateTime" : "12/31/15 22:06:00",
  "value" : "10"
},{
  "dateTime" : "01/01/16 00:13:00",
  "value" : "10"
},{
  "dateTime" : "01/01/16 02:56:00",
  "value" : "10"
},{
  "dateTime" : "01/01/16 14:57:00",
  "value" : "10"
},{
  "dateTime" : "01/01/16 15:32:00",
  "value" : "10"
},{
  "dateTime" : "01/01/16 15:33:00",
  "value" : "10"
},{
  "dateTime" : "01/01/16 21:06:00",
  "value" : "10"
},{
  "dateTime" : "01/02/16 13:32:00",
  "value" : "10"
},{
  "dateTime" : "01/02/16 17:04:00",
  "value" : "10"
},{
  "dateTime" : "01/02/16 17:05:00",
  "value" : "10"
},{
  "dateTime" : "01/02/16 20:36:00",
  "value" : "10"
},{
  "dateTime" : "01/02/16 21:00:00",
  "value" : "10"
},{
  "dateTime" : "01/03/16 00:40:00",
  "value" : "10"
},{
  "dateTime" : "01/03/16 10:44:00",
  "value" : "10"
},{
  "dateTime" : "01/03/16 10:45:00",
  "value" : "10"
},{
  "dateTime" : "01/03/16 11:03:00",
  "value" : "10"
},{
  "dateTime" : "01/03/16 12:04:00",
  "value" : "10"
},{
  "dateTime" : "01/03/16 12:05:00",
  "value" : "20"
},{
  "dateTime" : "01/03/16 12:06:00",
  "value" : "10"
},{
  "dateTime" : "01/03/16 13:04:00",
  "value" : "10"
},{
  "dateTime" : "01/03/16 14:52:00",
  "value" : "10"
},{
  "dateTime" : "01/03/16 17:47:00",
  "value" : "10"
},{
  "dateTime" : "01/03/16 18:15:00",
  "value" : "10"
},{
  "dateTime" : "01/03/16 19:28:00",
  "value" : "10"
},{
  "dateTime" : "01/03/16 20:16:00",
  "value" : "10"
},{
  "dateTime" : "01/03/16 20:17:00",
  "value" : "10"
},{
  "dateTime" : "01/03/16 20:43:00",
  "value" : "20"
},{
  "dateTime" : "01/03/16 21:28:00",
  "value" : "10"
},{
  "dateTime" : "01/03/16 22:33:00",
  "value" : "10"
},{
  "dateTime" : "01/04/16 08:10:00",
  "value" : "10"
},{
  "dateTime" : "01/04/16 08:11:00",
  "value" : "10"
},{
  "dateTime" : "01/04/16 08:58:00",
  "value" : "10"
},{
  "dateTime" : "01/04/16 09:14:00",
  "value" : "10"
},{
  "dateTime" : "01/04/16 09:15:00",
  "value" : "10"
},{
  "dateTime" : "01/04/16 10:17:00",
  "value" : "10"
},{
  "dateTime" : "01/04/16 10:18:00",
  "value" : "10"
},{
  "dateTime" : "01/04/16 11:32:00",
  "value" : "10"
},{
  "dateTime" : "01/04/16 11:45:00",
  "value" : "10"
},{
  "dateTime" : "01/04/16 13:04:00",
  "value" : "20"
},{
  "dateTime" : "01/04/16 13:51:00",
  "value" : "10"
},{
  "dateTime" : "01/04/16 13:52:00",
  "value" : "10"
},{
  "dateTime" : "01/04/16 16:33:00",
  "value" : "10"
},{
  "dateTime" : "01/04/16 16:54:00",
  "value" : "10"
},{
  "dateTime" : "01/04/16 16:55:00",
  "value" : "10"
},{
  "dateTime" : "01/04/16 19:25:00",
  "value" : "10"
},{
  "dateTime" : "01/04/16 19:57:00",
  "value" : "10"
},{
  "dateTime" : "01/04/16 21:44:00",
  "value" : "10"
}]