[{
  "dateTime" : "03/05/16 09:39:00",
  "value" : "10"
},{
  "dateTime" : "03/05/16 12:13:00",
  "value" : "10"
},{
  "dateTime" : "03/05/16 15:46:00",
  "value" : "10"
},{
  "dateTime" : "03/05/16 15:47:00",
  "value" : "10"
},{
  "dateTime" : "03/05/16 17:23:00",
  "value" : "10"
},{
  "dateTime" : "03/05/16 19:35:00",
  "value" : "10"
},{
  "dateTime" : "03/06/16 07:46:00",
  "value" : "10"
},{
  "dateTime" : "03/06/16 08:43:00",
  "value" : "10"
},{
  "dateTime" : "03/06/16 10:28:00",
  "value" : "10"
},{
  "dateTime" : "03/06/16 10:29:00",
  "value" : "10"
},{
  "dateTime" : "03/06/16 11:41:00",
  "value" : "10"
},{
  "dateTime" : "03/06/16 11:49:00",
  "value" : "10"
},{
  "dateTime" : "03/06/16 11:50:00",
  "value" : "10"
},{
  "dateTime" : "03/06/16 11:57:00",
  "value" : "10"
},{
  "dateTime" : "03/06/16 12:22:00",
  "value" : "10"
},{
  "dateTime" : "03/06/16 13:03:00",
  "value" : "20"
},{
  "dateTime" : "03/06/16 14:37:00",
  "value" : "10"
},{
  "dateTime" : "03/06/16 17:14:00",
  "value" : "10"
},{
  "dateTime" : "03/06/16 17:49:00",
  "value" : "10"
},{
  "dateTime" : "03/06/16 17:50:00",
  "value" : "10"
},{
  "dateTime" : "03/06/16 18:14:00",
  "value" : "10"
},{
  "dateTime" : "03/06/16 18:15:00",
  "value" : "10"
},{
  "dateTime" : "03/06/16 18:40:00",
  "value" : "10"
},{
  "dateTime" : "03/06/16 20:15:00",
  "value" : "10"
},{
  "dateTime" : "03/06/16 20:16:00",
  "value" : "10"
},{
  "dateTime" : "03/06/16 20:25:00",
  "value" : "10"
},{
  "dateTime" : "03/06/16 20:33:00",
  "value" : "10"
},{
  "dateTime" : "03/06/16 20:46:00",
  "value" : "10"
},{
  "dateTime" : "03/06/16 21:06:00",
  "value" : "10"
},{
  "dateTime" : "03/07/16 08:44:00",
  "value" : "10"
},{
  "dateTime" : "03/07/16 08:45:00",
  "value" : "10"
},{
  "dateTime" : "03/07/16 09:17:00",
  "value" : "10"
},{
  "dateTime" : "03/07/16 09:18:00",
  "value" : "10"
},{
  "dateTime" : "03/07/16 10:09:00",
  "value" : "10"
},{
  "dateTime" : "03/07/16 13:24:00",
  "value" : "10"
},{
  "dateTime" : "03/07/16 13:46:00",
  "value" : "20"
},{
  "dateTime" : "03/07/16 14:26:00",
  "value" : "10"
},{
  "dateTime" : "03/07/16 14:27:00",
  "value" : "10"
},{
  "dateTime" : "03/07/16 17:20:00",
  "value" : "20"
},{
  "dateTime" : "03/07/16 18:07:00",
  "value" : "10"
},{
  "dateTime" : "03/07/16 18:08:00",
  "value" : "10"
},{
  "dateTime" : "03/07/16 18:39:00",
  "value" : "10"
},{
  "dateTime" : "03/07/16 18:40:00",
  "value" : "10"
},{
  "dateTime" : "03/07/16 20:23:00",
  "value" : "10"
},{
  "dateTime" : "03/08/16 05:49:00",
  "value" : "10"
},{
  "dateTime" : "03/08/16 09:12:00",
  "value" : "10"
},{
  "dateTime" : "03/08/16 11:25:00",
  "value" : "10"
},{
  "dateTime" : "03/08/16 12:02:00",
  "value" : "10"
},{
  "dateTime" : "03/08/16 12:20:00",
  "value" : "10"
},{
  "dateTime" : "03/08/16 13:13:00",
  "value" : "10"
},{
  "dateTime" : "03/08/16 15:56:00",
  "value" : "10"
},{
  "dateTime" : "03/08/16 15:57:00",
  "value" : "10"
},{
  "dateTime" : "03/08/16 17:17:00",
  "value" : "10"
},{
  "dateTime" : "03/08/16 17:33:00",
  "value" : "10"
},{
  "dateTime" : "03/08/16 18:03:00",
  "value" : "10"
},{
  "dateTime" : "03/08/16 20:42:00",
  "value" : "10"
},{
  "dateTime" : "03/08/16 20:43:00",
  "value" : "10"
},{
  "dateTime" : "03/08/16 23:32:00",
  "value" : "10"
},{
  "dateTime" : "03/09/16 08:34:00",
  "value" : "10"
},{
  "dateTime" : "03/09/16 09:23:00",
  "value" : "10"
},{
  "dateTime" : "03/09/16 09:24:00",
  "value" : "10"
},{
  "dateTime" : "03/09/16 12:56:00",
  "value" : "30"
},{
  "dateTime" : "03/09/16 15:01:00",
  "value" : "10"
},{
  "dateTime" : "03/09/16 15:02:00",
  "value" : "30"
},{
  "dateTime" : "03/09/16 20:43:00",
  "value" : "10"
},{
  "dateTime" : "03/10/16 03:31:00",
  "value" : "10"
},{
  "dateTime" : "03/10/16 08:14:00",
  "value" : "10"
},{
  "dateTime" : "03/10/16 10:23:00",
  "value" : "10"
},{
  "dateTime" : "03/10/16 13:23:00",
  "value" : "10"
},{
  "dateTime" : "03/10/16 14:31:00",
  "value" : "20"
},{
  "dateTime" : "03/10/16 16:18:00",
  "value" : "30"
},{
  "dateTime" : "03/10/16 17:43:00",
  "value" : "10"
},{
  "dateTime" : "03/10/16 20:15:00",
  "value" : "20"
},{
  "dateTime" : "03/10/16 21:22:00",
  "value" : "10"
},{
  "dateTime" : "03/11/16 08:11:00",
  "value" : "10"
},{
  "dateTime" : "03/11/16 08:43:00",
  "value" : "10"
},{
  "dateTime" : "03/11/16 08:52:00",
  "value" : "10"
},{
  "dateTime" : "03/11/16 11:25:00",
  "value" : "10"
},{
  "dateTime" : "03/11/16 23:27:00",
  "value" : "10"
},{
  "dateTime" : "03/13/16 08:55:00",
  "value" : "10"
},{
  "dateTime" : "03/13/16 09:31:00",
  "value" : "10"
},{
  "dateTime" : "03/13/16 11:54:00",
  "value" : "10"
},{
  "dateTime" : "03/13/16 13:39:00",
  "value" : "10"
},{
  "dateTime" : "03/13/16 13:42:00",
  "value" : "10"
},{
  "dateTime" : "03/13/16 13:43:00",
  "value" : "10"
},{
  "dateTime" : "03/13/16 13:44:00",
  "value" : "10"
},{
  "dateTime" : "03/13/16 15:29:00",
  "value" : "10"
},{
  "dateTime" : "03/13/16 15:54:00",
  "value" : "10"
},{
  "dateTime" : "03/13/16 17:35:00",
  "value" : "10"
},{
  "dateTime" : "03/13/16 17:56:00",
  "value" : "10"
},{
  "dateTime" : "03/13/16 18:04:00",
  "value" : "10"
},{
  "dateTime" : "03/13/16 18:24:00",
  "value" : "10"
},{
  "dateTime" : "03/13/16 19:16:00",
  "value" : "10"
},{
  "dateTime" : "03/13/16 19:17:00",
  "value" : "10"
},{
  "dateTime" : "03/13/16 19:36:00",
  "value" : "10"
},{
  "dateTime" : "03/13/16 20:00:00",
  "value" : "10"
},{
  "dateTime" : "03/13/16 20:47:00",
  "value" : "20"
},{
  "dateTime" : "03/13/16 22:29:00",
  "value" : "10"
},{
  "dateTime" : "03/13/16 22:47:00",
  "value" : "10"
},{
  "dateTime" : "03/13/16 23:49:00",
  "value" : "10"
},{
  "dateTime" : "03/14/16 00:20:00",
  "value" : "10"
},{
  "dateTime" : "03/14/16 05:32:00",
  "value" : "10"
},{
  "dateTime" : "03/14/16 10:58:00",
  "value" : "10"
},{
  "dateTime" : "03/14/16 14:11:00",
  "value" : "10"
},{
  "dateTime" : "03/14/16 17:59:00",
  "value" : "10"
},{
  "dateTime" : "03/14/16 21:02:00",
  "value" : "10"
},{
  "dateTime" : "03/15/16 12:11:00",
  "value" : "10"
},{
  "dateTime" : "03/15/16 12:26:00",
  "value" : "10"
},{
  "dateTime" : "03/15/16 12:32:00",
  "value" : "10"
},{
  "dateTime" : "03/15/16 12:43:00",
  "value" : "10"
},{
  "dateTime" : "03/15/16 15:59:00",
  "value" : "10"
},{
  "dateTime" : "03/15/16 16:37:00",
  "value" : "10"
},{
  "dateTime" : "03/15/16 17:26:00",
  "value" : "10"
},{
  "dateTime" : "03/15/16 20:06:00",
  "value" : "10"
},{
  "dateTime" : "03/15/16 20:07:00",
  "value" : "10"
},{
  "dateTime" : "03/15/16 20:08:00",
  "value" : "10"
},{
  "dateTime" : "03/15/16 21:40:00",
  "value" : "10"
},{
  "dateTime" : "03/16/16 00:21:00",
  "value" : "10"
},{
  "dateTime" : "03/16/16 12:32:00",
  "value" : "10"
},{
  "dateTime" : "03/16/16 16:39:00",
  "value" : "10"
},{
  "dateTime" : "03/16/16 18:06:00",
  "value" : "10"
},{
  "dateTime" : "03/16/16 19:10:00",
  "value" : "10"
},{
  "dateTime" : "03/17/16 11:16:00",
  "value" : "40"
},{
  "dateTime" : "03/17/16 11:17:00",
  "value" : "20"
},{
  "dateTime" : "03/17/16 11:18:00",
  "value" : "10"
},{
  "dateTime" : "03/17/16 11:19:00",
  "value" : "40"
},{
  "dateTime" : "03/17/16 11:49:00",
  "value" : "10"
},{
  "dateTime" : "03/17/16 11:50:00",
  "value" : "20"
},{
  "dateTime" : "03/17/16 12:08:00",
  "value" : "10"
},{
  "dateTime" : "03/17/16 14:47:00",
  "value" : "10"
},{
  "dateTime" : "03/17/16 14:48:00",
  "value" : "10"
},{
  "dateTime" : "03/17/16 15:29:00",
  "value" : "10"
},{
  "dateTime" : "03/18/16 00:10:00",
  "value" : "10"
},{
  "dateTime" : "03/18/16 08:15:00",
  "value" : "10"
},{
  "dateTime" : "03/18/16 09:54:00",
  "value" : "10"
},{
  "dateTime" : "03/18/16 13:11:00",
  "value" : "10"
},{
  "dateTime" : "03/18/16 13:27:00",
  "value" : "10"
},{
  "dateTime" : "03/18/16 16:09:00",
  "value" : "10"
},{
  "dateTime" : "03/18/16 16:27:00",
  "value" : "10"
},{
  "dateTime" : "03/18/16 17:10:00",
  "value" : "10"
},{
  "dateTime" : "03/18/16 17:32:00",
  "value" : "10"
},{
  "dateTime" : "03/18/16 17:56:00",
  "value" : "10"
},{
  "dateTime" : "03/19/16 00:13:00",
  "value" : "20"
},{
  "dateTime" : "03/19/16 00:14:00",
  "value" : "10"
},{
  "dateTime" : "03/19/16 13:13:00",
  "value" : "10"
},{
  "dateTime" : "03/19/16 13:21:00",
  "value" : "10"
},{
  "dateTime" : "03/19/16 15:33:00",
  "value" : "10"
},{
  "dateTime" : "03/19/16 16:41:00",
  "value" : "10"
},{
  "dateTime" : "03/19/16 17:34:00",
  "value" : "10"
},{
  "dateTime" : "03/20/16 01:39:00",
  "value" : "10"
},{
  "dateTime" : "03/20/16 09:36:00",
  "value" : "10"
},{
  "dateTime" : "03/20/16 09:37:00",
  "value" : "10"
},{
  "dateTime" : "03/20/16 10:07:00",
  "value" : "10"
},{
  "dateTime" : "03/20/16 10:33:00",
  "value" : "10"
},{
  "dateTime" : "03/20/16 12:03:00",
  "value" : "10"
},{
  "dateTime" : "03/20/16 12:49:00",
  "value" : "10"
},{
  "dateTime" : "03/20/16 14:40:00",
  "value" : "10"
},{
  "dateTime" : "03/20/16 15:57:00",
  "value" : "20"
},{
  "dateTime" : "03/20/16 15:58:00",
  "value" : "10"
},{
  "dateTime" : "03/20/16 18:00:00",
  "value" : "10"
},{
  "dateTime" : "03/20/16 18:01:00",
  "value" : "10"
},{
  "dateTime" : "03/20/16 18:22:00",
  "value" : "10"
},{
  "dateTime" : "03/20/16 18:26:00",
  "value" : "10"
},{
  "dateTime" : "03/20/16 18:27:00",
  "value" : "10"
},{
  "dateTime" : "03/20/16 18:28:00",
  "value" : "10"
},{
  "dateTime" : "03/20/16 18:39:00",
  "value" : "10"
},{
  "dateTime" : "03/20/16 20:12:00",
  "value" : "10"
},{
  "dateTime" : "03/20/16 20:18:00",
  "value" : "20"
},{
  "dateTime" : "03/20/16 22:01:00",
  "value" : "20"
},{
  "dateTime" : "03/20/16 23:10:00",
  "value" : "10"
},{
  "dateTime" : "03/21/16 07:26:00",
  "value" : "10"
},{
  "dateTime" : "03/21/16 08:14:00",
  "value" : "10"
},{
  "dateTime" : "03/21/16 09:02:00",
  "value" : "10"
},{
  "dateTime" : "03/21/16 09:57:00",
  "value" : "10"
},{
  "dateTime" : "03/21/16 10:00:00",
  "value" : "10"
},{
  "dateTime" : "03/21/16 10:57:00",
  "value" : "10"
},{
  "dateTime" : "03/21/16 10:58:00",
  "value" : "10"
},{
  "dateTime" : "03/21/16 11:26:00",
  "value" : "10"
},{
  "dateTime" : "03/21/16 11:27:00",
  "value" : "20"
},{
  "dateTime" : "03/21/16 14:15:00",
  "value" : "20"
},{
  "dateTime" : "03/21/16 17:26:00",
  "value" : "10"
},{
  "dateTime" : "03/21/16 17:27:00",
  "value" : "10"
},{
  "dateTime" : "03/21/16 17:28:00",
  "value" : "10"
},{
  "dateTime" : "03/21/16 19:23:00",
  "value" : "10"
},{
  "dateTime" : "03/21/16 21:41:00",
  "value" : "10"
},{
  "dateTime" : "03/21/16 22:32:00",
  "value" : "10"
},{
  "dateTime" : "03/21/16 23:22:00",
  "value" : "10"
},{
  "dateTime" : "03/22/16 01:28:00",
  "value" : "10"
},{
  "dateTime" : "03/22/16 07:45:00",
  "value" : "10"
},{
  "dateTime" : "03/22/16 09:44:00",
  "value" : "10"
},{
  "dateTime" : "03/22/16 11:35:00",
  "value" : "10"
},{
  "dateTime" : "03/22/16 12:19:00",
  "value" : "10"
},{
  "dateTime" : "03/22/16 13:18:00",
  "value" : "10"
},{
  "dateTime" : "03/22/16 17:40:00",
  "value" : "10"
},{
  "dateTime" : "03/22/16 20:49:00",
  "value" : "10"
},{
  "dateTime" : "03/22/16 22:31:00",
  "value" : "10"
},{
  "dateTime" : "03/23/16 08:13:00",
  "value" : "10"
},{
  "dateTime" : "03/23/16 08:40:00",
  "value" : "10"
},{
  "dateTime" : "03/23/16 10:45:00",
  "value" : "10"
},{
  "dateTime" : "03/23/16 11:04:00",
  "value" : "20"
},{
  "dateTime" : "03/23/16 11:05:00",
  "value" : "10"
},{
  "dateTime" : "03/23/16 12:11:00",
  "value" : "20"
},{
  "dateTime" : "03/23/16 14:35:00",
  "value" : "10"
},{
  "dateTime" : "03/23/16 15:03:00",
  "value" : "10"
},{
  "dateTime" : "03/23/16 15:04:00",
  "value" : "10"
},{
  "dateTime" : "03/23/16 15:05:00",
  "value" : "20"
},{
  "dateTime" : "03/23/16 20:45:00",
  "value" : "10"
},{
  "dateTime" : "03/23/16 21:11:00",
  "value" : "10"
},{
  "dateTime" : "03/23/16 21:12:00",
  "value" : "10"
},{
  "dateTime" : "03/23/16 23:01:00",
  "value" : "10"
},{
  "dateTime" : "03/24/16 05:45:00",
  "value" : "10"
},{
  "dateTime" : "03/24/16 09:08:00",
  "value" : "10"
},{
  "dateTime" : "03/30/16 00:28:00",
  "value" : "10"
},{
  "dateTime" : "04/03/16 22:05:00",
  "value" : "10"
}]