[{
  "dateTime" : "04/10/15 00:40:00",
  "value" : "10"
},{
  "dateTime" : "04/10/15 02:15:00",
  "value" : "10"
},{
  "dateTime" : "04/10/15 02:16:00",
  "value" : "10"
},{
  "dateTime" : "04/10/15 03:28:00",
  "value" : "10"
},{
  "dateTime" : "04/10/15 08:34:00",
  "value" : "10"
},{
  "dateTime" : "04/10/15 08:57:00",
  "value" : "10"
},{
  "dateTime" : "04/10/15 11:43:00",
  "value" : "10"
},{
  "dateTime" : "04/10/15 15:39:00",
  "value" : "10"
},{
  "dateTime" : "04/10/15 16:13:00",
  "value" : "10"
},{
  "dateTime" : "04/10/15 17:40:00",
  "value" : "10"
},{
  "dateTime" : "04/10/15 18:14:00",
  "value" : "10"
},{
  "dateTime" : "04/10/15 19:24:00",
  "value" : "10"
},{
  "dateTime" : "04/10/15 19:25:00",
  "value" : "20"
},{
  "dateTime" : "04/10/15 21:04:00",
  "value" : "10"
},{
  "dateTime" : "04/10/15 21:05:00",
  "value" : "10"
},{
  "dateTime" : "04/10/15 21:06:00",
  "value" : "10"
},{
  "dateTime" : "04/10/15 22:10:00",
  "value" : "10"
},{
  "dateTime" : "04/11/15 11:07:00",
  "value" : "10"
},{
  "dateTime" : "04/11/15 18:22:00",
  "value" : "10"
},{
  "dateTime" : "04/11/15 20:39:00",
  "value" : "10"
},{
  "dateTime" : "04/11/15 23:49:00",
  "value" : "10"
},{
  "dateTime" : "04/12/15 09:38:00",
  "value" : "10"
},{
  "dateTime" : "04/12/15 09:52:00",
  "value" : "10"
},{
  "dateTime" : "04/12/15 10:20:00",
  "value" : "10"
},{
  "dateTime" : "04/12/15 10:49:00",
  "value" : "10"
},{
  "dateTime" : "04/12/15 10:50:00",
  "value" : "20"
},{
  "dateTime" : "04/12/15 11:38:00",
  "value" : "10"
},{
  "dateTime" : "04/12/15 12:11:00",
  "value" : "10"
},{
  "dateTime" : "04/12/15 12:29:00",
  "value" : "10"
},{
  "dateTime" : "04/12/15 12:34:00",
  "value" : "10"
},{
  "dateTime" : "04/12/15 12:35:00",
  "value" : "10"
},{
  "dateTime" : "04/12/15 12:36:00",
  "value" : "10"
},{
  "dateTime" : "04/12/15 12:37:00",
  "value" : "10"
},{
  "dateTime" : "04/12/15 12:38:00",
  "value" : "10"
},{
  "dateTime" : "04/12/15 12:55:00",
  "value" : "10"
},{
  "dateTime" : "04/12/15 13:10:00",
  "value" : "10"
},{
  "dateTime" : "04/12/15 15:57:00",
  "value" : "10"
},{
  "dateTime" : "04/12/15 20:43:00",
  "value" : "10"
},{
  "dateTime" : "04/12/15 23:59:00",
  "value" : "10"
},{
  "dateTime" : "04/13/15 00:02:00",
  "value" : "10"
},{
  "dateTime" : "04/13/15 00:15:00",
  "value" : "10"
},{
  "dateTime" : "04/13/15 08:42:00",
  "value" : "10"
},{
  "dateTime" : "04/13/15 08:51:00",
  "value" : "10"
},{
  "dateTime" : "04/13/15 08:52:00",
  "value" : "10"
},{
  "dateTime" : "04/13/15 10:21:00",
  "value" : "10"
},{
  "dateTime" : "04/13/15 10:22:00",
  "value" : "10"
},{
  "dateTime" : "04/13/15 12:59:00",
  "value" : "10"
},{
  "dateTime" : "04/13/15 20:17:00",
  "value" : "10"
},{
  "dateTime" : "04/14/15 05:42:00",
  "value" : "10"
},{
  "dateTime" : "04/14/15 09:24:00",
  "value" : "10"
},{
  "dateTime" : "04/14/15 10:47:00",
  "value" : "10"
},{
  "dateTime" : "04/14/15 12:07:00",
  "value" : "10"
},{
  "dateTime" : "04/14/15 12:45:00",
  "value" : "10"
},{
  "dateTime" : "04/14/15 12:46:00",
  "value" : "10"
},{
  "dateTime" : "04/14/15 13:10:00",
  "value" : "10"
},{
  "dateTime" : "04/14/15 13:50:00",
  "value" : "10"
},{
  "dateTime" : "04/14/15 14:51:00",
  "value" : "10"
},{
  "dateTime" : "04/14/15 16:56:00",
  "value" : "10"
},{
  "dateTime" : "04/14/15 16:57:00",
  "value" : "20"
},{
  "dateTime" : "04/14/15 16:58:00",
  "value" : "10"
},{
  "dateTime" : "04/14/15 17:30:00",
  "value" : "10"
},{
  "dateTime" : "04/14/15 18:08:00",
  "value" : "10"
},{
  "dateTime" : "04/14/15 18:26:00",
  "value" : "10"
},{
  "dateTime" : "04/14/15 21:09:00",
  "value" : "10"
},{
  "dateTime" : "04/14/15 21:10:00",
  "value" : "10"
},{
  "dateTime" : "04/14/15 23:59:00",
  "value" : "10"
},{
  "dateTime" : "04/15/15 08:20:00",
  "value" : "10"
},{
  "dateTime" : "04/15/15 11:00:00",
  "value" : "10"
},{
  "dateTime" : "04/15/15 12:28:00",
  "value" : "10"
},{
  "dateTime" : "04/15/15 12:29:00",
  "value" : "10"
},{
  "dateTime" : "04/15/15 12:30:00",
  "value" : "10"
},{
  "dateTime" : "04/15/15 12:38:00",
  "value" : "10"
},{
  "dateTime" : "04/15/15 13:07:00",
  "value" : "10"
},{
  "dateTime" : "04/15/15 13:28:00",
  "value" : "10"
},{
  "dateTime" : "04/15/15 13:56:00",
  "value" : "10"
},{
  "dateTime" : "04/15/15 17:28:00",
  "value" : "10"
},{
  "dateTime" : "04/15/15 20:35:00",
  "value" : "10"
},{
  "dateTime" : "04/15/15 21:09:00",
  "value" : "10"
},{
  "dateTime" : "04/15/15 21:10:00",
  "value" : "10"
},{
  "dateTime" : "04/16/15 05:58:00",
  "value" : "10"
},{
  "dateTime" : "04/16/15 08:33:00",
  "value" : "10"
},{
  "dateTime" : "04/16/15 10:03:00",
  "value" : "10"
},{
  "dateTime" : "04/16/15 10:32:00",
  "value" : "10"
},{
  "dateTime" : "04/16/15 10:33:00",
  "value" : "10"
},{
  "dateTime" : "04/16/15 12:22:00",
  "value" : "10"
},{
  "dateTime" : "04/16/15 15:08:00",
  "value" : "10"
},{
  "dateTime" : "04/16/15 16:22:00",
  "value" : "10"
},{
  "dateTime" : "04/16/15 16:23:00",
  "value" : "10"
},{
  "dateTime" : "04/16/15 16:51:00",
  "value" : "10"
},{
  "dateTime" : "04/16/15 17:31:00",
  "value" : "10"
},{
  "dateTime" : "04/16/15 18:30:00",
  "value" : "10"
},{
  "dateTime" : "04/16/15 21:26:00",
  "value" : "10"
},{
  "dateTime" : "04/16/15 21:39:00",
  "value" : "10"
},{
  "dateTime" : "04/16/15 21:41:00",
  "value" : "10"
},{
  "dateTime" : "04/16/15 21:51:00",
  "value" : "10"
},{
  "dateTime" : "04/16/15 21:52:00",
  "value" : "10"
},{
  "dateTime" : "04/16/15 22:49:00",
  "value" : "10"
},{
  "dateTime" : "04/16/15 22:54:00",
  "value" : "10"
},{
  "dateTime" : "04/17/15 08:45:00",
  "value" : "10"
},{
  "dateTime" : "04/17/15 09:29:00",
  "value" : "10"
},{
  "dateTime" : "04/17/15 14:51:00",
  "value" : "10"
},{
  "dateTime" : "04/17/15 15:50:00",
  "value" : "10"
},{
  "dateTime" : "04/17/15 16:01:00",
  "value" : "10"
},{
  "dateTime" : "04/17/15 16:56:00",
  "value" : "10"
},{
  "dateTime" : "04/17/15 16:57:00",
  "value" : "10"
},{
  "dateTime" : "04/17/15 17:25:00",
  "value" : "10"
},{
  "dateTime" : "04/17/15 17:40:00",
  "value" : "10"
},{
  "dateTime" : "04/17/15 17:41:00",
  "value" : "10"
},{
  "dateTime" : "04/17/15 17:42:00",
  "value" : "10"
},{
  "dateTime" : "04/18/15 01:51:00",
  "value" : "10"
},{
  "dateTime" : "04/18/15 01:52:00",
  "value" : "10"
},{
  "dateTime" : "04/18/15 09:41:00",
  "value" : "10"
},{
  "dateTime" : "04/18/15 11:34:00",
  "value" : "20"
},{
  "dateTime" : "04/18/15 11:51:00",
  "value" : "10"
},{
  "dateTime" : "04/18/15 11:55:00",
  "value" : "10"
},{
  "dateTime" : "04/18/15 12:57:00",
  "value" : "10"
},{
  "dateTime" : "04/18/15 15:47:00",
  "value" : "10"
},{
  "dateTime" : "04/18/15 21:29:00",
  "value" : "10"
},{
  "dateTime" : "04/19/15 00:11:00",
  "value" : "10"
},{
  "dateTime" : "04/19/15 08:17:00",
  "value" : "10"
},{
  "dateTime" : "04/19/15 09:14:00",
  "value" : "10"
},{
  "dateTime" : "04/19/15 11:04:00",
  "value" : "10"
},{
  "dateTime" : "04/19/15 11:28:00",
  "value" : "10"
},{
  "dateTime" : "04/19/15 13:24:00",
  "value" : "10"
},{
  "dateTime" : "04/19/15 13:49:00",
  "value" : "10"
},{
  "dateTime" : "04/19/15 13:57:00",
  "value" : "10"
},{
  "dateTime" : "04/19/15 15:35:00",
  "value" : "10"
},{
  "dateTime" : "04/19/15 15:43:00",
  "value" : "10"
},{
  "dateTime" : "04/19/15 16:33:00",
  "value" : "20"
},{
  "dateTime" : "04/19/15 18:55:00",
  "value" : "10"
},{
  "dateTime" : "04/19/15 22:33:00",
  "value" : "10"
},{
  "dateTime" : "04/20/15 08:00:00",
  "value" : "10"
},{
  "dateTime" : "04/20/15 08:39:00",
  "value" : "10"
},{
  "dateTime" : "04/20/15 08:45:00",
  "value" : "10"
},{
  "dateTime" : "04/20/15 09:12:00",
  "value" : "10"
},{
  "dateTime" : "04/20/15 10:42:00",
  "value" : "10"
},{
  "dateTime" : "04/20/15 10:43:00",
  "value" : "10"
},{
  "dateTime" : "04/20/15 16:50:00",
  "value" : "10"
},{
  "dateTime" : "04/20/15 16:58:00",
  "value" : "10"
},{
  "dateTime" : "04/20/15 17:14:00",
  "value" : "10"
},{
  "dateTime" : "04/20/15 17:28:00",
  "value" : "10"
},{
  "dateTime" : "04/20/15 17:31:00",
  "value" : "10"
},{
  "dateTime" : "04/20/15 17:34:00",
  "value" : "10"
},{
  "dateTime" : "04/20/15 17:35:00",
  "value" : "10"
},{
  "dateTime" : "04/20/15 18:30:00",
  "value" : "10"
},{
  "dateTime" : "04/20/15 19:08:00",
  "value" : "20"
},{
  "dateTime" : "04/20/15 19:16:00",
  "value" : "10"
},{
  "dateTime" : "04/20/15 19:53:00",
  "value" : "10"
},{
  "dateTime" : "04/20/15 19:54:00",
  "value" : "10"
},{
  "dateTime" : "04/20/15 19:55:00",
  "value" : "10"
},{
  "dateTime" : "04/20/15 20:30:00",
  "value" : "20"
},{
  "dateTime" : "04/20/15 20:31:00",
  "value" : "10"
},{
  "dateTime" : "04/21/15 00:50:00",
  "value" : "10"
},{
  "dateTime" : "04/21/15 08:17:00",
  "value" : "10"
},{
  "dateTime" : "04/21/15 08:39:00",
  "value" : "10"
},{
  "dateTime" : "04/21/15 08:40:00",
  "value" : "10"
},{
  "dateTime" : "04/21/15 13:04:00",
  "value" : "10"
},{
  "dateTime" : "04/21/15 13:12:00",
  "value" : "10"
},{
  "dateTime" : "04/21/15 13:13:00",
  "value" : "10"
},{
  "dateTime" : "04/21/15 13:14:00",
  "value" : "10"
},{
  "dateTime" : "04/21/15 13:15:00",
  "value" : "10"
},{
  "dateTime" : "04/21/15 13:16:00",
  "value" : "10"
},{
  "dateTime" : "04/21/15 13:17:00",
  "value" : "10"
},{
  "dateTime" : "04/21/15 13:18:00",
  "value" : "10"
},{
  "dateTime" : "04/21/15 13:19:00",
  "value" : "10"
},{
  "dateTime" : "04/21/15 13:20:00",
  "value" : "10"
},{
  "dateTime" : "04/21/15 13:21:00",
  "value" : "10"
},{
  "dateTime" : "04/21/15 13:22:00",
  "value" : "10"
},{
  "dateTime" : "04/21/15 13:23:00",
  "value" : "10"
},{
  "dateTime" : "04/21/15 13:24:00",
  "value" : "10"
},{
  "dateTime" : "04/21/15 13:25:00",
  "value" : "20"
},{
  "dateTime" : "04/21/15 13:26:00",
  "value" : "20"
},{
  "dateTime" : "04/21/15 13:27:00",
  "value" : "10"
},{
  "dateTime" : "04/21/15 13:28:00",
  "value" : "10"
},{
  "dateTime" : "04/21/15 13:29:00",
  "value" : "10"
},{
  "dateTime" : "04/21/15 14:01:00",
  "value" : "10"
},{
  "dateTime" : "04/21/15 14:36:00",
  "value" : "10"
},{
  "dateTime" : "04/21/15 14:46:00",
  "value" : "20"
},{
  "dateTime" : "04/21/15 15:10:00",
  "value" : "10"
},{
  "dateTime" : "04/21/15 15:31:00",
  "value" : "10"
},{
  "dateTime" : "04/21/15 15:47:00",
  "value" : "20"
},{
  "dateTime" : "04/21/15 15:48:00",
  "value" : "10"
},{
  "dateTime" : "04/21/15 15:49:00",
  "value" : "10"
},{
  "dateTime" : "04/21/15 15:50:00",
  "value" : "10"
},{
  "dateTime" : "04/21/15 15:55:00",
  "value" : "10"
},{
  "dateTime" : "04/21/15 16:09:00",
  "value" : "10"
},{
  "dateTime" : "04/21/15 16:10:00",
  "value" : "10"
},{
  "dateTime" : "04/21/15 17:07:00",
  "value" : "10"
},{
  "dateTime" : "04/21/15 17:08:00",
  "value" : "10"
},{
  "dateTime" : "04/21/15 17:24:00",
  "value" : "10"
},{
  "dateTime" : "04/21/15 17:25:00",
  "value" : "10"
},{
  "dateTime" : "04/21/15 20:37:00",
  "value" : "20"
},{
  "dateTime" : "04/22/15 00:10:00",
  "value" : "10"
},{
  "dateTime" : "04/22/15 02:01:00",
  "value" : "10"
},{
  "dateTime" : "04/22/15 06:28:00",
  "value" : "10"
},{
  "dateTime" : "04/22/15 08:25:00",
  "value" : "10"
},{
  "dateTime" : "04/22/15 08:50:00",
  "value" : "10"
},{
  "dateTime" : "04/22/15 09:18:00",
  "value" : "10"
},{
  "dateTime" : "04/22/15 09:41:00",
  "value" : "10"
},{
  "dateTime" : "04/22/15 09:42:00",
  "value" : "10"
},{
  "dateTime" : "04/22/15 09:43:00",
  "value" : "10"
},{
  "dateTime" : "04/22/15 09:44:00",
  "value" : "10"
},{
  "dateTime" : "04/22/15 10:58:00",
  "value" : "10"
},{
  "dateTime" : "04/22/15 10:59:00",
  "value" : "10"
},{
  "dateTime" : "04/22/15 11:00:00",
  "value" : "10"
},{
  "dateTime" : "04/22/15 11:01:00",
  "value" : "10"
},{
  "dateTime" : "04/22/15 11:06:00",
  "value" : "10"
},{
  "dateTime" : "04/22/15 11:37:00",
  "value" : "10"
},{
  "dateTime" : "04/22/15 12:14:00",
  "value" : "10"
},{
  "dateTime" : "04/22/15 15:53:00",
  "value" : "10"
},{
  "dateTime" : "04/22/15 16:09:00",
  "value" : "10"
},{
  "dateTime" : "04/22/15 18:24:00",
  "value" : "10"
},{
  "dateTime" : "04/22/15 20:16:00",
  "value" : "10"
},{
  "dateTime" : "04/23/15 08:40:00",
  "value" : "10"
},{
  "dateTime" : "04/23/15 12:11:00",
  "value" : "10"
},{
  "dateTime" : "04/23/15 12:27:00",
  "value" : "10"
},{
  "dateTime" : "04/23/15 13:57:00",
  "value" : "10"
},{
  "dateTime" : "04/23/15 14:35:00",
  "value" : "10"
},{
  "dateTime" : "04/23/15 14:36:00",
  "value" : "10"
},{
  "dateTime" : "04/23/15 14:56:00",
  "value" : "10"
},{
  "dateTime" : "04/23/15 15:19:00",
  "value" : "10"
},{
  "dateTime" : "04/23/15 17:46:00",
  "value" : "10"
},{
  "dateTime" : "04/23/15 18:20:00",
  "value" : "20"
},{
  "dateTime" : "04/23/15 18:46:00",
  "value" : "10"
},{
  "dateTime" : "04/23/15 18:47:00",
  "value" : "10"
},{
  "dateTime" : "04/23/15 19:00:00",
  "value" : "10"
},{
  "dateTime" : "04/23/15 21:07:00",
  "value" : "10"
},{
  "dateTime" : "04/23/15 21:10:00",
  "value" : "10"
},{
  "dateTime" : "04/23/15 21:11:00",
  "value" : "10"
},{
  "dateTime" : "04/23/15 22:33:00",
  "value" : "10"
},{
  "dateTime" : "04/24/15 04:56:00",
  "value" : "10"
},{
  "dateTime" : "04/24/15 08:52:00",
  "value" : "10"
},{
  "dateTime" : "04/24/15 13:22:00",
  "value" : "10"
},{
  "dateTime" : "04/24/15 15:48:00",
  "value" : "10"
},{
  "dateTime" : "04/24/15 16:07:00",
  "value" : "10"
},{
  "dateTime" : "04/24/15 16:08:00",
  "value" : "10"
},{
  "dateTime" : "04/24/15 16:56:00",
  "value" : "10"
},{
  "dateTime" : "04/24/15 17:30:00",
  "value" : "10"
},{
  "dateTime" : "04/24/15 21:28:00",
  "value" : "10"
},{
  "dateTime" : "04/25/15 10:51:00",
  "value" : "10"
},{
  "dateTime" : "04/25/15 11:27:00",
  "value" : "10"
},{
  "dateTime" : "04/25/15 11:39:00",
  "value" : "10"
},{
  "dateTime" : "04/25/15 12:19:00",
  "value" : "20"
},{
  "dateTime" : "04/25/15 12:20:00",
  "value" : "10"
},{
  "dateTime" : "04/25/15 12:42:00",
  "value" : "10"
},{
  "dateTime" : "04/25/15 12:43:00",
  "value" : "10"
},{
  "dateTime" : "04/25/15 12:44:00",
  "value" : "10"
},{
  "dateTime" : "04/25/15 12:58:00",
  "value" : "10"
},{
  "dateTime" : "04/25/15 14:14:00",
  "value" : "10"
},{
  "dateTime" : "04/25/15 17:03:00",
  "value" : "10"
},{
  "dateTime" : "04/25/15 17:11:00",
  "value" : "10"
},{
  "dateTime" : "04/25/15 17:12:00",
  "value" : "10"
},{
  "dateTime" : "04/25/15 17:43:00",
  "value" : "10"
},{
  "dateTime" : "04/25/15 17:44:00",
  "value" : "10"
},{
  "dateTime" : "04/25/15 17:59:00",
  "value" : "10"
},{
  "dateTime" : "04/25/15 18:00:00",
  "value" : "10"
},{
  "dateTime" : "04/25/15 19:39:00",
  "value" : "10"
},{
  "dateTime" : "04/25/15 19:40:00",
  "value" : "20"
},{
  "dateTime" : "04/25/15 20:10:00",
  "value" : "10"
},{
  "dateTime" : "04/25/15 21:06:00",
  "value" : "10"
},{
  "dateTime" : "04/25/15 21:07:00",
  "value" : "10"
},{
  "dateTime" : "04/25/15 21:28:00",
  "value" : "10"
},{
  "dateTime" : "04/25/15 21:29:00",
  "value" : "20"
},{
  "dateTime" : "04/25/15 22:10:00",
  "value" : "10"
},{
  "dateTime" : "04/25/15 22:11:00",
  "value" : "10"
},{
  "dateTime" : "04/26/15 08:35:00",
  "value" : "10"
},{
  "dateTime" : "04/26/15 08:57:00",
  "value" : "10"
},{
  "dateTime" : "04/26/15 09:13:00",
  "value" : "10"
},{
  "dateTime" : "04/26/15 09:14:00",
  "value" : "20"
},{
  "dateTime" : "04/26/15 09:15:00",
  "value" : "10"
},{
  "dateTime" : "04/26/15 09:42:00",
  "value" : "10"
},{
  "dateTime" : "04/26/15 13:08:00",
  "value" : "10"
},{
  "dateTime" : "04/26/15 13:09:00",
  "value" : "10"
},{
  "dateTime" : "04/26/15 13:10:00",
  "value" : "10"
},{
  "dateTime" : "04/26/15 14:21:00",
  "value" : "10"
},{
  "dateTime" : "04/27/15 07:59:00",
  "value" : "10"
},{
  "dateTime" : "04/27/15 08:50:00",
  "value" : "10"
},{
  "dateTime" : "04/27/15 09:28:00",
  "value" : "10"
},{
  "dateTime" : "04/27/15 09:29:00",
  "value" : "10"
},{
  "dateTime" : "04/27/15 09:39:00",
  "value" : "10"
},{
  "dateTime" : "04/27/15 09:40:00",
  "value" : "20"
},{
  "dateTime" : "04/27/15 09:51:00",
  "value" : "10"
},{
  "dateTime" : "04/27/15 10:08:00",
  "value" : "10"
},{
  "dateTime" : "04/27/15 10:40:00",
  "value" : "10"
},{
  "dateTime" : "04/27/15 11:58:00",
  "value" : "10"
},{
  "dateTime" : "04/27/15 11:59:00",
  "value" : "10"
},{
  "dateTime" : "04/27/15 13:41:00",
  "value" : "10"
},{
  "dateTime" : "04/27/15 13:42:00",
  "value" : "10"
},{
  "dateTime" : "04/27/15 13:59:00",
  "value" : "10"
},{
  "dateTime" : "04/27/15 14:37:00",
  "value" : "10"
},{
  "dateTime" : "04/27/15 15:28:00",
  "value" : "10"
},{
  "dateTime" : "04/27/15 15:39:00",
  "value" : "10"
},{
  "dateTime" : "04/27/15 16:19:00",
  "value" : "10"
},{
  "dateTime" : "04/27/15 17:20:00",
  "value" : "10"
},{
  "dateTime" : "04/27/15 18:56:00",
  "value" : "10"
},{
  "dateTime" : "04/27/15 19:57:00",
  "value" : "10"
},{
  "dateTime" : "04/27/15 19:58:00",
  "value" : "10"
},{
  "dateTime" : "04/27/15 20:40:00",
  "value" : "10"
},{
  "dateTime" : "04/27/15 22:32:00",
  "value" : "10"
},{
  "dateTime" : "04/27/15 23:20:00",
  "value" : "10"
},{
  "dateTime" : "04/28/15 01:37:00",
  "value" : "10"
},{
  "dateTime" : "04/28/15 08:51:00",
  "value" : "10"
},{
  "dateTime" : "04/28/15 08:52:00",
  "value" : "10"
},{
  "dateTime" : "04/28/15 10:31:00",
  "value" : "10"
},{
  "dateTime" : "04/28/15 17:09:00",
  "value" : "10"
},{
  "dateTime" : "04/28/15 17:39:00",
  "value" : "10"
},{
  "dateTime" : "04/28/15 18:54:00",
  "value" : "10"
},{
  "dateTime" : "04/28/15 20:27:00",
  "value" : "10"
},{
  "dateTime" : "04/28/15 21:17:00",
  "value" : "10"
},{
  "dateTime" : "04/28/15 21:18:00",
  "value" : "10"
},{
  "dateTime" : "04/28/15 21:33:00",
  "value" : "10"
},{
  "dateTime" : "04/28/15 21:34:00",
  "value" : "10"
},{
  "dateTime" : "04/28/15 21:40:00",
  "value" : "10"
},{
  "dateTime" : "04/28/15 21:41:00",
  "value" : "10"
},{
  "dateTime" : "04/28/15 22:03:00",
  "value" : "10"
},{
  "dateTime" : "04/28/15 22:38:00",
  "value" : "10"
},{
  "dateTime" : "04/29/15 00:22:00",
  "value" : "10"
},{
  "dateTime" : "04/29/15 08:16:00",
  "value" : "10"
},{
  "dateTime" : "04/29/15 09:08:00",
  "value" : "10"
},{
  "dateTime" : "04/29/15 09:48:00",
  "value" : "10"
},{
  "dateTime" : "04/29/15 09:49:00",
  "value" : "10"
},{
  "dateTime" : "04/29/15 09:50:00",
  "value" : "10"
},{
  "dateTime" : "04/29/15 11:11:00",
  "value" : "10"
},{
  "dateTime" : "04/29/15 12:00:00",
  "value" : "10"
},{
  "dateTime" : "04/29/15 12:01:00",
  "value" : "10"
},{
  "dateTime" : "04/29/15 12:02:00",
  "value" : "10"
},{
  "dateTime" : "04/29/15 15:14:00",
  "value" : "10"
},{
  "dateTime" : "04/29/15 15:15:00",
  "value" : "10"
},{
  "dateTime" : "04/29/15 15:38:00",
  "value" : "10"
},{
  "dateTime" : "04/29/15 16:20:00",
  "value" : "10"
},{
  "dateTime" : "04/29/15 16:28:00",
  "value" : "10"
},{
  "dateTime" : "04/29/15 16:47:00",
  "value" : "10"
},{
  "dateTime" : "04/29/15 17:45:00",
  "value" : "10"
},{
  "dateTime" : "04/29/15 18:18:00",
  "value" : "10"
},{
  "dateTime" : "04/29/15 19:41:00",
  "value" : "10"
},{
  "dateTime" : "04/29/15 20:30:00",
  "value" : "10"
},{
  "dateTime" : "04/30/15 02:13:00",
  "value" : "10"
},{
  "dateTime" : "04/30/15 08:15:00",
  "value" : "10"
},{
  "dateTime" : "04/30/15 08:54:00",
  "value" : "10"
},{
  "dateTime" : "04/30/15 16:36:00",
  "value" : "10"
},{
  "dateTime" : "04/30/15 17:19:00",
  "value" : "10"
},{
  "dateTime" : "04/30/15 17:20:00",
  "value" : "10"
},{
  "dateTime" : "04/30/15 17:51:00",
  "value" : "10"
},{
  "dateTime" : "04/30/15 19:49:00",
  "value" : "10"
},{
  "dateTime" : "04/30/15 20:14:00",
  "value" : "10"
},{
  "dateTime" : "04/30/15 21:50:00",
  "value" : "10"
},{
  "dateTime" : "05/01/15 08:27:00",
  "value" : "10"
},{
  "dateTime" : "05/01/15 08:37:00",
  "value" : "20"
},{
  "dateTime" : "05/01/15 11:23:00",
  "value" : "10"
},{
  "dateTime" : "05/01/15 12:01:00",
  "value" : "10"
},{
  "dateTime" : "05/01/15 12:02:00",
  "value" : "10"
},{
  "dateTime" : "05/01/15 12:03:00",
  "value" : "10"
},{
  "dateTime" : "05/01/15 12:04:00",
  "value" : "10"
},{
  "dateTime" : "05/01/15 16:28:00",
  "value" : "10"
},{
  "dateTime" : "05/01/15 16:53:00",
  "value" : "10"
},{
  "dateTime" : "05/01/15 17:51:00",
  "value" : "10"
},{
  "dateTime" : "05/02/15 10:20:00",
  "value" : "10"
},{
  "dateTime" : "05/02/15 16:07:00",
  "value" : "10"
},{
  "dateTime" : "05/02/15 17:01:00",
  "value" : "10"
},{
  "dateTime" : "05/02/15 22:04:00",
  "value" : "10"
},{
  "dateTime" : "05/03/15 06:26:00",
  "value" : "10"
},{
  "dateTime" : "05/03/15 09:50:00",
  "value" : "10"
},{
  "dateTime" : "05/03/15 10:00:00",
  "value" : "10"
},{
  "dateTime" : "05/03/15 10:58:00",
  "value" : "10"
},{
  "dateTime" : "05/03/15 17:15:00",
  "value" : "10"
},{
  "dateTime" : "05/03/15 18:16:00",
  "value" : "10"
},{
  "dateTime" : "05/03/15 18:43:00",
  "value" : "10"
},{
  "dateTime" : "05/03/15 19:00:00",
  "value" : "10"
},{
  "dateTime" : "05/03/15 19:01:00",
  "value" : "10"
},{
  "dateTime" : "05/03/15 19:56:00",
  "value" : "10"
},{
  "dateTime" : "05/03/15 19:57:00",
  "value" : "10"
},{
  "dateTime" : "05/03/15 21:29:00",
  "value" : "10"
},{
  "dateTime" : "05/03/15 22:01:00",
  "value" : "10"
},{
  "dateTime" : "05/03/15 22:08:00",
  "value" : "10"
},{
  "dateTime" : "05/03/15 22:09:00",
  "value" : "10"
},{
  "dateTime" : "05/03/15 22:10:00",
  "value" : "10"
},{
  "dateTime" : "05/03/15 22:11:00",
  "value" : "10"
},{
  "dateTime" : "05/04/15 09:08:00",
  "value" : "10"
},{
  "dateTime" : "05/04/15 13:05:00",
  "value" : "10"
},{
  "dateTime" : "05/04/15 15:53:00",
  "value" : "10"
},{
  "dateTime" : "05/04/15 17:09:00",
  "value" : "10"
},{
  "dateTime" : "05/04/15 17:46:00",
  "value" : "10"
},{
  "dateTime" : "05/04/15 19:41:00",
  "value" : "10"
},{
  "dateTime" : "05/04/15 21:08:00",
  "value" : "10"
},{
  "dateTime" : "05/04/15 21:09:00",
  "value" : "10"
},{
  "dateTime" : "05/05/15 08:01:00",
  "value" : "10"
},{
  "dateTime" : "05/05/15 08:18:00",
  "value" : "10"
},{
  "dateTime" : "05/05/15 09:11:00",
  "value" : "10"
},{
  "dateTime" : "05/05/15 11:06:00",
  "value" : "10"
},{
  "dateTime" : "05/05/15 12:41:00",
  "value" : "10"
},{
  "dateTime" : "05/05/15 12:42:00",
  "value" : "10"
},{
  "dateTime" : "05/05/15 12:43:00",
  "value" : "10"
},{
  "dateTime" : "05/05/15 12:44:00",
  "value" : "10"
},{
  "dateTime" : "05/05/15 12:45:00",
  "value" : "10"
},{
  "dateTime" : "05/05/15 14:33:00",
  "value" : "10"
},{
  "dateTime" : "05/05/15 17:49:00",
  "value" : "10"
},{
  "dateTime" : "05/05/15 18:02:00",
  "value" : "10"
},{
  "dateTime" : "05/05/15 18:03:00",
  "value" : "10"
},{
  "dateTime" : "05/05/15 18:04:00",
  "value" : "10"
},{
  "dateTime" : "05/05/15 19:35:00",
  "value" : "10"
},{
  "dateTime" : "05/05/15 20:43:00",
  "value" : "10"
},{
  "dateTime" : "05/05/15 22:37:00",
  "value" : "10"
},{
  "dateTime" : "05/06/15 02:01:00",
  "value" : "10"
},{
  "dateTime" : "05/06/15 07:08:00",
  "value" : "10"
},{
  "dateTime" : "05/06/15 07:52:00",
  "value" : "10"
},{
  "dateTime" : "05/06/15 08:50:00",
  "value" : "10"
},{
  "dateTime" : "05/06/15 09:15:00",
  "value" : "10"
},{
  "dateTime" : "05/06/15 09:58:00",
  "value" : "10"
},{
  "dateTime" : "05/06/15 09:59:00",
  "value" : "10"
},{
  "dateTime" : "05/06/15 14:16:00",
  "value" : "10"
},{
  "dateTime" : "05/06/15 14:53:00",
  "value" : "10"
},{
  "dateTime" : "05/06/15 16:23:00",
  "value" : "10"
},{
  "dateTime" : "05/06/15 16:32:00",
  "value" : "10"
},{
  "dateTime" : "05/06/15 21:50:00",
  "value" : "10"
},{
  "dateTime" : "05/06/15 21:57:00",
  "value" : "10"
},{
  "dateTime" : "05/06/15 21:58:00",
  "value" : "10"
},{
  "dateTime" : "05/06/15 21:59:00",
  "value" : "10"
},{
  "dateTime" : "05/06/15 22:45:00",
  "value" : "10"
},{
  "dateTime" : "05/06/15 22:46:00",
  "value" : "10"
},{
  "dateTime" : "05/07/15 08:50:00",
  "value" : "10"
},{
  "dateTime" : "05/07/15 08:51:00",
  "value" : "10"
},{
  "dateTime" : "05/07/15 09:26:00",
  "value" : "10"
},{
  "dateTime" : "05/07/15 11:03:00",
  "value" : "10"
},{
  "dateTime" : "05/07/15 13:18:00",
  "value" : "10"
},{
  "dateTime" : "05/07/15 13:19:00",
  "value" : "10"
},{
  "dateTime" : "05/07/15 14:54:00",
  "value" : "10"
},{
  "dateTime" : "05/07/15 14:55:00",
  "value" : "10"
},{
  "dateTime" : "05/07/15 15:26:00",
  "value" : "10"
},{
  "dateTime" : "05/07/15 16:42:00",
  "value" : "10"
},{
  "dateTime" : "05/07/15 16:43:00",
  "value" : "10"
},{
  "dateTime" : "05/07/15 17:46:00",
  "value" : "10"
},{
  "dateTime" : "05/07/15 17:47:00",
  "value" : "10"
},{
  "dateTime" : "05/07/15 18:01:00",
  "value" : "10"
},{
  "dateTime" : "05/07/15 18:25:00",
  "value" : "10"
},{
  "dateTime" : "05/07/15 18:48:00",
  "value" : "10"
},{
  "dateTime" : "05/07/15 22:27:00",
  "value" : "10"
},{
  "dateTime" : "05/07/15 22:28:00",
  "value" : "10"
},{
  "dateTime" : "05/07/15 23:54:00",
  "value" : "10"
},{
  "dateTime" : "05/08/15 00:44:00",
  "value" : "10"
},{
  "dateTime" : "05/08/15 02:09:00",
  "value" : "10"
},{
  "dateTime" : "05/08/15 08:15:00",
  "value" : "10"
},{
  "dateTime" : "05/08/15 08:54:00",
  "value" : "10"
},{
  "dateTime" : "05/08/15 12:21:00",
  "value" : "10"
},{
  "dateTime" : "05/08/15 14:19:00",
  "value" : "10"
},{
  "dateTime" : "05/08/15 17:06:00",
  "value" : "10"
},{
  "dateTime" : "05/08/15 17:26:00",
  "value" : "10"
},{
  "dateTime" : "05/08/15 20:29:00",
  "value" : "10"
},{
  "dateTime" : "05/08/15 20:30:00",
  "value" : "10"
},{
  "dateTime" : "05/08/15 20:49:00",
  "value" : "10"
},{
  "dateTime" : "05/09/15 07:35:00",
  "value" : "10"
},{
  "dateTime" : "05/09/15 07:36:00",
  "value" : "10"
},{
  "dateTime" : "05/09/15 07:37:00",
  "value" : "10"
},{
  "dateTime" : "05/09/15 09:16:00",
  "value" : "10"
},{
  "dateTime" : "05/09/15 09:24:00",
  "value" : "10"
},{
  "dateTime" : "05/09/15 09:25:00",
  "value" : "10"
},{
  "dateTime" : "05/09/15 09:39:00",
  "value" : "10"
},{
  "dateTime" : "05/09/15 10:15:00",
  "value" : "10"
},{
  "dateTime" : "05/09/15 10:16:00",
  "value" : "10"
},{
  "dateTime" : "05/09/15 10:22:00",
  "value" : "10"
},{
  "dateTime" : "05/09/15 10:23:00",
  "value" : "10"
},{
  "dateTime" : "05/09/15 11:03:00",
  "value" : "10"
},{
  "dateTime" : "05/09/15 11:26:00",
  "value" : "10"
},{
  "dateTime" : "05/09/15 16:32:00",
  "value" : "10"
},{
  "dateTime" : "05/09/15 16:35:00",
  "value" : "10"
},{
  "dateTime" : "05/09/15 17:42:00",
  "value" : "10"
},{
  "dateTime" : "05/09/15 17:54:00",
  "value" : "10"
},{
  "dateTime" : "05/09/15 17:55:00",
  "value" : "10"
},{
  "dateTime" : "05/09/15 18:05:00",
  "value" : "10"
},{
  "dateTime" : "05/09/15 18:44:00",
  "value" : "10"
},{
  "dateTime" : "05/09/15 19:02:00",
  "value" : "10"
},{
  "dateTime" : "05/09/15 20:45:00",
  "value" : "10"
},{
  "dateTime" : "05/09/15 21:38:00",
  "value" : "10"
},{
  "dateTime" : "05/09/15 22:41:00",
  "value" : "10"
}]