[{
  "dateTime" : "08/02/16 08:47:00",
  "value" : "10"
},{
  "dateTime" : "08/02/16 09:12:00",
  "value" : "10"
},{
  "dateTime" : "08/02/16 10:00:00",
  "value" : "10"
},{
  "dateTime" : "08/02/16 10:57:00",
  "value" : "10"
},{
  "dateTime" : "08/02/16 17:03:00",
  "value" : "10"
},{
  "dateTime" : "08/02/16 17:04:00",
  "value" : "10"
},{
  "dateTime" : "08/02/16 19:01:00",
  "value" : "10"
},{
  "dateTime" : "08/02/16 20:44:00",
  "value" : "10"
},{
  "dateTime" : "08/02/16 22:04:00",
  "value" : "10"
},{
  "dateTime" : "08/03/16 00:02:00",
  "value" : "10"
},{
  "dateTime" : "08/03/16 06:27:00",
  "value" : "10"
},{
  "dateTime" : "08/03/16 08:22:00",
  "value" : "10"
},{
  "dateTime" : "08/03/16 13:45:00",
  "value" : "10"
},{
  "dateTime" : "08/03/16 13:46:00",
  "value" : "10"
},{
  "dateTime" : "08/04/16 08:51:00",
  "value" : "10"
},{
  "dateTime" : "08/04/16 11:58:00",
  "value" : "20"
},{
  "dateTime" : "08/04/16 14:27:00",
  "value" : "10"
},{
  "dateTime" : "08/04/16 14:28:00",
  "value" : "10"
},{
  "dateTime" : "08/04/16 15:30:00",
  "value" : "10"
},{
  "dateTime" : "08/04/16 19:38:00",
  "value" : "10"
},{
  "dateTime" : "08/05/16 08:32:00",
  "value" : "10"
},{
  "dateTime" : "08/05/16 08:35:00",
  "value" : "10"
},{
  "dateTime" : "08/05/16 08:57:00",
  "value" : "10"
},{
  "dateTime" : "08/05/16 09:51:00",
  "value" : "10"
},{
  "dateTime" : "08/05/16 15:21:00",
  "value" : "10"
},{
  "dateTime" : "08/05/16 15:55:00",
  "value" : "10"
},{
  "dateTime" : "08/05/16 15:56:00",
  "value" : "10"
},{
  "dateTime" : "08/05/16 16:11:00",
  "value" : "10"
},{
  "dateTime" : "08/05/16 18:15:00",
  "value" : "10"
},{
  "dateTime" : "08/05/16 18:16:00",
  "value" : "10"
},{
  "dateTime" : "08/05/16 18:31:00",
  "value" : "10"
},{
  "dateTime" : "08/05/16 18:32:00",
  "value" : "10"
},{
  "dateTime" : "08/05/16 23:23:00",
  "value" : "10"
},{
  "dateTime" : "08/06/16 01:54:00",
  "value" : "10"
},{
  "dateTime" : "08/06/16 10:38:00",
  "value" : "10"
},{
  "dateTime" : "08/06/16 17:14:00",
  "value" : "10"
},{
  "dateTime" : "08/06/16 19:33:00",
  "value" : "10"
},{
  "dateTime" : "08/07/16 07:26:00",
  "value" : "10"
},{
  "dateTime" : "08/07/16 10:06:00",
  "value" : "10"
},{
  "dateTime" : "08/07/16 11:03:00",
  "value" : "10"
},{
  "dateTime" : "08/07/16 11:04:00",
  "value" : "10"
},{
  "dateTime" : "08/07/16 11:05:00",
  "value" : "10"
},{
  "dateTime" : "08/07/16 11:06:00",
  "value" : "20"
},{
  "dateTime" : "08/07/16 11:13:00",
  "value" : "10"
},{
  "dateTime" : "08/07/16 11:50:00",
  "value" : "10"
},{
  "dateTime" : "08/07/16 11:51:00",
  "value" : "10"
},{
  "dateTime" : "08/07/16 13:12:00",
  "value" : "20"
},{
  "dateTime" : "08/07/16 13:13:00",
  "value" : "20"
},{
  "dateTime" : "08/07/16 14:28:00",
  "value" : "10"
},{
  "dateTime" : "08/07/16 14:29:00",
  "value" : "10"
},{
  "dateTime" : "08/07/16 14:57:00",
  "value" : "10"
},{
  "dateTime" : "08/07/16 15:13:00",
  "value" : "10"
},{
  "dateTime" : "08/07/16 15:43:00",
  "value" : "10"
},{
  "dateTime" : "08/07/16 16:24:00",
  "value" : "10"
},{
  "dateTime" : "08/07/16 16:53:00",
  "value" : "10"
},{
  "dateTime" : "08/07/16 17:25:00",
  "value" : "10"
},{
  "dateTime" : "08/07/16 17:26:00",
  "value" : "10"
},{
  "dateTime" : "08/07/16 17:27:00",
  "value" : "10"
},{
  "dateTime" : "08/07/16 17:49:00",
  "value" : "20"
},{
  "dateTime" : "08/07/16 18:44:00",
  "value" : "10"
},{
  "dateTime" : "08/07/16 19:06:00",
  "value" : "10"
},{
  "dateTime" : "08/07/16 19:07:00",
  "value" : "10"
},{
  "dateTime" : "08/07/16 20:16:00",
  "value" : "20"
},{
  "dateTime" : "08/07/16 20:45:00",
  "value" : "10"
},{
  "dateTime" : "08/08/16 05:01:00",
  "value" : "10"
},{
  "dateTime" : "08/08/16 07:54:00",
  "value" : "10"
},{
  "dateTime" : "08/08/16 08:30:00",
  "value" : "10"
},{
  "dateTime" : "08/08/16 08:31:00",
  "value" : "10"
},{
  "dateTime" : "08/08/16 09:03:00",
  "value" : "10"
},{
  "dateTime" : "08/08/16 09:19:00",
  "value" : "10"
},{
  "dateTime" : "08/08/16 09:20:00",
  "value" : "10"
},{
  "dateTime" : "08/08/16 10:07:00",
  "value" : "10"
},{
  "dateTime" : "08/08/16 15:08:00",
  "value" : "10"
},{
  "dateTime" : "08/08/16 16:21:00",
  "value" : "10"
},{
  "dateTime" : "08/08/16 16:42:00",
  "value" : "10"
},{
  "dateTime" : "08/08/16 17:01:00",
  "value" : "10"
},{
  "dateTime" : "08/08/16 19:40:00",
  "value" : "10"
},{
  "dateTime" : "08/08/16 20:46:00",
  "value" : "10"
},{
  "dateTime" : "08/09/16 09:06:00",
  "value" : "10"
},{
  "dateTime" : "08/09/16 15:58:00",
  "value" : "10"
},{
  "dateTime" : "08/09/16 16:44:00",
  "value" : "10"
},{
  "dateTime" : "08/09/16 17:47:00",
  "value" : "10"
},{
  "dateTime" : "08/10/16 05:39:00",
  "value" : "20"
},{
  "dateTime" : "08/10/16 07:19:00",
  "value" : "10"
},{
  "dateTime" : "08/10/16 07:35:00",
  "value" : "10"
},{
  "dateTime" : "08/10/16 07:36:00",
  "value" : "10"
},{
  "dateTime" : "08/10/16 09:09:00",
  "value" : "10"
},{
  "dateTime" : "08/10/16 09:41:00",
  "value" : "10"
},{
  "dateTime" : "08/10/16 10:15:00",
  "value" : "10"
},{
  "dateTime" : "08/10/16 12:22:00",
  "value" : "10"
},{
  "dateTime" : "08/10/16 13:54:00",
  "value" : "10"
},{
  "dateTime" : "08/10/16 13:55:00",
  "value" : "10"
},{
  "dateTime" : "08/11/16 15:31:00",
  "value" : "10"
},{
  "dateTime" : "08/11/16 15:32:00",
  "value" : "10"
},{
  "dateTime" : "08/11/16 16:40:00",
  "value" : "10"
},{
  "dateTime" : "08/11/16 18:52:00",
  "value" : "10"
},{
  "dateTime" : "08/11/16 18:53:00",
  "value" : "10"
},{
  "dateTime" : "08/11/16 18:54:00",
  "value" : "10"
},{
  "dateTime" : "08/11/16 20:03:00",
  "value" : "10"
},{
  "dateTime" : "08/11/16 20:43:00",
  "value" : "10"
},{
  "dateTime" : "08/11/16 21:10:00",
  "value" : "10"
},{
  "dateTime" : "08/11/16 22:37:00",
  "value" : "10"
},{
  "dateTime" : "08/12/16 05:15:00",
  "value" : "10"
},{
  "dateTime" : "08/12/16 06:44:00",
  "value" : "10"
},{
  "dateTime" : "08/12/16 09:11:00",
  "value" : "10"
},{
  "dateTime" : "08/12/16 13:29:00",
  "value" : "10"
},{
  "dateTime" : "08/12/16 20:24:00",
  "value" : "10"
},{
  "dateTime" : "08/12/16 22:08:00",
  "value" : "10"
},{
  "dateTime" : "08/13/16 10:03:00",
  "value" : "10"
},{
  "dateTime" : "08/13/16 10:23:00",
  "value" : "10"
},{
  "dateTime" : "08/13/16 11:09:00",
  "value" : "10"
},{
  "dateTime" : "08/13/16 11:10:00",
  "value" : "10"
},{
  "dateTime" : "08/13/16 11:36:00",
  "value" : "10"
},{
  "dateTime" : "08/13/16 11:54:00",
  "value" : "10"
},{
  "dateTime" : "08/13/16 17:44:00",
  "value" : "10"
},{
  "dateTime" : "08/13/16 20:15:00",
  "value" : "10"
},{
  "dateTime" : "08/13/16 20:20:00",
  "value" : "20"
},{
  "dateTime" : "08/13/16 22:10:00",
  "value" : "10"
},{
  "dateTime" : "08/13/16 22:11:00",
  "value" : "10"
},{
  "dateTime" : "08/13/16 22:33:00",
  "value" : "10"
},{
  "dateTime" : "08/13/16 23:28:00",
  "value" : "10"
},{
  "dateTime" : "08/14/16 07:24:00",
  "value" : "10"
},{
  "dateTime" : "08/14/16 10:15:00",
  "value" : "10"
},{
  "dateTime" : "08/14/16 14:46:00",
  "value" : "10"
},{
  "dateTime" : "08/14/16 16:04:00",
  "value" : "10"
},{
  "dateTime" : "08/14/16 16:05:00",
  "value" : "10"
},{
  "dateTime" : "08/14/16 20:46:00",
  "value" : "10"
},{
  "dateTime" : "08/15/16 07:35:00",
  "value" : "10"
},{
  "dateTime" : "08/15/16 08:35:00",
  "value" : "10"
},{
  "dateTime" : "08/15/16 08:36:00",
  "value" : "10"
},{
  "dateTime" : "08/15/16 11:09:00",
  "value" : "10"
},{
  "dateTime" : "08/15/16 11:10:00",
  "value" : "10"
},{
  "dateTime" : "08/15/16 14:04:00",
  "value" : "10"
},{
  "dateTime" : "08/15/16 16:54:00",
  "value" : "10"
},{
  "dateTime" : "08/15/16 16:55:00",
  "value" : "10"
},{
  "dateTime" : "08/15/16 18:56:00",
  "value" : "10"
},{
  "dateTime" : "08/15/16 21:15:00",
  "value" : "10"
},{
  "dateTime" : "08/16/16 08:19:00",
  "value" : "10"
},{
  "dateTime" : "08/16/16 08:34:00",
  "value" : "10"
},{
  "dateTime" : "08/16/16 11:20:00",
  "value" : "10"
},{
  "dateTime" : "08/16/16 17:11:00",
  "value" : "10"
},{
  "dateTime" : "08/16/16 17:56:00",
  "value" : "10"
},{
  "dateTime" : "08/16/16 18:51:00",
  "value" : "10"
},{
  "dateTime" : "08/16/16 20:13:00",
  "value" : "10"
},{
  "dateTime" : "08/16/16 20:34:00",
  "value" : "10"
},{
  "dateTime" : "08/16/16 22:39:00",
  "value" : "10"
},{
  "dateTime" : "08/17/16 08:18:00",
  "value" : "10"
},{
  "dateTime" : "08/17/16 08:19:00",
  "value" : "10"
},{
  "dateTime" : "08/17/16 13:54:00",
  "value" : "20"
},{
  "dateTime" : "08/17/16 16:00:00",
  "value" : "10"
},{
  "dateTime" : "08/17/16 16:38:00",
  "value" : "10"
},{
  "dateTime" : "08/17/16 16:39:00",
  "value" : "10"
},{
  "dateTime" : "08/17/16 17:15:00",
  "value" : "10"
},{
  "dateTime" : "08/17/16 20:06:00",
  "value" : "10"
},{
  "dateTime" : "08/17/16 20:07:00",
  "value" : "10"
},{
  "dateTime" : "08/17/16 20:08:00",
  "value" : "10"
},{
  "dateTime" : "08/17/16 20:09:00",
  "value" : "10"
},{
  "dateTime" : "08/17/16 20:10:00",
  "value" : "10"
},{
  "dateTime" : "08/17/16 20:25:00",
  "value" : "10"
},{
  "dateTime" : "08/17/16 20:59:00",
  "value" : "10"
},{
  "dateTime" : "08/18/16 08:25:00",
  "value" : "10"
},{
  "dateTime" : "08/18/16 08:36:00",
  "value" : "10"
},{
  "dateTime" : "08/18/16 08:55:00",
  "value" : "10"
},{
  "dateTime" : "08/18/16 09:24:00",
  "value" : "10"
},{
  "dateTime" : "08/18/16 16:19:00",
  "value" : "10"
},{
  "dateTime" : "08/18/16 19:29:00",
  "value" : "10"
},{
  "dateTime" : "08/18/16 20:33:00",
  "value" : "10"
},{
  "dateTime" : "08/18/16 20:34:00",
  "value" : "10"
},{
  "dateTime" : "08/18/16 22:37:00",
  "value" : "10"
},{
  "dateTime" : "08/19/16 05:20:00",
  "value" : "10"
},{
  "dateTime" : "08/19/16 07:59:00",
  "value" : "10"
},{
  "dateTime" : "08/19/16 08:40:00",
  "value" : "10"
},{
  "dateTime" : "08/19/16 16:11:00",
  "value" : "10"
},{
  "dateTime" : "08/19/16 16:34:00",
  "value" : "10"
},{
  "dateTime" : "08/19/16 22:02:00",
  "value" : "10"
},{
  "dateTime" : "08/19/16 22:37:00",
  "value" : "10"
},{
  "dateTime" : "08/20/16 00:21:00",
  "value" : "10"
},{
  "dateTime" : "08/20/16 12:43:00",
  "value" : "10"
},{
  "dateTime" : "08/20/16 15:07:00",
  "value" : "10"
},{
  "dateTime" : "08/20/16 15:54:00",
  "value" : "10"
},{
  "dateTime" : "08/20/16 16:31:00",
  "value" : "10"
},{
  "dateTime" : "08/20/16 16:32:00",
  "value" : "10"
},{
  "dateTime" : "08/20/16 18:10:00",
  "value" : "10"
},{
  "dateTime" : "08/20/16 18:11:00",
  "value" : "10"
},{
  "dateTime" : "08/20/16 19:39:00",
  "value" : "10"
},{
  "dateTime" : "08/20/16 20:49:00",
  "value" : "10"
},{
  "dateTime" : "08/20/16 20:50:00",
  "value" : "10"
},{
  "dateTime" : "08/20/16 21:54:00",
  "value" : "10"
},{
  "dateTime" : "08/20/16 22:03:00",
  "value" : "10"
},{
  "dateTime" : "08/20/16 22:42:00",
  "value" : "10"
},{
  "dateTime" : "08/21/16 12:15:00",
  "value" : "10"
},{
  "dateTime" : "08/21/16 16:40:00",
  "value" : "10"
},{
  "dateTime" : "08/21/16 16:41:00",
  "value" : "10"
},{
  "dateTime" : "08/21/16 16:42:00",
  "value" : "10"
},{
  "dateTime" : "08/21/16 23:02:00",
  "value" : "10"
},{
  "dateTime" : "08/22/16 00:18:00",
  "value" : "10"
},{
  "dateTime" : "08/22/16 07:20:00",
  "value" : "10"
},{
  "dateTime" : "08/22/16 09:26:00",
  "value" : "10"
},{
  "dateTime" : "08/22/16 11:17:00",
  "value" : "10"
},{
  "dateTime" : "08/22/16 14:57:00",
  "value" : "20"
},{
  "dateTime" : "08/22/16 16:27:00",
  "value" : "10"
},{
  "dateTime" : "08/22/16 17:28:00",
  "value" : "10"
},{
  "dateTime" : "08/22/16 18:01:00",
  "value" : "30"
},{
  "dateTime" : "08/22/16 23:30:00",
  "value" : "10"
},{
  "dateTime" : "08/23/16 09:44:00",
  "value" : "10"
},{
  "dateTime" : "08/23/16 15:17:00",
  "value" : "10"
},{
  "dateTime" : "08/23/16 15:53:00",
  "value" : "10"
},{
  "dateTime" : "08/23/16 16:41:00",
  "value" : "10"
},{
  "dateTime" : "08/23/16 17:15:00",
  "value" : "10"
},{
  "dateTime" : "08/23/16 17:40:00",
  "value" : "10"
},{
  "dateTime" : "08/23/16 18:54:00",
  "value" : "10"
},{
  "dateTime" : "08/23/16 19:53:00",
  "value" : "10"
},{
  "dateTime" : "08/23/16 21:28:00",
  "value" : "10"
},{
  "dateTime" : "08/23/16 22:00:00",
  "value" : "10"
},{
  "dateTime" : "08/23/16 22:19:00",
  "value" : "10"
},{
  "dateTime" : "08/24/16 08:16:00",
  "value" : "10"
},{
  "dateTime" : "08/24/16 08:17:00",
  "value" : "10"
},{
  "dateTime" : "08/24/16 11:35:00",
  "value" : "10"
},{
  "dateTime" : "08/24/16 16:23:00",
  "value" : "10"
},{
  "dateTime" : "08/24/16 16:24:00",
  "value" : "20"
},{
  "dateTime" : "08/24/16 20:58:00",
  "value" : "20"
},{
  "dateTime" : "08/24/16 20:59:00",
  "value" : "50"
},{
  "dateTime" : "08/24/16 21:31:00",
  "value" : "10"
},{
  "dateTime" : "08/25/16 07:54:00",
  "value" : "30"
},{
  "dateTime" : "08/25/16 08:49:00",
  "value" : "10"
},{
  "dateTime" : "08/25/16 09:05:00",
  "value" : "10"
},{
  "dateTime" : "08/25/16 09:34:00",
  "value" : "10"
},{
  "dateTime" : "08/25/16 09:35:00",
  "value" : "10"
},{
  "dateTime" : "08/25/16 09:36:00",
  "value" : "10"
},{
  "dateTime" : "08/25/16 12:23:00",
  "value" : "10"
},{
  "dateTime" : "08/25/16 12:24:00",
  "value" : "40"
},{
  "dateTime" : "08/25/16 12:25:00",
  "value" : "50"
},{
  "dateTime" : "08/25/16 14:50:00",
  "value" : "10"
},{
  "dateTime" : "08/25/16 17:17:00",
  "value" : "10"
},{
  "dateTime" : "08/25/16 17:48:00",
  "value" : "10"
},{
  "dateTime" : "08/25/16 20:20:00",
  "value" : "10"
},{
  "dateTime" : "08/25/16 20:33:00",
  "value" : "10"
},{
  "dateTime" : "08/25/16 20:34:00",
  "value" : "10"
},{
  "dateTime" : "08/25/16 20:35:00",
  "value" : "10"
},{
  "dateTime" : "08/26/16 08:30:00",
  "value" : "10"
},{
  "dateTime" : "08/26/16 09:22:00",
  "value" : "10"
},{
  "dateTime" : "08/26/16 11:45:00",
  "value" : "10"
},{
  "dateTime" : "08/26/16 11:46:00",
  "value" : "10"
},{
  "dateTime" : "08/26/16 16:30:00",
  "value" : "10"
},{
  "dateTime" : "08/26/16 16:31:00",
  "value" : "10"
},{
  "dateTime" : "08/27/16 00:37:00",
  "value" : "10"
},{
  "dateTime" : "08/27/16 07:10:00",
  "value" : "10"
},{
  "dateTime" : "08/27/16 11:42:00",
  "value" : "10"
},{
  "dateTime" : "08/27/16 14:05:00",
  "value" : "10"
},{
  "dateTime" : "08/27/16 14:06:00",
  "value" : "10"
},{
  "dateTime" : "08/27/16 14:31:00",
  "value" : "10"
},{
  "dateTime" : "08/27/16 14:32:00",
  "value" : "10"
},{
  "dateTime" : "08/27/16 14:33:00",
  "value" : "10"
},{
  "dateTime" : "08/27/16 14:34:00",
  "value" : "10"
},{
  "dateTime" : "08/27/16 14:35:00",
  "value" : "10"
},{
  "dateTime" : "08/27/16 17:53:00",
  "value" : "10"
},{
  "dateTime" : "08/27/16 17:54:00",
  "value" : "10"
},{
  "dateTime" : "08/27/16 18:05:00",
  "value" : "10"
},{
  "dateTime" : "08/27/16 21:10:00",
  "value" : "10"
},{
  "dateTime" : "08/27/16 21:25:00",
  "value" : "10"
},{
  "dateTime" : "08/27/16 21:26:00",
  "value" : "10"
},{
  "dateTime" : "08/27/16 21:46:00",
  "value" : "20"
},{
  "dateTime" : "08/27/16 21:47:00",
  "value" : "10"
},{
  "dateTime" : "08/28/16 02:46:00",
  "value" : "10"
},{
  "dateTime" : "08/28/16 07:59:00",
  "value" : "10"
},{
  "dateTime" : "08/28/16 08:00:00",
  "value" : "10"
},{
  "dateTime" : "08/28/16 09:54:00",
  "value" : "10"
},{
  "dateTime" : "08/28/16 09:55:00",
  "value" : "10"
},{
  "dateTime" : "08/28/16 09:56:00",
  "value" : "10"
},{
  "dateTime" : "08/28/16 10:34:00",
  "value" : "10"
},{
  "dateTime" : "08/28/16 10:43:00",
  "value" : "20"
},{
  "dateTime" : "08/28/16 11:06:00",
  "value" : "10"
},{
  "dateTime" : "08/28/16 20:19:00",
  "value" : "10"
},{
  "dateTime" : "08/29/16 09:52:00",
  "value" : "10"
},{
  "dateTime" : "08/29/16 12:15:00",
  "value" : "10"
},{
  "dateTime" : "08/29/16 12:16:00",
  "value" : "10"
},{
  "dateTime" : "08/29/16 12:17:00",
  "value" : "10"
},{
  "dateTime" : "08/29/16 12:18:00",
  "value" : "10"
},{
  "dateTime" : "08/29/16 13:35:00",
  "value" : "10"
},{
  "dateTime" : "08/29/16 16:24:00",
  "value" : "10"
},{
  "dateTime" : "08/29/16 17:49:00",
  "value" : "10"
},{
  "dateTime" : "08/29/16 17:50:00",
  "value" : "20"
},{
  "dateTime" : "08/29/16 21:31:00",
  "value" : "10"
},{
  "dateTime" : "08/29/16 21:32:00",
  "value" : "10"
},{
  "dateTime" : "08/30/16 00:55:00",
  "value" : "10"
},{
  "dateTime" : "08/30/16 11:08:00",
  "value" : "10"
},{
  "dateTime" : "08/30/16 16:03:00",
  "value" : "10"
},{
  "dateTime" : "08/30/16 16:04:00",
  "value" : "10"
},{
  "dateTime" : "08/30/16 21:34:00",
  "value" : "10"
},{
  "dateTime" : "08/31/16 05:56:00",
  "value" : "10"
},{
  "dateTime" : "08/31/16 08:22:00",
  "value" : "10"
},{
  "dateTime" : "08/31/16 08:42:00",
  "value" : "10"
},{
  "dateTime" : "08/31/16 08:43:00",
  "value" : "10"
},{
  "dateTime" : "08/31/16 08:44:00",
  "value" : "10"
},{
  "dateTime" : "08/31/16 10:03:00",
  "value" : "10"
},{
  "dateTime" : "08/31/16 10:04:00",
  "value" : "10"
},{
  "dateTime" : "08/31/16 12:18:00",
  "value" : "10"
},{
  "dateTime" : "08/31/16 12:36:00",
  "value" : "10"
},{
  "dateTime" : "08/31/16 13:34:00",
  "value" : "30"
},{
  "dateTime" : "08/31/16 14:42:00",
  "value" : "10"
},{
  "dateTime" : "08/31/16 17:35:00",
  "value" : "20"
},{
  "dateTime" : "08/31/16 21:21:00",
  "value" : "10"
}]