[{
  "dateTime" : "12/21/12 03:59:00",
  "value" : "20"
},{
  "dateTime" : "12/21/12 04:27:00",
  "value" : "10"
},{
  "dateTime" : "12/21/12 04:52:00",
  "value" : "10"
},{
  "dateTime" : "12/21/12 08:56:00",
  "value" : "10"
},{
  "dateTime" : "12/21/12 09:27:00",
  "value" : "10"
},{
  "dateTime" : "12/21/12 10:19:00",
  "value" : "10"
},{
  "dateTime" : "12/21/12 11:23:00",
  "value" : "10"
},{
  "dateTime" : "12/21/12 11:24:00",
  "value" : "10"
},{
  "dateTime" : "12/21/12 13:41:00",
  "value" : "10"
},{
  "dateTime" : "12/21/12 14:28:00",
  "value" : "10"
},{
  "dateTime" : "12/21/12 17:20:00",
  "value" : "10"
},{
  "dateTime" : "12/21/12 17:44:00",
  "value" : "10"
},{
  "dateTime" : "12/21/12 18:33:00",
  "value" : "10"
},{
  "dateTime" : "12/22/12 00:32:00",
  "value" : "10"
},{
  "dateTime" : "12/22/12 02:44:00",
  "value" : "10"
},{
  "dateTime" : "12/22/12 10:08:00",
  "value" : "10"
},{
  "dateTime" : "12/22/12 11:40:00",
  "value" : "10"
},{
  "dateTime" : "12/22/12 12:08:00",
  "value" : "10"
},{
  "dateTime" : "12/22/12 13:13:00",
  "value" : "10"
},{
  "dateTime" : "12/22/12 13:19:00",
  "value" : "10"
},{
  "dateTime" : "12/22/12 17:21:00",
  "value" : "10"
},{
  "dateTime" : "12/22/12 17:26:00",
  "value" : "10"
},{
  "dateTime" : "12/22/12 20:48:00",
  "value" : "10"
},{
  "dateTime" : "12/23/12 01:39:00",
  "value" : "10"
},{
  "dateTime" : "12/23/12 09:51:00",
  "value" : "10"
},{
  "dateTime" : "12/23/12 13:52:00",
  "value" : "10"
},{
  "dateTime" : "12/23/12 14:15:00",
  "value" : "10"
},{
  "dateTime" : "12/23/12 14:20:00",
  "value" : "10"
},{
  "dateTime" : "12/23/12 14:21:00",
  "value" : "10"
},{
  "dateTime" : "12/23/12 14:35:00",
  "value" : "10"
},{
  "dateTime" : "12/23/12 14:36:00",
  "value" : "10"
},{
  "dateTime" : "12/23/12 14:51:00",
  "value" : "10"
},{
  "dateTime" : "12/23/12 15:07:00",
  "value" : "10"
},{
  "dateTime" : "12/23/12 15:09:00",
  "value" : "10"
},{
  "dateTime" : "12/23/12 15:47:00",
  "value" : "10"
},{
  "dateTime" : "12/23/12 16:09:00",
  "value" : "10"
},{
  "dateTime" : "12/23/12 21:15:00",
  "value" : "10"
},{
  "dateTime" : "12/23/12 21:21:00",
  "value" : "20"
},{
  "dateTime" : "12/23/12 21:30:00",
  "value" : "20"
},{
  "dateTime" : "12/23/12 21:37:00",
  "value" : "10"
},{
  "dateTime" : "12/23/12 21:48:00",
  "value" : "10"
},{
  "dateTime" : "12/23/12 21:51:00",
  "value" : "10"
},{
  "dateTime" : "12/23/12 21:55:00",
  "value" : "10"
},{
  "dateTime" : "12/23/12 22:10:00",
  "value" : "10"
},{
  "dateTime" : "12/23/12 22:18:00",
  "value" : "10"
},{
  "dateTime" : "12/23/12 22:23:00",
  "value" : "10"
},{
  "dateTime" : "12/24/12 00:13:00",
  "value" : "10"
},{
  "dateTime" : "12/24/12 00:15:00",
  "value" : "10"
},{
  "dateTime" : "12/24/12 09:12:00",
  "value" : "10"
},{
  "dateTime" : "12/24/12 09:17:00",
  "value" : "10"
},{
  "dateTime" : "12/24/12 10:18:00",
  "value" : "10"
},{
  "dateTime" : "12/24/12 12:04:00",
  "value" : "10"
},{
  "dateTime" : "12/24/12 15:04:00",
  "value" : "10"
},{
  "dateTime" : "12/24/12 15:22:00",
  "value" : "10"
},{
  "dateTime" : "12/24/12 15:42:00",
  "value" : "10"
},{
  "dateTime" : "12/24/12 16:06:00",
  "value" : "10"
},{
  "dateTime" : "12/24/12 16:33:00",
  "value" : "10"
},{
  "dateTime" : "12/24/12 17:39:00",
  "value" : "10"
},{
  "dateTime" : "12/24/12 17:43:00",
  "value" : "10"
},{
  "dateTime" : "12/24/12 18:02:00",
  "value" : "10"
},{
  "dateTime" : "12/24/12 18:13:00",
  "value" : "10"
},{
  "dateTime" : "12/24/12 18:59:00",
  "value" : "10"
},{
  "dateTime" : "12/24/12 19:14:00",
  "value" : "10"
},{
  "dateTime" : "12/24/12 23:38:00",
  "value" : "10"
},{
  "dateTime" : "12/25/12 00:49:00",
  "value" : "10"
},{
  "dateTime" : "12/25/12 00:56:00",
  "value" : "10"
},{
  "dateTime" : "12/25/12 09:39:00",
  "value" : "10"
},{
  "dateTime" : "12/25/12 10:13:00",
  "value" : "10"
},{
  "dateTime" : "12/25/12 11:16:00",
  "value" : "10"
},{
  "dateTime" : "12/25/12 18:49:00",
  "value" : "10"
},{
  "dateTime" : "12/25/12 20:45:00",
  "value" : "10"
},{
  "dateTime" : "12/26/12 01:05:00",
  "value" : "10"
},{
  "dateTime" : "12/26/12 10:51:00",
  "value" : "10"
},{
  "dateTime" : "12/26/12 11:13:00",
  "value" : "10"
},{
  "dateTime" : "12/26/12 11:34:00",
  "value" : "10"
},{
  "dateTime" : "12/26/12 12:00:00",
  "value" : "10"
},{
  "dateTime" : "12/26/12 16:46:00",
  "value" : "10"
},{
  "dateTime" : "12/26/12 16:55:00",
  "value" : "10"
},{
  "dateTime" : "12/26/12 18:31:00",
  "value" : "10"
},{
  "dateTime" : "12/26/12 18:41:00",
  "value" : "10"
},{
  "dateTime" : "12/26/12 18:52:00",
  "value" : "10"
},{
  "dateTime" : "12/26/12 19:53:00",
  "value" : "10"
},{
  "dateTime" : "12/26/12 20:16:00",
  "value" : "20"
},{
  "dateTime" : "12/26/12 20:35:00",
  "value" : "10"
},{
  "dateTime" : "12/26/12 21:41:00",
  "value" : "10"
},{
  "dateTime" : "12/26/12 21:54:00",
  "value" : "10"
},{
  "dateTime" : "12/26/12 22:16:00",
  "value" : "10"
},{
  "dateTime" : "12/26/12 22:59:00",
  "value" : "10"
},{
  "dateTime" : "12/26/12 23:26:00",
  "value" : "10"
},{
  "dateTime" : "12/27/12 02:02:00",
  "value" : "10"
},{
  "dateTime" : "12/27/12 02:06:00",
  "value" : "10"
},{
  "dateTime" : "12/27/12 10:53:00",
  "value" : "10"
},{
  "dateTime" : "12/27/12 12:20:00",
  "value" : "10"
},{
  "dateTime" : "12/27/12 13:37:00",
  "value" : "10"
},{
  "dateTime" : "12/27/12 14:30:00",
  "value" : "10"
},{
  "dateTime" : "12/27/12 15:12:00",
  "value" : "10"
},{
  "dateTime" : "12/27/12 15:31:00",
  "value" : "10"
},{
  "dateTime" : "12/27/12 15:36:00",
  "value" : "10"
},{
  "dateTime" : "12/27/12 22:02:00",
  "value" : "10"
},{
  "dateTime" : "12/27/12 22:22:00",
  "value" : "10"
},{
  "dateTime" : "12/28/12 00:53:00",
  "value" : "10"
},{
  "dateTime" : "12/28/12 09:26:00",
  "value" : "10"
},{
  "dateTime" : "12/28/12 12:23:00",
  "value" : "10"
},{
  "dateTime" : "12/28/12 12:24:00",
  "value" : "20"
},{
  "dateTime" : "12/28/12 12:25:00",
  "value" : "10"
},{
  "dateTime" : "12/28/12 12:26:00",
  "value" : "10"
},{
  "dateTime" : "12/28/12 12:27:00",
  "value" : "10"
},{
  "dateTime" : "12/28/12 12:28:00",
  "value" : "10"
},{
  "dateTime" : "12/28/12 14:39:00",
  "value" : "10"
},{
  "dateTime" : "12/28/12 15:44:00",
  "value" : "10"
},{
  "dateTime" : "12/28/12 15:50:00",
  "value" : "10"
},{
  "dateTime" : "12/28/12 16:01:00",
  "value" : "10"
},{
  "dateTime" : "12/28/12 19:21:00",
  "value" : "10"
},{
  "dateTime" : "12/28/12 19:23:00",
  "value" : "10"
},{
  "dateTime" : "12/28/12 21:15:00",
  "value" : "10"
},{
  "dateTime" : "12/28/12 23:09:00",
  "value" : "10"
},{
  "dateTime" : "12/29/12 08:15:00",
  "value" : "10"
},{
  "dateTime" : "12/29/12 08:32:00",
  "value" : "10"
},{
  "dateTime" : "12/29/12 09:04:00",
  "value" : "10"
},{
  "dateTime" : "12/29/12 10:49:00",
  "value" : "10"
},{
  "dateTime" : "12/29/12 11:32:00",
  "value" : "10"
},{
  "dateTime" : "12/29/12 11:53:00",
  "value" : "10"
},{
  "dateTime" : "12/29/12 12:25:00",
  "value" : "10"
},{
  "dateTime" : "12/29/12 14:07:00",
  "value" : "10"
},{
  "dateTime" : "12/29/12 15:04:00",
  "value" : "10"
},{
  "dateTime" : "12/29/12 16:02:00",
  "value" : "10"
},{
  "dateTime" : "12/29/12 16:03:00",
  "value" : "10"
},{
  "dateTime" : "12/29/12 16:10:00",
  "value" : "10"
},{
  "dateTime" : "12/29/12 16:36:00",
  "value" : "10"
},{
  "dateTime" : "12/29/12 19:49:00",
  "value" : "10"
},{
  "dateTime" : "12/29/12 23:46:00",
  "value" : "10"
},{
  "dateTime" : "12/29/12 23:50:00",
  "value" : "10"
},{
  "dateTime" : "12/29/12 23:53:00",
  "value" : "10"
},{
  "dateTime" : "12/30/12 11:21:00",
  "value" : "10"
},{
  "dateTime" : "12/30/12 13:00:00",
  "value" : "10"
},{
  "dateTime" : "12/30/12 13:04:00",
  "value" : "10"
},{
  "dateTime" : "12/30/12 20:20:00",
  "value" : "10"
},{
  "dateTime" : "12/30/12 21:15:00",
  "value" : "10"
},{
  "dateTime" : "12/30/12 22:01:00",
  "value" : "10"
},{
  "dateTime" : "12/30/12 23:37:00",
  "value" : "10"
},{
  "dateTime" : "12/31/12 12:33:00",
  "value" : "10"
},{
  "dateTime" : "12/31/12 15:01:00",
  "value" : "10"
},{
  "dateTime" : "12/31/12 16:59:00",
  "value" : "10"
},{
  "dateTime" : "12/31/12 17:04:00",
  "value" : "10"
},{
  "dateTime" : "12/31/12 17:06:00",
  "value" : "10"
},{
  "dateTime" : "12/31/12 18:29:00",
  "value" : "10"
},{
  "dateTime" : "12/31/12 18:53:00",
  "value" : "20"
},{
  "dateTime" : "12/31/12 20:19:00",
  "value" : "10"
},{
  "dateTime" : "12/31/12 22:03:00",
  "value" : "10"
},{
  "dateTime" : "12/31/12 23:08:00",
  "value" : "10"
},{
  "dateTime" : "01/01/13 01:08:00",
  "value" : "10"
},{
  "dateTime" : "01/01/13 11:41:00",
  "value" : "10"
},{
  "dateTime" : "01/01/13 12:30:00",
  "value" : "10"
},{
  "dateTime" : "01/01/13 14:24:00",
  "value" : "10"
},{
  "dateTime" : "01/01/13 15:25:00",
  "value" : "10"
},{
  "dateTime" : "01/01/13 15:37:00",
  "value" : "10"
},{
  "dateTime" : "01/01/13 16:16:00",
  "value" : "10"
},{
  "dateTime" : "01/01/13 19:17:00",
  "value" : "10"
},{
  "dateTime" : "01/01/13 19:34:00",
  "value" : "20"
},{
  "dateTime" : "01/01/13 19:35:00",
  "value" : "20"
},{
  "dateTime" : "01/01/13 19:36:00",
  "value" : "10"
},{
  "dateTime" : "01/01/13 19:45:00",
  "value" : "10"
},{
  "dateTime" : "01/01/13 20:55:00",
  "value" : "10"
},{
  "dateTime" : "01/01/13 21:28:00",
  "value" : "10"
},{
  "dateTime" : "01/01/13 22:25:00",
  "value" : "10"
},{
  "dateTime" : "01/02/13 01:10:00",
  "value" : "10"
},{
  "dateTime" : "01/02/13 01:51:00",
  "value" : "10"
},{
  "dateTime" : "01/02/13 10:14:00",
  "value" : "10"
},{
  "dateTime" : "01/02/13 10:41:00",
  "value" : "10"
},{
  "dateTime" : "01/02/13 11:04:00",
  "value" : "10"
},{
  "dateTime" : "01/02/13 12:25:00",
  "value" : "10"
},{
  "dateTime" : "01/02/13 12:32:00",
  "value" : "10"
},{
  "dateTime" : "01/02/13 14:59:00",
  "value" : "10"
},{
  "dateTime" : "01/02/13 16:35:00",
  "value" : "10"
},{
  "dateTime" : "01/02/13 18:34:00",
  "value" : "10"
},{
  "dateTime" : "01/02/13 18:47:00",
  "value" : "10"
},{
  "dateTime" : "01/02/13 19:39:00",
  "value" : "10"
},{
  "dateTime" : "01/03/13 04:54:00",
  "value" : "10"
},{
  "dateTime" : "01/03/13 13:39:00",
  "value" : "10"
},{
  "dateTime" : "01/03/13 18:05:00",
  "value" : "10"
},{
  "dateTime" : "01/03/13 18:06:00",
  "value" : "10"
},{
  "dateTime" : "01/03/13 18:16:00",
  "value" : "10"
},{
  "dateTime" : "01/03/13 18:19:00",
  "value" : "10"
},{
  "dateTime" : "01/03/13 18:34:00",
  "value" : "10"
},{
  "dateTime" : "01/03/13 18:54:00",
  "value" : "10"
},{
  "dateTime" : "01/03/13 19:16:00",
  "value" : "10"
},{
  "dateTime" : "01/03/13 20:28:00",
  "value" : "10"
},{
  "dateTime" : "01/03/13 22:06:00",
  "value" : "10"
},{
  "dateTime" : "01/03/13 22:25:00",
  "value" : "10"
},{
  "dateTime" : "01/03/13 22:44:00",
  "value" : "10"
},{
  "dateTime" : "01/03/13 23:14:00",
  "value" : "10"
},{
  "dateTime" : "01/03/13 23:48:00",
  "value" : "10"
},{
  "dateTime" : "01/04/13 00:32:00",
  "value" : "10"
},{
  "dateTime" : "01/04/13 01:46:00",
  "value" : "10"
},{
  "dateTime" : "01/04/13 01:47:00",
  "value" : "10"
},{
  "dateTime" : "01/04/13 07:47:00",
  "value" : "10"
},{
  "dateTime" : "01/04/13 08:17:00",
  "value" : "10"
},{
  "dateTime" : "01/04/13 08:23:00",
  "value" : "10"
},{
  "dateTime" : "01/04/13 08:51:00",
  "value" : "10"
},{
  "dateTime" : "01/04/13 10:16:00",
  "value" : "10"
},{
  "dateTime" : "01/04/13 11:00:00",
  "value" : "10"
},{
  "dateTime" : "01/04/13 11:27:00",
  "value" : "10"
},{
  "dateTime" : "01/04/13 14:17:00",
  "value" : "10"
},{
  "dateTime" : "01/04/13 14:54:00",
  "value" : "10"
},{
  "dateTime" : "01/04/13 15:38:00",
  "value" : "10"
},{
  "dateTime" : "01/04/13 16:11:00",
  "value" : "20"
},{
  "dateTime" : "01/04/13 16:26:00",
  "value" : "10"
},{
  "dateTime" : "01/04/13 19:49:00",
  "value" : "10"
},{
  "dateTime" : "01/05/13 00:39:00",
  "value" : "10"
},{
  "dateTime" : "01/05/13 10:29:00",
  "value" : "10"
},{
  "dateTime" : "01/05/13 10:30:00",
  "value" : "10"
},{
  "dateTime" : "01/05/13 14:09:00",
  "value" : "10"
},{
  "dateTime" : "01/05/13 19:52:00",
  "value" : "10"
},{
  "dateTime" : "01/05/13 20:18:00",
  "value" : "10"
},{
  "dateTime" : "01/06/13 00:56:00",
  "value" : "10"
},{
  "dateTime" : "01/06/13 12:40:00",
  "value" : "10"
},{
  "dateTime" : "01/06/13 12:43:00",
  "value" : "10"
},{
  "dateTime" : "01/06/13 12:45:00",
  "value" : "10"
},{
  "dateTime" : "01/06/13 12:46:00",
  "value" : "10"
},{
  "dateTime" : "01/06/13 12:48:00",
  "value" : "10"
},{
  "dateTime" : "01/06/13 13:02:00",
  "value" : "10"
},{
  "dateTime" : "01/06/13 13:58:00",
  "value" : "20"
},{
  "dateTime" : "01/06/13 14:36:00",
  "value" : "10"
},{
  "dateTime" : "01/06/13 15:12:00",
  "value" : "10"
},{
  "dateTime" : "01/06/13 15:33:00",
  "value" : "10"
},{
  "dateTime" : "01/06/13 15:56:00",
  "value" : "10"
},{
  "dateTime" : "01/06/13 18:46:00",
  "value" : "10"
},{
  "dateTime" : "01/06/13 18:55:00",
  "value" : "10"
},{
  "dateTime" : "01/07/13 00:18:00",
  "value" : "10"
},{
  "dateTime" : "01/07/13 05:43:00",
  "value" : "10"
},{
  "dateTime" : "01/07/13 08:00:00",
  "value" : "10"
},{
  "dateTime" : "01/07/13 08:40:00",
  "value" : "10"
},{
  "dateTime" : "01/07/13 16:02:00",
  "value" : "10"
},{
  "dateTime" : "01/07/13 17:03:00",
  "value" : "10"
},{
  "dateTime" : "01/07/13 19:30:00",
  "value" : "10"
},{
  "dateTime" : "01/07/13 19:36:00",
  "value" : "10"
},{
  "dateTime" : "01/07/13 23:52:00",
  "value" : "10"
},{
  "dateTime" : "01/08/13 05:43:00",
  "value" : "10"
},{
  "dateTime" : "01/08/13 07:46:00",
  "value" : "10"
},{
  "dateTime" : "01/08/13 08:32:00",
  "value" : "10"
},{
  "dateTime" : "01/08/13 08:43:00",
  "value" : "10"
},{
  "dateTime" : "01/08/13 12:02:00",
  "value" : "10"
},{
  "dateTime" : "01/08/13 12:03:00",
  "value" : "10"
},{
  "dateTime" : "01/08/13 12:45:00",
  "value" : "10"
},{
  "dateTime" : "01/08/13 13:09:00",
  "value" : "10"
},{
  "dateTime" : "01/08/13 13:43:00",
  "value" : "10"
},{
  "dateTime" : "01/08/13 14:17:00",
  "value" : "10"
},{
  "dateTime" : "01/08/13 14:18:00",
  "value" : "10"
},{
  "dateTime" : "01/08/13 15:45:00",
  "value" : "10"
},{
  "dateTime" : "01/08/13 17:27:00",
  "value" : "10"
},{
  "dateTime" : "01/08/13 17:40:00",
  "value" : "10"
},{
  "dateTime" : "01/08/13 18:22:00",
  "value" : "10"
},{
  "dateTime" : "01/08/13 23:30:00",
  "value" : "10"
},{
  "dateTime" : "01/09/13 06:14:00",
  "value" : "10"
},{
  "dateTime" : "01/09/13 07:14:00",
  "value" : "10"
},{
  "dateTime" : "01/09/13 08:13:00",
  "value" : "10"
},{
  "dateTime" : "01/09/13 08:14:00",
  "value" : "10"
},{
  "dateTime" : "01/09/13 08:34:00",
  "value" : "10"
},{
  "dateTime" : "01/09/13 09:37:00",
  "value" : "10"
},{
  "dateTime" : "01/09/13 17:19:00",
  "value" : "10"
},{
  "dateTime" : "01/09/13 19:52:00",
  "value" : "10"
},{
  "dateTime" : "01/10/13 08:29:00",
  "value" : "10"
},{
  "dateTime" : "01/10/13 08:39:00",
  "value" : "10"
},{
  "dateTime" : "01/10/13 10:15:00",
  "value" : "10"
},{
  "dateTime" : "01/10/13 10:54:00",
  "value" : "10"
},{
  "dateTime" : "01/10/13 10:55:00",
  "value" : "10"
},{
  "dateTime" : "01/10/13 12:45:00",
  "value" : "10"
},{
  "dateTime" : "01/10/13 14:33:00",
  "value" : "10"
},{
  "dateTime" : "01/10/13 15:37:00",
  "value" : "10"
},{
  "dateTime" : "01/10/13 15:51:00",
  "value" : "10"
},{
  "dateTime" : "01/10/13 17:15:00",
  "value" : "20"
},{
  "dateTime" : "01/10/13 17:32:00",
  "value" : "10"
},{
  "dateTime" : "01/10/13 18:59:00",
  "value" : "10"
},{
  "dateTime" : "01/10/13 19:36:00",
  "value" : "10"
},{
  "dateTime" : "01/10/13 20:02:00",
  "value" : "10"
},{
  "dateTime" : "01/10/13 21:37:00",
  "value" : "20"
},{
  "dateTime" : "01/10/13 23:33:00",
  "value" : "10"
},{
  "dateTime" : "01/11/13 01:20:00",
  "value" : "10"
},{
  "dateTime" : "01/11/13 08:17:00",
  "value" : "10"
},{
  "dateTime" : "01/11/13 08:45:00",
  "value" : "10"
},{
  "dateTime" : "01/11/13 11:38:00",
  "value" : "10"
},{
  "dateTime" : "01/11/13 13:53:00",
  "value" : "10"
},{
  "dateTime" : "01/11/13 14:25:00",
  "value" : "10"
},{
  "dateTime" : "01/11/13 16:35:00",
  "value" : "10"
},{
  "dateTime" : "01/11/13 17:10:00",
  "value" : "10"
},{
  "dateTime" : "01/11/13 20:17:00",
  "value" : "10"
},{
  "dateTime" : "01/11/13 21:34:00",
  "value" : "10"
},{
  "dateTime" : "01/11/13 21:39:00",
  "value" : "10"
},{
  "dateTime" : "01/11/13 21:41:00",
  "value" : "10"
},{
  "dateTime" : "01/11/13 21:48:00",
  "value" : "10"
},{
  "dateTime" : "01/11/13 23:53:00",
  "value" : "10"
},{
  "dateTime" : "01/12/13 07:03:00",
  "value" : "10"
},{
  "dateTime" : "01/12/13 09:59:00",
  "value" : "10"
},{
  "dateTime" : "01/12/13 10:53:00",
  "value" : "10"
},{
  "dateTime" : "01/12/13 11:17:00",
  "value" : "10"
},{
  "dateTime" : "01/12/13 12:01:00",
  "value" : "10"
},{
  "dateTime" : "01/12/13 13:22:00",
  "value" : "10"
},{
  "dateTime" : "01/12/13 16:08:00",
  "value" : "10"
},{
  "dateTime" : "01/12/13 16:43:00",
  "value" : "10"
},{
  "dateTime" : "01/12/13 20:50:00",
  "value" : "10"
},{
  "dateTime" : "01/12/13 20:53:00",
  "value" : "10"
},{
  "dateTime" : "01/12/13 22:24:00",
  "value" : "10"
},{
  "dateTime" : "01/13/13 01:24:00",
  "value" : "10"
},{
  "dateTime" : "01/13/13 10:29:00",
  "value" : "10"
},{
  "dateTime" : "01/13/13 10:35:00",
  "value" : "10"
},{
  "dateTime" : "01/13/13 13:44:00",
  "value" : "10"
},{
  "dateTime" : "01/13/13 14:25:00",
  "value" : "20"
},{
  "dateTime" : "01/13/13 15:07:00",
  "value" : "10"
},{
  "dateTime" : "01/13/13 15:27:00",
  "value" : "10"
},{
  "dateTime" : "01/13/13 16:29:00",
  "value" : "10"
},{
  "dateTime" : "01/13/13 16:42:00",
  "value" : "10"
},{
  "dateTime" : "01/13/13 18:52:00",
  "value" : "10"
},{
  "dateTime" : "01/13/13 19:26:00",
  "value" : "10"
},{
  "dateTime" : "01/13/13 22:27:00",
  "value" : "10"
},{
  "dateTime" : "01/14/13 08:53:00",
  "value" : "10"
},{
  "dateTime" : "01/14/13 11:44:00",
  "value" : "10"
},{
  "dateTime" : "01/14/13 11:48:00",
  "value" : "10"
},{
  "dateTime" : "01/14/13 12:04:00",
  "value" : "20"
},{
  "dateTime" : "01/14/13 12:06:00",
  "value" : "10"
},{
  "dateTime" : "01/14/13 12:12:00",
  "value" : "10"
},{
  "dateTime" : "01/14/13 12:15:00",
  "value" : "10"
},{
  "dateTime" : "01/14/13 12:16:00",
  "value" : "10"
},{
  "dateTime" : "01/14/13 13:18:00",
  "value" : "10"
},{
  "dateTime" : "01/14/13 13:23:00",
  "value" : "10"
},{
  "dateTime" : "01/14/13 14:06:00",
  "value" : "10"
},{
  "dateTime" : "01/14/13 14:36:00",
  "value" : "10"
},{
  "dateTime" : "01/14/13 16:01:00",
  "value" : "10"
},{
  "dateTime" : "01/14/13 16:31:00",
  "value" : "10"
},{
  "dateTime" : "01/14/13 16:43:00",
  "value" : "10"
},{
  "dateTime" : "01/14/13 16:51:00",
  "value" : "10"
},{
  "dateTime" : "01/14/13 17:05:00",
  "value" : "10"
},{
  "dateTime" : "01/14/13 17:06:00",
  "value" : "10"
},{
  "dateTime" : "01/14/13 17:41:00",
  "value" : "20"
},{
  "dateTime" : "01/14/13 19:08:00",
  "value" : "10"
},{
  "dateTime" : "01/14/13 23:47:00",
  "value" : "10"
},{
  "dateTime" : "01/15/13 07:39:00",
  "value" : "10"
},{
  "dateTime" : "01/15/13 07:40:00",
  "value" : "10"
},{
  "dateTime" : "01/15/13 08:27:00",
  "value" : "10"
},{
  "dateTime" : "01/15/13 08:39:00",
  "value" : "10"
},{
  "dateTime" : "01/15/13 08:41:00",
  "value" : "10"
},{
  "dateTime" : "01/15/13 10:36:00",
  "value" : "10"
},{
  "dateTime" : "01/15/13 11:46:00",
  "value" : "10"
},{
  "dateTime" : "01/15/13 14:00:00",
  "value" : "10"
},{
  "dateTime" : "01/15/13 15:26:00",
  "value" : "10"
},{
  "dateTime" : "01/15/13 18:03:00",
  "value" : "10"
},{
  "dateTime" : "01/15/13 20:18:00",
  "value" : "10"
},{
  "dateTime" : "01/15/13 21:11:00",
  "value" : "10"
},{
  "dateTime" : "01/15/13 21:12:00",
  "value" : "10"
},{
  "dateTime" : "01/15/13 22:06:00",
  "value" : "10"
},{
  "dateTime" : "01/15/13 23:45:00",
  "value" : "10"
},{
  "dateTime" : "01/16/13 08:11:00",
  "value" : "10"
},{
  "dateTime" : "01/16/13 10:36:00",
  "value" : "10"
},{
  "dateTime" : "01/16/13 13:11:00",
  "value" : "10"
},{
  "dateTime" : "01/16/13 13:18:00",
  "value" : "10"
},{
  "dateTime" : "01/16/13 13:25:00",
  "value" : "10"
},{
  "dateTime" : "01/16/13 13:34:00",
  "value" : "10"
},{
  "dateTime" : "01/16/13 13:37:00",
  "value" : "10"
},{
  "dateTime" : "01/16/13 13:42:00",
  "value" : "10"
},{
  "dateTime" : "01/16/13 19:18:00",
  "value" : "10"
},{
  "dateTime" : "01/16/13 20:42:00",
  "value" : "10"
},{
  "dateTime" : "01/16/13 23:29:00",
  "value" : "10"
},{
  "dateTime" : "01/17/13 08:37:00",
  "value" : "10"
},{
  "dateTime" : "01/17/13 13:11:00",
  "value" : "10"
},{
  "dateTime" : "01/17/13 14:08:00",
  "value" : "10"
},{
  "dateTime" : "01/17/13 16:51:00",
  "value" : "10"
},{
  "dateTime" : "01/17/13 17:19:00",
  "value" : "10"
},{
  "dateTime" : "01/17/13 17:21:00",
  "value" : "10"
},{
  "dateTime" : "01/17/13 17:53:00",
  "value" : "10"
},{
  "dateTime" : "01/17/13 19:57:00",
  "value" : "10"
},{
  "dateTime" : "01/17/13 23:07:00",
  "value" : "10"
},{
  "dateTime" : "01/18/13 08:12:00",
  "value" : "10"
},{
  "dateTime" : "01/18/13 08:23:00",
  "value" : "10"
},{
  "dateTime" : "01/18/13 11:47:00",
  "value" : "10"
},{
  "dateTime" : "01/18/13 16:07:00",
  "value" : "10"
},{
  "dateTime" : "01/18/13 18:17:00",
  "value" : "10"
},{
  "dateTime" : "01/18/13 20:49:00",
  "value" : "10"
},{
  "dateTime" : "01/19/13 01:18:00",
  "value" : "10"
},{
  "dateTime" : "01/19/13 10:51:00",
  "value" : "10"
},{
  "dateTime" : "01/19/13 11:01:00",
  "value" : "10"
},{
  "dateTime" : "01/19/13 11:08:00",
  "value" : "10"
},{
  "dateTime" : "01/19/13 12:45:00",
  "value" : "10"
},{
  "dateTime" : "01/19/13 14:05:00",
  "value" : "10"
},{
  "dateTime" : "01/19/13 14:12:00",
  "value" : "10"
},{
  "dateTime" : "01/19/13 17:23:00",
  "value" : "10"
},{
  "dateTime" : "01/19/13 18:08:00",
  "value" : "10"
},{
  "dateTime" : "01/19/13 23:29:00",
  "value" : "10"
}]