[{
  "dateTime" : "02/14/14 08:14:00",
  "value" : "10"
},{
  "dateTime" : "02/14/14 08:31:00",
  "value" : "10"
},{
  "dateTime" : "02/14/14 08:52:00",
  "value" : "10"
},{
  "dateTime" : "02/14/14 11:17:00",
  "value" : "10"
},{
  "dateTime" : "02/14/14 12:31:00",
  "value" : "10"
},{
  "dateTime" : "02/14/14 13:15:00",
  "value" : "10"
},{
  "dateTime" : "02/14/14 13:16:00",
  "value" : "10"
},{
  "dateTime" : "02/14/14 13:17:00",
  "value" : "10"
},{
  "dateTime" : "02/14/14 13:49:00",
  "value" : "10"
},{
  "dateTime" : "02/14/14 14:23:00",
  "value" : "10"
},{
  "dateTime" : "02/14/14 15:06:00",
  "value" : "10"
},{
  "dateTime" : "02/14/14 15:48:00",
  "value" : "10"
},{
  "dateTime" : "02/14/14 15:49:00",
  "value" : "10"
},{
  "dateTime" : "02/14/14 19:01:00",
  "value" : "10"
},{
  "dateTime" : "02/14/14 23:21:00",
  "value" : "10"
},{
  "dateTime" : "02/15/14 08:17:00",
  "value" : "10"
},{
  "dateTime" : "02/15/14 08:43:00",
  "value" : "10"
},{
  "dateTime" : "02/15/14 09:00:00",
  "value" : "30"
},{
  "dateTime" : "02/15/14 09:01:00",
  "value" : "20"
},{
  "dateTime" : "02/15/14 09:02:00",
  "value" : "20"
},{
  "dateTime" : "02/15/14 09:11:00",
  "value" : "20"
},{
  "dateTime" : "02/15/14 09:12:00",
  "value" : "20"
},{
  "dateTime" : "02/15/14 09:13:00",
  "value" : "30"
},{
  "dateTime" : "02/15/14 14:14:00",
  "value" : "10"
},{
  "dateTime" : "02/15/14 14:15:00",
  "value" : "10"
},{
  "dateTime" : "02/15/14 14:43:00",
  "value" : "10"
},{
  "dateTime" : "02/15/14 14:44:00",
  "value" : "10"
},{
  "dateTime" : "02/15/14 14:45:00",
  "value" : "10"
},{
  "dateTime" : "02/15/14 15:23:00",
  "value" : "10"
},{
  "dateTime" : "02/15/14 16:07:00",
  "value" : "10"
},{
  "dateTime" : "02/15/14 16:48:00",
  "value" : "10"
},{
  "dateTime" : "02/15/14 17:38:00",
  "value" : "10"
},{
  "dateTime" : "02/15/14 18:41:00",
  "value" : "10"
},{
  "dateTime" : "02/15/14 18:42:00",
  "value" : "10"
},{
  "dateTime" : "02/15/14 19:39:00",
  "value" : "10"
},{
  "dateTime" : "02/15/14 19:40:00",
  "value" : "10"
},{
  "dateTime" : "02/15/14 22:15:00",
  "value" : "10"
},{
  "dateTime" : "02/16/14 00:25:00",
  "value" : "10"
},{
  "dateTime" : "02/16/14 07:37:00",
  "value" : "10"
},{
  "dateTime" : "02/16/14 08:43:00",
  "value" : "10"
},{
  "dateTime" : "02/16/14 09:36:00",
  "value" : "10"
},{
  "dateTime" : "02/16/14 10:57:00",
  "value" : "10"
},{
  "dateTime" : "02/16/14 11:28:00",
  "value" : "10"
},{
  "dateTime" : "02/16/14 11:29:00",
  "value" : "10"
},{
  "dateTime" : "02/16/14 11:50:00",
  "value" : "10"
},{
  "dateTime" : "02/16/14 12:47:00",
  "value" : "10"
},{
  "dateTime" : "02/16/14 12:48:00",
  "value" : "10"
},{
  "dateTime" : "02/16/14 13:29:00",
  "value" : "10"
},{
  "dateTime" : "02/16/14 13:46:00",
  "value" : "10"
},{
  "dateTime" : "02/16/14 13:47:00",
  "value" : "10"
},{
  "dateTime" : "02/16/14 13:48:00",
  "value" : "10"
},{
  "dateTime" : "02/16/14 13:49:00",
  "value" : "10"
},{
  "dateTime" : "02/16/14 14:11:00",
  "value" : "10"
},{
  "dateTime" : "02/16/14 18:37:00",
  "value" : "10"
},{
  "dateTime" : "02/16/14 18:38:00",
  "value" : "20"
},{
  "dateTime" : "02/16/14 18:39:00",
  "value" : "20"
},{
  "dateTime" : "02/16/14 18:40:00",
  "value" : "10"
},{
  "dateTime" : "02/16/14 18:41:00",
  "value" : "10"
},{
  "dateTime" : "02/16/14 18:42:00",
  "value" : "30"
},{
  "dateTime" : "02/16/14 19:45:00",
  "value" : "10"
},{
  "dateTime" : "02/17/14 08:13:00",
  "value" : "10"
},{
  "dateTime" : "02/17/14 08:14:00",
  "value" : "10"
},{
  "dateTime" : "02/17/14 08:15:00",
  "value" : "10"
},{
  "dateTime" : "02/17/14 08:35:00",
  "value" : "10"
},{
  "dateTime" : "02/17/14 08:57:00",
  "value" : "10"
},{
  "dateTime" : "02/17/14 09:28:00",
  "value" : "10"
},{
  "dateTime" : "02/17/14 09:29:00",
  "value" : "10"
},{
  "dateTime" : "02/17/14 09:49:00",
  "value" : "10"
},{
  "dateTime" : "02/17/14 09:50:00",
  "value" : "10"
},{
  "dateTime" : "02/17/14 09:51:00",
  "value" : "10"
},{
  "dateTime" : "02/17/14 09:52:00",
  "value" : "10"
},{
  "dateTime" : "02/17/14 10:07:00",
  "value" : "10"
},{
  "dateTime" : "02/17/14 10:08:00",
  "value" : "10"
},{
  "dateTime" : "02/17/14 10:09:00",
  "value" : "10"
},{
  "dateTime" : "02/17/14 10:10:00",
  "value" : "10"
},{
  "dateTime" : "02/17/14 10:11:00",
  "value" : "10"
},{
  "dateTime" : "02/17/14 10:16:00",
  "value" : "10"
},{
  "dateTime" : "02/17/14 10:17:00",
  "value" : "10"
},{
  "dateTime" : "02/17/14 10:18:00",
  "value" : "10"
},{
  "dateTime" : "02/17/14 10:24:00",
  "value" : "10"
},{
  "dateTime" : "02/17/14 10:25:00",
  "value" : "10"
},{
  "dateTime" : "02/17/14 10:26:00",
  "value" : "10"
},{
  "dateTime" : "02/17/14 10:52:00",
  "value" : "20"
},{
  "dateTime" : "02/17/14 11:09:00",
  "value" : "10"
},{
  "dateTime" : "02/17/14 12:05:00",
  "value" : "10"
},{
  "dateTime" : "02/17/14 12:27:00",
  "value" : "10"
},{
  "dateTime" : "02/17/14 12:48:00",
  "value" : "10"
},{
  "dateTime" : "02/17/14 13:11:00",
  "value" : "10"
},{
  "dateTime" : "02/17/14 13:36:00",
  "value" : "10"
},{
  "dateTime" : "02/17/14 16:08:00",
  "value" : "10"
},{
  "dateTime" : "02/17/14 17:07:00",
  "value" : "10"
},{
  "dateTime" : "02/17/14 17:08:00",
  "value" : "10"
},{
  "dateTime" : "02/17/14 17:11:00",
  "value" : "10"
},{
  "dateTime" : "02/17/14 17:12:00",
  "value" : "10"
},{
  "dateTime" : "02/17/14 17:58:00",
  "value" : "10"
},{
  "dateTime" : "02/17/14 17:59:00",
  "value" : "10"
},{
  "dateTime" : "02/17/14 19:01:00",
  "value" : "10"
},{
  "dateTime" : "02/17/14 19:02:00",
  "value" : "10"
},{
  "dateTime" : "02/17/14 19:03:00",
  "value" : "10"
},{
  "dateTime" : "02/17/14 19:49:00",
  "value" : "10"
},{
  "dateTime" : "02/17/14 20:32:00",
  "value" : "10"
},{
  "dateTime" : "02/17/14 20:33:00",
  "value" : "10"
},{
  "dateTime" : "02/17/14 20:52:00",
  "value" : "10"
},{
  "dateTime" : "02/18/14 05:30:00",
  "value" : "10"
},{
  "dateTime" : "02/18/14 06:32:00",
  "value" : "10"
},{
  "dateTime" : "02/18/14 08:49:00",
  "value" : "10"
},{
  "dateTime" : "02/18/14 11:53:00",
  "value" : "10"
},{
  "dateTime" : "02/18/14 13:12:00",
  "value" : "10"
},{
  "dateTime" : "02/18/14 14:29:00",
  "value" : "10"
},{
  "dateTime" : "02/18/14 14:52:00",
  "value" : "10"
},{
  "dateTime" : "02/18/14 16:11:00",
  "value" : "10"
},{
  "dateTime" : "02/18/14 16:34:00",
  "value" : "10"
},{
  "dateTime" : "02/18/14 16:35:00",
  "value" : "10"
},{
  "dateTime" : "02/18/14 17:16:00",
  "value" : "10"
},{
  "dateTime" : "02/18/14 17:39:00",
  "value" : "10"
},{
  "dateTime" : "02/18/14 18:59:00",
  "value" : "10"
},{
  "dateTime" : "02/18/14 19:29:00",
  "value" : "10"
},{
  "dateTime" : "02/18/14 19:47:00",
  "value" : "10"
},{
  "dateTime" : "02/18/14 19:55:00",
  "value" : "10"
},{
  "dateTime" : "02/18/14 21:01:00",
  "value" : "10"
},{
  "dateTime" : "02/18/14 21:02:00",
  "value" : "10"
},{
  "dateTime" : "02/18/14 21:09:00",
  "value" : "10"
},{
  "dateTime" : "02/18/14 22:11:00",
  "value" : "10"
},{
  "dateTime" : "02/18/14 22:12:00",
  "value" : "10"
},{
  "dateTime" : "02/18/14 22:13:00",
  "value" : "10"
},{
  "dateTime" : "02/18/14 22:14:00",
  "value" : "10"
},{
  "dateTime" : "02/18/14 22:15:00",
  "value" : "10"
},{
  "dateTime" : "02/18/14 22:47:00",
  "value" : "10"
},{
  "dateTime" : "02/18/14 22:48:00",
  "value" : "20"
},{
  "dateTime" : "02/19/14 00:09:00",
  "value" : "10"
},{
  "dateTime" : "02/19/14 00:10:00",
  "value" : "10"
},{
  "dateTime" : "02/19/14 00:11:00",
  "value" : "10"
},{
  "dateTime" : "02/19/14 00:12:00",
  "value" : "10"
},{
  "dateTime" : "02/19/14 00:13:00",
  "value" : "10"
},{
  "dateTime" : "02/19/14 00:33:00",
  "value" : "10"
},{
  "dateTime" : "02/19/14 05:11:00",
  "value" : "10"
},{
  "dateTime" : "02/19/14 13:30:00",
  "value" : "10"
},{
  "dateTime" : "02/20/14 11:13:00",
  "value" : "10"
},{
  "dateTime" : "02/20/14 12:38:00",
  "value" : "10"
},{
  "dateTime" : "02/20/14 13:38:00",
  "value" : "10"
},{
  "dateTime" : "02/21/14 12:08:00",
  "value" : "10"
},{
  "dateTime" : "02/21/14 14:59:00",
  "value" : "10"
},{
  "dateTime" : "02/21/14 15:00:00",
  "value" : "10"
},{
  "dateTime" : "02/21/14 15:31:00",
  "value" : "10"
},{
  "dateTime" : "02/21/14 15:32:00",
  "value" : "10"
},{
  "dateTime" : "02/21/14 15:33:00",
  "value" : "10"
},{
  "dateTime" : "02/21/14 16:07:00",
  "value" : "10"
},{
  "dateTime" : "02/21/14 17:22:00",
  "value" : "10"
},{
  "dateTime" : "02/22/14 11:28:00",
  "value" : "10"
},{
  "dateTime" : "02/22/14 15:19:00",
  "value" : "10"
},{
  "dateTime" : "02/22/14 17:37:00",
  "value" : "10"
},{
  "dateTime" : "02/22/14 18:52:00",
  "value" : "10"
},{
  "dateTime" : "02/23/14 08:38:00",
  "value" : "10"
},{
  "dateTime" : "02/23/14 08:39:00",
  "value" : "10"
},{
  "dateTime" : "02/23/14 11:11:00",
  "value" : "30"
},{
  "dateTime" : "02/23/14 14:21:00",
  "value" : "20"
},{
  "dateTime" : "02/23/14 14:44:00",
  "value" : "10"
},{
  "dateTime" : "02/23/14 16:16:00",
  "value" : "10"
},{
  "dateTime" : "02/23/14 16:17:00",
  "value" : "10"
},{
  "dateTime" : "02/23/14 17:08:00",
  "value" : "10"
},{
  "dateTime" : "02/23/14 17:09:00",
  "value" : "10"
},{
  "dateTime" : "02/23/14 17:10:00",
  "value" : "10"
},{
  "dateTime" : "02/23/14 19:28:00",
  "value" : "10"
},{
  "dateTime" : "02/23/14 19:46:00",
  "value" : "10"
},{
  "dateTime" : "02/23/14 19:47:00",
  "value" : "10"
},{
  "dateTime" : "02/23/14 21:08:00",
  "value" : "10"
},{
  "dateTime" : "02/23/14 21:44:00",
  "value" : "40"
},{
  "dateTime" : "02/23/14 21:45:00",
  "value" : "20"
},{
  "dateTime" : "02/26/14 22:20:00",
  "value" : "10"
},{
  "dateTime" : "02/27/14 20:17:00",
  "value" : "10"
},{
  "dateTime" : "02/27/14 20:18:00",
  "value" : "10"
},{
  "dateTime" : "02/27/14 22:41:00",
  "value" : "10"
},{
  "dateTime" : "02/28/14 06:55:00",
  "value" : "10"
},{
  "dateTime" : "02/28/14 08:30:00",
  "value" : "10"
},{
  "dateTime" : "02/28/14 08:31:00",
  "value" : "10"
},{
  "dateTime" : "02/28/14 08:54:00",
  "value" : "10"
},{
  "dateTime" : "02/28/14 08:55:00",
  "value" : "10"
},{
  "dateTime" : "02/28/14 10:21:00",
  "value" : "10"
},{
  "dateTime" : "02/28/14 11:11:00",
  "value" : "10"
},{
  "dateTime" : "02/28/14 12:05:00",
  "value" : "10"
},{
  "dateTime" : "02/28/14 12:22:00",
  "value" : "10"
},{
  "dateTime" : "02/28/14 13:50:00",
  "value" : "10"
},{
  "dateTime" : "02/28/14 15:49:00",
  "value" : "10"
},{
  "dateTime" : "02/28/14 16:14:00",
  "value" : "10"
},{
  "dateTime" : "02/28/14 18:33:00",
  "value" : "10"
},{
  "dateTime" : "02/28/14 18:34:00",
  "value" : "10"
},{
  "dateTime" : "02/28/14 19:34:00",
  "value" : "10"
},{
  "dateTime" : "03/01/14 08:24:00",
  "value" : "10"
},{
  "dateTime" : "03/01/14 09:02:00",
  "value" : "10"
},{
  "dateTime" : "03/01/14 09:21:00",
  "value" : "10"
},{
  "dateTime" : "03/01/14 10:48:00",
  "value" : "10"
},{
  "dateTime" : "03/01/14 12:09:00",
  "value" : "10"
},{
  "dateTime" : "03/01/14 14:42:00",
  "value" : "10"
},{
  "dateTime" : "03/01/14 14:43:00",
  "value" : "10"
},{
  "dateTime" : "03/01/14 15:45:00",
  "value" : "10"
},{
  "dateTime" : "03/01/14 18:42:00",
  "value" : "10"
},{
  "dateTime" : "03/01/14 20:05:00",
  "value" : "10"
},{
  "dateTime" : "03/01/14 20:45:00",
  "value" : "10"
},{
  "dateTime" : "03/02/14 00:15:00",
  "value" : "10"
},{
  "dateTime" : "03/02/14 06:41:00",
  "value" : "10"
},{
  "dateTime" : "03/02/14 12:21:00",
  "value" : "10"
},{
  "dateTime" : "03/02/14 12:57:00",
  "value" : "10"
},{
  "dateTime" : "03/02/14 12:58:00",
  "value" : "10"
},{
  "dateTime" : "03/02/14 13:16:00",
  "value" : "10"
},{
  "dateTime" : "03/02/14 14:01:00",
  "value" : "10"
},{
  "dateTime" : "03/02/14 15:06:00",
  "value" : "10"
},{
  "dateTime" : "03/02/14 15:50:00",
  "value" : "10"
},{
  "dateTime" : "03/02/14 16:04:00",
  "value" : "20"
},{
  "dateTime" : "03/02/14 16:05:00",
  "value" : "10"
},{
  "dateTime" : "03/02/14 16:12:00",
  "value" : "10"
},{
  "dateTime" : "03/02/14 16:38:00",
  "value" : "10"
},{
  "dateTime" : "03/02/14 16:39:00",
  "value" : "10"
},{
  "dateTime" : "03/02/14 17:14:00",
  "value" : "10"
},{
  "dateTime" : "03/02/14 17:15:00",
  "value" : "10"
},{
  "dateTime" : "03/02/14 17:16:00",
  "value" : "20"
},{
  "dateTime" : "03/02/14 17:17:00",
  "value" : "10"
},{
  "dateTime" : "03/02/14 17:54:00",
  "value" : "10"
},{
  "dateTime" : "03/02/14 17:55:00",
  "value" : "10"
},{
  "dateTime" : "03/02/14 17:56:00",
  "value" : "10"
},{
  "dateTime" : "03/02/14 17:57:00",
  "value" : "10"
},{
  "dateTime" : "03/02/14 18:45:00",
  "value" : "10"
},{
  "dateTime" : "03/02/14 18:46:00",
  "value" : "10"
},{
  "dateTime" : "03/02/14 18:47:00",
  "value" : "10"
},{
  "dateTime" : "03/02/14 19:38:00",
  "value" : "10"
},{
  "dateTime" : "03/02/14 20:06:00",
  "value" : "10"
},{
  "dateTime" : "03/02/14 20:09:00",
  "value" : "10"
},{
  "dateTime" : "03/02/14 20:51:00",
  "value" : "10"
},{
  "dateTime" : "03/03/14 07:45:00",
  "value" : "10"
},{
  "dateTime" : "03/03/14 08:24:00",
  "value" : "10"
},{
  "dateTime" : "03/03/14 09:10:00",
  "value" : "10"
},{
  "dateTime" : "03/03/14 09:11:00",
  "value" : "10"
},{
  "dateTime" : "03/03/14 14:16:00",
  "value" : "10"
},{
  "dateTime" : "03/03/14 15:40:00",
  "value" : "10"
},{
  "dateTime" : "03/03/14 15:41:00",
  "value" : "10"
},{
  "dateTime" : "03/03/14 15:42:00",
  "value" : "10"
},{
  "dateTime" : "03/03/14 15:43:00",
  "value" : "10"
},{
  "dateTime" : "03/03/14 17:10:00",
  "value" : "10"
},{
  "dateTime" : "03/03/14 19:00:00",
  "value" : "10"
},{
  "dateTime" : "03/03/14 19:10:00",
  "value" : "10"
},{
  "dateTime" : "03/03/14 19:45:00",
  "value" : "10"
},{
  "dateTime" : "03/03/14 19:46:00",
  "value" : "10"
},{
  "dateTime" : "03/03/14 20:19:00",
  "value" : "10"
},{
  "dateTime" : "03/03/14 20:37:00",
  "value" : "10"
},{
  "dateTime" : "03/03/14 21:10:00",
  "value" : "10"
},{
  "dateTime" : "03/04/14 07:56:00",
  "value" : "10"
},{
  "dateTime" : "03/04/14 08:04:00",
  "value" : "10"
},{
  "dateTime" : "03/04/14 08:44:00",
  "value" : "10"
},{
  "dateTime" : "03/04/14 09:51:00",
  "value" : "10"
},{
  "dateTime" : "03/04/14 10:08:00",
  "value" : "10"
},{
  "dateTime" : "03/04/14 10:42:00",
  "value" : "10"
},{
  "dateTime" : "03/04/14 11:10:00",
  "value" : "10"
},{
  "dateTime" : "03/04/14 11:23:00",
  "value" : "10"
},{
  "dateTime" : "03/04/14 11:24:00",
  "value" : "10"
},{
  "dateTime" : "03/04/14 11:42:00",
  "value" : "10"
},{
  "dateTime" : "03/04/14 12:22:00",
  "value" : "10"
},{
  "dateTime" : "03/04/14 12:23:00",
  "value" : "10"
},{
  "dateTime" : "03/04/14 13:45:00",
  "value" : "10"
},{
  "dateTime" : "03/04/14 13:52:00",
  "value" : "10"
},{
  "dateTime" : "03/04/14 13:53:00",
  "value" : "10"
},{
  "dateTime" : "03/04/14 15:05:00",
  "value" : "10"
},{
  "dateTime" : "03/04/14 15:06:00",
  "value" : "10"
},{
  "dateTime" : "03/04/14 15:07:00",
  "value" : "10"
},{
  "dateTime" : "03/04/14 15:22:00",
  "value" : "10"
},{
  "dateTime" : "03/04/14 15:46:00",
  "value" : "10"
},{
  "dateTime" : "03/04/14 16:46:00",
  "value" : "10"
},{
  "dateTime" : "03/04/14 16:47:00",
  "value" : "10"
},{
  "dateTime" : "03/04/14 16:52:00",
  "value" : "10"
},{
  "dateTime" : "03/04/14 17:52:00",
  "value" : "10"
},{
  "dateTime" : "03/04/14 18:43:00",
  "value" : "10"
},{
  "dateTime" : "03/04/14 19:27:00",
  "value" : "20"
},{
  "dateTime" : "03/04/14 19:32:00",
  "value" : "10"
},{
  "dateTime" : "03/04/14 19:33:00",
  "value" : "10"
},{
  "dateTime" : "03/04/14 21:03:00",
  "value" : "10"
},{
  "dateTime" : "03/04/14 21:21:00",
  "value" : "10"
},{
  "dateTime" : "03/04/14 21:23:00",
  "value" : "10"
},{
  "dateTime" : "03/05/14 09:15:00",
  "value" : "10"
},{
  "dateTime" : "03/05/14 12:18:00",
  "value" : "10"
},{
  "dateTime" : "03/05/14 16:57:00",
  "value" : "10"
},{
  "dateTime" : "03/05/14 17:59:00",
  "value" : "10"
},{
  "dateTime" : "03/05/14 18:00:00",
  "value" : "10"
},{
  "dateTime" : "03/05/14 19:26:00",
  "value" : "10"
},{
  "dateTime" : "03/05/14 19:27:00",
  "value" : "10"
},{
  "dateTime" : "03/05/14 19:34:00",
  "value" : "10"
},{
  "dateTime" : "03/05/14 19:59:00",
  "value" : "10"
},{
  "dateTime" : "03/05/14 21:12:00",
  "value" : "10"
},{
  "dateTime" : "03/05/14 22:50:00",
  "value" : "10"
},{
  "dateTime" : "03/06/14 08:33:00",
  "value" : "10"
},{
  "dateTime" : "03/06/14 08:56:00",
  "value" : "10"
},{
  "dateTime" : "03/06/14 12:29:00",
  "value" : "10"
},{
  "dateTime" : "03/06/14 12:30:00",
  "value" : "10"
},{
  "dateTime" : "03/06/14 14:09:00",
  "value" : "10"
},{
  "dateTime" : "03/06/14 15:13:00",
  "value" : "10"
},{
  "dateTime" : "03/06/14 15:40:00",
  "value" : "10"
},{
  "dateTime" : "03/06/14 18:08:00",
  "value" : "10"
},{
  "dateTime" : "03/06/14 18:46:00",
  "value" : "10"
},{
  "dateTime" : "03/06/14 19:54:00",
  "value" : "10"
},{
  "dateTime" : "03/06/14 20:40:00",
  "value" : "10"
},{
  "dateTime" : "03/06/14 20:54:00",
  "value" : "10"
},{
  "dateTime" : "03/06/14 22:25:00",
  "value" : "10"
},{
  "dateTime" : "03/07/14 08:10:00",
  "value" : "10"
},{
  "dateTime" : "03/07/14 09:03:00",
  "value" : "10"
},{
  "dateTime" : "03/07/14 16:54:00",
  "value" : "10"
},{
  "dateTime" : "03/07/14 17:10:00",
  "value" : "10"
},{
  "dateTime" : "03/07/14 20:21:00",
  "value" : "10"
},{
  "dateTime" : "03/07/14 20:22:00",
  "value" : "10"
},{
  "dateTime" : "03/07/14 21:39:00",
  "value" : "10"
},{
  "dateTime" : "03/08/14 00:04:00",
  "value" : "10"
},{
  "dateTime" : "03/08/14 07:45:00",
  "value" : "10"
},{
  "dateTime" : "03/08/14 11:17:00",
  "value" : "10"
},{
  "dateTime" : "03/08/14 12:15:00",
  "value" : "10"
},{
  "dateTime" : "03/08/14 16:23:00",
  "value" : "10"
},{
  "dateTime" : "03/08/14 17:50:00",
  "value" : "10"
},{
  "dateTime" : "03/08/14 22:18:00",
  "value" : "10"
},{
  "dateTime" : "03/09/14 00:09:00",
  "value" : "10"
},{
  "dateTime" : "03/09/14 04:33:00",
  "value" : "10"
},{
  "dateTime" : "03/09/14 11:50:00",
  "value" : "10"
},{
  "dateTime" : "03/09/14 11:51:00",
  "value" : "10"
},{
  "dateTime" : "03/09/14 11:52:00",
  "value" : "10"
},{
  "dateTime" : "03/09/14 12:23:00",
  "value" : "10"
},{
  "dateTime" : "03/09/14 12:24:00",
  "value" : "20"
},{
  "dateTime" : "03/09/14 12:25:00",
  "value" : "10"
},{
  "dateTime" : "03/09/14 12:26:00",
  "value" : "10"
},{
  "dateTime" : "03/09/14 13:10:00",
  "value" : "10"
},{
  "dateTime" : "03/09/14 13:50:00",
  "value" : "10"
},{
  "dateTime" : "03/09/14 15:04:00",
  "value" : "10"
},{
  "dateTime" : "03/09/14 16:26:00",
  "value" : "10"
},{
  "dateTime" : "03/09/14 17:04:00",
  "value" : "10"
},{
  "dateTime" : "03/09/14 18:34:00",
  "value" : "10"
},{
  "dateTime" : "03/09/14 18:54:00",
  "value" : "10"
},{
  "dateTime" : "03/09/14 19:27:00",
  "value" : "10"
},{
  "dateTime" : "03/09/14 20:32:00",
  "value" : "10"
},{
  "dateTime" : "03/09/14 20:49:00",
  "value" : "10"
},{
  "dateTime" : "03/09/14 23:36:00",
  "value" : "10"
},{
  "dateTime" : "03/10/14 08:12:00",
  "value" : "10"
},{
  "dateTime" : "03/10/14 08:13:00",
  "value" : "10"
},{
  "dateTime" : "03/10/14 09:02:00",
  "value" : "10"
},{
  "dateTime" : "03/10/14 11:01:00",
  "value" : "10"
},{
  "dateTime" : "03/10/14 11:52:00",
  "value" : "10"
},{
  "dateTime" : "03/10/14 12:35:00",
  "value" : "10"
},{
  "dateTime" : "03/10/14 12:36:00",
  "value" : "10"
},{
  "dateTime" : "03/10/14 13:49:00",
  "value" : "10"
},{
  "dateTime" : "03/10/14 13:57:00",
  "value" : "10"
},{
  "dateTime" : "03/10/14 14:39:00",
  "value" : "10"
},{
  "dateTime" : "03/10/14 14:47:00",
  "value" : "10"
},{
  "dateTime" : "03/10/14 14:48:00",
  "value" : "10"
},{
  "dateTime" : "03/10/14 15:28:00",
  "value" : "20"
},{
  "dateTime" : "03/10/14 15:40:00",
  "value" : "10"
},{
  "dateTime" : "03/10/14 20:43:00",
  "value" : "10"
},{
  "dateTime" : "03/10/14 21:44:00",
  "value" : "10"
},{
  "dateTime" : "03/10/14 22:28:00",
  "value" : "10"
},{
  "dateTime" : "03/10/14 23:38:00",
  "value" : "10"
},{
  "dateTime" : "03/11/14 06:06:00",
  "value" : "10"
},{
  "dateTime" : "03/11/14 07:27:00",
  "value" : "10"
},{
  "dateTime" : "03/11/14 08:24:00",
  "value" : "10"
},{
  "dateTime" : "03/11/14 09:26:00",
  "value" : "10"
},{
  "dateTime" : "03/11/14 12:19:00",
  "value" : "10"
},{
  "dateTime" : "03/11/14 13:25:00",
  "value" : "10"
},{
  "dateTime" : "03/11/14 14:47:00",
  "value" : "10"
},{
  "dateTime" : "03/11/14 15:13:00",
  "value" : "10"
},{
  "dateTime" : "03/11/14 15:14:00",
  "value" : "10"
},{
  "dateTime" : "03/11/14 15:53:00",
  "value" : "10"
},{
  "dateTime" : "03/11/14 17:29:00",
  "value" : "10"
},{
  "dateTime" : "03/11/14 19:21:00",
  "value" : "10"
},{
  "dateTime" : "03/11/14 19:40:00",
  "value" : "10"
},{
  "dateTime" : "03/11/14 20:38:00",
  "value" : "10"
},{
  "dateTime" : "03/11/14 20:39:00",
  "value" : "20"
},{
  "dateTime" : "03/11/14 21:09:00",
  "value" : "20"
},{
  "dateTime" : "03/11/14 21:37:00",
  "value" : "10"
},{
  "dateTime" : "03/11/14 22:34:00",
  "value" : "10"
},{
  "dateTime" : "03/12/14 09:00:00",
  "value" : "10"
},{
  "dateTime" : "03/12/14 09:28:00",
  "value" : "10"
},{
  "dateTime" : "03/12/14 09:55:00",
  "value" : "10"
},{
  "dateTime" : "03/12/14 10:58:00",
  "value" : "10"
},{
  "dateTime" : "03/12/14 11:05:00",
  "value" : "10"
},{
  "dateTime" : "03/12/14 12:01:00",
  "value" : "10"
},{
  "dateTime" : "03/12/14 12:02:00",
  "value" : "10"
},{
  "dateTime" : "03/12/14 12:03:00",
  "value" : "10"
},{
  "dateTime" : "03/12/14 13:36:00",
  "value" : "20"
},{
  "dateTime" : "03/12/14 13:37:00",
  "value" : "10"
},{
  "dateTime" : "03/12/14 13:38:00",
  "value" : "10"
},{
  "dateTime" : "03/12/14 15:05:00",
  "value" : "10"
},{
  "dateTime" : "03/12/14 16:22:00",
  "value" : "10"
},{
  "dateTime" : "03/12/14 17:45:00",
  "value" : "10"
},{
  "dateTime" : "03/12/14 18:30:00",
  "value" : "10"
},{
  "dateTime" : "03/12/14 18:55:00",
  "value" : "10"
},{
  "dateTime" : "03/12/14 19:31:00",
  "value" : "10"
},{
  "dateTime" : "03/12/14 21:52:00",
  "value" : "10"
},{
  "dateTime" : "03/13/14 08:31:00",
  "value" : "10"
},{
  "dateTime" : "03/13/14 11:22:00",
  "value" : "10"
},{
  "dateTime" : "03/13/14 17:09:00",
  "value" : "10"
},{
  "dateTime" : "03/13/14 17:52:00",
  "value" : "10"
},{
  "dateTime" : "03/13/14 17:58:00",
  "value" : "10"
},{
  "dateTime" : "03/13/14 17:59:00",
  "value" : "10"
},{
  "dateTime" : "03/13/14 18:25:00",
  "value" : "10"
},{
  "dateTime" : "03/13/14 18:26:00",
  "value" : "10"
},{
  "dateTime" : "03/13/14 18:27:00",
  "value" : "10"
},{
  "dateTime" : "03/13/14 18:59:00",
  "value" : "10"
},{
  "dateTime" : "03/13/14 19:00:00",
  "value" : "10"
},{
  "dateTime" : "03/13/14 20:13:00",
  "value" : "10"
},{
  "dateTime" : "03/13/14 20:24:00",
  "value" : "10"
},{
  "dateTime" : "03/13/14 20:32:00",
  "value" : "10"
},{
  "dateTime" : "03/13/14 21:00:00",
  "value" : "10"
},{
  "dateTime" : "03/13/14 21:39:00",
  "value" : "10"
},{
  "dateTime" : "03/13/14 21:40:00",
  "value" : "10"
},{
  "dateTime" : "03/13/14 23:04:00",
  "value" : "10"
},{
  "dateTime" : "03/14/14 00:33:00",
  "value" : "10"
},{
  "dateTime" : "03/14/14 08:45:00",
  "value" : "10"
},{
  "dateTime" : "03/14/14 08:46:00",
  "value" : "10"
},{
  "dateTime" : "03/14/14 09:04:00",
  "value" : "10"
},{
  "dateTime" : "03/14/14 09:05:00",
  "value" : "10"
},{
  "dateTime" : "03/14/14 12:25:00",
  "value" : "10"
},{
  "dateTime" : "03/14/14 12:26:00",
  "value" : "10"
},{
  "dateTime" : "03/14/14 13:32:00",
  "value" : "30"
},{
  "dateTime" : "03/14/14 13:54:00",
  "value" : "10"
},{
  "dateTime" : "03/14/14 13:55:00",
  "value" : "10"
},{
  "dateTime" : "03/14/14 13:56:00",
  "value" : "10"
},{
  "dateTime" : "03/14/14 13:57:00",
  "value" : "10"
},{
  "dateTime" : "03/14/14 13:58:00",
  "value" : "20"
},{
  "dateTime" : "03/14/14 14:25:00",
  "value" : "10"
},{
  "dateTime" : "03/14/14 14:26:00",
  "value" : "10"
},{
  "dateTime" : "03/14/14 14:33:00",
  "value" : "10"
},{
  "dateTime" : "03/14/14 14:34:00",
  "value" : "10"
},{
  "dateTime" : "03/14/14 14:35:00",
  "value" : "10"
},{
  "dateTime" : "03/14/14 14:36:00",
  "value" : "10"
},{
  "dateTime" : "03/14/14 14:37:00",
  "value" : "10"
},{
  "dateTime" : "03/14/14 14:38:00",
  "value" : "10"
},{
  "dateTime" : "03/14/14 14:39:00",
  "value" : "10"
},{
  "dateTime" : "03/14/14 14:55:00",
  "value" : "20"
},{
  "dateTime" : "03/14/14 14:56:00",
  "value" : "30"
},{
  "dateTime" : "03/14/14 14:57:00",
  "value" : "10"
},{
  "dateTime" : "03/14/14 14:58:00",
  "value" : "10"
},{
  "dateTime" : "03/14/14 14:59:00",
  "value" : "10"
},{
  "dateTime" : "03/14/14 15:34:00",
  "value" : "10"
},{
  "dateTime" : "03/14/14 15:35:00",
  "value" : "10"
},{
  "dateTime" : "03/14/14 17:01:00",
  "value" : "10"
},{
  "dateTime" : "03/14/14 18:23:00",
  "value" : "10"
},{
  "dateTime" : "03/14/14 18:26:00",
  "value" : "10"
},{
  "dateTime" : "03/14/14 20:11:00",
  "value" : "10"
},{
  "dateTime" : "03/14/14 20:42:00",
  "value" : "10"
},{
  "dateTime" : "03/14/14 21:15:00",
  "value" : "10"
},{
  "dateTime" : "03/15/14 09:57:00",
  "value" : "10"
},{
  "dateTime" : "03/15/14 10:48:00",
  "value" : "10"
},{
  "dateTime" : "03/15/14 12:14:00",
  "value" : "10"
},{
  "dateTime" : "03/15/14 12:32:00",
  "value" : "10"
},{
  "dateTime" : "03/15/14 18:23:00",
  "value" : "10"
},{
  "dateTime" : "03/15/14 23:01:00",
  "value" : "10"
}]