[{
  "dateTime" : "02/19/13 00:24:00",
  "value" : "10"
},{
  "dateTime" : "02/19/13 08:30:00",
  "value" : "10"
},{
  "dateTime" : "02/19/13 08:39:00",
  "value" : "10"
},{
  "dateTime" : "02/19/13 09:01:00",
  "value" : "10"
},{
  "dateTime" : "02/19/13 09:22:00",
  "value" : "10"
},{
  "dateTime" : "02/19/13 10:33:00",
  "value" : "10"
},{
  "dateTime" : "02/19/13 10:37:00",
  "value" : "10"
},{
  "dateTime" : "02/19/13 10:59:00",
  "value" : "10"
},{
  "dateTime" : "02/19/13 11:13:00",
  "value" : "10"
},{
  "dateTime" : "02/19/13 12:29:00",
  "value" : "10"
},{
  "dateTime" : "02/19/13 13:59:00",
  "value" : "10"
},{
  "dateTime" : "02/19/13 14:18:00",
  "value" : "10"
},{
  "dateTime" : "02/19/13 14:50:00",
  "value" : "10"
},{
  "dateTime" : "02/19/13 14:56:00",
  "value" : "10"
},{
  "dateTime" : "02/19/13 15:06:00",
  "value" : "10"
},{
  "dateTime" : "02/19/13 18:37:00",
  "value" : "10"
},{
  "dateTime" : "02/19/13 21:06:00",
  "value" : "10"
},{
  "dateTime" : "02/19/13 21:11:00",
  "value" : "10"
},{
  "dateTime" : "02/19/13 23:11:00",
  "value" : "10"
},{
  "dateTime" : "02/20/13 00:38:00",
  "value" : "10"
},{
  "dateTime" : "02/20/13 07:41:00",
  "value" : "10"
},{
  "dateTime" : "02/20/13 08:32:00",
  "value" : "10"
},{
  "dateTime" : "02/20/13 08:52:00",
  "value" : "10"
},{
  "dateTime" : "02/20/13 14:27:00",
  "value" : "10"
},{
  "dateTime" : "02/20/13 19:29:00",
  "value" : "10"
},{
  "dateTime" : "02/20/13 19:44:00",
  "value" : "10"
},{
  "dateTime" : "02/20/13 20:49:00",
  "value" : "10"
},{
  "dateTime" : "02/20/13 20:55:00",
  "value" : "10"
},{
  "dateTime" : "02/20/13 21:09:00",
  "value" : "10"
},{
  "dateTime" : "02/20/13 22:59:00",
  "value" : "10"
},{
  "dateTime" : "02/20/13 23:05:00",
  "value" : "10"
},{
  "dateTime" : "02/21/13 08:44:00",
  "value" : "10"
},{
  "dateTime" : "02/21/13 09:04:00",
  "value" : "10"
},{
  "dateTime" : "02/21/13 10:39:00",
  "value" : "10"
},{
  "dateTime" : "02/21/13 12:22:00",
  "value" : "10"
},{
  "dateTime" : "02/21/13 18:41:00",
  "value" : "10"
},{
  "dateTime" : "02/21/13 20:29:00",
  "value" : "10"
},{
  "dateTime" : "02/21/13 22:51:00",
  "value" : "10"
},{
  "dateTime" : "02/22/13 08:03:00",
  "value" : "10"
},{
  "dateTime" : "02/22/13 08:44:00",
  "value" : "10"
},{
  "dateTime" : "02/22/13 11:17:00",
  "value" : "10"
},{
  "dateTime" : "02/22/13 13:53:00",
  "value" : "10"
},{
  "dateTime" : "02/22/13 14:21:00",
  "value" : "10"
},{
  "dateTime" : "02/22/13 16:41:00",
  "value" : "10"
},{
  "dateTime" : "02/22/13 16:42:00",
  "value" : "10"
},{
  "dateTime" : "02/22/13 16:47:00",
  "value" : "10"
},{
  "dateTime" : "02/22/13 17:47:00",
  "value" : "10"
},{
  "dateTime" : "02/22/13 19:59:00",
  "value" : "10"
},{
  "dateTime" : "02/22/13 20:00:00",
  "value" : "10"
},{
  "dateTime" : "02/22/13 20:24:00",
  "value" : "10"
},{
  "dateTime" : "02/22/13 23:04:00",
  "value" : "10"
},{
  "dateTime" : "02/23/13 01:56:00",
  "value" : "10"
},{
  "dateTime" : "02/23/13 09:40:00",
  "value" : "10"
},{
  "dateTime" : "02/23/13 11:24:00",
  "value" : "10"
},{
  "dateTime" : "02/23/13 11:58:00",
  "value" : "10"
},{
  "dateTime" : "02/23/13 15:20:00",
  "value" : "10"
},{
  "dateTime" : "02/23/13 19:39:00",
  "value" : "10"
},{
  "dateTime" : "02/23/13 20:05:00",
  "value" : "10"
},{
  "dateTime" : "02/23/13 20:06:00",
  "value" : "10"
},{
  "dateTime" : "02/24/13 08:54:00",
  "value" : "10"
},{
  "dateTime" : "02/24/13 11:45:00",
  "value" : "10"
},{
  "dateTime" : "02/24/13 14:31:00",
  "value" : "10"
},{
  "dateTime" : "02/24/13 18:52:00",
  "value" : "10"
},{
  "dateTime" : "02/24/13 18:53:00",
  "value" : "10"
},{
  "dateTime" : "02/24/13 20:48:00",
  "value" : "10"
},{
  "dateTime" : "02/24/13 23:04:00",
  "value" : "10"
},{
  "dateTime" : "02/25/13 08:15:00",
  "value" : "10"
},{
  "dateTime" : "02/25/13 08:38:00",
  "value" : "10"
},{
  "dateTime" : "02/25/13 08:43:00",
  "value" : "10"
},{
  "dateTime" : "02/25/13 09:34:00",
  "value" : "10"
},{
  "dateTime" : "02/25/13 09:36:00",
  "value" : "10"
},{
  "dateTime" : "02/25/13 10:28:00",
  "value" : "20"
},{
  "dateTime" : "02/25/13 10:29:00",
  "value" : "20"
},{
  "dateTime" : "02/25/13 10:30:00",
  "value" : "10"
},{
  "dateTime" : "02/25/13 12:35:00",
  "value" : "10"
},{
  "dateTime" : "02/25/13 12:44:00",
  "value" : "10"
},{
  "dateTime" : "02/25/13 12:53:00",
  "value" : "10"
},{
  "dateTime" : "02/25/13 14:16:00",
  "value" : "10"
},{
  "dateTime" : "02/25/13 16:03:00",
  "value" : "10"
},{
  "dateTime" : "02/25/13 16:51:00",
  "value" : "10"
},{
  "dateTime" : "02/25/13 16:52:00",
  "value" : "20"
},{
  "dateTime" : "02/25/13 16:56:00",
  "value" : "10"
},{
  "dateTime" : "02/25/13 16:57:00",
  "value" : "10"
},{
  "dateTime" : "02/25/13 17:51:00",
  "value" : "10"
},{
  "dateTime" : "02/25/13 18:17:00",
  "value" : "10"
},{
  "dateTime" : "02/25/13 20:37:00",
  "value" : "20"
},{
  "dateTime" : "02/25/13 21:31:00",
  "value" : "10"
},{
  "dateTime" : "02/26/13 00:55:00",
  "value" : "10"
},{
  "dateTime" : "02/26/13 08:26:00",
  "value" : "10"
},{
  "dateTime" : "02/26/13 08:43:00",
  "value" : "10"
},{
  "dateTime" : "02/26/13 14:11:00",
  "value" : "10"
},{
  "dateTime" : "02/26/13 14:16:00",
  "value" : "10"
},{
  "dateTime" : "02/26/13 14:36:00",
  "value" : "10"
},{
  "dateTime" : "02/26/13 14:40:00",
  "value" : "10"
},{
  "dateTime" : "02/26/13 14:41:00",
  "value" : "10"
},{
  "dateTime" : "02/26/13 14:46:00",
  "value" : "10"
},{
  "dateTime" : "02/26/13 15:22:00",
  "value" : "10"
},{
  "dateTime" : "02/26/13 15:59:00",
  "value" : "10"
},{
  "dateTime" : "02/26/13 16:02:00",
  "value" : "10"
},{
  "dateTime" : "02/26/13 16:53:00",
  "value" : "10"
},{
  "dateTime" : "02/26/13 17:24:00",
  "value" : "10"
},{
  "dateTime" : "02/26/13 18:42:00",
  "value" : "10"
},{
  "dateTime" : "02/26/13 19:10:00",
  "value" : "10"
},{
  "dateTime" : "02/26/13 19:13:00",
  "value" : "10"
},{
  "dateTime" : "02/26/13 19:15:00",
  "value" : "10"
},{
  "dateTime" : "02/26/13 23:19:00",
  "value" : "10"
},{
  "dateTime" : "02/27/13 08:08:00",
  "value" : "10"
},{
  "dateTime" : "02/27/13 08:45:00",
  "value" : "10"
},{
  "dateTime" : "02/27/13 08:50:00",
  "value" : "10"
},{
  "dateTime" : "02/27/13 10:16:00",
  "value" : "20"
},{
  "dateTime" : "02/27/13 10:20:00",
  "value" : "10"
},{
  "dateTime" : "02/27/13 10:21:00",
  "value" : "10"
},{
  "dateTime" : "02/27/13 10:22:00",
  "value" : "10"
},{
  "dateTime" : "02/27/13 11:28:00",
  "value" : "10"
},{
  "dateTime" : "02/27/13 11:44:00",
  "value" : "10"
},{
  "dateTime" : "02/27/13 12:16:00",
  "value" : "10"
},{
  "dateTime" : "02/27/13 12:51:00",
  "value" : "10"
},{
  "dateTime" : "02/27/13 12:52:00",
  "value" : "10"
},{
  "dateTime" : "02/27/13 12:53:00",
  "value" : "20"
},{
  "dateTime" : "02/27/13 12:54:00",
  "value" : "20"
},{
  "dateTime" : "02/27/13 12:55:00",
  "value" : "10"
},{
  "dateTime" : "02/27/13 13:28:00",
  "value" : "10"
},{
  "dateTime" : "02/27/13 14:01:00",
  "value" : "10"
},{
  "dateTime" : "02/27/13 14:08:00",
  "value" : "10"
},{
  "dateTime" : "02/27/13 16:13:00",
  "value" : "10"
},{
  "dateTime" : "02/27/13 17:12:00",
  "value" : "10"
},{
  "dateTime" : "02/27/13 18:06:00",
  "value" : "10"
},{
  "dateTime" : "02/27/13 19:41:00",
  "value" : "10"
},{
  "dateTime" : "02/27/13 20:43:00",
  "value" : "10"
},{
  "dateTime" : "02/28/13 00:26:00",
  "value" : "10"
},{
  "dateTime" : "02/28/13 11:11:00",
  "value" : "10"
},{
  "dateTime" : "02/28/13 12:42:00",
  "value" : "10"
},{
  "dateTime" : "02/28/13 19:10:00",
  "value" : "10"
},{
  "dateTime" : "02/28/13 19:24:00",
  "value" : "10"
},{
  "dateTime" : "02/28/13 23:18:00",
  "value" : "10"
},{
  "dateTime" : "03/01/13 08:28:00",
  "value" : "10"
},{
  "dateTime" : "03/01/13 09:12:00",
  "value" : "10"
},{
  "dateTime" : "03/01/13 09:13:00",
  "value" : "10"
},{
  "dateTime" : "03/01/13 09:39:00",
  "value" : "10"
},{
  "dateTime" : "03/01/13 10:04:00",
  "value" : "10"
},{
  "dateTime" : "03/01/13 10:05:00",
  "value" : "10"
},{
  "dateTime" : "03/01/13 12:02:00",
  "value" : "10"
},{
  "dateTime" : "03/01/13 12:03:00",
  "value" : "10"
},{
  "dateTime" : "03/01/13 14:24:00",
  "value" : "10"
},{
  "dateTime" : "03/01/13 16:01:00",
  "value" : "10"
},{
  "dateTime" : "03/01/13 16:42:00",
  "value" : "10"
},{
  "dateTime" : "03/01/13 17:10:00",
  "value" : "10"
},{
  "dateTime" : "03/01/13 18:51:00",
  "value" : "10"
},{
  "dateTime" : "03/01/13 19:52:00",
  "value" : "10"
},{
  "dateTime" : "03/01/13 19:53:00",
  "value" : "10"
},{
  "dateTime" : "03/01/13 19:59:00",
  "value" : "10"
},{
  "dateTime" : "03/01/13 20:08:00",
  "value" : "10"
},{
  "dateTime" : "03/02/13 04:06:00",
  "value" : "10"
},{
  "dateTime" : "03/02/13 12:21:00",
  "value" : "10"
},{
  "dateTime" : "03/02/13 17:40:00",
  "value" : "10"
},{
  "dateTime" : "03/02/13 22:48:00",
  "value" : "10"
},{
  "dateTime" : "03/03/13 10:48:00",
  "value" : "10"
},{
  "dateTime" : "03/03/13 12:25:00",
  "value" : "10"
},{
  "dateTime" : "03/03/13 12:28:00",
  "value" : "10"
},{
  "dateTime" : "03/03/13 12:57:00",
  "value" : "10"
},{
  "dateTime" : "03/03/13 13:12:00",
  "value" : "10"
},{
  "dateTime" : "03/03/13 13:24:00",
  "value" : "10"
},{
  "dateTime" : "03/03/13 13:53:00",
  "value" : "10"
},{
  "dateTime" : "03/03/13 19:27:00",
  "value" : "10"
},{
  "dateTime" : "03/03/13 20:26:00",
  "value" : "10"
},{
  "dateTime" : "03/03/13 20:30:00",
  "value" : "10"
},{
  "dateTime" : "03/03/13 22:31:00",
  "value" : "10"
},{
  "dateTime" : "03/04/13 05:33:00",
  "value" : "10"
},{
  "dateTime" : "03/04/13 08:35:00",
  "value" : "10"
},{
  "dateTime" : "03/04/13 08:38:00",
  "value" : "10"
},{
  "dateTime" : "03/04/13 09:23:00",
  "value" : "10"
},{
  "dateTime" : "03/04/13 09:50:00",
  "value" : "10"
},{
  "dateTime" : "03/04/13 10:29:00",
  "value" : "10"
},{
  "dateTime" : "03/04/13 11:05:00",
  "value" : "10"
},{
  "dateTime" : "03/04/13 17:14:00",
  "value" : "10"
},{
  "dateTime" : "03/04/13 17:31:00",
  "value" : "10"
},{
  "dateTime" : "03/04/13 20:11:00",
  "value" : "10"
},{
  "dateTime" : "03/04/13 20:18:00",
  "value" : "10"
},{
  "dateTime" : "03/05/13 07:47:00",
  "value" : "10"
},{
  "dateTime" : "03/05/13 08:29:00",
  "value" : "10"
},{
  "dateTime" : "03/05/13 08:44:00",
  "value" : "10"
},{
  "dateTime" : "03/05/13 09:42:00",
  "value" : "10"
},{
  "dateTime" : "03/05/13 09:50:00",
  "value" : "10"
},{
  "dateTime" : "03/05/13 11:18:00",
  "value" : "10"
},{
  "dateTime" : "03/05/13 12:38:00",
  "value" : "10"
},{
  "dateTime" : "03/05/13 12:53:00",
  "value" : "10"
},{
  "dateTime" : "03/05/13 13:44:00",
  "value" : "10"
},{
  "dateTime" : "03/05/13 17:04:00",
  "value" : "20"
},{
  "dateTime" : "03/05/13 18:47:00",
  "value" : "10"
},{
  "dateTime" : "03/05/13 19:33:00",
  "value" : "10"
},{
  "dateTime" : "03/05/13 19:45:00",
  "value" : "10"
},{
  "dateTime" : "03/05/13 22:37:00",
  "value" : "10"
},{
  "dateTime" : "03/05/13 23:43:00",
  "value" : "10"
},{
  "dateTime" : "03/06/13 00:59:00",
  "value" : "10"
},{
  "dateTime" : "03/06/13 07:33:00",
  "value" : "10"
},{
  "dateTime" : "03/06/13 07:55:00",
  "value" : "10"
},{
  "dateTime" : "03/06/13 10:50:00",
  "value" : "10"
},{
  "dateTime" : "03/06/13 14:03:00",
  "value" : "20"
},{
  "dateTime" : "03/06/13 15:09:00",
  "value" : "10"
},{
  "dateTime" : "03/06/13 17:07:00",
  "value" : "10"
},{
  "dateTime" : "03/06/13 19:25:00",
  "value" : "10"
},{
  "dateTime" : "03/06/13 19:36:00",
  "value" : "10"
},{
  "dateTime" : "03/07/13 08:12:00",
  "value" : "10"
},{
  "dateTime" : "03/07/13 08:31:00",
  "value" : "10"
},{
  "dateTime" : "03/07/13 10:45:00",
  "value" : "10"
},{
  "dateTime" : "03/07/13 11:26:00",
  "value" : "10"
},{
  "dateTime" : "03/07/13 12:54:00",
  "value" : "10"
},{
  "dateTime" : "03/07/13 12:55:00",
  "value" : "10"
},{
  "dateTime" : "03/07/13 17:19:00",
  "value" : "10"
},{
  "dateTime" : "03/07/13 17:49:00",
  "value" : "10"
},{
  "dateTime" : "03/07/13 19:14:00",
  "value" : "10"
},{
  "dateTime" : "03/07/13 21:41:00",
  "value" : "10"
},{
  "dateTime" : "03/08/13 07:05:00",
  "value" : "10"
},{
  "dateTime" : "03/08/13 08:14:00",
  "value" : "10"
},{
  "dateTime" : "03/08/13 08:37:00",
  "value" : "10"
},{
  "dateTime" : "03/08/13 15:52:00",
  "value" : "10"
},{
  "dateTime" : "03/08/13 19:16:00",
  "value" : "10"
},{
  "dateTime" : "03/08/13 19:19:00",
  "value" : "10"
},{
  "dateTime" : "03/08/13 19:54:00",
  "value" : "10"
},{
  "dateTime" : "03/08/13 22:11:00",
  "value" : "10"
},{
  "dateTime" : "03/09/13 00:43:00",
  "value" : "10"
},{
  "dateTime" : "03/09/13 06:40:00",
  "value" : "10"
},{
  "dateTime" : "03/09/13 09:51:00",
  "value" : "10"
},{
  "dateTime" : "03/09/13 09:56:00",
  "value" : "10"
},{
  "dateTime" : "03/09/13 12:46:00",
  "value" : "10"
},{
  "dateTime" : "03/09/13 17:27:00",
  "value" : "10"
},{
  "dateTime" : "03/09/13 18:23:00",
  "value" : "10"
},{
  "dateTime" : "03/09/13 18:41:00",
  "value" : "10"
},{
  "dateTime" : "03/09/13 21:36:00",
  "value" : "10"
},{
  "dateTime" : "03/09/13 21:52:00",
  "value" : "10"
},{
  "dateTime" : "03/10/13 08:59:00",
  "value" : "10"
},{
  "dateTime" : "03/10/13 10:14:00",
  "value" : "10"
},{
  "dateTime" : "03/10/13 10:21:00",
  "value" : "10"
},{
  "dateTime" : "03/10/13 11:20:00",
  "value" : "10"
},{
  "dateTime" : "03/10/13 12:02:00",
  "value" : "10"
},{
  "dateTime" : "03/10/13 13:30:00",
  "value" : "10"
},{
  "dateTime" : "03/10/13 13:32:00",
  "value" : "10"
},{
  "dateTime" : "03/10/13 13:33:00",
  "value" : "10"
},{
  "dateTime" : "03/10/13 13:34:00",
  "value" : "20"
},{
  "dateTime" : "03/10/13 16:11:00",
  "value" : "10"
},{
  "dateTime" : "03/10/13 17:54:00",
  "value" : "10"
},{
  "dateTime" : "03/10/13 19:05:00",
  "value" : "10"
},{
  "dateTime" : "03/10/13 19:11:00",
  "value" : "10"
},{
  "dateTime" : "03/10/13 19:45:00",
  "value" : "10"
},{
  "dateTime" : "03/10/13 20:33:00",
  "value" : "10"
},{
  "dateTime" : "03/10/13 20:55:00",
  "value" : "10"
},{
  "dateTime" : "03/10/13 23:10:00",
  "value" : "10"
},{
  "dateTime" : "03/11/13 07:28:00",
  "value" : "10"
},{
  "dateTime" : "03/11/13 08:26:00",
  "value" : "10"
},{
  "dateTime" : "03/11/13 08:29:00",
  "value" : "10"
},{
  "dateTime" : "03/11/13 08:45:00",
  "value" : "10"
},{
  "dateTime" : "03/11/13 11:57:00",
  "value" : "10"
},{
  "dateTime" : "03/11/13 14:40:00",
  "value" : "10"
},{
  "dateTime" : "03/11/13 16:34:00",
  "value" : "10"
},{
  "dateTime" : "03/11/13 17:42:00",
  "value" : "10"
},{
  "dateTime" : "03/11/13 19:55:00",
  "value" : "10"
},{
  "dateTime" : "03/11/13 19:58:00",
  "value" : "10"
},{
  "dateTime" : "03/11/13 20:17:00",
  "value" : "10"
},{
  "dateTime" : "03/11/13 21:01:00",
  "value" : "10"
},{
  "dateTime" : "03/11/13 21:56:00",
  "value" : "10"
},{
  "dateTime" : "03/12/13 07:58:00",
  "value" : "10"
},{
  "dateTime" : "03/12/13 08:27:00",
  "value" : "10"
},{
  "dateTime" : "03/12/13 08:29:00",
  "value" : "10"
},{
  "dateTime" : "03/12/13 08:45:00",
  "value" : "10"
},{
  "dateTime" : "03/12/13 09:11:00",
  "value" : "10"
},{
  "dateTime" : "03/12/13 09:55:00",
  "value" : "10"
},{
  "dateTime" : "03/12/13 11:13:00",
  "value" : "10"
},{
  "dateTime" : "03/12/13 12:51:00",
  "value" : "10"
},{
  "dateTime" : "03/12/13 14:08:00",
  "value" : "10"
},{
  "dateTime" : "03/12/13 16:03:00",
  "value" : "10"
},{
  "dateTime" : "03/12/13 17:25:00",
  "value" : "10"
},{
  "dateTime" : "03/12/13 17:30:00",
  "value" : "10"
},{
  "dateTime" : "03/12/13 17:42:00",
  "value" : "10"
},{
  "dateTime" : "03/12/13 19:20:00",
  "value" : "10"
},{
  "dateTime" : "03/12/13 23:53:00",
  "value" : "10"
},{
  "dateTime" : "03/13/13 08:31:00",
  "value" : "10"
},{
  "dateTime" : "03/13/13 08:49:00",
  "value" : "10"
},{
  "dateTime" : "03/13/13 11:10:00",
  "value" : "10"
},{
  "dateTime" : "03/13/13 11:13:00",
  "value" : "10"
},{
  "dateTime" : "03/13/13 12:18:00",
  "value" : "10"
},{
  "dateTime" : "03/13/13 12:27:00",
  "value" : "10"
},{
  "dateTime" : "03/13/13 13:27:00",
  "value" : "10"
},{
  "dateTime" : "03/13/13 14:43:00",
  "value" : "10"
},{
  "dateTime" : "03/13/13 17:46:00",
  "value" : "10"
},{
  "dateTime" : "03/13/13 19:10:00",
  "value" : "10"
},{
  "dateTime" : "03/13/13 19:20:00",
  "value" : "10"
},{
  "dateTime" : "03/13/13 19:25:00",
  "value" : "10"
},{
  "dateTime" : "03/13/13 19:30:00",
  "value" : "10"
},{
  "dateTime" : "03/13/13 19:45:00",
  "value" : "10"
},{
  "dateTime" : "03/13/13 22:08:00",
  "value" : "10"
},{
  "dateTime" : "03/14/13 07:37:00",
  "value" : "10"
},{
  "dateTime" : "03/14/13 07:54:00",
  "value" : "10"
},{
  "dateTime" : "03/14/13 08:11:00",
  "value" : "10"
},{
  "dateTime" : "03/14/13 08:36:00",
  "value" : "10"
},{
  "dateTime" : "03/14/13 08:43:00",
  "value" : "10"
},{
  "dateTime" : "03/14/13 09:20:00",
  "value" : "10"
},{
  "dateTime" : "03/14/13 10:58:00",
  "value" : "10"
},{
  "dateTime" : "03/14/13 17:18:00",
  "value" : "10"
},{
  "dateTime" : "03/14/13 17:20:00",
  "value" : "10"
},{
  "dateTime" : "03/14/13 19:11:00",
  "value" : "10"
},{
  "dateTime" : "03/14/13 19:27:00",
  "value" : "10"
},{
  "dateTime" : "03/14/13 22:25:00",
  "value" : "10"
},{
  "dateTime" : "03/15/13 07:37:00",
  "value" : "10"
},{
  "dateTime" : "03/15/13 07:56:00",
  "value" : "10"
},{
  "dateTime" : "03/15/13 08:34:00",
  "value" : "10"
},{
  "dateTime" : "03/15/13 08:42:00",
  "value" : "20"
},{
  "dateTime" : "03/15/13 11:49:00",
  "value" : "10"
},{
  "dateTime" : "03/15/13 14:32:00",
  "value" : "10"
},{
  "dateTime" : "03/15/13 14:42:00",
  "value" : "10"
},{
  "dateTime" : "03/15/13 14:43:00",
  "value" : "10"
},{
  "dateTime" : "03/15/13 15:35:00",
  "value" : "10"
},{
  "dateTime" : "03/15/13 16:17:00",
  "value" : "10"
},{
  "dateTime" : "03/15/13 16:45:00",
  "value" : "10"
},{
  "dateTime" : "03/15/13 19:58:00",
  "value" : "10"
},{
  "dateTime" : "03/15/13 20:06:00",
  "value" : "10"
},{
  "dateTime" : "03/15/13 21:16:00",
  "value" : "10"
},{
  "dateTime" : "03/15/13 22:15:00",
  "value" : "10"
},{
  "dateTime" : "03/16/13 00:21:00",
  "value" : "10"
},{
  "dateTime" : "03/16/13 13:00:00",
  "value" : "10"
},{
  "dateTime" : "03/16/13 15:49:00",
  "value" : "10"
},{
  "dateTime" : "03/16/13 19:48:00",
  "value" : "10"
},{
  "dateTime" : "03/16/13 20:40:00",
  "value" : "10"
},{
  "dateTime" : "03/16/13 20:45:00",
  "value" : "10"
},{
  "dateTime" : "03/16/13 20:47:00",
  "value" : "10"
},{
  "dateTime" : "03/17/13 01:50:00",
  "value" : "10"
},{
  "dateTime" : "03/17/13 10:14:00",
  "value" : "10"
},{
  "dateTime" : "03/17/13 14:19:00",
  "value" : "10"
},{
  "dateTime" : "03/17/13 17:44:00",
  "value" : "10"
},{
  "dateTime" : "03/17/13 20:04:00",
  "value" : "10"
},{
  "dateTime" : "03/17/13 23:12:00",
  "value" : "10"
},{
  "dateTime" : "03/18/13 06:40:00",
  "value" : "10"
},{
  "dateTime" : "03/18/13 07:32:00",
  "value" : "10"
},{
  "dateTime" : "03/18/13 08:25:00",
  "value" : "10"
},{
  "dateTime" : "03/18/13 08:54:00",
  "value" : "10"
},{
  "dateTime" : "03/18/13 10:56:00",
  "value" : "10"
},{
  "dateTime" : "03/18/13 11:35:00",
  "value" : "10"
},{
  "dateTime" : "03/18/13 15:05:00",
  "value" : "10"
},{
  "dateTime" : "03/18/13 17:05:00",
  "value" : "10"
},{
  "dateTime" : "03/18/13 17:10:00",
  "value" : "10"
},{
  "dateTime" : "03/18/13 17:15:00",
  "value" : "10"
},{
  "dateTime" : "03/18/13 19:07:00",
  "value" : "10"
},{
  "dateTime" : "03/18/13 19:26:00",
  "value" : "10"
},{
  "dateTime" : "03/18/13 23:07:00",
  "value" : "10"
},{
  "dateTime" : "03/19/13 06:57:00",
  "value" : "10"
},{
  "dateTime" : "03/19/13 08:42:00",
  "value" : "10"
},{
  "dateTime" : "03/19/13 10:37:00",
  "value" : "10"
},{
  "dateTime" : "03/19/13 11:14:00",
  "value" : "10"
},{
  "dateTime" : "03/19/13 15:51:00",
  "value" : "20"
},{
  "dateTime" : "03/19/13 17:11:00",
  "value" : "10"
},{
  "dateTime" : "03/19/13 17:12:00",
  "value" : "10"
},{
  "dateTime" : "03/19/13 18:21:00",
  "value" : "10"
},{
  "dateTime" : "03/19/13 18:46:00",
  "value" : "10"
},{
  "dateTime" : "03/19/13 20:59:00",
  "value" : "10"
},{
  "dateTime" : "03/19/13 22:16:00",
  "value" : "10"
},{
  "dateTime" : "03/19/13 23:13:00",
  "value" : "10"
},{
  "dateTime" : "03/20/13 00:19:00",
  "value" : "10"
},{
  "dateTime" : "03/20/13 08:41:00",
  "value" : "10"
},{
  "dateTime" : "03/20/13 11:25:00",
  "value" : "10"
},{
  "dateTime" : "03/20/13 16:07:00",
  "value" : "10"
},{
  "dateTime" : "03/20/13 16:21:00",
  "value" : "10"
},{
  "dateTime" : "03/20/13 16:23:00",
  "value" : "10"
},{
  "dateTime" : "03/20/13 17:09:00",
  "value" : "10"
},{
  "dateTime" : "03/20/13 19:34:00",
  "value" : "10"
},{
  "dateTime" : "03/20/13 19:43:00",
  "value" : "10"
},{
  "dateTime" : "03/20/13 19:45:00",
  "value" : "10"
},{
  "dateTime" : "03/20/13 19:49:00",
  "value" : "10"
},{
  "dateTime" : "03/20/13 22:13:00",
  "value" : "10"
}]