[{
  "dateTime" : "11/06/15 05:24:00",
  "value" : "10"
},{
  "dateTime" : "11/06/15 08:39:00",
  "value" : "10"
},{
  "dateTime" : "11/06/15 08:40:00",
  "value" : "10"
},{
  "dateTime" : "11/06/15 09:18:00",
  "value" : "10"
},{
  "dateTime" : "11/06/15 13:05:00",
  "value" : "10"
},{
  "dateTime" : "11/06/15 14:33:00",
  "value" : "10"
},{
  "dateTime" : "11/06/15 14:34:00",
  "value" : "10"
},{
  "dateTime" : "11/06/15 17:10:00",
  "value" : "10"
},{
  "dateTime" : "11/06/15 20:12:00",
  "value" : "10"
},{
  "dateTime" : "11/06/15 21:43:00",
  "value" : "10"
},{
  "dateTime" : "11/07/15 10:50:00",
  "value" : "10"
},{
  "dateTime" : "11/07/15 10:58:00",
  "value" : "10"
},{
  "dateTime" : "11/07/15 13:28:00",
  "value" : "10"
},{
  "dateTime" : "11/07/15 13:29:00",
  "value" : "10"
},{
  "dateTime" : "11/07/15 13:44:00",
  "value" : "10"
},{
  "dateTime" : "11/07/15 16:01:00",
  "value" : "10"
},{
  "dateTime" : "11/07/15 17:05:00",
  "value" : "10"
},{
  "dateTime" : "11/07/15 22:36:00",
  "value" : "10"
},{
  "dateTime" : "11/08/15 01:04:00",
  "value" : "10"
},{
  "dateTime" : "11/08/15 01:20:00",
  "value" : "10"
},{
  "dateTime" : "11/08/15 10:56:00",
  "value" : "10"
},{
  "dateTime" : "11/08/15 11:13:00",
  "value" : "10"
},{
  "dateTime" : "11/08/15 14:50:00",
  "value" : "10"
},{
  "dateTime" : "11/08/15 15:27:00",
  "value" : "10"
},{
  "dateTime" : "11/08/15 16:30:00",
  "value" : "10"
},{
  "dateTime" : "11/08/15 17:12:00",
  "value" : "10"
},{
  "dateTime" : "11/08/15 18:02:00",
  "value" : "10"
},{
  "dateTime" : "11/08/15 19:19:00",
  "value" : "10"
},{
  "dateTime" : "11/08/15 19:22:00",
  "value" : "10"
},{
  "dateTime" : "11/08/15 19:23:00",
  "value" : "20"
},{
  "dateTime" : "11/08/15 20:01:00",
  "value" : "10"
},{
  "dateTime" : "11/08/15 20:02:00",
  "value" : "10"
},{
  "dateTime" : "11/08/15 20:03:00",
  "value" : "10"
},{
  "dateTime" : "11/08/15 20:51:00",
  "value" : "10"
},{
  "dateTime" : "11/08/15 21:31:00",
  "value" : "10"
},{
  "dateTime" : "11/08/15 22:25:00",
  "value" : "10"
},{
  "dateTime" : "11/08/15 22:57:00",
  "value" : "10"
},{
  "dateTime" : "11/08/15 23:15:00",
  "value" : "10"
},{
  "dateTime" : "11/09/15 00:55:00",
  "value" : "10"
},{
  "dateTime" : "11/09/15 08:34:00",
  "value" : "10"
},{
  "dateTime" : "11/09/15 09:06:00",
  "value" : "10"
},{
  "dateTime" : "11/09/15 13:29:00",
  "value" : "10"
},{
  "dateTime" : "11/09/15 13:35:00",
  "value" : "10"
},{
  "dateTime" : "11/09/15 15:36:00",
  "value" : "10"
},{
  "dateTime" : "11/09/15 17:08:00",
  "value" : "10"
},{
  "dateTime" : "11/09/15 19:59:00",
  "value" : "10"
},{
  "dateTime" : "11/09/15 23:32:00",
  "value" : "10"
},{
  "dateTime" : "11/10/15 00:49:00",
  "value" : "10"
},{
  "dateTime" : "11/10/15 08:16:00",
  "value" : "10"
},{
  "dateTime" : "11/10/15 14:07:00",
  "value" : "10"
},{
  "dateTime" : "11/10/15 14:08:00",
  "value" : "10"
},{
  "dateTime" : "11/10/15 20:25:00",
  "value" : "10"
},{
  "dateTime" : "11/11/15 08:35:00",
  "value" : "10"
},{
  "dateTime" : "11/11/15 08:43:00",
  "value" : "10"
},{
  "dateTime" : "11/11/15 09:16:00",
  "value" : "10"
},{
  "dateTime" : "11/11/15 11:05:00",
  "value" : "10"
},{
  "dateTime" : "11/11/15 12:10:00",
  "value" : "10"
},{
  "dateTime" : "11/11/15 12:11:00",
  "value" : "10"
},{
  "dateTime" : "11/11/15 13:40:00",
  "value" : "10"
},{
  "dateTime" : "11/11/15 14:43:00",
  "value" : "10"
},{
  "dateTime" : "11/11/15 15:06:00",
  "value" : "10"
},{
  "dateTime" : "11/11/15 15:30:00",
  "value" : "10"
},{
  "dateTime" : "11/11/15 15:34:00",
  "value" : "10"
},{
  "dateTime" : "11/11/15 15:35:00",
  "value" : "10"
},{
  "dateTime" : "11/11/15 19:56:00",
  "value" : "10"
},{
  "dateTime" : "11/11/15 19:57:00",
  "value" : "10"
},{
  "dateTime" : "11/11/15 20:24:00",
  "value" : "10"
},{
  "dateTime" : "11/11/15 20:45:00",
  "value" : "10"
},{
  "dateTime" : "11/11/15 20:46:00",
  "value" : "10"
},{
  "dateTime" : "11/11/15 23:11:00",
  "value" : "10"
},{
  "dateTime" : "11/11/15 23:30:00",
  "value" : "10"
},{
  "dateTime" : "11/12/15 00:21:00",
  "value" : "10"
},{
  "dateTime" : "11/12/15 00:22:00",
  "value" : "10"
},{
  "dateTime" : "11/12/15 08:02:00",
  "value" : "10"
},{
  "dateTime" : "11/12/15 08:33:00",
  "value" : "10"
},{
  "dateTime" : "11/12/15 08:34:00",
  "value" : "10"
},{
  "dateTime" : "11/12/15 09:07:00",
  "value" : "10"
},{
  "dateTime" : "11/12/15 09:49:00",
  "value" : "10"
},{
  "dateTime" : "11/12/15 10:06:00",
  "value" : "10"
},{
  "dateTime" : "11/12/15 10:14:00",
  "value" : "10"
},{
  "dateTime" : "11/12/15 11:20:00",
  "value" : "10"
},{
  "dateTime" : "11/12/15 11:21:00",
  "value" : "10"
},{
  "dateTime" : "11/12/15 12:23:00",
  "value" : "10"
},{
  "dateTime" : "11/12/15 12:40:00",
  "value" : "10"
},{
  "dateTime" : "11/12/15 14:51:00",
  "value" : "10"
},{
  "dateTime" : "11/12/15 15:14:00",
  "value" : "10"
},{
  "dateTime" : "11/12/15 15:36:00",
  "value" : "10"
},{
  "dateTime" : "11/12/15 16:39:00",
  "value" : "10"
},{
  "dateTime" : "11/12/15 18:34:00",
  "value" : "10"
},{
  "dateTime" : "11/12/15 19:05:00",
  "value" : "10"
},{
  "dateTime" : "11/12/15 19:28:00",
  "value" : "10"
},{
  "dateTime" : "11/12/15 20:03:00",
  "value" : "20"
},{
  "dateTime" : "11/12/15 20:04:00",
  "value" : "10"
},{
  "dateTime" : "11/13/15 08:15:00",
  "value" : "10"
},{
  "dateTime" : "11/13/15 11:53:00",
  "value" : "10"
},{
  "dateTime" : "11/13/15 12:32:00",
  "value" : "10"
},{
  "dateTime" : "11/13/15 13:18:00",
  "value" : "10"
},{
  "dateTime" : "11/13/15 13:19:00",
  "value" : "10"
},{
  "dateTime" : "11/13/15 13:47:00",
  "value" : "10"
},{
  "dateTime" : "11/13/15 14:29:00",
  "value" : "10"
},{
  "dateTime" : "11/13/15 14:30:00",
  "value" : "10"
},{
  "dateTime" : "11/13/15 15:39:00",
  "value" : "10"
},{
  "dateTime" : "11/13/15 16:30:00",
  "value" : "10"
},{
  "dateTime" : "11/13/15 17:00:00",
  "value" : "10"
},{
  "dateTime" : "11/13/15 21:21:00",
  "value" : "10"
},{
  "dateTime" : "11/13/15 21:22:00",
  "value" : "10"
},{
  "dateTime" : "11/14/15 07:49:00",
  "value" : "10"
},{
  "dateTime" : "11/14/15 12:14:00",
  "value" : "10"
},{
  "dateTime" : "11/14/15 12:59:00",
  "value" : "10"
},{
  "dateTime" : "11/14/15 13:00:00",
  "value" : "10"
},{
  "dateTime" : "11/14/15 13:23:00",
  "value" : "10"
},{
  "dateTime" : "11/14/15 13:26:00",
  "value" : "10"
},{
  "dateTime" : "11/14/15 13:27:00",
  "value" : "10"
},{
  "dateTime" : "11/14/15 15:56:00",
  "value" : "10"
},{
  "dateTime" : "11/14/15 16:10:00",
  "value" : "20"
},{
  "dateTime" : "11/14/15 16:17:00",
  "value" : "10"
},{
  "dateTime" : "11/14/15 16:33:00",
  "value" : "10"
},{
  "dateTime" : "11/14/15 16:50:00",
  "value" : "10"
},{
  "dateTime" : "11/14/15 18:05:00",
  "value" : "10"
},{
  "dateTime" : "11/14/15 18:10:00",
  "value" : "10"
},{
  "dateTime" : "11/14/15 18:11:00",
  "value" : "10"
},{
  "dateTime" : "11/14/15 18:12:00",
  "value" : "10"
},{
  "dateTime" : "11/14/15 19:01:00",
  "value" : "10"
},{
  "dateTime" : "11/14/15 19:11:00",
  "value" : "10"
},{
  "dateTime" : "11/14/15 23:32:00",
  "value" : "10"
},{
  "dateTime" : "11/14/15 23:40:00",
  "value" : "10"
},{
  "dateTime" : "11/15/15 08:26:00",
  "value" : "10"
},{
  "dateTime" : "11/15/15 09:59:00",
  "value" : "10"
},{
  "dateTime" : "11/15/15 11:23:00",
  "value" : "10"
},{
  "dateTime" : "11/15/15 12:24:00",
  "value" : "10"
},{
  "dateTime" : "11/15/15 12:25:00",
  "value" : "20"
},{
  "dateTime" : "11/16/15 08:35:00",
  "value" : "10"
},{
  "dateTime" : "11/16/15 08:53:00",
  "value" : "10"
},{
  "dateTime" : "11/16/15 09:14:00",
  "value" : "10"
},{
  "dateTime" : "11/16/15 09:22:00",
  "value" : "10"
},{
  "dateTime" : "11/16/15 10:16:00",
  "value" : "10"
},{
  "dateTime" : "11/16/15 10:17:00",
  "value" : "10"
},{
  "dateTime" : "11/16/15 12:49:00",
  "value" : "10"
},{
  "dateTime" : "11/16/15 12:50:00",
  "value" : "10"
},{
  "dateTime" : "11/16/15 14:01:00",
  "value" : "10"
},{
  "dateTime" : "11/16/15 15:47:00",
  "value" : "10"
},{
  "dateTime" : "11/16/15 15:48:00",
  "value" : "10"
},{
  "dateTime" : "11/16/15 16:52:00",
  "value" : "10"
},{
  "dateTime" : "11/16/15 16:53:00",
  "value" : "10"
},{
  "dateTime" : "11/16/15 17:26:00",
  "value" : "10"
},{
  "dateTime" : "11/16/15 20:55:00",
  "value" : "10"
},{
  "dateTime" : "11/17/15 08:07:00",
  "value" : "10"
},{
  "dateTime" : "11/17/15 10:19:00",
  "value" : "10"
},{
  "dateTime" : "11/17/15 10:34:00",
  "value" : "10"
},{
  "dateTime" : "11/17/15 12:07:00",
  "value" : "20"
},{
  "dateTime" : "11/17/15 12:19:00",
  "value" : "10"
},{
  "dateTime" : "11/17/15 16:36:00",
  "value" : "10"
},{
  "dateTime" : "11/17/15 17:31:00",
  "value" : "10"
},{
  "dateTime" : "11/17/15 20:32:00",
  "value" : "10"
},{
  "dateTime" : "11/17/15 21:45:00",
  "value" : "10"
},{
  "dateTime" : "11/17/15 22:05:00",
  "value" : "20"
},{
  "dateTime" : "11/18/15 01:11:00",
  "value" : "10"
},{
  "dateTime" : "11/18/15 01:12:00",
  "value" : "10"
},{
  "dateTime" : "11/18/15 08:40:00",
  "value" : "10"
},{
  "dateTime" : "11/18/15 09:36:00",
  "value" : "10"
},{
  "dateTime" : "11/18/15 11:03:00",
  "value" : "10"
},{
  "dateTime" : "11/18/15 12:05:00",
  "value" : "10"
},{
  "dateTime" : "11/18/15 15:46:00",
  "value" : "10"
},{
  "dateTime" : "11/18/15 16:30:00",
  "value" : "10"
},{
  "dateTime" : "11/18/15 17:06:00",
  "value" : "10"
},{
  "dateTime" : "11/18/15 17:07:00",
  "value" : "10"
},{
  "dateTime" : "11/18/15 17:41:00",
  "value" : "10"
},{
  "dateTime" : "11/18/15 17:42:00",
  "value" : "10"
},{
  "dateTime" : "11/18/15 18:26:00",
  "value" : "10"
},{
  "dateTime" : "11/18/15 19:38:00",
  "value" : "10"
},{
  "dateTime" : "11/18/15 19:39:00",
  "value" : "10"
},{
  "dateTime" : "11/18/15 19:50:00",
  "value" : "10"
},{
  "dateTime" : "11/18/15 20:46:00",
  "value" : "10"
},{
  "dateTime" : "11/18/15 20:47:00",
  "value" : "10"
},{
  "dateTime" : "11/18/15 21:06:00",
  "value" : "10"
},{
  "dateTime" : "11/18/15 21:32:00",
  "value" : "10"
},{
  "dateTime" : "11/19/15 05:00:00",
  "value" : "10"
},{
  "dateTime" : "11/19/15 08:10:00",
  "value" : "10"
},{
  "dateTime" : "11/19/15 09:34:00",
  "value" : "10"
},{
  "dateTime" : "11/19/15 10:15:00",
  "value" : "10"
},{
  "dateTime" : "11/19/15 12:08:00",
  "value" : "10"
},{
  "dateTime" : "11/19/15 16:19:00",
  "value" : "10"
},{
  "dateTime" : "11/19/15 17:04:00",
  "value" : "10"
},{
  "dateTime" : "11/19/15 19:47:00",
  "value" : "10"
},{
  "dateTime" : "11/19/15 19:48:00",
  "value" : "10"
},{
  "dateTime" : "11/19/15 19:49:00",
  "value" : "10"
},{
  "dateTime" : "11/20/15 05:22:00",
  "value" : "10"
},{
  "dateTime" : "11/20/15 07:39:00",
  "value" : "10"
},{
  "dateTime" : "11/20/15 08:30:00",
  "value" : "10"
},{
  "dateTime" : "11/20/15 08:47:00",
  "value" : "10"
},{
  "dateTime" : "11/20/15 08:52:00",
  "value" : "10"
},{
  "dateTime" : "11/20/15 13:37:00",
  "value" : "10"
},{
  "dateTime" : "11/20/15 17:07:00",
  "value" : "10"
},{
  "dateTime" : "11/20/15 17:43:00",
  "value" : "10"
},{
  "dateTime" : "11/20/15 23:54:00",
  "value" : "10"
},{
  "dateTime" : "11/21/15 08:35:00",
  "value" : "10"
},{
  "dateTime" : "11/21/15 09:05:00",
  "value" : "10"
},{
  "dateTime" : "11/21/15 09:45:00",
  "value" : "10"
},{
  "dateTime" : "11/21/15 12:57:00",
  "value" : "20"
},{
  "dateTime" : "11/21/15 16:31:00",
  "value" : "10"
},{
  "dateTime" : "11/21/15 20:47:00",
  "value" : "10"
},{
  "dateTime" : "11/22/15 11:02:00",
  "value" : "10"
},{
  "dateTime" : "11/22/15 14:20:00",
  "value" : "10"
},{
  "dateTime" : "11/22/15 14:21:00",
  "value" : "10"
},{
  "dateTime" : "11/22/15 14:22:00",
  "value" : "10"
},{
  "dateTime" : "11/22/15 14:48:00",
  "value" : "10"
},{
  "dateTime" : "11/22/15 14:49:00",
  "value" : "10"
},{
  "dateTime" : "11/22/15 15:21:00",
  "value" : "10"
},{
  "dateTime" : "11/22/15 16:00:00",
  "value" : "10"
},{
  "dateTime" : "11/22/15 16:01:00",
  "value" : "10"
},{
  "dateTime" : "11/22/15 16:34:00",
  "value" : "20"
},{
  "dateTime" : "11/22/15 16:55:00",
  "value" : "10"
},{
  "dateTime" : "11/22/15 17:15:00",
  "value" : "10"
},{
  "dateTime" : "11/22/15 17:16:00",
  "value" : "10"
},{
  "dateTime" : "11/22/15 17:55:00",
  "value" : "10"
},{
  "dateTime" : "11/22/15 18:40:00",
  "value" : "10"
},{
  "dateTime" : "11/22/15 18:48:00",
  "value" : "10"
},{
  "dateTime" : "11/22/15 20:23:00",
  "value" : "10"
},{
  "dateTime" : "11/22/15 20:40:00",
  "value" : "20"
},{
  "dateTime" : "11/22/15 20:48:00",
  "value" : "10"
},{
  "dateTime" : "11/22/15 21:09:00",
  "value" : "10"
},{
  "dateTime" : "11/22/15 21:53:00",
  "value" : "10"
},{
  "dateTime" : "11/22/15 21:54:00",
  "value" : "10"
},{
  "dateTime" : "11/22/15 22:19:00",
  "value" : "10"
},{
  "dateTime" : "11/23/15 08:15:00",
  "value" : "10"
},{
  "dateTime" : "11/23/15 08:46:00",
  "value" : "10"
},{
  "dateTime" : "11/23/15 09:49:00",
  "value" : "10"
},{
  "dateTime" : "11/23/15 11:12:00",
  "value" : "10"
},{
  "dateTime" : "11/23/15 11:13:00",
  "value" : "10"
},{
  "dateTime" : "11/23/15 12:10:00",
  "value" : "10"
},{
  "dateTime" : "11/23/15 16:06:00",
  "value" : "10"
},{
  "dateTime" : "11/23/15 16:07:00",
  "value" : "10"
},{
  "dateTime" : "11/23/15 17:51:00",
  "value" : "10"
},{
  "dateTime" : "11/23/15 19:28:00",
  "value" : "10"
},{
  "dateTime" : "11/23/15 21:34:00",
  "value" : "10"
},{
  "dateTime" : "11/24/15 08:35:00",
  "value" : "10"
},{
  "dateTime" : "11/24/15 08:36:00",
  "value" : "10"
},{
  "dateTime" : "11/24/15 08:57:00",
  "value" : "10"
},{
  "dateTime" : "11/24/15 09:17:00",
  "value" : "10"
},{
  "dateTime" : "11/24/15 12:57:00",
  "value" : "10"
},{
  "dateTime" : "11/24/15 15:50:00",
  "value" : "10"
},{
  "dateTime" : "11/24/15 15:51:00",
  "value" : "10"
},{
  "dateTime" : "11/24/15 18:29:00",
  "value" : "10"
},{
  "dateTime" : "11/24/15 21:10:00",
  "value" : "10"
},{
  "dateTime" : "11/24/15 23:11:00",
  "value" : "10"
},{
  "dateTime" : "11/25/15 05:22:00",
  "value" : "10"
},{
  "dateTime" : "11/25/15 09:25:00",
  "value" : "10"
},{
  "dateTime" : "11/25/15 10:09:00",
  "value" : "10"
},{
  "dateTime" : "11/25/15 12:55:00",
  "value" : "10"
},{
  "dateTime" : "11/25/15 12:56:00",
  "value" : "10"
},{
  "dateTime" : "11/25/15 13:38:00",
  "value" : "10"
},{
  "dateTime" : "11/25/15 14:47:00",
  "value" : "10"
},{
  "dateTime" : "11/25/15 16:13:00",
  "value" : "10"
},{
  "dateTime" : "11/25/15 16:36:00",
  "value" : "10"
},{
  "dateTime" : "11/25/15 16:37:00",
  "value" : "10"
},{
  "dateTime" : "11/25/15 16:52:00",
  "value" : "10"
},{
  "dateTime" : "11/25/15 21:59:00",
  "value" : "10"
},{
  "dateTime" : "11/25/15 23:05:00",
  "value" : "10"
},{
  "dateTime" : "11/25/15 23:06:00",
  "value" : "10"
},{
  "dateTime" : "11/26/15 07:54:00",
  "value" : "10"
},{
  "dateTime" : "11/26/15 08:36:00",
  "value" : "10"
},{
  "dateTime" : "11/26/15 08:43:00",
  "value" : "10"
},{
  "dateTime" : "11/26/15 09:29:00",
  "value" : "10"
},{
  "dateTime" : "11/26/15 10:04:00",
  "value" : "10"
},{
  "dateTime" : "11/26/15 15:35:00",
  "value" : "10"
},{
  "dateTime" : "11/26/15 15:36:00",
  "value" : "10"
},{
  "dateTime" : "11/26/15 16:09:00",
  "value" : "10"
},{
  "dateTime" : "11/26/15 21:53:00",
  "value" : "10"
},{
  "dateTime" : "11/26/15 21:58:00",
  "value" : "10"
},{
  "dateTime" : "11/26/15 21:59:00",
  "value" : "10"
},{
  "dateTime" : "11/27/15 09:33:00",
  "value" : "10"
},{
  "dateTime" : "11/27/15 09:34:00",
  "value" : "10"
},{
  "dateTime" : "11/27/15 10:13:00",
  "value" : "10"
},{
  "dateTime" : "11/27/15 10:14:00",
  "value" : "10"
},{
  "dateTime" : "11/27/15 11:45:00",
  "value" : "10"
},{
  "dateTime" : "11/27/15 11:46:00",
  "value" : "10"
},{
  "dateTime" : "11/27/15 13:24:00",
  "value" : "10"
},{
  "dateTime" : "11/27/15 14:22:00",
  "value" : "10"
},{
  "dateTime" : "11/27/15 14:56:00",
  "value" : "10"
},{
  "dateTime" : "11/27/15 16:44:00",
  "value" : "10"
},{
  "dateTime" : "11/27/15 20:14:00",
  "value" : "10"
},{
  "dateTime" : "11/27/15 20:36:00",
  "value" : "10"
},{
  "dateTime" : "11/28/15 07:01:00",
  "value" : "10"
},{
  "dateTime" : "11/28/15 07:36:00",
  "value" : "10"
},{
  "dateTime" : "11/28/15 07:49:00",
  "value" : "10"
},{
  "dateTime" : "11/28/15 12:24:00",
  "value" : "10"
},{
  "dateTime" : "11/28/15 13:03:00",
  "value" : "10"
},{
  "dateTime" : "11/28/15 15:15:00",
  "value" : "10"
},{
  "dateTime" : "11/28/15 16:18:00",
  "value" : "10"
},{
  "dateTime" : "11/28/15 16:39:00",
  "value" : "10"
},{
  "dateTime" : "11/28/15 20:28:00",
  "value" : "10"
},{
  "dateTime" : "11/28/15 22:52:00",
  "value" : "10"
},{
  "dateTime" : "11/29/15 00:08:00",
  "value" : "10"
},{
  "dateTime" : "11/29/15 08:49:00",
  "value" : "10"
},{
  "dateTime" : "11/29/15 11:14:00",
  "value" : "10"
},{
  "dateTime" : "11/29/15 12:14:00",
  "value" : "10"
},{
  "dateTime" : "11/29/15 12:15:00",
  "value" : "10"
},{
  "dateTime" : "11/29/15 13:38:00",
  "value" : "10"
},{
  "dateTime" : "11/29/15 14:00:00",
  "value" : "10"
},{
  "dateTime" : "11/29/15 14:01:00",
  "value" : "10"
},{
  "dateTime" : "11/29/15 14:38:00",
  "value" : "10"
},{
  "dateTime" : "11/29/15 14:39:00",
  "value" : "10"
},{
  "dateTime" : "11/29/15 16:25:00",
  "value" : "10"
},{
  "dateTime" : "11/29/15 16:26:00",
  "value" : "10"
},{
  "dateTime" : "11/29/15 16:27:00",
  "value" : "10"
},{
  "dateTime" : "11/29/15 18:18:00",
  "value" : "20"
},{
  "dateTime" : "11/29/15 19:59:00",
  "value" : "10"
},{
  "dateTime" : "11/29/15 21:47:00",
  "value" : "10"
},{
  "dateTime" : "11/30/15 08:07:00",
  "value" : "10"
},{
  "dateTime" : "11/30/15 08:53:00",
  "value" : "10"
},{
  "dateTime" : "11/30/15 09:57:00",
  "value" : "10"
},{
  "dateTime" : "11/30/15 09:58:00",
  "value" : "10"
},{
  "dateTime" : "11/30/15 09:59:00",
  "value" : "10"
},{
  "dateTime" : "11/30/15 13:06:00",
  "value" : "10"
},{
  "dateTime" : "11/30/15 13:10:00",
  "value" : "10"
},{
  "dateTime" : "11/30/15 14:00:00",
  "value" : "10"
},{
  "dateTime" : "11/30/15 15:37:00",
  "value" : "10"
},{
  "dateTime" : "11/30/15 16:03:00",
  "value" : "10"
},{
  "dateTime" : "11/30/15 18:55:00",
  "value" : "10"
},{
  "dateTime" : "11/30/15 20:03:00",
  "value" : "10"
},{
  "dateTime" : "11/30/15 20:52:00",
  "value" : "10"
},{
  "dateTime" : "11/30/15 21:32:00",
  "value" : "10"
},{
  "dateTime" : "11/30/15 23:08:00",
  "value" : "10"
},{
  "dateTime" : "12/01/15 00:07:00",
  "value" : "10"
},{
  "dateTime" : "12/01/15 01:31:00",
  "value" : "10"
},{
  "dateTime" : "12/01/15 08:35:00",
  "value" : "10"
},{
  "dateTime" : "12/01/15 09:59:00",
  "value" : "10"
},{
  "dateTime" : "12/01/15 17:41:00",
  "value" : "10"
},{
  "dateTime" : "12/01/15 18:40:00",
  "value" : "10"
},{
  "dateTime" : "12/01/15 19:38:00",
  "value" : "10"
},{
  "dateTime" : "12/01/15 22:12:00",
  "value" : "10"
},{
  "dateTime" : "12/01/15 23:56:00",
  "value" : "10"
},{
  "dateTime" : "12/02/15 07:45:00",
  "value" : "10"
},{
  "dateTime" : "12/02/15 08:09:00",
  "value" : "10"
},{
  "dateTime" : "12/02/15 11:35:00",
  "value" : "10"
},{
  "dateTime" : "12/02/15 11:52:00",
  "value" : "10"
},{
  "dateTime" : "12/02/15 12:01:00",
  "value" : "10"
},{
  "dateTime" : "12/02/15 13:40:00",
  "value" : "10"
},{
  "dateTime" : "12/02/15 16:25:00",
  "value" : "10"
},{
  "dateTime" : "12/02/15 16:26:00",
  "value" : "10"
},{
  "dateTime" : "12/02/15 19:49:00",
  "value" : "10"
},{
  "dateTime" : "12/02/15 19:50:00",
  "value" : "10"
},{
  "dateTime" : "12/02/15 19:51:00",
  "value" : "10"
},{
  "dateTime" : "12/02/15 20:24:00",
  "value" : "10"
},{
  "dateTime" : "12/02/15 21:19:00",
  "value" : "10"
},{
  "dateTime" : "12/02/15 22:51:00",
  "value" : "10"
},{
  "dateTime" : "12/02/15 23:50:00",
  "value" : "10"
},{
  "dateTime" : "12/03/15 11:39:00",
  "value" : "10"
},{
  "dateTime" : "12/03/15 13:35:00",
  "value" : "10"
},{
  "dateTime" : "12/03/15 16:17:00",
  "value" : "10"
},{
  "dateTime" : "12/03/15 17:02:00",
  "value" : "10"
},{
  "dateTime" : "12/03/15 20:59:00",
  "value" : "10"
},{
  "dateTime" : "12/03/15 21:00:00",
  "value" : "10"
},{
  "dateTime" : "12/03/15 21:01:00",
  "value" : "10"
},{
  "dateTime" : "12/03/15 21:59:00",
  "value" : "10"
},{
  "dateTime" : "12/03/15 22:04:00",
  "value" : "10"
},{
  "dateTime" : "12/03/15 22:58:00",
  "value" : "10"
},{
  "dateTime" : "12/03/15 22:59:00",
  "value" : "10"
},{
  "dateTime" : "12/04/15 09:27:00",
  "value" : "10"
},{
  "dateTime" : "12/04/15 10:54:00",
  "value" : "10"
},{
  "dateTime" : "12/04/15 12:18:00",
  "value" : "10"
},{
  "dateTime" : "12/04/15 12:19:00",
  "value" : "10"
},{
  "dateTime" : "12/04/15 12:23:00",
  "value" : "10"
},{
  "dateTime" : "12/04/15 12:55:00",
  "value" : "10"
},{
  "dateTime" : "12/04/15 21:35:00",
  "value" : "10"
},{
  "dateTime" : "12/04/15 21:36:00",
  "value" : "10"
},{
  "dateTime" : "12/04/15 21:37:00",
  "value" : "10"
},{
  "dateTime" : "12/05/15 08:08:00",
  "value" : "10"
},{
  "dateTime" : "12/05/15 09:21:00",
  "value" : "10"
},{
  "dateTime" : "12/05/15 09:48:00",
  "value" : "10"
},{
  "dateTime" : "12/05/15 10:49:00",
  "value" : "10"
},{
  "dateTime" : "12/05/15 11:15:00",
  "value" : "10"
},{
  "dateTime" : "12/05/15 11:42:00",
  "value" : "30"
},{
  "dateTime" : "12/05/15 14:00:00",
  "value" : "10"
},{
  "dateTime" : "12/05/15 16:50:00",
  "value" : "20"
},{
  "dateTime" : "12/05/15 16:51:00",
  "value" : "10"
},{
  "dateTime" : "12/05/15 19:12:00",
  "value" : "10"
},{
  "dateTime" : "12/05/15 19:13:00",
  "value" : "10"
},{
  "dateTime" : "12/05/15 19:14:00",
  "value" : "10"
},{
  "dateTime" : "12/05/15 19:15:00",
  "value" : "10"
},{
  "dateTime" : "12/05/15 21:00:00",
  "value" : "10"
}]