[{
  "dateTime" : "10/31/16 09:43:00",
  "value" : "10"
},{
  "dateTime" : "10/31/16 11:51:00",
  "value" : "10"
},{
  "dateTime" : "10/31/16 13:09:00",
  "value" : "10"
},{
  "dateTime" : "10/31/16 13:10:00",
  "value" : "10"
},{
  "dateTime" : "10/31/16 17:46:00",
  "value" : "30"
},{
  "dateTime" : "10/31/16 21:05:00",
  "value" : "10"
},{
  "dateTime" : "10/31/16 22:25:00",
  "value" : "10"
},{
  "dateTime" : "11/01/16 08:38:00",
  "value" : "10"
},{
  "dateTime" : "11/01/16 08:39:00",
  "value" : "10"
},{
  "dateTime" : "11/01/16 11:21:00",
  "value" : "10"
},{
  "dateTime" : "11/01/16 12:37:00",
  "value" : "10"
},{
  "dateTime" : "11/01/16 12:38:00",
  "value" : "10"
},{
  "dateTime" : "11/01/16 13:50:00",
  "value" : "10"
},{
  "dateTime" : "11/01/16 13:51:00",
  "value" : "10"
},{
  "dateTime" : "11/01/16 17:11:00",
  "value" : "10"
},{
  "dateTime" : "11/01/16 18:55:00",
  "value" : "10"
},{
  "dateTime" : "11/01/16 19:20:00",
  "value" : "10"
},{
  "dateTime" : "11/01/16 19:43:00",
  "value" : "10"
},{
  "dateTime" : "11/01/16 19:51:00",
  "value" : "10"
},{
  "dateTime" : "11/01/16 19:52:00",
  "value" : "10"
},{
  "dateTime" : "11/01/16 20:25:00",
  "value" : "10"
},{
  "dateTime" : "11/01/16 20:26:00",
  "value" : "10"
},{
  "dateTime" : "11/01/16 20:57:00",
  "value" : "10"
},{
  "dateTime" : "11/04/16 08:07:00",
  "value" : "10"
},{
  "dateTime" : "11/04/16 10:20:00",
  "value" : "10"
},{
  "dateTime" : "11/04/16 15:27:00",
  "value" : "10"
},{
  "dateTime" : "11/04/16 20:20:00",
  "value" : "10"
},{
  "dateTime" : "11/05/16 10:57:00",
  "value" : "10"
},{
  "dateTime" : "11/05/16 11:53:00",
  "value" : "10"
},{
  "dateTime" : "11/05/16 12:20:00",
  "value" : "10"
},{
  "dateTime" : "11/05/16 13:48:00",
  "value" : "10"
},{
  "dateTime" : "11/05/16 13:49:00",
  "value" : "10"
},{
  "dateTime" : "11/05/16 14:12:00",
  "value" : "10"
},{
  "dateTime" : "11/05/16 15:05:00",
  "value" : "10"
},{
  "dateTime" : "11/05/16 16:04:00",
  "value" : "10"
},{
  "dateTime" : "11/05/16 16:05:00",
  "value" : "10"
},{
  "dateTime" : "11/05/16 16:51:00",
  "value" : "10"
},{
  "dateTime" : "11/05/16 16:52:00",
  "value" : "10"
},{
  "dateTime" : "11/05/16 17:13:00",
  "value" : "10"
},{
  "dateTime" : "11/05/16 18:52:00",
  "value" : "20"
},{
  "dateTime" : "11/05/16 21:29:00",
  "value" : "10"
},{
  "dateTime" : "11/06/16 13:43:00",
  "value" : "10"
},{
  "dateTime" : "11/06/16 14:43:00",
  "value" : "10"
},{
  "dateTime" : "11/06/16 15:30:00",
  "value" : "10"
},{
  "dateTime" : "11/06/16 15:55:00",
  "value" : "20"
},{
  "dateTime" : "11/06/16 15:56:00",
  "value" : "10"
},{
  "dateTime" : "11/06/16 20:55:00",
  "value" : "10"
},{
  "dateTime" : "11/07/16 00:33:00",
  "value" : "10"
},{
  "dateTime" : "11/07/16 09:34:00",
  "value" : "10"
},{
  "dateTime" : "11/07/16 10:00:00",
  "value" : "10"
},{
  "dateTime" : "11/07/16 11:12:00",
  "value" : "10"
},{
  "dateTime" : "11/07/16 13:04:00",
  "value" : "10"
},{
  "dateTime" : "11/07/16 14:01:00",
  "value" : "10"
},{
  "dateTime" : "11/07/16 14:32:00",
  "value" : "20"
},{
  "dateTime" : "11/07/16 17:34:00",
  "value" : "20"
},{
  "dateTime" : "11/07/16 17:35:00",
  "value" : "10"
},{
  "dateTime" : "11/07/16 22:31:00",
  "value" : "10"
},{
  "dateTime" : "11/08/16 09:46:00",
  "value" : "10"
},{
  "dateTime" : "11/08/16 12:12:00",
  "value" : "10"
},{
  "dateTime" : "11/08/16 14:19:00",
  "value" : "10"
},{
  "dateTime" : "11/08/16 19:34:00",
  "value" : "10"
},{
  "dateTime" : "11/08/16 20:01:00",
  "value" : "10"
},{
  "dateTime" : "11/08/16 20:02:00",
  "value" : "10"
},{
  "dateTime" : "11/08/16 20:11:00",
  "value" : "10"
},{
  "dateTime" : "11/08/16 21:42:00",
  "value" : "10"
},{
  "dateTime" : "11/09/16 11:18:00",
  "value" : "20"
},{
  "dateTime" : "11/09/16 12:13:00",
  "value" : "10"
},{
  "dateTime" : "11/09/16 12:32:00",
  "value" : "20"
},{
  "dateTime" : "11/09/16 14:40:00",
  "value" : "10"
},{
  "dateTime" : "11/09/16 14:41:00",
  "value" : "10"
},{
  "dateTime" : "11/09/16 17:31:00",
  "value" : "20"
},{
  "dateTime" : "11/09/16 20:37:00",
  "value" : "30"
},{
  "dateTime" : "11/10/16 04:39:00",
  "value" : "10"
},{
  "dateTime" : "11/10/16 08:44:00",
  "value" : "10"
},{
  "dateTime" : "11/10/16 10:05:00",
  "value" : "10"
},{
  "dateTime" : "11/10/16 10:36:00",
  "value" : "10"
},{
  "dateTime" : "11/10/16 12:38:00",
  "value" : "20"
},{
  "dateTime" : "11/10/16 12:39:00",
  "value" : "20"
},{
  "dateTime" : "11/10/16 12:40:00",
  "value" : "10"
},{
  "dateTime" : "11/10/16 12:46:00",
  "value" : "10"
},{
  "dateTime" : "11/10/16 12:47:00",
  "value" : "40"
},{
  "dateTime" : "11/10/16 14:31:00",
  "value" : "10"
},{
  "dateTime" : "11/10/16 14:48:00",
  "value" : "10"
},{
  "dateTime" : "11/10/16 17:16:00",
  "value" : "10"
},{
  "dateTime" : "11/10/16 18:18:00",
  "value" : "10"
},{
  "dateTime" : "11/10/16 19:59:00",
  "value" : "10"
},{
  "dateTime" : "11/10/16 20:39:00",
  "value" : "10"
},{
  "dateTime" : "11/10/16 22:02:00",
  "value" : "10"
},{
  "dateTime" : "11/10/16 23:41:00",
  "value" : "10"
},{
  "dateTime" : "11/11/16 01:09:00",
  "value" : "10"
},{
  "dateTime" : "11/11/16 08:17:00",
  "value" : "10"
},{
  "dateTime" : "11/11/16 10:06:00",
  "value" : "10"
},{
  "dateTime" : "11/11/16 10:07:00",
  "value" : "10"
},{
  "dateTime" : "11/11/16 11:02:00",
  "value" : "30"
},{
  "dateTime" : "11/11/16 12:03:00",
  "value" : "10"
},{
  "dateTime" : "11/11/16 13:11:00",
  "value" : "10"
},{
  "dateTime" : "11/11/16 16:56:00",
  "value" : "10"
},{
  "dateTime" : "11/11/16 16:57:00",
  "value" : "10"
},{
  "dateTime" : "11/11/16 21:47:00",
  "value" : "10"
},{
  "dateTime" : "11/12/16 00:26:00",
  "value" : "10"
},{
  "dateTime" : "11/12/16 02:42:00",
  "value" : "10"
},{
  "dateTime" : "11/12/16 11:26:00",
  "value" : "10"
},{
  "dateTime" : "11/12/16 17:58:00",
  "value" : "10"
},{
  "dateTime" : "11/16/16 10:54:00",
  "value" : "10"
},{
  "dateTime" : "11/16/16 12:33:00",
  "value" : "10"
},{
  "dateTime" : "11/16/16 12:34:00",
  "value" : "10"
},{
  "dateTime" : "11/16/16 14:19:00",
  "value" : "10"
},{
  "dateTime" : "11/16/16 14:20:00",
  "value" : "10"
},{
  "dateTime" : "11/16/16 14:55:00",
  "value" : "10"
},{
  "dateTime" : "11/16/16 17:50:00",
  "value" : "10"
},{
  "dateTime" : "11/16/16 17:51:00",
  "value" : "10"
},{
  "dateTime" : "11/16/16 19:56:00",
  "value" : "10"
},{
  "dateTime" : "11/16/16 20:36:00",
  "value" : "10"
},{
  "dateTime" : "11/16/16 22:50:00",
  "value" : "10"
},{
  "dateTime" : "11/17/16 00:10:00",
  "value" : "10"
},{
  "dateTime" : "11/17/16 06:38:00",
  "value" : "10"
},{
  "dateTime" : "11/17/16 08:45:00",
  "value" : "10"
},{
  "dateTime" : "11/17/16 09:56:00",
  "value" : "10"
},{
  "dateTime" : "11/17/16 11:09:00",
  "value" : "10"
},{
  "dateTime" : "11/17/16 13:20:00",
  "value" : "10"
},{
  "dateTime" : "11/17/16 14:52:00",
  "value" : "10"
},{
  "dateTime" : "11/17/16 17:14:00",
  "value" : "10"
},{
  "dateTime" : "11/17/16 20:31:00",
  "value" : "20"
},{
  "dateTime" : "11/17/16 20:54:00",
  "value" : "10"
},{
  "dateTime" : "11/18/16 11:07:00",
  "value" : "10"
},{
  "dateTime" : "11/18/16 13:42:00",
  "value" : "10"
},{
  "dateTime" : "11/18/16 15:20:00",
  "value" : "10"
},{
  "dateTime" : "11/18/16 15:49:00",
  "value" : "10"
},{
  "dateTime" : "11/18/16 19:25:00",
  "value" : "10"
},{
  "dateTime" : "11/18/16 22:14:00",
  "value" : "10"
},{
  "dateTime" : "11/19/16 08:55:00",
  "value" : "10"
},{
  "dateTime" : "11/19/16 08:56:00",
  "value" : "10"
},{
  "dateTime" : "11/19/16 08:57:00",
  "value" : "10"
},{
  "dateTime" : "11/19/16 09:18:00",
  "value" : "10"
},{
  "dateTime" : "11/19/16 10:02:00",
  "value" : "10"
},{
  "dateTime" : "11/19/16 14:48:00",
  "value" : "10"
},{
  "dateTime" : "11/19/16 16:49:00",
  "value" : "10"
},{
  "dateTime" : "11/19/16 16:57:00",
  "value" : "10"
},{
  "dateTime" : "11/19/16 17:55:00",
  "value" : "10"
},{
  "dateTime" : "11/19/16 18:03:00",
  "value" : "10"
},{
  "dateTime" : "11/19/16 18:26:00",
  "value" : "10"
},{
  "dateTime" : "11/19/16 21:06:00",
  "value" : "10"
},{
  "dateTime" : "11/20/16 08:52:00",
  "value" : "10"
},{
  "dateTime" : "11/20/16 12:38:00",
  "value" : "10"
},{
  "dateTime" : "11/20/16 13:14:00",
  "value" : "10"
},{
  "dateTime" : "11/20/16 13:15:00",
  "value" : "10"
},{
  "dateTime" : "11/20/16 15:47:00",
  "value" : "10"
},{
  "dateTime" : "11/20/16 17:09:00",
  "value" : "10"
},{
  "dateTime" : "11/20/16 17:33:00",
  "value" : "30"
},{
  "dateTime" : "11/20/16 17:34:00",
  "value" : "30"
},{
  "dateTime" : "11/20/16 22:10:00",
  "value" : "10"
},{
  "dateTime" : "11/21/16 08:49:00",
  "value" : "10"
},{
  "dateTime" : "11/21/16 09:35:00",
  "value" : "10"
},{
  "dateTime" : "11/21/16 14:13:00",
  "value" : "10"
},{
  "dateTime" : "11/21/16 14:49:00",
  "value" : "20"
},{
  "dateTime" : "11/21/16 17:32:00",
  "value" : "20"
},{
  "dateTime" : "11/21/16 17:33:00",
  "value" : "10"
},{
  "dateTime" : "11/21/16 22:37:00",
  "value" : "10"
},{
  "dateTime" : "11/22/16 09:24:00",
  "value" : "10"
},{
  "dateTime" : "11/22/16 11:52:00",
  "value" : "10"
},{
  "dateTime" : "11/22/16 13:04:00",
  "value" : "10"
},{
  "dateTime" : "11/22/16 14:37:00",
  "value" : "10"
},{
  "dateTime" : "11/22/16 14:38:00",
  "value" : "10"
},{
  "dateTime" : "11/22/16 17:30:00",
  "value" : "10"
},{
  "dateTime" : "11/22/16 20:49:00",
  "value" : "10"
},{
  "dateTime" : "11/22/16 20:57:00",
  "value" : "10"
},{
  "dateTime" : "11/22/16 20:58:00",
  "value" : "10"
},{
  "dateTime" : "11/22/16 23:31:00",
  "value" : "10"
},{
  "dateTime" : "11/23/16 00:43:00",
  "value" : "10"
},{
  "dateTime" : "11/23/16 07:13:00",
  "value" : "10"
},{
  "dateTime" : "11/23/16 11:24:00",
  "value" : "10"
},{
  "dateTime" : "11/23/16 14:42:00",
  "value" : "10"
},{
  "dateTime" : "11/23/16 15:27:00",
  "value" : "10"
},{
  "dateTime" : "11/23/16 17:06:00",
  "value" : "10"
},{
  "dateTime" : "11/23/16 17:07:00",
  "value" : "10"
},{
  "dateTime" : "11/23/16 17:08:00",
  "value" : "10"
},{
  "dateTime" : "11/23/16 23:04:00",
  "value" : "10"
},{
  "dateTime" : "11/24/16 07:57:00",
  "value" : "10"
},{
  "dateTime" : "11/24/16 08:28:00",
  "value" : "10"
},{
  "dateTime" : "11/24/16 08:29:00",
  "value" : "10"
},{
  "dateTime" : "11/24/16 08:45:00",
  "value" : "10"
},{
  "dateTime" : "11/24/16 08:46:00",
  "value" : "10"
},{
  "dateTime" : "11/24/16 08:47:00",
  "value" : "10"
},{
  "dateTime" : "11/24/16 08:48:00",
  "value" : "10"
},{
  "dateTime" : "11/24/16 09:20:00",
  "value" : "10"
},{
  "dateTime" : "11/24/16 11:44:00",
  "value" : "10"
},{
  "dateTime" : "11/24/16 12:12:00",
  "value" : "10"
},{
  "dateTime" : "11/24/16 12:16:00",
  "value" : "10"
},{
  "dateTime" : "11/24/16 13:59:00",
  "value" : "10"
},{
  "dateTime" : "11/24/16 14:00:00",
  "value" : "10"
},{
  "dateTime" : "11/24/16 14:51:00",
  "value" : "10"
},{
  "dateTime" : "11/24/16 16:30:00",
  "value" : "10"
},{
  "dateTime" : "11/24/16 16:31:00",
  "value" : "10"
},{
  "dateTime" : "11/24/16 21:26:00",
  "value" : "10"
},{
  "dateTime" : "11/24/16 21:27:00",
  "value" : "10"
},{
  "dateTime" : "11/25/16 18:27:00",
  "value" : "10"
},{
  "dateTime" : "11/26/16 01:30:00",
  "value" : "10"
},{
  "dateTime" : "11/26/16 16:42:00",
  "value" : "10"
},{
  "dateTime" : "11/26/16 19:31:00",
  "value" : "10"
},{
  "dateTime" : "11/27/16 08:05:00",
  "value" : "10"
},{
  "dateTime" : "11/27/16 10:22:00",
  "value" : "10"
},{
  "dateTime" : "11/27/16 13:25:00",
  "value" : "10"
},{
  "dateTime" : "11/27/16 13:26:00",
  "value" : "10"
},{
  "dateTime" : "11/27/16 14:58:00",
  "value" : "10"
},{
  "dateTime" : "11/27/16 15:50:00",
  "value" : "10"
},{
  "dateTime" : "11/27/16 18:04:00",
  "value" : "10"
},{
  "dateTime" : "11/27/16 18:05:00",
  "value" : "10"
},{
  "dateTime" : "11/27/16 19:08:00",
  "value" : "10"
},{
  "dateTime" : "11/27/16 20:50:00",
  "value" : "10"
},{
  "dateTime" : "11/28/16 07:53:00",
  "value" : "10"
},{
  "dateTime" : "11/28/16 08:43:00",
  "value" : "10"
},{
  "dateTime" : "11/28/16 13:19:00",
  "value" : "10"
},{
  "dateTime" : "11/28/16 13:20:00",
  "value" : "10"
},{
  "dateTime" : "11/28/16 14:00:00",
  "value" : "10"
},{
  "dateTime" : "11/28/16 14:01:00",
  "value" : "30"
},{
  "dateTime" : "11/28/16 17:21:00",
  "value" : "30"
},{
  "dateTime" : "11/28/16 19:35:00",
  "value" : "10"
},{
  "dateTime" : "11/28/16 19:36:00",
  "value" : "20"
},{
  "dateTime" : "11/28/16 21:17:00",
  "value" : "10"
},{
  "dateTime" : "11/29/16 15:48:00",
  "value" : "10"
},{
  "dateTime" : "11/29/16 16:48:00",
  "value" : "10"
},{
  "dateTime" : "11/29/16 17:51:00",
  "value" : "10"
},{
  "dateTime" : "11/29/16 18:57:00",
  "value" : "10"
},{
  "dateTime" : "11/29/16 21:11:00",
  "value" : "10"
},{
  "dateTime" : "11/29/16 21:38:00",
  "value" : "10"
},{
  "dateTime" : "11/29/16 21:39:00",
  "value" : "10"
}]