[{
  "dateTime" : "01/20/13 09:31:00",
  "value" : "10"
},{
  "dateTime" : "01/20/13 10:07:00",
  "value" : "10"
},{
  "dateTime" : "01/20/13 10:11:00",
  "value" : "10"
},{
  "dateTime" : "01/20/13 13:31:00",
  "value" : "10"
},{
  "dateTime" : "01/20/13 15:22:00",
  "value" : "10"
},{
  "dateTime" : "01/20/13 16:10:00",
  "value" : "10"
},{
  "dateTime" : "01/20/13 16:13:00",
  "value" : "10"
},{
  "dateTime" : "01/20/13 17:50:00",
  "value" : "10"
},{
  "dateTime" : "01/20/13 18:11:00",
  "value" : "10"
},{
  "dateTime" : "01/20/13 19:14:00",
  "value" : "10"
},{
  "dateTime" : "01/20/13 19:15:00",
  "value" : "10"
},{
  "dateTime" : "01/20/13 20:25:00",
  "value" : "10"
},{
  "dateTime" : "01/20/13 21:17:00",
  "value" : "10"
},{
  "dateTime" : "01/20/13 21:23:00",
  "value" : "10"
},{
  "dateTime" : "01/20/13 21:24:00",
  "value" : "10"
},{
  "dateTime" : "01/20/13 22:44:00",
  "value" : "10"
},{
  "dateTime" : "01/21/13 07:22:00",
  "value" : "10"
},{
  "dateTime" : "01/21/13 08:02:00",
  "value" : "10"
},{
  "dateTime" : "01/21/13 09:24:00",
  "value" : "10"
},{
  "dateTime" : "01/21/13 12:36:00",
  "value" : "10"
},{
  "dateTime" : "01/21/13 12:52:00",
  "value" : "10"
},{
  "dateTime" : "01/21/13 13:18:00",
  "value" : "10"
},{
  "dateTime" : "01/21/13 14:32:00",
  "value" : "10"
},{
  "dateTime" : "01/21/13 15:43:00",
  "value" : "10"
},{
  "dateTime" : "01/21/13 15:52:00",
  "value" : "20"
},{
  "dateTime" : "01/21/13 17:47:00",
  "value" : "10"
},{
  "dateTime" : "01/21/13 19:01:00",
  "value" : "10"
},{
  "dateTime" : "01/21/13 20:33:00",
  "value" : "10"
},{
  "dateTime" : "01/21/13 21:26:00",
  "value" : "10"
},{
  "dateTime" : "01/21/13 21:42:00",
  "value" : "10"
},{
  "dateTime" : "01/22/13 01:07:00",
  "value" : "10"
},{
  "dateTime" : "01/22/13 09:47:00",
  "value" : "10"
},{
  "dateTime" : "01/22/13 11:12:00",
  "value" : "10"
},{
  "dateTime" : "01/22/13 11:20:00",
  "value" : "10"
},{
  "dateTime" : "01/22/13 11:32:00",
  "value" : "10"
},{
  "dateTime" : "01/22/13 12:36:00",
  "value" : "10"
},{
  "dateTime" : "01/22/13 12:44:00",
  "value" : "10"
},{
  "dateTime" : "01/22/13 14:21:00",
  "value" : "10"
},{
  "dateTime" : "01/22/13 14:42:00",
  "value" : "10"
},{
  "dateTime" : "01/22/13 15:09:00",
  "value" : "10"
},{
  "dateTime" : "01/22/13 17:27:00",
  "value" : "10"
},{
  "dateTime" : "01/22/13 17:34:00",
  "value" : "10"
},{
  "dateTime" : "01/22/13 17:40:00",
  "value" : "10"
},{
  "dateTime" : "01/22/13 20:28:00",
  "value" : "10"
},{
  "dateTime" : "01/22/13 23:47:00",
  "value" : "10"
},{
  "dateTime" : "01/23/13 12:19:00",
  "value" : "10"
},{
  "dateTime" : "01/23/13 14:44:00",
  "value" : "10"
},{
  "dateTime" : "01/23/13 14:59:00",
  "value" : "10"
},{
  "dateTime" : "01/23/13 15:09:00",
  "value" : "10"
},{
  "dateTime" : "01/23/13 15:27:00",
  "value" : "10"
},{
  "dateTime" : "01/23/13 15:51:00",
  "value" : "10"
},{
  "dateTime" : "01/23/13 17:10:00",
  "value" : "10"
},{
  "dateTime" : "01/23/13 17:15:00",
  "value" : "10"
},{
  "dateTime" : "01/23/13 17:23:00",
  "value" : "10"
},{
  "dateTime" : "01/23/13 17:51:00",
  "value" : "10"
},{
  "dateTime" : "01/23/13 17:56:00",
  "value" : "10"
},{
  "dateTime" : "01/23/13 18:02:00",
  "value" : "10"
},{
  "dateTime" : "01/23/13 20:37:00",
  "value" : "10"
},{
  "dateTime" : "01/23/13 21:36:00",
  "value" : "10"
},{
  "dateTime" : "01/23/13 23:32:00",
  "value" : "10"
},{
  "dateTime" : "01/24/13 08:30:00",
  "value" : "10"
},{
  "dateTime" : "01/24/13 08:32:00",
  "value" : "10"
},{
  "dateTime" : "01/24/13 08:34:00",
  "value" : "10"
},{
  "dateTime" : "01/24/13 08:35:00",
  "value" : "10"
},{
  "dateTime" : "01/24/13 10:55:00",
  "value" : "10"
},{
  "dateTime" : "01/24/13 11:04:00",
  "value" : "10"
},{
  "dateTime" : "01/24/13 12:26:00",
  "value" : "10"
},{
  "dateTime" : "01/24/13 14:36:00",
  "value" : "10"
},{
  "dateTime" : "01/24/13 15:46:00",
  "value" : "10"
},{
  "dateTime" : "01/24/13 19:04:00",
  "value" : "10"
},{
  "dateTime" : "01/24/13 19:05:00",
  "value" : "10"
},{
  "dateTime" : "01/24/13 20:00:00",
  "value" : "10"
},{
  "dateTime" : "01/25/13 02:22:00",
  "value" : "10"
},{
  "dateTime" : "01/25/13 08:41:00",
  "value" : "10"
},{
  "dateTime" : "01/25/13 10:42:00",
  "value" : "10"
},{
  "dateTime" : "01/25/13 12:12:00",
  "value" : "10"
},{
  "dateTime" : "01/25/13 15:18:00",
  "value" : "10"
},{
  "dateTime" : "01/25/13 15:30:00",
  "value" : "10"
},{
  "dateTime" : "01/25/13 15:34:00",
  "value" : "20"
},{
  "dateTime" : "01/25/13 16:58:00",
  "value" : "10"
},{
  "dateTime" : "01/25/13 16:59:00",
  "value" : "20"
},{
  "dateTime" : "01/25/13 17:01:00",
  "value" : "10"
},{
  "dateTime" : "01/25/13 17:12:00",
  "value" : "10"
},{
  "dateTime" : "01/25/13 18:31:00",
  "value" : "10"
},{
  "dateTime" : "01/25/13 18:47:00",
  "value" : "10"
},{
  "dateTime" : "01/26/13 02:01:00",
  "value" : "10"
},{
  "dateTime" : "01/26/13 09:48:00",
  "value" : "10"
},{
  "dateTime" : "01/26/13 10:09:00",
  "value" : "10"
},{
  "dateTime" : "01/26/13 10:17:00",
  "value" : "10"
},{
  "dateTime" : "01/26/13 10:58:00",
  "value" : "10"
},{
  "dateTime" : "01/26/13 14:46:00",
  "value" : "10"
},{
  "dateTime" : "01/26/13 16:06:00",
  "value" : "10"
},{
  "dateTime" : "01/26/13 17:11:00",
  "value" : "10"
},{
  "dateTime" : "01/26/13 18:15:00",
  "value" : "10"
},{
  "dateTime" : "01/26/13 21:04:00",
  "value" : "10"
},{
  "dateTime" : "01/26/13 21:12:00",
  "value" : "10"
},{
  "dateTime" : "01/27/13 08:35:00",
  "value" : "10"
},{
  "dateTime" : "01/27/13 10:15:00",
  "value" : "10"
},{
  "dateTime" : "01/27/13 11:12:00",
  "value" : "10"
},{
  "dateTime" : "01/27/13 11:39:00",
  "value" : "10"
},{
  "dateTime" : "01/27/13 11:41:00",
  "value" : "10"
},{
  "dateTime" : "01/27/13 12:58:00",
  "value" : "10"
},{
  "dateTime" : "01/27/13 14:44:00",
  "value" : "10"
},{
  "dateTime" : "01/27/13 19:06:00",
  "value" : "10"
},{
  "dateTime" : "01/27/13 19:16:00",
  "value" : "10"
},{
  "dateTime" : "01/27/13 19:40:00",
  "value" : "10"
},{
  "dateTime" : "01/27/13 20:15:00",
  "value" : "10"
},{
  "dateTime" : "01/27/13 20:59:00",
  "value" : "10"
},{
  "dateTime" : "01/27/13 22:20:00",
  "value" : "10"
},{
  "dateTime" : "01/28/13 06:28:00",
  "value" : "10"
},{
  "dateTime" : "01/28/13 08:32:00",
  "value" : "10"
},{
  "dateTime" : "01/28/13 09:06:00",
  "value" : "10"
},{
  "dateTime" : "01/28/13 09:10:00",
  "value" : "10"
},{
  "dateTime" : "01/28/13 09:23:00",
  "value" : "10"
},{
  "dateTime" : "01/28/13 09:24:00",
  "value" : "10"
},{
  "dateTime" : "01/28/13 09:34:00",
  "value" : "10"
},{
  "dateTime" : "01/28/13 12:30:00",
  "value" : "10"
},{
  "dateTime" : "01/28/13 15:17:00",
  "value" : "10"
},{
  "dateTime" : "01/28/13 16:11:00",
  "value" : "10"
},{
  "dateTime" : "01/28/13 17:06:00",
  "value" : "10"
},{
  "dateTime" : "01/28/13 17:42:00",
  "value" : "10"
},{
  "dateTime" : "01/28/13 18:04:00",
  "value" : "10"
},{
  "dateTime" : "01/28/13 19:54:00",
  "value" : "10"
},{
  "dateTime" : "01/28/13 19:55:00",
  "value" : "10"
},{
  "dateTime" : "01/28/13 21:34:00",
  "value" : "10"
},{
  "dateTime" : "01/29/13 00:38:00",
  "value" : "10"
},{
  "dateTime" : "01/29/13 05:58:00",
  "value" : "10"
},{
  "dateTime" : "01/29/13 08:22:00",
  "value" : "10"
},{
  "dateTime" : "01/29/13 08:59:00",
  "value" : "10"
},{
  "dateTime" : "01/29/13 12:16:00",
  "value" : "10"
},{
  "dateTime" : "01/29/13 14:28:00",
  "value" : "10"
},{
  "dateTime" : "01/29/13 19:33:00",
  "value" : "10"
},{
  "dateTime" : "01/29/13 20:32:00",
  "value" : "10"
},{
  "dateTime" : "01/29/13 21:08:00",
  "value" : "10"
},{
  "dateTime" : "01/29/13 21:18:00",
  "value" : "10"
},{
  "dateTime" : "01/29/13 21:49:00",
  "value" : "10"
},{
  "dateTime" : "01/29/13 22:08:00",
  "value" : "10"
},{
  "dateTime" : "01/29/13 22:10:00",
  "value" : "10"
},{
  "dateTime" : "01/30/13 00:31:00",
  "value" : "10"
},{
  "dateTime" : "01/30/13 08:03:00",
  "value" : "10"
},{
  "dateTime" : "01/30/13 08:47:00",
  "value" : "10"
},{
  "dateTime" : "01/30/13 08:50:00",
  "value" : "10"
},{
  "dateTime" : "01/30/13 14:09:00",
  "value" : "10"
},{
  "dateTime" : "01/30/13 15:24:00",
  "value" : "10"
},{
  "dateTime" : "01/30/13 15:35:00",
  "value" : "10"
},{
  "dateTime" : "01/30/13 18:49:00",
  "value" : "10"
},{
  "dateTime" : "01/30/13 19:53:00",
  "value" : "20"
},{
  "dateTime" : "01/30/13 20:13:00",
  "value" : "10"
},{
  "dateTime" : "01/30/13 20:21:00",
  "value" : "10"
},{
  "dateTime" : "01/30/13 20:26:00",
  "value" : "10"
},{
  "dateTime" : "01/30/13 22:46:00",
  "value" : "10"
},{
  "dateTime" : "01/31/13 06:31:00",
  "value" : "10"
},{
  "dateTime" : "01/31/13 12:36:00",
  "value" : "10"
},{
  "dateTime" : "01/31/13 12:45:00",
  "value" : "10"
},{
  "dateTime" : "01/31/13 14:10:00",
  "value" : "10"
},{
  "dateTime" : "01/31/13 14:28:00",
  "value" : "10"
},{
  "dateTime" : "01/31/13 14:29:00",
  "value" : "20"
},{
  "dateTime" : "01/31/13 14:30:00",
  "value" : "10"
},{
  "dateTime" : "01/31/13 15:25:00",
  "value" : "10"
},{
  "dateTime" : "01/31/13 16:04:00",
  "value" : "10"
},{
  "dateTime" : "01/31/13 16:17:00",
  "value" : "10"
},{
  "dateTime" : "01/31/13 16:19:00",
  "value" : "20"
},{
  "dateTime" : "01/31/13 16:20:00",
  "value" : "10"
},{
  "dateTime" : "01/31/13 17:33:00",
  "value" : "10"
},{
  "dateTime" : "01/31/13 18:07:00",
  "value" : "10"
},{
  "dateTime" : "01/31/13 21:05:00",
  "value" : "10"
},{
  "dateTime" : "01/31/13 21:19:00",
  "value" : "10"
},{
  "dateTime" : "01/31/13 21:56:00",
  "value" : "10"
},{
  "dateTime" : "02/01/13 09:04:00",
  "value" : "10"
},{
  "dateTime" : "02/01/13 09:08:00",
  "value" : "10"
},{
  "dateTime" : "02/01/13 13:43:00",
  "value" : "10"
},{
  "dateTime" : "02/01/13 13:44:00",
  "value" : "10"
},{
  "dateTime" : "02/01/13 17:32:00",
  "value" : "10"
},{
  "dateTime" : "02/01/13 17:51:00",
  "value" : "10"
},{
  "dateTime" : "02/01/13 18:56:00",
  "value" : "10"
},{
  "dateTime" : "02/01/13 19:13:00",
  "value" : "10"
},{
  "dateTime" : "02/01/13 19:31:00",
  "value" : "10"
},{
  "dateTime" : "02/01/13 20:25:00",
  "value" : "10"
},{
  "dateTime" : "02/01/13 21:12:00",
  "value" : "10"
},{
  "dateTime" : "02/02/13 00:59:00",
  "value" : "10"
},{
  "dateTime" : "02/02/13 07:18:00",
  "value" : "10"
},{
  "dateTime" : "02/02/13 09:46:00",
  "value" : "10"
},{
  "dateTime" : "02/02/13 11:11:00",
  "value" : "10"
},{
  "dateTime" : "02/02/13 12:21:00",
  "value" : "10"
},{
  "dateTime" : "02/02/13 12:22:00",
  "value" : "10"
},{
  "dateTime" : "02/02/13 12:27:00",
  "value" : "10"
},{
  "dateTime" : "02/02/13 17:06:00",
  "value" : "10"
},{
  "dateTime" : "02/02/13 20:47:00",
  "value" : "10"
},{
  "dateTime" : "02/03/13 00:22:00",
  "value" : "10"
},{
  "dateTime" : "02/03/13 00:38:00",
  "value" : "10"
},{
  "dateTime" : "02/03/13 00:39:00",
  "value" : "20"
},{
  "dateTime" : "02/03/13 00:43:00",
  "value" : "10"
},{
  "dateTime" : "02/03/13 00:44:00",
  "value" : "20"
},{
  "dateTime" : "02/03/13 00:45:00",
  "value" : "30"
},{
  "dateTime" : "02/03/13 00:47:00",
  "value" : "10"
},{
  "dateTime" : "02/03/13 10:46:00",
  "value" : "10"
},{
  "dateTime" : "02/03/13 10:52:00",
  "value" : "10"
},{
  "dateTime" : "02/03/13 13:17:00",
  "value" : "10"
},{
  "dateTime" : "02/03/13 17:55:00",
  "value" : "10"
},{
  "dateTime" : "02/03/13 20:44:00",
  "value" : "10"
},{
  "dateTime" : "02/03/13 21:16:00",
  "value" : "10"
},{
  "dateTime" : "02/03/13 21:24:00",
  "value" : "10"
},{
  "dateTime" : "02/04/13 08:41:00",
  "value" : "10"
},{
  "dateTime" : "02/04/13 08:53:00",
  "value" : "10"
},{
  "dateTime" : "02/04/13 08:55:00",
  "value" : "10"
},{
  "dateTime" : "02/04/13 10:43:00",
  "value" : "10"
},{
  "dateTime" : "02/04/13 12:05:00",
  "value" : "10"
},{
  "dateTime" : "02/04/13 12:40:00",
  "value" : "10"
},{
  "dateTime" : "02/04/13 14:41:00",
  "value" : "10"
},{
  "dateTime" : "02/04/13 17:22:00",
  "value" : "10"
},{
  "dateTime" : "02/04/13 17:42:00",
  "value" : "10"
},{
  "dateTime" : "02/04/13 17:46:00",
  "value" : "10"
},{
  "dateTime" : "02/04/13 18:13:00",
  "value" : "10"
},{
  "dateTime" : "02/04/13 18:25:00",
  "value" : "10"
},{
  "dateTime" : "02/04/13 18:47:00",
  "value" : "10"
},{
  "dateTime" : "02/04/13 18:52:00",
  "value" : "10"
},{
  "dateTime" : "02/04/13 18:53:00",
  "value" : "10"
},{
  "dateTime" : "02/04/13 18:57:00",
  "value" : "10"
},{
  "dateTime" : "02/04/13 19:19:00",
  "value" : "10"
},{
  "dateTime" : "02/04/13 19:39:00",
  "value" : "10"
},{
  "dateTime" : "02/04/13 19:55:00",
  "value" : "10"
},{
  "dateTime" : "02/04/13 20:01:00",
  "value" : "10"
},{
  "dateTime" : "02/04/13 20:25:00",
  "value" : "10"
},{
  "dateTime" : "02/04/13 21:00:00",
  "value" : "10"
},{
  "dateTime" : "02/04/13 22:05:00",
  "value" : "10"
},{
  "dateTime" : "02/05/13 00:14:00",
  "value" : "10"
},{
  "dateTime" : "02/05/13 08:23:00",
  "value" : "10"
},{
  "dateTime" : "02/05/13 08:26:00",
  "value" : "10"
},{
  "dateTime" : "02/05/13 08:45:00",
  "value" : "10"
},{
  "dateTime" : "02/05/13 12:09:00",
  "value" : "10"
},{
  "dateTime" : "02/05/13 15:03:00",
  "value" : "10"
},{
  "dateTime" : "02/05/13 15:16:00",
  "value" : "10"
},{
  "dateTime" : "02/05/13 15:17:00",
  "value" : "10"
},{
  "dateTime" : "02/05/13 16:33:00",
  "value" : "10"
},{
  "dateTime" : "02/05/13 17:13:00",
  "value" : "20"
},{
  "dateTime" : "02/05/13 17:57:00",
  "value" : "10"
},{
  "dateTime" : "02/05/13 23:39:00",
  "value" : "10"
},{
  "dateTime" : "02/06/13 08:20:00",
  "value" : "10"
},{
  "dateTime" : "02/06/13 14:09:00",
  "value" : "10"
},{
  "dateTime" : "02/06/13 14:12:00",
  "value" : "30"
},{
  "dateTime" : "02/06/13 14:36:00",
  "value" : "10"
},{
  "dateTime" : "02/06/13 14:41:00",
  "value" : "10"
},{
  "dateTime" : "02/06/13 14:45:00",
  "value" : "10"
},{
  "dateTime" : "02/06/13 14:46:00",
  "value" : "10"
},{
  "dateTime" : "02/06/13 15:00:00",
  "value" : "10"
},{
  "dateTime" : "02/06/13 15:04:00",
  "value" : "10"
},{
  "dateTime" : "02/06/13 15:06:00",
  "value" : "10"
},{
  "dateTime" : "02/06/13 18:40:00",
  "value" : "10"
},{
  "dateTime" : "02/06/13 19:26:00",
  "value" : "10"
},{
  "dateTime" : "02/06/13 21:06:00",
  "value" : "10"
},{
  "dateTime" : "02/07/13 09:49:00",
  "value" : "10"
},{
  "dateTime" : "02/07/13 12:33:00",
  "value" : "10"
},{
  "dateTime" : "02/07/13 13:58:00",
  "value" : "10"
},{
  "dateTime" : "02/07/13 15:07:00",
  "value" : "10"
},{
  "dateTime" : "02/07/13 15:09:00",
  "value" : "10"
},{
  "dateTime" : "02/07/13 15:44:00",
  "value" : "10"
},{
  "dateTime" : "02/07/13 16:27:00",
  "value" : "10"
},{
  "dateTime" : "02/07/13 17:03:00",
  "value" : "10"
},{
  "dateTime" : "02/07/13 17:10:00",
  "value" : "10"
},{
  "dateTime" : "02/07/13 17:11:00",
  "value" : "10"
},{
  "dateTime" : "02/07/13 17:26:00",
  "value" : "10"
},{
  "dateTime" : "02/07/13 17:28:00",
  "value" : "10"
},{
  "dateTime" : "02/07/13 18:07:00",
  "value" : "10"
},{
  "dateTime" : "02/07/13 19:27:00",
  "value" : "10"
},{
  "dateTime" : "02/07/13 21:39:00",
  "value" : "10"
},{
  "dateTime" : "02/07/13 23:08:00",
  "value" : "10"
},{
  "dateTime" : "02/07/13 23:57:00",
  "value" : "10"
},{
  "dateTime" : "02/08/13 01:13:00",
  "value" : "10"
},{
  "dateTime" : "02/08/13 08:40:00",
  "value" : "10"
},{
  "dateTime" : "02/08/13 09:10:00",
  "value" : "10"
},{
  "dateTime" : "02/08/13 12:58:00",
  "value" : "10"
},{
  "dateTime" : "02/08/13 13:02:00",
  "value" : "10"
},{
  "dateTime" : "02/08/13 13:35:00",
  "value" : "10"
},{
  "dateTime" : "02/08/13 17:53:00",
  "value" : "10"
},{
  "dateTime" : "02/08/13 18:00:00",
  "value" : "10"
},{
  "dateTime" : "02/08/13 18:51:00",
  "value" : "10"
},{
  "dateTime" : "02/08/13 22:44:00",
  "value" : "10"
},{
  "dateTime" : "02/09/13 10:25:00",
  "value" : "10"
},{
  "dateTime" : "02/09/13 12:49:00",
  "value" : "10"
},{
  "dateTime" : "02/09/13 13:50:00",
  "value" : "10"
},{
  "dateTime" : "02/09/13 15:52:00",
  "value" : "10"
},{
  "dateTime" : "02/09/13 19:44:00",
  "value" : "10"
},{
  "dateTime" : "02/09/13 20:16:00",
  "value" : "10"
},{
  "dateTime" : "02/09/13 23:04:00",
  "value" : "10"
},{
  "dateTime" : "02/10/13 10:28:00",
  "value" : "10"
},{
  "dateTime" : "02/10/13 10:30:00",
  "value" : "10"
},{
  "dateTime" : "02/10/13 10:38:00",
  "value" : "10"
},{
  "dateTime" : "02/10/13 10:44:00",
  "value" : "10"
},{
  "dateTime" : "02/10/13 10:55:00",
  "value" : "10"
},{
  "dateTime" : "02/10/13 12:06:00",
  "value" : "10"
},{
  "dateTime" : "02/10/13 12:18:00",
  "value" : "10"
},{
  "dateTime" : "02/10/13 12:52:00",
  "value" : "10"
},{
  "dateTime" : "02/10/13 12:59:00",
  "value" : "10"
},{
  "dateTime" : "02/10/13 13:30:00",
  "value" : "10"
},{
  "dateTime" : "02/10/13 14:19:00",
  "value" : "10"
},{
  "dateTime" : "02/10/13 17:59:00",
  "value" : "10"
},{
  "dateTime" : "02/10/13 19:01:00",
  "value" : "10"
},{
  "dateTime" : "02/10/13 21:54:00",
  "value" : "10"
},{
  "dateTime" : "02/11/13 00:21:00",
  "value" : "10"
},{
  "dateTime" : "02/11/13 08:26:00",
  "value" : "10"
},{
  "dateTime" : "02/11/13 08:49:00",
  "value" : "10"
},{
  "dateTime" : "02/11/13 09:10:00",
  "value" : "10"
},{
  "dateTime" : "02/11/13 09:49:00",
  "value" : "10"
},{
  "dateTime" : "02/11/13 15:37:00",
  "value" : "10"
},{
  "dateTime" : "02/11/13 17:41:00",
  "value" : "10"
},{
  "dateTime" : "02/11/13 19:12:00",
  "value" : "10"
},{
  "dateTime" : "02/12/13 08:37:00",
  "value" : "10"
},{
  "dateTime" : "02/12/13 09:22:00",
  "value" : "10"
},{
  "dateTime" : "02/12/13 09:23:00",
  "value" : "10"
},{
  "dateTime" : "02/12/13 10:08:00",
  "value" : "10"
},{
  "dateTime" : "02/12/13 12:17:00",
  "value" : "10"
},{
  "dateTime" : "02/12/13 14:27:00",
  "value" : "10"
},{
  "dateTime" : "02/12/13 20:00:00",
  "value" : "10"
},{
  "dateTime" : "02/12/13 20:06:00",
  "value" : "10"
},{
  "dateTime" : "02/12/13 20:08:00",
  "value" : "10"
},{
  "dateTime" : "02/12/13 20:45:00",
  "value" : "10"
},{
  "dateTime" : "02/12/13 21:11:00",
  "value" : "10"
},{
  "dateTime" : "02/12/13 21:37:00",
  "value" : "10"
},{
  "dateTime" : "02/12/13 21:39:00",
  "value" : "10"
},{
  "dateTime" : "02/13/13 00:53:00",
  "value" : "10"
},{
  "dateTime" : "02/13/13 08:22:00",
  "value" : "10"
},{
  "dateTime" : "02/13/13 08:32:00",
  "value" : "10"
},{
  "dateTime" : "02/13/13 08:52:00",
  "value" : "10"
},{
  "dateTime" : "02/13/13 08:54:00",
  "value" : "10"
},{
  "dateTime" : "02/13/13 09:19:00",
  "value" : "10"
},{
  "dateTime" : "02/13/13 12:22:00",
  "value" : "10"
},{
  "dateTime" : "02/13/13 13:26:00",
  "value" : "10"
},{
  "dateTime" : "02/13/13 15:48:00",
  "value" : "10"
},{
  "dateTime" : "02/13/13 16:39:00",
  "value" : "10"
},{
  "dateTime" : "02/13/13 18:24:00",
  "value" : "10"
},{
  "dateTime" : "02/13/13 18:25:00",
  "value" : "10"
},{
  "dateTime" : "02/13/13 19:14:00",
  "value" : "10"
},{
  "dateTime" : "02/13/13 20:08:00",
  "value" : "10"
},{
  "dateTime" : "02/13/13 20:18:00",
  "value" : "10"
},{
  "dateTime" : "02/13/13 20:26:00",
  "value" : "10"
},{
  "dateTime" : "02/13/13 20:37:00",
  "value" : "10"
},{
  "dateTime" : "02/13/13 20:58:00",
  "value" : "10"
},{
  "dateTime" : "02/14/13 07:31:00",
  "value" : "10"
},{
  "dateTime" : "02/14/13 08:29:00",
  "value" : "10"
},{
  "dateTime" : "02/14/13 08:42:00",
  "value" : "10"
},{
  "dateTime" : "02/14/13 08:48:00",
  "value" : "10"
},{
  "dateTime" : "02/14/13 11:56:00",
  "value" : "10"
},{
  "dateTime" : "02/14/13 12:16:00",
  "value" : "10"
},{
  "dateTime" : "02/14/13 12:17:00",
  "value" : "10"
},{
  "dateTime" : "02/14/13 14:04:00",
  "value" : "10"
},{
  "dateTime" : "02/14/13 15:04:00",
  "value" : "10"
},{
  "dateTime" : "02/14/13 15:24:00",
  "value" : "10"
},{
  "dateTime" : "02/14/13 15:25:00",
  "value" : "10"
},{
  "dateTime" : "02/14/13 18:37:00",
  "value" : "10"
},{
  "dateTime" : "02/14/13 19:24:00",
  "value" : "10"
},{
  "dateTime" : "02/14/13 19:52:00",
  "value" : "10"
},{
  "dateTime" : "02/14/13 22:37:00",
  "value" : "10"
},{
  "dateTime" : "02/14/13 22:42:00",
  "value" : "10"
},{
  "dateTime" : "02/15/13 00:10:00",
  "value" : "10"
},{
  "dateTime" : "02/15/13 08:28:00",
  "value" : "10"
},{
  "dateTime" : "02/15/13 08:31:00",
  "value" : "10"
},{
  "dateTime" : "02/15/13 09:03:00",
  "value" : "10"
},{
  "dateTime" : "02/15/13 09:36:00",
  "value" : "10"
},{
  "dateTime" : "02/15/13 09:40:00",
  "value" : "20"
},{
  "dateTime" : "02/15/13 09:41:00",
  "value" : "20"
},{
  "dateTime" : "02/15/13 09:42:00",
  "value" : "10"
},{
  "dateTime" : "02/15/13 11:12:00",
  "value" : "10"
},{
  "dateTime" : "02/15/13 11:13:00",
  "value" : "10"
},{
  "dateTime" : "02/15/13 11:14:00",
  "value" : "10"
},{
  "dateTime" : "02/15/13 11:15:00",
  "value" : "10"
},{
  "dateTime" : "02/15/13 11:17:00",
  "value" : "10"
},{
  "dateTime" : "02/15/13 11:21:00",
  "value" : "10"
},{
  "dateTime" : "02/15/13 11:27:00",
  "value" : "10"
},{
  "dateTime" : "02/15/13 14:35:00",
  "value" : "10"
},{
  "dateTime" : "02/15/13 14:48:00",
  "value" : "10"
},{
  "dateTime" : "02/15/13 16:58:00",
  "value" : "10"
},{
  "dateTime" : "02/15/13 17:45:00",
  "value" : "10"
},{
  "dateTime" : "02/15/13 17:56:00",
  "value" : "10"
},{
  "dateTime" : "02/15/13 19:58:00",
  "value" : "10"
},{
  "dateTime" : "02/15/13 19:59:00",
  "value" : "20"
},{
  "dateTime" : "02/15/13 23:28:00",
  "value" : "10"
},{
  "dateTime" : "02/16/13 08:50:00",
  "value" : "10"
},{
  "dateTime" : "02/16/13 12:35:00",
  "value" : "10"
},{
  "dateTime" : "02/16/13 12:50:00",
  "value" : "20"
},{
  "dateTime" : "02/16/13 12:58:00",
  "value" : "20"
},{
  "dateTime" : "02/16/13 13:35:00",
  "value" : "10"
},{
  "dateTime" : "02/16/13 13:36:00",
  "value" : "10"
},{
  "dateTime" : "02/16/13 13:50:00",
  "value" : "10"
},{
  "dateTime" : "02/16/13 15:02:00",
  "value" : "10"
},{
  "dateTime" : "02/16/13 16:23:00",
  "value" : "10"
},{
  "dateTime" : "02/16/13 17:12:00",
  "value" : "10"
},{
  "dateTime" : "02/16/13 17:29:00",
  "value" : "10"
},{
  "dateTime" : "02/16/13 18:10:00",
  "value" : "10"
},{
  "dateTime" : "02/16/13 19:01:00",
  "value" : "10"
},{
  "dateTime" : "02/16/13 21:23:00",
  "value" : "10"
},{
  "dateTime" : "02/16/13 21:28:00",
  "value" : "10"
},{
  "dateTime" : "02/17/13 00:27:00",
  "value" : "10"
},{
  "dateTime" : "02/17/13 10:02:00",
  "value" : "10"
},{
  "dateTime" : "02/17/13 13:20:00",
  "value" : "10"
},{
  "dateTime" : "02/17/13 15:09:00",
  "value" : "10"
},{
  "dateTime" : "02/17/13 17:15:00",
  "value" : "10"
},{
  "dateTime" : "02/17/13 19:38:00",
  "value" : "10"
},{
  "dateTime" : "02/17/13 23:22:00",
  "value" : "10"
},{
  "dateTime" : "02/18/13 07:46:00",
  "value" : "10"
},{
  "dateTime" : "02/18/13 08:10:00",
  "value" : "10"
},{
  "dateTime" : "02/18/13 09:14:00",
  "value" : "10"
},{
  "dateTime" : "02/18/13 11:37:00",
  "value" : "10"
},{
  "dateTime" : "02/18/13 11:54:00",
  "value" : "10"
},{
  "dateTime" : "02/18/13 14:36:00",
  "value" : "10"
},{
  "dateTime" : "02/18/13 14:37:00",
  "value" : "10"
},{
  "dateTime" : "02/18/13 14:42:00",
  "value" : "10"
},{
  "dateTime" : "02/18/13 16:01:00",
  "value" : "10"
},{
  "dateTime" : "02/18/13 17:52:00",
  "value" : "10"
},{
  "dateTime" : "02/18/13 17:59:00",
  "value" : "10"
},{
  "dateTime" : "02/18/13 18:32:00",
  "value" : "10"
},{
  "dateTime" : "02/18/13 18:36:00",
  "value" : "10"
},{
  "dateTime" : "02/18/13 18:37:00",
  "value" : "10"
},{
  "dateTime" : "02/18/13 18:38:00",
  "value" : "20"
},{
  "dateTime" : "02/18/13 19:33:00",
  "value" : "10"
},{
  "dateTime" : "02/18/13 20:38:00",
  "value" : "10"
},{
  "dateTime" : "02/18/13 20:57:00",
  "value" : "10"
}]