[{
  "dateTime" : "07/19/13 07:41:00",
  "value" : "10"
},{
  "dateTime" : "07/19/13 08:34:00",
  "value" : "10"
},{
  "dateTime" : "07/19/13 08:44:00",
  "value" : "10"
},{
  "dateTime" : "07/19/13 09:01:00",
  "value" : "10"
},{
  "dateTime" : "07/19/13 12:27:00",
  "value" : "10"
},{
  "dateTime" : "07/19/13 12:32:00",
  "value" : "10"
},{
  "dateTime" : "07/19/13 12:44:00",
  "value" : "30"
},{
  "dateTime" : "07/19/13 15:30:00",
  "value" : "10"
},{
  "dateTime" : "07/19/13 18:38:00",
  "value" : "10"
},{
  "dateTime" : "07/19/13 20:13:00",
  "value" : "10"
},{
  "dateTime" : "07/19/13 21:04:00",
  "value" : "10"
},{
  "dateTime" : "07/19/13 23:14:00",
  "value" : "10"
},{
  "dateTime" : "07/20/13 10:16:00",
  "value" : "10"
},{
  "dateTime" : "07/20/13 10:38:00",
  "value" : "10"
},{
  "dateTime" : "07/20/13 11:39:00",
  "value" : "10"
},{
  "dateTime" : "07/20/13 13:28:00",
  "value" : "10"
},{
  "dateTime" : "07/20/13 15:07:00",
  "value" : "10"
},{
  "dateTime" : "07/20/13 18:39:00",
  "value" : "10"
},{
  "dateTime" : "07/20/13 21:19:00",
  "value" : "10"
},{
  "dateTime" : "07/20/13 21:43:00",
  "value" : "10"
},{
  "dateTime" : "07/20/13 22:56:00",
  "value" : "10"
},{
  "dateTime" : "07/21/13 00:18:00",
  "value" : "10"
},{
  "dateTime" : "07/21/13 01:08:00",
  "value" : "10"
},{
  "dateTime" : "07/21/13 07:47:00",
  "value" : "10"
},{
  "dateTime" : "07/21/13 09:28:00",
  "value" : "10"
},{
  "dateTime" : "07/21/13 09:53:00",
  "value" : "10"
},{
  "dateTime" : "07/21/13 10:01:00",
  "value" : "10"
},{
  "dateTime" : "07/21/13 10:02:00",
  "value" : "10"
},{
  "dateTime" : "07/21/13 10:03:00",
  "value" : "10"
},{
  "dateTime" : "07/21/13 10:23:00",
  "value" : "10"
},{
  "dateTime" : "07/21/13 11:08:00",
  "value" : "10"
},{
  "dateTime" : "07/21/13 11:16:00",
  "value" : "10"
},{
  "dateTime" : "07/21/13 15:41:00",
  "value" : "10"
},{
  "dateTime" : "07/21/13 19:41:00",
  "value" : "10"
},{
  "dateTime" : "07/21/13 19:51:00",
  "value" : "20"
},{
  "dateTime" : "07/21/13 20:09:00",
  "value" : "10"
},{
  "dateTime" : "07/21/13 20:20:00",
  "value" : "10"
},{
  "dateTime" : "07/21/13 20:22:00",
  "value" : "10"
},{
  "dateTime" : "07/21/13 21:40:00",
  "value" : "10"
},{
  "dateTime" : "07/21/13 23:19:00",
  "value" : "10"
},{
  "dateTime" : "07/22/13 08:35:00",
  "value" : "10"
},{
  "dateTime" : "07/22/13 09:07:00",
  "value" : "10"
},{
  "dateTime" : "07/22/13 13:37:00",
  "value" : "10"
},{
  "dateTime" : "07/22/13 20:41:00",
  "value" : "10"
},{
  "dateTime" : "07/22/13 20:46:00",
  "value" : "10"
},{
  "dateTime" : "07/22/13 22:48:00",
  "value" : "10"
},{
  "dateTime" : "07/23/13 09:44:00",
  "value" : "10"
},{
  "dateTime" : "07/23/13 10:42:00",
  "value" : "10"
},{
  "dateTime" : "07/23/13 11:18:00",
  "value" : "10"
},{
  "dateTime" : "07/23/13 12:01:00",
  "value" : "10"
},{
  "dateTime" : "07/23/13 12:08:00",
  "value" : "10"
},{
  "dateTime" : "07/23/13 12:23:00",
  "value" : "10"
},{
  "dateTime" : "07/23/13 15:00:00",
  "value" : "10"
},{
  "dateTime" : "07/23/13 15:33:00",
  "value" : "10"
},{
  "dateTime" : "07/23/13 16:07:00",
  "value" : "10"
},{
  "dateTime" : "07/23/13 16:45:00",
  "value" : "10"
},{
  "dateTime" : "07/23/13 16:51:00",
  "value" : "10"
},{
  "dateTime" : "07/23/13 16:55:00",
  "value" : "10"
},{
  "dateTime" : "07/23/13 17:17:00",
  "value" : "10"
},{
  "dateTime" : "07/23/13 18:41:00",
  "value" : "10"
},{
  "dateTime" : "07/23/13 18:46:00",
  "value" : "10"
},{
  "dateTime" : "07/23/13 18:54:00",
  "value" : "10"
},{
  "dateTime" : "07/23/13 21:05:00",
  "value" : "10"
},{
  "dateTime" : "07/23/13 21:44:00",
  "value" : "10"
},{
  "dateTime" : "07/23/13 22:04:00",
  "value" : "10"
},{
  "dateTime" : "07/23/13 22:13:00",
  "value" : "10"
},{
  "dateTime" : "07/23/13 22:14:00",
  "value" : "10"
},{
  "dateTime" : "07/23/13 22:21:00",
  "value" : "10"
},{
  "dateTime" : "07/24/13 00:27:00",
  "value" : "10"
},{
  "dateTime" : "07/24/13 08:29:00",
  "value" : "10"
},{
  "dateTime" : "07/24/13 09:42:00",
  "value" : "10"
},{
  "dateTime" : "07/24/13 09:52:00",
  "value" : "10"
},{
  "dateTime" : "07/24/13 10:20:00",
  "value" : "10"
},{
  "dateTime" : "07/24/13 10:23:00",
  "value" : "10"
},{
  "dateTime" : "07/24/13 10:24:00",
  "value" : "10"
},{
  "dateTime" : "07/24/13 10:48:00",
  "value" : "20"
},{
  "dateTime" : "07/24/13 10:50:00",
  "value" : "10"
},{
  "dateTime" : "07/24/13 12:25:00",
  "value" : "10"
},{
  "dateTime" : "07/24/13 12:31:00",
  "value" : "10"
},{
  "dateTime" : "07/24/13 13:21:00",
  "value" : "10"
},{
  "dateTime" : "07/24/13 13:22:00",
  "value" : "10"
},{
  "dateTime" : "07/24/13 13:42:00",
  "value" : "10"
},{
  "dateTime" : "07/24/13 13:51:00",
  "value" : "10"
},{
  "dateTime" : "07/24/13 16:34:00",
  "value" : "10"
},{
  "dateTime" : "07/24/13 16:35:00",
  "value" : "10"
},{
  "dateTime" : "07/24/13 17:29:00",
  "value" : "10"
},{
  "dateTime" : "07/24/13 17:46:00",
  "value" : "10"
},{
  "dateTime" : "07/24/13 17:47:00",
  "value" : "10"
},{
  "dateTime" : "07/24/13 17:50:00",
  "value" : "20"
},{
  "dateTime" : "07/24/13 17:51:00",
  "value" : "30"
},{
  "dateTime" : "07/24/13 19:12:00",
  "value" : "30"
},{
  "dateTime" : "07/24/13 19:15:00",
  "value" : "10"
},{
  "dateTime" : "07/24/13 19:26:00",
  "value" : "60"
},{
  "dateTime" : "07/24/13 19:28:00",
  "value" : "10"
},{
  "dateTime" : "07/24/13 19:38:00",
  "value" : "10"
},{
  "dateTime" : "07/25/13 07:19:00",
  "value" : "10"
},{
  "dateTime" : "07/25/13 08:57:00",
  "value" : "10"
},{
  "dateTime" : "07/25/13 09:08:00",
  "value" : "10"
},{
  "dateTime" : "07/25/13 10:18:00",
  "value" : "10"
},{
  "dateTime" : "07/25/13 10:23:00",
  "value" : "10"
},{
  "dateTime" : "07/25/13 11:42:00",
  "value" : "10"
},{
  "dateTime" : "07/25/13 11:49:00",
  "value" : "10"
},{
  "dateTime" : "07/26/13 13:14:00",
  "value" : "20"
},{
  "dateTime" : "07/26/13 13:20:00",
  "value" : "10"
},{
  "dateTime" : "07/28/13 06:56:00",
  "value" : "10"
},{
  "dateTime" : "07/28/13 17:28:00",
  "value" : "10"
},{
  "dateTime" : "07/28/13 17:33:00",
  "value" : "10"
},{
  "dateTime" : "07/28/13 20:33:00",
  "value" : "10"
},{
  "dateTime" : "07/28/13 20:36:00",
  "value" : "10"
},{
  "dateTime" : "07/28/13 20:40:00",
  "value" : "10"
},{
  "dateTime" : "07/29/13 14:04:00",
  "value" : "10"
},{
  "dateTime" : "07/29/13 16:45:00",
  "value" : "10"
},{
  "dateTime" : "07/29/13 20:27:00",
  "value" : "10"
},{
  "dateTime" : "07/29/13 20:33:00",
  "value" : "10"
},{
  "dateTime" : "07/29/13 20:38:00",
  "value" : "10"
},{
  "dateTime" : "07/29/13 21:59:00",
  "value" : "10"
},{
  "dateTime" : "07/30/13 01:24:00",
  "value" : "10"
},{
  "dateTime" : "07/30/13 08:30:00",
  "value" : "10"
},{
  "dateTime" : "07/30/13 09:35:00",
  "value" : "10"
},{
  "dateTime" : "07/30/13 12:57:00",
  "value" : "10"
},{
  "dateTime" : "07/30/13 15:36:00",
  "value" : "10"
},{
  "dateTime" : "07/30/13 17:52:00",
  "value" : "10"
},{
  "dateTime" : "07/30/13 19:18:00",
  "value" : "10"
},{
  "dateTime" : "07/30/13 20:18:00",
  "value" : "10"
},{
  "dateTime" : "07/30/13 20:38:00",
  "value" : "10"
},{
  "dateTime" : "07/30/13 20:39:00",
  "value" : "10"
},{
  "dateTime" : "07/31/13 00:12:00",
  "value" : "10"
},{
  "dateTime" : "07/31/13 11:30:00",
  "value" : "10"
},{
  "dateTime" : "07/31/13 13:27:00",
  "value" : "10"
},{
  "dateTime" : "07/31/13 18:43:00",
  "value" : "10"
},{
  "dateTime" : "07/31/13 20:53:00",
  "value" : "10"
},{
  "dateTime" : "07/31/13 21:29:00",
  "value" : "10"
},{
  "dateTime" : "07/31/13 21:40:00",
  "value" : "10"
},{
  "dateTime" : "08/01/13 01:35:00",
  "value" : "10"
},{
  "dateTime" : "08/01/13 09:46:00",
  "value" : "10"
},{
  "dateTime" : "08/01/13 09:56:00",
  "value" : "10"
},{
  "dateTime" : "08/01/13 09:58:00",
  "value" : "10"
},{
  "dateTime" : "08/01/13 10:13:00",
  "value" : "10"
},{
  "dateTime" : "08/01/13 11:35:00",
  "value" : "10"
},{
  "dateTime" : "08/01/13 16:19:00",
  "value" : "10"
},{
  "dateTime" : "08/01/13 16:23:00",
  "value" : "10"
},{
  "dateTime" : "08/01/13 16:28:00",
  "value" : "10"
},{
  "dateTime" : "08/01/13 16:29:00",
  "value" : "10"
},{
  "dateTime" : "08/01/13 16:36:00",
  "value" : "10"
},{
  "dateTime" : "08/01/13 16:54:00",
  "value" : "10"
},{
  "dateTime" : "08/01/13 17:17:00",
  "value" : "10"
},{
  "dateTime" : "08/01/13 19:46:00",
  "value" : "10"
},{
  "dateTime" : "08/01/13 22:29:00",
  "value" : "10"
},{
  "dateTime" : "08/01/13 23:45:00",
  "value" : "10"
},{
  "dateTime" : "08/02/13 00:31:00",
  "value" : "10"
},{
  "dateTime" : "08/02/13 06:10:00",
  "value" : "10"
},{
  "dateTime" : "08/02/13 12:01:00",
  "value" : "10"
},{
  "dateTime" : "08/02/13 14:03:00",
  "value" : "10"
},{
  "dateTime" : "08/02/13 14:12:00",
  "value" : "10"
},{
  "dateTime" : "08/02/13 14:31:00",
  "value" : "10"
},{
  "dateTime" : "08/02/13 15:39:00",
  "value" : "10"
},{
  "dateTime" : "08/02/13 19:46:00",
  "value" : "10"
},{
  "dateTime" : "08/03/13 10:55:00",
  "value" : "10"
},{
  "dateTime" : "08/03/13 11:37:00",
  "value" : "10"
},{
  "dateTime" : "08/03/13 13:47:00",
  "value" : "10"
},{
  "dateTime" : "08/03/13 13:49:00",
  "value" : "10"
},{
  "dateTime" : "08/03/13 14:55:00",
  "value" : "10"
},{
  "dateTime" : "08/03/13 16:22:00",
  "value" : "10"
},{
  "dateTime" : "08/03/13 16:42:00",
  "value" : "10"
},{
  "dateTime" : "08/03/13 17:53:00",
  "value" : "10"
},{
  "dateTime" : "08/03/13 20:02:00",
  "value" : "10"
},{
  "dateTime" : "08/03/13 20:30:00",
  "value" : "10"
},{
  "dateTime" : "08/03/13 20:47:00",
  "value" : "10"
},{
  "dateTime" : "08/03/13 21:05:00",
  "value" : "10"
},{
  "dateTime" : "08/03/13 21:08:00",
  "value" : "10"
},{
  "dateTime" : "08/03/13 23:51:00",
  "value" : "10"
},{
  "dateTime" : "08/04/13 10:55:00",
  "value" : "10"
},{
  "dateTime" : "08/04/13 11:14:00",
  "value" : "10"
},{
  "dateTime" : "08/04/13 11:37:00",
  "value" : "10"
},{
  "dateTime" : "08/04/13 14:18:00",
  "value" : "10"
},{
  "dateTime" : "08/04/13 14:34:00",
  "value" : "10"
},{
  "dateTime" : "08/04/13 16:15:00",
  "value" : "10"
},{
  "dateTime" : "08/04/13 17:11:00",
  "value" : "10"
},{
  "dateTime" : "08/04/13 18:23:00",
  "value" : "10"
},{
  "dateTime" : "08/04/13 19:19:00",
  "value" : "10"
},{
  "dateTime" : "08/04/13 23:27:00",
  "value" : "10"
},{
  "dateTime" : "08/04/13 23:55:00",
  "value" : "10"
},{
  "dateTime" : "08/05/13 02:03:00",
  "value" : "10"
},{
  "dateTime" : "08/05/13 08:05:00",
  "value" : "10"
},{
  "dateTime" : "08/05/13 08:55:00",
  "value" : "10"
},{
  "dateTime" : "08/05/13 08:57:00",
  "value" : "10"
},{
  "dateTime" : "08/05/13 10:07:00",
  "value" : "10"
},{
  "dateTime" : "08/05/13 10:58:00",
  "value" : "10"
},{
  "dateTime" : "08/05/13 11:06:00",
  "value" : "10"
},{
  "dateTime" : "08/05/13 15:14:00",
  "value" : "10"
},{
  "dateTime" : "08/05/13 17:01:00",
  "value" : "10"
},{
  "dateTime" : "08/05/13 17:09:00",
  "value" : "10"
},{
  "dateTime" : "08/05/13 18:53:00",
  "value" : "10"
},{
  "dateTime" : "08/05/13 19:00:00",
  "value" : "10"
},{
  "dateTime" : "08/05/13 23:17:00",
  "value" : "10"
},{
  "dateTime" : "08/06/13 01:20:00",
  "value" : "10"
},{
  "dateTime" : "08/06/13 07:42:00",
  "value" : "10"
},{
  "dateTime" : "08/06/13 07:52:00",
  "value" : "10"
},{
  "dateTime" : "08/06/13 09:14:00",
  "value" : "10"
},{
  "dateTime" : "08/06/13 10:27:00",
  "value" : "20"
},{
  "dateTime" : "08/06/13 10:48:00",
  "value" : "10"
},{
  "dateTime" : "08/06/13 12:58:00",
  "value" : "10"
},{
  "dateTime" : "08/06/13 13:06:00",
  "value" : "20"
},{
  "dateTime" : "08/06/13 13:07:00",
  "value" : "10"
},{
  "dateTime" : "08/06/13 20:25:00",
  "value" : "10"
},{
  "dateTime" : "08/07/13 00:42:00",
  "value" : "10"
},{
  "dateTime" : "08/07/13 08:26:00",
  "value" : "10"
},{
  "dateTime" : "08/07/13 08:33:00",
  "value" : "10"
},{
  "dateTime" : "08/07/13 10:37:00",
  "value" : "10"
},{
  "dateTime" : "08/07/13 11:23:00",
  "value" : "10"
},{
  "dateTime" : "08/07/13 11:31:00",
  "value" : "10"
},{
  "dateTime" : "08/07/13 21:37:00",
  "value" : "10"
},{
  "dateTime" : "08/08/13 01:26:00",
  "value" : "10"
},{
  "dateTime" : "08/08/13 11:20:00",
  "value" : "10"
},{
  "dateTime" : "08/08/13 19:05:00",
  "value" : "10"
},{
  "dateTime" : "08/08/13 20:48:00",
  "value" : "10"
},{
  "dateTime" : "08/08/13 21:05:00",
  "value" : "10"
},{
  "dateTime" : "08/08/13 23:11:00",
  "value" : "10"
},{
  "dateTime" : "08/09/13 08:35:00",
  "value" : "10"
},{
  "dateTime" : "08/09/13 08:55:00",
  "value" : "10"
},{
  "dateTime" : "08/09/13 10:55:00",
  "value" : "10"
},{
  "dateTime" : "08/09/13 10:59:00",
  "value" : "10"
},{
  "dateTime" : "08/09/13 18:25:00",
  "value" : "10"
},{
  "dateTime" : "08/09/13 19:23:00",
  "value" : "20"
},{
  "dateTime" : "08/09/13 20:21:00",
  "value" : "10"
},{
  "dateTime" : "08/09/13 20:22:00",
  "value" : "10"
},{
  "dateTime" : "08/10/13 07:12:00",
  "value" : "10"
},{
  "dateTime" : "08/10/13 07:56:00",
  "value" : "10"
},{
  "dateTime" : "08/10/13 07:57:00",
  "value" : "10"
},{
  "dateTime" : "08/10/13 14:09:00",
  "value" : "10"
},{
  "dateTime" : "08/10/13 14:10:00",
  "value" : "10"
},{
  "dateTime" : "08/10/13 18:15:00",
  "value" : "10"
},{
  "dateTime" : "08/10/13 20:41:00",
  "value" : "10"
},{
  "dateTime" : "08/10/13 22:04:00",
  "value" : "10"
},{
  "dateTime" : "08/11/13 10:23:00",
  "value" : "10"
},{
  "dateTime" : "08/11/13 12:48:00",
  "value" : "10"
},{
  "dateTime" : "08/11/13 14:18:00",
  "value" : "10"
},{
  "dateTime" : "08/11/13 14:49:00",
  "value" : "10"
},{
  "dateTime" : "08/11/13 15:09:00",
  "value" : "10"
},{
  "dateTime" : "08/11/13 15:50:00",
  "value" : "10"
},{
  "dateTime" : "08/11/13 16:02:00",
  "value" : "10"
},{
  "dateTime" : "08/11/13 16:43:00",
  "value" : "10"
},{
  "dateTime" : "08/11/13 17:05:00",
  "value" : "10"
},{
  "dateTime" : "08/11/13 17:50:00",
  "value" : "10"
},{
  "dateTime" : "08/11/13 19:43:00",
  "value" : "10"
},{
  "dateTime" : "08/11/13 21:14:00",
  "value" : "10"
},{
  "dateTime" : "08/12/13 07:53:00",
  "value" : "10"
},{
  "dateTime" : "08/12/13 09:12:00",
  "value" : "10"
},{
  "dateTime" : "08/12/13 09:32:00",
  "value" : "10"
},{
  "dateTime" : "08/12/13 12:34:00",
  "value" : "10"
},{
  "dateTime" : "08/12/13 12:36:00",
  "value" : "10"
},{
  "dateTime" : "08/12/13 13:39:00",
  "value" : "10"
},{
  "dateTime" : "08/12/13 13:43:00",
  "value" : "10"
},{
  "dateTime" : "08/12/13 14:25:00",
  "value" : "10"
},{
  "dateTime" : "08/12/13 14:33:00",
  "value" : "10"
},{
  "dateTime" : "08/12/13 14:36:00",
  "value" : "10"
},{
  "dateTime" : "08/12/13 14:43:00",
  "value" : "10"
},{
  "dateTime" : "08/12/13 14:49:00",
  "value" : "10"
},{
  "dateTime" : "08/12/13 15:03:00",
  "value" : "10"
},{
  "dateTime" : "08/12/13 15:24:00",
  "value" : "10"
},{
  "dateTime" : "08/12/13 15:33:00",
  "value" : "10"
},{
  "dateTime" : "08/12/13 15:47:00",
  "value" : "10"
},{
  "dateTime" : "08/12/13 17:53:00",
  "value" : "10"
},{
  "dateTime" : "08/12/13 18:22:00",
  "value" : "10"
},{
  "dateTime" : "08/12/13 20:24:00",
  "value" : "10"
},{
  "dateTime" : "08/12/13 20:33:00",
  "value" : "10"
},{
  "dateTime" : "08/12/13 20:36:00",
  "value" : "10"
},{
  "dateTime" : "08/12/13 20:59:00",
  "value" : "20"
},{
  "dateTime" : "08/12/13 21:05:00",
  "value" : "10"
},{
  "dateTime" : "08/12/13 21:16:00",
  "value" : "10"
},{
  "dateTime" : "08/12/13 21:17:00",
  "value" : "10"
},{
  "dateTime" : "08/12/13 22:11:00",
  "value" : "10"
},{
  "dateTime" : "08/13/13 07:37:00",
  "value" : "10"
},{
  "dateTime" : "08/13/13 08:33:00",
  "value" : "10"
},{
  "dateTime" : "08/13/13 08:34:00",
  "value" : "10"
},{
  "dateTime" : "08/13/13 09:26:00",
  "value" : "10"
},{
  "dateTime" : "08/13/13 14:53:00",
  "value" : "10"
},{
  "dateTime" : "08/13/13 14:58:00",
  "value" : "10"
},{
  "dateTime" : "08/13/13 17:37:00",
  "value" : "10"
},{
  "dateTime" : "08/13/13 19:12:00",
  "value" : "10"
},{
  "dateTime" : "08/13/13 19:18:00",
  "value" : "10"
},{
  "dateTime" : "08/13/13 23:24:00",
  "value" : "10"
},{
  "dateTime" : "08/14/13 07:54:00",
  "value" : "10"
},{
  "dateTime" : "08/14/13 08:45:00",
  "value" : "10"
},{
  "dateTime" : "08/14/13 09:45:00",
  "value" : "10"
},{
  "dateTime" : "08/14/13 10:29:00",
  "value" : "10"
},{
  "dateTime" : "08/14/13 10:43:00",
  "value" : "10"
},{
  "dateTime" : "08/14/13 10:46:00",
  "value" : "20"
},{
  "dateTime" : "08/14/13 12:03:00",
  "value" : "10"
},{
  "dateTime" : "08/14/13 12:26:00",
  "value" : "10"
},{
  "dateTime" : "08/14/13 14:02:00",
  "value" : "10"
},{
  "dateTime" : "08/14/13 15:59:00",
  "value" : "10"
},{
  "dateTime" : "08/14/13 17:27:00",
  "value" : "10"
},{
  "dateTime" : "08/14/13 17:28:00",
  "value" : "10"
},{
  "dateTime" : "08/14/13 18:09:00",
  "value" : "10"
},{
  "dateTime" : "08/14/13 19:22:00",
  "value" : "10"
},{
  "dateTime" : "08/14/13 19:39:00",
  "value" : "10"
},{
  "dateTime" : "08/14/13 20:01:00",
  "value" : "10"
},{
  "dateTime" : "08/14/13 21:25:00",
  "value" : "10"
},{
  "dateTime" : "08/14/13 23:05:00",
  "value" : "10"
},{
  "dateTime" : "08/15/13 06:09:00",
  "value" : "10"
},{
  "dateTime" : "08/15/13 07:02:00",
  "value" : "10"
},{
  "dateTime" : "08/15/13 07:18:00",
  "value" : "10"
},{
  "dateTime" : "08/15/13 08:42:00",
  "value" : "10"
},{
  "dateTime" : "08/15/13 08:43:00",
  "value" : "10"
},{
  "dateTime" : "08/15/13 08:52:00",
  "value" : "10"
},{
  "dateTime" : "08/15/13 09:24:00",
  "value" : "10"
},{
  "dateTime" : "08/15/13 11:11:00",
  "value" : "10"
},{
  "dateTime" : "08/15/13 11:19:00",
  "value" : "10"
},{
  "dateTime" : "08/15/13 11:21:00",
  "value" : "10"
},{
  "dateTime" : "08/15/13 11:26:00",
  "value" : "10"
},{
  "dateTime" : "08/15/13 11:28:00",
  "value" : "10"
},{
  "dateTime" : "08/15/13 13:06:00",
  "value" : "10"
},{
  "dateTime" : "08/15/13 13:32:00",
  "value" : "10"
},{
  "dateTime" : "08/15/13 13:40:00",
  "value" : "10"
},{
  "dateTime" : "08/15/13 13:42:00",
  "value" : "10"
},{
  "dateTime" : "08/15/13 13:59:00",
  "value" : "10"
},{
  "dateTime" : "08/15/13 19:25:00",
  "value" : "10"
},{
  "dateTime" : "08/16/13 00:10:00",
  "value" : "10"
},{
  "dateTime" : "08/16/13 08:24:00",
  "value" : "10"
},{
  "dateTime" : "08/16/13 08:44:00",
  "value" : "10"
},{
  "dateTime" : "08/16/13 11:17:00",
  "value" : "10"
},{
  "dateTime" : "08/16/13 12:13:00",
  "value" : "10"
},{
  "dateTime" : "08/16/13 12:16:00",
  "value" : "20"
},{
  "dateTime" : "08/16/13 14:40:00",
  "value" : "10"
},{
  "dateTime" : "08/16/13 14:41:00",
  "value" : "10"
},{
  "dateTime" : "08/16/13 15:43:00",
  "value" : "10"
},{
  "dateTime" : "08/16/13 15:46:00",
  "value" : "10"
},{
  "dateTime" : "08/16/13 15:47:00",
  "value" : "10"
},{
  "dateTime" : "08/16/13 15:52:00",
  "value" : "10"
},{
  "dateTime" : "08/16/13 16:01:00",
  "value" : "10"
},{
  "dateTime" : "08/16/13 18:40:00",
  "value" : "10"
},{
  "dateTime" : "08/16/13 18:46:00",
  "value" : "10"
},{
  "dateTime" : "08/17/13 00:21:00",
  "value" : "10"
},{
  "dateTime" : "08/17/13 04:14:00",
  "value" : "10"
},{
  "dateTime" : "08/17/13 08:37:00",
  "value" : "10"
},{
  "dateTime" : "08/17/13 08:53:00",
  "value" : "10"
},{
  "dateTime" : "08/17/13 10:24:00",
  "value" : "10"
},{
  "dateTime" : "08/17/13 10:59:00",
  "value" : "10"
},{
  "dateTime" : "08/17/13 11:03:00",
  "value" : "10"
},{
  "dateTime" : "08/17/13 11:04:00",
  "value" : "10"
}]