[{
  "dateTime" : "12/16/13 08:30:00",
  "value" : "10"
},{
  "dateTime" : "12/16/13 10:27:00",
  "value" : "10"
},{
  "dateTime" : "12/16/13 12:53:00",
  "value" : "10"
},{
  "dateTime" : "12/16/13 13:35:00",
  "value" : "10"
},{
  "dateTime" : "12/16/13 15:17:00",
  "value" : "10"
},{
  "dateTime" : "12/16/13 15:54:00",
  "value" : "10"
},{
  "dateTime" : "12/16/13 17:03:00",
  "value" : "10"
},{
  "dateTime" : "12/16/13 17:30:00",
  "value" : "10"
},{
  "dateTime" : "12/16/13 19:04:00",
  "value" : "10"
},{
  "dateTime" : "12/16/13 19:30:00",
  "value" : "10"
},{
  "dateTime" : "12/16/13 19:38:00",
  "value" : "10"
},{
  "dateTime" : "12/16/13 20:10:00",
  "value" : "10"
},{
  "dateTime" : "12/16/13 22:55:00",
  "value" : "10"
},{
  "dateTime" : "12/17/13 09:12:00",
  "value" : "10"
},{
  "dateTime" : "12/17/13 11:21:00",
  "value" : "10"
},{
  "dateTime" : "12/17/13 11:26:00",
  "value" : "10"
},{
  "dateTime" : "12/17/13 11:54:00",
  "value" : "10"
},{
  "dateTime" : "12/17/13 12:33:00",
  "value" : "10"
},{
  "dateTime" : "12/17/13 12:34:00",
  "value" : "10"
},{
  "dateTime" : "12/17/13 12:52:00",
  "value" : "10"
},{
  "dateTime" : "12/17/13 13:00:00",
  "value" : "10"
},{
  "dateTime" : "12/17/13 15:13:00",
  "value" : "10"
},{
  "dateTime" : "12/17/13 17:08:00",
  "value" : "10"
},{
  "dateTime" : "12/17/13 18:12:00",
  "value" : "10"
},{
  "dateTime" : "12/17/13 18:13:00",
  "value" : "10"
},{
  "dateTime" : "12/17/13 19:04:00",
  "value" : "10"
},{
  "dateTime" : "12/17/13 19:37:00",
  "value" : "10"
},{
  "dateTime" : "12/17/13 22:41:00",
  "value" : "10"
},{
  "dateTime" : "12/17/13 22:42:00",
  "value" : "10"
},{
  "dateTime" : "12/17/13 23:40:00",
  "value" : "10"
},{
  "dateTime" : "12/18/13 01:49:00",
  "value" : "10"
},{
  "dateTime" : "12/18/13 01:53:00",
  "value" : "10"
},{
  "dateTime" : "12/18/13 15:45:00",
  "value" : "10"
},{
  "dateTime" : "12/18/13 17:48:00",
  "value" : "10"
},{
  "dateTime" : "12/18/13 18:36:00",
  "value" : "10"
},{
  "dateTime" : "12/18/13 18:37:00",
  "value" : "10"
},{
  "dateTime" : "12/18/13 18:38:00",
  "value" : "10"
},{
  "dateTime" : "12/18/13 21:20:00",
  "value" : "10"
},{
  "dateTime" : "12/18/13 23:21:00",
  "value" : "10"
},{
  "dateTime" : "12/19/13 07:51:00",
  "value" : "10"
},{
  "dateTime" : "12/19/13 08:42:00",
  "value" : "10"
},{
  "dateTime" : "12/19/13 09:00:00",
  "value" : "10"
},{
  "dateTime" : "12/19/13 09:01:00",
  "value" : "10"
},{
  "dateTime" : "12/19/13 10:03:00",
  "value" : "10"
},{
  "dateTime" : "12/19/13 10:27:00",
  "value" : "10"
},{
  "dateTime" : "12/19/13 10:28:00",
  "value" : "10"
},{
  "dateTime" : "12/19/13 11:25:00",
  "value" : "10"
},{
  "dateTime" : "12/19/13 11:26:00",
  "value" : "10"
},{
  "dateTime" : "12/19/13 11:40:00",
  "value" : "10"
},{
  "dateTime" : "12/19/13 12:06:00",
  "value" : "10"
},{
  "dateTime" : "12/19/13 12:42:00",
  "value" : "10"
},{
  "dateTime" : "12/19/13 12:58:00",
  "value" : "10"
},{
  "dateTime" : "12/19/13 14:34:00",
  "value" : "10"
},{
  "dateTime" : "12/19/13 18:56:00",
  "value" : "10"
},{
  "dateTime" : "12/19/13 18:57:00",
  "value" : "10"
},{
  "dateTime" : "12/19/13 18:58:00",
  "value" : "10"
},{
  "dateTime" : "12/19/13 19:33:00",
  "value" : "10"
},{
  "dateTime" : "12/19/13 21:16:00",
  "value" : "10"
},{
  "dateTime" : "12/19/13 22:02:00",
  "value" : "10"
},{
  "dateTime" : "12/20/13 08:32:00",
  "value" : "10"
},{
  "dateTime" : "12/20/13 08:51:00",
  "value" : "10"
},{
  "dateTime" : "12/20/13 09:01:00",
  "value" : "10"
},{
  "dateTime" : "12/20/13 11:24:00",
  "value" : "10"
},{
  "dateTime" : "12/20/13 13:04:00",
  "value" : "10"
},{
  "dateTime" : "12/20/13 15:03:00",
  "value" : "10"
},{
  "dateTime" : "12/20/13 17:12:00",
  "value" : "10"
},{
  "dateTime" : "12/20/13 19:02:00",
  "value" : "10"
},{
  "dateTime" : "12/20/13 19:03:00",
  "value" : "10"
},{
  "dateTime" : "12/20/13 20:38:00",
  "value" : "10"
},{
  "dateTime" : "12/20/13 22:58:00",
  "value" : "10"
},{
  "dateTime" : "12/21/13 06:30:00",
  "value" : "10"
},{
  "dateTime" : "12/21/13 08:44:00",
  "value" : "10"
},{
  "dateTime" : "12/21/13 09:37:00",
  "value" : "10"
},{
  "dateTime" : "12/21/13 13:22:00",
  "value" : "10"
},{
  "dateTime" : "12/21/13 16:44:00",
  "value" : "10"
},{
  "dateTime" : "12/21/13 16:45:00",
  "value" : "10"
},{
  "dateTime" : "12/21/13 17:17:00",
  "value" : "10"
},{
  "dateTime" : "12/21/13 17:18:00",
  "value" : "10"
},{
  "dateTime" : "12/21/13 18:56:00",
  "value" : "10"
},{
  "dateTime" : "12/21/13 18:57:00",
  "value" : "10"
},{
  "dateTime" : "12/21/13 21:33:00",
  "value" : "10"
},{
  "dateTime" : "12/21/13 21:57:00",
  "value" : "10"
},{
  "dateTime" : "12/21/13 21:58:00",
  "value" : "10"
},{
  "dateTime" : "12/21/13 23:09:00",
  "value" : "10"
},{
  "dateTime" : "12/21/13 23:37:00",
  "value" : "10"
},{
  "dateTime" : "12/22/13 10:17:00",
  "value" : "10"
},{
  "dateTime" : "12/22/13 10:56:00",
  "value" : "10"
},{
  "dateTime" : "12/22/13 10:57:00",
  "value" : "10"
},{
  "dateTime" : "12/22/13 13:15:00",
  "value" : "10"
},{
  "dateTime" : "12/22/13 14:24:00",
  "value" : "10"
},{
  "dateTime" : "12/22/13 14:34:00",
  "value" : "10"
},{
  "dateTime" : "12/22/13 15:30:00",
  "value" : "10"
},{
  "dateTime" : "12/22/13 15:31:00",
  "value" : "10"
},{
  "dateTime" : "12/22/13 16:26:00",
  "value" : "10"
},{
  "dateTime" : "12/22/13 17:46:00",
  "value" : "10"
},{
  "dateTime" : "12/22/13 18:13:00",
  "value" : "10"
},{
  "dateTime" : "12/22/13 19:13:00",
  "value" : "10"
},{
  "dateTime" : "12/22/13 19:33:00",
  "value" : "10"
},{
  "dateTime" : "12/22/13 20:00:00",
  "value" : "10"
},{
  "dateTime" : "12/22/13 20:20:00",
  "value" : "10"
},{
  "dateTime" : "12/22/13 20:21:00",
  "value" : "10"
},{
  "dateTime" : "12/22/13 20:22:00",
  "value" : "10"
},{
  "dateTime" : "12/22/13 20:23:00",
  "value" : "10"
},{
  "dateTime" : "12/22/13 23:54:00",
  "value" : "10"
},{
  "dateTime" : "12/23/13 08:29:00",
  "value" : "10"
},{
  "dateTime" : "12/23/13 09:49:00",
  "value" : "10"
},{
  "dateTime" : "12/23/13 10:08:00",
  "value" : "10"
},{
  "dateTime" : "12/23/13 10:31:00",
  "value" : "10"
},{
  "dateTime" : "12/23/13 12:13:00",
  "value" : "10"
},{
  "dateTime" : "12/23/13 12:14:00",
  "value" : "10"
},{
  "dateTime" : "12/23/13 12:15:00",
  "value" : "10"
},{
  "dateTime" : "12/23/13 14:16:00",
  "value" : "10"
},{
  "dateTime" : "12/23/13 15:07:00",
  "value" : "10"
},{
  "dateTime" : "12/23/13 15:57:00",
  "value" : "10"
},{
  "dateTime" : "12/23/13 16:19:00",
  "value" : "10"
},{
  "dateTime" : "12/23/13 17:32:00",
  "value" : "10"
},{
  "dateTime" : "12/23/13 18:07:00",
  "value" : "10"
},{
  "dateTime" : "12/23/13 18:08:00",
  "value" : "10"
},{
  "dateTime" : "12/23/13 21:34:00",
  "value" : "10"
},{
  "dateTime" : "12/23/13 21:39:00",
  "value" : "10"
},{
  "dateTime" : "12/23/13 22:24:00",
  "value" : "10"
},{
  "dateTime" : "12/23/13 23:44:00",
  "value" : "10"
},{
  "dateTime" : "12/24/13 07:18:00",
  "value" : "10"
},{
  "dateTime" : "12/24/13 08:24:00",
  "value" : "10"
},{
  "dateTime" : "12/24/13 10:28:00",
  "value" : "10"
},{
  "dateTime" : "12/24/13 12:51:00",
  "value" : "10"
},{
  "dateTime" : "12/24/13 14:30:00",
  "value" : "10"
},{
  "dateTime" : "12/24/13 14:31:00",
  "value" : "10"
},{
  "dateTime" : "12/24/13 14:40:00",
  "value" : "10"
},{
  "dateTime" : "12/24/13 14:41:00",
  "value" : "10"
},{
  "dateTime" : "12/24/13 20:46:00",
  "value" : "10"
},{
  "dateTime" : "12/24/13 21:05:00",
  "value" : "10"
},{
  "dateTime" : "12/24/13 22:23:00",
  "value" : "10"
},{
  "dateTime" : "12/24/13 22:50:00",
  "value" : "10"
},{
  "dateTime" : "12/25/13 00:18:00",
  "value" : "10"
},{
  "dateTime" : "12/25/13 01:16:00",
  "value" : "10"
},{
  "dateTime" : "12/25/13 08:24:00",
  "value" : "10"
},{
  "dateTime" : "12/25/13 12:19:00",
  "value" : "10"
},{
  "dateTime" : "12/25/13 13:53:00",
  "value" : "10"
},{
  "dateTime" : "12/25/13 16:00:00",
  "value" : "10"
},{
  "dateTime" : "12/25/13 16:29:00",
  "value" : "10"
},{
  "dateTime" : "12/25/13 17:00:00",
  "value" : "10"
},{
  "dateTime" : "12/25/13 17:24:00",
  "value" : "10"
},{
  "dateTime" : "12/25/13 18:18:00",
  "value" : "10"
},{
  "dateTime" : "12/25/13 23:45:00",
  "value" : "10"
},{
  "dateTime" : "12/26/13 00:38:00",
  "value" : "10"
},{
  "dateTime" : "12/26/13 01:24:00",
  "value" : "10"
},{
  "dateTime" : "12/26/13 02:04:00",
  "value" : "10"
},{
  "dateTime" : "12/26/13 07:51:00",
  "value" : "10"
},{
  "dateTime" : "12/26/13 09:41:00",
  "value" : "10"
},{
  "dateTime" : "12/26/13 11:43:00",
  "value" : "10"
},{
  "dateTime" : "12/26/13 11:44:00",
  "value" : "10"
},{
  "dateTime" : "12/26/13 12:33:00",
  "value" : "10"
},{
  "dateTime" : "12/26/13 16:25:00",
  "value" : "10"
},{
  "dateTime" : "12/26/13 16:26:00",
  "value" : "10"
},{
  "dateTime" : "12/26/13 17:10:00",
  "value" : "10"
},{
  "dateTime" : "12/26/13 17:27:00",
  "value" : "10"
},{
  "dateTime" : "12/26/13 19:44:00",
  "value" : "10"
},{
  "dateTime" : "12/27/13 00:23:00",
  "value" : "10"
},{
  "dateTime" : "12/27/13 08:53:00",
  "value" : "10"
},{
  "dateTime" : "12/27/13 10:49:00",
  "value" : "10"
},{
  "dateTime" : "12/27/13 10:50:00",
  "value" : "10"
},{
  "dateTime" : "12/27/13 11:05:00",
  "value" : "10"
},{
  "dateTime" : "12/27/13 13:51:00",
  "value" : "10"
},{
  "dateTime" : "12/27/13 15:48:00",
  "value" : "10"
},{
  "dateTime" : "12/27/13 17:02:00",
  "value" : "10"
},{
  "dateTime" : "12/27/13 21:14:00",
  "value" : "10"
},{
  "dateTime" : "12/27/13 21:15:00",
  "value" : "10"
},{
  "dateTime" : "12/27/13 22:30:00",
  "value" : "10"
},{
  "dateTime" : "12/28/13 09:47:00",
  "value" : "10"
},{
  "dateTime" : "12/28/13 09:56:00",
  "value" : "10"
},{
  "dateTime" : "12/28/13 10:19:00",
  "value" : "10"
},{
  "dateTime" : "12/28/13 10:36:00",
  "value" : "10"
},{
  "dateTime" : "12/28/13 10:44:00",
  "value" : "10"
},{
  "dateTime" : "12/28/13 11:11:00",
  "value" : "10"
},{
  "dateTime" : "12/28/13 11:19:00",
  "value" : "10"
},{
  "dateTime" : "12/28/13 11:59:00",
  "value" : "10"
},{
  "dateTime" : "12/28/13 12:15:00",
  "value" : "10"
},{
  "dateTime" : "12/28/13 12:23:00",
  "value" : "10"
},{
  "dateTime" : "12/28/13 13:47:00",
  "value" : "10"
},{
  "dateTime" : "12/28/13 13:48:00",
  "value" : "10"
},{
  "dateTime" : "12/28/13 15:58:00",
  "value" : "10"
},{
  "dateTime" : "12/28/13 16:27:00",
  "value" : "10"
},{
  "dateTime" : "12/28/13 22:31:00",
  "value" : "10"
},{
  "dateTime" : "12/28/13 22:32:00",
  "value" : "10"
},{
  "dateTime" : "12/29/13 01:04:00",
  "value" : "10"
},{
  "dateTime" : "12/29/13 08:57:00",
  "value" : "10"
},{
  "dateTime" : "12/29/13 12:12:00",
  "value" : "10"
},{
  "dateTime" : "12/29/13 14:04:00",
  "value" : "10"
},{
  "dateTime" : "12/29/13 15:00:00",
  "value" : "10"
},{
  "dateTime" : "12/29/13 15:56:00",
  "value" : "10"
},{
  "dateTime" : "12/29/13 17:32:00",
  "value" : "10"
},{
  "dateTime" : "12/29/13 20:31:00",
  "value" : "10"
},{
  "dateTime" : "12/29/13 20:52:00",
  "value" : "10"
},{
  "dateTime" : "12/30/13 11:05:00",
  "value" : "10"
},{
  "dateTime" : "12/30/13 11:47:00",
  "value" : "10"
},{
  "dateTime" : "12/30/13 11:48:00",
  "value" : "10"
},{
  "dateTime" : "12/30/13 11:49:00",
  "value" : "10"
},{
  "dateTime" : "12/30/13 13:07:00",
  "value" : "10"
},{
  "dateTime" : "12/30/13 14:11:00",
  "value" : "10"
},{
  "dateTime" : "12/30/13 15:06:00",
  "value" : "10"
},{
  "dateTime" : "12/30/13 16:54:00",
  "value" : "10"
},{
  "dateTime" : "12/30/13 16:55:00",
  "value" : "10"
},{
  "dateTime" : "12/30/13 18:28:00",
  "value" : "10"
},{
  "dateTime" : "12/30/13 19:18:00",
  "value" : "10"
},{
  "dateTime" : "12/30/13 19:38:00",
  "value" : "10"
},{
  "dateTime" : "12/30/13 20:00:00",
  "value" : "10"
},{
  "dateTime" : "12/30/13 20:43:00",
  "value" : "10"
},{
  "dateTime" : "12/31/13 08:33:00",
  "value" : "10"
},{
  "dateTime" : "12/31/13 09:32:00",
  "value" : "10"
},{
  "dateTime" : "12/31/13 11:34:00",
  "value" : "10"
},{
  "dateTime" : "12/31/13 11:35:00",
  "value" : "10"
},{
  "dateTime" : "12/31/13 11:36:00",
  "value" : "10"
},{
  "dateTime" : "12/31/13 12:13:00",
  "value" : "10"
},{
  "dateTime" : "12/31/13 12:14:00",
  "value" : "10"
},{
  "dateTime" : "12/31/13 12:15:00",
  "value" : "10"
},{
  "dateTime" : "12/31/13 17:08:00",
  "value" : "10"
},{
  "dateTime" : "12/31/13 17:34:00",
  "value" : "10"
},{
  "dateTime" : "12/31/13 20:40:00",
  "value" : "10"
},{
  "dateTime" : "01/01/14 00:55:00",
  "value" : "10"
},{
  "dateTime" : "01/01/14 10:35:00",
  "value" : "10"
},{
  "dateTime" : "01/01/14 12:43:00",
  "value" : "10"
},{
  "dateTime" : "01/01/14 15:02:00",
  "value" : "10"
},{
  "dateTime" : "01/01/14 21:07:00",
  "value" : "10"
},{
  "dateTime" : "01/01/14 21:08:00",
  "value" : "10"
},{
  "dateTime" : "01/01/14 21:38:00",
  "value" : "10"
},{
  "dateTime" : "01/02/14 06:37:00",
  "value" : "10"
},{
  "dateTime" : "01/02/14 07:10:00",
  "value" : "10"
},{
  "dateTime" : "01/02/14 07:11:00",
  "value" : "10"
},{
  "dateTime" : "01/02/14 08:43:00",
  "value" : "10"
},{
  "dateTime" : "01/02/14 10:08:00",
  "value" : "10"
},{
  "dateTime" : "01/02/14 11:18:00",
  "value" : "10"
},{
  "dateTime" : "01/02/14 12:10:00",
  "value" : "10"
},{
  "dateTime" : "01/02/14 12:17:00",
  "value" : "10"
},{
  "dateTime" : "01/02/14 13:57:00",
  "value" : "10"
},{
  "dateTime" : "01/02/14 14:31:00",
  "value" : "10"
},{
  "dateTime" : "01/02/14 14:32:00",
  "value" : "10"
},{
  "dateTime" : "01/02/14 14:54:00",
  "value" : "10"
},{
  "dateTime" : "01/02/14 16:59:00",
  "value" : "10"
},{
  "dateTime" : "01/02/14 17:00:00",
  "value" : "10"
},{
  "dateTime" : "01/02/14 17:38:00",
  "value" : "10"
},{
  "dateTime" : "01/02/14 20:05:00",
  "value" : "10"
},{
  "dateTime" : "01/02/14 20:26:00",
  "value" : "10"
},{
  "dateTime" : "01/02/14 20:30:00",
  "value" : "10"
},{
  "dateTime" : "01/02/14 20:31:00",
  "value" : "10"
},{
  "dateTime" : "01/02/14 20:32:00",
  "value" : "10"
},{
  "dateTime" : "01/02/14 22:23:00",
  "value" : "10"
},{
  "dateTime" : "01/03/14 09:15:00",
  "value" : "10"
},{
  "dateTime" : "01/03/14 09:16:00",
  "value" : "10"
},{
  "dateTime" : "01/03/14 09:33:00",
  "value" : "10"
},{
  "dateTime" : "01/03/14 09:54:00",
  "value" : "10"
},{
  "dateTime" : "01/03/14 10:45:00",
  "value" : "10"
},{
  "dateTime" : "01/03/14 11:01:00",
  "value" : "10"
},{
  "dateTime" : "01/03/14 11:14:00",
  "value" : "10"
},{
  "dateTime" : "01/03/14 11:26:00",
  "value" : "10"
},{
  "dateTime" : "01/03/14 11:27:00",
  "value" : "10"
},{
  "dateTime" : "01/03/14 12:09:00",
  "value" : "10"
},{
  "dateTime" : "01/03/14 14:21:00",
  "value" : "10"
},{
  "dateTime" : "01/03/14 19:10:00",
  "value" : "10"
},{
  "dateTime" : "01/03/14 19:11:00",
  "value" : "10"
},{
  "dateTime" : "01/03/14 19:48:00",
  "value" : "10"
},{
  "dateTime" : "01/04/14 01:04:00",
  "value" : "10"
},{
  "dateTime" : "01/04/14 07:07:00",
  "value" : "10"
},{
  "dateTime" : "01/04/14 08:03:00",
  "value" : "10"
},{
  "dateTime" : "01/04/14 09:18:00",
  "value" : "10"
},{
  "dateTime" : "01/04/14 09:26:00",
  "value" : "10"
},{
  "dateTime" : "01/04/14 10:59:00",
  "value" : "10"
},{
  "dateTime" : "01/04/14 11:46:00",
  "value" : "10"
},{
  "dateTime" : "01/04/14 11:47:00",
  "value" : "10"
},{
  "dateTime" : "01/04/14 12:19:00",
  "value" : "10"
},{
  "dateTime" : "01/04/14 15:58:00",
  "value" : "10"
},{
  "dateTime" : "01/04/14 15:59:00",
  "value" : "10"
},{
  "dateTime" : "01/04/14 16:00:00",
  "value" : "10"
},{
  "dateTime" : "01/04/14 16:01:00",
  "value" : "10"
},{
  "dateTime" : "01/04/14 17:26:00",
  "value" : "10"
},{
  "dateTime" : "01/04/14 18:24:00",
  "value" : "10"
},{
  "dateTime" : "01/04/14 18:25:00",
  "value" : "10"
},{
  "dateTime" : "01/04/14 19:15:00",
  "value" : "10"
},{
  "dateTime" : "01/04/14 19:31:00",
  "value" : "10"
},{
  "dateTime" : "01/04/14 19:32:00",
  "value" : "10"
},{
  "dateTime" : "01/04/14 22:29:00",
  "value" : "10"
},{
  "dateTime" : "01/05/14 09:43:00",
  "value" : "10"
},{
  "dateTime" : "01/05/14 12:18:00",
  "value" : "10"
},{
  "dateTime" : "01/05/14 12:19:00",
  "value" : "10"
},{
  "dateTime" : "01/05/14 12:36:00",
  "value" : "10"
},{
  "dateTime" : "01/05/14 12:37:00",
  "value" : "10"
},{
  "dateTime" : "01/05/14 12:52:00",
  "value" : "10"
},{
  "dateTime" : "01/05/14 13:12:00",
  "value" : "10"
},{
  "dateTime" : "01/05/14 13:13:00",
  "value" : "10"
},{
  "dateTime" : "01/05/14 13:32:00",
  "value" : "10"
},{
  "dateTime" : "01/05/14 13:33:00",
  "value" : "10"
},{
  "dateTime" : "01/05/14 13:34:00",
  "value" : "10"
},{
  "dateTime" : "01/05/14 13:35:00",
  "value" : "20"
},{
  "dateTime" : "01/05/14 14:01:00",
  "value" : "30"
},{
  "dateTime" : "01/05/14 14:02:00",
  "value" : "20"
},{
  "dateTime" : "01/05/14 14:03:00",
  "value" : "10"
},{
  "dateTime" : "01/05/14 14:38:00",
  "value" : "10"
},{
  "dateTime" : "01/05/14 14:39:00",
  "value" : "10"
},{
  "dateTime" : "01/05/14 14:40:00",
  "value" : "10"
},{
  "dateTime" : "01/05/14 15:35:00",
  "value" : "10"
},{
  "dateTime" : "01/05/14 15:36:00",
  "value" : "10"
},{
  "dateTime" : "01/05/14 16:25:00",
  "value" : "10"
},{
  "dateTime" : "01/05/14 17:02:00",
  "value" : "10"
},{
  "dateTime" : "01/05/14 17:12:00",
  "value" : "10"
},{
  "dateTime" : "01/05/14 19:26:00",
  "value" : "10"
},{
  "dateTime" : "01/05/14 20:19:00",
  "value" : "10"
},{
  "dateTime" : "01/05/14 20:37:00",
  "value" : "10"
},{
  "dateTime" : "01/05/14 23:41:00",
  "value" : "10"
},{
  "dateTime" : "01/06/14 07:07:00",
  "value" : "10"
},{
  "dateTime" : "01/06/14 09:46:00",
  "value" : "10"
},{
  "dateTime" : "01/06/14 13:20:00",
  "value" : "10"
},{
  "dateTime" : "01/06/14 13:21:00",
  "value" : "10"
},{
  "dateTime" : "01/06/14 19:20:00",
  "value" : "10"
},{
  "dateTime" : "01/06/14 22:19:00",
  "value" : "10"
},{
  "dateTime" : "01/06/14 22:20:00",
  "value" : "10"
},{
  "dateTime" : "01/07/14 07:55:00",
  "value" : "10"
},{
  "dateTime" : "01/07/14 07:56:00",
  "value" : "10"
},{
  "dateTime" : "01/07/14 08:13:00",
  "value" : "30"
},{
  "dateTime" : "01/07/14 08:14:00",
  "value" : "10"
},{
  "dateTime" : "01/07/14 08:34:00",
  "value" : "10"
},{
  "dateTime" : "01/07/14 09:16:00",
  "value" : "10"
},{
  "dateTime" : "01/07/14 09:17:00",
  "value" : "10"
},{
  "dateTime" : "01/07/14 09:40:00",
  "value" : "10"
},{
  "dateTime" : "01/07/14 10:13:00",
  "value" : "10"
},{
  "dateTime" : "01/07/14 11:01:00",
  "value" : "10"
},{
  "dateTime" : "01/07/14 11:02:00",
  "value" : "10"
},{
  "dateTime" : "01/07/14 12:05:00",
  "value" : "10"
},{
  "dateTime" : "01/07/14 13:07:00",
  "value" : "10"
},{
  "dateTime" : "01/07/14 13:53:00",
  "value" : "10"
},{
  "dateTime" : "01/07/14 13:54:00",
  "value" : "10"
},{
  "dateTime" : "01/07/14 14:50:00",
  "value" : "10"
},{
  "dateTime" : "01/07/14 14:51:00",
  "value" : "10"
},{
  "dateTime" : "01/07/14 15:24:00",
  "value" : "20"
},{
  "dateTime" : "01/07/14 15:39:00",
  "value" : "10"
},{
  "dateTime" : "01/07/14 19:20:00",
  "value" : "10"
},{
  "dateTime" : "01/07/14 19:21:00",
  "value" : "10"
},{
  "dateTime" : "01/07/14 19:22:00",
  "value" : "10"
},{
  "dateTime" : "01/07/14 19:23:00",
  "value" : "10"
},{
  "dateTime" : "01/08/14 01:28:00",
  "value" : "10"
},{
  "dateTime" : "01/08/14 07:42:00",
  "value" : "10"
},{
  "dateTime" : "01/08/14 08:17:00",
  "value" : "10"
},{
  "dateTime" : "01/08/14 08:47:00",
  "value" : "10"
},{
  "dateTime" : "01/08/14 08:48:00",
  "value" : "10"
},{
  "dateTime" : "01/08/14 09:44:00",
  "value" : "10"
},{
  "dateTime" : "01/08/14 11:09:00",
  "value" : "10"
},{
  "dateTime" : "01/08/14 11:10:00",
  "value" : "10"
},{
  "dateTime" : "01/08/14 11:52:00",
  "value" : "10"
},{
  "dateTime" : "01/08/14 13:32:00",
  "value" : "10"
},{
  "dateTime" : "01/08/14 15:48:00",
  "value" : "10"
},{
  "dateTime" : "01/08/14 20:02:00",
  "value" : "10"
},{
  "dateTime" : "01/08/14 22:01:00",
  "value" : "10"
},{
  "dateTime" : "01/09/14 08:48:00",
  "value" : "10"
},{
  "dateTime" : "01/09/14 09:04:00",
  "value" : "10"
},{
  "dateTime" : "01/09/14 09:12:00",
  "value" : "10"
},{
  "dateTime" : "01/09/14 11:48:00",
  "value" : "10"
},{
  "dateTime" : "01/09/14 14:06:00",
  "value" : "10"
},{
  "dateTime" : "01/09/14 15:15:00",
  "value" : "10"
},{
  "dateTime" : "01/09/14 19:01:00",
  "value" : "10"
},{
  "dateTime" : "01/09/14 20:19:00",
  "value" : "10"
},{
  "dateTime" : "01/09/14 20:27:00",
  "value" : "10"
},{
  "dateTime" : "01/09/14 20:28:00",
  "value" : "10"
},{
  "dateTime" : "01/09/14 22:42:00",
  "value" : "10"
},{
  "dateTime" : "01/09/14 23:05:00",
  "value" : "10"
},{
  "dateTime" : "01/10/14 08:04:00",
  "value" : "10"
},{
  "dateTime" : "01/10/14 08:05:00",
  "value" : "10"
},{
  "dateTime" : "01/10/14 09:16:00",
  "value" : "10"
},{
  "dateTime" : "01/10/14 09:57:00",
  "value" : "10"
},{
  "dateTime" : "01/10/14 10:36:00",
  "value" : "10"
},{
  "dateTime" : "01/10/14 12:50:00",
  "value" : "10"
},{
  "dateTime" : "01/10/14 15:09:00",
  "value" : "10"
},{
  "dateTime" : "01/10/14 17:36:00",
  "value" : "10"
},{
  "dateTime" : "01/10/14 17:58:00",
  "value" : "10"
},{
  "dateTime" : "01/10/14 21:36:00",
  "value" : "10"
},{
  "dateTime" : "01/11/14 00:53:00",
  "value" : "10"
},{
  "dateTime" : "01/11/14 10:43:00",
  "value" : "10"
},{
  "dateTime" : "01/11/14 11:02:00",
  "value" : "10"
},{
  "dateTime" : "01/11/14 11:18:00",
  "value" : "10"
},{
  "dateTime" : "01/11/14 12:20:00",
  "value" : "10"
},{
  "dateTime" : "01/11/14 12:53:00",
  "value" : "10"
},{
  "dateTime" : "01/11/14 14:00:00",
  "value" : "10"
},{
  "dateTime" : "01/11/14 16:38:00",
  "value" : "10"
},{
  "dateTime" : "01/11/14 17:44:00",
  "value" : "10"
},{
  "dateTime" : "01/11/14 18:04:00",
  "value" : "10"
},{
  "dateTime" : "01/12/14 00:13:00",
  "value" : "20"
},{
  "dateTime" : "01/12/14 06:58:00",
  "value" : "10"
},{
  "dateTime" : "01/12/14 11:22:00",
  "value" : "10"
},{
  "dateTime" : "01/12/14 11:49:00",
  "value" : "10"
},{
  "dateTime" : "01/12/14 11:57:00",
  "value" : "10"
},{
  "dateTime" : "01/12/14 12:56:00",
  "value" : "10"
},{
  "dateTime" : "01/12/14 13:14:00",
  "value" : "10"
},{
  "dateTime" : "01/12/14 13:18:00",
  "value" : "10"
},{
  "dateTime" : "01/12/14 14:01:00",
  "value" : "10"
},{
  "dateTime" : "01/12/14 15:27:00",
  "value" : "10"
},{
  "dateTime" : "01/12/14 17:03:00",
  "value" : "10"
},{
  "dateTime" : "01/12/14 17:04:00",
  "value" : "10"
},{
  "dateTime" : "01/12/14 18:16:00",
  "value" : "10"
},{
  "dateTime" : "01/12/14 19:03:00",
  "value" : "10"
},{
  "dateTime" : "01/12/14 19:27:00",
  "value" : "10"
},{
  "dateTime" : "01/12/14 19:51:00",
  "value" : "10"
},{
  "dateTime" : "01/13/14 00:07:00",
  "value" : "10"
},{
  "dateTime" : "01/13/14 07:54:00",
  "value" : "10"
},{
  "dateTime" : "01/13/14 08:58:00",
  "value" : "10"
},{
  "dateTime" : "01/13/14 09:04:00",
  "value" : "10"
},{
  "dateTime" : "01/13/14 11:49:00",
  "value" : "10"
},{
  "dateTime" : "01/13/14 13:42:00",
  "value" : "10"
},{
  "dateTime" : "01/13/14 13:43:00",
  "value" : "10"
},{
  "dateTime" : "01/13/14 15:25:00",
  "value" : "10"
},{
  "dateTime" : "01/13/14 18:36:00",
  "value" : "10"
},{
  "dateTime" : "01/13/14 18:41:00",
  "value" : "10"
},{
  "dateTime" : "01/13/14 20:40:00",
  "value" : "10"
},{
  "dateTime" : "01/13/14 21:15:00",
  "value" : "10"
},{
  "dateTime" : "01/13/14 23:50:00",
  "value" : "10"
},{
  "dateTime" : "01/14/14 02:50:00",
  "value" : "10"
},{
  "dateTime" : "01/14/14 08:30:00",
  "value" : "10"
},{
  "dateTime" : "01/14/14 09:01:00",
  "value" : "10"
},{
  "dateTime" : "01/14/14 10:49:00",
  "value" : "10"
},{
  "dateTime" : "01/14/14 11:54:00",
  "value" : "10"
},{
  "dateTime" : "01/14/14 14:34:00",
  "value" : "10"
},{
  "dateTime" : "01/14/14 16:57:00",
  "value" : "10"
},{
  "dateTime" : "01/14/14 16:58:00",
  "value" : "10"
},{
  "dateTime" : "01/14/14 19:10:00",
  "value" : "10"
},{
  "dateTime" : "01/14/14 19:52:00",
  "value" : "10"
},{
  "dateTime" : "01/14/14 22:21:00",
  "value" : "10"
}]