[{
  "dateTime" : "03/21/13 08:05:00",
  "value" : "10"
},{
  "dateTime" : "03/21/13 08:11:00",
  "value" : "10"
},{
  "dateTime" : "03/21/13 08:14:00",
  "value" : "10"
},{
  "dateTime" : "03/21/13 08:21:00",
  "value" : "10"
},{
  "dateTime" : "03/21/13 13:11:00",
  "value" : "20"
},{
  "dateTime" : "03/21/13 13:15:00",
  "value" : "10"
},{
  "dateTime" : "03/21/13 15:32:00",
  "value" : "10"
},{
  "dateTime" : "03/21/13 17:55:00",
  "value" : "10"
},{
  "dateTime" : "03/21/13 18:13:00",
  "value" : "10"
},{
  "dateTime" : "03/21/13 20:46:00",
  "value" : "10"
},{
  "dateTime" : "03/21/13 20:49:00",
  "value" : "10"
},{
  "dateTime" : "03/21/13 20:54:00",
  "value" : "10"
},{
  "dateTime" : "03/21/13 20:56:00",
  "value" : "10"
},{
  "dateTime" : "03/21/13 21:20:00",
  "value" : "10"
},{
  "dateTime" : "03/21/13 21:25:00",
  "value" : "10"
},{
  "dateTime" : "03/21/13 21:27:00",
  "value" : "10"
},{
  "dateTime" : "03/21/13 21:32:00",
  "value" : "10"
},{
  "dateTime" : "03/21/13 22:58:00",
  "value" : "10"
},{
  "dateTime" : "03/21/13 23:09:00",
  "value" : "10"
},{
  "dateTime" : "03/21/13 23:14:00",
  "value" : "10"
},{
  "dateTime" : "03/21/13 23:16:00",
  "value" : "10"
},{
  "dateTime" : "03/22/13 00:12:00",
  "value" : "10"
},{
  "dateTime" : "03/22/13 05:43:00",
  "value" : "10"
},{
  "dateTime" : "03/22/13 08:28:00",
  "value" : "10"
},{
  "dateTime" : "03/22/13 08:37:00",
  "value" : "10"
},{
  "dateTime" : "03/22/13 09:06:00",
  "value" : "10"
},{
  "dateTime" : "03/22/13 09:12:00",
  "value" : "10"
},{
  "dateTime" : "03/23/13 10:30:00",
  "value" : "10"
},{
  "dateTime" : "03/23/13 11:38:00",
  "value" : "10"
},{
  "dateTime" : "03/23/13 13:47:00",
  "value" : "10"
},{
  "dateTime" : "03/23/13 14:50:00",
  "value" : "10"
},{
  "dateTime" : "03/23/13 16:23:00",
  "value" : "10"
},{
  "dateTime" : "03/23/13 18:09:00",
  "value" : "10"
},{
  "dateTime" : "03/23/13 18:27:00",
  "value" : "10"
},{
  "dateTime" : "03/23/13 18:47:00",
  "value" : "10"
},{
  "dateTime" : "03/23/13 18:58:00",
  "value" : "10"
},{
  "dateTime" : "03/24/13 08:44:00",
  "value" : "10"
},{
  "dateTime" : "03/24/13 08:45:00",
  "value" : "20"
},{
  "dateTime" : "03/24/13 08:50:00",
  "value" : "10"
},{
  "dateTime" : "03/24/13 08:58:00",
  "value" : "10"
},{
  "dateTime" : "03/24/13 09:00:00",
  "value" : "10"
},{
  "dateTime" : "03/24/13 09:05:00",
  "value" : "30"
},{
  "dateTime" : "03/24/13 09:06:00",
  "value" : "10"
},{
  "dateTime" : "03/24/13 09:12:00",
  "value" : "10"
},{
  "dateTime" : "03/24/13 09:20:00",
  "value" : "10"
},{
  "dateTime" : "03/24/13 09:21:00",
  "value" : "10"
},{
  "dateTime" : "03/24/13 12:27:00",
  "value" : "10"
},{
  "dateTime" : "03/24/13 12:51:00",
  "value" : "10"
},{
  "dateTime" : "03/24/13 18:57:00",
  "value" : "10"
},{
  "dateTime" : "03/25/13 13:02:00",
  "value" : "10"
},{
  "dateTime" : "03/25/13 13:47:00",
  "value" : "10"
},{
  "dateTime" : "03/25/13 16:30:00",
  "value" : "10"
},{
  "dateTime" : "03/25/13 16:32:00",
  "value" : "10"
},{
  "dateTime" : "03/25/13 17:28:00",
  "value" : "10"
},{
  "dateTime" : "03/25/13 17:30:00",
  "value" : "10"
},{
  "dateTime" : "03/26/13 09:00:00",
  "value" : "10"
},{
  "dateTime" : "03/26/13 12:08:00",
  "value" : "10"
},{
  "dateTime" : "03/26/13 13:32:00",
  "value" : "10"
},{
  "dateTime" : "03/26/13 14:25:00",
  "value" : "10"
},{
  "dateTime" : "03/26/13 15:49:00",
  "value" : "10"
},{
  "dateTime" : "03/26/13 16:52:00",
  "value" : "10"
},{
  "dateTime" : "03/26/13 20:06:00",
  "value" : "10"
},{
  "dateTime" : "03/27/13 09:40:00",
  "value" : "10"
},{
  "dateTime" : "03/27/13 20:38:00",
  "value" : "10"
},{
  "dateTime" : "03/28/13 10:39:00",
  "value" : "10"
},{
  "dateTime" : "03/28/13 10:43:00",
  "value" : "10"
},{
  "dateTime" : "03/28/13 10:59:00",
  "value" : "10"
},{
  "dateTime" : "03/28/13 11:04:00",
  "value" : "10"
},{
  "dateTime" : "03/28/13 11:16:00",
  "value" : "10"
},{
  "dateTime" : "03/28/13 13:09:00",
  "value" : "10"
},{
  "dateTime" : "03/28/13 13:46:00",
  "value" : "10"
},{
  "dateTime" : "03/28/13 14:50:00",
  "value" : "10"
},{
  "dateTime" : "03/28/13 15:46:00",
  "value" : "10"
},{
  "dateTime" : "03/28/13 21:49:00",
  "value" : "10"
},{
  "dateTime" : "03/29/13 11:32:00",
  "value" : "10"
},{
  "dateTime" : "03/29/13 13:01:00",
  "value" : "10"
},{
  "dateTime" : "03/29/13 17:24:00",
  "value" : "10"
},{
  "dateTime" : "03/30/13 09:35:00",
  "value" : "10"
},{
  "dateTime" : "03/30/13 10:33:00",
  "value" : "10"
},{
  "dateTime" : "03/30/13 12:12:00",
  "value" : "10"
},{
  "dateTime" : "03/30/13 13:06:00",
  "value" : "10"
},{
  "dateTime" : "03/30/13 14:36:00",
  "value" : "10"
},{
  "dateTime" : "03/30/13 18:55:00",
  "value" : "10"
},{
  "dateTime" : "03/31/13 10:23:00",
  "value" : "20"
},{
  "dateTime" : "03/31/13 10:40:00",
  "value" : "10"
},{
  "dateTime" : "03/31/13 16:55:00",
  "value" : "10"
},{
  "dateTime" : "03/31/13 17:03:00",
  "value" : "10"
},{
  "dateTime" : "03/31/13 17:13:00",
  "value" : "10"
},{
  "dateTime" : "03/31/13 17:24:00",
  "value" : "10"
},{
  "dateTime" : "03/31/13 17:28:00",
  "value" : "10"
},{
  "dateTime" : "03/31/13 17:36:00",
  "value" : "10"
},{
  "dateTime" : "03/31/13 18:02:00",
  "value" : "10"
},{
  "dateTime" : "03/31/13 18:59:00",
  "value" : "10"
},{
  "dateTime" : "04/01/13 00:20:00",
  "value" : "10"
},{
  "dateTime" : "04/01/13 07:29:00",
  "value" : "10"
},{
  "dateTime" : "04/01/13 07:41:00",
  "value" : "10"
},{
  "dateTime" : "04/01/13 08:42:00",
  "value" : "10"
},{
  "dateTime" : "04/01/13 08:48:00",
  "value" : "10"
},{
  "dateTime" : "04/01/13 11:11:00",
  "value" : "10"
},{
  "dateTime" : "04/01/13 12:39:00",
  "value" : "10"
},{
  "dateTime" : "04/01/13 12:42:00",
  "value" : "10"
},{
  "dateTime" : "04/01/13 14:15:00",
  "value" : "10"
},{
  "dateTime" : "04/01/13 15:27:00",
  "value" : "10"
},{
  "dateTime" : "04/01/13 17:07:00",
  "value" : "10"
},{
  "dateTime" : "04/01/13 19:21:00",
  "value" : "10"
},{
  "dateTime" : "04/01/13 19:57:00",
  "value" : "10"
},{
  "dateTime" : "04/01/13 21:38:00",
  "value" : "10"
},{
  "dateTime" : "04/02/13 00:20:00",
  "value" : "10"
},{
  "dateTime" : "04/02/13 07:55:00",
  "value" : "10"
},{
  "dateTime" : "04/02/13 08:23:00",
  "value" : "10"
},{
  "dateTime" : "04/02/13 08:28:00",
  "value" : "10"
},{
  "dateTime" : "04/02/13 08:31:00",
  "value" : "10"
},{
  "dateTime" : "04/02/13 08:44:00",
  "value" : "10"
},{
  "dateTime" : "04/02/13 09:24:00",
  "value" : "10"
},{
  "dateTime" : "04/02/13 09:25:00",
  "value" : "20"
},{
  "dateTime" : "04/02/13 09:26:00",
  "value" : "10"
},{
  "dateTime" : "04/02/13 10:12:00",
  "value" : "10"
},{
  "dateTime" : "04/02/13 10:49:00",
  "value" : "10"
},{
  "dateTime" : "04/02/13 14:48:00",
  "value" : "10"
},{
  "dateTime" : "04/02/13 14:50:00",
  "value" : "10"
},{
  "dateTime" : "04/02/13 14:51:00",
  "value" : "10"
},{
  "dateTime" : "04/02/13 17:04:00",
  "value" : "20"
},{
  "dateTime" : "04/02/13 17:11:00",
  "value" : "10"
},{
  "dateTime" : "04/02/13 18:51:00",
  "value" : "10"
},{
  "dateTime" : "04/02/13 19:23:00",
  "value" : "10"
},{
  "dateTime" : "04/02/13 20:15:00",
  "value" : "10"
},{
  "dateTime" : "04/02/13 21:31:00",
  "value" : "10"
},{
  "dateTime" : "04/03/13 00:43:00",
  "value" : "10"
},{
  "dateTime" : "04/03/13 08:14:00",
  "value" : "10"
},{
  "dateTime" : "04/03/13 15:53:00",
  "value" : "10"
},{
  "dateTime" : "04/03/13 16:19:00",
  "value" : "10"
},{
  "dateTime" : "04/03/13 16:51:00",
  "value" : "10"
},{
  "dateTime" : "04/03/13 19:00:00",
  "value" : "10"
},{
  "dateTime" : "04/03/13 19:14:00",
  "value" : "10"
},{
  "dateTime" : "04/03/13 19:22:00",
  "value" : "10"
},{
  "dateTime" : "04/03/13 19:23:00",
  "value" : "10"
},{
  "dateTime" : "04/03/13 19:46:00",
  "value" : "10"
},{
  "dateTime" : "04/03/13 20:03:00",
  "value" : "10"
},{
  "dateTime" : "04/03/13 20:05:00",
  "value" : "10"
},{
  "dateTime" : "04/03/13 23:58:00",
  "value" : "10"
},{
  "dateTime" : "04/04/13 05:56:00",
  "value" : "10"
},{
  "dateTime" : "04/04/13 07:30:00",
  "value" : "10"
},{
  "dateTime" : "04/04/13 08:31:00",
  "value" : "10"
},{
  "dateTime" : "04/04/13 08:58:00",
  "value" : "10"
},{
  "dateTime" : "04/04/13 19:13:00",
  "value" : "10"
},{
  "dateTime" : "04/04/13 20:07:00",
  "value" : "10"
},{
  "dateTime" : "04/05/13 08:03:00",
  "value" : "10"
},{
  "dateTime" : "04/05/13 08:25:00",
  "value" : "10"
},{
  "dateTime" : "04/05/13 14:54:00",
  "value" : "10"
},{
  "dateTime" : "04/05/13 16:36:00",
  "value" : "10"
},{
  "dateTime" : "04/05/13 22:13:00",
  "value" : "10"
},{
  "dateTime" : "04/05/13 22:22:00",
  "value" : "10"
},{
  "dateTime" : "04/06/13 02:09:00",
  "value" : "10"
},{
  "dateTime" : "04/06/13 12:19:00",
  "value" : "10"
},{
  "dateTime" : "04/06/13 12:36:00",
  "value" : "10"
},{
  "dateTime" : "04/06/13 13:29:00",
  "value" : "10"
},{
  "dateTime" : "04/06/13 18:48:00",
  "value" : "10"
},{
  "dateTime" : "04/07/13 01:03:00",
  "value" : "10"
},{
  "dateTime" : "04/07/13 09:42:00",
  "value" : "10"
},{
  "dateTime" : "04/07/13 10:19:00",
  "value" : "10"
},{
  "dateTime" : "04/07/13 12:29:00",
  "value" : "10"
},{
  "dateTime" : "04/07/13 14:04:00",
  "value" : "10"
},{
  "dateTime" : "04/07/13 14:26:00",
  "value" : "10"
},{
  "dateTime" : "04/07/13 16:42:00",
  "value" : "10"
},{
  "dateTime" : "04/07/13 19:48:00",
  "value" : "10"
},{
  "dateTime" : "04/07/13 20:27:00",
  "value" : "10"
},{
  "dateTime" : "04/07/13 23:40:00",
  "value" : "10"
},{
  "dateTime" : "04/08/13 09:36:00",
  "value" : "10"
},{
  "dateTime" : "04/08/13 09:38:00",
  "value" : "10"
},{
  "dateTime" : "04/08/13 10:05:00",
  "value" : "20"
},{
  "dateTime" : "04/08/13 10:33:00",
  "value" : "10"
},{
  "dateTime" : "04/08/13 11:01:00",
  "value" : "10"
},{
  "dateTime" : "04/08/13 11:07:00",
  "value" : "10"
},{
  "dateTime" : "04/08/13 13:07:00",
  "value" : "10"
},{
  "dateTime" : "04/08/13 13:08:00",
  "value" : "10"
},{
  "dateTime" : "04/08/13 14:07:00",
  "value" : "10"
},{
  "dateTime" : "04/08/13 14:56:00",
  "value" : "20"
},{
  "dateTime" : "04/08/13 15:09:00",
  "value" : "10"
},{
  "dateTime" : "04/08/13 15:18:00",
  "value" : "10"
},{
  "dateTime" : "04/08/13 16:14:00",
  "value" : "10"
},{
  "dateTime" : "04/08/13 16:36:00",
  "value" : "10"
},{
  "dateTime" : "04/08/13 17:14:00",
  "value" : "10"
},{
  "dateTime" : "04/08/13 19:28:00",
  "value" : "10"
},{
  "dateTime" : "04/08/13 19:54:00",
  "value" : "10"
},{
  "dateTime" : "04/08/13 21:02:00",
  "value" : "10"
},{
  "dateTime" : "04/08/13 21:04:00",
  "value" : "10"
},{
  "dateTime" : "04/08/13 22:32:00",
  "value" : "10"
},{
  "dateTime" : "04/08/13 23:50:00",
  "value" : "10"
},{
  "dateTime" : "04/09/13 05:14:00",
  "value" : "10"
},{
  "dateTime" : "04/09/13 08:40:00",
  "value" : "10"
},{
  "dateTime" : "04/09/13 08:41:00",
  "value" : "10"
},{
  "dateTime" : "04/09/13 09:33:00",
  "value" : "10"
},{
  "dateTime" : "04/09/13 13:14:00",
  "value" : "10"
},{
  "dateTime" : "04/09/13 13:26:00",
  "value" : "10"
},{
  "dateTime" : "04/09/13 14:25:00",
  "value" : "10"
},{
  "dateTime" : "04/09/13 16:47:00",
  "value" : "10"
},{
  "dateTime" : "04/09/13 17:27:00",
  "value" : "10"
},{
  "dateTime" : "04/09/13 17:30:00",
  "value" : "10"
},{
  "dateTime" : "04/09/13 18:40:00",
  "value" : "10"
},{
  "dateTime" : "04/09/13 19:30:00",
  "value" : "10"
},{
  "dateTime" : "04/09/13 19:32:00",
  "value" : "10"
},{
  "dateTime" : "04/09/13 22:04:00",
  "value" : "10"
},{
  "dateTime" : "04/10/13 08:12:00",
  "value" : "10"
},{
  "dateTime" : "04/10/13 09:27:00",
  "value" : "10"
},{
  "dateTime" : "04/10/13 10:03:00",
  "value" : "10"
},{
  "dateTime" : "04/10/13 10:06:00",
  "value" : "10"
},{
  "dateTime" : "04/10/13 17:29:00",
  "value" : "10"
},{
  "dateTime" : "04/10/13 19:27:00",
  "value" : "10"
},{
  "dateTime" : "04/10/13 19:29:00",
  "value" : "10"
},{
  "dateTime" : "04/10/13 19:57:00",
  "value" : "10"
},{
  "dateTime" : "04/10/13 21:10:00",
  "value" : "10"
},{
  "dateTime" : "04/10/13 21:35:00",
  "value" : "10"
},{
  "dateTime" : "04/10/13 21:58:00",
  "value" : "10"
},{
  "dateTime" : "04/10/13 22:07:00",
  "value" : "10"
},{
  "dateTime" : "04/10/13 22:09:00",
  "value" : "10"
},{
  "dateTime" : "04/10/13 22:12:00",
  "value" : "10"
},{
  "dateTime" : "04/10/13 22:13:00",
  "value" : "10"
},{
  "dateTime" : "04/10/13 22:15:00",
  "value" : "10"
},{
  "dateTime" : "04/10/13 23:19:00",
  "value" : "10"
},{
  "dateTime" : "04/10/13 23:59:00",
  "value" : "10"
},{
  "dateTime" : "04/11/13 08:42:00",
  "value" : "10"
},{
  "dateTime" : "04/11/13 08:52:00",
  "value" : "10"
},{
  "dateTime" : "04/11/13 10:13:00",
  "value" : "10"
},{
  "dateTime" : "04/11/13 14:58:00",
  "value" : "10"
},{
  "dateTime" : "04/11/13 17:10:00",
  "value" : "10"
},{
  "dateTime" : "04/11/13 17:37:00",
  "value" : "10"
},{
  "dateTime" : "04/11/13 18:37:00",
  "value" : "10"
},{
  "dateTime" : "04/11/13 23:43:00",
  "value" : "10"
},{
  "dateTime" : "04/12/13 08:43:00",
  "value" : "10"
},{
  "dateTime" : "04/12/13 11:31:00",
  "value" : "10"
},{
  "dateTime" : "04/12/13 14:13:00",
  "value" : "10"
},{
  "dateTime" : "04/12/13 15:19:00",
  "value" : "10"
},{
  "dateTime" : "04/12/13 15:35:00",
  "value" : "10"
},{
  "dateTime" : "04/12/13 15:55:00",
  "value" : "10"
},{
  "dateTime" : "04/12/13 15:59:00",
  "value" : "10"
},{
  "dateTime" : "04/12/13 16:07:00",
  "value" : "10"
},{
  "dateTime" : "04/12/13 16:24:00",
  "value" : "10"
},{
  "dateTime" : "04/12/13 20:17:00",
  "value" : "10"
},{
  "dateTime" : "04/12/13 20:52:00",
  "value" : "10"
},{
  "dateTime" : "04/12/13 23:24:00",
  "value" : "10"
},{
  "dateTime" : "04/12/13 23:49:00",
  "value" : "10"
},{
  "dateTime" : "04/13/13 00:46:00",
  "value" : "10"
},{
  "dateTime" : "04/13/13 06:54:00",
  "value" : "10"
},{
  "dateTime" : "04/13/13 08:06:00",
  "value" : "10"
},{
  "dateTime" : "04/13/13 08:08:00",
  "value" : "10"
},{
  "dateTime" : "04/13/13 08:28:00",
  "value" : "10"
},{
  "dateTime" : "04/13/13 08:41:00",
  "value" : "10"
},{
  "dateTime" : "04/13/13 10:28:00",
  "value" : "10"
},{
  "dateTime" : "04/13/13 14:48:00",
  "value" : "10"
},{
  "dateTime" : "04/13/13 18:13:00",
  "value" : "10"
},{
  "dateTime" : "04/13/13 18:18:00",
  "value" : "10"
},{
  "dateTime" : "04/14/13 00:11:00",
  "value" : "10"
},{
  "dateTime" : "04/14/13 08:53:00",
  "value" : "10"
},{
  "dateTime" : "04/14/13 11:02:00",
  "value" : "10"
},{
  "dateTime" : "04/14/13 13:55:00",
  "value" : "10"
},{
  "dateTime" : "04/14/13 14:44:00",
  "value" : "10"
},{
  "dateTime" : "04/14/13 14:47:00",
  "value" : "10"
},{
  "dateTime" : "04/14/13 14:49:00",
  "value" : "10"
},{
  "dateTime" : "04/14/13 14:51:00",
  "value" : "10"
},{
  "dateTime" : "04/14/13 14:54:00",
  "value" : "10"
},{
  "dateTime" : "04/14/13 14:59:00",
  "value" : "10"
},{
  "dateTime" : "04/14/13 16:37:00",
  "value" : "10"
},{
  "dateTime" : "04/14/13 18:52:00",
  "value" : "10"
},{
  "dateTime" : "04/14/13 20:25:00",
  "value" : "20"
},{
  "dateTime" : "04/14/13 20:34:00",
  "value" : "10"
},{
  "dateTime" : "04/14/13 20:58:00",
  "value" : "10"
},{
  "dateTime" : "04/14/13 22:36:00",
  "value" : "10"
},{
  "dateTime" : "04/14/13 22:57:00",
  "value" : "10"
},{
  "dateTime" : "04/14/13 23:53:00",
  "value" : "10"
},{
  "dateTime" : "04/15/13 00:46:00",
  "value" : "10"
},{
  "dateTime" : "04/15/13 07:02:00",
  "value" : "10"
},{
  "dateTime" : "04/15/13 08:10:00",
  "value" : "10"
},{
  "dateTime" : "04/15/13 08:57:00",
  "value" : "10"
},{
  "dateTime" : "04/15/13 13:19:00",
  "value" : "10"
},{
  "dateTime" : "04/15/13 13:26:00",
  "value" : "10"
},{
  "dateTime" : "04/15/13 13:54:00",
  "value" : "10"
},{
  "dateTime" : "04/15/13 13:55:00",
  "value" : "10"
},{
  "dateTime" : "04/15/13 14:44:00",
  "value" : "10"
},{
  "dateTime" : "04/15/13 16:38:00",
  "value" : "10"
},{
  "dateTime" : "04/15/13 17:35:00",
  "value" : "10"
},{
  "dateTime" : "04/15/13 17:56:00",
  "value" : "10"
},{
  "dateTime" : "04/15/13 18:56:00",
  "value" : "10"
},{
  "dateTime" : "04/15/13 19:07:00",
  "value" : "10"
},{
  "dateTime" : "04/15/13 19:51:00",
  "value" : "10"
},{
  "dateTime" : "04/15/13 20:21:00",
  "value" : "10"
},{
  "dateTime" : "04/15/13 20:40:00",
  "value" : "10"
},{
  "dateTime" : "04/15/13 20:43:00",
  "value" : "10"
},{
  "dateTime" : "04/15/13 20:51:00",
  "value" : "10"
},{
  "dateTime" : "04/15/13 21:43:00",
  "value" : "10"
},{
  "dateTime" : "04/15/13 22:28:00",
  "value" : "10"
},{
  "dateTime" : "04/16/13 07:11:00",
  "value" : "10"
},{
  "dateTime" : "04/16/13 07:19:00",
  "value" : "10"
},{
  "dateTime" : "04/16/13 08:56:00",
  "value" : "10"
},{
  "dateTime" : "04/16/13 12:14:00",
  "value" : "10"
},{
  "dateTime" : "04/16/13 14:27:00",
  "value" : "10"
},{
  "dateTime" : "04/16/13 16:51:00",
  "value" : "10"
},{
  "dateTime" : "04/16/13 20:11:00",
  "value" : "20"
},{
  "dateTime" : "04/16/13 20:33:00",
  "value" : "10"
},{
  "dateTime" : "04/16/13 20:47:00",
  "value" : "10"
},{
  "dateTime" : "04/16/13 20:57:00",
  "value" : "10"
},{
  "dateTime" : "04/16/13 21:43:00",
  "value" : "10"
},{
  "dateTime" : "04/16/13 21:44:00",
  "value" : "10"
},{
  "dateTime" : "04/16/13 22:39:00",
  "value" : "10"
},{
  "dateTime" : "04/17/13 08:46:00",
  "value" : "10"
},{
  "dateTime" : "04/17/13 09:03:00",
  "value" : "10"
},{
  "dateTime" : "04/17/13 09:07:00",
  "value" : "10"
},{
  "dateTime" : "04/17/13 09:27:00",
  "value" : "10"
},{
  "dateTime" : "04/17/13 16:03:00",
  "value" : "10"
},{
  "dateTime" : "04/17/13 16:23:00",
  "value" : "10"
},{
  "dateTime" : "04/17/13 19:06:00",
  "value" : "10"
},{
  "dateTime" : "04/17/13 19:59:00",
  "value" : "10"
},{
  "dateTime" : "04/17/13 20:48:00",
  "value" : "10"
},{
  "dateTime" : "04/17/13 20:51:00",
  "value" : "10"
},{
  "dateTime" : "04/17/13 23:49:00",
  "value" : "10"
},{
  "dateTime" : "04/18/13 00:31:00",
  "value" : "10"
},{
  "dateTime" : "04/18/13 08:05:00",
  "value" : "10"
},{
  "dateTime" : "04/18/13 08:23:00",
  "value" : "20"
},{
  "dateTime" : "04/18/13 08:42:00",
  "value" : "10"
},{
  "dateTime" : "04/18/13 09:47:00",
  "value" : "10"
},{
  "dateTime" : "04/18/13 10:26:00",
  "value" : "10"
},{
  "dateTime" : "04/18/13 10:58:00",
  "value" : "10"
},{
  "dateTime" : "04/18/13 12:01:00",
  "value" : "10"
},{
  "dateTime" : "04/18/13 14:25:00",
  "value" : "10"
},{
  "dateTime" : "04/18/13 17:49:00",
  "value" : "10"
},{
  "dateTime" : "04/18/13 20:38:00",
  "value" : "10"
},{
  "dateTime" : "04/18/13 21:01:00",
  "value" : "10"
},{
  "dateTime" : "04/18/13 22:29:00",
  "value" : "10"
},{
  "dateTime" : "04/19/13 05:46:00",
  "value" : "10"
},{
  "dateTime" : "04/19/13 09:16:00",
  "value" : "10"
},{
  "dateTime" : "04/19/13 16:43:00",
  "value" : "10"
},{
  "dateTime" : "04/19/13 18:08:00",
  "value" : "10"
},{
  "dateTime" : "04/19/13 18:37:00",
  "value" : "10"
},{
  "dateTime" : "04/19/13 20:43:00",
  "value" : "10"
},{
  "dateTime" : "04/19/13 21:22:00",
  "value" : "10"
}]