[{
  "dateTime" : "05/25/12 10:36:00",
  "value" : "10"
},{
  "dateTime" : "05/25/12 11:18:00",
  "value" : "10"
},{
  "dateTime" : "05/25/12 11:29:00",
  "value" : "10"
},{
  "dateTime" : "05/25/12 11:49:00",
  "value" : "10"
},{
  "dateTime" : "05/25/12 12:15:00",
  "value" : "10"
},{
  "dateTime" : "05/25/12 20:19:00",
  "value" : "10"
},{
  "dateTime" : "05/25/12 20:39:00",
  "value" : "10"
},{
  "dateTime" : "05/26/12 16:03:00",
  "value" : "10"
},{
  "dateTime" : "05/26/12 18:07:00",
  "value" : "10"
},{
  "dateTime" : "05/26/12 23:28:00",
  "value" : "10"
},{
  "dateTime" : "05/27/12 09:31:00",
  "value" : "10"
},{
  "dateTime" : "05/27/12 11:42:00",
  "value" : "10"
},{
  "dateTime" : "05/27/12 11:45:00",
  "value" : "10"
},{
  "dateTime" : "05/27/12 13:16:00",
  "value" : "10"
},{
  "dateTime" : "05/27/12 14:21:00",
  "value" : "10"
},{
  "dateTime" : "05/27/12 14:30:00",
  "value" : "10"
},{
  "dateTime" : "05/27/12 15:24:00",
  "value" : "10"
},{
  "dateTime" : "05/27/12 23:14:00",
  "value" : "10"
},{
  "dateTime" : "05/28/12 07:11:00",
  "value" : "10"
},{
  "dateTime" : "05/28/12 13:06:00",
  "value" : "10"
},{
  "dateTime" : "05/28/12 14:19:00",
  "value" : "10"
},{
  "dateTime" : "05/28/12 14:51:00",
  "value" : "10"
},{
  "dateTime" : "05/28/12 15:26:00",
  "value" : "10"
},{
  "dateTime" : "05/28/12 17:41:00",
  "value" : "10"
},{
  "dateTime" : "05/28/12 18:24:00",
  "value" : "10"
},{
  "dateTime" : "05/28/12 20:50:00",
  "value" : "10"
},{
  "dateTime" : "05/28/12 21:15:00",
  "value" : "10"
},{
  "dateTime" : "05/28/12 21:18:00",
  "value" : "10"
},{
  "dateTime" : "05/28/12 21:33:00",
  "value" : "10"
},{
  "dateTime" : "05/28/12 22:51:00",
  "value" : "10"
},{
  "dateTime" : "05/28/12 23:43:00",
  "value" : "10"
},{
  "dateTime" : "05/29/12 08:55:00",
  "value" : "10"
},{
  "dateTime" : "05/29/12 09:02:00",
  "value" : "10"
},{
  "dateTime" : "05/29/12 17:54:00",
  "value" : "10"
},{
  "dateTime" : "05/29/12 20:59:00",
  "value" : "10"
},{
  "dateTime" : "05/29/12 21:28:00",
  "value" : "10"
},{
  "dateTime" : "05/29/12 23:25:00",
  "value" : "10"
},{
  "dateTime" : "05/30/12 08:44:00",
  "value" : "10"
},{
  "dateTime" : "05/30/12 09:01:00",
  "value" : "10"
},{
  "dateTime" : "05/30/12 14:26:00",
  "value" : "10"
},{
  "dateTime" : "05/30/12 18:45:00",
  "value" : "10"
},{
  "dateTime" : "05/30/12 19:04:00",
  "value" : "10"
},{
  "dateTime" : "05/30/12 20:06:00",
  "value" : "10"
},{
  "dateTime" : "05/30/12 20:35:00",
  "value" : "10"
},{
  "dateTime" : "05/30/12 21:07:00",
  "value" : "10"
},{
  "dateTime" : "05/30/12 22:06:00",
  "value" : "10"
},{
  "dateTime" : "05/30/12 23:12:00",
  "value" : "10"
},{
  "dateTime" : "05/31/12 07:40:00",
  "value" : "10"
},{
  "dateTime" : "05/31/12 14:29:00",
  "value" : "10"
},{
  "dateTime" : "05/31/12 15:48:00",
  "value" : "10"
},{
  "dateTime" : "05/31/12 15:51:00",
  "value" : "10"
},{
  "dateTime" : "05/31/12 15:52:00",
  "value" : "40"
},{
  "dateTime" : "05/31/12 15:53:00",
  "value" : "40"
},{
  "dateTime" : "05/31/12 18:15:00",
  "value" : "10"
},{
  "dateTime" : "05/31/12 19:10:00",
  "value" : "10"
},{
  "dateTime" : "05/31/12 19:35:00",
  "value" : "10"
},{
  "dateTime" : "05/31/12 21:23:00",
  "value" : "10"
},{
  "dateTime" : "06/01/12 07:08:00",
  "value" : "10"
},{
  "dateTime" : "06/01/12 07:39:00",
  "value" : "10"
},{
  "dateTime" : "06/01/12 07:48:00",
  "value" : "10"
},{
  "dateTime" : "06/01/12 09:14:00",
  "value" : "10"
},{
  "dateTime" : "06/01/12 09:15:00",
  "value" : "40"
},{
  "dateTime" : "06/01/12 09:16:00",
  "value" : "40"
},{
  "dateTime" : "06/01/12 09:17:00",
  "value" : "20"
},{
  "dateTime" : "06/01/12 13:13:00",
  "value" : "10"
},{
  "dateTime" : "06/01/12 15:16:00",
  "value" : "10"
},{
  "dateTime" : "06/01/12 20:02:00",
  "value" : "10"
},{
  "dateTime" : "06/01/12 20:10:00",
  "value" : "10"
},{
  "dateTime" : "06/01/12 20:33:00",
  "value" : "10"
},{
  "dateTime" : "06/01/12 20:34:00",
  "value" : "10"
},{
  "dateTime" : "06/01/12 20:36:00",
  "value" : "10"
},{
  "dateTime" : "06/01/12 21:16:00",
  "value" : "10"
},{
  "dateTime" : "06/01/12 21:41:00",
  "value" : "10"
},{
  "dateTime" : "06/01/12 21:51:00",
  "value" : "10"
},{
  "dateTime" : "06/01/12 23:40:00",
  "value" : "10"
},{
  "dateTime" : "06/02/12 10:15:00",
  "value" : "10"
},{
  "dateTime" : "06/02/12 10:24:00",
  "value" : "10"
},{
  "dateTime" : "06/02/12 12:49:00",
  "value" : "10"
},{
  "dateTime" : "06/02/12 15:55:00",
  "value" : "10"
},{
  "dateTime" : "06/02/12 21:18:00",
  "value" : "10"
},{
  "dateTime" : "06/02/12 21:19:00",
  "value" : "10"
},{
  "dateTime" : "06/02/12 21:47:00",
  "value" : "10"
},{
  "dateTime" : "06/02/12 22:00:00",
  "value" : "10"
},{
  "dateTime" : "06/03/12 00:22:00",
  "value" : "10"
},{
  "dateTime" : "06/03/12 08:41:00",
  "value" : "10"
},{
  "dateTime" : "06/03/12 09:04:00",
  "value" : "10"
},{
  "dateTime" : "06/03/12 09:10:00",
  "value" : "10"
},{
  "dateTime" : "06/03/12 09:20:00",
  "value" : "10"
},{
  "dateTime" : "06/03/12 09:52:00",
  "value" : "10"
},{
  "dateTime" : "06/03/12 13:47:00",
  "value" : "10"
},{
  "dateTime" : "06/03/12 14:50:00",
  "value" : "10"
},{
  "dateTime" : "06/03/12 16:19:00",
  "value" : "10"
},{
  "dateTime" : "06/03/12 17:44:00",
  "value" : "10"
},{
  "dateTime" : "06/03/12 21:21:00",
  "value" : "10"
},{
  "dateTime" : "06/03/12 21:34:00",
  "value" : "10"
},{
  "dateTime" : "06/03/12 21:35:00",
  "value" : "10"
},{
  "dateTime" : "06/03/12 22:05:00",
  "value" : "10"
},{
  "dateTime" : "06/04/12 00:15:00",
  "value" : "10"
},{
  "dateTime" : "06/04/12 08:23:00",
  "value" : "10"
},{
  "dateTime" : "06/04/12 08:25:00",
  "value" : "10"
},{
  "dateTime" : "06/04/12 15:07:00",
  "value" : "10"
},{
  "dateTime" : "06/04/12 16:09:00",
  "value" : "20"
},{
  "dateTime" : "06/04/12 16:10:00",
  "value" : "40"
},{
  "dateTime" : "06/04/12 16:11:00",
  "value" : "40"
},{
  "dateTime" : "06/04/12 17:22:00",
  "value" : "10"
},{
  "dateTime" : "06/04/12 17:54:00",
  "value" : "10"
},{
  "dateTime" : "06/04/12 20:07:00",
  "value" : "10"
},{
  "dateTime" : "06/04/12 21:33:00",
  "value" : "10"
},{
  "dateTime" : "06/04/12 21:54:00",
  "value" : "10"
},{
  "dateTime" : "06/04/12 22:58:00",
  "value" : "10"
},{
  "dateTime" : "06/04/12 23:29:00",
  "value" : "10"
},{
  "dateTime" : "06/05/12 01:15:00",
  "value" : "10"
},{
  "dateTime" : "06/05/12 01:17:00",
  "value" : "10"
},{
  "dateTime" : "06/05/12 08:40:00",
  "value" : "10"
},{
  "dateTime" : "06/05/12 09:28:00",
  "value" : "20"
},{
  "dateTime" : "06/05/12 09:29:00",
  "value" : "50"
},{
  "dateTime" : "06/05/12 09:30:00",
  "value" : "40"
},{
  "dateTime" : "06/05/12 20:19:00",
  "value" : "10"
},{
  "dateTime" : "06/05/12 20:48:00",
  "value" : "10"
},{
  "dateTime" : "06/05/12 23:27:00",
  "value" : "10"
},{
  "dateTime" : "06/06/12 07:55:00",
  "value" : "10"
},{
  "dateTime" : "06/06/12 08:34:00",
  "value" : "10"
},{
  "dateTime" : "06/06/12 09:34:00",
  "value" : "10"
},{
  "dateTime" : "06/06/12 09:35:00",
  "value" : "50"
},{
  "dateTime" : "06/06/12 09:36:00",
  "value" : "40"
},{
  "dateTime" : "06/06/12 09:37:00",
  "value" : "10"
},{
  "dateTime" : "06/06/12 15:48:00",
  "value" : "10"
},{
  "dateTime" : "06/06/12 15:49:00",
  "value" : "40"
},{
  "dateTime" : "06/06/12 15:50:00",
  "value" : "40"
},{
  "dateTime" : "06/06/12 15:51:00",
  "value" : "10"
},{
  "dateTime" : "06/06/12 18:20:00",
  "value" : "10"
},{
  "dateTime" : "06/06/12 19:00:00",
  "value" : "10"
},{
  "dateTime" : "06/06/12 19:35:00",
  "value" : "10"
},{
  "dateTime" : "06/06/12 20:07:00",
  "value" : "10"
},{
  "dateTime" : "06/06/12 20:51:00",
  "value" : "10"
},{
  "dateTime" : "06/06/12 23:11:00",
  "value" : "10"
},{
  "dateTime" : "06/06/12 23:36:00",
  "value" : "10"
},{
  "dateTime" : "06/07/12 08:33:00",
  "value" : "10"
},{
  "dateTime" : "06/07/12 11:48:00",
  "value" : "10"
},{
  "dateTime" : "06/07/12 20:24:00",
  "value" : "10"
},{
  "dateTime" : "06/07/12 20:58:00",
  "value" : "10"
},{
  "dateTime" : "06/07/12 21:13:00",
  "value" : "10"
},{
  "dateTime" : "06/07/12 22:47:00",
  "value" : "10"
},{
  "dateTime" : "06/08/12 09:12:00",
  "value" : "10"
},{
  "dateTime" : "06/08/12 09:31:00",
  "value" : "40"
},{
  "dateTime" : "06/08/12 09:32:00",
  "value" : "40"
},{
  "dateTime" : "06/08/12 09:33:00",
  "value" : "20"
},{
  "dateTime" : "06/08/12 12:04:00",
  "value" : "10"
},{
  "dateTime" : "06/08/12 13:20:00",
  "value" : "10"
},{
  "dateTime" : "06/08/12 16:35:00",
  "value" : "10"
},{
  "dateTime" : "06/08/12 17:08:00",
  "value" : "10"
},{
  "dateTime" : "06/09/12 00:40:00",
  "value" : "10"
},{
  "dateTime" : "06/09/12 00:56:00",
  "value" : "10"
},{
  "dateTime" : "06/09/12 06:41:00",
  "value" : "10"
},{
  "dateTime" : "06/09/12 06:44:00",
  "value" : "10"
},{
  "dateTime" : "06/09/12 12:58:00",
  "value" : "10"
},{
  "dateTime" : "06/09/12 14:05:00",
  "value" : "10"
},{
  "dateTime" : "06/09/12 14:07:00",
  "value" : "10"
},{
  "dateTime" : "06/09/12 14:18:00",
  "value" : "10"
},{
  "dateTime" : "06/09/12 15:58:00",
  "value" : "10"
},{
  "dateTime" : "06/09/12 20:25:00",
  "value" : "10"
},{
  "dateTime" : "06/09/12 20:58:00",
  "value" : "10"
},{
  "dateTime" : "06/09/12 21:05:00",
  "value" : "10"
},{
  "dateTime" : "06/09/12 21:15:00",
  "value" : "10"
},{
  "dateTime" : "06/09/12 21:19:00",
  "value" : "10"
},{
  "dateTime" : "06/09/12 21:47:00",
  "value" : "10"
},{
  "dateTime" : "06/09/12 22:20:00",
  "value" : "10"
},{
  "dateTime" : "06/09/12 22:42:00",
  "value" : "10"
},{
  "dateTime" : "06/10/12 03:34:00",
  "value" : "10"
},{
  "dateTime" : "06/10/12 07:36:00",
  "value" : "10"
},{
  "dateTime" : "06/10/12 07:44:00",
  "value" : "10"
},{
  "dateTime" : "06/10/12 07:47:00",
  "value" : "10"
},{
  "dateTime" : "06/10/12 12:04:00",
  "value" : "10"
},{
  "dateTime" : "06/10/12 17:18:00",
  "value" : "10"
},{
  "dateTime" : "06/10/12 18:59:00",
  "value" : "10"
},{
  "dateTime" : "06/10/12 19:06:00",
  "value" : "10"
},{
  "dateTime" : "06/10/12 19:48:00",
  "value" : "10"
},{
  "dateTime" : "06/10/12 20:57:00",
  "value" : "10"
},{
  "dateTime" : "06/10/12 21:00:00",
  "value" : "10"
},{
  "dateTime" : "06/10/12 21:08:00",
  "value" : "10"
},{
  "dateTime" : "06/10/12 21:20:00",
  "value" : "10"
},{
  "dateTime" : "06/10/12 21:21:00",
  "value" : "10"
},{
  "dateTime" : "06/10/12 21:23:00",
  "value" : "10"
},{
  "dateTime" : "06/11/12 00:13:00",
  "value" : "10"
},{
  "dateTime" : "06/11/12 00:19:00",
  "value" : "10"
},{
  "dateTime" : "06/11/12 07:35:00",
  "value" : "10"
},{
  "dateTime" : "06/11/12 08:33:00",
  "value" : "10"
},{
  "dateTime" : "06/11/12 08:38:00",
  "value" : "10"
},{
  "dateTime" : "06/11/12 08:48:00",
  "value" : "10"
},{
  "dateTime" : "06/11/12 09:18:00",
  "value" : "40"
},{
  "dateTime" : "06/11/12 09:19:00",
  "value" : "40"
},{
  "dateTime" : "06/11/12 09:20:00",
  "value" : "20"
},{
  "dateTime" : "06/11/12 11:37:00",
  "value" : "20"
},{
  "dateTime" : "06/11/12 14:22:00",
  "value" : "10"
},{
  "dateTime" : "06/11/12 15:34:00",
  "value" : "30"
},{
  "dateTime" : "06/11/12 15:35:00",
  "value" : "40"
},{
  "dateTime" : "06/11/12 15:36:00",
  "value" : "40"
},{
  "dateTime" : "06/11/12 17:25:00",
  "value" : "10"
},{
  "dateTime" : "06/11/12 18:23:00",
  "value" : "10"
},{
  "dateTime" : "06/11/12 18:54:00",
  "value" : "10"
},{
  "dateTime" : "06/11/12 19:53:00",
  "value" : "10"
},{
  "dateTime" : "06/11/12 20:04:00",
  "value" : "10"
},{
  "dateTime" : "06/11/12 20:49:00",
  "value" : "10"
},{
  "dateTime" : "06/11/12 21:06:00",
  "value" : "10"
},{
  "dateTime" : "06/11/12 21:12:00",
  "value" : "10"
},{
  "dateTime" : "06/11/12 22:04:00",
  "value" : "10"
},{
  "dateTime" : "06/11/12 22:35:00",
  "value" : "10"
},{
  "dateTime" : "06/12/12 08:49:00",
  "value" : "10"
},{
  "dateTime" : "06/12/12 08:55:00",
  "value" : "10"
},{
  "dateTime" : "06/12/12 09:37:00",
  "value" : "30"
},{
  "dateTime" : "06/12/12 09:38:00",
  "value" : "30"
},{
  "dateTime" : "06/12/12 09:39:00",
  "value" : "40"
},{
  "dateTime" : "06/12/12 17:39:00",
  "value" : "10"
},{
  "dateTime" : "06/12/12 18:27:00",
  "value" : "10"
},{
  "dateTime" : "06/12/12 18:44:00",
  "value" : "10"
},{
  "dateTime" : "06/12/12 19:07:00",
  "value" : "10"
},{
  "dateTime" : "06/12/12 19:43:00",
  "value" : "10"
},{
  "dateTime" : "06/12/12 20:35:00",
  "value" : "10"
},{
  "dateTime" : "06/12/12 20:36:00",
  "value" : "10"
},{
  "dateTime" : "06/12/12 20:40:00",
  "value" : "10"
},{
  "dateTime" : "06/12/12 21:02:00",
  "value" : "10"
},{
  "dateTime" : "06/12/12 21:39:00",
  "value" : "10"
},{
  "dateTime" : "06/12/12 22:13:00",
  "value" : "10"
},{
  "dateTime" : "06/12/12 22:25:00",
  "value" : "10"
},{
  "dateTime" : "06/13/12 08:37:00",
  "value" : "10"
},{
  "dateTime" : "06/13/12 09:27:00",
  "value" : "50"
},{
  "dateTime" : "06/13/12 09:28:00",
  "value" : "30"
},{
  "dateTime" : "06/13/12 09:29:00",
  "value" : "20"
},{
  "dateTime" : "06/13/12 16:33:00",
  "value" : "30"
},{
  "dateTime" : "06/13/12 16:34:00",
  "value" : "50"
},{
  "dateTime" : "06/13/12 16:35:00",
  "value" : "30"
},{
  "dateTime" : "06/13/12 17:45:00",
  "value" : "10"
},{
  "dateTime" : "06/13/12 19:01:00",
  "value" : "10"
},{
  "dateTime" : "06/13/12 19:51:00",
  "value" : "10"
},{
  "dateTime" : "06/14/12 09:16:00",
  "value" : "40"
},{
  "dateTime" : "06/14/12 09:17:00",
  "value" : "30"
},{
  "dateTime" : "06/14/12 09:18:00",
  "value" : "30"
},{
  "dateTime" : "06/14/12 13:17:00",
  "value" : "10"
},{
  "dateTime" : "06/14/12 13:18:00",
  "value" : "50"
},{
  "dateTime" : "06/14/12 13:19:00",
  "value" : "40"
},{
  "dateTime" : "06/14/12 13:20:00",
  "value" : "10"
},{
  "dateTime" : "06/14/12 17:28:00",
  "value" : "10"
},{
  "dateTime" : "06/14/12 17:49:00",
  "value" : "10"
},{
  "dateTime" : "06/14/12 17:50:00",
  "value" : "10"
},{
  "dateTime" : "06/14/12 21:34:00",
  "value" : "10"
},{
  "dateTime" : "06/14/12 21:39:00",
  "value" : "10"
},{
  "dateTime" : "06/14/12 21:48:00",
  "value" : "10"
},{
  "dateTime" : "06/14/12 22:42:00",
  "value" : "10"
},{
  "dateTime" : "06/14/12 23:26:00",
  "value" : "10"
},{
  "dateTime" : "06/15/12 08:03:00",
  "value" : "10"
},{
  "dateTime" : "06/15/12 08:24:00",
  "value" : "10"
},{
  "dateTime" : "06/15/12 15:52:00",
  "value" : "10"
},{
  "dateTime" : "06/15/12 17:24:00",
  "value" : "10"
},{
  "dateTime" : "06/15/12 23:44:00",
  "value" : "10"
},{
  "dateTime" : "06/16/12 09:27:00",
  "value" : "10"
},{
  "dateTime" : "06/16/12 10:46:00",
  "value" : "10"
},{
  "dateTime" : "06/16/12 14:30:00",
  "value" : "10"
},{
  "dateTime" : "06/16/12 14:40:00",
  "value" : "10"
},{
  "dateTime" : "06/16/12 15:24:00",
  "value" : "10"
},{
  "dateTime" : "06/16/12 15:39:00",
  "value" : "10"
},{
  "dateTime" : "06/16/12 15:47:00",
  "value" : "10"
},{
  "dateTime" : "06/16/12 16:13:00",
  "value" : "10"
},{
  "dateTime" : "06/16/12 16:45:00",
  "value" : "10"
},{
  "dateTime" : "06/17/12 02:41:00",
  "value" : "10"
},{
  "dateTime" : "06/17/12 02:45:00",
  "value" : "10"
},{
  "dateTime" : "06/17/12 03:11:00",
  "value" : "10"
},{
  "dateTime" : "06/17/12 03:20:00",
  "value" : "10"
},{
  "dateTime" : "06/17/12 11:30:00",
  "value" : "10"
},{
  "dateTime" : "06/17/12 12:40:00",
  "value" : "10"
},{
  "dateTime" : "06/17/12 16:10:00",
  "value" : "10"
},{
  "dateTime" : "06/17/12 17:16:00",
  "value" : "10"
},{
  "dateTime" : "06/17/12 19:43:00",
  "value" : "10"
},{
  "dateTime" : "06/17/12 20:49:00",
  "value" : "10"
},{
  "dateTime" : "06/17/12 21:03:00",
  "value" : "10"
},{
  "dateTime" : "06/17/12 22:51:00",
  "value" : "10"
},{
  "dateTime" : "06/18/12 08:44:00",
  "value" : "10"
},{
  "dateTime" : "06/18/12 08:57:00",
  "value" : "10"
},{
  "dateTime" : "06/18/12 09:29:00",
  "value" : "30"
},{
  "dateTime" : "06/18/12 09:30:00",
  "value" : "30"
},{
  "dateTime" : "06/18/12 09:31:00",
  "value" : "40"
},{
  "dateTime" : "06/18/12 10:55:00",
  "value" : "10"
},{
  "dateTime" : "06/18/12 11:29:00",
  "value" : "10"
},{
  "dateTime" : "06/18/12 11:30:00",
  "value" : "40"
},{
  "dateTime" : "06/18/12 11:31:00",
  "value" : "40"
},{
  "dateTime" : "06/18/12 11:32:00",
  "value" : "20"
},{
  "dateTime" : "06/18/12 14:57:00",
  "value" : "10"
},{
  "dateTime" : "06/18/12 15:01:00",
  "value" : "30"
},{
  "dateTime" : "06/18/12 15:02:00",
  "value" : "40"
},{
  "dateTime" : "06/18/12 15:03:00",
  "value" : "30"
},{
  "dateTime" : "06/18/12 18:26:00",
  "value" : "10"
},{
  "dateTime" : "06/18/12 18:41:00",
  "value" : "10"
},{
  "dateTime" : "06/18/12 20:41:00",
  "value" : "10"
},{
  "dateTime" : "06/18/12 20:44:00",
  "value" : "10"
},{
  "dateTime" : "06/19/12 08:27:00",
  "value" : "10"
},{
  "dateTime" : "06/19/12 08:55:00",
  "value" : "50"
},{
  "dateTime" : "06/19/12 08:56:00",
  "value" : "30"
},{
  "dateTime" : "06/19/12 08:57:00",
  "value" : "20"
},{
  "dateTime" : "06/19/12 15:53:00",
  "value" : "10"
},{
  "dateTime" : "06/19/12 17:10:00",
  "value" : "10"
},{
  "dateTime" : "06/19/12 19:14:00",
  "value" : "10"
},{
  "dateTime" : "06/19/12 19:40:00",
  "value" : "10"
},{
  "dateTime" : "06/19/12 20:19:00",
  "value" : "10"
},{
  "dateTime" : "06/19/12 20:35:00",
  "value" : "10"
},{
  "dateTime" : "06/19/12 20:51:00",
  "value" : "10"
},{
  "dateTime" : "06/19/12 22:29:00",
  "value" : "10"
},{
  "dateTime" : "06/19/12 23:34:00",
  "value" : "10"
},{
  "dateTime" : "06/19/12 23:48:00",
  "value" : "10"
},{
  "dateTime" : "06/20/12 08:28:00",
  "value" : "10"
},{
  "dateTime" : "06/20/12 08:35:00",
  "value" : "10"
},{
  "dateTime" : "06/20/12 09:13:00",
  "value" : "20"
},{
  "dateTime" : "06/20/12 09:14:00",
  "value" : "40"
},{
  "dateTime" : "06/20/12 09:15:00",
  "value" : "30"
},{
  "dateTime" : "06/20/12 09:16:00",
  "value" : "10"
},{
  "dateTime" : "06/20/12 19:29:00",
  "value" : "10"
},{
  "dateTime" : "06/20/12 19:33:00",
  "value" : "10"
},{
  "dateTime" : "06/20/12 19:40:00",
  "value" : "10"
},{
  "dateTime" : "06/20/12 19:43:00",
  "value" : "10"
},{
  "dateTime" : "06/20/12 19:44:00",
  "value" : "10"
},{
  "dateTime" : "06/20/12 20:08:00",
  "value" : "10"
},{
  "dateTime" : "06/20/12 21:40:00",
  "value" : "10"
},{
  "dateTime" : "06/21/12 07:05:00",
  "value" : "10"
},{
  "dateTime" : "06/21/12 18:43:00",
  "value" : "10"
},{
  "dateTime" : "06/21/12 19:47:00",
  "value" : "10"
},{
  "dateTime" : "06/21/12 21:59:00",
  "value" : "10"
},{
  "dateTime" : "06/22/12 00:02:00",
  "value" : "10"
},{
  "dateTime" : "06/22/12 08:36:00",
  "value" : "10"
},{
  "dateTime" : "06/22/12 08:45:00",
  "value" : "10"
},{
  "dateTime" : "06/22/12 09:38:00",
  "value" : "30"
},{
  "dateTime" : "06/22/12 09:39:00",
  "value" : "40"
},{
  "dateTime" : "06/22/12 09:40:00",
  "value" : "30"
},{
  "dateTime" : "06/22/12 14:41:00",
  "value" : "10"
},{
  "dateTime" : "06/22/12 15:00:00",
  "value" : "10"
},{
  "dateTime" : "06/22/12 15:47:00",
  "value" : "10"
},{
  "dateTime" : "06/22/12 17:05:00",
  "value" : "10"
},{
  "dateTime" : "06/22/12 17:26:00",
  "value" : "10"
},{
  "dateTime" : "06/22/12 17:28:00",
  "value" : "10"
},{
  "dateTime" : "06/22/12 17:47:00",
  "value" : "10"
},{
  "dateTime" : "06/22/12 18:22:00",
  "value" : "10"
},{
  "dateTime" : "06/22/12 19:30:00",
  "value" : "10"
},{
  "dateTime" : "06/22/12 19:43:00",
  "value" : "10"
},{
  "dateTime" : "06/22/12 21:03:00",
  "value" : "10"
},{
  "dateTime" : "06/22/12 21:24:00",
  "value" : "10"
},{
  "dateTime" : "06/22/12 22:45:00",
  "value" : "10"
},{
  "dateTime" : "06/22/12 22:51:00",
  "value" : "10"
},{
  "dateTime" : "06/23/12 07:41:00",
  "value" : "10"
},{
  "dateTime" : "06/23/12 08:50:00",
  "value" : "10"
},{
  "dateTime" : "06/23/12 10:17:00",
  "value" : "10"
},{
  "dateTime" : "06/23/12 12:59:00",
  "value" : "10"
},{
  "dateTime" : "06/23/12 13:00:00",
  "value" : "10"
},{
  "dateTime" : "06/23/12 13:16:00",
  "value" : "10"
},{
  "dateTime" : "06/23/12 16:42:00",
  "value" : "10"
},{
  "dateTime" : "06/23/12 17:15:00",
  "value" : "10"
},{
  "dateTime" : "06/23/12 17:28:00",
  "value" : "10"
},{
  "dateTime" : "06/23/12 18:26:00",
  "value" : "10"
},{
  "dateTime" : "06/23/12 18:50:00",
  "value" : "10"
},{
  "dateTime" : "06/23/12 19:01:00",
  "value" : "10"
},{
  "dateTime" : "06/23/12 21:21:00",
  "value" : "10"
},{
  "dateTime" : "06/23/12 21:24:00",
  "value" : "10"
},{
  "dateTime" : "06/23/12 21:27:00",
  "value" : "10"
}]