[{
  "dateTime" : "08/18/13 00:48:00",
  "value" : "10"
},{
  "dateTime" : "08/18/13 02:26:00",
  "value" : "10"
},{
  "dateTime" : "08/18/13 10:35:00",
  "value" : "10"
},{
  "dateTime" : "08/18/13 10:36:00",
  "value" : "10"
},{
  "dateTime" : "08/18/13 10:37:00",
  "value" : "10"
},{
  "dateTime" : "08/18/13 11:48:00",
  "value" : "10"
},{
  "dateTime" : "08/18/13 11:52:00",
  "value" : "10"
},{
  "dateTime" : "08/18/13 12:13:00",
  "value" : "10"
},{
  "dateTime" : "08/18/13 12:14:00",
  "value" : "10"
},{
  "dateTime" : "08/18/13 13:15:00",
  "value" : "10"
},{
  "dateTime" : "08/18/13 16:47:00",
  "value" : "10"
},{
  "dateTime" : "08/18/13 17:02:00",
  "value" : "10"
},{
  "dateTime" : "08/18/13 17:23:00",
  "value" : "10"
},{
  "dateTime" : "08/18/13 19:14:00",
  "value" : "10"
},{
  "dateTime" : "08/18/13 19:48:00",
  "value" : "10"
},{
  "dateTime" : "08/18/13 21:52:00",
  "value" : "10"
},{
  "dateTime" : "08/19/13 08:51:00",
  "value" : "10"
},{
  "dateTime" : "08/19/13 08:53:00",
  "value" : "10"
},{
  "dateTime" : "08/19/13 10:23:00",
  "value" : "10"
},{
  "dateTime" : "08/19/13 10:42:00",
  "value" : "10"
},{
  "dateTime" : "08/19/13 10:49:00",
  "value" : "20"
},{
  "dateTime" : "08/19/13 10:52:00",
  "value" : "30"
},{
  "dateTime" : "08/19/13 10:54:00",
  "value" : "10"
},{
  "dateTime" : "08/19/13 16:17:00",
  "value" : "10"
},{
  "dateTime" : "08/19/13 16:38:00",
  "value" : "10"
},{
  "dateTime" : "08/19/13 16:45:00",
  "value" : "10"
},{
  "dateTime" : "08/19/13 20:26:00",
  "value" : "10"
},{
  "dateTime" : "08/19/13 21:32:00",
  "value" : "10"
},{
  "dateTime" : "08/20/13 00:09:00",
  "value" : "10"
},{
  "dateTime" : "08/20/13 03:44:00",
  "value" : "10"
},{
  "dateTime" : "08/20/13 07:13:00",
  "value" : "10"
},{
  "dateTime" : "08/20/13 08:12:00",
  "value" : "10"
},{
  "dateTime" : "08/20/13 08:17:00",
  "value" : "10"
},{
  "dateTime" : "08/20/13 11:35:00",
  "value" : "10"
},{
  "dateTime" : "08/20/13 11:37:00",
  "value" : "10"
},{
  "dateTime" : "08/20/13 11:50:00",
  "value" : "10"
},{
  "dateTime" : "08/20/13 15:25:00",
  "value" : "10"
},{
  "dateTime" : "08/20/13 16:03:00",
  "value" : "10"
},{
  "dateTime" : "08/20/13 16:09:00",
  "value" : "10"
},{
  "dateTime" : "08/20/13 19:44:00",
  "value" : "10"
},{
  "dateTime" : "08/20/13 19:57:00",
  "value" : "10"
},{
  "dateTime" : "08/20/13 20:04:00",
  "value" : "10"
},{
  "dateTime" : "08/20/13 20:41:00",
  "value" : "10"
},{
  "dateTime" : "08/20/13 20:45:00",
  "value" : "20"
},{
  "dateTime" : "08/21/13 00:27:00",
  "value" : "10"
},{
  "dateTime" : "08/21/13 08:46:00",
  "value" : "10"
},{
  "dateTime" : "08/21/13 08:56:00",
  "value" : "10"
},{
  "dateTime" : "08/21/13 09:35:00",
  "value" : "10"
},{
  "dateTime" : "08/21/13 09:47:00",
  "value" : "10"
},{
  "dateTime" : "08/21/13 09:50:00",
  "value" : "10"
},{
  "dateTime" : "08/21/13 09:53:00",
  "value" : "10"
},{
  "dateTime" : "08/21/13 10:20:00",
  "value" : "10"
},{
  "dateTime" : "08/21/13 10:23:00",
  "value" : "10"
},{
  "dateTime" : "08/21/13 10:54:00",
  "value" : "10"
},{
  "dateTime" : "08/21/13 11:41:00",
  "value" : "10"
},{
  "dateTime" : "08/21/13 19:56:00",
  "value" : "10"
},{
  "dateTime" : "08/21/13 19:58:00",
  "value" : "10"
},{
  "dateTime" : "08/21/13 19:59:00",
  "value" : "10"
},{
  "dateTime" : "08/21/13 20:54:00",
  "value" : "10"
},{
  "dateTime" : "08/21/13 21:45:00",
  "value" : "10"
},{
  "dateTime" : "08/21/13 22:33:00",
  "value" : "10"
},{
  "dateTime" : "08/21/13 22:45:00",
  "value" : "10"
},{
  "dateTime" : "08/22/13 05:37:00",
  "value" : "10"
},{
  "dateTime" : "08/22/13 08:46:00",
  "value" : "10"
},{
  "dateTime" : "08/22/13 11:39:00",
  "value" : "10"
},{
  "dateTime" : "08/22/13 12:22:00",
  "value" : "10"
},{
  "dateTime" : "08/22/13 16:01:00",
  "value" : "10"
},{
  "dateTime" : "08/22/13 17:02:00",
  "value" : "10"
},{
  "dateTime" : "08/22/13 17:50:00",
  "value" : "10"
},{
  "dateTime" : "08/22/13 18:17:00",
  "value" : "10"
},{
  "dateTime" : "08/22/13 18:21:00",
  "value" : "10"
},{
  "dateTime" : "08/22/13 20:11:00",
  "value" : "10"
},{
  "dateTime" : "08/22/13 20:18:00",
  "value" : "10"
},{
  "dateTime" : "08/22/13 20:35:00",
  "value" : "10"
},{
  "dateTime" : "08/22/13 20:40:00",
  "value" : "10"
},{
  "dateTime" : "08/22/13 20:45:00",
  "value" : "10"
},{
  "dateTime" : "08/22/13 21:40:00",
  "value" : "10"
},{
  "dateTime" : "08/22/13 22:57:00",
  "value" : "10"
},{
  "dateTime" : "08/23/13 04:14:00",
  "value" : "10"
},{
  "dateTime" : "08/23/13 08:30:00",
  "value" : "10"
},{
  "dateTime" : "08/23/13 09:52:00",
  "value" : "10"
},{
  "dateTime" : "08/23/13 10:43:00",
  "value" : "10"
},{
  "dateTime" : "08/23/13 10:57:00",
  "value" : "10"
},{
  "dateTime" : "08/23/13 13:33:00",
  "value" : "10"
},{
  "dateTime" : "08/23/13 16:39:00",
  "value" : "10"
},{
  "dateTime" : "08/23/13 20:03:00",
  "value" : "10"
},{
  "dateTime" : "08/23/13 22:14:00",
  "value" : "10"
},{
  "dateTime" : "08/24/13 09:30:00",
  "value" : "10"
},{
  "dateTime" : "08/24/13 10:42:00",
  "value" : "10"
},{
  "dateTime" : "08/24/13 10:54:00",
  "value" : "10"
},{
  "dateTime" : "08/24/13 12:31:00",
  "value" : "10"
},{
  "dateTime" : "08/24/13 12:32:00",
  "value" : "10"
},{
  "dateTime" : "08/24/13 12:35:00",
  "value" : "10"
},{
  "dateTime" : "08/24/13 13:14:00",
  "value" : "10"
},{
  "dateTime" : "08/24/13 13:26:00",
  "value" : "10"
},{
  "dateTime" : "08/24/13 13:34:00",
  "value" : "10"
},{
  "dateTime" : "08/24/13 13:38:00",
  "value" : "10"
},{
  "dateTime" : "08/24/13 14:06:00",
  "value" : "10"
},{
  "dateTime" : "08/24/13 15:30:00",
  "value" : "10"
},{
  "dateTime" : "08/24/13 15:38:00",
  "value" : "10"
},{
  "dateTime" : "08/25/13 00:41:00",
  "value" : "10"
},{
  "dateTime" : "08/25/13 11:55:00",
  "value" : "10"
},{
  "dateTime" : "08/25/13 13:48:00",
  "value" : "10"
},{
  "dateTime" : "08/25/13 15:34:00",
  "value" : "10"
},{
  "dateTime" : "08/25/13 17:26:00",
  "value" : "10"
},{
  "dateTime" : "08/25/13 18:58:00",
  "value" : "10"
},{
  "dateTime" : "08/25/13 19:33:00",
  "value" : "10"
},{
  "dateTime" : "08/25/13 20:08:00",
  "value" : "10"
},{
  "dateTime" : "08/25/13 20:26:00",
  "value" : "10"
},{
  "dateTime" : "08/25/13 22:43:00",
  "value" : "10"
},{
  "dateTime" : "08/26/13 08:30:00",
  "value" : "10"
},{
  "dateTime" : "08/26/13 08:46:00",
  "value" : "10"
},{
  "dateTime" : "08/26/13 12:46:00",
  "value" : "10"
},{
  "dateTime" : "08/26/13 12:52:00",
  "value" : "10"
},{
  "dateTime" : "08/26/13 13:49:00",
  "value" : "10"
},{
  "dateTime" : "08/26/13 14:05:00",
  "value" : "10"
},{
  "dateTime" : "08/26/13 18:53:00",
  "value" : "10"
},{
  "dateTime" : "08/26/13 19:33:00",
  "value" : "10"
},{
  "dateTime" : "08/26/13 20:41:00",
  "value" : "10"
},{
  "dateTime" : "08/26/13 21:12:00",
  "value" : "10"
},{
  "dateTime" : "08/26/13 22:30:00",
  "value" : "10"
},{
  "dateTime" : "08/27/13 00:19:00",
  "value" : "10"
},{
  "dateTime" : "08/27/13 08:08:00",
  "value" : "10"
},{
  "dateTime" : "08/27/13 08:55:00",
  "value" : "10"
},{
  "dateTime" : "08/27/13 11:26:00",
  "value" : "10"
},{
  "dateTime" : "08/27/13 11:50:00",
  "value" : "10"
},{
  "dateTime" : "08/27/13 12:49:00",
  "value" : "10"
},{
  "dateTime" : "08/27/13 12:58:00",
  "value" : "10"
},{
  "dateTime" : "08/27/13 13:10:00",
  "value" : "10"
},{
  "dateTime" : "08/27/13 16:27:00",
  "value" : "10"
},{
  "dateTime" : "08/27/13 16:31:00",
  "value" : "10"
},{
  "dateTime" : "08/27/13 18:03:00",
  "value" : "10"
},{
  "dateTime" : "08/27/13 20:15:00",
  "value" : "10"
},{
  "dateTime" : "08/27/13 22:10:00",
  "value" : "10"
},{
  "dateTime" : "08/28/13 08:48:00",
  "value" : "10"
},{
  "dateTime" : "08/28/13 09:18:00",
  "value" : "10"
},{
  "dateTime" : "08/28/13 09:50:00",
  "value" : "20"
},{
  "dateTime" : "08/28/13 09:53:00",
  "value" : "20"
},{
  "dateTime" : "08/28/13 09:54:00",
  "value" : "10"
},{
  "dateTime" : "08/28/13 09:56:00",
  "value" : "10"
},{
  "dateTime" : "08/28/13 11:03:00",
  "value" : "10"
},{
  "dateTime" : "08/28/13 12:51:00",
  "value" : "10"
},{
  "dateTime" : "08/28/13 13:02:00",
  "value" : "10"
},{
  "dateTime" : "08/28/13 15:42:00",
  "value" : "10"
},{
  "dateTime" : "08/28/13 15:49:00",
  "value" : "10"
},{
  "dateTime" : "08/28/13 16:05:00",
  "value" : "10"
},{
  "dateTime" : "08/28/13 17:49:00",
  "value" : "10"
},{
  "dateTime" : "08/28/13 17:50:00",
  "value" : "10"
},{
  "dateTime" : "08/28/13 17:52:00",
  "value" : "10"
},{
  "dateTime" : "08/28/13 18:06:00",
  "value" : "20"
},{
  "dateTime" : "08/28/13 18:13:00",
  "value" : "10"
},{
  "dateTime" : "08/28/13 19:01:00",
  "value" : "10"
},{
  "dateTime" : "08/28/13 20:05:00",
  "value" : "10"
},{
  "dateTime" : "08/28/13 20:27:00",
  "value" : "10"
},{
  "dateTime" : "08/29/13 00:27:00",
  "value" : "10"
},{
  "dateTime" : "08/29/13 07:32:00",
  "value" : "10"
},{
  "dateTime" : "08/29/13 08:29:00",
  "value" : "10"
},{
  "dateTime" : "08/29/13 08:56:00",
  "value" : "10"
},{
  "dateTime" : "08/29/13 10:54:00",
  "value" : "20"
},{
  "dateTime" : "08/29/13 11:07:00",
  "value" : "20"
},{
  "dateTime" : "08/29/13 11:39:00",
  "value" : "10"
},{
  "dateTime" : "08/29/13 11:54:00",
  "value" : "10"
},{
  "dateTime" : "08/29/13 12:12:00",
  "value" : "10"
},{
  "dateTime" : "08/29/13 13:43:00",
  "value" : "10"
},{
  "dateTime" : "08/29/13 13:53:00",
  "value" : "10"
},{
  "dateTime" : "08/29/13 14:17:00",
  "value" : "10"
},{
  "dateTime" : "08/29/13 14:37:00",
  "value" : "10"
},{
  "dateTime" : "08/29/13 14:45:00",
  "value" : "10"
},{
  "dateTime" : "08/29/13 15:56:00",
  "value" : "10"
},{
  "dateTime" : "08/29/13 19:02:00",
  "value" : "10"
},{
  "dateTime" : "08/29/13 20:24:00",
  "value" : "10"
},{
  "dateTime" : "08/29/13 21:12:00",
  "value" : "10"
},{
  "dateTime" : "08/30/13 06:24:00",
  "value" : "10"
},{
  "dateTime" : "08/30/13 07:48:00",
  "value" : "10"
},{
  "dateTime" : "08/30/13 08:03:00",
  "value" : "10"
},{
  "dateTime" : "08/30/13 08:12:00",
  "value" : "10"
},{
  "dateTime" : "08/30/13 08:47:00",
  "value" : "10"
},{
  "dateTime" : "08/30/13 12:10:00",
  "value" : "10"
},{
  "dateTime" : "08/30/13 12:29:00",
  "value" : "10"
},{
  "dateTime" : "08/30/13 12:34:00",
  "value" : "10"
},{
  "dateTime" : "08/30/13 12:59:00",
  "value" : "10"
},{
  "dateTime" : "08/30/13 13:00:00",
  "value" : "10"
},{
  "dateTime" : "08/30/13 13:03:00",
  "value" : "10"
},{
  "dateTime" : "08/30/13 14:39:00",
  "value" : "10"
},{
  "dateTime" : "08/30/13 15:08:00",
  "value" : "10"
},{
  "dateTime" : "08/30/13 19:24:00",
  "value" : "10"
},{
  "dateTime" : "08/30/13 19:50:00",
  "value" : "10"
},{
  "dateTime" : "08/30/13 19:53:00",
  "value" : "10"
},{
  "dateTime" : "08/30/13 20:52:00",
  "value" : "10"
},{
  "dateTime" : "08/30/13 22:39:00",
  "value" : "10"
},{
  "dateTime" : "08/31/13 03:57:00",
  "value" : "10"
},{
  "dateTime" : "08/31/13 06:52:00",
  "value" : "10"
},{
  "dateTime" : "08/31/13 10:06:00",
  "value" : "10"
},{
  "dateTime" : "08/31/13 10:52:00",
  "value" : "10"
},{
  "dateTime" : "08/31/13 10:56:00",
  "value" : "10"
},{
  "dateTime" : "08/31/13 12:53:00",
  "value" : "10"
},{
  "dateTime" : "08/31/13 14:10:00",
  "value" : "10"
},{
  "dateTime" : "08/31/13 16:13:00",
  "value" : "10"
},{
  "dateTime" : "08/31/13 16:31:00",
  "value" : "10"
},{
  "dateTime" : "08/31/13 16:34:00",
  "value" : "10"
},{
  "dateTime" : "08/31/13 19:25:00",
  "value" : "10"
},{
  "dateTime" : "08/31/13 20:55:00",
  "value" : "10"
},{
  "dateTime" : "09/01/13 00:29:00",
  "value" : "10"
},{
  "dateTime" : "09/01/13 09:31:00",
  "value" : "10"
},{
  "dateTime" : "09/01/13 10:00:00",
  "value" : "10"
},{
  "dateTime" : "09/01/13 11:10:00",
  "value" : "10"
},{
  "dateTime" : "09/01/13 12:01:00",
  "value" : "10"
},{
  "dateTime" : "09/01/13 12:06:00",
  "value" : "10"
},{
  "dateTime" : "09/01/13 13:29:00",
  "value" : "10"
},{
  "dateTime" : "09/01/13 13:34:00",
  "value" : "10"
},{
  "dateTime" : "09/01/13 14:45:00",
  "value" : "10"
},{
  "dateTime" : "09/01/13 15:15:00",
  "value" : "10"
},{
  "dateTime" : "09/01/13 15:24:00",
  "value" : "10"
},{
  "dateTime" : "09/01/13 15:33:00",
  "value" : "10"
},{
  "dateTime" : "09/01/13 15:34:00",
  "value" : "10"
},{
  "dateTime" : "09/01/13 19:16:00",
  "value" : "10"
},{
  "dateTime" : "09/01/13 19:24:00",
  "value" : "10"
},{
  "dateTime" : "09/01/13 21:02:00",
  "value" : "10"
},{
  "dateTime" : "09/02/13 03:19:00",
  "value" : "10"
},{
  "dateTime" : "09/02/13 08:16:00",
  "value" : "10"
},{
  "dateTime" : "09/02/13 08:58:00",
  "value" : "10"
},{
  "dateTime" : "09/02/13 09:24:00",
  "value" : "10"
},{
  "dateTime" : "09/02/13 13:21:00",
  "value" : "10"
},{
  "dateTime" : "09/02/13 13:43:00",
  "value" : "10"
},{
  "dateTime" : "09/02/13 14:00:00",
  "value" : "10"
},{
  "dateTime" : "09/02/13 16:04:00",
  "value" : "10"
},{
  "dateTime" : "09/02/13 20:23:00",
  "value" : "10"
},{
  "dateTime" : "09/02/13 23:06:00",
  "value" : "10"
},{
  "dateTime" : "09/03/13 07:50:00",
  "value" : "10"
},{
  "dateTime" : "09/03/13 08:29:00",
  "value" : "10"
},{
  "dateTime" : "09/03/13 08:41:00",
  "value" : "10"
},{
  "dateTime" : "09/03/13 08:46:00",
  "value" : "10"
},{
  "dateTime" : "09/03/13 11:54:00",
  "value" : "10"
},{
  "dateTime" : "09/03/13 12:40:00",
  "value" : "10"
},{
  "dateTime" : "09/03/13 16:32:00",
  "value" : "10"
},{
  "dateTime" : "09/03/13 17:58:00",
  "value" : "10"
},{
  "dateTime" : "09/03/13 18:19:00",
  "value" : "10"
},{
  "dateTime" : "09/03/13 21:11:00",
  "value" : "10"
},{
  "dateTime" : "09/03/13 21:16:00",
  "value" : "10"
},{
  "dateTime" : "09/03/13 21:56:00",
  "value" : "10"
},{
  "dateTime" : "09/03/13 22:24:00",
  "value" : "10"
},{
  "dateTime" : "09/03/13 23:25:00",
  "value" : "10"
},{
  "dateTime" : "09/04/13 00:29:00",
  "value" : "10"
},{
  "dateTime" : "09/04/13 03:04:00",
  "value" : "10"
},{
  "dateTime" : "09/04/13 06:07:00",
  "value" : "10"
},{
  "dateTime" : "09/04/13 08:11:00",
  "value" : "10"
},{
  "dateTime" : "09/04/13 08:27:00",
  "value" : "10"
},{
  "dateTime" : "09/04/13 08:48:00",
  "value" : "10"
},{
  "dateTime" : "09/04/13 08:50:00",
  "value" : "10"
},{
  "dateTime" : "09/04/13 09:41:00",
  "value" : "10"
},{
  "dateTime" : "09/04/13 09:44:00",
  "value" : "20"
},{
  "dateTime" : "09/04/13 09:47:00",
  "value" : "10"
},{
  "dateTime" : "09/04/13 09:48:00",
  "value" : "10"
},{
  "dateTime" : "09/04/13 11:06:00",
  "value" : "10"
},{
  "dateTime" : "09/04/13 11:12:00",
  "value" : "10"
},{
  "dateTime" : "09/04/13 11:14:00",
  "value" : "10"
},{
  "dateTime" : "09/04/13 11:33:00",
  "value" : "10"
},{
  "dateTime" : "09/04/13 11:53:00",
  "value" : "10"
},{
  "dateTime" : "09/04/13 11:54:00",
  "value" : "10"
},{
  "dateTime" : "09/04/13 11:56:00",
  "value" : "10"
},{
  "dateTime" : "09/04/13 15:03:00",
  "value" : "10"
},{
  "dateTime" : "09/04/13 20:45:00",
  "value" : "10"
},{
  "dateTime" : "09/04/13 22:30:00",
  "value" : "10"
},{
  "dateTime" : "09/04/13 22:36:00",
  "value" : "10"
},{
  "dateTime" : "09/05/13 08:42:00",
  "value" : "20"
},{
  "dateTime" : "09/05/13 08:45:00",
  "value" : "10"
},{
  "dateTime" : "09/05/13 08:52:00",
  "value" : "10"
},{
  "dateTime" : "09/05/13 09:02:00",
  "value" : "10"
},{
  "dateTime" : "09/05/13 09:25:00",
  "value" : "10"
},{
  "dateTime" : "09/05/13 09:31:00",
  "value" : "10"
},{
  "dateTime" : "09/05/13 10:39:00",
  "value" : "10"
},{
  "dateTime" : "09/05/13 13:12:00",
  "value" : "10"
},{
  "dateTime" : "09/05/13 13:28:00",
  "value" : "10"
},{
  "dateTime" : "09/05/13 14:50:00",
  "value" : "10"
},{
  "dateTime" : "09/05/13 16:48:00",
  "value" : "10"
},{
  "dateTime" : "09/05/13 18:33:00",
  "value" : "10"
},{
  "dateTime" : "09/05/13 20:04:00",
  "value" : "10"
},{
  "dateTime" : "09/05/13 21:00:00",
  "value" : "10"
},{
  "dateTime" : "09/05/13 23:38:00",
  "value" : "10"
},{
  "dateTime" : "09/06/13 09:34:00",
  "value" : "10"
},{
  "dateTime" : "09/06/13 09:48:00",
  "value" : "10"
},{
  "dateTime" : "09/06/13 12:04:00",
  "value" : "10"
},{
  "dateTime" : "09/06/13 15:24:00",
  "value" : "10"
},{
  "dateTime" : "09/06/13 15:25:00",
  "value" : "10"
},{
  "dateTime" : "09/06/13 15:26:00",
  "value" : "10"
},{
  "dateTime" : "09/06/13 15:32:00",
  "value" : "10"
},{
  "dateTime" : "09/06/13 15:39:00",
  "value" : "10"
},{
  "dateTime" : "09/06/13 15:43:00",
  "value" : "10"
},{
  "dateTime" : "09/06/13 17:16:00",
  "value" : "10"
},{
  "dateTime" : "09/06/13 20:38:00",
  "value" : "10"
},{
  "dateTime" : "09/07/13 00:11:00",
  "value" : "10"
},{
  "dateTime" : "09/07/13 08:03:00",
  "value" : "10"
},{
  "dateTime" : "09/07/13 08:33:00",
  "value" : "10"
},{
  "dateTime" : "09/07/13 10:38:00",
  "value" : "10"
},{
  "dateTime" : "09/07/13 10:47:00",
  "value" : "10"
},{
  "dateTime" : "09/07/13 13:55:00",
  "value" : "10"
},{
  "dateTime" : "09/07/13 13:59:00",
  "value" : "10"
},{
  "dateTime" : "09/07/13 15:39:00",
  "value" : "10"
},{
  "dateTime" : "09/07/13 16:23:00",
  "value" : "20"
},{
  "dateTime" : "09/07/13 18:15:00",
  "value" : "10"
},{
  "dateTime" : "09/07/13 18:16:00",
  "value" : "10"
},{
  "dateTime" : "09/07/13 19:50:00",
  "value" : "10"
},{
  "dateTime" : "09/07/13 19:52:00",
  "value" : "10"
},{
  "dateTime" : "09/07/13 21:29:00",
  "value" : "10"
},{
  "dateTime" : "09/07/13 21:47:00",
  "value" : "10"
},{
  "dateTime" : "09/07/13 22:20:00",
  "value" : "10"
},{
  "dateTime" : "09/08/13 09:38:00",
  "value" : "10"
},{
  "dateTime" : "09/08/13 10:53:00",
  "value" : "10"
},{
  "dateTime" : "09/08/13 11:14:00",
  "value" : "10"
},{
  "dateTime" : "09/08/13 11:38:00",
  "value" : "10"
},{
  "dateTime" : "09/08/13 15:57:00",
  "value" : "10"
},{
  "dateTime" : "09/08/13 16:36:00",
  "value" : "10"
},{
  "dateTime" : "09/08/13 16:58:00",
  "value" : "10"
},{
  "dateTime" : "09/08/13 19:14:00",
  "value" : "10"
},{
  "dateTime" : "09/08/13 21:49:00",
  "value" : "10"
},{
  "dateTime" : "09/09/13 08:48:00",
  "value" : "10"
},{
  "dateTime" : "09/09/13 11:18:00",
  "value" : "10"
},{
  "dateTime" : "09/09/13 11:26:00",
  "value" : "10"
},{
  "dateTime" : "09/09/13 11:27:00",
  "value" : "10"
},{
  "dateTime" : "09/09/13 14:21:00",
  "value" : "10"
},{
  "dateTime" : "09/09/13 19:23:00",
  "value" : "10"
},{
  "dateTime" : "09/09/13 20:25:00",
  "value" : "10"
},{
  "dateTime" : "09/09/13 21:04:00",
  "value" : "10"
},{
  "dateTime" : "09/09/13 21:27:00",
  "value" : "10"
},{
  "dateTime" : "09/10/13 01:36:00",
  "value" : "10"
},{
  "dateTime" : "09/10/13 07:35:00",
  "value" : "10"
},{
  "dateTime" : "09/10/13 08:29:00",
  "value" : "10"
},{
  "dateTime" : "09/10/13 12:08:00",
  "value" : "10"
},{
  "dateTime" : "09/10/13 15:11:00",
  "value" : "10"
},{
  "dateTime" : "09/10/13 15:54:00",
  "value" : "10"
},{
  "dateTime" : "09/10/13 17:54:00",
  "value" : "10"
},{
  "dateTime" : "09/10/13 18:23:00",
  "value" : "10"
},{
  "dateTime" : "09/10/13 18:38:00",
  "value" : "10"
},{
  "dateTime" : "09/10/13 18:45:00",
  "value" : "10"
},{
  "dateTime" : "09/10/13 19:46:00",
  "value" : "10"
},{
  "dateTime" : "09/10/13 20:26:00",
  "value" : "10"
},{
  "dateTime" : "09/10/13 20:41:00",
  "value" : "10"
},{
  "dateTime" : "09/10/13 22:27:00",
  "value" : "10"
},{
  "dateTime" : "09/11/13 08:20:00",
  "value" : "10"
},{
  "dateTime" : "09/11/13 08:53:00",
  "value" : "10"
},{
  "dateTime" : "09/11/13 09:18:00",
  "value" : "10"
},{
  "dateTime" : "09/11/13 09:43:00",
  "value" : "10"
},{
  "dateTime" : "09/11/13 09:46:00",
  "value" : "10"
},{
  "dateTime" : "09/11/13 09:47:00",
  "value" : "10"
},{
  "dateTime" : "09/11/13 09:49:00",
  "value" : "10"
},{
  "dateTime" : "09/11/13 10:57:00",
  "value" : "10"
},{
  "dateTime" : "09/11/13 11:02:00",
  "value" : "10"
},{
  "dateTime" : "09/11/13 13:34:00",
  "value" : "10"
},{
  "dateTime" : "09/11/13 15:50:00",
  "value" : "10"
},{
  "dateTime" : "09/11/13 17:32:00",
  "value" : "10"
},{
  "dateTime" : "09/11/13 20:30:00",
  "value" : "10"
},{
  "dateTime" : "09/11/13 20:48:00",
  "value" : "10"
},{
  "dateTime" : "09/11/13 23:09:00",
  "value" : "10"
},{
  "dateTime" : "09/12/13 00:16:00",
  "value" : "10"
},{
  "dateTime" : "09/12/13 08:35:00",
  "value" : "10"
},{
  "dateTime" : "09/12/13 09:42:00",
  "value" : "10"
},{
  "dateTime" : "09/12/13 09:49:00",
  "value" : "10"
},{
  "dateTime" : "09/12/13 11:43:00",
  "value" : "10"
},{
  "dateTime" : "09/12/13 11:46:00",
  "value" : "10"
},{
  "dateTime" : "09/12/13 11:51:00",
  "value" : "10"
},{
  "dateTime" : "09/12/13 13:26:00",
  "value" : "10"
},{
  "dateTime" : "09/12/13 13:32:00",
  "value" : "10"
},{
  "dateTime" : "09/12/13 13:33:00",
  "value" : "10"
},{
  "dateTime" : "09/12/13 16:29:00",
  "value" : "10"
},{
  "dateTime" : "09/12/13 17:59:00",
  "value" : "10"
},{
  "dateTime" : "09/12/13 18:03:00",
  "value" : "10"
},{
  "dateTime" : "09/12/13 18:10:00",
  "value" : "10"
},{
  "dateTime" : "09/12/13 18:11:00",
  "value" : "10"
},{
  "dateTime" : "09/12/13 19:03:00",
  "value" : "10"
},{
  "dateTime" : "09/12/13 19:49:00",
  "value" : "20"
},{
  "dateTime" : "09/12/13 20:05:00",
  "value" : "10"
},{
  "dateTime" : "09/12/13 20:24:00",
  "value" : "10"
},{
  "dateTime" : "09/12/13 20:40:00",
  "value" : "10"
},{
  "dateTime" : "09/12/13 21:23:00",
  "value" : "10"
},{
  "dateTime" : "09/12/13 22:14:00",
  "value" : "10"
},{
  "dateTime" : "09/13/13 09:04:00",
  "value" : "10"
},{
  "dateTime" : "09/13/13 09:53:00",
  "value" : "10"
},{
  "dateTime" : "09/13/13 11:36:00",
  "value" : "10"
},{
  "dateTime" : "09/13/13 12:02:00",
  "value" : "10"
},{
  "dateTime" : "09/13/13 12:04:00",
  "value" : "10"
},{
  "dateTime" : "09/14/13 14:41:00",
  "value" : "10"
},{
  "dateTime" : "09/14/13 15:44:00",
  "value" : "10"
},{
  "dateTime" : "09/15/13 10:45:00",
  "value" : "10"
},{
  "dateTime" : "09/15/13 12:31:00",
  "value" : "10"
},{
  "dateTime" : "09/15/13 12:45:00",
  "value" : "10"
},{
  "dateTime" : "09/15/13 13:45:00",
  "value" : "10"
},{
  "dateTime" : "09/15/13 14:38:00",
  "value" : "10"
},{
  "dateTime" : "09/15/13 15:24:00",
  "value" : "10"
},{
  "dateTime" : "09/15/13 16:00:00",
  "value" : "10"
},{
  "dateTime" : "09/15/13 19:58:00",
  "value" : "10"
},{
  "dateTime" : "09/15/13 23:04:00",
  "value" : "10"
},{
  "dateTime" : "09/16/13 00:15:00",
  "value" : "10"
},{
  "dateTime" : "09/16/13 07:42:00",
  "value" : "10"
},{
  "dateTime" : "09/16/13 08:32:00",
  "value" : "10"
},{
  "dateTime" : "09/16/13 11:14:00",
  "value" : "10"
},{
  "dateTime" : "09/16/13 14:08:00",
  "value" : "10"
},{
  "dateTime" : "09/16/13 20:28:00",
  "value" : "10"
},{
  "dateTime" : "09/16/13 23:08:00",
  "value" : "10"
}]