[{
  "dateTime" : "08/23/12 00:50:00",
  "value" : "10"
},{
  "dateTime" : "08/23/12 08:00:00",
  "value" : "10"
},{
  "dateTime" : "08/23/12 18:19:00",
  "value" : "10"
},{
  "dateTime" : "08/23/12 19:46:00",
  "value" : "10"
},{
  "dateTime" : "08/23/12 19:58:00",
  "value" : "10"
},{
  "dateTime" : "08/23/12 20:08:00",
  "value" : "10"
},{
  "dateTime" : "08/23/12 21:59:00",
  "value" : "10"
},{
  "dateTime" : "08/23/12 23:15:00",
  "value" : "10"
},{
  "dateTime" : "08/24/12 08:21:00",
  "value" : "10"
},{
  "dateTime" : "08/24/12 10:36:00",
  "value" : "10"
},{
  "dateTime" : "08/24/12 12:00:00",
  "value" : "10"
},{
  "dateTime" : "08/24/12 13:47:00",
  "value" : "10"
},{
  "dateTime" : "08/24/12 18:04:00",
  "value" : "20"
},{
  "dateTime" : "08/24/12 18:17:00",
  "value" : "10"
},{
  "dateTime" : "08/24/12 19:01:00",
  "value" : "10"
},{
  "dateTime" : "08/24/12 19:03:00",
  "value" : "10"
},{
  "dateTime" : "08/24/12 20:00:00",
  "value" : "10"
},{
  "dateTime" : "08/24/12 20:03:00",
  "value" : "10"
},{
  "dateTime" : "08/24/12 23:10:00",
  "value" : "10"
},{
  "dateTime" : "08/24/12 23:14:00",
  "value" : "10"
},{
  "dateTime" : "08/24/12 23:50:00",
  "value" : "10"
},{
  "dateTime" : "08/25/12 00:32:00",
  "value" : "10"
},{
  "dateTime" : "08/25/12 01:32:00",
  "value" : "10"
},{
  "dateTime" : "08/25/12 02:20:00",
  "value" : "10"
},{
  "dateTime" : "08/25/12 09:19:00",
  "value" : "10"
},{
  "dateTime" : "08/25/12 12:34:00",
  "value" : "10"
},{
  "dateTime" : "08/25/12 17:12:00",
  "value" : "10"
},{
  "dateTime" : "08/25/12 17:23:00",
  "value" : "10"
},{
  "dateTime" : "08/25/12 18:44:00",
  "value" : "10"
},{
  "dateTime" : "08/25/12 18:50:00",
  "value" : "10"
},{
  "dateTime" : "08/25/12 20:42:00",
  "value" : "10"
},{
  "dateTime" : "08/25/12 20:43:00",
  "value" : "10"
},{
  "dateTime" : "08/25/12 22:49:00",
  "value" : "10"
},{
  "dateTime" : "08/26/12 06:35:00",
  "value" : "10"
},{
  "dateTime" : "08/26/12 08:25:00",
  "value" : "10"
},{
  "dateTime" : "08/26/12 10:31:00",
  "value" : "10"
},{
  "dateTime" : "08/26/12 12:41:00",
  "value" : "10"
},{
  "dateTime" : "08/26/12 12:57:00",
  "value" : "10"
},{
  "dateTime" : "08/26/12 13:00:00",
  "value" : "10"
},{
  "dateTime" : "08/26/12 14:53:00",
  "value" : "10"
},{
  "dateTime" : "08/26/12 15:46:00",
  "value" : "10"
},{
  "dateTime" : "08/26/12 17:48:00",
  "value" : "10"
},{
  "dateTime" : "08/26/12 18:22:00",
  "value" : "10"
},{
  "dateTime" : "08/26/12 19:56:00",
  "value" : "10"
},{
  "dateTime" : "08/26/12 23:00:00",
  "value" : "10"
},{
  "dateTime" : "08/27/12 07:37:00",
  "value" : "10"
},{
  "dateTime" : "08/27/12 08:43:00",
  "value" : "10"
},{
  "dateTime" : "08/27/12 17:59:00",
  "value" : "10"
},{
  "dateTime" : "08/27/12 19:39:00",
  "value" : "10"
},{
  "dateTime" : "08/27/12 19:52:00",
  "value" : "10"
},{
  "dateTime" : "08/27/12 19:58:00",
  "value" : "10"
},{
  "dateTime" : "08/27/12 22:04:00",
  "value" : "10"
},{
  "dateTime" : "08/28/12 08:18:00",
  "value" : "10"
},{
  "dateTime" : "08/28/12 08:46:00",
  "value" : "40"
},{
  "dateTime" : "08/28/12 08:47:00",
  "value" : "40"
},{
  "dateTime" : "08/28/12 08:48:00",
  "value" : "20"
},{
  "dateTime" : "08/28/12 11:50:00",
  "value" : "20"
},{
  "dateTime" : "08/28/12 17:12:00",
  "value" : "10"
},{
  "dateTime" : "08/28/12 19:12:00",
  "value" : "10"
},{
  "dateTime" : "08/28/12 19:16:00",
  "value" : "10"
},{
  "dateTime" : "08/29/12 00:40:00",
  "value" : "10"
},{
  "dateTime" : "08/29/12 07:42:00",
  "value" : "10"
},{
  "dateTime" : "08/29/12 08:38:00",
  "value" : "10"
},{
  "dateTime" : "08/29/12 18:12:00",
  "value" : "10"
},{
  "dateTime" : "08/29/12 20:38:00",
  "value" : "10"
},{
  "dateTime" : "08/29/12 20:59:00",
  "value" : "10"
},{
  "dateTime" : "08/29/12 21:06:00",
  "value" : "10"
},{
  "dateTime" : "08/30/12 08:35:00",
  "value" : "10"
},{
  "dateTime" : "08/30/12 08:41:00",
  "value" : "10"
},{
  "dateTime" : "08/30/12 08:42:00",
  "value" : "10"
},{
  "dateTime" : "08/30/12 08:47:00",
  "value" : "10"
},{
  "dateTime" : "08/30/12 09:20:00",
  "value" : "30"
},{
  "dateTime" : "08/30/12 09:21:00",
  "value" : "40"
},{
  "dateTime" : "08/30/12 09:22:00",
  "value" : "40"
},{
  "dateTime" : "08/30/12 14:24:00",
  "value" : "10"
},{
  "dateTime" : "08/30/12 14:25:00",
  "value" : "40"
},{
  "dateTime" : "08/30/12 14:26:00",
  "value" : "50"
},{
  "dateTime" : "08/30/12 18:16:00",
  "value" : "10"
},{
  "dateTime" : "08/30/12 20:40:00",
  "value" : "10"
},{
  "dateTime" : "08/30/12 20:49:00",
  "value" : "10"
},{
  "dateTime" : "08/30/12 20:56:00",
  "value" : "10"
},{
  "dateTime" : "08/31/12 00:05:00",
  "value" : "10"
},{
  "dateTime" : "08/31/12 08:25:00",
  "value" : "10"
},{
  "dateTime" : "08/31/12 09:13:00",
  "value" : "30"
},{
  "dateTime" : "08/31/12 09:14:00",
  "value" : "40"
},{
  "dateTime" : "08/31/12 09:15:00",
  "value" : "30"
},{
  "dateTime" : "08/31/12 18:38:00",
  "value" : "10"
},{
  "dateTime" : "08/31/12 20:19:00",
  "value" : "10"
},{
  "dateTime" : "08/31/12 20:20:00",
  "value" : "10"
},{
  "dateTime" : "08/31/12 20:57:00",
  "value" : "10"
},{
  "dateTime" : "09/01/12 08:15:00",
  "value" : "10"
},{
  "dateTime" : "09/01/12 09:24:00",
  "value" : "10"
},{
  "dateTime" : "09/01/12 10:41:00",
  "value" : "10"
},{
  "dateTime" : "09/01/12 10:46:00",
  "value" : "10"
},{
  "dateTime" : "09/01/12 10:47:00",
  "value" : "10"
},{
  "dateTime" : "09/01/12 11:16:00",
  "value" : "10"
},{
  "dateTime" : "09/01/12 11:26:00",
  "value" : "10"
},{
  "dateTime" : "09/01/12 11:57:00",
  "value" : "10"
},{
  "dateTime" : "09/01/12 15:30:00",
  "value" : "10"
},{
  "dateTime" : "09/01/12 16:22:00",
  "value" : "10"
},{
  "dateTime" : "09/01/12 19:12:00",
  "value" : "10"
},{
  "dateTime" : "09/01/12 19:13:00",
  "value" : "10"
},{
  "dateTime" : "09/01/12 19:17:00",
  "value" : "10"
},{
  "dateTime" : "09/01/12 20:05:00",
  "value" : "10"
},{
  "dateTime" : "09/01/12 20:21:00",
  "value" : "10"
},{
  "dateTime" : "09/01/12 21:00:00",
  "value" : "10"
},{
  "dateTime" : "09/01/12 21:04:00",
  "value" : "10"
},{
  "dateTime" : "09/01/12 21:20:00",
  "value" : "10"
},{
  "dateTime" : "09/01/12 22:10:00",
  "value" : "10"
},{
  "dateTime" : "09/02/12 02:39:00",
  "value" : "10"
},{
  "dateTime" : "09/02/12 11:23:00",
  "value" : "10"
},{
  "dateTime" : "09/02/12 13:27:00",
  "value" : "10"
},{
  "dateTime" : "09/02/12 17:46:00",
  "value" : "10"
},{
  "dateTime" : "09/02/12 19:24:00",
  "value" : "10"
},{
  "dateTime" : "09/02/12 19:25:00",
  "value" : "10"
},{
  "dateTime" : "09/02/12 20:54:00",
  "value" : "10"
},{
  "dateTime" : "09/02/12 21:12:00",
  "value" : "10"
},{
  "dateTime" : "09/03/12 01:32:00",
  "value" : "10"
},{
  "dateTime" : "09/03/12 09:07:00",
  "value" : "10"
},{
  "dateTime" : "09/03/12 11:19:00",
  "value" : "10"
},{
  "dateTime" : "09/03/12 13:25:00",
  "value" : "10"
},{
  "dateTime" : "09/03/12 14:43:00",
  "value" : "10"
},{
  "dateTime" : "09/03/12 18:18:00",
  "value" : "10"
},{
  "dateTime" : "09/03/12 18:59:00",
  "value" : "10"
},{
  "dateTime" : "09/03/12 19:56:00",
  "value" : "10"
},{
  "dateTime" : "09/03/12 20:09:00",
  "value" : "10"
},{
  "dateTime" : "09/03/12 20:29:00",
  "value" : "10"
},{
  "dateTime" : "09/03/12 20:32:00",
  "value" : "10"
},{
  "dateTime" : "09/04/12 01:00:00",
  "value" : "10"
},{
  "dateTime" : "09/04/12 07:38:00",
  "value" : "10"
},{
  "dateTime" : "09/04/12 08:03:00",
  "value" : "10"
},{
  "dateTime" : "09/04/12 09:05:00",
  "value" : "40"
},{
  "dateTime" : "09/04/12 09:06:00",
  "value" : "30"
},{
  "dateTime" : "09/04/12 09:07:00",
  "value" : "30"
},{
  "dateTime" : "09/04/12 12:24:00",
  "value" : "20"
},{
  "dateTime" : "09/04/12 12:39:00",
  "value" : "40"
},{
  "dateTime" : "09/04/12 12:40:00",
  "value" : "40"
},{
  "dateTime" : "09/04/12 12:41:00",
  "value" : "20"
},{
  "dateTime" : "09/04/12 16:17:00",
  "value" : "10"
},{
  "dateTime" : "09/04/12 16:18:00",
  "value" : "50"
},{
  "dateTime" : "09/04/12 16:19:00",
  "value" : "40"
},{
  "dateTime" : "09/04/12 18:06:00",
  "value" : "10"
},{
  "dateTime" : "09/04/12 18:18:00",
  "value" : "10"
},{
  "dateTime" : "09/04/12 18:23:00",
  "value" : "10"
},{
  "dateTime" : "09/04/12 19:21:00",
  "value" : "10"
},{
  "dateTime" : "09/04/12 19:24:00",
  "value" : "10"
},{
  "dateTime" : "09/04/12 19:27:00",
  "value" : "10"
},{
  "dateTime" : "09/04/12 20:07:00",
  "value" : "10"
},{
  "dateTime" : "09/04/12 20:40:00",
  "value" : "10"
},{
  "dateTime" : "09/04/12 22:22:00",
  "value" : "10"
},{
  "dateTime" : "09/05/12 01:25:00",
  "value" : "10"
},{
  "dateTime" : "09/05/12 08:40:00",
  "value" : "10"
},{
  "dateTime" : "09/05/12 08:54:00",
  "value" : "10"
},{
  "dateTime" : "09/05/12 09:23:00",
  "value" : "30"
},{
  "dateTime" : "09/05/12 09:24:00",
  "value" : "40"
},{
  "dateTime" : "09/05/12 09:25:00",
  "value" : "30"
},{
  "dateTime" : "09/05/12 19:56:00",
  "value" : "10"
},{
  "dateTime" : "09/05/12 20:08:00",
  "value" : "10"
},{
  "dateTime" : "09/06/12 00:18:00",
  "value" : "10"
},{
  "dateTime" : "09/06/12 07:54:00",
  "value" : "10"
},{
  "dateTime" : "09/06/12 08:56:00",
  "value" : "10"
},{
  "dateTime" : "09/06/12 09:03:00",
  "value" : "10"
},{
  "dateTime" : "09/06/12 20:01:00",
  "value" : "10"
},{
  "dateTime" : "09/06/12 20:14:00",
  "value" : "10"
},{
  "dateTime" : "09/06/12 20:44:00",
  "value" : "10"
},{
  "dateTime" : "09/06/12 20:56:00",
  "value" : "10"
},{
  "dateTime" : "09/06/12 22:17:00",
  "value" : "10"
},{
  "dateTime" : "09/07/12 00:21:00",
  "value" : "10"
},{
  "dateTime" : "09/07/12 08:38:00",
  "value" : "10"
},{
  "dateTime" : "09/07/12 08:46:00",
  "value" : "10"
},{
  "dateTime" : "09/07/12 09:20:00",
  "value" : "10"
},{
  "dateTime" : "09/07/12 09:21:00",
  "value" : "40"
},{
  "dateTime" : "09/07/12 09:22:00",
  "value" : "40"
},{
  "dateTime" : "09/07/12 09:23:00",
  "value" : "10"
},{
  "dateTime" : "09/07/12 19:42:00",
  "value" : "10"
},{
  "dateTime" : "09/08/12 10:19:00",
  "value" : "10"
},{
  "dateTime" : "09/08/12 14:58:00",
  "value" : "10"
},{
  "dateTime" : "09/08/12 20:24:00",
  "value" : "10"
},{
  "dateTime" : "09/08/12 20:47:00",
  "value" : "10"
},{
  "dateTime" : "09/08/12 20:53:00",
  "value" : "10"
},{
  "dateTime" : "09/08/12 21:44:00",
  "value" : "10"
},{
  "dateTime" : "09/08/12 22:37:00",
  "value" : "10"
},{
  "dateTime" : "09/09/12 01:19:00",
  "value" : "10"
},{
  "dateTime" : "09/09/12 08:18:00",
  "value" : "10"
},{
  "dateTime" : "09/09/12 08:30:00",
  "value" : "10"
},{
  "dateTime" : "09/09/12 19:14:00",
  "value" : "10"
},{
  "dateTime" : "09/09/12 19:38:00",
  "value" : "10"
},{
  "dateTime" : "09/09/12 20:38:00",
  "value" : "10"
},{
  "dateTime" : "09/09/12 22:41:00",
  "value" : "10"
},{
  "dateTime" : "09/10/12 07:16:00",
  "value" : "10"
},{
  "dateTime" : "09/10/12 08:11:00",
  "value" : "10"
},{
  "dateTime" : "09/10/12 09:15:00",
  "value" : "30"
},{
  "dateTime" : "09/10/12 09:16:00",
  "value" : "40"
},{
  "dateTime" : "09/10/12 09:17:00",
  "value" : "30"
},{
  "dateTime" : "09/10/12 15:51:00",
  "value" : "50"
},{
  "dateTime" : "09/10/12 15:52:00",
  "value" : "40"
},{
  "dateTime" : "09/10/12 15:53:00",
  "value" : "10"
},{
  "dateTime" : "09/10/12 20:04:00",
  "value" : "10"
},{
  "dateTime" : "09/10/12 21:36:00",
  "value" : "10"
},{
  "dateTime" : "09/10/12 22:36:00",
  "value" : "10"
},{
  "dateTime" : "09/11/12 06:28:00",
  "value" : "10"
},{
  "dateTime" : "09/11/12 08:10:00",
  "value" : "10"
},{
  "dateTime" : "09/11/12 08:37:00",
  "value" : "10"
},{
  "dateTime" : "09/11/12 08:56:00",
  "value" : "10"
},{
  "dateTime" : "09/11/12 09:34:00",
  "value" : "40"
},{
  "dateTime" : "09/11/12 09:35:00",
  "value" : "40"
},{
  "dateTime" : "09/11/12 09:36:00",
  "value" : "30"
},{
  "dateTime" : "09/11/12 18:10:00",
  "value" : "10"
},{
  "dateTime" : "09/11/12 19:58:00",
  "value" : "10"
},{
  "dateTime" : "09/11/12 20:08:00",
  "value" : "10"
},{
  "dateTime" : "09/11/12 21:06:00",
  "value" : "10"
},{
  "dateTime" : "09/11/12 23:11:00",
  "value" : "10"
},{
  "dateTime" : "09/12/12 00:51:00",
  "value" : "10"
},{
  "dateTime" : "09/12/12 07:27:00",
  "value" : "10"
},{
  "dateTime" : "09/12/12 08:16:00",
  "value" : "10"
},{
  "dateTime" : "09/12/12 08:24:00",
  "value" : "10"
},{
  "dateTime" : "09/12/12 08:25:00",
  "value" : "10"
},{
  "dateTime" : "09/12/12 09:25:00",
  "value" : "40"
},{
  "dateTime" : "09/12/12 09:26:00",
  "value" : "40"
},{
  "dateTime" : "09/12/12 09:27:00",
  "value" : "20"
},{
  "dateTime" : "09/12/12 16:08:00",
  "value" : "10"
},{
  "dateTime" : "09/12/12 16:45:00",
  "value" : "10"
},{
  "dateTime" : "09/12/12 16:58:00",
  "value" : "10"
},{
  "dateTime" : "09/13/12 00:07:00",
  "value" : "10"
},{
  "dateTime" : "09/13/12 00:09:00",
  "value" : "10"
},{
  "dateTime" : "09/13/12 09:41:00",
  "value" : "10"
},{
  "dateTime" : "09/13/12 09:58:00",
  "value" : "10"
},{
  "dateTime" : "09/13/12 11:17:00",
  "value" : "10"
},{
  "dateTime" : "09/13/12 11:30:00",
  "value" : "10"
},{
  "dateTime" : "09/13/12 14:49:00",
  "value" : "10"
},{
  "dateTime" : "09/13/12 14:50:00",
  "value" : "10"
},{
  "dateTime" : "09/13/12 16:00:00",
  "value" : "10"
},{
  "dateTime" : "09/13/12 16:32:00",
  "value" : "10"
},{
  "dateTime" : "09/14/12 10:37:00",
  "value" : "10"
},{
  "dateTime" : "09/14/12 11:07:00",
  "value" : "10"
},{
  "dateTime" : "09/14/12 12:33:00",
  "value" : "10"
},{
  "dateTime" : "09/14/12 16:53:00",
  "value" : "10"
},{
  "dateTime" : "09/14/12 22:35:00",
  "value" : "10"
},{
  "dateTime" : "09/15/12 09:29:00",
  "value" : "10"
},{
  "dateTime" : "09/15/12 17:13:00",
  "value" : "10"
},{
  "dateTime" : "09/15/12 18:53:00",
  "value" : "10"
},{
  "dateTime" : "09/15/12 19:07:00",
  "value" : "10"
},{
  "dateTime" : "09/15/12 19:08:00",
  "value" : "10"
},{
  "dateTime" : "09/15/12 19:21:00",
  "value" : "20"
},{
  "dateTime" : "09/15/12 19:30:00",
  "value" : "10"
},{
  "dateTime" : "09/15/12 20:11:00",
  "value" : "10"
},{
  "dateTime" : "09/15/12 20:47:00",
  "value" : "10"
},{
  "dateTime" : "09/15/12 21:10:00",
  "value" : "10"
},{
  "dateTime" : "09/16/12 20:04:00",
  "value" : "10"
},{
  "dateTime" : "09/16/12 20:22:00",
  "value" : "10"
},{
  "dateTime" : "09/16/12 22:25:00",
  "value" : "10"
},{
  "dateTime" : "09/17/12 07:46:00",
  "value" : "10"
},{
  "dateTime" : "09/17/12 08:51:00",
  "value" : "10"
},{
  "dateTime" : "09/17/12 09:11:00",
  "value" : "30"
},{
  "dateTime" : "09/17/12 09:12:00",
  "value" : "50"
},{
  "dateTime" : "09/17/12 09:13:00",
  "value" : "20"
},{
  "dateTime" : "09/17/12 15:05:00",
  "value" : "30"
},{
  "dateTime" : "09/17/12 15:06:00",
  "value" : "40"
},{
  "dateTime" : "09/17/12 15:07:00",
  "value" : "40"
},{
  "dateTime" : "09/17/12 21:51:00",
  "value" : "10"
},{
  "dateTime" : "09/18/12 07:22:00",
  "value" : "10"
},{
  "dateTime" : "09/18/12 08:08:00",
  "value" : "10"
},{
  "dateTime" : "09/18/12 09:02:00",
  "value" : "10"
},{
  "dateTime" : "09/18/12 09:03:00",
  "value" : "30"
},{
  "dateTime" : "09/18/12 09:04:00",
  "value" : "50"
},{
  "dateTime" : "09/18/12 09:05:00",
  "value" : "20"
},{
  "dateTime" : "09/18/12 11:35:00",
  "value" : "10"
},{
  "dateTime" : "09/18/12 11:40:00",
  "value" : "30"
},{
  "dateTime" : "09/18/12 11:41:00",
  "value" : "50"
},{
  "dateTime" : "09/18/12 11:42:00",
  "value" : "30"
},{
  "dateTime" : "09/18/12 13:39:00",
  "value" : "10"
},{
  "dateTime" : "09/18/12 14:46:00",
  "value" : "10"
},{
  "dateTime" : "09/18/12 15:45:00",
  "value" : "10"
},{
  "dateTime" : "09/18/12 17:53:00",
  "value" : "10"
},{
  "dateTime" : "09/18/12 19:42:00",
  "value" : "10"
},{
  "dateTime" : "09/18/12 19:46:00",
  "value" : "10"
},{
  "dateTime" : "09/18/12 21:13:00",
  "value" : "10"
},{
  "dateTime" : "09/18/12 23:52:00",
  "value" : "10"
},{
  "dateTime" : "09/19/12 01:08:00",
  "value" : "10"
},{
  "dateTime" : "09/19/12 08:07:00",
  "value" : "10"
},{
  "dateTime" : "09/19/12 08:32:00",
  "value" : "10"
},{
  "dateTime" : "09/19/12 18:15:00",
  "value" : "10"
},{
  "dateTime" : "09/19/12 18:23:00",
  "value" : "10"
},{
  "dateTime" : "09/19/12 19:03:00",
  "value" : "10"
},{
  "dateTime" : "09/19/12 21:09:00",
  "value" : "10"
},{
  "dateTime" : "09/19/12 23:50:00",
  "value" : "10"
},{
  "dateTime" : "09/20/12 00:43:00",
  "value" : "10"
},{
  "dateTime" : "09/20/12 07:29:00",
  "value" : "10"
},{
  "dateTime" : "09/20/12 07:43:00",
  "value" : "10"
},{
  "dateTime" : "09/20/12 07:47:00",
  "value" : "10"
},{
  "dateTime" : "09/20/12 07:54:00",
  "value" : "10"
},{
  "dateTime" : "09/20/12 08:00:00",
  "value" : "10"
},{
  "dateTime" : "09/20/12 08:09:00",
  "value" : "10"
},{
  "dateTime" : "09/20/12 08:11:00",
  "value" : "10"
},{
  "dateTime" : "09/20/12 08:25:00",
  "value" : "10"
},{
  "dateTime" : "09/20/12 08:56:00",
  "value" : "10"
},{
  "dateTime" : "09/20/12 08:57:00",
  "value" : "10"
},{
  "dateTime" : "09/20/12 08:58:00",
  "value" : "40"
},{
  "dateTime" : "09/20/12 08:59:00",
  "value" : "40"
},{
  "dateTime" : "09/20/12 09:00:00",
  "value" : "20"
},{
  "dateTime" : "09/20/12 18:09:00",
  "value" : "10"
},{
  "dateTime" : "09/20/12 20:03:00",
  "value" : "10"
},{
  "dateTime" : "09/20/12 20:10:00",
  "value" : "10"
},{
  "dateTime" : "09/20/12 20:28:00",
  "value" : "10"
},{
  "dateTime" : "09/20/12 20:43:00",
  "value" : "10"
},{
  "dateTime" : "09/20/12 20:51:00",
  "value" : "10"
},{
  "dateTime" : "09/20/12 20:55:00",
  "value" : "10"
},{
  "dateTime" : "09/20/12 21:04:00",
  "value" : "10"
},{
  "dateTime" : "09/20/12 22:25:00",
  "value" : "10"
},{
  "dateTime" : "09/20/12 22:34:00",
  "value" : "10"
},{
  "dateTime" : "09/20/12 22:36:00",
  "value" : "10"
},{
  "dateTime" : "09/20/12 23:23:00",
  "value" : "10"
},{
  "dateTime" : "09/21/12 08:33:00",
  "value" : "10"
},{
  "dateTime" : "09/21/12 09:31:00",
  "value" : "10"
},{
  "dateTime" : "09/21/12 09:48:00",
  "value" : "10"
},{
  "dateTime" : "09/21/12 09:57:00",
  "value" : "10"
},{
  "dateTime" : "09/21/12 10:15:00",
  "value" : "10"
},{
  "dateTime" : "09/21/12 10:35:00",
  "value" : "10"
},{
  "dateTime" : "09/21/12 12:48:00",
  "value" : "10"
},{
  "dateTime" : "09/21/12 15:18:00",
  "value" : "10"
},{
  "dateTime" : "09/21/12 18:51:00",
  "value" : "10"
},{
  "dateTime" : "09/21/12 19:04:00",
  "value" : "10"
},{
  "dateTime" : "09/21/12 23:39:00",
  "value" : "10"
}]