[{
  "dateTime" : "09/12/14 00:50:00",
  "value" : "10"
},{
  "dateTime" : "09/12/14 12:52:00",
  "value" : "10"
},{
  "dateTime" : "09/12/14 16:00:00",
  "value" : "10"
},{
  "dateTime" : "09/12/14 17:45:00",
  "value" : "10"
},{
  "dateTime" : "09/12/14 17:46:00",
  "value" : "10"
},{
  "dateTime" : "09/12/14 18:07:00",
  "value" : "10"
},{
  "dateTime" : "09/12/14 18:08:00",
  "value" : "10"
},{
  "dateTime" : "09/12/14 18:51:00",
  "value" : "10"
},{
  "dateTime" : "09/12/14 20:17:00",
  "value" : "10"
},{
  "dateTime" : "09/12/14 20:18:00",
  "value" : "10"
},{
  "dateTime" : "09/12/14 22:56:00",
  "value" : "10"
},{
  "dateTime" : "09/12/14 23:59:00",
  "value" : "10"
},{
  "dateTime" : "09/13/14 00:00:00",
  "value" : "10"
},{
  "dateTime" : "09/13/14 01:10:00",
  "value" : "10"
},{
  "dateTime" : "09/13/14 13:33:00",
  "value" : "10"
},{
  "dateTime" : "09/13/14 13:34:00",
  "value" : "10"
},{
  "dateTime" : "09/13/14 13:35:00",
  "value" : "10"
},{
  "dateTime" : "09/13/14 14:53:00",
  "value" : "10"
},{
  "dateTime" : "09/13/14 18:34:00",
  "value" : "10"
},{
  "dateTime" : "09/13/14 18:35:00",
  "value" : "10"
},{
  "dateTime" : "09/13/14 21:46:00",
  "value" : "10"
},{
  "dateTime" : "09/13/14 22:07:00",
  "value" : "10"
},{
  "dateTime" : "09/13/14 22:08:00",
  "value" : "10"
},{
  "dateTime" : "09/13/14 22:49:00",
  "value" : "10"
},{
  "dateTime" : "09/14/14 00:07:00",
  "value" : "10"
},{
  "dateTime" : "09/14/14 11:39:00",
  "value" : "10"
},{
  "dateTime" : "09/14/14 11:40:00",
  "value" : "10"
},{
  "dateTime" : "09/14/14 13:05:00",
  "value" : "10"
},{
  "dateTime" : "09/14/14 13:06:00",
  "value" : "10"
},{
  "dateTime" : "09/14/14 13:39:00",
  "value" : "10"
},{
  "dateTime" : "09/14/14 17:20:00",
  "value" : "10"
},{
  "dateTime" : "09/14/14 18:16:00",
  "value" : "20"
},{
  "dateTime" : "09/14/14 18:17:00",
  "value" : "10"
},{
  "dateTime" : "09/14/14 18:54:00",
  "value" : "10"
},{
  "dateTime" : "09/14/14 19:20:00",
  "value" : "10"
},{
  "dateTime" : "09/14/14 19:21:00",
  "value" : "10"
},{
  "dateTime" : "09/14/14 19:34:00",
  "value" : "10"
},{
  "dateTime" : "09/14/14 19:39:00",
  "value" : "10"
},{
  "dateTime" : "09/14/14 21:29:00",
  "value" : "10"
},{
  "dateTime" : "09/14/14 22:41:00",
  "value" : "10"
},{
  "dateTime" : "09/14/14 23:39:00",
  "value" : "10"
},{
  "dateTime" : "09/15/14 01:54:00",
  "value" : "10"
},{
  "dateTime" : "09/15/14 03:09:00",
  "value" : "10"
},{
  "dateTime" : "09/15/14 09:58:00",
  "value" : "10"
},{
  "dateTime" : "09/15/14 09:59:00",
  "value" : "10"
},{
  "dateTime" : "09/15/14 10:00:00",
  "value" : "10"
},{
  "dateTime" : "09/15/14 10:43:00",
  "value" : "60"
},{
  "dateTime" : "09/15/14 14:00:00",
  "value" : "10"
},{
  "dateTime" : "09/15/14 14:01:00",
  "value" : "10"
},{
  "dateTime" : "09/15/14 14:02:00",
  "value" : "10"
},{
  "dateTime" : "09/15/14 15:23:00",
  "value" : "10"
},{
  "dateTime" : "09/15/14 16:09:00",
  "value" : "10"
},{
  "dateTime" : "09/15/14 16:10:00",
  "value" : "10"
},{
  "dateTime" : "09/15/14 16:55:00",
  "value" : "10"
},{
  "dateTime" : "09/15/14 17:24:00",
  "value" : "10"
},{
  "dateTime" : "09/15/14 18:42:00",
  "value" : "10"
},{
  "dateTime" : "09/15/14 19:51:00",
  "value" : "10"
},{
  "dateTime" : "09/15/14 19:52:00",
  "value" : "10"
},{
  "dateTime" : "09/16/14 05:46:00",
  "value" : "10"
},{
  "dateTime" : "09/16/14 14:16:00",
  "value" : "10"
},{
  "dateTime" : "09/16/14 15:35:00",
  "value" : "10"
},{
  "dateTime" : "09/16/14 19:23:00",
  "value" : "10"
},{
  "dateTime" : "09/17/14 00:28:00",
  "value" : "10"
},{
  "dateTime" : "09/17/14 12:16:00",
  "value" : "10"
},{
  "dateTime" : "09/17/14 12:41:00",
  "value" : "10"
},{
  "dateTime" : "09/17/14 13:10:00",
  "value" : "10"
},{
  "dateTime" : "09/17/14 13:11:00",
  "value" : "10"
},{
  "dateTime" : "09/17/14 14:33:00",
  "value" : "10"
},{
  "dateTime" : "09/17/14 17:59:00",
  "value" : "10"
},{
  "dateTime" : "09/17/14 20:02:00",
  "value" : "10"
},{
  "dateTime" : "09/17/14 20:03:00",
  "value" : "10"
},{
  "dateTime" : "09/18/14 06:54:00",
  "value" : "10"
},{
  "dateTime" : "09/18/14 08:34:00",
  "value" : "10"
},{
  "dateTime" : "09/18/14 08:36:00",
  "value" : "10"
},{
  "dateTime" : "09/18/14 08:37:00",
  "value" : "10"
},{
  "dateTime" : "09/18/14 09:17:00",
  "value" : "10"
},{
  "dateTime" : "09/18/14 10:08:00",
  "value" : "10"
},{
  "dateTime" : "09/18/14 10:31:00",
  "value" : "10"
},{
  "dateTime" : "09/18/14 15:26:00",
  "value" : "10"
},{
  "dateTime" : "09/18/14 17:15:00",
  "value" : "10"
},{
  "dateTime" : "09/18/14 18:04:00",
  "value" : "10"
},{
  "dateTime" : "09/18/14 18:07:00",
  "value" : "10"
},{
  "dateTime" : "09/18/14 19:09:00",
  "value" : "10"
},{
  "dateTime" : "09/18/14 19:48:00",
  "value" : "10"
},{
  "dateTime" : "09/18/14 20:29:00",
  "value" : "10"
},{
  "dateTime" : "09/18/14 20:54:00",
  "value" : "10"
},{
  "dateTime" : "09/19/14 01:41:00",
  "value" : "10"
},{
  "dateTime" : "09/19/14 08:13:00",
  "value" : "10"
},{
  "dateTime" : "09/19/14 14:45:00",
  "value" : "10"
},{
  "dateTime" : "09/19/14 16:01:00",
  "value" : "10"
},{
  "dateTime" : "09/19/14 16:46:00",
  "value" : "10"
},{
  "dateTime" : "09/19/14 18:10:00",
  "value" : "10"
},{
  "dateTime" : "09/19/14 19:19:00",
  "value" : "10"
},{
  "dateTime" : "09/19/14 19:44:00",
  "value" : "10"
},{
  "dateTime" : "09/19/14 19:45:00",
  "value" : "10"
},{
  "dateTime" : "09/19/14 20:51:00",
  "value" : "10"
},{
  "dateTime" : "09/19/14 21:52:00",
  "value" : "10"
},{
  "dateTime" : "09/19/14 23:26:00",
  "value" : "10"
},{
  "dateTime" : "09/20/14 01:54:00",
  "value" : "10"
},{
  "dateTime" : "09/20/14 08:47:00",
  "value" : "10"
},{
  "dateTime" : "09/20/14 08:48:00",
  "value" : "10"
},{
  "dateTime" : "09/20/14 14:03:00",
  "value" : "10"
},{
  "dateTime" : "09/20/14 14:52:00",
  "value" : "10"
},{
  "dateTime" : "09/20/14 14:53:00",
  "value" : "10"
},{
  "dateTime" : "09/20/14 14:54:00",
  "value" : "20"
},{
  "dateTime" : "09/20/14 16:05:00",
  "value" : "10"
},{
  "dateTime" : "09/20/14 17:19:00",
  "value" : "10"
},{
  "dateTime" : "09/20/14 18:07:00",
  "value" : "10"
},{
  "dateTime" : "09/20/14 22:11:00",
  "value" : "10"
},{
  "dateTime" : "09/21/14 00:37:00",
  "value" : "10"
},{
  "dateTime" : "09/21/14 07:41:00",
  "value" : "10"
},{
  "dateTime" : "09/21/14 11:55:00",
  "value" : "10"
},{
  "dateTime" : "09/21/14 12:23:00",
  "value" : "10"
},{
  "dateTime" : "09/21/14 13:01:00",
  "value" : "10"
},{
  "dateTime" : "09/21/14 13:45:00",
  "value" : "10"
},{
  "dateTime" : "09/21/14 13:46:00",
  "value" : "10"
},{
  "dateTime" : "09/21/14 14:27:00",
  "value" : "10"
},{
  "dateTime" : "09/21/14 14:50:00",
  "value" : "10"
},{
  "dateTime" : "09/21/14 15:00:00",
  "value" : "20"
},{
  "dateTime" : "09/21/14 15:20:00",
  "value" : "10"
},{
  "dateTime" : "09/21/14 15:21:00",
  "value" : "10"
},{
  "dateTime" : "09/21/14 16:05:00",
  "value" : "10"
},{
  "dateTime" : "09/21/14 16:06:00",
  "value" : "10"
},{
  "dateTime" : "09/21/14 20:34:00",
  "value" : "10"
},{
  "dateTime" : "09/21/14 21:02:00",
  "value" : "10"
},{
  "dateTime" : "09/21/14 21:11:00",
  "value" : "10"
},{
  "dateTime" : "09/21/14 21:40:00",
  "value" : "10"
},{
  "dateTime" : "09/21/14 23:47:00",
  "value" : "10"
},{
  "dateTime" : "09/22/14 08:20:00",
  "value" : "10"
},{
  "dateTime" : "09/22/14 09:13:00",
  "value" : "10"
},{
  "dateTime" : "09/22/14 15:56:00",
  "value" : "10"
},{
  "dateTime" : "09/22/14 16:36:00",
  "value" : "10"
},{
  "dateTime" : "09/22/14 16:56:00",
  "value" : "10"
},{
  "dateTime" : "09/22/14 16:57:00",
  "value" : "10"
},{
  "dateTime" : "09/22/14 18:56:00",
  "value" : "10"
},{
  "dateTime" : "09/22/14 20:33:00",
  "value" : "10"
},{
  "dateTime" : "09/22/14 20:34:00",
  "value" : "10"
},{
  "dateTime" : "09/22/14 21:10:00",
  "value" : "10"
},{
  "dateTime" : "09/22/14 21:51:00",
  "value" : "10"
},{
  "dateTime" : "09/23/14 08:24:00",
  "value" : "10"
},{
  "dateTime" : "09/23/14 08:42:00",
  "value" : "10"
},{
  "dateTime" : "09/23/14 08:43:00",
  "value" : "10"
},{
  "dateTime" : "09/23/14 09:05:00",
  "value" : "10"
},{
  "dateTime" : "09/23/14 12:32:00",
  "value" : "10"
},{
  "dateTime" : "09/23/14 13:37:00",
  "value" : "10"
},{
  "dateTime" : "09/23/14 13:38:00",
  "value" : "10"
},{
  "dateTime" : "09/23/14 13:39:00",
  "value" : "10"
},{
  "dateTime" : "09/23/14 15:47:00",
  "value" : "10"
},{
  "dateTime" : "09/23/14 17:00:00",
  "value" : "10"
},{
  "dateTime" : "09/23/14 18:19:00",
  "value" : "10"
},{
  "dateTime" : "09/23/14 18:20:00",
  "value" : "10"
},{
  "dateTime" : "09/23/14 18:27:00",
  "value" : "10"
},{
  "dateTime" : "09/23/14 18:28:00",
  "value" : "10"
},{
  "dateTime" : "09/23/14 18:29:00",
  "value" : "10"
},{
  "dateTime" : "09/23/14 18:30:00",
  "value" : "30"
},{
  "dateTime" : "09/23/14 18:31:00",
  "value" : "20"
},{
  "dateTime" : "09/23/14 18:32:00",
  "value" : "10"
},{
  "dateTime" : "09/23/14 18:33:00",
  "value" : "20"
},{
  "dateTime" : "09/23/14 18:34:00",
  "value" : "20"
},{
  "dateTime" : "09/23/14 20:00:00",
  "value" : "10"
},{
  "dateTime" : "09/23/14 20:59:00",
  "value" : "10"
},{
  "dateTime" : "09/23/14 21:17:00",
  "value" : "10"
},{
  "dateTime" : "09/23/14 21:18:00",
  "value" : "10"
},{
  "dateTime" : "09/24/14 01:37:00",
  "value" : "10"
},{
  "dateTime" : "09/24/14 08:03:00",
  "value" : "10"
},{
  "dateTime" : "09/24/14 08:04:00",
  "value" : "10"
},{
  "dateTime" : "09/24/14 08:05:00",
  "value" : "10"
},{
  "dateTime" : "09/24/14 10:54:00",
  "value" : "10"
},{
  "dateTime" : "09/24/14 11:37:00",
  "value" : "10"
},{
  "dateTime" : "09/24/14 16:16:00",
  "value" : "10"
},{
  "dateTime" : "09/24/14 17:23:00",
  "value" : "10"
},{
  "dateTime" : "09/24/14 18:08:00",
  "value" : "10"
},{
  "dateTime" : "09/24/14 19:27:00",
  "value" : "10"
},{
  "dateTime" : "09/24/14 19:28:00",
  "value" : "10"
},{
  "dateTime" : "09/24/14 20:38:00",
  "value" : "10"
},{
  "dateTime" : "09/24/14 20:46:00",
  "value" : "10"
},{
  "dateTime" : "09/24/14 20:47:00",
  "value" : "10"
},{
  "dateTime" : "09/24/14 23:23:00",
  "value" : "10"
},{
  "dateTime" : "09/25/14 08:18:00",
  "value" : "10"
},{
  "dateTime" : "09/25/14 08:19:00",
  "value" : "10"
},{
  "dateTime" : "09/25/14 08:42:00",
  "value" : "10"
},{
  "dateTime" : "09/25/14 08:43:00",
  "value" : "10"
},{
  "dateTime" : "09/25/14 10:20:00",
  "value" : "20"
},{
  "dateTime" : "09/25/14 11:16:00",
  "value" : "10"
},{
  "dateTime" : "09/25/14 12:00:00",
  "value" : "10"
},{
  "dateTime" : "09/25/14 12:01:00",
  "value" : "10"
},{
  "dateTime" : "09/25/14 12:02:00",
  "value" : "10"
},{
  "dateTime" : "09/25/14 14:14:00",
  "value" : "10"
},{
  "dateTime" : "09/25/14 15:04:00",
  "value" : "10"
},{
  "dateTime" : "09/25/14 15:05:00",
  "value" : "10"
},{
  "dateTime" : "09/25/14 15:34:00",
  "value" : "10"
},{
  "dateTime" : "09/25/14 15:35:00",
  "value" : "10"
},{
  "dateTime" : "09/25/14 15:54:00",
  "value" : "10"
},{
  "dateTime" : "09/25/14 15:55:00",
  "value" : "10"
},{
  "dateTime" : "09/25/14 17:35:00",
  "value" : "10"
},{
  "dateTime" : "09/25/14 19:34:00",
  "value" : "10"
},{
  "dateTime" : "09/25/14 20:09:00",
  "value" : "10"
},{
  "dateTime" : "09/25/14 20:10:00",
  "value" : "10"
},{
  "dateTime" : "09/25/14 20:11:00",
  "value" : "10"
},{
  "dateTime" : "09/25/14 20:54:00",
  "value" : "10"
},{
  "dateTime" : "09/26/14 08:19:00",
  "value" : "10"
},{
  "dateTime" : "09/26/14 11:06:00",
  "value" : "10"
},{
  "dateTime" : "09/26/14 13:53:00",
  "value" : "10"
},{
  "dateTime" : "09/26/14 14:04:00",
  "value" : "10"
},{
  "dateTime" : "09/26/14 14:05:00",
  "value" : "10"
},{
  "dateTime" : "09/26/14 14:06:00",
  "value" : "10"
},{
  "dateTime" : "09/26/14 14:07:00",
  "value" : "20"
},{
  "dateTime" : "09/26/14 14:30:00",
  "value" : "10"
},{
  "dateTime" : "09/26/14 14:31:00",
  "value" : "40"
},{
  "dateTime" : "09/26/14 16:35:00",
  "value" : "10"
},{
  "dateTime" : "09/26/14 17:05:00",
  "value" : "10"
},{
  "dateTime" : "09/26/14 17:06:00",
  "value" : "10"
},{
  "dateTime" : "09/26/14 22:42:00",
  "value" : "10"
},{
  "dateTime" : "09/26/14 23:29:00",
  "value" : "10"
},{
  "dateTime" : "09/27/14 05:14:00",
  "value" : "10"
},{
  "dateTime" : "09/27/14 08:35:00",
  "value" : "10"
},{
  "dateTime" : "09/27/14 08:52:00",
  "value" : "10"
},{
  "dateTime" : "09/27/14 12:35:00",
  "value" : "10"
},{
  "dateTime" : "09/27/14 14:34:00",
  "value" : "20"
},{
  "dateTime" : "09/27/14 15:50:00",
  "value" : "10"
},{
  "dateTime" : "09/27/14 19:02:00",
  "value" : "10"
},{
  "dateTime" : "09/27/14 20:11:00",
  "value" : "10"
},{
  "dateTime" : "09/27/14 20:35:00",
  "value" : "10"
},{
  "dateTime" : "09/27/14 22:19:00",
  "value" : "10"
},{
  "dateTime" : "09/28/14 12:05:00",
  "value" : "10"
},{
  "dateTime" : "09/28/14 13:04:00",
  "value" : "10"
},{
  "dateTime" : "09/28/14 13:05:00",
  "value" : "10"
},{
  "dateTime" : "09/28/14 13:06:00",
  "value" : "20"
},{
  "dateTime" : "09/28/14 13:17:00",
  "value" : "10"
},{
  "dateTime" : "09/28/14 14:45:00",
  "value" : "10"
},{
  "dateTime" : "09/28/14 16:21:00",
  "value" : "10"
},{
  "dateTime" : "09/28/14 16:56:00",
  "value" : "10"
},{
  "dateTime" : "09/28/14 18:55:00",
  "value" : "10"
},{
  "dateTime" : "09/28/14 19:21:00",
  "value" : "10"
},{
  "dateTime" : "09/28/14 19:22:00",
  "value" : "10"
},{
  "dateTime" : "09/28/14 19:23:00",
  "value" : "10"
},{
  "dateTime" : "09/28/14 20:13:00",
  "value" : "10"
},{
  "dateTime" : "09/28/14 20:41:00",
  "value" : "10"
},{
  "dateTime" : "09/28/14 20:42:00",
  "value" : "10"
},{
  "dateTime" : "09/28/14 20:43:00",
  "value" : "10"
},{
  "dateTime" : "09/28/14 21:04:00",
  "value" : "10"
},{
  "dateTime" : "09/28/14 21:16:00",
  "value" : "10"
},{
  "dateTime" : "09/28/14 23:11:00",
  "value" : "10"
},{
  "dateTime" : "09/29/14 08:33:00",
  "value" : "10"
},{
  "dateTime" : "09/29/14 09:02:00",
  "value" : "10"
},{
  "dateTime" : "09/29/14 09:15:00",
  "value" : "10"
},{
  "dateTime" : "09/29/14 10:02:00",
  "value" : "10"
},{
  "dateTime" : "09/29/14 12:42:00",
  "value" : "10"
},{
  "dateTime" : "09/29/14 12:43:00",
  "value" : "10"
},{
  "dateTime" : "09/29/14 12:44:00",
  "value" : "10"
},{
  "dateTime" : "09/29/14 12:45:00",
  "value" : "10"
},{
  "dateTime" : "09/29/14 14:37:00",
  "value" : "10"
},{
  "dateTime" : "09/29/14 15:16:00",
  "value" : "10"
},{
  "dateTime" : "09/29/14 15:17:00",
  "value" : "20"
},{
  "dateTime" : "09/29/14 15:48:00",
  "value" : "10"
},{
  "dateTime" : "09/29/14 17:09:00",
  "value" : "10"
},{
  "dateTime" : "09/29/14 18:09:00",
  "value" : "10"
},{
  "dateTime" : "09/29/14 18:10:00",
  "value" : "10"
},{
  "dateTime" : "09/29/14 18:44:00",
  "value" : "10"
},{
  "dateTime" : "09/29/14 19:20:00",
  "value" : "10"
},{
  "dateTime" : "09/29/14 20:32:00",
  "value" : "10"
},{
  "dateTime" : "09/30/14 07:25:00",
  "value" : "10"
},{
  "dateTime" : "09/30/14 08:04:00",
  "value" : "10"
},{
  "dateTime" : "09/30/14 10:20:00",
  "value" : "10"
},{
  "dateTime" : "09/30/14 11:38:00",
  "value" : "10"
},{
  "dateTime" : "09/30/14 12:41:00",
  "value" : "50"
},{
  "dateTime" : "09/30/14 12:42:00",
  "value" : "10"
},{
  "dateTime" : "09/30/14 12:43:00",
  "value" : "10"
},{
  "dateTime" : "09/30/14 12:54:00",
  "value" : "10"
},{
  "dateTime" : "09/30/14 12:55:00",
  "value" : "20"
},{
  "dateTime" : "09/30/14 12:56:00",
  "value" : "30"
},{
  "dateTime" : "09/30/14 13:06:00",
  "value" : "20"
},{
  "dateTime" : "09/30/14 13:07:00",
  "value" : "10"
},{
  "dateTime" : "09/30/14 13:08:00",
  "value" : "10"
},{
  "dateTime" : "09/30/14 13:22:00",
  "value" : "10"
},{
  "dateTime" : "09/30/14 13:40:00",
  "value" : "10"
},{
  "dateTime" : "09/30/14 15:47:00",
  "value" : "10"
},{
  "dateTime" : "09/30/14 16:55:00",
  "value" : "10"
},{
  "dateTime" : "09/30/14 17:13:00",
  "value" : "10"
},{
  "dateTime" : "09/30/14 17:21:00",
  "value" : "20"
},{
  "dateTime" : "09/30/14 18:43:00",
  "value" : "10"
},{
  "dateTime" : "09/30/14 19:57:00",
  "value" : "10"
},{
  "dateTime" : "09/30/14 20:20:00",
  "value" : "10"
},{
  "dateTime" : "09/30/14 20:42:00",
  "value" : "20"
},{
  "dateTime" : "09/30/14 20:43:00",
  "value" : "20"
},{
  "dateTime" : "09/30/14 21:25:00",
  "value" : "20"
},{
  "dateTime" : "09/30/14 21:26:00",
  "value" : "20"
},{
  "dateTime" : "09/30/14 22:44:00",
  "value" : "10"
},{
  "dateTime" : "10/01/14 00:47:00",
  "value" : "10"
},{
  "dateTime" : "10/01/14 07:59:00",
  "value" : "10"
},{
  "dateTime" : "10/01/14 08:26:00",
  "value" : "10"
},{
  "dateTime" : "10/01/14 08:27:00",
  "value" : "10"
},{
  "dateTime" : "10/01/14 08:54:00",
  "value" : "10"
},{
  "dateTime" : "10/01/14 09:49:00",
  "value" : "10"
},{
  "dateTime" : "10/01/14 09:50:00",
  "value" : "10"
},{
  "dateTime" : "10/01/14 09:51:00",
  "value" : "10"
},{
  "dateTime" : "10/01/14 11:18:00",
  "value" : "10"
},{
  "dateTime" : "10/01/14 15:18:00",
  "value" : "10"
},{
  "dateTime" : "10/01/14 16:32:00",
  "value" : "10"
},{
  "dateTime" : "10/01/14 17:34:00",
  "value" : "10"
},{
  "dateTime" : "10/01/14 19:02:00",
  "value" : "10"
},{
  "dateTime" : "10/01/14 21:19:00",
  "value" : "10"
},{
  "dateTime" : "10/01/14 21:55:00",
  "value" : "10"
},{
  "dateTime" : "10/02/14 08:00:00",
  "value" : "10"
},{
  "dateTime" : "10/02/14 16:24:00",
  "value" : "10"
},{
  "dateTime" : "10/02/14 16:25:00",
  "value" : "10"
},{
  "dateTime" : "10/02/14 20:47:00",
  "value" : "10"
},{
  "dateTime" : "10/03/14 02:15:00",
  "value" : "10"
},{
  "dateTime" : "10/03/14 07:08:00",
  "value" : "10"
},{
  "dateTime" : "10/03/14 07:09:00",
  "value" : "10"
},{
  "dateTime" : "10/03/14 07:10:00",
  "value" : "10"
},{
  "dateTime" : "10/03/14 07:24:00",
  "value" : "10"
},{
  "dateTime" : "10/03/14 07:59:00",
  "value" : "10"
},{
  "dateTime" : "10/03/14 08:18:00",
  "value" : "10"
},{
  "dateTime" : "10/03/14 09:56:00",
  "value" : "10"
},{
  "dateTime" : "10/03/14 12:26:00",
  "value" : "10"
},{
  "dateTime" : "10/03/14 12:27:00",
  "value" : "10"
},{
  "dateTime" : "10/03/14 12:56:00",
  "value" : "10"
},{
  "dateTime" : "10/03/14 12:58:00",
  "value" : "10"
},{
  "dateTime" : "10/03/14 16:09:00",
  "value" : "10"
},{
  "dateTime" : "10/03/14 17:56:00",
  "value" : "10"
},{
  "dateTime" : "10/04/14 06:28:00",
  "value" : "10"
},{
  "dateTime" : "10/04/14 07:02:00",
  "value" : "10"
},{
  "dateTime" : "10/04/14 07:03:00",
  "value" : "10"
},{
  "dateTime" : "10/04/14 07:07:00",
  "value" : "10"
},{
  "dateTime" : "10/04/14 07:30:00",
  "value" : "10"
},{
  "dateTime" : "10/04/14 07:31:00",
  "value" : "10"
},{
  "dateTime" : "10/04/14 07:48:00",
  "value" : "10"
},{
  "dateTime" : "10/04/14 07:49:00",
  "value" : "10"
},{
  "dateTime" : "10/04/14 07:59:00",
  "value" : "10"
},{
  "dateTime" : "10/04/14 09:26:00",
  "value" : "10"
},{
  "dateTime" : "10/04/14 12:22:00",
  "value" : "10"
},{
  "dateTime" : "10/04/14 14:28:00",
  "value" : "10"
},{
  "dateTime" : "10/04/14 14:54:00",
  "value" : "10"
},{
  "dateTime" : "10/04/14 16:14:00",
  "value" : "10"
},{
  "dateTime" : "10/04/14 17:59:00",
  "value" : "10"
},{
  "dateTime" : "10/04/14 18:00:00",
  "value" : "10"
},{
  "dateTime" : "10/04/14 19:13:00",
  "value" : "10"
},{
  "dateTime" : "10/04/14 21:38:00",
  "value" : "10"
},{
  "dateTime" : "10/04/14 22:55:00",
  "value" : "10"
},{
  "dateTime" : "10/04/14 23:50:00",
  "value" : "10"
},{
  "dateTime" : "10/05/14 03:37:00",
  "value" : "10"
},{
  "dateTime" : "10/05/14 12:25:00",
  "value" : "10"
},{
  "dateTime" : "10/05/14 12:41:00",
  "value" : "10"
},{
  "dateTime" : "10/05/14 12:51:00",
  "value" : "10"
},{
  "dateTime" : "10/05/14 12:52:00",
  "value" : "10"
},{
  "dateTime" : "10/05/14 12:53:00",
  "value" : "10"
},{
  "dateTime" : "10/05/14 12:54:00",
  "value" : "10"
},{
  "dateTime" : "10/05/14 13:17:00",
  "value" : "10"
},{
  "dateTime" : "10/05/14 13:25:00",
  "value" : "10"
},{
  "dateTime" : "10/05/14 13:26:00",
  "value" : "10"
},{
  "dateTime" : "10/05/14 13:48:00",
  "value" : "10"
},{
  "dateTime" : "10/05/14 13:49:00",
  "value" : "10"
},{
  "dateTime" : "10/05/14 14:22:00",
  "value" : "10"
},{
  "dateTime" : "10/05/14 14:23:00",
  "value" : "10"
},{
  "dateTime" : "10/05/14 14:24:00",
  "value" : "10"
},{
  "dateTime" : "10/05/14 15:36:00",
  "value" : "10"
},{
  "dateTime" : "10/05/14 20:25:00",
  "value" : "10"
},{
  "dateTime" : "10/06/14 08:50:00",
  "value" : "10"
},{
  "dateTime" : "10/06/14 10:04:00",
  "value" : "10"
},{
  "dateTime" : "10/06/14 10:25:00",
  "value" : "10"
},{
  "dateTime" : "10/06/14 10:26:00",
  "value" : "10"
},{
  "dateTime" : "10/06/14 11:37:00",
  "value" : "10"
},{
  "dateTime" : "10/06/14 11:38:00",
  "value" : "10"
},{
  "dateTime" : "10/06/14 12:33:00",
  "value" : "10"
},{
  "dateTime" : "10/06/14 12:50:00",
  "value" : "10"
},{
  "dateTime" : "10/06/14 13:34:00",
  "value" : "10"
},{
  "dateTime" : "10/06/14 14:41:00",
  "value" : "10"
},{
  "dateTime" : "10/06/14 15:12:00",
  "value" : "10"
},{
  "dateTime" : "10/06/14 16:45:00",
  "value" : "10"
},{
  "dateTime" : "10/06/14 16:46:00",
  "value" : "10"
},{
  "dateTime" : "10/06/14 16:47:00",
  "value" : "10"
},{
  "dateTime" : "10/06/14 16:53:00",
  "value" : "10"
},{
  "dateTime" : "10/06/14 16:54:00",
  "value" : "10"
},{
  "dateTime" : "10/06/14 16:55:00",
  "value" : "10"
},{
  "dateTime" : "10/06/14 16:56:00",
  "value" : "10"
},{
  "dateTime" : "10/06/14 16:57:00",
  "value" : "10"
},{
  "dateTime" : "10/06/14 16:58:00",
  "value" : "10"
},{
  "dateTime" : "10/06/14 17:40:00",
  "value" : "10"
},{
  "dateTime" : "10/06/14 18:17:00",
  "value" : "10"
},{
  "dateTime" : "10/06/14 18:18:00",
  "value" : "10"
},{
  "dateTime" : "10/06/14 18:19:00",
  "value" : "10"
},{
  "dateTime" : "10/06/14 20:55:00",
  "value" : "10"
},{
  "dateTime" : "10/06/14 20:56:00",
  "value" : "10"
},{
  "dateTime" : "10/06/14 20:57:00",
  "value" : "10"
},{
  "dateTime" : "10/06/14 20:58:00",
  "value" : "10"
},{
  "dateTime" : "10/06/14 23:31:00",
  "value" : "10"
},{
  "dateTime" : "10/07/14 08:45:00",
  "value" : "10"
},{
  "dateTime" : "10/07/14 09:06:00",
  "value" : "10"
},{
  "dateTime" : "10/07/14 09:21:00",
  "value" : "10"
},{
  "dateTime" : "10/07/14 09:22:00",
  "value" : "10"
},{
  "dateTime" : "10/07/14 10:14:00",
  "value" : "10"
},{
  "dateTime" : "10/07/14 10:28:00",
  "value" : "10"
},{
  "dateTime" : "10/07/14 12:05:00",
  "value" : "10"
},{
  "dateTime" : "10/07/14 13:20:00",
  "value" : "10"
},{
  "dateTime" : "10/07/14 15:36:00",
  "value" : "10"
},{
  "dateTime" : "10/07/14 19:08:00",
  "value" : "10"
},{
  "dateTime" : "10/07/14 20:43:00",
  "value" : "10"
},{
  "dateTime" : "10/07/14 21:11:00",
  "value" : "10"
},{
  "dateTime" : "10/07/14 22:07:00",
  "value" : "20"
},{
  "dateTime" : "10/07/14 22:08:00",
  "value" : "30"
},{
  "dateTime" : "10/07/14 22:09:00",
  "value" : "10"
},{
  "dateTime" : "10/07/14 23:02:00",
  "value" : "10"
},{
  "dateTime" : "10/07/14 23:31:00",
  "value" : "10"
},{
  "dateTime" : "10/08/14 08:36:00",
  "value" : "10"
},{
  "dateTime" : "10/08/14 08:53:00",
  "value" : "10"
},{
  "dateTime" : "10/08/14 09:01:00",
  "value" : "20"
},{
  "dateTime" : "10/08/14 09:26:00",
  "value" : "10"
},{
  "dateTime" : "10/08/14 09:27:00",
  "value" : "10"
},{
  "dateTime" : "10/08/14 09:49:00",
  "value" : "10"
},{
  "dateTime" : "10/08/14 09:50:00",
  "value" : "20"
},{
  "dateTime" : "10/08/14 10:57:00",
  "value" : "10"
},{
  "dateTime" : "10/08/14 15:16:00",
  "value" : "10"
},{
  "dateTime" : "10/08/14 15:38:00",
  "value" : "10"
},{
  "dateTime" : "10/08/14 15:39:00",
  "value" : "10"
},{
  "dateTime" : "10/08/14 16:06:00",
  "value" : "10"
},{
  "dateTime" : "10/08/14 16:24:00",
  "value" : "10"
},{
  "dateTime" : "10/08/14 16:32:00",
  "value" : "10"
},{
  "dateTime" : "10/08/14 17:34:00",
  "value" : "10"
},{
  "dateTime" : "10/08/14 19:55:00",
  "value" : "10"
},{
  "dateTime" : "10/08/14 21:20:00",
  "value" : "10"
},{
  "dateTime" : "10/09/14 01:11:00",
  "value" : "10"
},{
  "dateTime" : "10/09/14 07:07:00",
  "value" : "10"
},{
  "dateTime" : "10/09/14 12:47:00",
  "value" : "10"
},{
  "dateTime" : "10/09/14 15:17:00",
  "value" : "10"
},{
  "dateTime" : "10/09/14 16:24:00",
  "value" : "10"
},{
  "dateTime" : "10/09/14 16:58:00",
  "value" : "10"
},{
  "dateTime" : "10/09/14 20:06:00",
  "value" : "10"
},{
  "dateTime" : "10/10/14 05:35:00",
  "value" : "10"
},{
  "dateTime" : "10/10/14 11:42:00",
  "value" : "10"
},{
  "dateTime" : "10/10/14 13:54:00",
  "value" : "10"
},{
  "dateTime" : "10/10/14 20:26:00",
  "value" : "10"
},{
  "dateTime" : "10/11/14 03:00:00",
  "value" : "10"
},{
  "dateTime" : "10/11/14 08:20:00",
  "value" : "10"
},{
  "dateTime" : "10/11/14 08:31:00",
  "value" : "10"
},{
  "dateTime" : "10/11/14 08:32:00",
  "value" : "10"
},{
  "dateTime" : "10/11/14 10:20:00",
  "value" : "10"
},{
  "dateTime" : "10/11/14 18:05:00",
  "value" : "20"
},{
  "dateTime" : "10/11/14 19:52:00",
  "value" : "10"
},{
  "dateTime" : "10/11/14 19:53:00",
  "value" : "10"
}]