[{
  "dateTime" : "06/24/12 01:21:00",
  "value" : "10"
},{
  "dateTime" : "06/24/12 09:12:00",
  "value" : "10"
},{
  "dateTime" : "06/24/12 10:17:00",
  "value" : "10"
},{
  "dateTime" : "06/24/12 11:45:00",
  "value" : "10"
},{
  "dateTime" : "06/24/12 16:01:00",
  "value" : "10"
},{
  "dateTime" : "06/24/12 16:35:00",
  "value" : "10"
},{
  "dateTime" : "06/24/12 18:46:00",
  "value" : "10"
},{
  "dateTime" : "06/24/12 21:30:00",
  "value" : "10"
},{
  "dateTime" : "06/24/12 22:28:00",
  "value" : "10"
},{
  "dateTime" : "06/24/12 23:05:00",
  "value" : "10"
},{
  "dateTime" : "06/25/12 09:23:00",
  "value" : "40"
},{
  "dateTime" : "06/25/12 09:24:00",
  "value" : "40"
},{
  "dateTime" : "06/25/12 09:25:00",
  "value" : "20"
},{
  "dateTime" : "06/25/12 15:10:00",
  "value" : "10"
},{
  "dateTime" : "06/25/12 15:31:00",
  "value" : "10"
},{
  "dateTime" : "06/25/12 16:02:00",
  "value" : "10"
},{
  "dateTime" : "06/25/12 16:12:00",
  "value" : "10"
},{
  "dateTime" : "06/25/12 16:19:00",
  "value" : "40"
},{
  "dateTime" : "06/25/12 16:20:00",
  "value" : "50"
},{
  "dateTime" : "06/25/12 16:21:00",
  "value" : "20"
},{
  "dateTime" : "06/25/12 17:06:00",
  "value" : "10"
},{
  "dateTime" : "06/25/12 19:00:00",
  "value" : "10"
},{
  "dateTime" : "06/25/12 19:14:00",
  "value" : "10"
},{
  "dateTime" : "06/25/12 19:43:00",
  "value" : "10"
},{
  "dateTime" : "06/25/12 22:11:00",
  "value" : "10"
},{
  "dateTime" : "06/26/12 08:47:00",
  "value" : "20"
},{
  "dateTime" : "06/26/12 09:21:00",
  "value" : "40"
},{
  "dateTime" : "06/26/12 09:22:00",
  "value" : "30"
},{
  "dateTime" : "06/26/12 09:23:00",
  "value" : "30"
},{
  "dateTime" : "06/26/12 13:06:00",
  "value" : "20"
},{
  "dateTime" : "06/26/12 13:15:00",
  "value" : "20"
},{
  "dateTime" : "06/26/12 13:16:00",
  "value" : "40"
},{
  "dateTime" : "06/26/12 13:17:00",
  "value" : "30"
},{
  "dateTime" : "06/26/12 13:18:00",
  "value" : "10"
},{
  "dateTime" : "06/26/12 15:55:00",
  "value" : "10"
},{
  "dateTime" : "06/26/12 17:17:00",
  "value" : "10"
},{
  "dateTime" : "06/26/12 17:31:00",
  "value" : "10"
},{
  "dateTime" : "06/26/12 17:34:00",
  "value" : "10"
},{
  "dateTime" : "06/26/12 17:40:00",
  "value" : "10"
},{
  "dateTime" : "06/26/12 18:23:00",
  "value" : "10"
},{
  "dateTime" : "06/26/12 20:55:00",
  "value" : "10"
},{
  "dateTime" : "06/26/12 23:26:00",
  "value" : "10"
},{
  "dateTime" : "06/27/12 00:14:00",
  "value" : "10"
},{
  "dateTime" : "06/27/12 08:10:00",
  "value" : "10"
},{
  "dateTime" : "06/27/12 08:36:00",
  "value" : "10"
},{
  "dateTime" : "06/27/12 09:15:00",
  "value" : "30"
},{
  "dateTime" : "06/27/12 09:16:00",
  "value" : "40"
},{
  "dateTime" : "06/27/12 09:17:00",
  "value" : "30"
},{
  "dateTime" : "06/27/12 15:46:00",
  "value" : "10"
},{
  "dateTime" : "06/27/12 20:19:00",
  "value" : "10"
},{
  "dateTime" : "06/27/12 20:31:00",
  "value" : "10"
},{
  "dateTime" : "06/27/12 20:37:00",
  "value" : "10"
},{
  "dateTime" : "06/27/12 20:51:00",
  "value" : "10"
},{
  "dateTime" : "06/27/12 20:54:00",
  "value" : "10"
},{
  "dateTime" : "06/27/12 20:55:00",
  "value" : "10"
},{
  "dateTime" : "06/27/12 20:59:00",
  "value" : "10"
},{
  "dateTime" : "06/27/12 21:20:00",
  "value" : "10"
},{
  "dateTime" : "06/28/12 00:06:00",
  "value" : "10"
},{
  "dateTime" : "06/28/12 08:45:00",
  "value" : "10"
},{
  "dateTime" : "06/28/12 09:07:00",
  "value" : "20"
},{
  "dateTime" : "06/28/12 09:08:00",
  "value" : "50"
},{
  "dateTime" : "06/28/12 09:09:00",
  "value" : "30"
},{
  "dateTime" : "06/28/12 09:10:00",
  "value" : "10"
},{
  "dateTime" : "06/28/12 18:12:00",
  "value" : "10"
},{
  "dateTime" : "06/28/12 19:00:00",
  "value" : "10"
},{
  "dateTime" : "06/28/12 21:50:00",
  "value" : "10"
},{
  "dateTime" : "06/28/12 21:56:00",
  "value" : "10"
},{
  "dateTime" : "06/28/12 22:31:00",
  "value" : "10"
},{
  "dateTime" : "06/28/12 23:23:00",
  "value" : "10"
},{
  "dateTime" : "06/28/12 23:25:00",
  "value" : "10"
},{
  "dateTime" : "06/28/12 23:27:00",
  "value" : "10"
},{
  "dateTime" : "06/29/12 07:49:00",
  "value" : "10"
},{
  "dateTime" : "06/29/12 08:21:00",
  "value" : "10"
},{
  "dateTime" : "06/29/12 08:28:00",
  "value" : "10"
},{
  "dateTime" : "06/29/12 08:33:00",
  "value" : "10"
},{
  "dateTime" : "06/29/12 09:40:00",
  "value" : "10"
},{
  "dateTime" : "06/29/12 09:41:00",
  "value" : "40"
},{
  "dateTime" : "06/29/12 09:42:00",
  "value" : "40"
},{
  "dateTime" : "06/29/12 09:43:00",
  "value" : "10"
},{
  "dateTime" : "06/29/12 12:41:00",
  "value" : "10"
},{
  "dateTime" : "06/29/12 15:39:00",
  "value" : "20"
},{
  "dateTime" : "06/29/12 15:40:00",
  "value" : "10"
},{
  "dateTime" : "06/29/12 21:04:00",
  "value" : "10"
},{
  "dateTime" : "06/29/12 21:31:00",
  "value" : "10"
},{
  "dateTime" : "06/30/12 11:18:00",
  "value" : "10"
},{
  "dateTime" : "06/30/12 12:15:00",
  "value" : "10"
},{
  "dateTime" : "06/30/12 12:40:00",
  "value" : "10"
},{
  "dateTime" : "06/30/12 14:53:00",
  "value" : "10"
},{
  "dateTime" : "06/30/12 15:57:00",
  "value" : "10"
},{
  "dateTime" : "06/30/12 16:18:00",
  "value" : "10"
},{
  "dateTime" : "06/30/12 17:10:00",
  "value" : "10"
},{
  "dateTime" : "06/30/12 18:07:00",
  "value" : "10"
},{
  "dateTime" : "06/30/12 20:35:00",
  "value" : "10"
},{
  "dateTime" : "06/30/12 20:44:00",
  "value" : "10"
},{
  "dateTime" : "06/30/12 21:23:00",
  "value" : "10"
},{
  "dateTime" : "06/30/12 22:22:00",
  "value" : "10"
},{
  "dateTime" : "07/01/12 01:52:00",
  "value" : "10"
},{
  "dateTime" : "07/01/12 12:46:00",
  "value" : "10"
},{
  "dateTime" : "07/01/12 12:51:00",
  "value" : "10"
},{
  "dateTime" : "07/01/12 16:39:00",
  "value" : "10"
},{
  "dateTime" : "07/01/12 16:49:00",
  "value" : "10"
},{
  "dateTime" : "07/01/12 17:15:00",
  "value" : "10"
},{
  "dateTime" : "07/01/12 20:31:00",
  "value" : "10"
},{
  "dateTime" : "07/01/12 20:47:00",
  "value" : "10"
},{
  "dateTime" : "07/02/12 07:19:00",
  "value" : "10"
},{
  "dateTime" : "07/02/12 08:18:00",
  "value" : "10"
},{
  "dateTime" : "07/02/12 08:42:00",
  "value" : "10"
},{
  "dateTime" : "07/02/12 09:11:00",
  "value" : "40"
},{
  "dateTime" : "07/02/12 09:12:00",
  "value" : "40"
},{
  "dateTime" : "07/02/12 09:13:00",
  "value" : "20"
},{
  "dateTime" : "07/02/12 12:37:00",
  "value" : "10"
},{
  "dateTime" : "07/02/12 12:39:00",
  "value" : "10"
},{
  "dateTime" : "07/02/12 12:40:00",
  "value" : "10"
},{
  "dateTime" : "07/02/12 19:54:00",
  "value" : "10"
},{
  "dateTime" : "07/02/12 20:14:00",
  "value" : "10"
},{
  "dateTime" : "07/02/12 20:20:00",
  "value" : "10"
},{
  "dateTime" : "07/02/12 20:26:00",
  "value" : "10"
},{
  "dateTime" : "07/02/12 20:54:00",
  "value" : "10"
},{
  "dateTime" : "07/02/12 21:10:00",
  "value" : "10"
},{
  "dateTime" : "07/02/12 21:15:00",
  "value" : "10"
},{
  "dateTime" : "07/02/12 22:08:00",
  "value" : "10"
},{
  "dateTime" : "07/02/12 23:11:00",
  "value" : "10"
},{
  "dateTime" : "07/03/12 00:13:00",
  "value" : "10"
},{
  "dateTime" : "07/03/12 08:16:00",
  "value" : "10"
},{
  "dateTime" : "07/03/12 09:26:00",
  "value" : "30"
},{
  "dateTime" : "07/03/12 09:27:00",
  "value" : "40"
},{
  "dateTime" : "07/03/12 09:28:00",
  "value" : "30"
},{
  "dateTime" : "07/03/12 17:22:00",
  "value" : "10"
},{
  "dateTime" : "07/03/12 17:41:00",
  "value" : "10"
},{
  "dateTime" : "07/03/12 17:42:00",
  "value" : "10"
},{
  "dateTime" : "07/03/12 17:50:00",
  "value" : "10"
},{
  "dateTime" : "07/03/12 18:23:00",
  "value" : "10"
},{
  "dateTime" : "07/03/12 18:26:00",
  "value" : "10"
},{
  "dateTime" : "07/03/12 21:36:00",
  "value" : "10"
},{
  "dateTime" : "07/03/12 21:39:00",
  "value" : "10"
},{
  "dateTime" : "07/03/12 21:54:00",
  "value" : "10"
},{
  "dateTime" : "07/03/12 22:33:00",
  "value" : "10"
},{
  "dateTime" : "07/04/12 00:51:00",
  "value" : "10"
},{
  "dateTime" : "07/04/12 01:51:00",
  "value" : "10"
},{
  "dateTime" : "07/04/12 08:53:00",
  "value" : "10"
},{
  "dateTime" : "07/04/12 09:11:00",
  "value" : "10"
},{
  "dateTime" : "07/04/12 12:41:00",
  "value" : "10"
},{
  "dateTime" : "07/04/12 12:56:00",
  "value" : "10"
},{
  "dateTime" : "07/04/12 13:05:00",
  "value" : "10"
},{
  "dateTime" : "07/04/12 18:21:00",
  "value" : "10"
},{
  "dateTime" : "07/04/12 18:35:00",
  "value" : "10"
},{
  "dateTime" : "07/04/12 22:13:00",
  "value" : "10"
},{
  "dateTime" : "07/04/12 23:05:00",
  "value" : "10"
},{
  "dateTime" : "07/04/12 23:06:00",
  "value" : "10"
},{
  "dateTime" : "07/05/12 08:13:00",
  "value" : "10"
},{
  "dateTime" : "07/05/12 08:27:00",
  "value" : "10"
},{
  "dateTime" : "07/05/12 09:16:00",
  "value" : "20"
},{
  "dateTime" : "07/05/12 09:17:00",
  "value" : "40"
},{
  "dateTime" : "07/05/12 09:18:00",
  "value" : "30"
},{
  "dateTime" : "07/05/12 09:19:00",
  "value" : "10"
},{
  "dateTime" : "07/05/12 12:00:00",
  "value" : "10"
},{
  "dateTime" : "07/05/12 12:01:00",
  "value" : "20"
},{
  "dateTime" : "07/05/12 12:17:00",
  "value" : "20"
},{
  "dateTime" : "07/05/12 12:18:00",
  "value" : "40"
},{
  "dateTime" : "07/05/12 12:19:00",
  "value" : "40"
},{
  "dateTime" : "07/05/12 16:02:00",
  "value" : "20"
},{
  "dateTime" : "07/05/12 16:03:00",
  "value" : "40"
},{
  "dateTime" : "07/05/12 16:04:00",
  "value" : "40"
},{
  "dateTime" : "07/05/12 19:30:00",
  "value" : "10"
},{
  "dateTime" : "07/05/12 21:25:00",
  "value" : "10"
},{
  "dateTime" : "07/05/12 21:49:00",
  "value" : "10"
},{
  "dateTime" : "07/05/12 21:58:00",
  "value" : "10"
},{
  "dateTime" : "07/05/12 22:12:00",
  "value" : "10"
},{
  "dateTime" : "07/05/12 23:56:00",
  "value" : "10"
},{
  "dateTime" : "07/05/12 23:58:00",
  "value" : "10"
},{
  "dateTime" : "07/06/12 08:39:00",
  "value" : "10"
},{
  "dateTime" : "07/06/12 08:41:00",
  "value" : "10"
},{
  "dateTime" : "07/06/12 09:27:00",
  "value" : "30"
},{
  "dateTime" : "07/06/12 09:28:00",
  "value" : "40"
},{
  "dateTime" : "07/06/12 09:29:00",
  "value" : "30"
},{
  "dateTime" : "07/06/12 16:13:00",
  "value" : "30"
},{
  "dateTime" : "07/06/12 16:14:00",
  "value" : "40"
},{
  "dateTime" : "07/06/12 16:15:00",
  "value" : "30"
},{
  "dateTime" : "07/06/12 17:11:00",
  "value" : "10"
},{
  "dateTime" : "07/06/12 20:35:00",
  "value" : "10"
},{
  "dateTime" : "07/06/12 23:39:00",
  "value" : "10"
},{
  "dateTime" : "07/07/12 00:17:00",
  "value" : "10"
},{
  "dateTime" : "07/07/12 00:47:00",
  "value" : "10"
},{
  "dateTime" : "07/07/12 01:56:00",
  "value" : "10"
},{
  "dateTime" : "07/07/12 11:40:00",
  "value" : "10"
},{
  "dateTime" : "07/07/12 11:44:00",
  "value" : "10"
},{
  "dateTime" : "07/07/12 11:47:00",
  "value" : "10"
},{
  "dateTime" : "07/07/12 13:35:00",
  "value" : "10"
},{
  "dateTime" : "07/07/12 13:44:00",
  "value" : "10"
},{
  "dateTime" : "07/07/12 16:16:00",
  "value" : "10"
},{
  "dateTime" : "07/07/12 17:04:00",
  "value" : "10"
},{
  "dateTime" : "07/07/12 17:38:00",
  "value" : "10"
},{
  "dateTime" : "07/07/12 17:47:00",
  "value" : "10"
},{
  "dateTime" : "07/07/12 18:40:00",
  "value" : "10"
},{
  "dateTime" : "07/07/12 18:51:00",
  "value" : "10"
},{
  "dateTime" : "07/07/12 18:59:00",
  "value" : "10"
},{
  "dateTime" : "07/08/12 00:18:00",
  "value" : "10"
},{
  "dateTime" : "07/08/12 08:47:00",
  "value" : "10"
},{
  "dateTime" : "07/08/12 11:41:00",
  "value" : "10"
},{
  "dateTime" : "07/08/12 14:06:00",
  "value" : "10"
},{
  "dateTime" : "07/08/12 16:03:00",
  "value" : "10"
},{
  "dateTime" : "07/08/12 17:09:00",
  "value" : "10"
},{
  "dateTime" : "07/08/12 20:37:00",
  "value" : "10"
},{
  "dateTime" : "07/08/12 21:16:00",
  "value" : "10"
},{
  "dateTime" : "07/08/12 22:33:00",
  "value" : "10"
},{
  "dateTime" : "07/08/12 22:34:00",
  "value" : "10"
},{
  "dateTime" : "07/08/12 22:41:00",
  "value" : "10"
},{
  "dateTime" : "07/09/12 07:03:00",
  "value" : "10"
},{
  "dateTime" : "07/09/12 07:20:00",
  "value" : "10"
},{
  "dateTime" : "07/09/12 08:31:00",
  "value" : "10"
},{
  "dateTime" : "07/09/12 08:49:00",
  "value" : "10"
},{
  "dateTime" : "07/09/12 19:37:00",
  "value" : "10"
},{
  "dateTime" : "07/09/12 20:07:00",
  "value" : "10"
},{
  "dateTime" : "07/09/12 20:12:00",
  "value" : "10"
},{
  "dateTime" : "07/09/12 20:28:00",
  "value" : "10"
},{
  "dateTime" : "07/09/12 20:29:00",
  "value" : "10"
},{
  "dateTime" : "07/09/12 21:05:00",
  "value" : "10"
},{
  "dateTime" : "07/09/12 21:44:00",
  "value" : "10"
},{
  "dateTime" : "07/09/12 21:45:00",
  "value" : "10"
},{
  "dateTime" : "07/09/12 21:56:00",
  "value" : "10"
},{
  "dateTime" : "07/09/12 21:59:00",
  "value" : "20"
},{
  "dateTime" : "07/09/12 23:50:00",
  "value" : "10"
},{
  "dateTime" : "07/10/12 08:25:00",
  "value" : "10"
},{
  "dateTime" : "07/10/12 08:28:00",
  "value" : "10"
},{
  "dateTime" : "07/10/12 08:53:00",
  "value" : "10"
},{
  "dateTime" : "07/10/12 09:18:00",
  "value" : "10"
},{
  "dateTime" : "07/10/12 09:25:00",
  "value" : "10"
},{
  "dateTime" : "07/10/12 10:08:00",
  "value" : "10"
},{
  "dateTime" : "07/10/12 10:50:00",
  "value" : "10"
},{
  "dateTime" : "07/10/12 11:33:00",
  "value" : "10"
},{
  "dateTime" : "07/10/12 13:33:00",
  "value" : "10"
},{
  "dateTime" : "07/10/12 15:16:00",
  "value" : "20"
},{
  "dateTime" : "07/10/12 16:57:00",
  "value" : "10"
},{
  "dateTime" : "07/10/12 22:49:00",
  "value" : "10"
},{
  "dateTime" : "07/11/12 08:32:00",
  "value" : "10"
},{
  "dateTime" : "07/11/12 12:29:00",
  "value" : "10"
},{
  "dateTime" : "07/11/12 13:50:00",
  "value" : "10"
},{
  "dateTime" : "07/11/12 17:17:00",
  "value" : "10"
},{
  "dateTime" : "07/11/12 18:30:00",
  "value" : "10"
},{
  "dateTime" : "07/11/12 20:41:00",
  "value" : "10"
},{
  "dateTime" : "07/11/12 20:53:00",
  "value" : "20"
},{
  "dateTime" : "07/11/12 21:14:00",
  "value" : "10"
},{
  "dateTime" : "07/11/12 21:15:00",
  "value" : "10"
},{
  "dateTime" : "07/11/12 23:04:00",
  "value" : "10"
},{
  "dateTime" : "07/12/12 08:03:00",
  "value" : "10"
},{
  "dateTime" : "07/12/12 08:17:00",
  "value" : "10"
},{
  "dateTime" : "07/12/12 21:41:00",
  "value" : "10"
},{
  "dateTime" : "07/12/12 23:59:00",
  "value" : "10"
},{
  "dateTime" : "07/13/12 00:40:00",
  "value" : "10"
},{
  "dateTime" : "07/13/12 08:47:00",
  "value" : "10"
},{
  "dateTime" : "07/13/12 14:55:00",
  "value" : "10"
},{
  "dateTime" : "07/13/12 16:00:00",
  "value" : "10"
},{
  "dateTime" : "07/13/12 18:11:00",
  "value" : "10"
},{
  "dateTime" : "07/13/12 18:17:00",
  "value" : "10"
},{
  "dateTime" : "07/13/12 18:20:00",
  "value" : "10"
},{
  "dateTime" : "07/13/12 20:52:00",
  "value" : "10"
},{
  "dateTime" : "07/13/12 20:53:00",
  "value" : "10"
},{
  "dateTime" : "07/13/12 23:34:00",
  "value" : "10"
},{
  "dateTime" : "07/13/12 23:57:00",
  "value" : "10"
},{
  "dateTime" : "07/14/12 10:27:00",
  "value" : "10"
},{
  "dateTime" : "07/14/12 17:41:00",
  "value" : "10"
},{
  "dateTime" : "07/14/12 21:05:00",
  "value" : "10"
},{
  "dateTime" : "07/14/12 21:06:00",
  "value" : "10"
},{
  "dateTime" : "07/14/12 21:37:00",
  "value" : "10"
},{
  "dateTime" : "07/14/12 21:40:00",
  "value" : "10"
},{
  "dateTime" : "07/14/12 21:43:00",
  "value" : "10"
},{
  "dateTime" : "07/14/12 22:13:00",
  "value" : "10"
},{
  "dateTime" : "07/14/12 23:51:00",
  "value" : "10"
},{
  "dateTime" : "07/15/12 01:00:00",
  "value" : "10"
},{
  "dateTime" : "07/15/12 08:31:00",
  "value" : "10"
},{
  "dateTime" : "07/15/12 08:56:00",
  "value" : "10"
},{
  "dateTime" : "07/15/12 09:06:00",
  "value" : "10"
},{
  "dateTime" : "07/15/12 09:10:00",
  "value" : "10"
},{
  "dateTime" : "07/15/12 10:00:00",
  "value" : "10"
},{
  "dateTime" : "07/15/12 10:02:00",
  "value" : "10"
},{
  "dateTime" : "07/15/12 10:24:00",
  "value" : "10"
},{
  "dateTime" : "07/15/12 11:31:00",
  "value" : "10"
},{
  "dateTime" : "07/15/12 11:40:00",
  "value" : "10"
},{
  "dateTime" : "07/15/12 11:41:00",
  "value" : "10"
},{
  "dateTime" : "07/15/12 12:52:00",
  "value" : "10"
},{
  "dateTime" : "07/15/12 12:53:00",
  "value" : "10"
},{
  "dateTime" : "07/15/12 15:42:00",
  "value" : "10"
},{
  "dateTime" : "07/15/12 15:57:00",
  "value" : "10"
},{
  "dateTime" : "07/15/12 17:09:00",
  "value" : "10"
},{
  "dateTime" : "07/15/12 17:12:00",
  "value" : "10"
},{
  "dateTime" : "07/15/12 17:15:00",
  "value" : "20"
},{
  "dateTime" : "07/15/12 17:18:00",
  "value" : "10"
},{
  "dateTime" : "07/15/12 19:59:00",
  "value" : "10"
},{
  "dateTime" : "07/15/12 20:42:00",
  "value" : "10"
},{
  "dateTime" : "07/15/12 21:29:00",
  "value" : "10"
},{
  "dateTime" : "07/15/12 21:50:00",
  "value" : "10"
},{
  "dateTime" : "07/16/12 08:27:00",
  "value" : "10"
},{
  "dateTime" : "07/16/12 08:57:00",
  "value" : "10"
},{
  "dateTime" : "07/16/12 09:23:00",
  "value" : "40"
},{
  "dateTime" : "07/16/12 09:24:00",
  "value" : "30"
},{
  "dateTime" : "07/16/12 09:25:00",
  "value" : "30"
},{
  "dateTime" : "07/16/12 12:09:00",
  "value" : "10"
},{
  "dateTime" : "07/16/12 12:10:00",
  "value" : "10"
},{
  "dateTime" : "07/16/12 16:19:00",
  "value" : "30"
},{
  "dateTime" : "07/16/12 16:20:00",
  "value" : "30"
},{
  "dateTime" : "07/16/12 16:21:00",
  "value" : "40"
},{
  "dateTime" : "07/16/12 17:28:00",
  "value" : "10"
},{
  "dateTime" : "07/16/12 17:29:00",
  "value" : "10"
},{
  "dateTime" : "07/16/12 17:59:00",
  "value" : "10"
},{
  "dateTime" : "07/16/12 19:24:00",
  "value" : "10"
},{
  "dateTime" : "07/16/12 20:02:00",
  "value" : "10"
},{
  "dateTime" : "07/16/12 20:15:00",
  "value" : "10"
},{
  "dateTime" : "07/16/12 20:38:00",
  "value" : "10"
},{
  "dateTime" : "07/16/12 23:14:00",
  "value" : "10"
},{
  "dateTime" : "07/17/12 07:15:00",
  "value" : "10"
},{
  "dateTime" : "07/17/12 09:24:00",
  "value" : "20"
},{
  "dateTime" : "07/17/12 09:25:00",
  "value" : "30"
},{
  "dateTime" : "07/17/12 09:26:00",
  "value" : "40"
},{
  "dateTime" : "07/17/12 09:27:00",
  "value" : "10"
},{
  "dateTime" : "07/17/12 20:17:00",
  "value" : "10"
},{
  "dateTime" : "07/18/12 01:30:00",
  "value" : "10"
},{
  "dateTime" : "07/18/12 08:26:00",
  "value" : "10"
},{
  "dateTime" : "07/18/12 15:42:00",
  "value" : "30"
},{
  "dateTime" : "07/18/12 15:43:00",
  "value" : "40"
},{
  "dateTime" : "07/18/12 15:44:00",
  "value" : "30"
},{
  "dateTime" : "07/18/12 18:15:00",
  "value" : "10"
},{
  "dateTime" : "07/18/12 19:22:00",
  "value" : "10"
},{
  "dateTime" : "07/18/12 19:33:00",
  "value" : "10"
},{
  "dateTime" : "07/18/12 20:37:00",
  "value" : "10"
},{
  "dateTime" : "07/18/12 21:06:00",
  "value" : "10"
},{
  "dateTime" : "07/19/12 00:50:00",
  "value" : "10"
},{
  "dateTime" : "07/19/12 08:52:00",
  "value" : "10"
},{
  "dateTime" : "07/19/12 09:28:00",
  "value" : "30"
},{
  "dateTime" : "07/19/12 09:29:00",
  "value" : "40"
},{
  "dateTime" : "07/19/12 09:30:00",
  "value" : "30"
},{
  "dateTime" : "07/19/12 12:59:00",
  "value" : "10"
},{
  "dateTime" : "07/19/12 14:26:00",
  "value" : "40"
},{
  "dateTime" : "07/19/12 14:27:00",
  "value" : "40"
},{
  "dateTime" : "07/19/12 14:28:00",
  "value" : "20"
},{
  "dateTime" : "07/19/12 17:38:00",
  "value" : "10"
},{
  "dateTime" : "07/19/12 18:42:00",
  "value" : "10"
},{
  "dateTime" : "07/19/12 18:51:00",
  "value" : "10"
},{
  "dateTime" : "07/19/12 21:55:00",
  "value" : "10"
},{
  "dateTime" : "07/19/12 22:32:00",
  "value" : "10"
},{
  "dateTime" : "07/19/12 22:34:00",
  "value" : "10"
},{
  "dateTime" : "07/19/12 22:43:00",
  "value" : "10"
},{
  "dateTime" : "07/19/12 23:43:00",
  "value" : "10"
},{
  "dateTime" : "07/20/12 00:10:00",
  "value" : "10"
},{
  "dateTime" : "07/20/12 07:29:00",
  "value" : "10"
},{
  "dateTime" : "07/20/12 07:41:00",
  "value" : "10"
},{
  "dateTime" : "07/20/12 07:46:00",
  "value" : "10"
},{
  "dateTime" : "07/20/12 08:47:00",
  "value" : "10"
},{
  "dateTime" : "07/20/12 09:26:00",
  "value" : "30"
},{
  "dateTime" : "07/20/12 09:27:00",
  "value" : "40"
},{
  "dateTime" : "07/20/12 09:28:00",
  "value" : "30"
},{
  "dateTime" : "07/20/12 16:54:00",
  "value" : "10"
},{
  "dateTime" : "07/20/12 16:57:00",
  "value" : "10"
},{
  "dateTime" : "07/20/12 16:58:00",
  "value" : "10"
},{
  "dateTime" : "07/20/12 17:01:00",
  "value" : "10"
},{
  "dateTime" : "07/20/12 18:48:00",
  "value" : "10"
},{
  "dateTime" : "07/20/12 18:50:00",
  "value" : "10"
},{
  "dateTime" : "07/20/12 21:27:00",
  "value" : "10"
},{
  "dateTime" : "07/20/12 21:30:00",
  "value" : "10"
},{
  "dateTime" : "07/20/12 21:38:00",
  "value" : "10"
},{
  "dateTime" : "07/20/12 21:43:00",
  "value" : "10"
},{
  "dateTime" : "07/20/12 21:51:00",
  "value" : "10"
},{
  "dateTime" : "07/20/12 21:59:00",
  "value" : "10"
},{
  "dateTime" : "07/20/12 23:38:00",
  "value" : "10"
},{
  "dateTime" : "07/21/12 09:23:00",
  "value" : "10"
},{
  "dateTime" : "07/21/12 10:41:00",
  "value" : "10"
},{
  "dateTime" : "07/21/12 14:58:00",
  "value" : "10"
},{
  "dateTime" : "07/21/12 16:53:00",
  "value" : "10"
},{
  "dateTime" : "07/21/12 17:44:00",
  "value" : "10"
},{
  "dateTime" : "07/21/12 22:42:00",
  "value" : "10"
},{
  "dateTime" : "07/22/12 00:43:00",
  "value" : "10"
},{
  "dateTime" : "07/22/12 01:19:00",
  "value" : "10"
},{
  "dateTime" : "07/22/12 10:20:00",
  "value" : "10"
},{
  "dateTime" : "07/22/12 10:35:00",
  "value" : "10"
},{
  "dateTime" : "07/22/12 10:45:00",
  "value" : "10"
},{
  "dateTime" : "07/22/12 12:50:00",
  "value" : "10"
},{
  "dateTime" : "07/22/12 12:53:00",
  "value" : "10"
},{
  "dateTime" : "07/22/12 12:54:00",
  "value" : "10"
},{
  "dateTime" : "07/22/12 12:57:00",
  "value" : "10"
},{
  "dateTime" : "07/22/12 13:08:00",
  "value" : "10"
},{
  "dateTime" : "07/22/12 13:20:00",
  "value" : "10"
},{
  "dateTime" : "07/22/12 18:03:00",
  "value" : "10"
},{
  "dateTime" : "07/22/12 20:34:00",
  "value" : "10"
},{
  "dateTime" : "07/22/12 20:46:00",
  "value" : "10"
},{
  "dateTime" : "07/22/12 21:02:00",
  "value" : "10"
},{
  "dateTime" : "07/22/12 21:04:00",
  "value" : "10"
},{
  "dateTime" : "07/22/12 22:00:00",
  "value" : "10"
},{
  "dateTime" : "07/22/12 22:10:00",
  "value" : "10"
},{
  "dateTime" : "07/22/12 23:19:00",
  "value" : "10"
},{
  "dateTime" : "07/23/12 07:28:00",
  "value" : "10"
},{
  "dateTime" : "07/23/12 07:35:00",
  "value" : "10"
},{
  "dateTime" : "07/23/12 07:42:00",
  "value" : "10"
},{
  "dateTime" : "07/23/12 08:14:00",
  "value" : "10"
},{
  "dateTime" : "07/23/12 08:43:00",
  "value" : "10"
},{
  "dateTime" : "07/23/12 09:25:00",
  "value" : "40"
},{
  "dateTime" : "07/23/12 09:26:00",
  "value" : "30"
},{
  "dateTime" : "07/23/12 09:27:00",
  "value" : "30"
},{
  "dateTime" : "07/23/12 18:50:00",
  "value" : "10"
},{
  "dateTime" : "07/23/12 19:41:00",
  "value" : "10"
},{
  "dateTime" : "07/23/12 19:51:00",
  "value" : "10"
},{
  "dateTime" : "07/23/12 21:34:00",
  "value" : "10"
}]