[{
  "dateTime" : "01/10/15 07:34:00",
  "value" : "10"
},{
  "dateTime" : "01/10/15 13:09:00",
  "value" : "10"
},{
  "dateTime" : "01/10/15 13:42:00",
  "value" : "10"
},{
  "dateTime" : "01/10/15 14:30:00",
  "value" : "10"
},{
  "dateTime" : "01/10/15 15:03:00",
  "value" : "10"
},{
  "dateTime" : "01/10/15 16:12:00",
  "value" : "10"
},{
  "dateTime" : "01/10/15 17:13:00",
  "value" : "10"
},{
  "dateTime" : "01/10/15 17:55:00",
  "value" : "10"
},{
  "dateTime" : "01/10/15 18:28:00",
  "value" : "10"
},{
  "dateTime" : "01/10/15 18:59:00",
  "value" : "10"
},{
  "dateTime" : "01/10/15 20:07:00",
  "value" : "10"
},{
  "dateTime" : "01/10/15 20:08:00",
  "value" : "10"
},{
  "dateTime" : "01/10/15 20:19:00",
  "value" : "10"
},{
  "dateTime" : "01/10/15 21:13:00",
  "value" : "10"
},{
  "dateTime" : "01/10/15 21:45:00",
  "value" : "10"
},{
  "dateTime" : "01/10/15 23:07:00",
  "value" : "10"
},{
  "dateTime" : "01/11/15 01:25:00",
  "value" : "10"
},{
  "dateTime" : "01/11/15 08:52:00",
  "value" : "10"
},{
  "dateTime" : "01/11/15 09:42:00",
  "value" : "10"
},{
  "dateTime" : "01/11/15 10:24:00",
  "value" : "10"
},{
  "dateTime" : "01/11/15 11:21:00",
  "value" : "10"
},{
  "dateTime" : "01/11/15 12:05:00",
  "value" : "10"
},{
  "dateTime" : "01/11/15 13:05:00",
  "value" : "10"
},{
  "dateTime" : "01/11/15 13:26:00",
  "value" : "10"
},{
  "dateTime" : "01/11/15 13:27:00",
  "value" : "10"
},{
  "dateTime" : "01/11/15 20:51:00",
  "value" : "10"
},{
  "dateTime" : "01/11/15 20:52:00",
  "value" : "10"
},{
  "dateTime" : "01/12/15 10:50:00",
  "value" : "10"
},{
  "dateTime" : "01/12/15 11:58:00",
  "value" : "10"
},{
  "dateTime" : "01/12/15 13:54:00",
  "value" : "10"
},{
  "dateTime" : "01/12/15 13:55:00",
  "value" : "10"
},{
  "dateTime" : "01/12/15 14:40:00",
  "value" : "10"
},{
  "dateTime" : "01/12/15 16:16:00",
  "value" : "10"
},{
  "dateTime" : "01/12/15 16:56:00",
  "value" : "10"
},{
  "dateTime" : "01/12/15 16:57:00",
  "value" : "10"
},{
  "dateTime" : "01/12/15 17:52:00",
  "value" : "10"
},{
  "dateTime" : "01/12/15 18:35:00",
  "value" : "10"
},{
  "dateTime" : "01/12/15 19:13:00",
  "value" : "10"
},{
  "dateTime" : "01/12/15 20:09:00",
  "value" : "10"
},{
  "dateTime" : "01/12/15 20:10:00",
  "value" : "10"
},{
  "dateTime" : "01/12/15 22:33:00",
  "value" : "10"
},{
  "dateTime" : "01/13/15 06:39:00",
  "value" : "10"
},{
  "dateTime" : "01/13/15 07:27:00",
  "value" : "10"
},{
  "dateTime" : "01/13/15 08:39:00",
  "value" : "10"
},{
  "dateTime" : "01/13/15 14:09:00",
  "value" : "10"
},{
  "dateTime" : "01/13/15 15:47:00",
  "value" : "10"
},{
  "dateTime" : "01/13/15 17:06:00",
  "value" : "10"
},{
  "dateTime" : "01/13/15 18:37:00",
  "value" : "10"
},{
  "dateTime" : "01/13/15 19:10:00",
  "value" : "10"
},{
  "dateTime" : "01/13/15 20:03:00",
  "value" : "10"
},{
  "dateTime" : "01/13/15 20:13:00",
  "value" : "10"
},{
  "dateTime" : "01/13/15 21:29:00",
  "value" : "10"
},{
  "dateTime" : "01/14/15 09:18:00",
  "value" : "10"
},{
  "dateTime" : "01/14/15 11:22:00",
  "value" : "10"
},{
  "dateTime" : "01/14/15 12:50:00",
  "value" : "10"
},{
  "dateTime" : "01/14/15 13:10:00",
  "value" : "10"
},{
  "dateTime" : "01/14/15 13:33:00",
  "value" : "10"
},{
  "dateTime" : "01/14/15 13:55:00",
  "value" : "10"
},{
  "dateTime" : "01/14/15 13:56:00",
  "value" : "10"
},{
  "dateTime" : "01/14/15 14:11:00",
  "value" : "10"
},{
  "dateTime" : "01/14/15 14:36:00",
  "value" : "10"
},{
  "dateTime" : "01/14/15 15:05:00",
  "value" : "20"
},{
  "dateTime" : "01/14/15 15:45:00",
  "value" : "40"
},{
  "dateTime" : "01/14/15 17:27:00",
  "value" : "10"
},{
  "dateTime" : "01/14/15 17:57:00",
  "value" : "10"
},{
  "dateTime" : "01/14/15 19:22:00",
  "value" : "10"
},{
  "dateTime" : "01/14/15 19:41:00",
  "value" : "10"
},{
  "dateTime" : "01/14/15 20:47:00",
  "value" : "10"
},{
  "dateTime" : "01/15/15 10:04:00",
  "value" : "10"
},{
  "dateTime" : "01/15/15 11:37:00",
  "value" : "30"
},{
  "dateTime" : "01/15/15 11:38:00",
  "value" : "30"
},{
  "dateTime" : "01/15/15 11:39:00",
  "value" : "20"
},{
  "dateTime" : "01/15/15 11:40:00",
  "value" : "20"
},{
  "dateTime" : "01/15/15 11:41:00",
  "value" : "30"
},{
  "dateTime" : "01/15/15 12:19:00",
  "value" : "30"
},{
  "dateTime" : "01/15/15 12:20:00",
  "value" : "20"
},{
  "dateTime" : "01/15/15 12:27:00",
  "value" : "20"
},{
  "dateTime" : "01/15/15 13:31:00",
  "value" : "10"
},{
  "dateTime" : "01/15/15 14:35:00",
  "value" : "10"
},{
  "dateTime" : "01/15/15 15:04:00",
  "value" : "10"
},{
  "dateTime" : "01/15/15 15:05:00",
  "value" : "10"
},{
  "dateTime" : "01/15/15 15:06:00",
  "value" : "10"
},{
  "dateTime" : "01/15/15 15:07:00",
  "value" : "10"
},{
  "dateTime" : "01/15/15 15:47:00",
  "value" : "10"
},{
  "dateTime" : "01/15/15 15:48:00",
  "value" : "10"
},{
  "dateTime" : "01/15/15 16:19:00",
  "value" : "10"
},{
  "dateTime" : "01/15/15 16:20:00",
  "value" : "10"
},{
  "dateTime" : "01/15/15 16:40:00",
  "value" : "10"
},{
  "dateTime" : "01/15/15 17:37:00",
  "value" : "10"
},{
  "dateTime" : "01/16/15 07:58:00",
  "value" : "10"
},{
  "dateTime" : "01/16/15 07:59:00",
  "value" : "10"
},{
  "dateTime" : "01/16/15 16:08:00",
  "value" : "10"
},{
  "dateTime" : "01/17/15 14:24:00",
  "value" : "10"
},{
  "dateTime" : "01/17/15 18:45:00",
  "value" : "10"
},{
  "dateTime" : "01/17/15 19:10:00",
  "value" : "10"
},{
  "dateTime" : "01/18/15 13:10:00",
  "value" : "10"
},{
  "dateTime" : "01/18/15 13:11:00",
  "value" : "10"
},{
  "dateTime" : "01/18/15 13:38:00",
  "value" : "10"
},{
  "dateTime" : "01/18/15 17:08:00",
  "value" : "10"
},{
  "dateTime" : "01/19/15 09:54:00",
  "value" : "10"
},{
  "dateTime" : "01/19/15 11:23:00",
  "value" : "10"
},{
  "dateTime" : "01/19/15 23:35:00",
  "value" : "10"
},{
  "dateTime" : "01/19/15 23:38:00",
  "value" : "10"
},{
  "dateTime" : "01/19/15 23:39:00",
  "value" : "10"
},{
  "dateTime" : "01/19/15 23:59:00",
  "value" : "10"
},{
  "dateTime" : "01/20/15 01:12:00",
  "value" : "10"
},{
  "dateTime" : "01/20/15 08:20:00",
  "value" : "10"
},{
  "dateTime" : "01/20/15 08:40:00",
  "value" : "10"
},{
  "dateTime" : "01/20/15 15:15:00",
  "value" : "10"
},{
  "dateTime" : "01/20/15 15:34:00",
  "value" : "10"
},{
  "dateTime" : "01/20/15 15:35:00",
  "value" : "10"
},{
  "dateTime" : "01/20/15 15:36:00",
  "value" : "10"
},{
  "dateTime" : "01/20/15 15:58:00",
  "value" : "10"
},{
  "dateTime" : "01/20/15 17:00:00",
  "value" : "10"
},{
  "dateTime" : "01/20/15 19:02:00",
  "value" : "30"
},{
  "dateTime" : "01/20/15 20:08:00",
  "value" : "10"
},{
  "dateTime" : "01/20/15 20:16:00",
  "value" : "10"
},{
  "dateTime" : "01/20/15 20:24:00",
  "value" : "10"
},{
  "dateTime" : "01/21/15 06:38:00",
  "value" : "10"
},{
  "dateTime" : "01/21/15 08:16:00",
  "value" : "10"
},{
  "dateTime" : "01/21/15 09:28:00",
  "value" : "10"
},{
  "dateTime" : "01/21/15 09:49:00",
  "value" : "10"
},{
  "dateTime" : "01/21/15 09:50:00",
  "value" : "10"
},{
  "dateTime" : "01/21/15 11:54:00",
  "value" : "10"
},{
  "dateTime" : "01/21/15 11:55:00",
  "value" : "10"
},{
  "dateTime" : "01/21/15 16:31:00",
  "value" : "10"
},{
  "dateTime" : "01/21/15 16:32:00",
  "value" : "10"
},{
  "dateTime" : "01/21/15 21:03:00",
  "value" : "10"
},{
  "dateTime" : "01/21/15 21:04:00",
  "value" : "10"
},{
  "dateTime" : "01/22/15 07:47:00",
  "value" : "10"
},{
  "dateTime" : "01/22/15 08:40:00",
  "value" : "10"
},{
  "dateTime" : "01/22/15 09:31:00",
  "value" : "10"
},{
  "dateTime" : "01/22/15 10:34:00",
  "value" : "10"
},{
  "dateTime" : "01/22/15 11:07:00",
  "value" : "10"
},{
  "dateTime" : "01/22/15 14:44:00",
  "value" : "10"
},{
  "dateTime" : "01/22/15 17:25:00",
  "value" : "10"
},{
  "dateTime" : "01/22/15 17:26:00",
  "value" : "10"
},{
  "dateTime" : "01/22/15 17:34:00",
  "value" : "10"
},{
  "dateTime" : "01/22/15 18:54:00",
  "value" : "10"
},{
  "dateTime" : "01/22/15 21:05:00",
  "value" : "10"
},{
  "dateTime" : "01/23/15 08:37:00",
  "value" : "10"
},{
  "dateTime" : "01/23/15 08:38:00",
  "value" : "10"
},{
  "dateTime" : "01/23/15 09:42:00",
  "value" : "20"
},{
  "dateTime" : "01/23/15 09:46:00",
  "value" : "10"
},{
  "dateTime" : "01/23/15 10:03:00",
  "value" : "10"
},{
  "dateTime" : "01/23/15 10:04:00",
  "value" : "10"
},{
  "dateTime" : "01/23/15 10:41:00",
  "value" : "20"
},{
  "dateTime" : "01/23/15 10:42:00",
  "value" : "30"
},{
  "dateTime" : "01/23/15 16:02:00",
  "value" : "10"
},{
  "dateTime" : "01/23/15 16:11:00",
  "value" : "10"
},{
  "dateTime" : "01/23/15 16:30:00",
  "value" : "10"
},{
  "dateTime" : "01/23/15 18:01:00",
  "value" : "20"
},{
  "dateTime" : "01/23/15 18:22:00",
  "value" : "10"
},{
  "dateTime" : "01/23/15 18:45:00",
  "value" : "10"
},{
  "dateTime" : "01/23/15 19:17:00",
  "value" : "20"
},{
  "dateTime" : "01/23/15 20:29:00",
  "value" : "10"
},{
  "dateTime" : "01/23/15 20:30:00",
  "value" : "10"
},{
  "dateTime" : "01/23/15 23:31:00",
  "value" : "10"
},{
  "dateTime" : "01/23/15 23:58:00",
  "value" : "10"
},{
  "dateTime" : "01/23/15 23:59:00",
  "value" : "10"
},{
  "dateTime" : "01/24/15 13:54:00",
  "value" : "10"
},{
  "dateTime" : "01/24/15 17:11:00",
  "value" : "10"
},{
  "dateTime" : "01/24/15 18:08:00",
  "value" : "10"
},{
  "dateTime" : "01/24/15 18:09:00",
  "value" : "10"
},{
  "dateTime" : "01/24/15 18:10:00",
  "value" : "10"
},{
  "dateTime" : "01/24/15 19:07:00",
  "value" : "10"
},{
  "dateTime" : "01/24/15 19:08:00",
  "value" : "10"
},{
  "dateTime" : "01/24/15 23:13:00",
  "value" : "10"
},{
  "dateTime" : "01/25/15 10:40:00",
  "value" : "10"
},{
  "dateTime" : "01/25/15 11:08:00",
  "value" : "10"
},{
  "dateTime" : "01/25/15 11:09:00",
  "value" : "10"
},{
  "dateTime" : "01/25/15 11:10:00",
  "value" : "10"
},{
  "dateTime" : "01/25/15 11:25:00",
  "value" : "10"
},{
  "dateTime" : "01/25/15 12:21:00",
  "value" : "10"
},{
  "dateTime" : "01/25/15 12:22:00",
  "value" : "10"
},{
  "dateTime" : "01/25/15 12:23:00",
  "value" : "20"
},{
  "dateTime" : "01/25/15 12:29:00",
  "value" : "10"
},{
  "dateTime" : "01/25/15 14:17:00",
  "value" : "10"
},{
  "dateTime" : "01/25/15 15:49:00",
  "value" : "10"
},{
  "dateTime" : "01/25/15 15:50:00",
  "value" : "10"
},{
  "dateTime" : "01/25/15 15:51:00",
  "value" : "10"
},{
  "dateTime" : "01/25/15 16:48:00",
  "value" : "10"
},{
  "dateTime" : "01/25/15 18:19:00",
  "value" : "20"
},{
  "dateTime" : "01/25/15 19:43:00",
  "value" : "10"
},{
  "dateTime" : "01/25/15 20:07:00",
  "value" : "10"
},{
  "dateTime" : "01/25/15 20:49:00",
  "value" : "10"
},{
  "dateTime" : "01/25/15 21:25:00",
  "value" : "10"
},{
  "dateTime" : "01/25/15 21:26:00",
  "value" : "20"
},{
  "dateTime" : "01/26/15 01:42:00",
  "value" : "10"
},{
  "dateTime" : "01/26/15 08:42:00",
  "value" : "10"
},{
  "dateTime" : "01/26/15 10:13:00",
  "value" : "10"
},{
  "dateTime" : "01/26/15 12:06:00",
  "value" : "10"
},{
  "dateTime" : "01/26/15 13:03:00",
  "value" : "10"
},{
  "dateTime" : "01/26/15 13:04:00",
  "value" : "10"
},{
  "dateTime" : "01/26/15 14:48:00",
  "value" : "10"
},{
  "dateTime" : "01/26/15 14:49:00",
  "value" : "30"
},{
  "dateTime" : "01/26/15 15:06:00",
  "value" : "50"
},{
  "dateTime" : "01/26/15 15:07:00",
  "value" : "20"
},{
  "dateTime" : "01/26/15 15:30:00",
  "value" : "50"
},{
  "dateTime" : "01/26/15 15:31:00",
  "value" : "10"
},{
  "dateTime" : "01/26/15 15:32:00",
  "value" : "30"
},{
  "dateTime" : "01/26/15 15:38:00",
  "value" : "10"
},{
  "dateTime" : "01/26/15 15:39:00",
  "value" : "20"
},{
  "dateTime" : "01/26/15 15:53:00",
  "value" : "10"
},{
  "dateTime" : "01/26/15 16:41:00",
  "value" : "10"
},{
  "dateTime" : "01/26/15 17:37:00",
  "value" : "10"
},{
  "dateTime" : "01/26/15 19:15:00",
  "value" : "10"
},{
  "dateTime" : "01/26/15 22:33:00",
  "value" : "10"
},{
  "dateTime" : "01/27/15 08:43:00",
  "value" : "10"
},{
  "dateTime" : "01/27/15 11:55:00",
  "value" : "10"
},{
  "dateTime" : "01/27/15 14:10:00",
  "value" : "10"
},{
  "dateTime" : "01/27/15 16:50:00",
  "value" : "10"
},{
  "dateTime" : "01/27/15 18:07:00",
  "value" : "10"
},{
  "dateTime" : "01/27/15 18:47:00",
  "value" : "10"
},{
  "dateTime" : "01/27/15 20:18:00",
  "value" : "10"
},{
  "dateTime" : "01/27/15 20:41:00",
  "value" : "10"
},{
  "dateTime" : "01/27/15 21:05:00",
  "value" : "10"
},{
  "dateTime" : "01/28/15 08:42:00",
  "value" : "10"
},{
  "dateTime" : "01/28/15 09:11:00",
  "value" : "10"
},{
  "dateTime" : "01/28/15 09:54:00",
  "value" : "10"
},{
  "dateTime" : "01/28/15 11:02:00",
  "value" : "10"
},{
  "dateTime" : "01/28/15 11:03:00",
  "value" : "10"
},{
  "dateTime" : "01/28/15 12:25:00",
  "value" : "10"
},{
  "dateTime" : "01/28/15 13:22:00",
  "value" : "10"
},{
  "dateTime" : "01/28/15 13:54:00",
  "value" : "30"
},{
  "dateTime" : "01/28/15 13:55:00",
  "value" : "40"
},{
  "dateTime" : "01/28/15 14:57:00",
  "value" : "10"
},{
  "dateTime" : "01/28/15 17:00:00",
  "value" : "10"
},{
  "dateTime" : "01/28/15 17:26:00",
  "value" : "10"
},{
  "dateTime" : "01/28/15 18:45:00",
  "value" : "10"
},{
  "dateTime" : "01/28/15 20:07:00",
  "value" : "10"
},{
  "dateTime" : "01/28/15 20:08:00",
  "value" : "10"
},{
  "dateTime" : "01/29/15 00:40:00",
  "value" : "10"
},{
  "dateTime" : "01/29/15 01:31:00",
  "value" : "10"
},{
  "dateTime" : "01/29/15 08:38:00",
  "value" : "10"
},{
  "dateTime" : "01/29/15 08:57:00",
  "value" : "10"
},{
  "dateTime" : "01/29/15 09:56:00",
  "value" : "10"
},{
  "dateTime" : "01/29/15 09:57:00",
  "value" : "10"
},{
  "dateTime" : "01/29/15 13:38:00",
  "value" : "10"
},{
  "dateTime" : "01/29/15 14:28:00",
  "value" : "10"
},{
  "dateTime" : "01/29/15 15:17:00",
  "value" : "10"
},{
  "dateTime" : "01/29/15 15:18:00",
  "value" : "10"
},{
  "dateTime" : "01/29/15 15:45:00",
  "value" : "10"
},{
  "dateTime" : "01/29/15 15:53:00",
  "value" : "10"
},{
  "dateTime" : "01/29/15 15:54:00",
  "value" : "10"
},{
  "dateTime" : "01/29/15 16:42:00",
  "value" : "10"
},{
  "dateTime" : "01/29/15 19:43:00",
  "value" : "10"
},{
  "dateTime" : "01/29/15 20:51:00",
  "value" : "10"
},{
  "dateTime" : "01/30/15 13:20:00",
  "value" : "10"
},{
  "dateTime" : "01/30/15 14:49:00",
  "value" : "10"
},{
  "dateTime" : "01/30/15 14:50:00",
  "value" : "10"
},{
  "dateTime" : "01/30/15 14:51:00",
  "value" : "10"
},{
  "dateTime" : "01/30/15 14:52:00",
  "value" : "20"
},{
  "dateTime" : "01/30/15 15:17:00",
  "value" : "20"
},{
  "dateTime" : "01/30/15 15:18:00",
  "value" : "20"
},{
  "dateTime" : "01/30/15 15:19:00",
  "value" : "20"
},{
  "dateTime" : "01/30/15 15:20:00",
  "value" : "20"
},{
  "dateTime" : "01/30/15 15:40:00",
  "value" : "30"
},{
  "dateTime" : "01/30/15 15:59:00",
  "value" : "10"
},{
  "dateTime" : "01/30/15 16:00:00",
  "value" : "10"
},{
  "dateTime" : "01/30/15 16:02:00",
  "value" : "10"
},{
  "dateTime" : "01/30/15 16:59:00",
  "value" : "20"
},{
  "dateTime" : "01/30/15 21:03:00",
  "value" : "10"
},{
  "dateTime" : "01/30/15 23:07:00",
  "value" : "10"
},{
  "dateTime" : "01/31/15 09:27:00",
  "value" : "10"
},{
  "dateTime" : "01/31/15 09:28:00",
  "value" : "10"
},{
  "dateTime" : "01/31/15 09:29:00",
  "value" : "10"
},{
  "dateTime" : "01/31/15 10:22:00",
  "value" : "10"
},{
  "dateTime" : "01/31/15 10:59:00",
  "value" : "20"
},{
  "dateTime" : "01/31/15 11:18:00",
  "value" : "20"
},{
  "dateTime" : "01/31/15 11:38:00",
  "value" : "20"
},{
  "dateTime" : "01/31/15 11:39:00",
  "value" : "40"
},{
  "dateTime" : "01/31/15 11:40:00",
  "value" : "10"
},{
  "dateTime" : "01/31/15 12:05:00",
  "value" : "10"
},{
  "dateTime" : "01/31/15 14:23:00",
  "value" : "10"
},{
  "dateTime" : "01/31/15 14:24:00",
  "value" : "10"
},{
  "dateTime" : "02/01/15 00:14:00",
  "value" : "10"
},{
  "dateTime" : "02/01/15 01:39:00",
  "value" : "10"
},{
  "dateTime" : "02/01/15 09:15:00",
  "value" : "10"
},{
  "dateTime" : "02/01/15 12:23:00",
  "value" : "10"
},{
  "dateTime" : "02/01/15 13:10:00",
  "value" : "10"
},{
  "dateTime" : "02/01/15 14:02:00",
  "value" : "10"
},{
  "dateTime" : "02/01/15 17:49:00",
  "value" : "10"
},{
  "dateTime" : "02/01/15 19:44:00",
  "value" : "10"
},{
  "dateTime" : "02/01/15 20:06:00",
  "value" : "10"
},{
  "dateTime" : "02/01/15 20:32:00",
  "value" : "10"
},{
  "dateTime" : "02/01/15 20:40:00",
  "value" : "10"
},{
  "dateTime" : "02/01/15 21:01:00",
  "value" : "10"
},{
  "dateTime" : "02/01/15 21:17:00",
  "value" : "10"
},{
  "dateTime" : "02/01/15 23:31:00",
  "value" : "10"
},{
  "dateTime" : "02/01/15 23:32:00",
  "value" : "10"
},{
  "dateTime" : "02/02/15 08:29:00",
  "value" : "10"
},{
  "dateTime" : "02/02/15 08:30:00",
  "value" : "10"
},{
  "dateTime" : "02/02/15 08:31:00",
  "value" : "10"
},{
  "dateTime" : "02/02/15 08:45:00",
  "value" : "10"
},{
  "dateTime" : "02/02/15 13:01:00",
  "value" : "10"
},{
  "dateTime" : "02/02/15 13:30:00",
  "value" : "10"
},{
  "dateTime" : "02/02/15 13:46:00",
  "value" : "10"
},{
  "dateTime" : "02/02/15 13:47:00",
  "value" : "10"
},{
  "dateTime" : "02/02/15 14:27:00",
  "value" : "10"
},{
  "dateTime" : "02/02/15 14:28:00",
  "value" : "10"
},{
  "dateTime" : "02/02/15 15:55:00",
  "value" : "30"
},{
  "dateTime" : "02/02/15 15:56:00",
  "value" : "10"
},{
  "dateTime" : "02/02/15 15:57:00",
  "value" : "30"
},{
  "dateTime" : "02/02/15 15:58:00",
  "value" : "20"
},{
  "dateTime" : "02/02/15 16:35:00",
  "value" : "20"
},{
  "dateTime" : "02/02/15 18:02:00",
  "value" : "10"
},{
  "dateTime" : "02/02/15 18:03:00",
  "value" : "10"
},{
  "dateTime" : "02/02/15 20:13:00",
  "value" : "20"
},{
  "dateTime" : "02/02/15 20:14:00",
  "value" : "10"
},{
  "dateTime" : "02/02/15 20:29:00",
  "value" : "10"
},{
  "dateTime" : "02/02/15 21:11:00",
  "value" : "20"
},{
  "dateTime" : "02/02/15 21:12:00",
  "value" : "10"
},{
  "dateTime" : "02/02/15 21:22:00",
  "value" : "10"
},{
  "dateTime" : "02/03/15 01:02:00",
  "value" : "10"
},{
  "dateTime" : "02/03/15 08:02:00",
  "value" : "10"
},{
  "dateTime" : "02/03/15 09:18:00",
  "value" : "10"
},{
  "dateTime" : "02/03/15 11:02:00",
  "value" : "10"
},{
  "dateTime" : "02/03/15 13:39:00",
  "value" : "10"
},{
  "dateTime" : "02/03/15 13:40:00",
  "value" : "10"
},{
  "dateTime" : "02/03/15 14:02:00",
  "value" : "10"
},{
  "dateTime" : "02/03/15 16:41:00",
  "value" : "10"
},{
  "dateTime" : "02/03/15 16:42:00",
  "value" : "10"
},{
  "dateTime" : "02/03/15 17:03:00",
  "value" : "10"
},{
  "dateTime" : "02/03/15 19:35:00",
  "value" : "10"
},{
  "dateTime" : "02/03/15 21:16:00",
  "value" : "10"
},{
  "dateTime" : "02/03/15 21:47:00",
  "value" : "10"
},{
  "dateTime" : "02/04/15 00:32:00",
  "value" : "10"
},{
  "dateTime" : "02/04/15 09:54:00",
  "value" : "10"
},{
  "dateTime" : "02/04/15 11:17:00",
  "value" : "10"
},{
  "dateTime" : "02/04/15 12:30:00",
  "value" : "10"
},{
  "dateTime" : "02/04/15 16:00:00",
  "value" : "10"
},{
  "dateTime" : "02/04/15 16:01:00",
  "value" : "10"
},{
  "dateTime" : "02/04/15 16:24:00",
  "value" : "10"
},{
  "dateTime" : "02/04/15 17:05:00",
  "value" : "10"
},{
  "dateTime" : "02/05/15 07:58:00",
  "value" : "10"
},{
  "dateTime" : "02/05/15 07:59:00",
  "value" : "10"
},{
  "dateTime" : "02/05/15 08:42:00",
  "value" : "10"
},{
  "dateTime" : "02/05/15 09:13:00",
  "value" : "10"
},{
  "dateTime" : "02/05/15 11:09:00",
  "value" : "10"
},{
  "dateTime" : "02/05/15 12:09:00",
  "value" : "10"
},{
  "dateTime" : "02/05/15 14:17:00",
  "value" : "10"
},{
  "dateTime" : "02/05/15 14:46:00",
  "value" : "10"
},{
  "dateTime" : "02/05/15 14:47:00",
  "value" : "10"
},{
  "dateTime" : "02/05/15 15:44:00",
  "value" : "20"
},{
  "dateTime" : "02/05/15 17:02:00",
  "value" : "10"
},{
  "dateTime" : "02/05/15 17:25:00",
  "value" : "10"
},{
  "dateTime" : "02/05/15 20:37:00",
  "value" : "10"
},{
  "dateTime" : "02/05/15 21:09:00",
  "value" : "10"
},{
  "dateTime" : "02/05/15 21:33:00",
  "value" : "10"
},{
  "dateTime" : "02/05/15 21:41:00",
  "value" : "10"
},{
  "dateTime" : "02/06/15 09:53:00",
  "value" : "10"
},{
  "dateTime" : "02/06/15 14:11:00",
  "value" : "10"
},{
  "dateTime" : "02/06/15 14:12:00",
  "value" : "10"
},{
  "dateTime" : "02/06/15 17:52:00",
  "value" : "10"
},{
  "dateTime" : "02/06/15 18:13:00",
  "value" : "10"
},{
  "dateTime" : "02/06/15 20:09:00",
  "value" : "10"
},{
  "dateTime" : "02/07/15 12:57:00",
  "value" : "10"
},{
  "dateTime" : "02/07/15 12:58:00",
  "value" : "10"
},{
  "dateTime" : "02/07/15 13:54:00",
  "value" : "10"
},{
  "dateTime" : "02/07/15 14:31:00",
  "value" : "10"
},{
  "dateTime" : "02/07/15 15:13:00",
  "value" : "10"
},{
  "dateTime" : "02/07/15 16:01:00",
  "value" : "10"
},{
  "dateTime" : "02/07/15 16:02:00",
  "value" : "10"
},{
  "dateTime" : "02/07/15 18:30:00",
  "value" : "10"
},{
  "dateTime" : "02/08/15 02:05:00",
  "value" : "10"
},{
  "dateTime" : "02/08/15 08:09:00",
  "value" : "10"
},{
  "dateTime" : "02/08/15 14:02:00",
  "value" : "10"
},{
  "dateTime" : "02/08/15 19:50:00",
  "value" : "10"
}]