[{
  "dateTime" : "09/01/16 00:04:00",
  "value" : "10"
},{
  "dateTime" : "09/01/16 08:52:00",
  "value" : "10"
},{
  "dateTime" : "09/01/16 10:23:00",
  "value" : "10"
},{
  "dateTime" : "09/01/16 13:24:00",
  "value" : "10"
},{
  "dateTime" : "09/01/16 14:29:00",
  "value" : "10"
},{
  "dateTime" : "09/01/16 15:20:00",
  "value" : "10"
},{
  "dateTime" : "09/01/16 18:26:00",
  "value" : "10"
},{
  "dateTime" : "09/01/16 20:14:00",
  "value" : "10"
},{
  "dateTime" : "09/02/16 08:59:00",
  "value" : "10"
},{
  "dateTime" : "09/02/16 09:44:00",
  "value" : "10"
},{
  "dateTime" : "09/02/16 11:11:00",
  "value" : "10"
},{
  "dateTime" : "09/02/16 13:58:00",
  "value" : "20"
},{
  "dateTime" : "09/02/16 15:46:00",
  "value" : "10"
},{
  "dateTime" : "09/02/16 17:04:00",
  "value" : "10"
},{
  "dateTime" : "09/02/16 18:04:00",
  "value" : "10"
},{
  "dateTime" : "09/02/16 18:05:00",
  "value" : "10"
},{
  "dateTime" : "09/03/16 07:37:00",
  "value" : "10"
},{
  "dateTime" : "09/03/16 09:28:00",
  "value" : "10"
},{
  "dateTime" : "09/03/16 10:07:00",
  "value" : "10"
},{
  "dateTime" : "09/03/16 10:29:00",
  "value" : "10"
},{
  "dateTime" : "09/03/16 10:51:00",
  "value" : "10"
},{
  "dateTime" : "09/03/16 11:01:00",
  "value" : "10"
},{
  "dateTime" : "09/03/16 19:21:00",
  "value" : "30"
},{
  "dateTime" : "09/03/16 19:22:00",
  "value" : "10"
},{
  "dateTime" : "09/03/16 19:23:00",
  "value" : "10"
},{
  "dateTime" : "09/03/16 21:59:00",
  "value" : "10"
},{
  "dateTime" : "09/04/16 08:35:00",
  "value" : "10"
},{
  "dateTime" : "09/04/16 09:28:00",
  "value" : "10"
},{
  "dateTime" : "09/04/16 09:58:00",
  "value" : "10"
},{
  "dateTime" : "09/04/16 10:27:00",
  "value" : "10"
},{
  "dateTime" : "09/04/16 10:54:00",
  "value" : "10"
},{
  "dateTime" : "09/04/16 11:15:00",
  "value" : "20"
},{
  "dateTime" : "09/04/16 11:16:00",
  "value" : "20"
},{
  "dateTime" : "09/04/16 11:17:00",
  "value" : "10"
},{
  "dateTime" : "09/04/16 11:18:00",
  "value" : "10"
},{
  "dateTime" : "09/04/16 11:19:00",
  "value" : "10"
},{
  "dateTime" : "09/04/16 11:20:00",
  "value" : "10"
},{
  "dateTime" : "09/04/16 11:21:00",
  "value" : "20"
},{
  "dateTime" : "09/04/16 11:22:00",
  "value" : "10"
},{
  "dateTime" : "09/04/16 11:23:00",
  "value" : "20"
},{
  "dateTime" : "09/04/16 11:24:00",
  "value" : "10"
},{
  "dateTime" : "09/04/16 11:25:00",
  "value" : "20"
},{
  "dateTime" : "09/04/16 11:26:00",
  "value" : "10"
},{
  "dateTime" : "09/04/16 11:27:00",
  "value" : "30"
},{
  "dateTime" : "09/04/16 11:28:00",
  "value" : "10"
},{
  "dateTime" : "09/04/16 11:29:00",
  "value" : "20"
},{
  "dateTime" : "09/04/16 11:30:00",
  "value" : "20"
},{
  "dateTime" : "09/04/16 11:31:00",
  "value" : "40"
},{
  "dateTime" : "09/04/16 11:32:00",
  "value" : "20"
},{
  "dateTime" : "09/04/16 12:34:00",
  "value" : "10"
},{
  "dateTime" : "09/04/16 16:33:00",
  "value" : "10"
},{
  "dateTime" : "09/04/16 16:41:00",
  "value" : "10"
},{
  "dateTime" : "09/04/16 16:42:00",
  "value" : "10"
},{
  "dateTime" : "09/04/16 16:43:00",
  "value" : "10"
},{
  "dateTime" : "09/04/16 16:57:00",
  "value" : "10"
},{
  "dateTime" : "09/04/16 17:21:00",
  "value" : "20"
},{
  "dateTime" : "09/04/16 17:22:00",
  "value" : "20"
},{
  "dateTime" : "09/04/16 17:23:00",
  "value" : "30"
},{
  "dateTime" : "09/04/16 17:24:00",
  "value" : "10"
},{
  "dateTime" : "09/04/16 20:32:00",
  "value" : "10"
},{
  "dateTime" : "09/04/16 21:38:00",
  "value" : "10"
},{
  "dateTime" : "09/04/16 22:51:00",
  "value" : "10"
},{
  "dateTime" : "09/04/16 23:39:00",
  "value" : "10"
},{
  "dateTime" : "09/05/16 09:59:00",
  "value" : "10"
},{
  "dateTime" : "09/05/16 10:38:00",
  "value" : "10"
},{
  "dateTime" : "09/05/16 11:06:00",
  "value" : "10"
},{
  "dateTime" : "09/05/16 12:40:00",
  "value" : "10"
},{
  "dateTime" : "09/05/16 13:26:00",
  "value" : "10"
},{
  "dateTime" : "09/05/16 13:27:00",
  "value" : "10"
},{
  "dateTime" : "09/05/16 14:26:00",
  "value" : "10"
},{
  "dateTime" : "09/05/16 14:51:00",
  "value" : "20"
},{
  "dateTime" : "09/05/16 16:12:00",
  "value" : "10"
},{
  "dateTime" : "09/05/16 18:50:00",
  "value" : "20"
},{
  "dateTime" : "09/05/16 18:51:00",
  "value" : "10"
},{
  "dateTime" : "09/05/16 19:41:00",
  "value" : "10"
},{
  "dateTime" : "09/06/16 09:32:00",
  "value" : "10"
},{
  "dateTime" : "09/06/16 09:42:00",
  "value" : "10"
},{
  "dateTime" : "09/06/16 12:04:00",
  "value" : "10"
},{
  "dateTime" : "09/06/16 18:21:00",
  "value" : "10"
},{
  "dateTime" : "09/06/16 20:24:00",
  "value" : "10"
},{
  "dateTime" : "09/06/16 20:31:00",
  "value" : "10"
},{
  "dateTime" : "09/06/16 20:56:00",
  "value" : "10"
},{
  "dateTime" : "09/07/16 08:06:00",
  "value" : "10"
},{
  "dateTime" : "09/07/16 08:58:00",
  "value" : "10"
},{
  "dateTime" : "09/07/16 08:59:00",
  "value" : "10"
},{
  "dateTime" : "09/07/16 09:16:00",
  "value" : "10"
},{
  "dateTime" : "09/07/16 09:39:00",
  "value" : "10"
},{
  "dateTime" : "09/07/16 11:09:00",
  "value" : "10"
},{
  "dateTime" : "09/07/16 14:55:00",
  "value" : "10"
},{
  "dateTime" : "09/07/16 14:58:00",
  "value" : "20"
},{
  "dateTime" : "09/07/16 17:53:00",
  "value" : "20"
},{
  "dateTime" : "09/07/16 20:56:00",
  "value" : "20"
},{
  "dateTime" : "09/07/16 21:29:00",
  "value" : "10"
},{
  "dateTime" : "09/08/16 08:48:00",
  "value" : "10"
},{
  "dateTime" : "09/08/16 13:44:00",
  "value" : "10"
},{
  "dateTime" : "09/08/16 15:38:00",
  "value" : "10"
},{
  "dateTime" : "09/08/16 16:10:00",
  "value" : "10"
},{
  "dateTime" : "09/08/16 16:14:00",
  "value" : "10"
},{
  "dateTime" : "09/08/16 17:46:00",
  "value" : "10"
},{
  "dateTime" : "09/08/16 21:47:00",
  "value" : "10"
},{
  "dateTime" : "09/08/16 21:48:00",
  "value" : "10"
},{
  "dateTime" : "09/09/16 05:57:00",
  "value" : "10"
},{
  "dateTime" : "09/09/16 10:36:00",
  "value" : "10"
},{
  "dateTime" : "09/09/16 11:40:00",
  "value" : "10"
},{
  "dateTime" : "09/09/16 12:40:00",
  "value" : "10"
},{
  "dateTime" : "09/09/16 13:43:00",
  "value" : "10"
},{
  "dateTime" : "09/09/16 14:21:00",
  "value" : "10"
},{
  "dateTime" : "09/09/16 14:45:00",
  "value" : "10"
},{
  "dateTime" : "09/09/16 16:37:00",
  "value" : "10"
},{
  "dateTime" : "09/09/16 16:38:00",
  "value" : "10"
},{
  "dateTime" : "09/09/16 17:14:00",
  "value" : "10"
},{
  "dateTime" : "09/09/16 19:56:00",
  "value" : "10"
},{
  "dateTime" : "09/09/16 22:01:00",
  "value" : "10"
},{
  "dateTime" : "09/10/16 09:38:00",
  "value" : "10"
},{
  "dateTime" : "09/10/16 11:22:00",
  "value" : "10"
},{
  "dateTime" : "09/10/16 16:42:00",
  "value" : "10"
},{
  "dateTime" : "09/10/16 17:18:00",
  "value" : "10"
},{
  "dateTime" : "09/10/16 18:47:00",
  "value" : "10"
},{
  "dateTime" : "09/10/16 19:38:00",
  "value" : "10"
},{
  "dateTime" : "09/10/16 19:39:00",
  "value" : "10"
},{
  "dateTime" : "09/10/16 23:47:00",
  "value" : "10"
},{
  "dateTime" : "09/11/16 00:44:00",
  "value" : "10"
},{
  "dateTime" : "09/11/16 00:45:00",
  "value" : "10"
},{
  "dateTime" : "09/11/16 00:46:00",
  "value" : "10"
},{
  "dateTime" : "09/11/16 12:59:00",
  "value" : "10"
},{
  "dateTime" : "09/11/16 13:00:00",
  "value" : "10"
},{
  "dateTime" : "09/11/16 14:45:00",
  "value" : "10"
},{
  "dateTime" : "09/11/16 16:00:00",
  "value" : "10"
},{
  "dateTime" : "09/11/16 19:02:00",
  "value" : "10"
},{
  "dateTime" : "09/11/16 21:50:00",
  "value" : "10"
},{
  "dateTime" : "09/11/16 23:39:00",
  "value" : "10"
},{
  "dateTime" : "09/12/16 13:44:00",
  "value" : "10"
},{
  "dateTime" : "09/12/16 14:43:00",
  "value" : "20"
},{
  "dateTime" : "09/12/16 17:35:00",
  "value" : "20"
},{
  "dateTime" : "09/12/16 17:36:00",
  "value" : "10"
},{
  "dateTime" : "09/12/16 20:46:00",
  "value" : "20"
},{
  "dateTime" : "09/12/16 21:09:00",
  "value" : "10"
},{
  "dateTime" : "09/12/16 22:00:00",
  "value" : "10"
},{
  "dateTime" : "09/12/16 23:29:00",
  "value" : "10"
},{
  "dateTime" : "09/13/16 08:38:00",
  "value" : "10"
},{
  "dateTime" : "09/13/16 09:32:00",
  "value" : "10"
},{
  "dateTime" : "09/13/16 09:33:00",
  "value" : "10"
},{
  "dateTime" : "09/13/16 11:50:00",
  "value" : "10"
},{
  "dateTime" : "09/13/16 15:57:00",
  "value" : "10"
},{
  "dateTime" : "09/13/16 17:14:00",
  "value" : "20"
},{
  "dateTime" : "09/13/16 18:47:00",
  "value" : "10"
},{
  "dateTime" : "09/13/16 20:06:00",
  "value" : "10"
},{
  "dateTime" : "09/14/16 08:44:00",
  "value" : "10"
},{
  "dateTime" : "09/14/16 10:36:00",
  "value" : "10"
},{
  "dateTime" : "09/14/16 11:11:00",
  "value" : "20"
},{
  "dateTime" : "09/14/16 15:12:00",
  "value" : "20"
},{
  "dateTime" : "09/14/16 17:38:00",
  "value" : "10"
},{
  "dateTime" : "09/14/16 17:39:00",
  "value" : "10"
},{
  "dateTime" : "09/14/16 20:50:00",
  "value" : "20"
},{
  "dateTime" : "09/14/16 20:51:00",
  "value" : "20"
},{
  "dateTime" : "09/14/16 21:19:00",
  "value" : "10"
},{
  "dateTime" : "09/15/16 09:54:00",
  "value" : "10"
},{
  "dateTime" : "09/15/16 10:06:00",
  "value" : "10"
},{
  "dateTime" : "09/15/16 11:12:00",
  "value" : "10"
},{
  "dateTime" : "09/15/16 11:13:00",
  "value" : "10"
},{
  "dateTime" : "09/15/16 11:14:00",
  "value" : "10"
},{
  "dateTime" : "09/15/16 12:03:00",
  "value" : "40"
},{
  "dateTime" : "09/15/16 12:39:00",
  "value" : "10"
},{
  "dateTime" : "09/15/16 12:40:00",
  "value" : "10"
},{
  "dateTime" : "09/15/16 21:22:00",
  "value" : "10"
},{
  "dateTime" : "09/16/16 05:28:00",
  "value" : "10"
},{
  "dateTime" : "09/16/16 08:12:00",
  "value" : "10"
},{
  "dateTime" : "09/16/16 08:15:00",
  "value" : "10"
},{
  "dateTime" : "09/16/16 10:19:00",
  "value" : "10"
},{
  "dateTime" : "09/16/16 11:27:00",
  "value" : "20"
},{
  "dateTime" : "09/16/16 13:40:00",
  "value" : "10"
},{
  "dateTime" : "09/16/16 23:21:00",
  "value" : "10"
},{
  "dateTime" : "09/18/16 08:01:00",
  "value" : "10"
},{
  "dateTime" : "09/18/16 10:03:00",
  "value" : "10"
},{
  "dateTime" : "09/18/16 16:08:00",
  "value" : "10"
},{
  "dateTime" : "09/18/16 20:02:00",
  "value" : "10"
},{
  "dateTime" : "09/19/16 10:41:00",
  "value" : "10"
},{
  "dateTime" : "09/19/16 10:42:00",
  "value" : "20"
},{
  "dateTime" : "09/19/16 13:06:00",
  "value" : "10"
},{
  "dateTime" : "09/19/16 13:39:00",
  "value" : "10"
},{
  "dateTime" : "09/19/16 13:40:00",
  "value" : "10"
},{
  "dateTime" : "09/19/16 14:12:00",
  "value" : "10"
},{
  "dateTime" : "09/19/16 14:31:00",
  "value" : "10"
},{
  "dateTime" : "09/19/16 14:32:00",
  "value" : "10"
},{
  "dateTime" : "09/19/16 15:06:00",
  "value" : "20"
},{
  "dateTime" : "09/19/16 17:14:00",
  "value" : "30"
},{
  "dateTime" : "09/20/16 04:49:00",
  "value" : "10"
},{
  "dateTime" : "09/20/16 08:24:00",
  "value" : "10"
},{
  "dateTime" : "09/20/16 08:41:00",
  "value" : "10"
},{
  "dateTime" : "09/20/16 08:42:00",
  "value" : "10"
},{
  "dateTime" : "09/20/16 09:57:00",
  "value" : "10"
},{
  "dateTime" : "09/20/16 11:45:00",
  "value" : "10"
},{
  "dateTime" : "09/20/16 11:46:00",
  "value" : "10"
},{
  "dateTime" : "09/20/16 17:28:00",
  "value" : "10"
},{
  "dateTime" : "09/20/16 17:29:00",
  "value" : "10"
},{
  "dateTime" : "09/20/16 22:39:00",
  "value" : "10"
},{
  "dateTime" : "09/21/16 12:59:00",
  "value" : "20"
},{
  "dateTime" : "09/21/16 14:54:00",
  "value" : "10"
},{
  "dateTime" : "09/21/16 18:02:00",
  "value" : "20"
},{
  "dateTime" : "09/21/16 21:05:00",
  "value" : "10"
},{
  "dateTime" : "09/21/16 21:06:00",
  "value" : "10"
},{
  "dateTime" : "09/22/16 07:29:00",
  "value" : "20"
},{
  "dateTime" : "09/22/16 16:32:00",
  "value" : "10"
},{
  "dateTime" : "09/22/16 17:00:00",
  "value" : "10"
},{
  "dateTime" : "09/22/16 18:43:00",
  "value" : "10"
},{
  "dateTime" : "09/22/16 21:13:00",
  "value" : "10"
},{
  "dateTime" : "09/23/16 08:32:00",
  "value" : "10"
},{
  "dateTime" : "09/23/16 09:19:00",
  "value" : "10"
},{
  "dateTime" : "09/23/16 09:55:00",
  "value" : "10"
},{
  "dateTime" : "09/23/16 11:23:00",
  "value" : "10"
},{
  "dateTime" : "09/23/16 16:21:00",
  "value" : "10"
},{
  "dateTime" : "09/23/16 16:55:00",
  "value" : "10"
},{
  "dateTime" : "09/23/16 19:36:00",
  "value" : "20"
},{
  "dateTime" : "09/23/16 20:51:00",
  "value" : "10"
},{
  "dateTime" : "09/23/16 23:56:00",
  "value" : "10"
},{
  "dateTime" : "09/24/16 10:45:00",
  "value" : "10"
},{
  "dateTime" : "09/24/16 10:46:00",
  "value" : "10"
},{
  "dateTime" : "09/24/16 14:56:00",
  "value" : "10"
},{
  "dateTime" : "09/24/16 14:57:00",
  "value" : "10"
},{
  "dateTime" : "09/24/16 18:13:00",
  "value" : "10"
},{
  "dateTime" : "09/24/16 21:18:00",
  "value" : "20"
},{
  "dateTime" : "09/24/16 21:19:00",
  "value" : "10"
},{
  "dateTime" : "09/24/16 21:20:00",
  "value" : "10"
},{
  "dateTime" : "09/24/16 21:38:00",
  "value" : "20"
},{
  "dateTime" : "09/25/16 09:06:00",
  "value" : "10"
},{
  "dateTime" : "09/25/16 16:12:00",
  "value" : "10"
},{
  "dateTime" : "09/25/16 16:13:00",
  "value" : "10"
},{
  "dateTime" : "09/25/16 17:29:00",
  "value" : "10"
},{
  "dateTime" : "09/25/16 17:30:00",
  "value" : "10"
},{
  "dateTime" : "09/25/16 17:31:00",
  "value" : "10"
},{
  "dateTime" : "09/25/16 18:13:00",
  "value" : "10"
},{
  "dateTime" : "09/25/16 18:46:00",
  "value" : "10"
},{
  "dateTime" : "09/25/16 18:47:00",
  "value" : "10"
},{
  "dateTime" : "09/25/16 18:48:00",
  "value" : "10"
},{
  "dateTime" : "09/25/16 19:39:00",
  "value" : "10"
},{
  "dateTime" : "09/25/16 20:30:00",
  "value" : "20"
},{
  "dateTime" : "09/26/16 08:16:00",
  "value" : "10"
},{
  "dateTime" : "09/26/16 08:41:00",
  "value" : "10"
},{
  "dateTime" : "09/26/16 11:01:00",
  "value" : "10"
},{
  "dateTime" : "09/26/16 11:09:00",
  "value" : "10"
},{
  "dateTime" : "09/26/16 11:31:00",
  "value" : "10"
},{
  "dateTime" : "09/26/16 12:46:00",
  "value" : "10"
},{
  "dateTime" : "09/26/16 14:14:00",
  "value" : "10"
},{
  "dateTime" : "09/26/16 14:15:00",
  "value" : "10"
},{
  "dateTime" : "09/26/16 17:50:00",
  "value" : "10"
},{
  "dateTime" : "09/26/16 17:51:00",
  "value" : "30"
},{
  "dateTime" : "09/26/16 17:52:00",
  "value" : "10"
},{
  "dateTime" : "09/26/16 21:04:00",
  "value" : "10"
},{
  "dateTime" : "09/26/16 23:29:00",
  "value" : "10"
},{
  "dateTime" : "09/27/16 08:34:00",
  "value" : "10"
},{
  "dateTime" : "09/27/16 09:00:00",
  "value" : "10"
},{
  "dateTime" : "09/27/16 14:19:00",
  "value" : "10"
},{
  "dateTime" : "09/27/16 14:20:00",
  "value" : "10"
},{
  "dateTime" : "09/27/16 15:07:00",
  "value" : "10"
},{
  "dateTime" : "09/27/16 15:33:00",
  "value" : "10"
},{
  "dateTime" : "09/27/16 18:54:00",
  "value" : "10"
},{
  "dateTime" : "09/27/16 19:02:00",
  "value" : "10"
},{
  "dateTime" : "09/27/16 19:55:00",
  "value" : "10"
},{
  "dateTime" : "09/27/16 20:50:00",
  "value" : "10"
},{
  "dateTime" : "09/27/16 22:38:00",
  "value" : "10"
},{
  "dateTime" : "09/28/16 09:00:00",
  "value" : "10"
},{
  "dateTime" : "09/28/16 15:01:00",
  "value" : "10"
},{
  "dateTime" : "09/28/16 17:41:00",
  "value" : "10"
},{
  "dateTime" : "09/28/16 20:49:00",
  "value" : "10"
},{
  "dateTime" : "09/28/16 20:50:00",
  "value" : "20"
},{
  "dateTime" : "09/29/16 04:07:00",
  "value" : "10"
},{
  "dateTime" : "09/29/16 08:51:00",
  "value" : "10"
},{
  "dateTime" : "09/29/16 15:31:00",
  "value" : "10"
},{
  "dateTime" : "09/29/16 16:41:00",
  "value" : "10"
},{
  "dateTime" : "09/29/16 16:42:00",
  "value" : "10"
},{
  "dateTime" : "09/29/16 19:39:00",
  "value" : "10"
},{
  "dateTime" : "09/30/16 05:14:00",
  "value" : "10"
},{
  "dateTime" : "09/30/16 13:18:00",
  "value" : "10"
},{
  "dateTime" : "09/30/16 19:21:00",
  "value" : "10"
},{
  "dateTime" : "09/30/16 22:20:00",
  "value" : "10"
},{
  "dateTime" : "09/30/16 22:21:00",
  "value" : "10"
},{
  "dateTime" : "09/30/16 22:51:00",
  "value" : "10"
},{
  "dateTime" : "09/30/16 22:52:00",
  "value" : "20"
},{
  "dateTime" : "09/30/16 22:53:00",
  "value" : "10"
}]