[{
  "dateTime" : "02/04/16 08:20:00",
  "value" : "10"
},{
  "dateTime" : "02/04/16 09:25:00",
  "value" : "10"
},{
  "dateTime" : "02/04/16 09:26:00",
  "value" : "10"
},{
  "dateTime" : "02/04/16 12:00:00",
  "value" : "10"
},{
  "dateTime" : "02/04/16 16:54:00",
  "value" : "10"
},{
  "dateTime" : "02/04/16 17:02:00",
  "value" : "10"
},{
  "dateTime" : "02/04/16 17:03:00",
  "value" : "10"
},{
  "dateTime" : "02/04/16 17:23:00",
  "value" : "10"
},{
  "dateTime" : "02/04/16 20:11:00",
  "value" : "10"
},{
  "dateTime" : "02/04/16 21:38:00",
  "value" : "10"
},{
  "dateTime" : "02/05/16 08:43:00",
  "value" : "10"
},{
  "dateTime" : "02/05/16 08:44:00",
  "value" : "10"
},{
  "dateTime" : "02/05/16 09:13:00",
  "value" : "10"
},{
  "dateTime" : "02/05/16 09:21:00",
  "value" : "10"
},{
  "dateTime" : "02/05/16 09:22:00",
  "value" : "10"
},{
  "dateTime" : "02/05/16 09:23:00",
  "value" : "10"
},{
  "dateTime" : "02/05/16 09:24:00",
  "value" : "10"
},{
  "dateTime" : "02/05/16 09:25:00",
  "value" : "10"
},{
  "dateTime" : "02/05/16 20:09:00",
  "value" : "10"
},{
  "dateTime" : "02/05/16 20:10:00",
  "value" : "10"
},{
  "dateTime" : "02/05/16 20:27:00",
  "value" : "10"
},{
  "dateTime" : "02/05/16 20:28:00",
  "value" : "10"
},{
  "dateTime" : "02/05/16 20:59:00",
  "value" : "10"
},{
  "dateTime" : "02/05/16 21:46:00",
  "value" : "10"
},{
  "dateTime" : "02/05/16 22:20:00",
  "value" : "10"
},{
  "dateTime" : "02/05/16 22:52:00",
  "value" : "10"
},{
  "dateTime" : "02/05/16 23:39:00",
  "value" : "10"
},{
  "dateTime" : "02/05/16 23:40:00",
  "value" : "10"
},{
  "dateTime" : "02/06/16 15:00:00",
  "value" : "10"
},{
  "dateTime" : "02/06/16 17:15:00",
  "value" : "10"
},{
  "dateTime" : "02/06/16 17:56:00",
  "value" : "10"
},{
  "dateTime" : "02/06/16 23:56:00",
  "value" : "10"
},{
  "dateTime" : "02/07/16 10:41:00",
  "value" : "10"
},{
  "dateTime" : "02/07/16 10:51:00",
  "value" : "10"
},{
  "dateTime" : "02/07/16 11:50:00",
  "value" : "10"
},{
  "dateTime" : "02/07/16 13:36:00",
  "value" : "10"
},{
  "dateTime" : "02/07/16 14:51:00",
  "value" : "10"
},{
  "dateTime" : "02/07/16 15:16:00",
  "value" : "10"
},{
  "dateTime" : "02/07/16 16:04:00",
  "value" : "10"
},{
  "dateTime" : "02/07/16 18:23:00",
  "value" : "10"
},{
  "dateTime" : "02/07/16 18:24:00",
  "value" : "10"
},{
  "dateTime" : "02/07/16 19:28:00",
  "value" : "10"
},{
  "dateTime" : "02/07/16 21:14:00",
  "value" : "10"
},{
  "dateTime" : "02/07/16 22:15:00",
  "value" : "10"
},{
  "dateTime" : "02/07/16 23:48:00",
  "value" : "10"
},{
  "dateTime" : "02/08/16 08:07:00",
  "value" : "10"
},{
  "dateTime" : "02/08/16 08:50:00",
  "value" : "10"
},{
  "dateTime" : "02/08/16 10:15:00",
  "value" : "20"
},{
  "dateTime" : "02/08/16 10:45:00",
  "value" : "10"
},{
  "dateTime" : "02/08/16 10:46:00",
  "value" : "10"
},{
  "dateTime" : "02/08/16 11:04:00",
  "value" : "10"
},{
  "dateTime" : "02/08/16 11:05:00",
  "value" : "10"
},{
  "dateTime" : "02/08/16 11:46:00",
  "value" : "10"
},{
  "dateTime" : "02/08/16 13:39:00",
  "value" : "10"
},{
  "dateTime" : "02/08/16 14:21:00",
  "value" : "20"
},{
  "dateTime" : "02/08/16 16:55:00",
  "value" : "20"
},{
  "dateTime" : "02/08/16 17:46:00",
  "value" : "10"
},{
  "dateTime" : "02/08/16 19:58:00",
  "value" : "10"
},{
  "dateTime" : "02/08/16 20:35:00",
  "value" : "10"
},{
  "dateTime" : "02/09/16 05:15:00",
  "value" : "10"
},{
  "dateTime" : "02/09/16 08:15:00",
  "value" : "10"
},{
  "dateTime" : "02/09/16 08:37:00",
  "value" : "10"
},{
  "dateTime" : "02/09/16 08:53:00",
  "value" : "10"
},{
  "dateTime" : "02/09/16 10:23:00",
  "value" : "10"
},{
  "dateTime" : "02/09/16 11:10:00",
  "value" : "10"
},{
  "dateTime" : "02/09/16 12:08:00",
  "value" : "10"
},{
  "dateTime" : "02/09/16 12:09:00",
  "value" : "10"
},{
  "dateTime" : "02/09/16 13:12:00",
  "value" : "10"
},{
  "dateTime" : "02/09/16 13:13:00",
  "value" : "10"
},{
  "dateTime" : "02/09/16 13:14:00",
  "value" : "10"
},{
  "dateTime" : "02/09/16 13:41:00",
  "value" : "10"
},{
  "dateTime" : "02/09/16 14:37:00",
  "value" : "20"
},{
  "dateTime" : "02/09/16 14:38:00",
  "value" : "10"
},{
  "dateTime" : "02/09/16 15:13:00",
  "value" : "20"
},{
  "dateTime" : "02/09/16 16:46:00",
  "value" : "10"
},{
  "dateTime" : "02/09/16 20:14:00",
  "value" : "10"
},{
  "dateTime" : "02/09/16 20:23:00",
  "value" : "10"
},{
  "dateTime" : "02/09/16 20:46:00",
  "value" : "10"
},{
  "dateTime" : "02/10/16 08:06:00",
  "value" : "10"
},{
  "dateTime" : "02/10/16 08:10:00",
  "value" : "10"
},{
  "dateTime" : "02/10/16 09:18:00",
  "value" : "10"
},{
  "dateTime" : "02/10/16 14:49:00",
  "value" : "30"
},{
  "dateTime" : "02/10/16 20:54:00",
  "value" : "10"
},{
  "dateTime" : "02/10/16 21:19:00",
  "value" : "10"
},{
  "dateTime" : "02/11/16 00:42:00",
  "value" : "10"
},{
  "dateTime" : "02/11/16 08:01:00",
  "value" : "10"
},{
  "dateTime" : "02/11/16 08:21:00",
  "value" : "10"
},{
  "dateTime" : "02/11/16 08:22:00",
  "value" : "10"
},{
  "dateTime" : "02/11/16 08:43:00",
  "value" : "10"
},{
  "dateTime" : "02/11/16 16:42:00",
  "value" : "10"
},{
  "dateTime" : "02/11/16 18:44:00",
  "value" : "10"
},{
  "dateTime" : "02/11/16 20:52:00",
  "value" : "10"
},{
  "dateTime" : "02/11/16 20:57:00",
  "value" : "10"
},{
  "dateTime" : "02/11/16 23:11:00",
  "value" : "10"
},{
  "dateTime" : "02/12/16 08:41:00",
  "value" : "10"
},{
  "dateTime" : "02/12/16 08:42:00",
  "value" : "20"
},{
  "dateTime" : "02/12/16 08:43:00",
  "value" : "10"
},{
  "dateTime" : "02/12/16 08:54:00",
  "value" : "10"
},{
  "dateTime" : "02/12/16 09:13:00",
  "value" : "10"
},{
  "dateTime" : "02/12/16 09:34:00",
  "value" : "10"
},{
  "dateTime" : "02/12/16 09:35:00",
  "value" : "10"
},{
  "dateTime" : "02/12/16 10:42:00",
  "value" : "10"
},{
  "dateTime" : "02/12/16 10:43:00",
  "value" : "10"
},{
  "dateTime" : "02/12/16 12:19:00",
  "value" : "10"
},{
  "dateTime" : "02/12/16 13:54:00",
  "value" : "10"
},{
  "dateTime" : "02/12/16 15:21:00",
  "value" : "10"
},{
  "dateTime" : "02/12/16 15:22:00",
  "value" : "10"
},{
  "dateTime" : "02/12/16 16:06:00",
  "value" : "10"
},{
  "dateTime" : "02/12/16 16:42:00",
  "value" : "10"
},{
  "dateTime" : "02/12/16 17:26:00",
  "value" : "10"
},{
  "dateTime" : "02/12/16 19:54:00",
  "value" : "20"
},{
  "dateTime" : "02/12/16 19:55:00",
  "value" : "10"
},{
  "dateTime" : "02/12/16 19:56:00",
  "value" : "10"
},{
  "dateTime" : "02/12/16 22:49:00",
  "value" : "10"
},{
  "dateTime" : "02/13/16 12:02:00",
  "value" : "10"
},{
  "dateTime" : "02/13/16 12:22:00",
  "value" : "10"
},{
  "dateTime" : "02/13/16 14:31:00",
  "value" : "10"
},{
  "dateTime" : "02/13/16 14:32:00",
  "value" : "10"
},{
  "dateTime" : "02/13/16 16:54:00",
  "value" : "10"
},{
  "dateTime" : "02/13/16 18:16:00",
  "value" : "10"
},{
  "dateTime" : "02/13/16 20:28:00",
  "value" : "10"
},{
  "dateTime" : "02/14/16 12:02:00",
  "value" : "10"
},{
  "dateTime" : "02/14/16 12:52:00",
  "value" : "10"
},{
  "dateTime" : "02/14/16 13:29:00",
  "value" : "10"
},{
  "dateTime" : "02/14/16 13:30:00",
  "value" : "10"
},{
  "dateTime" : "02/14/16 14:05:00",
  "value" : "10"
},{
  "dateTime" : "02/14/16 14:34:00",
  "value" : "10"
},{
  "dateTime" : "02/14/16 15:17:00",
  "value" : "10"
},{
  "dateTime" : "02/14/16 16:24:00",
  "value" : "10"
},{
  "dateTime" : "02/14/16 17:11:00",
  "value" : "10"
},{
  "dateTime" : "02/14/16 17:52:00",
  "value" : "30"
},{
  "dateTime" : "02/14/16 22:10:00",
  "value" : "10"
},{
  "dateTime" : "02/15/16 05:36:00",
  "value" : "10"
},{
  "dateTime" : "02/15/16 07:20:00",
  "value" : "10"
},{
  "dateTime" : "02/15/16 10:54:00",
  "value" : "10"
},{
  "dateTime" : "02/15/16 13:06:00",
  "value" : "10"
},{
  "dateTime" : "02/15/16 14:21:00",
  "value" : "10"
},{
  "dateTime" : "02/15/16 14:22:00",
  "value" : "10"
},{
  "dateTime" : "02/15/16 16:52:00",
  "value" : "20"
},{
  "dateTime" : "02/15/16 17:18:00",
  "value" : "10"
},{
  "dateTime" : "02/15/16 18:54:00",
  "value" : "10"
},{
  "dateTime" : "02/15/16 20:03:00",
  "value" : "10"
},{
  "dateTime" : "02/16/16 08:46:00",
  "value" : "10"
},{
  "dateTime" : "02/16/16 10:29:00",
  "value" : "10"
},{
  "dateTime" : "02/16/16 10:56:00",
  "value" : "10"
},{
  "dateTime" : "02/16/16 12:06:00",
  "value" : "10"
},{
  "dateTime" : "02/16/16 15:18:00",
  "value" : "10"
},{
  "dateTime" : "02/16/16 17:05:00",
  "value" : "10"
},{
  "dateTime" : "02/16/16 17:06:00",
  "value" : "10"
},{
  "dateTime" : "02/16/16 17:07:00",
  "value" : "10"
},{
  "dateTime" : "02/16/16 17:08:00",
  "value" : "10"
},{
  "dateTime" : "02/16/16 17:09:00",
  "value" : "10"
},{
  "dateTime" : "02/16/16 20:17:00",
  "value" : "10"
},{
  "dateTime" : "02/17/16 00:02:00",
  "value" : "10"
},{
  "dateTime" : "02/17/16 05:15:00",
  "value" : "10"
},{
  "dateTime" : "02/17/16 08:16:00",
  "value" : "10"
},{
  "dateTime" : "02/17/16 08:51:00",
  "value" : "10"
},{
  "dateTime" : "02/17/16 09:34:00",
  "value" : "10"
},{
  "dateTime" : "02/17/16 09:57:00",
  "value" : "10"
},{
  "dateTime" : "02/17/16 09:58:00",
  "value" : "10"
},{
  "dateTime" : "02/17/16 11:51:00",
  "value" : "10"
},{
  "dateTime" : "02/17/16 13:26:00",
  "value" : "10"
},{
  "dateTime" : "02/17/16 21:58:00",
  "value" : "10"
},{
  "dateTime" : "02/18/16 07:44:00",
  "value" : "30"
},{
  "dateTime" : "02/18/16 07:45:00",
  "value" : "20"
},{
  "dateTime" : "02/18/16 08:15:00",
  "value" : "10"
},{
  "dateTime" : "02/18/16 08:16:00",
  "value" : "10"
},{
  "dateTime" : "02/18/16 08:38:00",
  "value" : "10"
},{
  "dateTime" : "02/18/16 15:06:00",
  "value" : "10"
},{
  "dateTime" : "02/18/16 23:37:00",
  "value" : "20"
},{
  "dateTime" : "02/18/16 23:57:00",
  "value" : "10"
},{
  "dateTime" : "02/19/16 09:17:00",
  "value" : "10"
},{
  "dateTime" : "02/19/16 10:10:00",
  "value" : "10"
},{
  "dateTime" : "02/19/16 10:11:00",
  "value" : "10"
},{
  "dateTime" : "02/19/16 10:12:00",
  "value" : "10"
},{
  "dateTime" : "02/19/16 10:13:00",
  "value" : "10"
},{
  "dateTime" : "02/19/16 10:14:00",
  "value" : "10"
},{
  "dateTime" : "02/19/16 12:22:00",
  "value" : "20"
},{
  "dateTime" : "02/19/16 12:23:00",
  "value" : "10"
},{
  "dateTime" : "02/19/16 14:42:00",
  "value" : "10"
},{
  "dateTime" : "02/19/16 14:43:00",
  "value" : "10"
},{
  "dateTime" : "02/19/16 16:16:00",
  "value" : "10"
},{
  "dateTime" : "02/19/16 17:25:00",
  "value" : "10"
},{
  "dateTime" : "02/19/16 17:26:00",
  "value" : "10"
},{
  "dateTime" : "02/19/16 20:53:00",
  "value" : "20"
},{
  "dateTime" : "02/20/16 08:53:00",
  "value" : "10"
},{
  "dateTime" : "02/20/16 09:31:00",
  "value" : "20"
},{
  "dateTime" : "02/20/16 13:31:00",
  "value" : "10"
},{
  "dateTime" : "02/20/16 16:11:00",
  "value" : "10"
},{
  "dateTime" : "02/20/16 17:40:00",
  "value" : "10"
},{
  "dateTime" : "02/20/16 17:41:00",
  "value" : "70"
},{
  "dateTime" : "02/20/16 18:23:00",
  "value" : "20"
},{
  "dateTime" : "02/20/16 18:24:00",
  "value" : "20"
},{
  "dateTime" : "02/20/16 18:25:00",
  "value" : "50"
},{
  "dateTime" : "02/20/16 18:26:00",
  "value" : "20"
},{
  "dateTime" : "02/20/16 18:27:00",
  "value" : "30"
},{
  "dateTime" : "02/20/16 18:28:00",
  "value" : "20"
},{
  "dateTime" : "02/20/16 18:29:00",
  "value" : "10"
},{
  "dateTime" : "02/21/16 07:11:00",
  "value" : "10"
},{
  "dateTime" : "02/21/16 09:24:00",
  "value" : "10"
},{
  "dateTime" : "02/21/16 09:44:00",
  "value" : "10"
},{
  "dateTime" : "02/21/16 12:25:00",
  "value" : "10"
},{
  "dateTime" : "02/21/16 13:48:00",
  "value" : "10"
},{
  "dateTime" : "02/21/16 15:54:00",
  "value" : "10"
},{
  "dateTime" : "02/21/16 17:25:00",
  "value" : "10"
},{
  "dateTime" : "02/21/16 18:36:00",
  "value" : "10"
},{
  "dateTime" : "02/21/16 18:37:00",
  "value" : "30"
},{
  "dateTime" : "02/21/16 21:18:00",
  "value" : "10"
},{
  "dateTime" : "02/22/16 08:01:00",
  "value" : "10"
},{
  "dateTime" : "02/22/16 08:02:00",
  "value" : "10"
},{
  "dateTime" : "02/22/16 08:22:00",
  "value" : "10"
},{
  "dateTime" : "02/22/16 13:28:00",
  "value" : "20"
},{
  "dateTime" : "02/22/16 14:12:00",
  "value" : "10"
},{
  "dateTime" : "02/22/16 17:14:00",
  "value" : "10"
},{
  "dateTime" : "02/22/16 19:10:00",
  "value" : "10"
},{
  "dateTime" : "02/22/16 20:01:00",
  "value" : "10"
},{
  "dateTime" : "02/22/16 20:02:00",
  "value" : "10"
},{
  "dateTime" : "02/22/16 20:40:00",
  "value" : "10"
},{
  "dateTime" : "02/23/16 08:37:00",
  "value" : "10"
},{
  "dateTime" : "02/23/16 08:38:00",
  "value" : "10"
},{
  "dateTime" : "02/23/16 10:07:00",
  "value" : "10"
},{
  "dateTime" : "02/23/16 10:56:00",
  "value" : "20"
},{
  "dateTime" : "02/23/16 12:00:00",
  "value" : "20"
},{
  "dateTime" : "02/23/16 12:01:00",
  "value" : "20"
},{
  "dateTime" : "02/23/16 16:51:00",
  "value" : "10"
},{
  "dateTime" : "02/23/16 17:45:00",
  "value" : "10"
},{
  "dateTime" : "02/23/16 17:53:00",
  "value" : "10"
},{
  "dateTime" : "02/23/16 20:09:00",
  "value" : "10"
},{
  "dateTime" : "02/23/16 20:49:00",
  "value" : "10"
},{
  "dateTime" : "02/23/16 20:57:00",
  "value" : "10"
},{
  "dateTime" : "02/23/16 21:03:00",
  "value" : "10"
},{
  "dateTime" : "02/23/16 22:14:00",
  "value" : "10"
},{
  "dateTime" : "02/24/16 06:50:00",
  "value" : "10"
},{
  "dateTime" : "02/24/16 08:25:00",
  "value" : "10"
},{
  "dateTime" : "02/24/16 09:20:00",
  "value" : "10"
},{
  "dateTime" : "02/24/16 09:21:00",
  "value" : "30"
},{
  "dateTime" : "02/24/16 14:14:00",
  "value" : "10"
},{
  "dateTime" : "02/24/16 14:15:00",
  "value" : "30"
},{
  "dateTime" : "02/24/16 20:41:00",
  "value" : "20"
},{
  "dateTime" : "02/24/16 21:08:00",
  "value" : "10"
},{
  "dateTime" : "02/24/16 23:17:00",
  "value" : "10"
},{
  "dateTime" : "02/25/16 08:13:00",
  "value" : "10"
},{
  "dateTime" : "02/25/16 09:37:00",
  "value" : "10"
},{
  "dateTime" : "02/25/16 11:15:00",
  "value" : "10"
},{
  "dateTime" : "02/25/16 15:28:00",
  "value" : "10"
},{
  "dateTime" : "02/25/16 16:34:00",
  "value" : "10"
},{
  "dateTime" : "02/25/16 16:45:00",
  "value" : "10"
},{
  "dateTime" : "02/25/16 17:09:00",
  "value" : "10"
},{
  "dateTime" : "02/25/16 18:17:00",
  "value" : "20"
},{
  "dateTime" : "02/25/16 18:18:00",
  "value" : "10"
},{
  "dateTime" : "02/25/16 18:19:00",
  "value" : "10"
},{
  "dateTime" : "02/25/16 18:33:00",
  "value" : "10"
},{
  "dateTime" : "02/25/16 20:15:00",
  "value" : "10"
},{
  "dateTime" : "02/25/16 20:47:00",
  "value" : "10"
},{
  "dateTime" : "02/26/16 08:43:00",
  "value" : "10"
},{
  "dateTime" : "02/26/16 12:55:00",
  "value" : "10"
},{
  "dateTime" : "02/26/16 13:25:00",
  "value" : "20"
},{
  "dateTime" : "02/26/16 17:18:00",
  "value" : "10"
},{
  "dateTime" : "02/26/16 19:29:00",
  "value" : "10"
},{
  "dateTime" : "02/26/16 20:58:00",
  "value" : "10"
},{
  "dateTime" : "02/27/16 09:41:00",
  "value" : "10"
},{
  "dateTime" : "02/27/16 10:56:00",
  "value" : "10"
},{
  "dateTime" : "02/27/16 10:57:00",
  "value" : "10"
},{
  "dateTime" : "02/27/16 11:53:00",
  "value" : "10"
},{
  "dateTime" : "02/27/16 13:40:00",
  "value" : "10"
},{
  "dateTime" : "02/27/16 15:54:00",
  "value" : "10"
},{
  "dateTime" : "02/27/16 15:55:00",
  "value" : "10"
},{
  "dateTime" : "02/27/16 18:14:00",
  "value" : "10"
},{
  "dateTime" : "02/27/16 18:22:00",
  "value" : "10"
},{
  "dateTime" : "02/28/16 16:10:00",
  "value" : "10"
},{
  "dateTime" : "02/28/16 20:15:00",
  "value" : "10"
},{
  "dateTime" : "02/29/16 08:29:00",
  "value" : "10"
},{
  "dateTime" : "02/29/16 13:13:00",
  "value" : "10"
},{
  "dateTime" : "02/29/16 13:48:00",
  "value" : "10"
},{
  "dateTime" : "02/29/16 14:26:00",
  "value" : "10"
},{
  "dateTime" : "02/29/16 17:16:00",
  "value" : "10"
},{
  "dateTime" : "02/29/16 17:58:00",
  "value" : "10"
},{
  "dateTime" : "02/29/16 18:32:00",
  "value" : "10"
},{
  "dateTime" : "02/29/16 19:11:00",
  "value" : "10"
},{
  "dateTime" : "02/29/16 20:10:00",
  "value" : "10"
},{
  "dateTime" : "02/29/16 20:58:00",
  "value" : "10"
},{
  "dateTime" : "02/29/16 21:23:00",
  "value" : "10"
},{
  "dateTime" : "03/01/16 07:37:00",
  "value" : "10"
},{
  "dateTime" : "03/01/16 08:28:00",
  "value" : "10"
},{
  "dateTime" : "03/01/16 08:29:00",
  "value" : "10"
},{
  "dateTime" : "03/01/16 08:30:00",
  "value" : "10"
},{
  "dateTime" : "03/01/16 09:06:00",
  "value" : "10"
},{
  "dateTime" : "03/01/16 10:46:00",
  "value" : "20"
},{
  "dateTime" : "03/01/16 12:46:00",
  "value" : "10"
},{
  "dateTime" : "03/01/16 14:04:00",
  "value" : "10"
},{
  "dateTime" : "03/01/16 16:04:00",
  "value" : "10"
},{
  "dateTime" : "03/01/16 16:05:00",
  "value" : "10"
},{
  "dateTime" : "03/01/16 16:06:00",
  "value" : "10"
},{
  "dateTime" : "03/01/16 16:24:00",
  "value" : "10"
},{
  "dateTime" : "03/01/16 17:03:00",
  "value" : "10"
},{
  "dateTime" : "03/01/16 17:04:00",
  "value" : "10"
},{
  "dateTime" : "03/01/16 18:01:00",
  "value" : "10"
},{
  "dateTime" : "03/01/16 18:09:00",
  "value" : "10"
},{
  "dateTime" : "03/01/16 18:38:00",
  "value" : "10"
},{
  "dateTime" : "03/01/16 18:39:00",
  "value" : "10"
},{
  "dateTime" : "03/01/16 18:40:00",
  "value" : "10"
},{
  "dateTime" : "03/01/16 19:41:00",
  "value" : "10"
},{
  "dateTime" : "03/01/16 20:37:00",
  "value" : "10"
},{
  "dateTime" : "03/02/16 05:21:00",
  "value" : "10"
},{
  "dateTime" : "03/02/16 08:36:00",
  "value" : "10"
},{
  "dateTime" : "03/02/16 09:39:00",
  "value" : "10"
},{
  "dateTime" : "03/02/16 09:40:00",
  "value" : "10"
},{
  "dateTime" : "03/02/16 12:30:00",
  "value" : "20"
},{
  "dateTime" : "03/02/16 14:03:00",
  "value" : "10"
},{
  "dateTime" : "03/02/16 14:35:00",
  "value" : "10"
},{
  "dateTime" : "03/02/16 14:36:00",
  "value" : "10"
},{
  "dateTime" : "03/02/16 14:37:00",
  "value" : "30"
},{
  "dateTime" : "03/02/16 20:05:00",
  "value" : "20"
},{
  "dateTime" : "03/02/16 20:36:00",
  "value" : "10"
},{
  "dateTime" : "03/02/16 22:18:00",
  "value" : "10"
},{
  "dateTime" : "03/03/16 05:40:00",
  "value" : "10"
},{
  "dateTime" : "03/03/16 07:25:00",
  "value" : "10"
},{
  "dateTime" : "03/03/16 07:54:00",
  "value" : "10"
},{
  "dateTime" : "03/03/16 08:16:00",
  "value" : "10"
},{
  "dateTime" : "03/03/16 08:34:00",
  "value" : "10"
},{
  "dateTime" : "03/03/16 10:09:00",
  "value" : "10"
},{
  "dateTime" : "03/03/16 10:34:00",
  "value" : "10"
},{
  "dateTime" : "03/03/16 10:55:00",
  "value" : "20"
},{
  "dateTime" : "03/03/16 10:56:00",
  "value" : "20"
},{
  "dateTime" : "03/03/16 13:26:00",
  "value" : "10"
},{
  "dateTime" : "03/03/16 15:51:00",
  "value" : "10"
},{
  "dateTime" : "03/03/16 17:05:00",
  "value" : "10"
},{
  "dateTime" : "03/03/16 17:06:00",
  "value" : "10"
},{
  "dateTime" : "03/03/16 17:23:00",
  "value" : "10"
},{
  "dateTime" : "03/03/16 18:07:00",
  "value" : "10"
},{
  "dateTime" : "03/03/16 19:37:00",
  "value" : "10"
},{
  "dateTime" : "03/03/16 19:53:00",
  "value" : "10"
},{
  "dateTime" : "03/03/16 19:54:00",
  "value" : "10"
},{
  "dateTime" : "03/03/16 19:55:00",
  "value" : "10"
},{
  "dateTime" : "03/03/16 19:56:00",
  "value" : "10"
},{
  "dateTime" : "03/03/16 20:25:00",
  "value" : "10"
},{
  "dateTime" : "03/03/16 20:26:00",
  "value" : "10"
},{
  "dateTime" : "03/03/16 20:56:00",
  "value" : "10"
},{
  "dateTime" : "03/04/16 05:28:00",
  "value" : "10"
},{
  "dateTime" : "03/04/16 08:46:00",
  "value" : "10"
},{
  "dateTime" : "03/04/16 14:40:00",
  "value" : "10"
},{
  "dateTime" : "03/04/16 17:25:00",
  "value" : "10"
},{
  "dateTime" : "03/04/16 22:04:00",
  "value" : "10"
},{
  "dateTime" : "03/04/16 22:10:00",
  "value" : "10"
}]