[{
  "dateTime" : "04/18/12 18:43:00",
  "value" : "10"
},{
  "dateTime" : "04/18/12 18:58:00",
  "value" : "10"
},{
  "dateTime" : "04/18/12 19:02:00",
  "value" : "10"
},{
  "dateTime" : "04/18/12 19:40:00",
  "value" : "10"
},{
  "dateTime" : "04/18/12 19:47:00",
  "value" : "10"
},{
  "dateTime" : "04/18/12 20:05:00",
  "value" : "10"
},{
  "dateTime" : "04/18/12 20:32:00",
  "value" : "10"
},{
  "dateTime" : "04/18/12 22:33:00",
  "value" : "10"
},{
  "dateTime" : "04/19/12 00:23:00",
  "value" : "10"
},{
  "dateTime" : "04/19/12 07:58:00",
  "value" : "10"
},{
  "dateTime" : "04/19/12 08:44:00",
  "value" : "10"
},{
  "dateTime" : "04/19/12 09:11:00",
  "value" : "10"
},{
  "dateTime" : "04/19/12 09:12:00",
  "value" : "50"
},{
  "dateTime" : "04/19/12 09:13:00",
  "value" : "40"
},{
  "dateTime" : "04/19/12 09:14:00",
  "value" : "10"
},{
  "dateTime" : "04/19/12 14:38:00",
  "value" : "10"
},{
  "dateTime" : "04/19/12 16:06:00",
  "value" : "40"
},{
  "dateTime" : "04/19/12 16:07:00",
  "value" : "40"
},{
  "dateTime" : "04/19/12 16:08:00",
  "value" : "20"
},{
  "dateTime" : "04/19/12 18:06:00",
  "value" : "10"
},{
  "dateTime" : "04/19/12 18:22:00",
  "value" : "10"
},{
  "dateTime" : "04/19/12 20:20:00",
  "value" : "10"
},{
  "dateTime" : "04/19/12 20:28:00",
  "value" : "10"
},{
  "dateTime" : "04/20/12 01:55:00",
  "value" : "10"
},{
  "dateTime" : "04/20/12 08:48:00",
  "value" : "10"
},{
  "dateTime" : "04/20/12 11:02:00",
  "value" : "10"
},{
  "dateTime" : "04/20/12 13:30:00",
  "value" : "30"
},{
  "dateTime" : "04/20/12 13:31:00",
  "value" : "40"
},{
  "dateTime" : "04/20/12 13:32:00",
  "value" : "40"
},{
  "dateTime" : "04/20/12 19:38:00",
  "value" : "10"
},{
  "dateTime" : "04/20/12 19:42:00",
  "value" : "10"
},{
  "dateTime" : "04/20/12 20:06:00",
  "value" : "10"
},{
  "dateTime" : "04/21/12 09:47:00",
  "value" : "10"
},{
  "dateTime" : "04/21/12 10:41:00",
  "value" : "10"
},{
  "dateTime" : "04/21/12 12:34:00",
  "value" : "10"
},{
  "dateTime" : "04/21/12 12:35:00",
  "value" : "10"
},{
  "dateTime" : "04/21/12 13:00:00",
  "value" : "10"
},{
  "dateTime" : "04/21/12 15:29:00",
  "value" : "10"
},{
  "dateTime" : "04/21/12 18:39:00",
  "value" : "10"
},{
  "dateTime" : "04/21/12 20:27:00",
  "value" : "10"
},{
  "dateTime" : "04/21/12 20:28:00",
  "value" : "10"
},{
  "dateTime" : "04/21/12 21:08:00",
  "value" : "10"
},{
  "dateTime" : "04/21/12 21:57:00",
  "value" : "10"
},{
  "dateTime" : "04/22/12 01:39:00",
  "value" : "10"
},{
  "dateTime" : "04/22/12 02:27:00",
  "value" : "10"
},{
  "dateTime" : "04/22/12 10:14:00",
  "value" : "10"
},{
  "dateTime" : "04/22/12 16:58:00",
  "value" : "10"
},{
  "dateTime" : "04/22/12 17:03:00",
  "value" : "10"
},{
  "dateTime" : "04/22/12 17:05:00",
  "value" : "10"
},{
  "dateTime" : "04/22/12 17:14:00",
  "value" : "10"
},{
  "dateTime" : "04/22/12 18:59:00",
  "value" : "10"
},{
  "dateTime" : "04/22/12 19:52:00",
  "value" : "10"
},{
  "dateTime" : "04/22/12 20:12:00",
  "value" : "10"
},{
  "dateTime" : "04/22/12 20:24:00",
  "value" : "10"
},{
  "dateTime" : "04/22/12 20:54:00",
  "value" : "10"
},{
  "dateTime" : "04/22/12 21:06:00",
  "value" : "10"
},{
  "dateTime" : "04/22/12 21:09:00",
  "value" : "10"
},{
  "dateTime" : "04/22/12 21:20:00",
  "value" : "10"
},{
  "dateTime" : "04/22/12 21:23:00",
  "value" : "10"
},{
  "dateTime" : "04/22/12 21:35:00",
  "value" : "10"
},{
  "dateTime" : "04/22/12 23:07:00",
  "value" : "10"
},{
  "dateTime" : "04/23/12 08:29:00",
  "value" : "10"
},{
  "dateTime" : "04/23/12 09:15:00",
  "value" : "10"
},{
  "dateTime" : "04/23/12 09:16:00",
  "value" : "40"
},{
  "dateTime" : "04/23/12 09:17:00",
  "value" : "40"
},{
  "dateTime" : "04/23/12 09:18:00",
  "value" : "20"
},{
  "dateTime" : "04/23/12 14:50:00",
  "value" : "10"
},{
  "dateTime" : "04/23/12 14:52:00",
  "value" : "20"
},{
  "dateTime" : "04/23/12 15:04:00",
  "value" : "10"
},{
  "dateTime" : "04/23/12 15:10:00",
  "value" : "10"
},{
  "dateTime" : "04/23/12 15:37:00",
  "value" : "10"
},{
  "dateTime" : "04/23/12 15:42:00",
  "value" : "10"
},{
  "dateTime" : "04/23/12 15:49:00",
  "value" : "10"
},{
  "dateTime" : "04/23/12 15:55:00",
  "value" : "10"
},{
  "dateTime" : "04/23/12 16:00:00",
  "value" : "10"
},{
  "dateTime" : "04/23/12 16:18:00",
  "value" : "10"
},{
  "dateTime" : "04/23/12 16:19:00",
  "value" : "20"
},{
  "dateTime" : "04/23/12 16:20:00",
  "value" : "50"
},{
  "dateTime" : "04/23/12 16:21:00",
  "value" : "40"
},{
  "dateTime" : "04/23/12 18:04:00",
  "value" : "10"
},{
  "dateTime" : "04/23/12 18:05:00",
  "value" : "10"
},{
  "dateTime" : "04/23/12 18:59:00",
  "value" : "10"
},{
  "dateTime" : "04/23/12 19:14:00",
  "value" : "10"
},{
  "dateTime" : "04/23/12 20:30:00",
  "value" : "10"
},{
  "dateTime" : "04/23/12 20:42:00",
  "value" : "10"
},{
  "dateTime" : "04/23/12 20:44:00",
  "value" : "10"
},{
  "dateTime" : "04/23/12 21:03:00",
  "value" : "10"
},{
  "dateTime" : "04/23/12 21:51:00",
  "value" : "10"
},{
  "dateTime" : "04/23/12 22:10:00",
  "value" : "10"
},{
  "dateTime" : "04/23/12 23:35:00",
  "value" : "10"
},{
  "dateTime" : "04/23/12 23:38:00",
  "value" : "10"
},{
  "dateTime" : "04/24/12 08:32:00",
  "value" : "10"
},{
  "dateTime" : "04/24/12 08:36:00",
  "value" : "10"
},{
  "dateTime" : "04/24/12 09:17:00",
  "value" : "30"
},{
  "dateTime" : "04/24/12 09:18:00",
  "value" : "50"
},{
  "dateTime" : "04/24/12 09:19:00",
  "value" : "30"
},{
  "dateTime" : "04/24/12 12:44:00",
  "value" : "10"
},{
  "dateTime" : "04/24/12 14:08:00",
  "value" : "10"
},{
  "dateTime" : "04/24/12 23:43:00",
  "value" : "10"
},{
  "dateTime" : "04/24/12 23:47:00",
  "value" : "10"
}]