[{
  "dateTime" : "04/04/16 07:05:00",
  "value" : "10"
},{
  "dateTime" : "04/04/16 23:02:00",
  "value" : "10"
},{
  "dateTime" : "04/05/16 08:43:00",
  "value" : "10"
},{
  "dateTime" : "04/05/16 08:44:00",
  "value" : "10"
},{
  "dateTime" : "04/05/16 18:53:00",
  "value" : "10"
},{
  "dateTime" : "04/05/16 21:38:00",
  "value" : "10"
},{
  "dateTime" : "04/05/16 21:46:00",
  "value" : "10"
},{
  "dateTime" : "04/05/16 21:47:00",
  "value" : "10"
},{
  "dateTime" : "04/06/16 07:55:00",
  "value" : "10"
},{
  "dateTime" : "04/06/16 08:35:00",
  "value" : "10"
},{
  "dateTime" : "04/06/16 08:51:00",
  "value" : "20"
},{
  "dateTime" : "04/06/16 08:52:00",
  "value" : "10"
},{
  "dateTime" : "04/06/16 09:49:00",
  "value" : "10"
},{
  "dateTime" : "04/06/16 10:19:00",
  "value" : "10"
},{
  "dateTime" : "04/06/16 11:51:00",
  "value" : "10"
},{
  "dateTime" : "04/06/16 11:52:00",
  "value" : "10"
},{
  "dateTime" : "04/06/16 11:53:00",
  "value" : "10"
},{
  "dateTime" : "04/06/16 12:07:00",
  "value" : "10"
},{
  "dateTime" : "04/06/16 12:44:00",
  "value" : "30"
},{
  "dateTime" : "04/06/16 14:21:00",
  "value" : "10"
},{
  "dateTime" : "04/06/16 14:59:00",
  "value" : "10"
},{
  "dateTime" : "04/06/16 15:00:00",
  "value" : "20"
},{
  "dateTime" : "04/06/16 15:01:00",
  "value" : "10"
},{
  "dateTime" : "04/06/16 15:02:00",
  "value" : "40"
},{
  "dateTime" : "04/06/16 15:03:00",
  "value" : "20"
},{
  "dateTime" : "04/06/16 15:04:00",
  "value" : "10"
},{
  "dateTime" : "04/06/16 20:42:00",
  "value" : "10"
},{
  "dateTime" : "04/06/16 20:43:00",
  "value" : "20"
},{
  "dateTime" : "04/06/16 21:51:00",
  "value" : "10"
},{
  "dateTime" : "04/06/16 23:00:00",
  "value" : "10"
},{
  "dateTime" : "04/07/16 00:12:00",
  "value" : "10"
},{
  "dateTime" : "04/07/16 08:48:00",
  "value" : "10"
},{
  "dateTime" : "04/07/16 12:08:00",
  "value" : "10"
},{
  "dateTime" : "04/07/16 12:09:00",
  "value" : "10"
},{
  "dateTime" : "04/07/16 12:10:00",
  "value" : "10"
},{
  "dateTime" : "04/07/16 12:11:00",
  "value" : "10"
},{
  "dateTime" : "04/07/16 13:59:00",
  "value" : "10"
},{
  "dateTime" : "04/07/16 14:39:00",
  "value" : "10"
},{
  "dateTime" : "04/07/16 16:36:00",
  "value" : "10"
},{
  "dateTime" : "04/07/16 16:53:00",
  "value" : "10"
},{
  "dateTime" : "04/07/16 16:54:00",
  "value" : "10"
},{
  "dateTime" : "04/07/16 16:55:00",
  "value" : "10"
},{
  "dateTime" : "04/07/16 17:25:00",
  "value" : "10"
},{
  "dateTime" : "04/07/16 17:26:00",
  "value" : "10"
},{
  "dateTime" : "04/07/16 20:18:00",
  "value" : "10"
},{
  "dateTime" : "04/08/16 00:19:00",
  "value" : "10"
},{
  "dateTime" : "04/08/16 08:43:00",
  "value" : "10"
},{
  "dateTime" : "04/08/16 08:52:00",
  "value" : "10"
},{
  "dateTime" : "04/08/16 09:18:00",
  "value" : "10"
},{
  "dateTime" : "04/08/16 09:59:00",
  "value" : "10"
},{
  "dateTime" : "04/08/16 11:42:00",
  "value" : "20"
},{
  "dateTime" : "04/08/16 11:43:00",
  "value" : "10"
},{
  "dateTime" : "04/08/16 12:13:00",
  "value" : "10"
},{
  "dateTime" : "04/08/16 15:53:00",
  "value" : "10"
},{
  "dateTime" : "04/08/16 15:54:00",
  "value" : "10"
},{
  "dateTime" : "04/08/16 15:55:00",
  "value" : "10"
},{
  "dateTime" : "04/08/16 16:09:00",
  "value" : "10"
},{
  "dateTime" : "04/08/16 16:10:00",
  "value" : "20"
},{
  "dateTime" : "04/08/16 16:44:00",
  "value" : "10"
},{
  "dateTime" : "04/08/16 18:03:00",
  "value" : "10"
},{
  "dateTime" : "04/08/16 19:29:00",
  "value" : "10"
},{
  "dateTime" : "04/08/16 19:30:00",
  "value" : "10"
},{
  "dateTime" : "04/08/16 23:10:00",
  "value" : "10"
},{
  "dateTime" : "04/08/16 23:17:00",
  "value" : "10"
},{
  "dateTime" : "04/08/16 23:37:00",
  "value" : "10"
},{
  "dateTime" : "04/08/16 23:45:00",
  "value" : "10"
},{
  "dateTime" : "04/08/16 23:46:00",
  "value" : "10"
},{
  "dateTime" : "04/09/16 07:59:00",
  "value" : "10"
},{
  "dateTime" : "04/09/16 08:34:00",
  "value" : "10"
},{
  "dateTime" : "04/09/16 09:05:00",
  "value" : "10"
},{
  "dateTime" : "04/09/16 10:33:00",
  "value" : "10"
},{
  "dateTime" : "04/09/16 10:34:00",
  "value" : "10"
},{
  "dateTime" : "04/09/16 11:09:00",
  "value" : "10"
},{
  "dateTime" : "04/09/16 13:44:00",
  "value" : "10"
},{
  "dateTime" : "04/09/16 15:28:00",
  "value" : "20"
},{
  "dateTime" : "04/09/16 18:14:00",
  "value" : "10"
},{
  "dateTime" : "04/09/16 18:41:00",
  "value" : "10"
},{
  "dateTime" : "04/09/16 20:22:00",
  "value" : "10"
},{
  "dateTime" : "04/09/16 23:20:00",
  "value" : "10"
},{
  "dateTime" : "04/09/16 23:39:00",
  "value" : "10"
},{
  "dateTime" : "04/10/16 11:00:00",
  "value" : "10"
},{
  "dateTime" : "04/10/16 11:19:00",
  "value" : "10"
},{
  "dateTime" : "04/10/16 11:21:00",
  "value" : "10"
},{
  "dateTime" : "04/10/16 11:34:00",
  "value" : "10"
},{
  "dateTime" : "04/10/16 11:35:00",
  "value" : "10"
},{
  "dateTime" : "04/10/16 12:41:00",
  "value" : "10"
},{
  "dateTime" : "04/10/16 17:53:00",
  "value" : "10"
},{
  "dateTime" : "04/10/16 20:20:00",
  "value" : "10"
},{
  "dateTime" : "04/10/16 20:47:00",
  "value" : "10"
},{
  "dateTime" : "04/10/16 20:48:00",
  "value" : "10"
},{
  "dateTime" : "04/11/16 00:33:00",
  "value" : "10"
},{
  "dateTime" : "04/11/16 08:09:00",
  "value" : "10"
},{
  "dateTime" : "04/11/16 08:35:00",
  "value" : "10"
},{
  "dateTime" : "04/11/16 08:36:00",
  "value" : "10"
},{
  "dateTime" : "04/11/16 09:23:00",
  "value" : "10"
},{
  "dateTime" : "04/11/16 12:43:00",
  "value" : "10"
},{
  "dateTime" : "04/11/16 14:03:00",
  "value" : "10"
},{
  "dateTime" : "04/11/16 14:26:00",
  "value" : "20"
},{
  "dateTime" : "04/11/16 17:04:00",
  "value" : "10"
},{
  "dateTime" : "04/11/16 17:05:00",
  "value" : "10"
},{
  "dateTime" : "04/11/16 18:06:00",
  "value" : "10"
},{
  "dateTime" : "04/11/16 21:35:00",
  "value" : "10"
},{
  "dateTime" : "04/12/16 07:59:00",
  "value" : "10"
},{
  "dateTime" : "04/12/16 08:43:00",
  "value" : "10"
},{
  "dateTime" : "04/12/16 08:44:00",
  "value" : "10"
},{
  "dateTime" : "04/12/16 12:21:00",
  "value" : "10"
},{
  "dateTime" : "04/12/16 12:22:00",
  "value" : "10"
},{
  "dateTime" : "04/12/16 14:03:00",
  "value" : "10"
},{
  "dateTime" : "04/12/16 16:46:00",
  "value" : "10"
},{
  "dateTime" : "04/12/16 16:47:00",
  "value" : "10"
},{
  "dateTime" : "04/12/16 20:11:00",
  "value" : "10"
},{
  "dateTime" : "04/12/16 21:19:00",
  "value" : "10"
},{
  "dateTime" : "04/13/16 05:31:00",
  "value" : "10"
},{
  "dateTime" : "04/13/16 07:38:00",
  "value" : "10"
},{
  "dateTime" : "04/13/16 07:57:00",
  "value" : "10"
},{
  "dateTime" : "04/13/16 09:29:00",
  "value" : "20"
},{
  "dateTime" : "04/13/16 14:05:00",
  "value" : "20"
},{
  "dateTime" : "04/13/16 14:06:00",
  "value" : "10"
},{
  "dateTime" : "04/13/16 20:18:00",
  "value" : "10"
},{
  "dateTime" : "04/13/16 20:53:00",
  "value" : "10"
},{
  "dateTime" : "04/13/16 22:59:00",
  "value" : "10"
},{
  "dateTime" : "04/14/16 08:12:00",
  "value" : "10"
},{
  "dateTime" : "04/14/16 08:41:00",
  "value" : "10"
},{
  "dateTime" : "04/14/16 10:15:00",
  "value" : "10"
},{
  "dateTime" : "04/14/16 14:48:00",
  "value" : "10"
},{
  "dateTime" : "04/14/16 15:52:00",
  "value" : "10"
},{
  "dateTime" : "04/14/16 15:53:00",
  "value" : "10"
},{
  "dateTime" : "04/14/16 15:54:00",
  "value" : "10"
},{
  "dateTime" : "04/14/16 15:55:00",
  "value" : "10"
},{
  "dateTime" : "04/14/16 15:56:00",
  "value" : "10"
},{
  "dateTime" : "04/14/16 16:23:00",
  "value" : "20"
},{
  "dateTime" : "04/14/16 20:11:00",
  "value" : "10"
},{
  "dateTime" : "04/14/16 20:12:00",
  "value" : "10"
},{
  "dateTime" : "04/14/16 20:13:00",
  "value" : "10"
},{
  "dateTime" : "04/14/16 20:51:00",
  "value" : "10"
},{
  "dateTime" : "04/14/16 20:52:00",
  "value" : "10"
},{
  "dateTime" : "04/15/16 01:02:00",
  "value" : "10"
},{
  "dateTime" : "04/15/16 01:03:00",
  "value" : "10"
},{
  "dateTime" : "04/15/16 08:47:00",
  "value" : "10"
},{
  "dateTime" : "04/15/16 08:48:00",
  "value" : "10"
},{
  "dateTime" : "04/15/16 09:06:00",
  "value" : "10"
},{
  "dateTime" : "04/15/16 15:50:00",
  "value" : "10"
},{
  "dateTime" : "04/15/16 16:31:00",
  "value" : "10"
},{
  "dateTime" : "04/15/16 17:01:00",
  "value" : "10"
},{
  "dateTime" : "04/15/16 23:55:00",
  "value" : "10"
},{
  "dateTime" : "04/16/16 08:32:00",
  "value" : "10"
},{
  "dateTime" : "04/16/16 10:03:00",
  "value" : "10"
},{
  "dateTime" : "04/16/16 12:01:00",
  "value" : "10"
},{
  "dateTime" : "04/16/16 14:24:00",
  "value" : "10"
},{
  "dateTime" : "04/16/16 16:15:00",
  "value" : "10"
},{
  "dateTime" : "04/16/16 16:34:00",
  "value" : "10"
},{
  "dateTime" : "04/16/16 16:35:00",
  "value" : "10"
},{
  "dateTime" : "04/16/16 16:36:00",
  "value" : "10"
},{
  "dateTime" : "04/16/16 21:41:00",
  "value" : "10"
},{
  "dateTime" : "04/16/16 22:11:00",
  "value" : "10"
},{
  "dateTime" : "04/16/16 22:12:00",
  "value" : "10"
},{
  "dateTime" : "04/16/16 22:26:00",
  "value" : "10"
},{
  "dateTime" : "04/17/16 11:50:00",
  "value" : "10"
},{
  "dateTime" : "04/17/16 11:51:00",
  "value" : "10"
},{
  "dateTime" : "04/17/16 11:52:00",
  "value" : "10"
},{
  "dateTime" : "04/17/16 16:29:00",
  "value" : "10"
},{
  "dateTime" : "04/17/16 17:12:00",
  "value" : "10"
},{
  "dateTime" : "04/17/16 17:13:00",
  "value" : "10"
},{
  "dateTime" : "04/17/16 17:20:00",
  "value" : "10"
},{
  "dateTime" : "04/17/16 19:19:00",
  "value" : "10"
},{
  "dateTime" : "04/17/16 20:51:00",
  "value" : "10"
},{
  "dateTime" : "04/17/16 20:52:00",
  "value" : "10"
},{
  "dateTime" : "04/18/16 07:13:00",
  "value" : "10"
},{
  "dateTime" : "04/18/16 07:36:00",
  "value" : "10"
},{
  "dateTime" : "04/18/16 07:52:00",
  "value" : "10"
},{
  "dateTime" : "04/18/16 07:53:00",
  "value" : "10"
},{
  "dateTime" : "04/18/16 08:39:00",
  "value" : "10"
},{
  "dateTime" : "04/18/16 08:40:00",
  "value" : "10"
},{
  "dateTime" : "04/18/16 08:41:00",
  "value" : "10"
},{
  "dateTime" : "04/18/16 08:42:00",
  "value" : "10"
},{
  "dateTime" : "04/18/16 10:19:00",
  "value" : "10"
},{
  "dateTime" : "04/18/16 10:50:00",
  "value" : "20"
},{
  "dateTime" : "04/18/16 12:27:00",
  "value" : "10"
},{
  "dateTime" : "04/18/16 13:05:00",
  "value" : "10"
},{
  "dateTime" : "04/18/16 14:04:00",
  "value" : "10"
},{
  "dateTime" : "04/18/16 16:37:00",
  "value" : "20"
},{
  "dateTime" : "04/18/16 17:20:00",
  "value" : "10"
},{
  "dateTime" : "04/18/16 17:21:00",
  "value" : "10"
},{
  "dateTime" : "04/18/16 17:50:00",
  "value" : "10"
},{
  "dateTime" : "04/18/16 21:47:00",
  "value" : "10"
},{
  "dateTime" : "04/18/16 22:28:00",
  "value" : "10"
},{
  "dateTime" : "04/18/16 22:34:00",
  "value" : "10"
},{
  "dateTime" : "04/18/16 22:53:00",
  "value" : "10"
},{
  "dateTime" : "04/19/16 09:41:00",
  "value" : "10"
},{
  "dateTime" : "04/19/16 09:42:00",
  "value" : "10"
},{
  "dateTime" : "04/19/16 10:48:00",
  "value" : "10"
},{
  "dateTime" : "04/19/16 10:49:00",
  "value" : "10"
},{
  "dateTime" : "04/19/16 11:24:00",
  "value" : "10"
},{
  "dateTime" : "04/19/16 11:25:00",
  "value" : "10"
},{
  "dateTime" : "04/19/16 11:53:00",
  "value" : "10"
},{
  "dateTime" : "04/19/16 11:54:00",
  "value" : "10"
},{
  "dateTime" : "04/19/16 14:10:00",
  "value" : "10"
},{
  "dateTime" : "04/19/16 14:11:00",
  "value" : "10"
},{
  "dateTime" : "04/19/16 15:18:00",
  "value" : "30"
},{
  "dateTime" : "04/19/16 15:19:00",
  "value" : "20"
},{
  "dateTime" : "04/19/16 15:20:00",
  "value" : "40"
},{
  "dateTime" : "04/19/16 15:21:00",
  "value" : "40"
},{
  "dateTime" : "04/19/16 15:22:00",
  "value" : "20"
},{
  "dateTime" : "04/19/16 15:23:00",
  "value" : "10"
},{
  "dateTime" : "04/19/16 17:39:00",
  "value" : "10"
},{
  "dateTime" : "04/20/16 00:53:00",
  "value" : "10"
},{
  "dateTime" : "04/20/16 05:46:00",
  "value" : "10"
},{
  "dateTime" : "04/20/16 07:22:00",
  "value" : "10"
},{
  "dateTime" : "04/20/16 08:27:00",
  "value" : "10"
},{
  "dateTime" : "04/20/16 09:10:00",
  "value" : "10"
},{
  "dateTime" : "04/20/16 11:00:00",
  "value" : "10"
},{
  "dateTime" : "04/20/16 12:37:00",
  "value" : "10"
},{
  "dateTime" : "04/20/16 14:46:00",
  "value" : "10"
},{
  "dateTime" : "04/20/16 14:47:00",
  "value" : "20"
},{
  "dateTime" : "04/20/16 21:03:00",
  "value" : "10"
},{
  "dateTime" : "04/21/16 05:22:00",
  "value" : "10"
},{
  "dateTime" : "04/21/16 08:14:00",
  "value" : "10"
},{
  "dateTime" : "04/21/16 08:29:00",
  "value" : "10"
},{
  "dateTime" : "04/21/16 08:30:00",
  "value" : "10"
},{
  "dateTime" : "04/21/16 12:39:00",
  "value" : "10"
},{
  "dateTime" : "04/21/16 12:40:00",
  "value" : "10"
},{
  "dateTime" : "04/21/16 14:29:00",
  "value" : "10"
},{
  "dateTime" : "04/21/16 15:37:00",
  "value" : "10"
},{
  "dateTime" : "04/21/16 16:58:00",
  "value" : "10"
},{
  "dateTime" : "04/21/16 17:05:00",
  "value" : "20"
},{
  "dateTime" : "04/21/16 17:13:00",
  "value" : "10"
},{
  "dateTime" : "04/21/16 19:32:00",
  "value" : "20"
},{
  "dateTime" : "04/22/16 08:29:00",
  "value" : "10"
},{
  "dateTime" : "04/22/16 08:30:00",
  "value" : "10"
},{
  "dateTime" : "04/22/16 09:49:00",
  "value" : "10"
},{
  "dateTime" : "04/22/16 11:08:00",
  "value" : "10"
},{
  "dateTime" : "04/22/16 16:19:00",
  "value" : "10"
},{
  "dateTime" : "04/22/16 17:38:00",
  "value" : "10"
},{
  "dateTime" : "04/22/16 18:55:00",
  "value" : "10"
},{
  "dateTime" : "04/22/16 18:56:00",
  "value" : "10"
},{
  "dateTime" : "04/22/16 21:43:00",
  "value" : "10"
},{
  "dateTime" : "04/23/16 08:00:00",
  "value" : "10"
},{
  "dateTime" : "04/23/16 09:52:00",
  "value" : "20"
},{
  "dateTime" : "04/23/16 13:37:00",
  "value" : "10"
},{
  "dateTime" : "04/23/16 16:08:00",
  "value" : "20"
},{
  "dateTime" : "04/23/16 17:45:00",
  "value" : "10"
},{
  "dateTime" : "04/23/16 19:49:00",
  "value" : "10"
},{
  "dateTime" : "04/23/16 19:50:00",
  "value" : "10"
},{
  "dateTime" : "04/23/16 21:04:00",
  "value" : "10"
},{
  "dateTime" : "04/24/16 00:03:00",
  "value" : "10"
},{
  "dateTime" : "04/24/16 00:24:00",
  "value" : "10"
},{
  "dateTime" : "04/24/16 09:59:00",
  "value" : "10"
},{
  "dateTime" : "04/24/16 10:32:00",
  "value" : "10"
},{
  "dateTime" : "04/24/16 10:56:00",
  "value" : "10"
},{
  "dateTime" : "04/24/16 11:01:00",
  "value" : "10"
},{
  "dateTime" : "04/24/16 12:10:00",
  "value" : "10"
},{
  "dateTime" : "04/24/16 12:46:00",
  "value" : "10"
},{
  "dateTime" : "04/24/16 15:36:00",
  "value" : "10"
},{
  "dateTime" : "04/24/16 19:49:00",
  "value" : "10"
},{
  "dateTime" : "04/25/16 09:40:00",
  "value" : "10"
},{
  "dateTime" : "04/25/16 12:55:00",
  "value" : "10"
},{
  "dateTime" : "04/25/16 13:54:00",
  "value" : "10"
},{
  "dateTime" : "04/25/16 13:55:00",
  "value" : "10"
},{
  "dateTime" : "04/25/16 14:10:00",
  "value" : "10"
},{
  "dateTime" : "04/25/16 14:11:00",
  "value" : "10"
},{
  "dateTime" : "04/25/16 17:33:00",
  "value" : "10"
},{
  "dateTime" : "04/25/16 17:34:00",
  "value" : "10"
},{
  "dateTime" : "04/25/16 20:06:00",
  "value" : "10"
},{
  "dateTime" : "04/26/16 00:05:00",
  "value" : "10"
},{
  "dateTime" : "04/26/16 00:06:00",
  "value" : "10"
},{
  "dateTime" : "04/26/16 00:16:00",
  "value" : "10"
},{
  "dateTime" : "04/26/16 00:17:00",
  "value" : "10"
},{
  "dateTime" : "04/26/16 07:27:00",
  "value" : "10"
},{
  "dateTime" : "04/26/16 09:38:00",
  "value" : "10"
},{
  "dateTime" : "04/26/16 10:56:00",
  "value" : "10"
},{
  "dateTime" : "04/26/16 18:37:00",
  "value" : "10"
},{
  "dateTime" : "04/26/16 20:08:00",
  "value" : "10"
},{
  "dateTime" : "04/26/16 20:31:00",
  "value" : "10"
},{
  "dateTime" : "04/26/16 20:39:00",
  "value" : "10"
},{
  "dateTime" : "04/26/16 20:40:00",
  "value" : "10"
},{
  "dateTime" : "04/26/16 21:36:00",
  "value" : "10"
},{
  "dateTime" : "04/26/16 22:07:00",
  "value" : "10"
},{
  "dateTime" : "04/27/16 09:01:00",
  "value" : "10"
},{
  "dateTime" : "04/27/16 12:45:00",
  "value" : "10"
},{
  "dateTime" : "04/27/16 13:33:00",
  "value" : "20"
},{
  "dateTime" : "04/27/16 13:34:00",
  "value" : "10"
},{
  "dateTime" : "04/27/16 17:21:00",
  "value" : "10"
},{
  "dateTime" : "04/27/16 17:22:00",
  "value" : "10"
},{
  "dateTime" : "04/27/16 19:48:00",
  "value" : "10"
},{
  "dateTime" : "04/27/16 23:08:00",
  "value" : "10"
},{
  "dateTime" : "04/27/16 23:09:00",
  "value" : "10"
},{
  "dateTime" : "04/28/16 08:46:00",
  "value" : "10"
},{
  "dateTime" : "04/28/16 08:53:00",
  "value" : "10"
},{
  "dateTime" : "04/28/16 11:18:00",
  "value" : "10"
},{
  "dateTime" : "04/28/16 12:12:00",
  "value" : "10"
},{
  "dateTime" : "04/28/16 15:34:00",
  "value" : "10"
},{
  "dateTime" : "04/28/16 17:06:00",
  "value" : "10"
},{
  "dateTime" : "04/28/16 17:07:00",
  "value" : "10"
},{
  "dateTime" : "04/28/16 18:17:00",
  "value" : "10"
},{
  "dateTime" : "04/28/16 21:13:00",
  "value" : "10"
},{
  "dateTime" : "04/28/16 21:28:00",
  "value" : "10"
},{
  "dateTime" : "04/29/16 08:24:00",
  "value" : "10"
},{
  "dateTime" : "04/29/16 10:47:00",
  "value" : "10"
},{
  "dateTime" : "04/29/16 12:24:00",
  "value" : "10"
},{
  "dateTime" : "04/29/16 15:17:00",
  "value" : "10"
},{
  "dateTime" : "04/29/16 19:36:00",
  "value" : "10"
},{
  "dateTime" : "04/29/16 20:08:00",
  "value" : "10"
},{
  "dateTime" : "04/29/16 21:20:00",
  "value" : "10"
},{
  "dateTime" : "04/30/16 09:09:00",
  "value" : "10"
},{
  "dateTime" : "04/30/16 10:15:00",
  "value" : "10"
},{
  "dateTime" : "04/30/16 11:42:00",
  "value" : "10"
},{
  "dateTime" : "04/30/16 11:43:00",
  "value" : "10"
},{
  "dateTime" : "04/30/16 12:55:00",
  "value" : "20"
},{
  "dateTime" : "04/30/16 16:14:00",
  "value" : "10"
},{
  "dateTime" : "04/30/16 16:31:00",
  "value" : "10"
},{
  "dateTime" : "04/30/16 18:06:00",
  "value" : "10"
},{
  "dateTime" : "04/30/16 21:58:00",
  "value" : "10"
},{
  "dateTime" : "05/01/16 08:14:00",
  "value" : "10"
},{
  "dateTime" : "05/01/16 09:07:00",
  "value" : "10"
},{
  "dateTime" : "05/01/16 12:05:00",
  "value" : "10"
},{
  "dateTime" : "05/01/16 12:06:00",
  "value" : "10"
},{
  "dateTime" : "05/01/16 12:32:00",
  "value" : "10"
},{
  "dateTime" : "05/01/16 17:41:00",
  "value" : "10"
},{
  "dateTime" : "05/01/16 18:08:00",
  "value" : "10"
},{
  "dateTime" : "05/01/16 19:40:00",
  "value" : "20"
},{
  "dateTime" : "05/01/16 21:11:00",
  "value" : "20"
},{
  "dateTime" : "05/01/16 21:12:00",
  "value" : "10"
},{
  "dateTime" : "05/01/16 22:36:00",
  "value" : "10"
},{
  "dateTime" : "05/02/16 05:16:00",
  "value" : "10"
},{
  "dateTime" : "05/02/16 07:18:00",
  "value" : "10"
},{
  "dateTime" : "05/02/16 08:16:00",
  "value" : "10"
},{
  "dateTime" : "05/02/16 08:48:00",
  "value" : "10"
},{
  "dateTime" : "05/02/16 09:16:00",
  "value" : "10"
},{
  "dateTime" : "05/02/16 10:24:00",
  "value" : "10"
},{
  "dateTime" : "05/02/16 10:25:00",
  "value" : "10"
},{
  "dateTime" : "05/02/16 11:28:00",
  "value" : "10"
},{
  "dateTime" : "05/02/16 12:10:00",
  "value" : "20"
},{
  "dateTime" : "05/02/16 12:11:00",
  "value" : "10"
},{
  "dateTime" : "05/02/16 12:18:00",
  "value" : "10"
},{
  "dateTime" : "05/02/16 12:26:00",
  "value" : "10"
},{
  "dateTime" : "05/02/16 12:44:00",
  "value" : "10"
},{
  "dateTime" : "05/02/16 14:09:00",
  "value" : "10"
},{
  "dateTime" : "05/02/16 14:30:00",
  "value" : "10"
},{
  "dateTime" : "05/02/16 17:11:00",
  "value" : "10"
},{
  "dateTime" : "05/02/16 21:02:00",
  "value" : "10"
},{
  "dateTime" : "05/03/16 05:11:00",
  "value" : "10"
},{
  "dateTime" : "05/03/16 08:07:00",
  "value" : "10"
},{
  "dateTime" : "05/03/16 11:41:00",
  "value" : "10"
},{
  "dateTime" : "05/03/16 19:58:00",
  "value" : "10"
},{
  "dateTime" : "05/03/16 20:43:00",
  "value" : "10"
},{
  "dateTime" : "05/03/16 22:21:00",
  "value" : "10"
}]