[{
  "dateTime" : "09/22/12 09:30:00",
  "value" : "10"
},{
  "dateTime" : "09/22/12 10:15:00",
  "value" : "10"
},{
  "dateTime" : "09/22/12 11:09:00",
  "value" : "10"
},{
  "dateTime" : "09/22/12 12:03:00",
  "value" : "10"
},{
  "dateTime" : "09/22/12 12:06:00",
  "value" : "10"
},{
  "dateTime" : "09/22/12 12:09:00",
  "value" : "20"
},{
  "dateTime" : "09/22/12 12:10:00",
  "value" : "10"
},{
  "dateTime" : "09/22/12 12:12:00",
  "value" : "10"
},{
  "dateTime" : "09/22/12 12:13:00",
  "value" : "20"
},{
  "dateTime" : "09/22/12 12:15:00",
  "value" : "10"
},{
  "dateTime" : "09/22/12 12:16:00",
  "value" : "10"
},{
  "dateTime" : "09/22/12 13:46:00",
  "value" : "10"
},{
  "dateTime" : "09/22/12 14:11:00",
  "value" : "10"
},{
  "dateTime" : "09/22/12 17:25:00",
  "value" : "10"
},{
  "dateTime" : "09/22/12 17:49:00",
  "value" : "10"
},{
  "dateTime" : "09/22/12 17:56:00",
  "value" : "10"
},{
  "dateTime" : "09/22/12 18:03:00",
  "value" : "10"
},{
  "dateTime" : "09/22/12 18:40:00",
  "value" : "10"
},{
  "dateTime" : "09/22/12 18:43:00",
  "value" : "10"
},{
  "dateTime" : "09/22/12 22:05:00",
  "value" : "10"
},{
  "dateTime" : "09/22/12 22:45:00",
  "value" : "10"
},{
  "dateTime" : "09/23/12 00:07:00",
  "value" : "10"
},{
  "dateTime" : "09/23/12 01:50:00",
  "value" : "10"
},{
  "dateTime" : "09/23/12 10:35:00",
  "value" : "10"
},{
  "dateTime" : "09/23/12 10:50:00",
  "value" : "10"
},{
  "dateTime" : "09/23/12 11:09:00",
  "value" : "10"
},{
  "dateTime" : "09/23/12 11:26:00",
  "value" : "10"
},{
  "dateTime" : "09/23/12 12:57:00",
  "value" : "10"
},{
  "dateTime" : "09/23/12 12:58:00",
  "value" : "10"
},{
  "dateTime" : "09/23/12 17:26:00",
  "value" : "10"
},{
  "dateTime" : "09/23/12 18:07:00",
  "value" : "10"
},{
  "dateTime" : "09/23/12 18:47:00",
  "value" : "10"
},{
  "dateTime" : "09/23/12 18:49:00",
  "value" : "10"
},{
  "dateTime" : "09/23/12 18:54:00",
  "value" : "10"
},{
  "dateTime" : "09/23/12 18:56:00",
  "value" : "10"
},{
  "dateTime" : "09/23/12 21:29:00",
  "value" : "10"
},{
  "dateTime" : "09/23/12 23:13:00",
  "value" : "10"
},{
  "dateTime" : "09/24/12 00:55:00",
  "value" : "10"
},{
  "dateTime" : "09/24/12 08:37:00",
  "value" : "10"
},{
  "dateTime" : "09/24/12 09:22:00",
  "value" : "30"
},{
  "dateTime" : "09/24/12 09:23:00",
  "value" : "40"
},{
  "dateTime" : "09/24/12 09:24:00",
  "value" : "30"
},{
  "dateTime" : "09/24/12 14:59:00",
  "value" : "10"
},{
  "dateTime" : "09/24/12 18:27:00",
  "value" : "10"
},{
  "dateTime" : "09/24/12 19:22:00",
  "value" : "10"
},{
  "dateTime" : "09/24/12 21:53:00",
  "value" : "10"
},{
  "dateTime" : "09/25/12 06:19:00",
  "value" : "10"
},{
  "dateTime" : "09/25/12 08:42:00",
  "value" : "10"
},{
  "dateTime" : "09/25/12 08:53:00",
  "value" : "10"
},{
  "dateTime" : "09/25/12 08:57:00",
  "value" : "10"
},{
  "dateTime" : "09/25/12 13:58:00",
  "value" : "10"
},{
  "dateTime" : "09/25/12 18:23:00",
  "value" : "10"
},{
  "dateTime" : "09/25/12 18:42:00",
  "value" : "10"
},{
  "dateTime" : "09/25/12 18:50:00",
  "value" : "10"
},{
  "dateTime" : "09/25/12 19:31:00",
  "value" : "10"
},{
  "dateTime" : "09/26/12 01:42:00",
  "value" : "10"
},{
  "dateTime" : "09/26/12 08:56:00",
  "value" : "10"
},{
  "dateTime" : "09/26/12 09:40:00",
  "value" : "20"
},{
  "dateTime" : "09/26/12 09:41:00",
  "value" : "40"
},{
  "dateTime" : "09/26/12 09:42:00",
  "value" : "40"
},{
  "dateTime" : "09/26/12 18:04:00",
  "value" : "10"
},{
  "dateTime" : "09/26/12 19:18:00",
  "value" : "10"
},{
  "dateTime" : "09/26/12 19:39:00",
  "value" : "10"
},{
  "dateTime" : "09/27/12 00:20:00",
  "value" : "10"
},{
  "dateTime" : "09/27/12 08:35:00",
  "value" : "10"
},{
  "dateTime" : "09/27/12 09:02:00",
  "value" : "10"
},{
  "dateTime" : "09/27/12 09:03:00",
  "value" : "50"
},{
  "dateTime" : "09/27/12 09:04:00",
  "value" : "40"
},{
  "dateTime" : "09/27/12 16:06:00",
  "value" : "20"
},{
  "dateTime" : "09/27/12 16:07:00",
  "value" : "50"
},{
  "dateTime" : "09/27/12 16:08:00",
  "value" : "30"
},{
  "dateTime" : "09/27/12 19:54:00",
  "value" : "10"
},{
  "dateTime" : "09/27/12 20:06:00",
  "value" : "10"
},{
  "dateTime" : "09/27/12 20:10:00",
  "value" : "10"
},{
  "dateTime" : "09/27/12 20:23:00",
  "value" : "10"
},{
  "dateTime" : "09/27/12 20:39:00",
  "value" : "10"
},{
  "dateTime" : "09/27/12 21:21:00",
  "value" : "10"
},{
  "dateTime" : "09/27/12 22:26:00",
  "value" : "10"
},{
  "dateTime" : "09/28/12 00:10:00",
  "value" : "10"
},{
  "dateTime" : "09/28/12 01:06:00",
  "value" : "10"
},{
  "dateTime" : "09/28/12 07:32:00",
  "value" : "10"
},{
  "dateTime" : "09/28/12 08:12:00",
  "value" : "10"
},{
  "dateTime" : "09/28/12 08:23:00",
  "value" : "10"
},{
  "dateTime" : "09/28/12 08:49:00",
  "value" : "10"
},{
  "dateTime" : "09/28/12 08:50:00",
  "value" : "40"
},{
  "dateTime" : "09/28/12 08:51:00",
  "value" : "40"
},{
  "dateTime" : "09/28/12 08:52:00",
  "value" : "20"
},{
  "dateTime" : "09/28/12 17:35:00",
  "value" : "10"
},{
  "dateTime" : "09/28/12 19:53:00",
  "value" : "10"
},{
  "dateTime" : "09/28/12 22:29:00",
  "value" : "10"
},{
  "dateTime" : "09/29/12 00:29:00",
  "value" : "10"
},{
  "dateTime" : "09/29/12 09:20:00",
  "value" : "10"
},{
  "dateTime" : "09/29/12 10:26:00",
  "value" : "10"
},{
  "dateTime" : "09/29/12 12:40:00",
  "value" : "10"
},{
  "dateTime" : "09/29/12 12:57:00",
  "value" : "10"
},{
  "dateTime" : "09/29/12 14:30:00",
  "value" : "10"
},{
  "dateTime" : "09/29/12 15:10:00",
  "value" : "10"
},{
  "dateTime" : "09/29/12 15:36:00",
  "value" : "10"
},{
  "dateTime" : "09/29/12 16:10:00",
  "value" : "10"
},{
  "dateTime" : "09/29/12 16:22:00",
  "value" : "10"
},{
  "dateTime" : "09/29/12 16:38:00",
  "value" : "10"
},{
  "dateTime" : "09/29/12 16:47:00",
  "value" : "10"
},{
  "dateTime" : "09/29/12 16:52:00",
  "value" : "10"
},{
  "dateTime" : "09/30/12 00:06:00",
  "value" : "10"
},{
  "dateTime" : "09/30/12 00:24:00",
  "value" : "10"
},{
  "dateTime" : "09/30/12 00:27:00",
  "value" : "10"
},{
  "dateTime" : "09/30/12 00:41:00",
  "value" : "10"
},{
  "dateTime" : "09/30/12 02:38:00",
  "value" : "10"
},{
  "dateTime" : "09/30/12 09:35:00",
  "value" : "10"
},{
  "dateTime" : "09/30/12 10:55:00",
  "value" : "10"
},{
  "dateTime" : "09/30/12 11:50:00",
  "value" : "10"
},{
  "dateTime" : "09/30/12 13:27:00",
  "value" : "10"
},{
  "dateTime" : "09/30/12 13:47:00",
  "value" : "10"
},{
  "dateTime" : "09/30/12 17:42:00",
  "value" : "10"
},{
  "dateTime" : "09/30/12 17:46:00",
  "value" : "10"
},{
  "dateTime" : "09/30/12 18:30:00",
  "value" : "10"
},{
  "dateTime" : "09/30/12 18:55:00",
  "value" : "10"
},{
  "dateTime" : "09/30/12 23:17:00",
  "value" : "10"
},{
  "dateTime" : "10/01/12 08:34:00",
  "value" : "10"
},{
  "dateTime" : "10/01/12 08:42:00",
  "value" : "10"
},{
  "dateTime" : "10/01/12 17:55:00",
  "value" : "10"
},{
  "dateTime" : "10/01/12 19:02:00",
  "value" : "10"
},{
  "dateTime" : "10/01/12 20:29:00",
  "value" : "10"
},{
  "dateTime" : "10/01/12 21:10:00",
  "value" : "10"
},{
  "dateTime" : "10/02/12 05:47:00",
  "value" : "10"
},{
  "dateTime" : "10/02/12 07:35:00",
  "value" : "10"
},{
  "dateTime" : "10/02/12 09:29:00",
  "value" : "10"
},{
  "dateTime" : "10/02/12 21:22:00",
  "value" : "10"
},{
  "dateTime" : "10/02/12 22:00:00",
  "value" : "10"
},{
  "dateTime" : "10/02/12 23:14:00",
  "value" : "10"
},{
  "dateTime" : "10/03/12 00:30:00",
  "value" : "10"
},{
  "dateTime" : "10/03/12 07:49:00",
  "value" : "10"
},{
  "dateTime" : "10/03/12 08:29:00",
  "value" : "10"
},{
  "dateTime" : "10/03/12 08:39:00",
  "value" : "10"
},{
  "dateTime" : "10/03/12 09:25:00",
  "value" : "50"
},{
  "dateTime" : "10/03/12 09:26:00",
  "value" : "40"
},{
  "dateTime" : "10/03/12 09:27:00",
  "value" : "20"
},{
  "dateTime" : "10/03/12 15:50:00",
  "value" : "30"
},{
  "dateTime" : "10/03/12 15:51:00",
  "value" : "50"
},{
  "dateTime" : "10/03/12 15:52:00",
  "value" : "30"
},{
  "dateTime" : "10/03/12 18:53:00",
  "value" : "10"
},{
  "dateTime" : "10/03/12 19:56:00",
  "value" : "10"
},{
  "dateTime" : "10/03/12 20:11:00",
  "value" : "10"
},{
  "dateTime" : "10/04/12 00:00:00",
  "value" : "10"
},{
  "dateTime" : "10/04/12 07:30:00",
  "value" : "10"
},{
  "dateTime" : "10/04/12 07:54:00",
  "value" : "20"
},{
  "dateTime" : "10/04/12 17:25:00",
  "value" : "10"
},{
  "dateTime" : "10/04/12 18:15:00",
  "value" : "10"
},{
  "dateTime" : "10/04/12 20:33:00",
  "value" : "10"
},{
  "dateTime" : "10/05/12 08:41:00",
  "value" : "10"
},{
  "dateTime" : "10/05/12 16:02:00",
  "value" : "10"
},{
  "dateTime" : "10/05/12 19:46:00",
  "value" : "10"
},{
  "dateTime" : "10/05/12 19:52:00",
  "value" : "20"
},{
  "dateTime" : "10/05/12 20:39:00",
  "value" : "10"
},{
  "dateTime" : "10/05/12 21:51:00",
  "value" : "10"
},{
  "dateTime" : "10/06/12 01:36:00",
  "value" : "10"
},{
  "dateTime" : "10/06/12 09:53:00",
  "value" : "10"
},{
  "dateTime" : "10/06/12 13:07:00",
  "value" : "10"
},{
  "dateTime" : "10/06/12 13:17:00",
  "value" : "10"
},{
  "dateTime" : "10/06/12 20:59:00",
  "value" : "10"
},{
  "dateTime" : "10/06/12 21:56:00",
  "value" : "10"
},{
  "dateTime" : "10/07/12 07:37:00",
  "value" : "10"
},{
  "dateTime" : "10/07/12 09:41:00",
  "value" : "20"
},{
  "dateTime" : "10/07/12 10:49:00",
  "value" : "10"
},{
  "dateTime" : "10/07/12 11:57:00",
  "value" : "10"
},{
  "dateTime" : "10/07/12 11:58:00",
  "value" : "10"
},{
  "dateTime" : "10/07/12 14:36:00",
  "value" : "10"
},{
  "dateTime" : "10/07/12 15:57:00",
  "value" : "10"
},{
  "dateTime" : "10/07/12 15:58:00",
  "value" : "10"
},{
  "dateTime" : "10/07/12 16:41:00",
  "value" : "10"
},{
  "dateTime" : "10/07/12 19:04:00",
  "value" : "10"
},{
  "dateTime" : "10/07/12 19:07:00",
  "value" : "10"
},{
  "dateTime" : "10/07/12 19:48:00",
  "value" : "20"
},{
  "dateTime" : "10/07/12 21:40:00",
  "value" : "10"
},{
  "dateTime" : "10/08/12 06:39:00",
  "value" : "10"
},{
  "dateTime" : "10/08/12 08:04:00",
  "value" : "10"
},{
  "dateTime" : "10/08/12 08:27:00",
  "value" : "10"
},{
  "dateTime" : "10/08/12 08:36:00",
  "value" : "10"
},{
  "dateTime" : "10/08/12 08:51:00",
  "value" : "10"
},{
  "dateTime" : "10/08/12 14:06:00",
  "value" : "10"
},{
  "dateTime" : "10/08/12 14:07:00",
  "value" : "10"
},{
  "dateTime" : "10/08/12 15:03:00",
  "value" : "40"
},{
  "dateTime" : "10/08/12 15:04:00",
  "value" : "40"
},{
  "dateTime" : "10/08/12 15:05:00",
  "value" : "30"
},{
  "dateTime" : "10/08/12 20:04:00",
  "value" : "10"
},{
  "dateTime" : "10/08/12 20:12:00",
  "value" : "10"
},{
  "dateTime" : "10/08/12 20:17:00",
  "value" : "10"
},{
  "dateTime" : "10/08/12 23:09:00",
  "value" : "10"
},{
  "dateTime" : "10/09/12 07:20:00",
  "value" : "10"
},{
  "dateTime" : "10/09/12 07:35:00",
  "value" : "10"
},{
  "dateTime" : "10/09/12 08:03:00",
  "value" : "10"
},{
  "dateTime" : "10/09/12 08:41:00",
  "value" : "10"
},{
  "dateTime" : "10/09/12 17:35:00",
  "value" : "10"
},{
  "dateTime" : "10/09/12 17:36:00",
  "value" : "10"
},{
  "dateTime" : "10/09/12 18:05:00",
  "value" : "10"
},{
  "dateTime" : "10/09/12 18:29:00",
  "value" : "10"
},{
  "dateTime" : "10/09/12 21:41:00",
  "value" : "10"
},{
  "dateTime" : "10/09/12 22:49:00",
  "value" : "10"
},{
  "dateTime" : "10/09/12 23:40:00",
  "value" : "10"
},{
  "dateTime" : "10/10/12 07:51:00",
  "value" : "10"
},{
  "dateTime" : "10/10/12 08:32:00",
  "value" : "10"
},{
  "dateTime" : "10/10/12 09:18:00",
  "value" : "30"
},{
  "dateTime" : "10/10/12 09:19:00",
  "value" : "40"
},{
  "dateTime" : "10/10/12 09:20:00",
  "value" : "30"
},{
  "dateTime" : "10/10/12 19:52:00",
  "value" : "10"
},{
  "dateTime" : "10/10/12 20:11:00",
  "value" : "10"
},{
  "dateTime" : "10/10/12 20:14:00",
  "value" : "10"
},{
  "dateTime" : "10/10/12 20:27:00",
  "value" : "10"
},{
  "dateTime" : "10/10/12 20:46:00",
  "value" : "10"
},{
  "dateTime" : "10/10/12 20:57:00",
  "value" : "10"
},{
  "dateTime" : "10/10/12 23:46:00",
  "value" : "10"
},{
  "dateTime" : "10/11/12 07:56:00",
  "value" : "10"
},{
  "dateTime" : "10/11/12 08:26:00",
  "value" : "10"
},{
  "dateTime" : "10/11/12 14:28:00",
  "value" : "10"
},{
  "dateTime" : "10/11/12 15:29:00",
  "value" : "30"
},{
  "dateTime" : "10/11/12 15:30:00",
  "value" : "40"
},{
  "dateTime" : "10/11/12 15:31:00",
  "value" : "30"
},{
  "dateTime" : "10/11/12 19:31:00",
  "value" : "10"
},{
  "dateTime" : "10/11/12 20:36:00",
  "value" : "10"
},{
  "dateTime" : "10/11/12 23:13:00",
  "value" : "10"
},{
  "dateTime" : "10/12/12 07:55:00",
  "value" : "10"
},{
  "dateTime" : "10/12/12 08:30:00",
  "value" : "10"
},{
  "dateTime" : "10/12/12 09:18:00",
  "value" : "20"
},{
  "dateTime" : "10/12/12 09:19:00",
  "value" : "40"
},{
  "dateTime" : "10/12/12 09:20:00",
  "value" : "40"
},{
  "dateTime" : "10/12/12 12:32:00",
  "value" : "10"
},{
  "dateTime" : "10/12/12 12:33:00",
  "value" : "10"
},{
  "dateTime" : "10/12/12 12:50:00",
  "value" : "20"
},{
  "dateTime" : "10/12/12 12:51:00",
  "value" : "40"
},{
  "dateTime" : "10/12/12 12:52:00",
  "value" : "40"
},{
  "dateTime" : "10/12/12 17:53:00",
  "value" : "10"
},{
  "dateTime" : "10/12/12 18:12:00",
  "value" : "10"
},{
  "dateTime" : "10/12/12 18:41:00",
  "value" : "10"
},{
  "dateTime" : "10/12/12 20:26:00",
  "value" : "10"
},{
  "dateTime" : "10/12/12 20:32:00",
  "value" : "10"
},{
  "dateTime" : "10/12/12 20:36:00",
  "value" : "10"
},{
  "dateTime" : "10/12/12 20:38:00",
  "value" : "10"
},{
  "dateTime" : "10/12/12 20:51:00",
  "value" : "10"
},{
  "dateTime" : "10/12/12 21:57:00",
  "value" : "10"
},{
  "dateTime" : "10/13/12 00:33:00",
  "value" : "10"
},{
  "dateTime" : "10/13/12 11:27:00",
  "value" : "10"
},{
  "dateTime" : "10/13/12 12:05:00",
  "value" : "10"
},{
  "dateTime" : "10/13/12 12:30:00",
  "value" : "10"
},{
  "dateTime" : "10/13/12 16:16:00",
  "value" : "10"
},{
  "dateTime" : "10/13/12 17:23:00",
  "value" : "10"
},{
  "dateTime" : "10/13/12 18:03:00",
  "value" : "10"
},{
  "dateTime" : "10/13/12 18:32:00",
  "value" : "10"
},{
  "dateTime" : "10/13/12 19:26:00",
  "value" : "10"
},{
  "dateTime" : "10/13/12 20:05:00",
  "value" : "10"
},{
  "dateTime" : "10/13/12 21:39:00",
  "value" : "10"
},{
  "dateTime" : "10/14/12 00:31:00",
  "value" : "10"
},{
  "dateTime" : "10/14/12 07:14:00",
  "value" : "10"
},{
  "dateTime" : "10/14/12 08:05:00",
  "value" : "10"
},{
  "dateTime" : "10/14/12 08:58:00",
  "value" : "10"
},{
  "dateTime" : "10/14/12 09:17:00",
  "value" : "10"
},{
  "dateTime" : "10/14/12 09:49:00",
  "value" : "10"
},{
  "dateTime" : "10/14/12 10:09:00",
  "value" : "10"
},{
  "dateTime" : "10/14/12 17:10:00",
  "value" : "10"
},{
  "dateTime" : "10/14/12 17:39:00",
  "value" : "10"
},{
  "dateTime" : "10/14/12 19:57:00",
  "value" : "10"
},{
  "dateTime" : "10/14/12 20:04:00",
  "value" : "10"
},{
  "dateTime" : "10/14/12 20:09:00",
  "value" : "10"
},{
  "dateTime" : "10/15/12 07:39:00",
  "value" : "10"
},{
  "dateTime" : "10/15/12 08:11:00",
  "value" : "10"
},{
  "dateTime" : "10/15/12 08:32:00",
  "value" : "10"
},{
  "dateTime" : "10/15/12 08:34:00",
  "value" : "10"
},{
  "dateTime" : "10/15/12 08:38:00",
  "value" : "10"
},{
  "dateTime" : "10/15/12 08:40:00",
  "value" : "10"
},{
  "dateTime" : "10/15/12 08:46:00",
  "value" : "10"
},{
  "dateTime" : "10/15/12 08:49:00",
  "value" : "10"
},{
  "dateTime" : "10/15/12 09:02:00",
  "value" : "10"
},{
  "dateTime" : "10/15/12 09:06:00",
  "value" : "10"
},{
  "dateTime" : "10/15/12 12:52:00",
  "value" : "10"
},{
  "dateTime" : "10/15/12 12:53:00",
  "value" : "10"
},{
  "dateTime" : "10/15/12 13:13:00",
  "value" : "10"
},{
  "dateTime" : "10/15/12 13:44:00",
  "value" : "10"
},{
  "dateTime" : "10/15/12 14:15:00",
  "value" : "10"
},{
  "dateTime" : "10/15/12 17:42:00",
  "value" : "10"
},{
  "dateTime" : "10/15/12 19:00:00",
  "value" : "10"
},{
  "dateTime" : "10/15/12 19:02:00",
  "value" : "10"
},{
  "dateTime" : "10/15/12 19:03:00",
  "value" : "10"
},{
  "dateTime" : "10/15/12 19:36:00",
  "value" : "10"
},{
  "dateTime" : "10/15/12 21:09:00",
  "value" : "10"
},{
  "dateTime" : "10/15/12 22:37:00",
  "value" : "10"
},{
  "dateTime" : "10/16/12 04:55:00",
  "value" : "10"
},{
  "dateTime" : "10/16/12 06:25:00",
  "value" : "10"
},{
  "dateTime" : "10/16/12 07:10:00",
  "value" : "10"
},{
  "dateTime" : "10/16/12 07:48:00",
  "value" : "10"
},{
  "dateTime" : "10/16/12 08:19:00",
  "value" : "10"
},{
  "dateTime" : "10/16/12 08:21:00",
  "value" : "10"
},{
  "dateTime" : "10/16/12 08:29:00",
  "value" : "10"
},{
  "dateTime" : "10/16/12 09:37:00",
  "value" : "10"
},{
  "dateTime" : "10/16/12 09:38:00",
  "value" : "40"
},{
  "dateTime" : "10/16/12 09:39:00",
  "value" : "20"
},{
  "dateTime" : "10/16/12 09:40:00",
  "value" : "30"
},{
  "dateTime" : "10/16/12 16:03:00",
  "value" : "10"
},{
  "dateTime" : "10/16/12 18:54:00",
  "value" : "10"
},{
  "dateTime" : "10/16/12 23:00:00",
  "value" : "10"
},{
  "dateTime" : "10/17/12 08:11:00",
  "value" : "10"
},{
  "dateTime" : "10/17/12 08:17:00",
  "value" : "10"
},{
  "dateTime" : "10/17/12 12:34:00",
  "value" : "20"
},{
  "dateTime" : "10/17/12 12:35:00",
  "value" : "10"
},{
  "dateTime" : "10/17/12 12:36:00",
  "value" : "10"
},{
  "dateTime" : "10/17/12 13:35:00",
  "value" : "10"
},{
  "dateTime" : "10/17/12 14:05:00",
  "value" : "10"
},{
  "dateTime" : "10/17/12 14:35:00",
  "value" : "10"
},{
  "dateTime" : "10/17/12 20:03:00",
  "value" : "10"
},{
  "dateTime" : "10/17/12 20:31:00",
  "value" : "10"
},{
  "dateTime" : "10/17/12 22:40:00",
  "value" : "10"
},{
  "dateTime" : "10/18/12 08:26:00",
  "value" : "10"
},{
  "dateTime" : "10/18/12 08:31:00",
  "value" : "10"
},{
  "dateTime" : "10/18/12 09:15:00",
  "value" : "30"
},{
  "dateTime" : "10/18/12 09:16:00",
  "value" : "40"
},{
  "dateTime" : "10/18/12 09:17:00",
  "value" : "40"
},{
  "dateTime" : "10/18/12 13:12:00",
  "value" : "10"
},{
  "dateTime" : "10/18/12 13:50:00",
  "value" : "10"
},{
  "dateTime" : "10/18/12 14:37:00",
  "value" : "10"
},{
  "dateTime" : "10/18/12 14:41:00",
  "value" : "10"
},{
  "dateTime" : "10/18/12 14:45:00",
  "value" : "10"
},{
  "dateTime" : "10/18/12 14:47:00",
  "value" : "10"
},{
  "dateTime" : "10/18/12 15:07:00",
  "value" : "10"
},{
  "dateTime" : "10/18/12 15:59:00",
  "value" : "10"
},{
  "dateTime" : "10/18/12 18:27:00",
  "value" : "10"
},{
  "dateTime" : "10/18/12 18:30:00",
  "value" : "10"
},{
  "dateTime" : "10/18/12 19:05:00",
  "value" : "10"
},{
  "dateTime" : "10/18/12 20:40:00",
  "value" : "10"
},{
  "dateTime" : "10/18/12 20:56:00",
  "value" : "10"
},{
  "dateTime" : "10/18/12 22:23:00",
  "value" : "10"
},{
  "dateTime" : "10/18/12 23:55:00",
  "value" : "10"
},{
  "dateTime" : "10/19/12 07:28:00",
  "value" : "10"
},{
  "dateTime" : "10/19/12 08:26:00",
  "value" : "10"
},{
  "dateTime" : "10/19/12 19:12:00",
  "value" : "10"
},{
  "dateTime" : "10/20/12 00:29:00",
  "value" : "10"
},{
  "dateTime" : "10/20/12 15:17:00",
  "value" : "10"
},{
  "dateTime" : "10/20/12 16:15:00",
  "value" : "10"
},{
  "dateTime" : "10/20/12 18:48:00",
  "value" : "10"
},{
  "dateTime" : "10/20/12 23:44:00",
  "value" : "10"
},{
  "dateTime" : "10/21/12 01:16:00",
  "value" : "10"
},{
  "dateTime" : "10/21/12 01:55:00",
  "value" : "10"
},{
  "dateTime" : "10/21/12 07:50:00",
  "value" : "10"
},{
  "dateTime" : "10/21/12 08:50:00",
  "value" : "10"
},{
  "dateTime" : "10/21/12 09:27:00",
  "value" : "10"
},{
  "dateTime" : "10/21/12 09:43:00",
  "value" : "10"
},{
  "dateTime" : "10/21/12 10:01:00",
  "value" : "10"
},{
  "dateTime" : "10/21/12 12:14:00",
  "value" : "10"
},{
  "dateTime" : "10/21/12 13:20:00",
  "value" : "10"
},{
  "dateTime" : "10/21/12 18:46:00",
  "value" : "10"
},{
  "dateTime" : "10/21/12 21:43:00",
  "value" : "10"
},{
  "dateTime" : "10/21/12 23:37:00",
  "value" : "10"
}]