[{
  "dateTime" : "07/09/15 07:37:00",
  "value" : "10"
},{
  "dateTime" : "07/09/15 12:59:00",
  "value" : "10"
},{
  "dateTime" : "07/09/15 16:02:00",
  "value" : "10"
},{
  "dateTime" : "07/09/15 16:09:00",
  "value" : "10"
},{
  "dateTime" : "07/09/15 16:17:00",
  "value" : "10"
},{
  "dateTime" : "07/09/15 17:27:00",
  "value" : "10"
},{
  "dateTime" : "07/09/15 20:38:00",
  "value" : "10"
},{
  "dateTime" : "07/09/15 20:39:00",
  "value" : "10"
},{
  "dateTime" : "07/09/15 20:40:00",
  "value" : "10"
},{
  "dateTime" : "07/09/15 21:21:00",
  "value" : "10"
},{
  "dateTime" : "07/09/15 21:43:00",
  "value" : "10"
},{
  "dateTime" : "07/10/15 05:28:00",
  "value" : "10"
},{
  "dateTime" : "07/10/15 13:53:00",
  "value" : "10"
},{
  "dateTime" : "07/10/15 17:27:00",
  "value" : "10"
},{
  "dateTime" : "07/10/15 17:50:00",
  "value" : "10"
},{
  "dateTime" : "07/10/15 18:17:00",
  "value" : "10"
},{
  "dateTime" : "07/10/15 18:23:00",
  "value" : "10"
},{
  "dateTime" : "07/10/15 19:10:00",
  "value" : "10"
},{
  "dateTime" : "07/10/15 19:11:00",
  "value" : "10"
},{
  "dateTime" : "07/10/15 19:12:00",
  "value" : "10"
},{
  "dateTime" : "07/10/15 20:14:00",
  "value" : "10"
},{
  "dateTime" : "07/10/15 21:04:00",
  "value" : "20"
},{
  "dateTime" : "07/10/15 21:05:00",
  "value" : "10"
},{
  "dateTime" : "07/10/15 21:12:00",
  "value" : "10"
},{
  "dateTime" : "07/10/15 23:00:00",
  "value" : "10"
},{
  "dateTime" : "07/11/15 00:43:00",
  "value" : "10"
},{
  "dateTime" : "07/11/15 01:57:00",
  "value" : "10"
},{
  "dateTime" : "07/11/15 07:37:00",
  "value" : "10"
},{
  "dateTime" : "07/11/15 07:51:00",
  "value" : "10"
},{
  "dateTime" : "07/11/15 10:53:00",
  "value" : "10"
},{
  "dateTime" : "07/11/15 10:54:00",
  "value" : "10"
},{
  "dateTime" : "07/11/15 11:22:00",
  "value" : "10"
},{
  "dateTime" : "07/11/15 13:16:00",
  "value" : "10"
},{
  "dateTime" : "07/11/15 17:10:00",
  "value" : "10"
},{
  "dateTime" : "07/11/15 20:16:00",
  "value" : "10"
},{
  "dateTime" : "07/11/15 21:28:00",
  "value" : "10"
},{
  "dateTime" : "07/11/15 23:24:00",
  "value" : "10"
},{
  "dateTime" : "07/12/15 08:13:00",
  "value" : "10"
},{
  "dateTime" : "07/12/15 13:08:00",
  "value" : "10"
},{
  "dateTime" : "07/12/15 13:58:00",
  "value" : "10"
},{
  "dateTime" : "07/12/15 16:05:00",
  "value" : "10"
},{
  "dateTime" : "07/12/15 17:06:00",
  "value" : "10"
},{
  "dateTime" : "07/12/15 17:07:00",
  "value" : "10"
},{
  "dateTime" : "07/12/15 17:08:00",
  "value" : "10"
},{
  "dateTime" : "07/12/15 18:27:00",
  "value" : "10"
},{
  "dateTime" : "07/12/15 18:28:00",
  "value" : "10"
},{
  "dateTime" : "07/12/15 20:11:00",
  "value" : "10"
},{
  "dateTime" : "07/12/15 20:45:00",
  "value" : "10"
},{
  "dateTime" : "07/12/15 20:46:00",
  "value" : "10"
},{
  "dateTime" : "07/12/15 20:47:00",
  "value" : "10"
},{
  "dateTime" : "07/12/15 21:56:00",
  "value" : "20"
},{
  "dateTime" : "07/12/15 22:04:00",
  "value" : "10"
},{
  "dateTime" : "07/12/15 22:37:00",
  "value" : "10"
},{
  "dateTime" : "07/13/15 05:37:00",
  "value" : "10"
},{
  "dateTime" : "07/13/15 08:11:00",
  "value" : "10"
},{
  "dateTime" : "07/13/15 08:30:00",
  "value" : "10"
},{
  "dateTime" : "07/13/15 13:17:00",
  "value" : "10"
},{
  "dateTime" : "07/13/15 15:24:00",
  "value" : "10"
},{
  "dateTime" : "07/13/15 16:45:00",
  "value" : "10"
},{
  "dateTime" : "07/13/15 17:28:00",
  "value" : "10"
},{
  "dateTime" : "07/13/15 18:08:00",
  "value" : "10"
},{
  "dateTime" : "07/13/15 20:33:00",
  "value" : "10"
},{
  "dateTime" : "07/13/15 21:53:00",
  "value" : "10"
},{
  "dateTime" : "07/14/15 01:07:00",
  "value" : "10"
},{
  "dateTime" : "07/14/15 08:48:00",
  "value" : "10"
},{
  "dateTime" : "07/14/15 10:55:00",
  "value" : "10"
},{
  "dateTime" : "07/14/15 11:43:00",
  "value" : "10"
},{
  "dateTime" : "07/14/15 12:12:00",
  "value" : "10"
},{
  "dateTime" : "07/14/15 19:39:00",
  "value" : "10"
},{
  "dateTime" : "07/14/15 20:20:00",
  "value" : "10"
},{
  "dateTime" : "07/14/15 21:27:00",
  "value" : "10"
},{
  "dateTime" : "07/14/15 22:47:00",
  "value" : "10"
},{
  "dateTime" : "07/15/15 05:28:00",
  "value" : "10"
},{
  "dateTime" : "07/15/15 07:47:00",
  "value" : "10"
},{
  "dateTime" : "07/15/15 08:53:00",
  "value" : "10"
},{
  "dateTime" : "07/15/15 09:25:00",
  "value" : "10"
},{
  "dateTime" : "07/15/15 11:14:00",
  "value" : "10"
},{
  "dateTime" : "07/15/15 18:06:00",
  "value" : "10"
},{
  "dateTime" : "07/15/15 19:59:00",
  "value" : "10"
},{
  "dateTime" : "07/15/15 20:18:00",
  "value" : "10"
},{
  "dateTime" : "07/15/15 21:37:00",
  "value" : "10"
},{
  "dateTime" : "07/15/15 21:57:00",
  "value" : "10"
},{
  "dateTime" : "07/15/15 23:14:00",
  "value" : "10"
},{
  "dateTime" : "07/16/15 01:32:00",
  "value" : "10"
},{
  "dateTime" : "07/16/15 08:48:00",
  "value" : "10"
},{
  "dateTime" : "07/16/15 09:29:00",
  "value" : "10"
},{
  "dateTime" : "07/16/15 11:24:00",
  "value" : "10"
},{
  "dateTime" : "07/16/15 11:25:00",
  "value" : "10"
},{
  "dateTime" : "07/16/15 14:30:00",
  "value" : "10"
},{
  "dateTime" : "07/16/15 20:02:00",
  "value" : "10"
},{
  "dateTime" : "07/17/15 08:11:00",
  "value" : "10"
},{
  "dateTime" : "07/17/15 08:12:00",
  "value" : "10"
},{
  "dateTime" : "07/17/15 08:51:00",
  "value" : "10"
},{
  "dateTime" : "07/17/15 09:15:00",
  "value" : "10"
},{
  "dateTime" : "07/17/15 15:48:00",
  "value" : "10"
},{
  "dateTime" : "07/17/15 16:20:00",
  "value" : "10"
},{
  "dateTime" : "07/17/15 16:28:00",
  "value" : "10"
},{
  "dateTime" : "07/17/15 16:57:00",
  "value" : "10"
},{
  "dateTime" : "07/17/15 16:58:00",
  "value" : "10"
},{
  "dateTime" : "07/17/15 16:59:00",
  "value" : "10"
},{
  "dateTime" : "07/17/15 17:39:00",
  "value" : "10"
},{
  "dateTime" : "07/17/15 18:17:00",
  "value" : "10"
},{
  "dateTime" : "07/17/15 19:03:00",
  "value" : "10"
},{
  "dateTime" : "07/17/15 19:04:00",
  "value" : "10"
},{
  "dateTime" : "07/17/15 19:58:00",
  "value" : "10"
},{
  "dateTime" : "07/17/15 19:59:00",
  "value" : "10"
},{
  "dateTime" : "07/17/15 20:00:00",
  "value" : "10"
},{
  "dateTime" : "07/17/15 20:01:00",
  "value" : "10"
},{
  "dateTime" : "07/17/15 20:02:00",
  "value" : "10"
},{
  "dateTime" : "07/17/15 20:27:00",
  "value" : "10"
},{
  "dateTime" : "07/17/15 21:35:00",
  "value" : "10"
},{
  "dateTime" : "07/17/15 22:32:00",
  "value" : "10"
},{
  "dateTime" : "07/17/15 23:59:00",
  "value" : "10"
},{
  "dateTime" : "07/18/15 08:12:00",
  "value" : "10"
},{
  "dateTime" : "07/18/15 08:32:00",
  "value" : "10"
},{
  "dateTime" : "07/18/15 10:15:00",
  "value" : "10"
},{
  "dateTime" : "07/18/15 11:23:00",
  "value" : "10"
},{
  "dateTime" : "07/18/15 12:21:00",
  "value" : "10"
},{
  "dateTime" : "07/18/15 13:37:00",
  "value" : "10"
},{
  "dateTime" : "07/18/15 15:42:00",
  "value" : "10"
},{
  "dateTime" : "07/18/15 16:45:00",
  "value" : "10"
},{
  "dateTime" : "07/18/15 16:46:00",
  "value" : "10"
},{
  "dateTime" : "07/18/15 17:09:00",
  "value" : "10"
},{
  "dateTime" : "07/18/15 19:55:00",
  "value" : "10"
},{
  "dateTime" : "07/18/15 20:13:00",
  "value" : "10"
},{
  "dateTime" : "07/18/15 22:19:00",
  "value" : "10"
},{
  "dateTime" : "07/19/15 08:05:00",
  "value" : "10"
},{
  "dateTime" : "07/19/15 09:00:00",
  "value" : "10"
},{
  "dateTime" : "07/19/15 09:16:00",
  "value" : "10"
},{
  "dateTime" : "07/19/15 11:24:00",
  "value" : "10"
},{
  "dateTime" : "07/19/15 11:25:00",
  "value" : "10"
},{
  "dateTime" : "07/19/15 13:51:00",
  "value" : "10"
},{
  "dateTime" : "07/19/15 15:33:00",
  "value" : "10"
},{
  "dateTime" : "07/19/15 16:10:00",
  "value" : "10"
},{
  "dateTime" : "07/19/15 16:41:00",
  "value" : "10"
},{
  "dateTime" : "07/19/15 16:58:00",
  "value" : "10"
},{
  "dateTime" : "07/19/15 16:59:00",
  "value" : "10"
},{
  "dateTime" : "07/19/15 19:54:00",
  "value" : "10"
},{
  "dateTime" : "07/19/15 20:01:00",
  "value" : "10"
},{
  "dateTime" : "07/19/15 20:02:00",
  "value" : "10"
},{
  "dateTime" : "07/19/15 20:43:00",
  "value" : "10"
},{
  "dateTime" : "07/19/15 21:59:00",
  "value" : "10"
},{
  "dateTime" : "07/19/15 22:59:00",
  "value" : "10"
},{
  "dateTime" : "07/20/15 01:23:00",
  "value" : "10"
},{
  "dateTime" : "07/20/15 13:24:00",
  "value" : "10"
},{
  "dateTime" : "07/20/15 15:31:00",
  "value" : "10"
},{
  "dateTime" : "07/20/15 16:32:00",
  "value" : "10"
},{
  "dateTime" : "07/20/15 16:54:00",
  "value" : "10"
},{
  "dateTime" : "07/20/15 16:55:00",
  "value" : "10"
},{
  "dateTime" : "07/20/15 18:47:00",
  "value" : "10"
},{
  "dateTime" : "07/20/15 22:29:00",
  "value" : "10"
},{
  "dateTime" : "07/20/15 22:30:00",
  "value" : "10"
},{
  "dateTime" : "07/21/15 07:57:00",
  "value" : "10"
},{
  "dateTime" : "07/21/15 08:26:00",
  "value" : "10"
},{
  "dateTime" : "07/21/15 09:21:00",
  "value" : "10"
},{
  "dateTime" : "07/21/15 11:36:00",
  "value" : "10"
},{
  "dateTime" : "07/21/15 13:58:00",
  "value" : "10"
},{
  "dateTime" : "07/21/15 15:42:00",
  "value" : "10"
},{
  "dateTime" : "07/21/15 16:44:00",
  "value" : "10"
},{
  "dateTime" : "07/21/15 17:03:00",
  "value" : "10"
},{
  "dateTime" : "07/21/15 17:26:00",
  "value" : "10"
},{
  "dateTime" : "07/21/15 17:27:00",
  "value" : "10"
},{
  "dateTime" : "07/21/15 17:28:00",
  "value" : "10"
},{
  "dateTime" : "07/21/15 17:37:00",
  "value" : "10"
},{
  "dateTime" : "07/21/15 17:38:00",
  "value" : "10"
},{
  "dateTime" : "07/21/15 18:01:00",
  "value" : "10"
},{
  "dateTime" : "07/21/15 18:52:00",
  "value" : "10"
},{
  "dateTime" : "07/21/15 20:09:00",
  "value" : "10"
},{
  "dateTime" : "07/21/15 20:45:00",
  "value" : "10"
},{
  "dateTime" : "07/21/15 20:46:00",
  "value" : "10"
},{
  "dateTime" : "07/21/15 21:28:00",
  "value" : "10"
},{
  "dateTime" : "07/21/15 21:29:00",
  "value" : "10"
},{
  "dateTime" : "07/21/15 22:04:00",
  "value" : "10"
},{
  "dateTime" : "07/21/15 22:30:00",
  "value" : "10"
},{
  "dateTime" : "07/21/15 23:18:00",
  "value" : "10"
},{
  "dateTime" : "07/22/15 07:18:00",
  "value" : "10"
},{
  "dateTime" : "07/22/15 07:19:00",
  "value" : "10"
},{
  "dateTime" : "07/22/15 07:25:00",
  "value" : "10"
},{
  "dateTime" : "07/22/15 07:26:00",
  "value" : "20"
},{
  "dateTime" : "07/22/15 07:42:00",
  "value" : "10"
},{
  "dateTime" : "07/22/15 09:21:00",
  "value" : "10"
},{
  "dateTime" : "07/22/15 13:29:00",
  "value" : "10"
},{
  "dateTime" : "07/22/15 17:20:00",
  "value" : "10"
},{
  "dateTime" : "07/22/15 19:06:00",
  "value" : "10"
},{
  "dateTime" : "07/22/15 20:49:00",
  "value" : "10"
},{
  "dateTime" : "07/23/15 09:20:00",
  "value" : "10"
},{
  "dateTime" : "07/23/15 09:21:00",
  "value" : "10"
},{
  "dateTime" : "07/23/15 10:58:00",
  "value" : "10"
},{
  "dateTime" : "07/23/15 13:53:00",
  "value" : "10"
},{
  "dateTime" : "07/23/15 13:54:00",
  "value" : "10"
},{
  "dateTime" : "07/23/15 15:55:00",
  "value" : "10"
},{
  "dateTime" : "07/23/15 16:37:00",
  "value" : "10"
},{
  "dateTime" : "07/23/15 19:13:00",
  "value" : "10"
},{
  "dateTime" : "07/23/15 21:25:00",
  "value" : "10"
},{
  "dateTime" : "07/24/15 08:27:00",
  "value" : "10"
},{
  "dateTime" : "07/24/15 08:51:00",
  "value" : "10"
},{
  "dateTime" : "07/24/15 11:18:00",
  "value" : "10"
},{
  "dateTime" : "07/24/15 11:19:00",
  "value" : "10"
},{
  "dateTime" : "07/24/15 12:13:00",
  "value" : "10"
},{
  "dateTime" : "07/24/15 16:24:00",
  "value" : "10"
},{
  "dateTime" : "07/24/15 16:25:00",
  "value" : "10"
},{
  "dateTime" : "07/24/15 17:29:00",
  "value" : "10"
},{
  "dateTime" : "07/24/15 20:39:00",
  "value" : "10"
},{
  "dateTime" : "07/24/15 20:51:00",
  "value" : "20"
},{
  "dateTime" : "07/24/15 21:13:00",
  "value" : "10"
},{
  "dateTime" : "07/24/15 21:14:00",
  "value" : "10"
},{
  "dateTime" : "07/25/15 08:06:00",
  "value" : "10"
},{
  "dateTime" : "07/25/15 08:10:00",
  "value" : "10"
},{
  "dateTime" : "07/25/15 09:11:00",
  "value" : "10"
},{
  "dateTime" : "07/25/15 13:22:00",
  "value" : "10"
},{
  "dateTime" : "07/25/15 13:45:00",
  "value" : "10"
},{
  "dateTime" : "07/25/15 15:33:00",
  "value" : "10"
},{
  "dateTime" : "07/25/15 15:34:00",
  "value" : "10"
},{
  "dateTime" : "07/25/15 15:35:00",
  "value" : "10"
},{
  "dateTime" : "07/25/15 22:47:00",
  "value" : "10"
},{
  "dateTime" : "07/25/15 22:55:00",
  "value" : "10"
},{
  "dateTime" : "07/26/15 01:43:00",
  "value" : "10"
},{
  "dateTime" : "07/26/15 12:04:00",
  "value" : "10"
},{
  "dateTime" : "07/26/15 12:29:00",
  "value" : "10"
},{
  "dateTime" : "07/26/15 19:42:00",
  "value" : "10"
},{
  "dateTime" : "07/26/15 20:12:00",
  "value" : "10"
},{
  "dateTime" : "07/26/15 20:20:00",
  "value" : "20"
},{
  "dateTime" : "07/26/15 22:02:00",
  "value" : "10"
},{
  "dateTime" : "07/27/15 10:40:00",
  "value" : "10"
},{
  "dateTime" : "07/27/15 11:07:00",
  "value" : "10"
},{
  "dateTime" : "07/27/15 13:01:00",
  "value" : "10"
},{
  "dateTime" : "07/27/15 13:44:00",
  "value" : "10"
},{
  "dateTime" : "07/27/15 14:22:00",
  "value" : "10"
},{
  "dateTime" : "07/27/15 14:23:00",
  "value" : "10"
},{
  "dateTime" : "07/27/15 15:11:00",
  "value" : "10"
},{
  "dateTime" : "07/27/15 16:57:00",
  "value" : "10"
},{
  "dateTime" : "07/27/15 17:49:00",
  "value" : "10"
},{
  "dateTime" : "07/27/15 18:19:00",
  "value" : "10"
},{
  "dateTime" : "07/27/15 18:20:00",
  "value" : "10"
},{
  "dateTime" : "07/27/15 20:53:00",
  "value" : "10"
},{
  "dateTime" : "07/27/15 20:54:00",
  "value" : "10"
},{
  "dateTime" : "07/27/15 22:04:00",
  "value" : "10"
},{
  "dateTime" : "07/27/15 22:44:00",
  "value" : "10"
},{
  "dateTime" : "07/28/15 00:59:00",
  "value" : "10"
},{
  "dateTime" : "07/28/15 01:00:00",
  "value" : "10"
},{
  "dateTime" : "07/28/15 07:04:00",
  "value" : "10"
},{
  "dateTime" : "07/28/15 15:46:00",
  "value" : "20"
},{
  "dateTime" : "07/28/15 16:48:00",
  "value" : "10"
},{
  "dateTime" : "07/29/15 16:23:00",
  "value" : "10"
},{
  "dateTime" : "07/29/15 17:39:00",
  "value" : "10"
},{
  "dateTime" : "07/29/15 18:00:00",
  "value" : "10"
},{
  "dateTime" : "07/29/15 18:01:00",
  "value" : "10"
},{
  "dateTime" : "07/29/15 19:48:00",
  "value" : "10"
},{
  "dateTime" : "07/29/15 19:49:00",
  "value" : "10"
},{
  "dateTime" : "07/29/15 20:10:00",
  "value" : "10"
},{
  "dateTime" : "07/29/15 20:11:00",
  "value" : "10"
},{
  "dateTime" : "07/29/15 20:12:00",
  "value" : "10"
},{
  "dateTime" : "07/29/15 20:13:00",
  "value" : "10"
},{
  "dateTime" : "07/29/15 21:59:00",
  "value" : "10"
},{
  "dateTime" : "07/29/15 22:15:00",
  "value" : "10"
},{
  "dateTime" : "07/29/15 22:16:00",
  "value" : "10"
},{
  "dateTime" : "07/30/15 11:15:00",
  "value" : "10"
},{
  "dateTime" : "07/30/15 11:16:00",
  "value" : "10"
},{
  "dateTime" : "07/30/15 13:58:00",
  "value" : "10"
},{
  "dateTime" : "07/30/15 15:37:00",
  "value" : "10"
},{
  "dateTime" : "07/30/15 17:10:00",
  "value" : "10"
},{
  "dateTime" : "07/30/15 20:04:00",
  "value" : "10"
},{
  "dateTime" : "07/30/15 21:54:00",
  "value" : "10"
},{
  "dateTime" : "07/30/15 21:55:00",
  "value" : "10"
},{
  "dateTime" : "07/31/15 10:23:00",
  "value" : "10"
},{
  "dateTime" : "07/31/15 11:41:00",
  "value" : "10"
},{
  "dateTime" : "07/31/15 12:08:00",
  "value" : "10"
},{
  "dateTime" : "07/31/15 12:25:00",
  "value" : "10"
},{
  "dateTime" : "07/31/15 12:26:00",
  "value" : "10"
},{
  "dateTime" : "07/31/15 15:05:00",
  "value" : "10"
},{
  "dateTime" : "07/31/15 15:06:00",
  "value" : "10"
},{
  "dateTime" : "07/31/15 15:28:00",
  "value" : "10"
},{
  "dateTime" : "07/31/15 15:29:00",
  "value" : "10"
},{
  "dateTime" : "07/31/15 15:30:00",
  "value" : "10"
},{
  "dateTime" : "07/31/15 15:31:00",
  "value" : "10"
},{
  "dateTime" : "07/31/15 15:32:00",
  "value" : "10"
},{
  "dateTime" : "07/31/15 15:33:00",
  "value" : "10"
},{
  "dateTime" : "07/31/15 15:34:00",
  "value" : "10"
},{
  "dateTime" : "07/31/15 15:35:00",
  "value" : "20"
},{
  "dateTime" : "07/31/15 15:36:00",
  "value" : "10"
},{
  "dateTime" : "07/31/15 15:52:00",
  "value" : "10"
},{
  "dateTime" : "07/31/15 15:53:00",
  "value" : "10"
},{
  "dateTime" : "07/31/15 15:54:00",
  "value" : "10"
},{
  "dateTime" : "07/31/15 15:55:00",
  "value" : "10"
},{
  "dateTime" : "07/31/15 16:24:00",
  "value" : "10"
},{
  "dateTime" : "07/31/15 16:52:00",
  "value" : "10"
},{
  "dateTime" : "07/31/15 16:53:00",
  "value" : "10"
},{
  "dateTime" : "07/31/15 16:54:00",
  "value" : "10"
},{
  "dateTime" : "07/31/15 16:55:00",
  "value" : "10"
},{
  "dateTime" : "07/31/15 16:56:00",
  "value" : "10"
},{
  "dateTime" : "07/31/15 16:57:00",
  "value" : "10"
},{
  "dateTime" : "07/31/15 18:16:00",
  "value" : "10"
},{
  "dateTime" : "07/31/15 18:17:00",
  "value" : "20"
},{
  "dateTime" : "07/31/15 18:18:00",
  "value" : "10"
},{
  "dateTime" : "07/31/15 18:19:00",
  "value" : "20"
},{
  "dateTime" : "07/31/15 18:20:00",
  "value" : "10"
},{
  "dateTime" : "07/31/15 18:21:00",
  "value" : "10"
},{
  "dateTime" : "07/31/15 18:40:00",
  "value" : "10"
},{
  "dateTime" : "07/31/15 18:41:00",
  "value" : "10"
},{
  "dateTime" : "07/31/15 18:42:00",
  "value" : "10"
},{
  "dateTime" : "07/31/15 18:43:00",
  "value" : "10"
},{
  "dateTime" : "07/31/15 18:48:00",
  "value" : "10"
},{
  "dateTime" : "07/31/15 18:49:00",
  "value" : "10"
},{
  "dateTime" : "07/31/15 18:50:00",
  "value" : "10"
},{
  "dateTime" : "07/31/15 18:59:00",
  "value" : "10"
},{
  "dateTime" : "07/31/15 19:00:00",
  "value" : "10"
},{
  "dateTime" : "07/31/15 19:01:00",
  "value" : "10"
},{
  "dateTime" : "07/31/15 19:02:00",
  "value" : "10"
},{
  "dateTime" : "07/31/15 19:08:00",
  "value" : "10"
},{
  "dateTime" : "07/31/15 19:09:00",
  "value" : "20"
},{
  "dateTime" : "07/31/15 19:10:00",
  "value" : "10"
},{
  "dateTime" : "07/31/15 19:11:00",
  "value" : "20"
},{
  "dateTime" : "07/31/15 21:16:00",
  "value" : "10"
},{
  "dateTime" : "08/01/15 05:52:00",
  "value" : "10"
},{
  "dateTime" : "08/01/15 06:50:00",
  "value" : "10"
},{
  "dateTime" : "08/01/15 06:51:00",
  "value" : "10"
},{
  "dateTime" : "08/01/15 08:48:00",
  "value" : "10"
},{
  "dateTime" : "08/01/15 09:13:00",
  "value" : "10"
},{
  "dateTime" : "08/01/15 09:14:00",
  "value" : "10"
},{
  "dateTime" : "08/01/15 09:15:00",
  "value" : "10"
},{
  "dateTime" : "08/01/15 09:16:00",
  "value" : "10"
},{
  "dateTime" : "08/01/15 09:38:00",
  "value" : "10"
},{
  "dateTime" : "08/01/15 11:18:00",
  "value" : "10"
},{
  "dateTime" : "08/01/15 12:48:00",
  "value" : "10"
},{
  "dateTime" : "08/01/15 13:52:00",
  "value" : "10"
},{
  "dateTime" : "08/01/15 14:17:00",
  "value" : "10"
},{
  "dateTime" : "08/01/15 14:18:00",
  "value" : "10"
},{
  "dateTime" : "08/01/15 16:08:00",
  "value" : "10"
},{
  "dateTime" : "08/01/15 16:40:00",
  "value" : "10"
},{
  "dateTime" : "08/01/15 17:23:00",
  "value" : "10"
},{
  "dateTime" : "08/01/15 18:41:00",
  "value" : "10"
},{
  "dateTime" : "08/01/15 19:04:00",
  "value" : "10"
},{
  "dateTime" : "08/01/15 20:12:00",
  "value" : "10"
},{
  "dateTime" : "08/02/15 07:47:00",
  "value" : "10"
},{
  "dateTime" : "08/02/15 07:48:00",
  "value" : "10"
},{
  "dateTime" : "08/02/15 07:55:00",
  "value" : "10"
},{
  "dateTime" : "08/02/15 09:02:00",
  "value" : "10"
},{
  "dateTime" : "08/02/15 13:36:00",
  "value" : "10"
},{
  "dateTime" : "08/02/15 16:47:00",
  "value" : "10"
},{
  "dateTime" : "08/02/15 16:48:00",
  "value" : "10"
},{
  "dateTime" : "08/02/15 16:49:00",
  "value" : "10"
},{
  "dateTime" : "08/02/15 18:44:00",
  "value" : "20"
},{
  "dateTime" : "08/02/15 20:37:00",
  "value" : "10"
},{
  "dateTime" : "08/03/15 08:23:00",
  "value" : "10"
},{
  "dateTime" : "08/03/15 08:45:00",
  "value" : "10"
},{
  "dateTime" : "08/03/15 08:47:00",
  "value" : "10"
},{
  "dateTime" : "08/03/15 08:48:00",
  "value" : "10"
},{
  "dateTime" : "08/03/15 08:49:00",
  "value" : "10"
},{
  "dateTime" : "08/03/15 09:37:00",
  "value" : "10"
},{
  "dateTime" : "08/03/15 12:17:00",
  "value" : "10"
},{
  "dateTime" : "08/03/15 14:11:00",
  "value" : "10"
},{
  "dateTime" : "08/03/15 15:34:00",
  "value" : "10"
},{
  "dateTime" : "08/03/15 16:06:00",
  "value" : "10"
},{
  "dateTime" : "08/03/15 16:07:00",
  "value" : "10"
},{
  "dateTime" : "08/03/15 17:11:00",
  "value" : "10"
},{
  "dateTime" : "08/03/15 17:12:00",
  "value" : "10"
},{
  "dateTime" : "08/03/15 19:17:00",
  "value" : "10"
},{
  "dateTime" : "08/03/15 19:18:00",
  "value" : "10"
},{
  "dateTime" : "08/03/15 21:24:00",
  "value" : "10"
},{
  "dateTime" : "08/03/15 22:03:00",
  "value" : "10"
},{
  "dateTime" : "08/04/15 00:56:00",
  "value" : "10"
},{
  "dateTime" : "08/04/15 08:33:00",
  "value" : "10"
},{
  "dateTime" : "08/04/15 08:54:00",
  "value" : "10"
},{
  "dateTime" : "08/04/15 13:51:00",
  "value" : "10"
},{
  "dateTime" : "08/04/15 14:47:00",
  "value" : "10"
},{
  "dateTime" : "08/04/15 17:43:00",
  "value" : "10"
},{
  "dateTime" : "08/04/15 20:40:00",
  "value" : "10"
},{
  "dateTime" : "08/04/15 21:14:00",
  "value" : "10"
},{
  "dateTime" : "08/04/15 21:24:00",
  "value" : "10"
},{
  "dateTime" : "08/04/15 21:28:00",
  "value" : "10"
},{
  "dateTime" : "08/04/15 21:59:00",
  "value" : "20"
},{
  "dateTime" : "08/05/15 08:48:00",
  "value" : "10"
},{
  "dateTime" : "08/05/15 09:17:00",
  "value" : "10"
},{
  "dateTime" : "08/05/15 09:58:00",
  "value" : "10"
},{
  "dateTime" : "08/05/15 09:59:00",
  "value" : "10"
},{
  "dateTime" : "08/05/15 10:00:00",
  "value" : "20"
},{
  "dateTime" : "08/05/15 10:06:00",
  "value" : "10"
},{
  "dateTime" : "08/05/15 15:59:00",
  "value" : "10"
},{
  "dateTime" : "08/05/15 16:00:00",
  "value" : "10"
},{
  "dateTime" : "08/05/15 17:00:00",
  "value" : "10"
},{
  "dateTime" : "08/05/15 17:49:00",
  "value" : "10"
},{
  "dateTime" : "08/05/15 20:38:00",
  "value" : "10"
},{
  "dateTime" : "08/05/15 20:51:00",
  "value" : "10"
},{
  "dateTime" : "08/06/15 08:10:00",
  "value" : "10"
},{
  "dateTime" : "08/06/15 13:04:00",
  "value" : "10"
},{
  "dateTime" : "08/06/15 14:23:00",
  "value" : "10"
},{
  "dateTime" : "08/06/15 14:59:00",
  "value" : "10"
},{
  "dateTime" : "08/06/15 15:11:00",
  "value" : "10"
},{
  "dateTime" : "08/06/15 15:28:00",
  "value" : "10"
},{
  "dateTime" : "08/06/15 15:29:00",
  "value" : "10"
},{
  "dateTime" : "08/06/15 16:57:00",
  "value" : "20"
},{
  "dateTime" : "08/06/15 16:58:00",
  "value" : "20"
},{
  "dateTime" : "08/06/15 17:41:00",
  "value" : "10"
},{
  "dateTime" : "08/06/15 18:32:00",
  "value" : "10"
},{
  "dateTime" : "08/06/15 18:33:00",
  "value" : "10"
},{
  "dateTime" : "08/06/15 18:34:00",
  "value" : "10"
},{
  "dateTime" : "08/06/15 18:35:00",
  "value" : "10"
},{
  "dateTime" : "08/06/15 18:36:00",
  "value" : "10"
},{
  "dateTime" : "08/06/15 19:09:00",
  "value" : "10"
},{
  "dateTime" : "08/06/15 19:35:00",
  "value" : "10"
},{
  "dateTime" : "08/06/15 19:36:00",
  "value" : "10"
},{
  "dateTime" : "08/06/15 19:37:00",
  "value" : "10"
},{
  "dateTime" : "08/06/15 20:33:00",
  "value" : "10"
},{
  "dateTime" : "08/06/15 20:51:00",
  "value" : "10"
},{
  "dateTime" : "08/06/15 21:02:00",
  "value" : "10"
},{
  "dateTime" : "08/06/15 21:28:00",
  "value" : "10"
},{
  "dateTime" : "08/06/15 21:29:00",
  "value" : "10"
},{
  "dateTime" : "08/06/15 21:30:00",
  "value" : "10"
},{
  "dateTime" : "08/07/15 00:16:00",
  "value" : "10"
},{
  "dateTime" : "08/07/15 10:42:00",
  "value" : "10"
},{
  "dateTime" : "08/07/15 19:22:00",
  "value" : "10"
},{
  "dateTime" : "08/07/15 22:23:00",
  "value" : "10"
},{
  "dateTime" : "08/07/15 22:47:00",
  "value" : "10"
}]