[{
  "dateTime" : "03/11/15 09:09:00",
  "value" : "10"
},{
  "dateTime" : "03/11/15 20:30:00",
  "value" : "10"
},{
  "dateTime" : "03/12/15 08:42:00",
  "value" : "10"
},{
  "dateTime" : "03/12/15 08:49:00",
  "value" : "10"
},{
  "dateTime" : "03/12/15 09:10:00",
  "value" : "10"
},{
  "dateTime" : "03/12/15 10:09:00",
  "value" : "10"
},{
  "dateTime" : "03/12/15 11:03:00",
  "value" : "10"
},{
  "dateTime" : "03/12/15 11:41:00",
  "value" : "10"
},{
  "dateTime" : "03/12/15 11:42:00",
  "value" : "40"
},{
  "dateTime" : "03/12/15 12:11:00",
  "value" : "10"
},{
  "dateTime" : "03/12/15 12:12:00",
  "value" : "10"
},{
  "dateTime" : "03/12/15 12:13:00",
  "value" : "20"
},{
  "dateTime" : "03/12/15 12:14:00",
  "value" : "10"
},{
  "dateTime" : "03/12/15 12:15:00",
  "value" : "10"
},{
  "dateTime" : "03/12/15 12:55:00",
  "value" : "10"
},{
  "dateTime" : "03/12/15 13:29:00",
  "value" : "10"
},{
  "dateTime" : "03/12/15 13:33:00",
  "value" : "10"
},{
  "dateTime" : "03/12/15 16:49:00",
  "value" : "10"
},{
  "dateTime" : "03/12/15 16:50:00",
  "value" : "10"
},{
  "dateTime" : "03/12/15 17:29:00",
  "value" : "10"
},{
  "dateTime" : "03/12/15 20:59:00",
  "value" : "10"
},{
  "dateTime" : "03/13/15 08:16:00",
  "value" : "10"
},{
  "dateTime" : "03/13/15 08:49:00",
  "value" : "10"
},{
  "dateTime" : "03/13/15 08:50:00",
  "value" : "10"
},{
  "dateTime" : "03/13/15 08:51:00",
  "value" : "10"
},{
  "dateTime" : "03/13/15 09:50:00",
  "value" : "10"
},{
  "dateTime" : "03/13/15 10:34:00",
  "value" : "10"
},{
  "dateTime" : "03/13/15 10:35:00",
  "value" : "10"
},{
  "dateTime" : "03/13/15 11:38:00",
  "value" : "10"
},{
  "dateTime" : "03/13/15 11:39:00",
  "value" : "50"
},{
  "dateTime" : "03/13/15 11:40:00",
  "value" : "10"
},{
  "dateTime" : "03/13/15 12:02:00",
  "value" : "20"
},{
  "dateTime" : "03/13/15 12:03:00",
  "value" : "10"
},{
  "dateTime" : "03/13/15 12:28:00",
  "value" : "10"
},{
  "dateTime" : "03/13/15 12:29:00",
  "value" : "10"
},{
  "dateTime" : "03/13/15 13:05:00",
  "value" : "10"
},{
  "dateTime" : "03/13/15 13:06:00",
  "value" : "10"
},{
  "dateTime" : "03/13/15 13:07:00",
  "value" : "10"
},{
  "dateTime" : "03/13/15 18:55:00",
  "value" : "10"
},{
  "dateTime" : "03/13/15 19:54:00",
  "value" : "10"
},{
  "dateTime" : "03/13/15 19:55:00",
  "value" : "10"
},{
  "dateTime" : "03/13/15 23:37:00",
  "value" : "10"
},{
  "dateTime" : "03/13/15 23:38:00",
  "value" : "10"
},{
  "dateTime" : "03/14/15 09:15:00",
  "value" : "10"
},{
  "dateTime" : "03/14/15 10:35:00",
  "value" : "10"
},{
  "dateTime" : "03/14/15 11:02:00",
  "value" : "10"
},{
  "dateTime" : "03/14/15 11:28:00",
  "value" : "20"
},{
  "dateTime" : "03/14/15 11:40:00",
  "value" : "10"
},{
  "dateTime" : "03/14/15 11:41:00",
  "value" : "10"
},{
  "dateTime" : "03/14/15 11:42:00",
  "value" : "10"
},{
  "dateTime" : "03/14/15 11:46:00",
  "value" : "10"
},{
  "dateTime" : "03/14/15 13:39:00",
  "value" : "10"
},{
  "dateTime" : "03/14/15 16:17:00",
  "value" : "10"
},{
  "dateTime" : "03/14/15 21:27:00",
  "value" : "10"
},{
  "dateTime" : "03/14/15 21:28:00",
  "value" : "10"
},{
  "dateTime" : "03/14/15 21:45:00",
  "value" : "10"
},{
  "dateTime" : "03/15/15 09:11:00",
  "value" : "10"
},{
  "dateTime" : "03/15/15 09:29:00",
  "value" : "20"
},{
  "dateTime" : "03/15/15 11:26:00",
  "value" : "10"
},{
  "dateTime" : "03/15/15 12:11:00",
  "value" : "10"
},{
  "dateTime" : "03/15/15 12:12:00",
  "value" : "10"
},{
  "dateTime" : "03/15/15 12:31:00",
  "value" : "10"
},{
  "dateTime" : "03/15/15 18:01:00",
  "value" : "10"
},{
  "dateTime" : "03/15/15 18:09:00",
  "value" : "10"
},{
  "dateTime" : "03/15/15 18:10:00",
  "value" : "10"
},{
  "dateTime" : "03/15/15 21:33:00",
  "value" : "20"
},{
  "dateTime" : "03/15/15 21:34:00",
  "value" : "10"
},{
  "dateTime" : "03/15/15 21:35:00",
  "value" : "10"
},{
  "dateTime" : "03/15/15 22:02:00",
  "value" : "10"
},{
  "dateTime" : "03/16/15 08:24:00",
  "value" : "10"
},{
  "dateTime" : "03/16/15 08:49:00",
  "value" : "10"
},{
  "dateTime" : "03/16/15 13:59:00",
  "value" : "10"
},{
  "dateTime" : "03/16/15 14:24:00",
  "value" : "10"
},{
  "dateTime" : "03/16/15 16:04:00",
  "value" : "10"
},{
  "dateTime" : "03/16/15 16:39:00",
  "value" : "10"
},{
  "dateTime" : "03/16/15 16:40:00",
  "value" : "10"
},{
  "dateTime" : "03/16/15 18:25:00",
  "value" : "10"
},{
  "dateTime" : "03/16/15 20:18:00",
  "value" : "10"
},{
  "dateTime" : "03/16/15 20:34:00",
  "value" : "10"
},{
  "dateTime" : "03/16/15 20:54:00",
  "value" : "10"
},{
  "dateTime" : "03/16/15 20:55:00",
  "value" : "10"
},{
  "dateTime" : "03/17/15 08:29:00",
  "value" : "10"
},{
  "dateTime" : "03/17/15 08:30:00",
  "value" : "10"
},{
  "dateTime" : "03/17/15 14:04:00",
  "value" : "10"
},{
  "dateTime" : "03/17/15 15:02:00",
  "value" : "10"
},{
  "dateTime" : "03/17/15 15:03:00",
  "value" : "10"
},{
  "dateTime" : "03/17/15 15:04:00",
  "value" : "10"
},{
  "dateTime" : "03/17/15 20:37:00",
  "value" : "10"
},{
  "dateTime" : "03/17/15 22:08:00",
  "value" : "20"
},{
  "dateTime" : "03/18/15 00:13:00",
  "value" : "10"
},{
  "dateTime" : "03/18/15 08:48:00",
  "value" : "10"
},{
  "dateTime" : "03/18/15 09:04:00",
  "value" : "10"
},{
  "dateTime" : "03/18/15 09:53:00",
  "value" : "10"
},{
  "dateTime" : "03/18/15 13:36:00",
  "value" : "10"
},{
  "dateTime" : "03/18/15 14:19:00",
  "value" : "10"
},{
  "dateTime" : "03/18/15 14:20:00",
  "value" : "10"
},{
  "dateTime" : "03/18/15 14:21:00",
  "value" : "20"
},{
  "dateTime" : "03/18/15 14:22:00",
  "value" : "40"
},{
  "dateTime" : "03/18/15 14:23:00",
  "value" : "10"
},{
  "dateTime" : "03/18/15 14:24:00",
  "value" : "20"
},{
  "dateTime" : "03/18/15 14:25:00",
  "value" : "20"
},{
  "dateTime" : "03/18/15 14:26:00",
  "value" : "30"
},{
  "dateTime" : "03/18/15 14:39:00",
  "value" : "30"
},{
  "dateTime" : "03/18/15 14:40:00",
  "value" : "50"
},{
  "dateTime" : "03/18/15 14:41:00",
  "value" : "10"
},{
  "dateTime" : "03/18/15 14:42:00",
  "value" : "10"
},{
  "dateTime" : "03/18/15 14:43:00",
  "value" : "30"
},{
  "dateTime" : "03/18/15 15:26:00",
  "value" : "10"
},{
  "dateTime" : "03/18/15 16:36:00",
  "value" : "10"
},{
  "dateTime" : "03/18/15 17:43:00",
  "value" : "10"
},{
  "dateTime" : "03/18/15 20:10:00",
  "value" : "10"
},{
  "dateTime" : "03/18/15 20:42:00",
  "value" : "10"
},{
  "dateTime" : "03/18/15 21:26:00",
  "value" : "10"
},{
  "dateTime" : "03/18/15 22:25:00",
  "value" : "10"
},{
  "dateTime" : "03/19/15 03:06:00",
  "value" : "10"
},{
  "dateTime" : "03/19/15 14:25:00",
  "value" : "10"
},{
  "dateTime" : "03/19/15 16:16:00",
  "value" : "10"
},{
  "dateTime" : "03/19/15 16:17:00",
  "value" : "10"
},{
  "dateTime" : "03/19/15 16:18:00",
  "value" : "10"
},{
  "dateTime" : "03/19/15 16:19:00",
  "value" : "10"
},{
  "dateTime" : "03/19/15 20:38:00",
  "value" : "10"
},{
  "dateTime" : "03/20/15 08:32:00",
  "value" : "10"
},{
  "dateTime" : "03/20/15 08:48:00",
  "value" : "10"
},{
  "dateTime" : "03/20/15 09:37:00",
  "value" : "20"
},{
  "dateTime" : "03/20/15 09:44:00",
  "value" : "10"
},{
  "dateTime" : "03/20/15 09:45:00",
  "value" : "10"
},{
  "dateTime" : "03/20/15 10:01:00",
  "value" : "20"
},{
  "dateTime" : "03/20/15 10:02:00",
  "value" : "30"
},{
  "dateTime" : "03/20/15 10:03:00",
  "value" : "30"
},{
  "dateTime" : "03/20/15 10:04:00",
  "value" : "30"
},{
  "dateTime" : "03/20/15 10:31:00",
  "value" : "20"
},{
  "dateTime" : "03/20/15 12:20:00",
  "value" : "10"
},{
  "dateTime" : "03/20/15 12:21:00",
  "value" : "10"
},{
  "dateTime" : "03/20/15 14:03:00",
  "value" : "10"
},{
  "dateTime" : "03/20/15 14:35:00",
  "value" : "10"
},{
  "dateTime" : "03/20/15 15:04:00",
  "value" : "10"
},{
  "dateTime" : "03/20/15 15:05:00",
  "value" : "10"
},{
  "dateTime" : "03/20/15 15:06:00",
  "value" : "10"
},{
  "dateTime" : "03/20/15 15:28:00",
  "value" : "10"
},{
  "dateTime" : "03/20/15 15:29:00",
  "value" : "10"
},{
  "dateTime" : "03/20/15 16:23:00",
  "value" : "10"
},{
  "dateTime" : "03/20/15 16:24:00",
  "value" : "10"
},{
  "dateTime" : "03/20/15 16:49:00",
  "value" : "10"
},{
  "dateTime" : "03/20/15 17:09:00",
  "value" : "10"
},{
  "dateTime" : "03/20/15 17:10:00",
  "value" : "10"
},{
  "dateTime" : "03/20/15 18:05:00",
  "value" : "10"
},{
  "dateTime" : "03/20/15 18:56:00",
  "value" : "20"
},{
  "dateTime" : "03/20/15 18:57:00",
  "value" : "10"
},{
  "dateTime" : "03/20/15 20:18:00",
  "value" : "10"
},{
  "dateTime" : "03/20/15 21:13:00",
  "value" : "10"
},{
  "dateTime" : "03/20/15 21:14:00",
  "value" : "10"
},{
  "dateTime" : "03/20/15 21:51:00",
  "value" : "10"
},{
  "dateTime" : "03/20/15 22:43:00",
  "value" : "10"
},{
  "dateTime" : "03/20/15 22:44:00",
  "value" : "10"
},{
  "dateTime" : "03/20/15 23:43:00",
  "value" : "10"
},{
  "dateTime" : "03/21/15 10:27:00",
  "value" : "10"
},{
  "dateTime" : "03/21/15 10:28:00",
  "value" : "10"
},{
  "dateTime" : "03/21/15 10:55:00",
  "value" : "10"
},{
  "dateTime" : "03/21/15 11:44:00",
  "value" : "20"
},{
  "dateTime" : "03/21/15 11:52:00",
  "value" : "10"
},{
  "dateTime" : "03/21/15 11:53:00",
  "value" : "10"
},{
  "dateTime" : "03/21/15 11:54:00",
  "value" : "20"
},{
  "dateTime" : "03/21/15 11:55:00",
  "value" : "20"
},{
  "dateTime" : "03/21/15 11:56:00",
  "value" : "20"
},{
  "dateTime" : "03/21/15 12:24:00",
  "value" : "10"
},{
  "dateTime" : "03/21/15 12:55:00",
  "value" : "10"
},{
  "dateTime" : "03/21/15 13:00:00",
  "value" : "10"
},{
  "dateTime" : "03/21/15 18:40:00",
  "value" : "10"
},{
  "dateTime" : "03/21/15 19:39:00",
  "value" : "10"
},{
  "dateTime" : "03/21/15 22:02:00",
  "value" : "10"
},{
  "dateTime" : "03/21/15 22:03:00",
  "value" : "10"
},{
  "dateTime" : "03/21/15 22:04:00",
  "value" : "10"
},{
  "dateTime" : "03/22/15 10:17:00",
  "value" : "10"
},{
  "dateTime" : "03/22/15 12:11:00",
  "value" : "10"
},{
  "dateTime" : "03/22/15 12:12:00",
  "value" : "10"
},{
  "dateTime" : "03/22/15 12:42:00",
  "value" : "40"
},{
  "dateTime" : "03/22/15 12:43:00",
  "value" : "20"
},{
  "dateTime" : "03/22/15 12:44:00",
  "value" : "20"
},{
  "dateTime" : "03/22/15 12:45:00",
  "value" : "20"
},{
  "dateTime" : "03/22/15 12:46:00",
  "value" : "20"
},{
  "dateTime" : "03/22/15 12:47:00",
  "value" : "20"
},{
  "dateTime" : "03/22/15 12:48:00",
  "value" : "10"
},{
  "dateTime" : "03/22/15 12:49:00",
  "value" : "20"
},{
  "dateTime" : "03/22/15 12:50:00",
  "value" : "20"
},{
  "dateTime" : "03/22/15 13:00:00",
  "value" : "30"
},{
  "dateTime" : "03/22/15 13:01:00",
  "value" : "20"
},{
  "dateTime" : "03/22/15 13:02:00",
  "value" : "30"
},{
  "dateTime" : "03/22/15 13:03:00",
  "value" : "20"
},{
  "dateTime" : "03/22/15 13:17:00",
  "value" : "10"
},{
  "dateTime" : "03/22/15 15:14:00",
  "value" : "10"
},{
  "dateTime" : "03/22/15 15:15:00",
  "value" : "10"
},{
  "dateTime" : "03/22/15 15:52:00",
  "value" : "10"
},{
  "dateTime" : "03/22/15 17:06:00",
  "value" : "10"
},{
  "dateTime" : "03/22/15 20:36:00",
  "value" : "10"
},{
  "dateTime" : "03/22/15 22:17:00",
  "value" : "10"
},{
  "dateTime" : "03/23/15 00:52:00",
  "value" : "10"
},{
  "dateTime" : "03/23/15 08:24:00",
  "value" : "10"
},{
  "dateTime" : "03/23/15 08:25:00",
  "value" : "10"
},{
  "dateTime" : "03/23/15 11:33:00",
  "value" : "10"
},{
  "dateTime" : "03/23/15 19:34:00",
  "value" : "10"
},{
  "dateTime" : "03/23/15 19:35:00",
  "value" : "10"
},{
  "dateTime" : "03/23/15 20:57:00",
  "value" : "10"
},{
  "dateTime" : "03/23/15 20:58:00",
  "value" : "10"
},{
  "dateTime" : "03/23/15 21:14:00",
  "value" : "10"
},{
  "dateTime" : "03/24/15 09:25:00",
  "value" : "10"
},{
  "dateTime" : "03/24/15 12:10:00",
  "value" : "10"
},{
  "dateTime" : "03/24/15 14:53:00",
  "value" : "10"
},{
  "dateTime" : "03/24/15 15:28:00",
  "value" : "10"
},{
  "dateTime" : "03/24/15 15:47:00",
  "value" : "10"
},{
  "dateTime" : "03/24/15 15:48:00",
  "value" : "10"
},{
  "dateTime" : "03/24/15 15:49:00",
  "value" : "20"
},{
  "dateTime" : "03/24/15 16:52:00",
  "value" : "10"
},{
  "dateTime" : "03/24/15 16:53:00",
  "value" : "20"
},{
  "dateTime" : "03/24/15 17:17:00",
  "value" : "10"
},{
  "dateTime" : "03/24/15 17:18:00",
  "value" : "10"
},{
  "dateTime" : "03/24/15 17:38:00",
  "value" : "10"
},{
  "dateTime" : "03/24/15 18:45:00",
  "value" : "10"
},{
  "dateTime" : "03/24/15 18:46:00",
  "value" : "10"
},{
  "dateTime" : "03/24/15 19:40:00",
  "value" : "10"
},{
  "dateTime" : "03/24/15 19:41:00",
  "value" : "10"
},{
  "dateTime" : "03/24/15 19:42:00",
  "value" : "10"
},{
  "dateTime" : "03/24/15 19:43:00",
  "value" : "10"
},{
  "dateTime" : "03/24/15 20:17:00",
  "value" : "10"
},{
  "dateTime" : "03/24/15 21:06:00",
  "value" : "10"
},{
  "dateTime" : "03/24/15 21:44:00",
  "value" : "10"
},{
  "dateTime" : "03/24/15 22:02:00",
  "value" : "10"
},{
  "dateTime" : "03/24/15 22:03:00",
  "value" : "10"
},{
  "dateTime" : "03/24/15 22:04:00",
  "value" : "10"
},{
  "dateTime" : "03/24/15 22:05:00",
  "value" : "10"
},{
  "dateTime" : "03/25/15 01:17:00",
  "value" : "10"
},{
  "dateTime" : "03/25/15 04:48:00",
  "value" : "10"
},{
  "dateTime" : "03/25/15 04:49:00",
  "value" : "10"
},{
  "dateTime" : "03/25/15 04:50:00",
  "value" : "20"
},{
  "dateTime" : "03/25/15 05:08:00",
  "value" : "20"
},{
  "dateTime" : "03/25/15 19:45:00",
  "value" : "10"
},{
  "dateTime" : "03/25/15 20:43:00",
  "value" : "10"
},{
  "dateTime" : "03/25/15 20:44:00",
  "value" : "10"
},{
  "dateTime" : "03/26/15 10:49:00",
  "value" : "10"
},{
  "dateTime" : "03/26/15 11:06:00",
  "value" : "10"
},{
  "dateTime" : "03/26/15 12:43:00",
  "value" : "10"
},{
  "dateTime" : "03/26/15 12:44:00",
  "value" : "10"
},{
  "dateTime" : "03/26/15 17:58:00",
  "value" : "10"
},{
  "dateTime" : "03/27/15 11:50:00",
  "value" : "10"
},{
  "dateTime" : "03/27/15 12:39:00",
  "value" : "10"
},{
  "dateTime" : "03/27/15 14:12:00",
  "value" : "10"
},{
  "dateTime" : "03/27/15 14:56:00",
  "value" : "10"
},{
  "dateTime" : "03/27/15 14:57:00",
  "value" : "10"
},{
  "dateTime" : "03/27/15 15:42:00",
  "value" : "10"
},{
  "dateTime" : "03/27/15 15:50:00",
  "value" : "10"
},{
  "dateTime" : "03/27/15 18:50:00",
  "value" : "10"
},{
  "dateTime" : "03/27/15 21:59:00",
  "value" : "20"
},{
  "dateTime" : "03/27/15 22:00:00",
  "value" : "10"
},{
  "dateTime" : "03/27/15 22:01:00",
  "value" : "20"
},{
  "dateTime" : "03/27/15 22:02:00",
  "value" : "10"
},{
  "dateTime" : "03/28/15 10:25:00",
  "value" : "30"
},{
  "dateTime" : "03/28/15 13:24:00",
  "value" : "10"
},{
  "dateTime" : "03/28/15 13:25:00",
  "value" : "30"
},{
  "dateTime" : "03/28/15 16:43:00",
  "value" : "10"
},{
  "dateTime" : "03/28/15 16:44:00",
  "value" : "10"
},{
  "dateTime" : "03/28/15 18:22:00",
  "value" : "10"
},{
  "dateTime" : "03/28/15 18:23:00",
  "value" : "20"
},{
  "dateTime" : "03/28/15 23:53:00",
  "value" : "10"
},{
  "dateTime" : "03/29/15 00:14:00",
  "value" : "20"
},{
  "dateTime" : "03/29/15 00:15:00",
  "value" : "10"
},{
  "dateTime" : "03/29/15 13:27:00",
  "value" : "10"
},{
  "dateTime" : "03/29/15 18:48:00",
  "value" : "10"
},{
  "dateTime" : "03/31/15 18:14:00",
  "value" : "10"
},{
  "dateTime" : "04/02/15 19:50:00",
  "value" : "10"
},{
  "dateTime" : "04/05/15 17:37:00",
  "value" : "10"
},{
  "dateTime" : "04/05/15 20:42:00",
  "value" : "10"
},{
  "dateTime" : "04/06/15 08:38:00",
  "value" : "10"
},{
  "dateTime" : "04/06/15 11:48:00",
  "value" : "10"
},{
  "dateTime" : "04/06/15 12:43:00",
  "value" : "10"
},{
  "dateTime" : "04/06/15 13:58:00",
  "value" : "10"
},{
  "dateTime" : "04/06/15 13:59:00",
  "value" : "10"
},{
  "dateTime" : "04/06/15 15:02:00",
  "value" : "10"
},{
  "dateTime" : "04/06/15 16:57:00",
  "value" : "10"
},{
  "dateTime" : "04/06/15 16:58:00",
  "value" : "10"
},{
  "dateTime" : "04/06/15 17:37:00",
  "value" : "10"
},{
  "dateTime" : "04/06/15 17:53:00",
  "value" : "10"
},{
  "dateTime" : "04/06/15 17:54:00",
  "value" : "10"
},{
  "dateTime" : "04/06/15 18:13:00",
  "value" : "10"
},{
  "dateTime" : "04/06/15 19:57:00",
  "value" : "10"
},{
  "dateTime" : "04/06/15 20:39:00",
  "value" : "10"
},{
  "dateTime" : "04/07/15 08:45:00",
  "value" : "10"
},{
  "dateTime" : "04/07/15 10:41:00",
  "value" : "10"
},{
  "dateTime" : "04/07/15 12:38:00",
  "value" : "10"
},{
  "dateTime" : "04/07/15 13:01:00",
  "value" : "10"
},{
  "dateTime" : "04/07/15 14:55:00",
  "value" : "10"
},{
  "dateTime" : "04/07/15 20:01:00",
  "value" : "10"
},{
  "dateTime" : "04/07/15 20:39:00",
  "value" : "10"
},{
  "dateTime" : "04/07/15 20:40:00",
  "value" : "10"
},{
  "dateTime" : "04/08/15 01:05:00",
  "value" : "10"
},{
  "dateTime" : "04/08/15 02:15:00",
  "value" : "10"
},{
  "dateTime" : "04/08/15 08:18:00",
  "value" : "10"
},{
  "dateTime" : "04/08/15 08:38:00",
  "value" : "10"
},{
  "dateTime" : "04/08/15 08:39:00",
  "value" : "10"
},{
  "dateTime" : "04/08/15 08:54:00",
  "value" : "10"
},{
  "dateTime" : "04/08/15 09:14:00",
  "value" : "10"
},{
  "dateTime" : "04/08/15 17:28:00",
  "value" : "10"
},{
  "dateTime" : "04/08/15 17:47:00",
  "value" : "10"
},{
  "dateTime" : "04/08/15 20:12:00",
  "value" : "10"
},{
  "dateTime" : "04/08/15 20:44:00",
  "value" : "10"
},{
  "dateTime" : "04/08/15 20:52:00",
  "value" : "10"
},{
  "dateTime" : "04/08/15 21:24:00",
  "value" : "10"
},{
  "dateTime" : "04/08/15 23:51:00",
  "value" : "10"
},{
  "dateTime" : "04/09/15 01:15:00",
  "value" : "10"
},{
  "dateTime" : "04/09/15 05:45:00",
  "value" : "10"
},{
  "dateTime" : "04/09/15 08:11:00",
  "value" : "10"
},{
  "dateTime" : "04/09/15 08:36:00",
  "value" : "10"
},{
  "dateTime" : "04/09/15 11:47:00",
  "value" : "10"
},{
  "dateTime" : "04/09/15 13:48:00",
  "value" : "10"
},{
  "dateTime" : "04/09/15 14:07:00",
  "value" : "10"
},{
  "dateTime" : "04/09/15 16:05:00",
  "value" : "10"
},{
  "dateTime" : "04/09/15 16:06:00",
  "value" : "20"
},{
  "dateTime" : "04/09/15 16:07:00",
  "value" : "10"
},{
  "dateTime" : "04/09/15 16:08:00",
  "value" : "10"
},{
  "dateTime" : "04/09/15 16:09:00",
  "value" : "10"
},{
  "dateTime" : "04/09/15 19:41:00",
  "value" : "10"
},{
  "dateTime" : "04/09/15 19:42:00",
  "value" : "10"
},{
  "dateTime" : "04/09/15 20:51:00",
  "value" : "20"
},{
  "dateTime" : "04/09/15 20:52:00",
  "value" : "10"
}]