[{
  "dateTime" : "08/08/15 10:06:00",
  "value" : "10"
},{
  "dateTime" : "08/08/15 11:16:00",
  "value" : "10"
},{
  "dateTime" : "08/08/15 11:32:00",
  "value" : "10"
},{
  "dateTime" : "08/08/15 14:45:00",
  "value" : "10"
},{
  "dateTime" : "08/08/15 16:31:00",
  "value" : "10"
},{
  "dateTime" : "08/08/15 17:03:00",
  "value" : "10"
},{
  "dateTime" : "08/08/15 17:04:00",
  "value" : "10"
},{
  "dateTime" : "08/08/15 17:48:00",
  "value" : "10"
},{
  "dateTime" : "08/08/15 17:49:00",
  "value" : "10"
},{
  "dateTime" : "08/08/15 21:28:00",
  "value" : "10"
},{
  "dateTime" : "08/08/15 22:27:00",
  "value" : "10"
},{
  "dateTime" : "08/08/15 23:47:00",
  "value" : "10"
},{
  "dateTime" : "08/09/15 01:53:00",
  "value" : "10"
},{
  "dateTime" : "08/09/15 11:16:00",
  "value" : "10"
},{
  "dateTime" : "08/09/15 11:54:00",
  "value" : "10"
},{
  "dateTime" : "08/09/15 14:14:00",
  "value" : "10"
},{
  "dateTime" : "08/09/15 14:15:00",
  "value" : "10"
},{
  "dateTime" : "08/09/15 15:42:00",
  "value" : "10"
},{
  "dateTime" : "08/09/15 19:16:00",
  "value" : "10"
},{
  "dateTime" : "08/09/15 21:42:00",
  "value" : "10"
},{
  "dateTime" : "08/10/15 08:30:00",
  "value" : "10"
},{
  "dateTime" : "08/10/15 11:26:00",
  "value" : "10"
},{
  "dateTime" : "08/10/15 15:32:00",
  "value" : "10"
},{
  "dateTime" : "08/10/15 20:07:00",
  "value" : "10"
},{
  "dateTime" : "08/10/15 20:25:00",
  "value" : "10"
},{
  "dateTime" : "08/11/15 08:34:00",
  "value" : "10"
},{
  "dateTime" : "08/11/15 08:41:00",
  "value" : "10"
},{
  "dateTime" : "08/11/15 08:42:00",
  "value" : "10"
},{
  "dateTime" : "08/11/15 08:43:00",
  "value" : "10"
},{
  "dateTime" : "08/11/15 11:34:00",
  "value" : "10"
},{
  "dateTime" : "08/11/15 15:02:00",
  "value" : "10"
},{
  "dateTime" : "08/11/15 15:38:00",
  "value" : "10"
},{
  "dateTime" : "08/11/15 15:39:00",
  "value" : "10"
},{
  "dateTime" : "08/11/15 15:40:00",
  "value" : "10"
},{
  "dateTime" : "08/11/15 17:42:00",
  "value" : "10"
},{
  "dateTime" : "08/11/15 18:36:00",
  "value" : "10"
},{
  "dateTime" : "08/11/15 19:34:00",
  "value" : "10"
},{
  "dateTime" : "08/11/15 19:35:00",
  "value" : "10"
},{
  "dateTime" : "08/11/15 20:56:00",
  "value" : "10"
},{
  "dateTime" : "08/11/15 21:15:00",
  "value" : "10"
},{
  "dateTime" : "08/11/15 21:16:00",
  "value" : "10"
},{
  "dateTime" : "08/11/15 22:41:00",
  "value" : "10"
},{
  "dateTime" : "08/11/15 23:25:00",
  "value" : "10"
},{
  "dateTime" : "08/12/15 01:17:00",
  "value" : "10"
},{
  "dateTime" : "08/12/15 09:19:00",
  "value" : "10"
},{
  "dateTime" : "08/12/15 10:31:00",
  "value" : "10"
},{
  "dateTime" : "08/12/15 12:57:00",
  "value" : "10"
},{
  "dateTime" : "08/12/15 16:38:00",
  "value" : "10"
},{
  "dateTime" : "08/12/15 17:40:00",
  "value" : "10"
},{
  "dateTime" : "08/12/15 17:41:00",
  "value" : "10"
},{
  "dateTime" : "08/12/15 17:42:00",
  "value" : "10"
},{
  "dateTime" : "08/12/15 17:43:00",
  "value" : "10"
},{
  "dateTime" : "08/12/15 18:23:00",
  "value" : "10"
},{
  "dateTime" : "08/12/15 18:24:00",
  "value" : "10"
},{
  "dateTime" : "08/12/15 18:46:00",
  "value" : "10"
},{
  "dateTime" : "08/12/15 20:08:00",
  "value" : "10"
},{
  "dateTime" : "08/12/15 20:49:00",
  "value" : "10"
},{
  "dateTime" : "08/12/15 21:20:00",
  "value" : "10"
},{
  "dateTime" : "08/12/15 21:21:00",
  "value" : "10"
},{
  "dateTime" : "08/12/15 21:48:00",
  "value" : "10"
},{
  "dateTime" : "08/12/15 21:49:00",
  "value" : "10"
},{
  "dateTime" : "08/12/15 22:27:00",
  "value" : "10"
},{
  "dateTime" : "08/13/15 01:00:00",
  "value" : "10"
},{
  "dateTime" : "08/13/15 01:58:00",
  "value" : "10"
},{
  "dateTime" : "08/13/15 08:42:00",
  "value" : "10"
},{
  "dateTime" : "08/13/15 08:43:00",
  "value" : "10"
},{
  "dateTime" : "08/13/15 11:37:00",
  "value" : "10"
},{
  "dateTime" : "08/13/15 12:42:00",
  "value" : "10"
},{
  "dateTime" : "08/13/15 13:03:00",
  "value" : "10"
},{
  "dateTime" : "08/13/15 16:54:00",
  "value" : "10"
},{
  "dateTime" : "08/13/15 16:55:00",
  "value" : "10"
},{
  "dateTime" : "08/13/15 17:54:00",
  "value" : "10"
},{
  "dateTime" : "08/14/15 00:56:00",
  "value" : "10"
},{
  "dateTime" : "08/14/15 09:26:00",
  "value" : "10"
},{
  "dateTime" : "08/14/15 09:27:00",
  "value" : "10"
},{
  "dateTime" : "08/14/15 14:06:00",
  "value" : "10"
},{
  "dateTime" : "08/14/15 14:14:00",
  "value" : "10"
},{
  "dateTime" : "08/14/15 17:12:00",
  "value" : "20"
},{
  "dateTime" : "08/14/15 17:13:00",
  "value" : "10"
},{
  "dateTime" : "08/14/15 17:14:00",
  "value" : "10"
},{
  "dateTime" : "08/14/15 17:15:00",
  "value" : "10"
},{
  "dateTime" : "08/14/15 18:05:00",
  "value" : "10"
},{
  "dateTime" : "08/14/15 20:36:00",
  "value" : "10"
},{
  "dateTime" : "08/14/15 21:23:00",
  "value" : "10"
},{
  "dateTime" : "08/14/15 21:24:00",
  "value" : "10"
},{
  "dateTime" : "08/15/15 08:35:00",
  "value" : "10"
},{
  "dateTime" : "08/15/15 09:41:00",
  "value" : "10"
},{
  "dateTime" : "08/15/15 10:19:00",
  "value" : "10"
},{
  "dateTime" : "08/15/15 11:49:00",
  "value" : "10"
},{
  "dateTime" : "08/15/15 12:38:00",
  "value" : "10"
},{
  "dateTime" : "08/15/15 12:44:00",
  "value" : "10"
},{
  "dateTime" : "08/15/15 14:13:00",
  "value" : "10"
},{
  "dateTime" : "08/15/15 21:13:00",
  "value" : "10"
},{
  "dateTime" : "08/15/15 23:41:00",
  "value" : "10"
},{
  "dateTime" : "08/16/15 06:19:00",
  "value" : "10"
},{
  "dateTime" : "08/16/15 14:06:00",
  "value" : "10"
},{
  "dateTime" : "08/16/15 15:23:00",
  "value" : "10"
},{
  "dateTime" : "08/16/15 18:14:00",
  "value" : "10"
},{
  "dateTime" : "08/16/15 19:45:00",
  "value" : "10"
},{
  "dateTime" : "08/16/15 19:46:00",
  "value" : "10"
},{
  "dateTime" : "08/16/15 19:53:00",
  "value" : "10"
},{
  "dateTime" : "08/16/15 21:21:00",
  "value" : "10"
},{
  "dateTime" : "08/16/15 22:40:00",
  "value" : "10"
},{
  "dateTime" : "08/17/15 00:06:00",
  "value" : "10"
},{
  "dateTime" : "08/17/15 08:21:00",
  "value" : "10"
},{
  "dateTime" : "08/17/15 08:22:00",
  "value" : "10"
},{
  "dateTime" : "08/17/15 08:38:00",
  "value" : "10"
},{
  "dateTime" : "08/17/15 08:39:00",
  "value" : "10"
},{
  "dateTime" : "08/17/15 08:57:00",
  "value" : "10"
},{
  "dateTime" : "08/17/15 10:00:00",
  "value" : "10"
},{
  "dateTime" : "08/17/15 13:09:00",
  "value" : "10"
},{
  "dateTime" : "08/17/15 14:15:00",
  "value" : "10"
},{
  "dateTime" : "08/17/15 16:02:00",
  "value" : "10"
},{
  "dateTime" : "08/17/15 16:03:00",
  "value" : "10"
},{
  "dateTime" : "08/17/15 17:07:00",
  "value" : "10"
},{
  "dateTime" : "08/17/15 17:44:00",
  "value" : "10"
},{
  "dateTime" : "08/17/15 20:22:00",
  "value" : "10"
},{
  "dateTime" : "08/17/15 20:30:00",
  "value" : "10"
},{
  "dateTime" : "08/18/15 08:24:00",
  "value" : "10"
},{
  "dateTime" : "08/18/15 08:25:00",
  "value" : "10"
},{
  "dateTime" : "08/18/15 10:04:00",
  "value" : "10"
},{
  "dateTime" : "08/18/15 12:13:00",
  "value" : "10"
},{
  "dateTime" : "08/18/15 14:46:00",
  "value" : "10"
},{
  "dateTime" : "08/18/15 17:05:00",
  "value" : "10"
},{
  "dateTime" : "08/18/15 17:12:00",
  "value" : "10"
},{
  "dateTime" : "08/18/15 17:13:00",
  "value" : "10"
},{
  "dateTime" : "08/18/15 17:30:00",
  "value" : "10"
},{
  "dateTime" : "08/18/15 17:31:00",
  "value" : "10"
},{
  "dateTime" : "08/18/15 17:50:00",
  "value" : "10"
},{
  "dateTime" : "08/18/15 20:37:00",
  "value" : "10"
},{
  "dateTime" : "08/19/15 01:06:00",
  "value" : "10"
},{
  "dateTime" : "08/19/15 08:31:00",
  "value" : "10"
},{
  "dateTime" : "08/19/15 08:50:00",
  "value" : "10"
},{
  "dateTime" : "08/19/15 08:51:00",
  "value" : "10"
},{
  "dateTime" : "08/19/15 09:22:00",
  "value" : "10"
},{
  "dateTime" : "08/19/15 09:55:00",
  "value" : "10"
},{
  "dateTime" : "08/19/15 09:56:00",
  "value" : "10"
},{
  "dateTime" : "08/19/15 09:57:00",
  "value" : "10"
},{
  "dateTime" : "08/19/15 09:58:00",
  "value" : "10"
},{
  "dateTime" : "08/19/15 09:59:00",
  "value" : "10"
},{
  "dateTime" : "08/19/15 10:00:00",
  "value" : "10"
},{
  "dateTime" : "08/19/15 11:01:00",
  "value" : "10"
},{
  "dateTime" : "08/19/15 11:02:00",
  "value" : "10"
},{
  "dateTime" : "08/19/15 11:03:00",
  "value" : "10"
},{
  "dateTime" : "08/19/15 11:04:00",
  "value" : "10"
},{
  "dateTime" : "08/19/15 12:12:00",
  "value" : "10"
},{
  "dateTime" : "08/19/15 12:35:00",
  "value" : "10"
},{
  "dateTime" : "08/19/15 12:36:00",
  "value" : "10"
},{
  "dateTime" : "08/19/15 12:37:00",
  "value" : "10"
},{
  "dateTime" : "08/19/15 15:49:00",
  "value" : "10"
},{
  "dateTime" : "08/19/15 16:58:00",
  "value" : "10"
},{
  "dateTime" : "08/19/15 16:59:00",
  "value" : "20"
},{
  "dateTime" : "08/19/15 19:19:00",
  "value" : "10"
},{
  "dateTime" : "08/19/15 23:17:00",
  "value" : "10"
},{
  "dateTime" : "08/20/15 00:50:00",
  "value" : "10"
},{
  "dateTime" : "08/20/15 08:33:00",
  "value" : "10"
},{
  "dateTime" : "08/20/15 09:19:00",
  "value" : "10"
},{
  "dateTime" : "08/20/15 16:59:00",
  "value" : "10"
},{
  "dateTime" : "08/20/15 17:00:00",
  "value" : "20"
},{
  "dateTime" : "08/20/15 17:09:00",
  "value" : "10"
},{
  "dateTime" : "08/20/15 17:35:00",
  "value" : "10"
},{
  "dateTime" : "08/20/15 19:54:00",
  "value" : "10"
},{
  "dateTime" : "08/21/15 08:43:00",
  "value" : "10"
},{
  "dateTime" : "08/21/15 09:16:00",
  "value" : "10"
},{
  "dateTime" : "08/21/15 11:31:00",
  "value" : "10"
},{
  "dateTime" : "08/21/15 11:59:00",
  "value" : "20"
},{
  "dateTime" : "08/21/15 12:00:00",
  "value" : "10"
},{
  "dateTime" : "08/21/15 12:48:00",
  "value" : "10"
},{
  "dateTime" : "08/21/15 13:39:00",
  "value" : "10"
},{
  "dateTime" : "08/21/15 15:24:00",
  "value" : "10"
},{
  "dateTime" : "08/21/15 15:40:00",
  "value" : "10"
},{
  "dateTime" : "08/21/15 17:46:00",
  "value" : "10"
},{
  "dateTime" : "08/21/15 18:22:00",
  "value" : "20"
},{
  "dateTime" : "08/21/15 19:26:00",
  "value" : "20"
},{
  "dateTime" : "08/21/15 21:25:00",
  "value" : "10"
},{
  "dateTime" : "08/21/15 21:26:00",
  "value" : "10"
},{
  "dateTime" : "08/21/15 21:46:00",
  "value" : "10"
},{
  "dateTime" : "08/21/15 21:47:00",
  "value" : "10"
},{
  "dateTime" : "08/21/15 21:48:00",
  "value" : "10"
},{
  "dateTime" : "08/21/15 22:12:00",
  "value" : "10"
},{
  "dateTime" : "08/21/15 22:13:00",
  "value" : "10"
},{
  "dateTime" : "08/21/15 23:03:00",
  "value" : "10"
},{
  "dateTime" : "08/21/15 23:04:00",
  "value" : "10"
},{
  "dateTime" : "08/22/15 08:34:00",
  "value" : "10"
},{
  "dateTime" : "08/22/15 08:50:00",
  "value" : "10"
},{
  "dateTime" : "08/22/15 08:51:00",
  "value" : "10"
},{
  "dateTime" : "08/22/15 08:52:00",
  "value" : "10"
},{
  "dateTime" : "08/22/15 10:53:00",
  "value" : "10"
},{
  "dateTime" : "08/22/15 11:24:00",
  "value" : "10"
},{
  "dateTime" : "08/22/15 21:22:00",
  "value" : "20"
},{
  "dateTime" : "08/22/15 22:51:00",
  "value" : "10"
},{
  "dateTime" : "08/22/15 22:52:00",
  "value" : "10"
},{
  "dateTime" : "08/22/15 22:53:00",
  "value" : "10"
},{
  "dateTime" : "08/23/15 09:01:00",
  "value" : "10"
},{
  "dateTime" : "08/23/15 11:09:00",
  "value" : "10"
},{
  "dateTime" : "08/23/15 17:49:00",
  "value" : "10"
},{
  "dateTime" : "08/23/15 20:50:00",
  "value" : "10"
},{
  "dateTime" : "08/24/15 07:58:00",
  "value" : "10"
},{
  "dateTime" : "08/24/15 08:35:00",
  "value" : "10"
},{
  "dateTime" : "08/24/15 08:56:00",
  "value" : "10"
},{
  "dateTime" : "08/24/15 09:56:00",
  "value" : "10"
},{
  "dateTime" : "08/24/15 10:57:00",
  "value" : "10"
},{
  "dateTime" : "08/24/15 10:58:00",
  "value" : "10"
},{
  "dateTime" : "08/24/15 10:59:00",
  "value" : "10"
},{
  "dateTime" : "08/24/15 13:08:00",
  "value" : "10"
},{
  "dateTime" : "08/24/15 13:09:00",
  "value" : "10"
},{
  "dateTime" : "08/24/15 13:18:00",
  "value" : "10"
},{
  "dateTime" : "08/24/15 13:19:00",
  "value" : "10"
},{
  "dateTime" : "08/24/15 13:26:00",
  "value" : "10"
},{
  "dateTime" : "08/24/15 13:27:00",
  "value" : "10"
},{
  "dateTime" : "08/24/15 13:28:00",
  "value" : "10"
},{
  "dateTime" : "08/24/15 13:29:00",
  "value" : "10"
},{
  "dateTime" : "08/24/15 13:30:00",
  "value" : "10"
},{
  "dateTime" : "08/24/15 13:31:00",
  "value" : "10"
},{
  "dateTime" : "08/24/15 13:43:00",
  "value" : "10"
},{
  "dateTime" : "08/24/15 14:09:00",
  "value" : "10"
},{
  "dateTime" : "08/24/15 16:49:00",
  "value" : "10"
},{
  "dateTime" : "08/24/15 17:08:00",
  "value" : "10"
},{
  "dateTime" : "08/24/15 17:29:00",
  "value" : "10"
},{
  "dateTime" : "08/24/15 18:02:00",
  "value" : "10"
},{
  "dateTime" : "08/24/15 19:32:00",
  "value" : "10"
},{
  "dateTime" : "08/24/15 19:33:00",
  "value" : "10"
},{
  "dateTime" : "08/24/15 19:52:00",
  "value" : "10"
},{
  "dateTime" : "08/24/15 20:00:00",
  "value" : "10"
},{
  "dateTime" : "08/24/15 20:01:00",
  "value" : "10"
},{
  "dateTime" : "08/24/15 20:26:00",
  "value" : "10"
},{
  "dateTime" : "08/24/15 20:27:00",
  "value" : "10"
},{
  "dateTime" : "08/24/15 20:53:00",
  "value" : "10"
},{
  "dateTime" : "08/24/15 21:52:00",
  "value" : "10"
},{
  "dateTime" : "08/25/15 05:41:00",
  "value" : "10"
},{
  "dateTime" : "08/25/15 08:42:00",
  "value" : "10"
},{
  "dateTime" : "08/25/15 08:43:00",
  "value" : "10"
},{
  "dateTime" : "08/25/15 09:18:00",
  "value" : "10"
},{
  "dateTime" : "08/25/15 09:19:00",
  "value" : "10"
},{
  "dateTime" : "08/25/15 14:47:00",
  "value" : "10"
},{
  "dateTime" : "08/25/15 14:48:00",
  "value" : "10"
},{
  "dateTime" : "08/25/15 16:56:00",
  "value" : "10"
},{
  "dateTime" : "08/25/15 18:05:00",
  "value" : "10"
},{
  "dateTime" : "08/25/15 20:52:00",
  "value" : "10"
},{
  "dateTime" : "08/25/15 21:10:00",
  "value" : "10"
},{
  "dateTime" : "08/26/15 05:23:00",
  "value" : "10"
},{
  "dateTime" : "08/26/15 08:29:00",
  "value" : "10"
},{
  "dateTime" : "08/26/15 08:55:00",
  "value" : "10"
},{
  "dateTime" : "08/26/15 10:38:00",
  "value" : "10"
},{
  "dateTime" : "08/26/15 11:15:00",
  "value" : "10"
},{
  "dateTime" : "08/26/15 11:48:00",
  "value" : "10"
},{
  "dateTime" : "08/26/15 12:09:00",
  "value" : "10"
},{
  "dateTime" : "08/26/15 12:10:00",
  "value" : "10"
},{
  "dateTime" : "08/26/15 15:38:00",
  "value" : "10"
},{
  "dateTime" : "08/26/15 15:39:00",
  "value" : "10"
},{
  "dateTime" : "08/26/15 16:49:00",
  "value" : "10"
},{
  "dateTime" : "08/26/15 17:41:00",
  "value" : "10"
},{
  "dateTime" : "08/26/15 17:42:00",
  "value" : "10"
},{
  "dateTime" : "08/26/15 17:43:00",
  "value" : "10"
},{
  "dateTime" : "08/26/15 17:44:00",
  "value" : "10"
},{
  "dateTime" : "08/26/15 17:45:00",
  "value" : "20"
},{
  "dateTime" : "08/26/15 17:46:00",
  "value" : "10"
},{
  "dateTime" : "08/26/15 17:47:00",
  "value" : "10"
},{
  "dateTime" : "08/26/15 17:48:00",
  "value" : "10"
},{
  "dateTime" : "08/26/15 17:49:00",
  "value" : "10"
},{
  "dateTime" : "08/26/15 17:57:00",
  "value" : "10"
},{
  "dateTime" : "08/26/15 17:58:00",
  "value" : "10"
},{
  "dateTime" : "08/26/15 18:20:00",
  "value" : "10"
},{
  "dateTime" : "08/26/15 18:21:00",
  "value" : "10"
},{
  "dateTime" : "08/26/15 18:36:00",
  "value" : "10"
},{
  "dateTime" : "08/26/15 18:37:00",
  "value" : "10"
},{
  "dateTime" : "08/26/15 18:38:00",
  "value" : "10"
},{
  "dateTime" : "08/26/15 19:22:00",
  "value" : "10"
},{
  "dateTime" : "08/26/15 19:23:00",
  "value" : "10"
},{
  "dateTime" : "08/26/15 19:32:00",
  "value" : "10"
},{
  "dateTime" : "08/26/15 19:33:00",
  "value" : "10"
},{
  "dateTime" : "08/26/15 19:34:00",
  "value" : "10"
},{
  "dateTime" : "08/26/15 20:31:00",
  "value" : "10"
},{
  "dateTime" : "08/26/15 20:32:00",
  "value" : "10"
},{
  "dateTime" : "08/26/15 20:33:00",
  "value" : "10"
},{
  "dateTime" : "08/26/15 22:00:00",
  "value" : "10"
},{
  "dateTime" : "08/27/15 08:15:00",
  "value" : "10"
},{
  "dateTime" : "08/27/15 09:20:00",
  "value" : "10"
},{
  "dateTime" : "08/27/15 15:03:00",
  "value" : "10"
},{
  "dateTime" : "08/27/15 15:04:00",
  "value" : "10"
},{
  "dateTime" : "08/27/15 15:56:00",
  "value" : "10"
},{
  "dateTime" : "08/27/15 16:35:00",
  "value" : "10"
},{
  "dateTime" : "08/27/15 17:04:00",
  "value" : "10"
},{
  "dateTime" : "08/27/15 17:54:00",
  "value" : "10"
},{
  "dateTime" : "08/27/15 18:26:00",
  "value" : "10"
},{
  "dateTime" : "08/27/15 21:05:00",
  "value" : "10"
},{
  "dateTime" : "08/27/15 21:06:00",
  "value" : "10"
},{
  "dateTime" : "08/27/15 21:07:00",
  "value" : "10"
},{
  "dateTime" : "08/27/15 21:08:00",
  "value" : "10"
},{
  "dateTime" : "08/27/15 21:44:00",
  "value" : "10"
},{
  "dateTime" : "08/27/15 22:33:00",
  "value" : "10"
},{
  "dateTime" : "08/27/15 23:45:00",
  "value" : "10"
},{
  "dateTime" : "08/28/15 08:28:00",
  "value" : "10"
},{
  "dateTime" : "08/28/15 08:47:00",
  "value" : "10"
},{
  "dateTime" : "08/28/15 09:02:00",
  "value" : "10"
},{
  "dateTime" : "08/28/15 12:08:00",
  "value" : "10"
},{
  "dateTime" : "08/28/15 12:57:00",
  "value" : "10"
},{
  "dateTime" : "08/28/15 12:58:00",
  "value" : "10"
},{
  "dateTime" : "08/28/15 12:59:00",
  "value" : "10"
},{
  "dateTime" : "08/28/15 13:00:00",
  "value" : "10"
},{
  "dateTime" : "08/28/15 15:54:00",
  "value" : "10"
},{
  "dateTime" : "08/28/15 16:30:00",
  "value" : "10"
},{
  "dateTime" : "08/28/15 17:54:00",
  "value" : "10"
},{
  "dateTime" : "08/28/15 19:26:00",
  "value" : "10"
},{
  "dateTime" : "08/28/15 22:15:00",
  "value" : "10"
},{
  "dateTime" : "08/28/15 22:21:00",
  "value" : "10"
},{
  "dateTime" : "08/29/15 08:26:00",
  "value" : "10"
},{
  "dateTime" : "08/29/15 08:54:00",
  "value" : "10"
},{
  "dateTime" : "08/29/15 10:27:00",
  "value" : "10"
},{
  "dateTime" : "08/29/15 10:33:00",
  "value" : "10"
},{
  "dateTime" : "08/29/15 12:00:00",
  "value" : "10"
},{
  "dateTime" : "08/29/15 13:06:00",
  "value" : "10"
},{
  "dateTime" : "08/29/15 17:17:00",
  "value" : "10"
},{
  "dateTime" : "08/29/15 18:05:00",
  "value" : "10"
},{
  "dateTime" : "08/29/15 18:06:00",
  "value" : "10"
},{
  "dateTime" : "08/29/15 23:56:00",
  "value" : "10"
},{
  "dateTime" : "08/30/15 00:49:00",
  "value" : "10"
},{
  "dateTime" : "08/30/15 00:50:00",
  "value" : "10"
},{
  "dateTime" : "08/30/15 00:53:00",
  "value" : "10"
},{
  "dateTime" : "08/30/15 09:04:00",
  "value" : "10"
},{
  "dateTime" : "08/30/15 09:23:00",
  "value" : "10"
},{
  "dateTime" : "08/30/15 12:03:00",
  "value" : "10"
},{
  "dateTime" : "08/30/15 13:24:00",
  "value" : "10"
},{
  "dateTime" : "08/30/15 13:57:00",
  "value" : "10"
},{
  "dateTime" : "08/30/15 18:00:00",
  "value" : "10"
},{
  "dateTime" : "08/30/15 19:12:00",
  "value" : "10"
},{
  "dateTime" : "08/30/15 20:10:00",
  "value" : "10"
},{
  "dateTime" : "08/30/15 20:11:00",
  "value" : "10"
},{
  "dateTime" : "08/30/15 20:32:00",
  "value" : "10"
},{
  "dateTime" : "08/30/15 22:06:00",
  "value" : "10"
},{
  "dateTime" : "08/31/15 07:58:00",
  "value" : "20"
},{
  "dateTime" : "08/31/15 08:42:00",
  "value" : "10"
},{
  "dateTime" : "08/31/15 08:48:00",
  "value" : "10"
},{
  "dateTime" : "08/31/15 09:18:00",
  "value" : "10"
},{
  "dateTime" : "08/31/15 09:41:00",
  "value" : "10"
},{
  "dateTime" : "08/31/15 11:13:00",
  "value" : "10"
},{
  "dateTime" : "08/31/15 13:42:00",
  "value" : "10"
},{
  "dateTime" : "08/31/15 14:13:00",
  "value" : "20"
},{
  "dateTime" : "08/31/15 18:33:00",
  "value" : "10"
},{
  "dateTime" : "08/31/15 18:34:00",
  "value" : "10"
},{
  "dateTime" : "08/31/15 20:26:00",
  "value" : "10"
},{
  "dateTime" : "08/31/15 20:38:00",
  "value" : "10"
},{
  "dateTime" : "08/31/15 21:04:00",
  "value" : "10"
},{
  "dateTime" : "08/31/15 23:28:00",
  "value" : "10"
},{
  "dateTime" : "09/01/15 08:31:00",
  "value" : "10"
},{
  "dateTime" : "09/01/15 13:13:00",
  "value" : "10"
},{
  "dateTime" : "09/01/15 13:14:00",
  "value" : "10"
},{
  "dateTime" : "09/01/15 17:02:00",
  "value" : "10"
},{
  "dateTime" : "09/01/15 17:35:00",
  "value" : "10"
},{
  "dateTime" : "09/01/15 17:57:00",
  "value" : "10"
},{
  "dateTime" : "09/01/15 21:24:00",
  "value" : "10"
},{
  "dateTime" : "09/02/15 08:33:00",
  "value" : "10"
},{
  "dateTime" : "09/02/15 08:34:00",
  "value" : "10"
},{
  "dateTime" : "09/02/15 09:05:00",
  "value" : "10"
},{
  "dateTime" : "09/02/15 10:02:00",
  "value" : "10"
},{
  "dateTime" : "09/02/15 11:05:00",
  "value" : "10"
},{
  "dateTime" : "09/02/15 11:51:00",
  "value" : "10"
},{
  "dateTime" : "09/02/15 11:54:00",
  "value" : "10"
},{
  "dateTime" : "09/02/15 19:02:00",
  "value" : "20"
},{
  "dateTime" : "09/02/15 19:03:00",
  "value" : "10"
},{
  "dateTime" : "09/02/15 19:41:00",
  "value" : "10"
},{
  "dateTime" : "09/02/15 20:09:00",
  "value" : "10"
},{
  "dateTime" : "09/02/15 20:20:00",
  "value" : "10"
},{
  "dateTime" : "09/02/15 20:28:00",
  "value" : "10"
},{
  "dateTime" : "09/02/15 20:29:00",
  "value" : "10"
},{
  "dateTime" : "09/02/15 20:30:00",
  "value" : "10"
},{
  "dateTime" : "09/02/15 21:01:00",
  "value" : "10"
},{
  "dateTime" : "09/02/15 21:22:00",
  "value" : "10"
},{
  "dateTime" : "09/03/15 00:51:00",
  "value" : "10"
},{
  "dateTime" : "09/03/15 08:40:00",
  "value" : "10"
},{
  "dateTime" : "09/03/15 09:06:00",
  "value" : "10"
},{
  "dateTime" : "09/03/15 13:25:00",
  "value" : "10"
},{
  "dateTime" : "09/03/15 13:55:00",
  "value" : "10"
},{
  "dateTime" : "09/03/15 15:24:00",
  "value" : "10"
},{
  "dateTime" : "09/03/15 17:32:00",
  "value" : "10"
},{
  "dateTime" : "09/03/15 18:12:00",
  "value" : "10"
},{
  "dateTime" : "09/03/15 18:55:00",
  "value" : "10"
},{
  "dateTime" : "09/03/15 19:13:00",
  "value" : "10"
},{
  "dateTime" : "09/03/15 20:07:00",
  "value" : "10"
},{
  "dateTime" : "09/03/15 20:08:00",
  "value" : "10"
},{
  "dateTime" : "09/03/15 20:09:00",
  "value" : "10"
},{
  "dateTime" : "09/03/15 20:10:00",
  "value" : "10"
},{
  "dateTime" : "09/03/15 20:23:00",
  "value" : "20"
},{
  "dateTime" : "09/03/15 21:19:00",
  "value" : "10"
},{
  "dateTime" : "09/04/15 08:28:00",
  "value" : "20"
},{
  "dateTime" : "09/04/15 13:49:00",
  "value" : "10"
},{
  "dateTime" : "09/04/15 14:42:00",
  "value" : "10"
},{
  "dateTime" : "09/04/15 14:43:00",
  "value" : "10"
},{
  "dateTime" : "09/04/15 17:11:00",
  "value" : "10"
},{
  "dateTime" : "09/04/15 17:28:00",
  "value" : "10"
},{
  "dateTime" : "09/04/15 18:15:00",
  "value" : "10"
},{
  "dateTime" : "09/04/15 20:15:00",
  "value" : "10"
},{
  "dateTime" : "09/04/15 20:16:00",
  "value" : "10"
},{
  "dateTime" : "09/04/15 21:31:00",
  "value" : "10"
},{
  "dateTime" : "09/04/15 22:12:00",
  "value" : "10"
},{
  "dateTime" : "09/04/15 22:13:00",
  "value" : "10"
},{
  "dateTime" : "09/05/15 07:47:00",
  "value" : "10"
},{
  "dateTime" : "09/05/15 08:11:00",
  "value" : "10"
},{
  "dateTime" : "09/05/15 08:37:00",
  "value" : "10"
},{
  "dateTime" : "09/05/15 08:38:00",
  "value" : "10"
},{
  "dateTime" : "09/05/15 09:01:00",
  "value" : "10"
},{
  "dateTime" : "09/05/15 12:31:00",
  "value" : "10"
},{
  "dateTime" : "09/05/15 12:32:00",
  "value" : "20"
},{
  "dateTime" : "09/05/15 12:33:00",
  "value" : "10"
},{
  "dateTime" : "09/05/15 14:27:00",
  "value" : "10"
},{
  "dateTime" : "09/05/15 17:21:00",
  "value" : "10"
},{
  "dateTime" : "09/06/15 08:45:00",
  "value" : "10"
},{
  "dateTime" : "09/06/15 09:51:00",
  "value" : "10"
},{
  "dateTime" : "09/06/15 11:01:00",
  "value" : "10"
},{
  "dateTime" : "09/06/15 12:20:00",
  "value" : "10"
},{
  "dateTime" : "09/06/15 18:27:00",
  "value" : "10"
},{
  "dateTime" : "09/06/15 21:13:00",
  "value" : "10"
},{
  "dateTime" : "09/06/15 21:37:00",
  "value" : "10"
}]