[{
  "dateTime" : "11/21/12 05:35:00",
  "value" : "10"
},{
  "dateTime" : "11/21/12 08:00:00",
  "value" : "10"
},{
  "dateTime" : "11/21/12 09:30:00",
  "value" : "30"
},{
  "dateTime" : "11/21/12 09:31:00",
  "value" : "40"
},{
  "dateTime" : "11/21/12 09:32:00",
  "value" : "40"
},{
  "dateTime" : "11/21/12 09:33:00",
  "value" : "10"
},{
  "dateTime" : "11/21/12 16:20:00",
  "value" : "20"
},{
  "dateTime" : "11/21/12 17:43:00",
  "value" : "10"
},{
  "dateTime" : "11/21/12 18:13:00",
  "value" : "10"
},{
  "dateTime" : "11/21/12 18:18:00",
  "value" : "10"
},{
  "dateTime" : "11/21/12 19:11:00",
  "value" : "10"
},{
  "dateTime" : "11/21/12 19:16:00",
  "value" : "10"
},{
  "dateTime" : "11/21/12 19:41:00",
  "value" : "10"
},{
  "dateTime" : "11/21/12 19:57:00",
  "value" : "10"
},{
  "dateTime" : "11/21/12 21:14:00",
  "value" : "10"
},{
  "dateTime" : "11/21/12 21:16:00",
  "value" : "10"
},{
  "dateTime" : "11/21/12 21:30:00",
  "value" : "10"
},{
  "dateTime" : "11/21/12 22:59:00",
  "value" : "10"
},{
  "dateTime" : "11/21/12 23:18:00",
  "value" : "10"
},{
  "dateTime" : "11/22/12 00:02:00",
  "value" : "10"
},{
  "dateTime" : "11/22/12 00:06:00",
  "value" : "10"
},{
  "dateTime" : "11/22/12 09:23:00",
  "value" : "10"
},{
  "dateTime" : "11/22/12 10:23:00",
  "value" : "10"
},{
  "dateTime" : "11/22/12 10:38:00",
  "value" : "10"
},{
  "dateTime" : "11/22/12 11:40:00",
  "value" : "10"
},{
  "dateTime" : "11/22/12 11:48:00",
  "value" : "10"
},{
  "dateTime" : "11/22/12 12:56:00",
  "value" : "10"
},{
  "dateTime" : "11/22/12 14:01:00",
  "value" : "10"
},{
  "dateTime" : "11/22/12 14:41:00",
  "value" : "10"
},{
  "dateTime" : "11/23/12 09:25:00",
  "value" : "10"
},{
  "dateTime" : "11/23/12 09:26:00",
  "value" : "10"
},{
  "dateTime" : "11/23/12 10:14:00",
  "value" : "10"
},{
  "dateTime" : "11/23/12 11:09:00",
  "value" : "10"
},{
  "dateTime" : "11/23/12 11:31:00",
  "value" : "10"
},{
  "dateTime" : "11/23/12 11:32:00",
  "value" : "10"
},{
  "dateTime" : "11/23/12 12:06:00",
  "value" : "10"
},{
  "dateTime" : "11/23/12 12:08:00",
  "value" : "20"
},{
  "dateTime" : "11/23/12 13:29:00",
  "value" : "10"
},{
  "dateTime" : "11/23/12 13:37:00",
  "value" : "10"
},{
  "dateTime" : "11/23/12 17:26:00",
  "value" : "10"
},{
  "dateTime" : "11/23/12 17:32:00",
  "value" : "10"
},{
  "dateTime" : "11/23/12 17:56:00",
  "value" : "10"
},{
  "dateTime" : "11/23/12 18:34:00",
  "value" : "10"
},{
  "dateTime" : "11/23/12 19:38:00",
  "value" : "10"
},{
  "dateTime" : "11/23/12 19:39:00",
  "value" : "10"
},{
  "dateTime" : "11/23/12 21:17:00",
  "value" : "10"
},{
  "dateTime" : "11/24/12 00:33:00",
  "value" : "10"
},{
  "dateTime" : "11/24/12 08:41:00",
  "value" : "10"
},{
  "dateTime" : "11/24/12 08:53:00",
  "value" : "10"
},{
  "dateTime" : "11/24/12 09:11:00",
  "value" : "10"
},{
  "dateTime" : "11/24/12 09:42:00",
  "value" : "10"
},{
  "dateTime" : "11/24/12 09:58:00",
  "value" : "10"
},{
  "dateTime" : "11/24/12 10:51:00",
  "value" : "10"
},{
  "dateTime" : "11/24/12 12:59:00",
  "value" : "10"
},{
  "dateTime" : "11/24/12 15:24:00",
  "value" : "10"
},{
  "dateTime" : "11/24/12 15:56:00",
  "value" : "10"
},{
  "dateTime" : "11/24/12 17:55:00",
  "value" : "10"
},{
  "dateTime" : "11/24/12 17:59:00",
  "value" : "10"
},{
  "dateTime" : "11/24/12 18:00:00",
  "value" : "10"
},{
  "dateTime" : "11/24/12 18:01:00",
  "value" : "10"
},{
  "dateTime" : "11/24/12 18:02:00",
  "value" : "10"
},{
  "dateTime" : "11/24/12 20:12:00",
  "value" : "10"
},{
  "dateTime" : "11/24/12 20:26:00",
  "value" : "10"
},{
  "dateTime" : "11/25/12 02:12:00",
  "value" : "10"
},{
  "dateTime" : "11/25/12 11:46:00",
  "value" : "10"
},{
  "dateTime" : "11/25/12 12:06:00",
  "value" : "10"
},{
  "dateTime" : "11/25/12 12:15:00",
  "value" : "10"
},{
  "dateTime" : "11/25/12 13:24:00",
  "value" : "10"
},{
  "dateTime" : "11/25/12 15:27:00",
  "value" : "10"
},{
  "dateTime" : "11/25/12 16:29:00",
  "value" : "10"
},{
  "dateTime" : "11/25/12 17:30:00",
  "value" : "10"
},{
  "dateTime" : "11/25/12 19:23:00",
  "value" : "10"
},{
  "dateTime" : "11/25/12 20:00:00",
  "value" : "10"
},{
  "dateTime" : "11/25/12 20:01:00",
  "value" : "10"
},{
  "dateTime" : "11/25/12 20:10:00",
  "value" : "10"
},{
  "dateTime" : "11/25/12 20:17:00",
  "value" : "10"
},{
  "dateTime" : "11/25/12 20:40:00",
  "value" : "10"
},{
  "dateTime" : "11/25/12 20:41:00",
  "value" : "10"
},{
  "dateTime" : "11/25/12 21:00:00",
  "value" : "10"
},{
  "dateTime" : "11/25/12 21:05:00",
  "value" : "10"
},{
  "dateTime" : "11/25/12 22:51:00",
  "value" : "10"
},{
  "dateTime" : "11/25/12 23:42:00",
  "value" : "10"
},{
  "dateTime" : "11/26/12 08:57:00",
  "value" : "10"
},{
  "dateTime" : "11/26/12 09:37:00",
  "value" : "10"
},{
  "dateTime" : "11/26/12 17:18:00",
  "value" : "10"
},{
  "dateTime" : "11/27/12 07:52:00",
  "value" : "10"
},{
  "dateTime" : "11/27/12 08:10:00",
  "value" : "10"
},{
  "dateTime" : "11/27/12 13:37:00",
  "value" : "10"
},{
  "dateTime" : "11/27/12 14:43:00",
  "value" : "20"
},{
  "dateTime" : "11/27/12 14:44:00",
  "value" : "40"
},{
  "dateTime" : "11/27/12 14:45:00",
  "value" : "40"
},{
  "dateTime" : "11/27/12 14:46:00",
  "value" : "10"
},{
  "dateTime" : "11/27/12 23:33:00",
  "value" : "10"
},{
  "dateTime" : "11/28/12 07:29:00",
  "value" : "10"
},{
  "dateTime" : "11/28/12 08:01:00",
  "value" : "10"
},{
  "dateTime" : "11/28/12 08:29:00",
  "value" : "10"
},{
  "dateTime" : "11/28/12 08:30:00",
  "value" : "10"
},{
  "dateTime" : "11/28/12 08:35:00",
  "value" : "10"
},{
  "dateTime" : "11/28/12 09:20:00",
  "value" : "30"
},{
  "dateTime" : "11/28/12 09:21:00",
  "value" : "40"
},{
  "dateTime" : "11/28/12 09:22:00",
  "value" : "40"
},{
  "dateTime" : "11/28/12 18:13:00",
  "value" : "10"
},{
  "dateTime" : "11/28/12 18:32:00",
  "value" : "10"
},{
  "dateTime" : "11/28/12 18:34:00",
  "value" : "10"
},{
  "dateTime" : "11/28/12 20:05:00",
  "value" : "10"
},{
  "dateTime" : "11/28/12 23:16:00",
  "value" : "10"
},{
  "dateTime" : "11/29/12 06:26:00",
  "value" : "10"
},{
  "dateTime" : "11/29/12 08:39:00",
  "value" : "10"
},{
  "dateTime" : "11/29/12 08:52:00",
  "value" : "10"
},{
  "dateTime" : "11/29/12 08:59:00",
  "value" : "10"
},{
  "dateTime" : "11/29/12 09:23:00",
  "value" : "20"
},{
  "dateTime" : "11/29/12 09:24:00",
  "value" : "40"
},{
  "dateTime" : "11/29/12 09:25:00",
  "value" : "40"
},{
  "dateTime" : "11/29/12 09:26:00",
  "value" : "10"
},{
  "dateTime" : "11/29/12 15:50:00",
  "value" : "20"
},{
  "dateTime" : "11/29/12 15:51:00",
  "value" : "40"
},{
  "dateTime" : "11/29/12 15:52:00",
  "value" : "40"
},{
  "dateTime" : "11/29/12 15:57:00",
  "value" : "10"
},{
  "dateTime" : "11/29/12 17:37:00",
  "value" : "10"
},{
  "dateTime" : "11/29/12 17:59:00",
  "value" : "10"
},{
  "dateTime" : "11/29/12 19:07:00",
  "value" : "10"
},{
  "dateTime" : "11/29/12 19:36:00",
  "value" : "10"
},{
  "dateTime" : "11/29/12 20:27:00",
  "value" : "10"
},{
  "dateTime" : "11/29/12 21:38:00",
  "value" : "10"
},{
  "dateTime" : "11/29/12 21:40:00",
  "value" : "10"
},{
  "dateTime" : "11/30/12 02:29:00",
  "value" : "10"
},{
  "dateTime" : "11/30/12 08:21:00",
  "value" : "10"
},{
  "dateTime" : "11/30/12 08:22:00",
  "value" : "10"
},{
  "dateTime" : "11/30/12 08:47:00",
  "value" : "10"
},{
  "dateTime" : "11/30/12 09:23:00",
  "value" : "20"
},{
  "dateTime" : "11/30/12 09:24:00",
  "value" : "30"
},{
  "dateTime" : "11/30/12 09:25:00",
  "value" : "40"
},{
  "dateTime" : "11/30/12 09:26:00",
  "value" : "20"
},{
  "dateTime" : "11/30/12 15:49:00",
  "value" : "10"
},{
  "dateTime" : "11/30/12 17:15:00",
  "value" : "10"
},{
  "dateTime" : "11/30/12 19:55:00",
  "value" : "10"
},{
  "dateTime" : "12/01/12 02:21:00",
  "value" : "10"
},{
  "dateTime" : "12/01/12 09:06:00",
  "value" : "10"
},{
  "dateTime" : "12/01/12 10:25:00",
  "value" : "10"
},{
  "dateTime" : "12/01/12 13:08:00",
  "value" : "10"
},{
  "dateTime" : "12/01/12 17:11:00",
  "value" : "10"
},{
  "dateTime" : "12/01/12 21:18:00",
  "value" : "10"
},{
  "dateTime" : "12/02/12 02:12:00",
  "value" : "10"
},{
  "dateTime" : "12/02/12 07:35:00",
  "value" : "10"
},{
  "dateTime" : "12/02/12 08:26:00",
  "value" : "10"
},{
  "dateTime" : "12/02/12 12:57:00",
  "value" : "10"
},{
  "dateTime" : "12/02/12 12:58:00",
  "value" : "10"
},{
  "dateTime" : "12/02/12 13:02:00",
  "value" : "10"
},{
  "dateTime" : "12/02/12 13:57:00",
  "value" : "10"
},{
  "dateTime" : "12/02/12 14:32:00",
  "value" : "10"
},{
  "dateTime" : "12/02/12 15:51:00",
  "value" : "10"
},{
  "dateTime" : "12/02/12 20:24:00",
  "value" : "10"
},{
  "dateTime" : "12/02/12 20:40:00",
  "value" : "10"
},{
  "dateTime" : "12/02/12 22:27:00",
  "value" : "10"
},{
  "dateTime" : "12/03/12 08:40:00",
  "value" : "10"
},{
  "dateTime" : "12/03/12 08:51:00",
  "value" : "10"
},{
  "dateTime" : "12/03/12 09:28:00",
  "value" : "30"
},{
  "dateTime" : "12/03/12 09:29:00",
  "value" : "40"
},{
  "dateTime" : "12/03/12 09:30:00",
  "value" : "30"
},{
  "dateTime" : "12/03/12 12:29:00",
  "value" : "10"
},{
  "dateTime" : "12/03/12 19:21:00",
  "value" : "10"
},{
  "dateTime" : "12/03/12 19:50:00",
  "value" : "10"
},{
  "dateTime" : "12/04/12 03:36:00",
  "value" : "10"
},{
  "dateTime" : "12/04/12 07:00:00",
  "value" : "10"
},{
  "dateTime" : "12/04/12 08:30:00",
  "value" : "10"
},{
  "dateTime" : "12/04/12 08:49:00",
  "value" : "10"
},{
  "dateTime" : "12/04/12 08:54:00",
  "value" : "10"
},{
  "dateTime" : "12/04/12 09:26:00",
  "value" : "20"
},{
  "dateTime" : "12/04/12 09:27:00",
  "value" : "40"
},{
  "dateTime" : "12/04/12 09:28:00",
  "value" : "40"
},{
  "dateTime" : "12/04/12 14:56:00",
  "value" : "10"
},{
  "dateTime" : "12/04/12 16:09:00",
  "value" : "10"
},{
  "dateTime" : "12/04/12 17:16:00",
  "value" : "10"
},{
  "dateTime" : "12/04/12 18:22:00",
  "value" : "10"
},{
  "dateTime" : "12/04/12 20:24:00",
  "value" : "10"
},{
  "dateTime" : "12/04/12 23:50:00",
  "value" : "10"
},{
  "dateTime" : "12/04/12 23:53:00",
  "value" : "10"
},{
  "dateTime" : "12/05/12 08:31:00",
  "value" : "10"
},{
  "dateTime" : "12/05/12 09:37:00",
  "value" : "10"
},{
  "dateTime" : "12/05/12 13:29:00",
  "value" : "10"
},{
  "dateTime" : "12/05/12 18:09:00",
  "value" : "10"
},{
  "dateTime" : "12/05/12 19:56:00",
  "value" : "10"
},{
  "dateTime" : "12/05/12 20:48:00",
  "value" : "10"
},{
  "dateTime" : "12/05/12 23:07:00",
  "value" : "10"
},{
  "dateTime" : "12/06/12 05:02:00",
  "value" : "10"
},{
  "dateTime" : "12/06/12 08:40:00",
  "value" : "10"
},{
  "dateTime" : "12/06/12 09:01:00",
  "value" : "10"
},{
  "dateTime" : "12/06/12 09:29:00",
  "value" : "40"
},{
  "dateTime" : "12/06/12 09:30:00",
  "value" : "40"
},{
  "dateTime" : "12/06/12 09:31:00",
  "value" : "30"
},{
  "dateTime" : "12/06/12 19:24:00",
  "value" : "10"
},{
  "dateTime" : "12/06/12 20:27:00",
  "value" : "10"
},{
  "dateTime" : "12/06/12 23:15:00",
  "value" : "10"
},{
  "dateTime" : "12/07/12 08:44:00",
  "value" : "10"
},{
  "dateTime" : "12/07/12 10:42:00",
  "value" : "10"
},{
  "dateTime" : "12/07/12 11:01:00",
  "value" : "10"
},{
  "dateTime" : "12/07/12 11:02:00",
  "value" : "10"
},{
  "dateTime" : "12/07/12 15:57:00",
  "value" : "10"
},{
  "dateTime" : "12/07/12 17:28:00",
  "value" : "10"
},{
  "dateTime" : "12/07/12 20:24:00",
  "value" : "10"
},{
  "dateTime" : "12/07/12 20:28:00",
  "value" : "10"
},{
  "dateTime" : "12/08/12 08:21:00",
  "value" : "10"
},{
  "dateTime" : "12/08/12 12:04:00",
  "value" : "10"
},{
  "dateTime" : "12/08/12 12:28:00",
  "value" : "10"
},{
  "dateTime" : "12/08/12 12:48:00",
  "value" : "10"
},{
  "dateTime" : "12/08/12 14:51:00",
  "value" : "10"
},{
  "dateTime" : "12/08/12 16:01:00",
  "value" : "10"
},{
  "dateTime" : "12/08/12 16:41:00",
  "value" : "10"
},{
  "dateTime" : "12/08/12 16:51:00",
  "value" : "10"
},{
  "dateTime" : "12/08/12 18:45:00",
  "value" : "10"
},{
  "dateTime" : "12/08/12 18:59:00",
  "value" : "10"
},{
  "dateTime" : "12/08/12 19:11:00",
  "value" : "10"
},{
  "dateTime" : "12/08/12 19:21:00",
  "value" : "10"
},{
  "dateTime" : "12/08/12 19:27:00",
  "value" : "10"
},{
  "dateTime" : "12/08/12 19:46:00",
  "value" : "10"
},{
  "dateTime" : "12/08/12 20:50:00",
  "value" : "10"
},{
  "dateTime" : "12/08/12 21:01:00",
  "value" : "10"
},{
  "dateTime" : "12/09/12 01:58:00",
  "value" : "10"
},{
  "dateTime" : "12/09/12 12:06:00",
  "value" : "10"
},{
  "dateTime" : "12/09/12 12:18:00",
  "value" : "10"
},{
  "dateTime" : "12/09/12 13:46:00",
  "value" : "10"
},{
  "dateTime" : "12/09/12 15:13:00",
  "value" : "10"
},{
  "dateTime" : "12/09/12 17:07:00",
  "value" : "10"
},{
  "dateTime" : "12/09/12 17:20:00",
  "value" : "10"
},{
  "dateTime" : "12/09/12 17:44:00",
  "value" : "10"
},{
  "dateTime" : "12/09/12 20:09:00",
  "value" : "10"
},{
  "dateTime" : "12/09/12 20:16:00",
  "value" : "10"
},{
  "dateTime" : "12/09/12 20:25:00",
  "value" : "10"
},{
  "dateTime" : "12/09/12 22:12:00",
  "value" : "10"
},{
  "dateTime" : "12/10/12 07:48:00",
  "value" : "10"
},{
  "dateTime" : "12/10/12 07:54:00",
  "value" : "10"
},{
  "dateTime" : "12/10/12 09:21:00",
  "value" : "20"
},{
  "dateTime" : "12/10/12 09:22:00",
  "value" : "40"
},{
  "dateTime" : "12/10/12 09:23:00",
  "value" : "40"
},{
  "dateTime" : "12/10/12 09:24:00",
  "value" : "10"
},{
  "dateTime" : "12/10/12 14:58:00",
  "value" : "20"
},{
  "dateTime" : "12/10/12 14:59:00",
  "value" : "40"
},{
  "dateTime" : "12/10/12 15:00:00",
  "value" : "40"
},{
  "dateTime" : "12/10/12 15:01:00",
  "value" : "10"
},{
  "dateTime" : "12/10/12 17:37:00",
  "value" : "10"
},{
  "dateTime" : "12/10/12 20:13:00",
  "value" : "10"
},{
  "dateTime" : "12/10/12 20:16:00",
  "value" : "10"
},{
  "dateTime" : "12/10/12 20:46:00",
  "value" : "10"
},{
  "dateTime" : "12/10/12 21:11:00",
  "value" : "10"
},{
  "dateTime" : "12/11/12 02:49:00",
  "value" : "10"
},{
  "dateTime" : "12/11/12 08:13:00",
  "value" : "10"
},{
  "dateTime" : "12/11/12 08:59:00",
  "value" : "10"
},{
  "dateTime" : "12/11/12 09:09:00",
  "value" : "10"
},{
  "dateTime" : "12/11/12 09:38:00",
  "value" : "20"
},{
  "dateTime" : "12/11/12 09:39:00",
  "value" : "40"
},{
  "dateTime" : "12/11/12 09:40:00",
  "value" : "40"
},{
  "dateTime" : "12/11/12 09:41:00",
  "value" : "10"
},{
  "dateTime" : "12/11/12 16:10:00",
  "value" : "10"
},{
  "dateTime" : "12/11/12 16:49:00",
  "value" : "10"
},{
  "dateTime" : "12/11/12 19:23:00",
  "value" : "10"
},{
  "dateTime" : "12/11/12 19:37:00",
  "value" : "10"
},{
  "dateTime" : "12/12/12 00:35:00",
  "value" : "10"
},{
  "dateTime" : "12/12/12 07:31:00",
  "value" : "10"
},{
  "dateTime" : "12/12/12 07:37:00",
  "value" : "10"
},{
  "dateTime" : "12/12/12 12:34:00",
  "value" : "10"
},{
  "dateTime" : "12/12/12 12:58:00",
  "value" : "10"
},{
  "dateTime" : "12/12/12 16:39:00",
  "value" : "10"
},{
  "dateTime" : "12/12/12 17:03:00",
  "value" : "10"
},{
  "dateTime" : "12/12/12 17:07:00",
  "value" : "10"
},{
  "dateTime" : "12/12/12 18:20:00",
  "value" : "10"
},{
  "dateTime" : "12/12/12 20:01:00",
  "value" : "10"
},{
  "dateTime" : "12/12/12 20:28:00",
  "value" : "10"
},{
  "dateTime" : "12/12/12 23:43:00",
  "value" : "10"
},{
  "dateTime" : "12/13/12 07:07:00",
  "value" : "10"
},{
  "dateTime" : "12/13/12 07:11:00",
  "value" : "10"
},{
  "dateTime" : "12/13/12 07:17:00",
  "value" : "10"
},{
  "dateTime" : "12/13/12 08:33:00",
  "value" : "10"
},{
  "dateTime" : "12/13/12 08:53:00",
  "value" : "10"
},{
  "dateTime" : "12/13/12 08:58:00",
  "value" : "10"
},{
  "dateTime" : "12/13/12 09:57:00",
  "value" : "10"
},{
  "dateTime" : "12/13/12 10:45:00",
  "value" : "10"
},{
  "dateTime" : "12/13/12 10:49:00",
  "value" : "10"
},{
  "dateTime" : "12/13/12 10:52:00",
  "value" : "10"
},{
  "dateTime" : "12/13/12 13:56:00",
  "value" : "10"
},{
  "dateTime" : "12/13/12 15:46:00",
  "value" : "10"
},{
  "dateTime" : "12/13/12 16:58:00",
  "value" : "10"
},{
  "dateTime" : "12/13/12 19:25:00",
  "value" : "10"
},{
  "dateTime" : "12/13/12 19:26:00",
  "value" : "10"
},{
  "dateTime" : "12/13/12 20:47:00",
  "value" : "10"
},{
  "dateTime" : "12/13/12 20:57:00",
  "value" : "10"
},{
  "dateTime" : "12/13/12 23:42:00",
  "value" : "10"
},{
  "dateTime" : "12/14/12 07:31:00",
  "value" : "10"
},{
  "dateTime" : "12/14/12 08:29:00",
  "value" : "10"
},{
  "dateTime" : "12/14/12 08:35:00",
  "value" : "10"
},{
  "dateTime" : "12/14/12 09:28:00",
  "value" : "10"
},{
  "dateTime" : "12/14/12 09:59:00",
  "value" : "10"
},{
  "dateTime" : "12/14/12 20:37:00",
  "value" : "10"
},{
  "dateTime" : "12/14/12 20:39:00",
  "value" : "10"
},{
  "dateTime" : "12/14/12 23:23:00",
  "value" : "10"
},{
  "dateTime" : "12/15/12 09:43:00",
  "value" : "10"
},{
  "dateTime" : "12/15/12 11:45:00",
  "value" : "10"
},{
  "dateTime" : "12/15/12 13:29:00",
  "value" : "10"
},{
  "dateTime" : "12/15/12 14:11:00",
  "value" : "10"
},{
  "dateTime" : "12/15/12 14:15:00",
  "value" : "10"
},{
  "dateTime" : "12/15/12 14:31:00",
  "value" : "10"
},{
  "dateTime" : "12/15/12 14:39:00",
  "value" : "10"
},{
  "dateTime" : "12/15/12 15:05:00",
  "value" : "10"
},{
  "dateTime" : "12/15/12 16:49:00",
  "value" : "10"
},{
  "dateTime" : "12/15/12 17:45:00",
  "value" : "10"
},{
  "dateTime" : "12/15/12 19:08:00",
  "value" : "10"
},{
  "dateTime" : "12/15/12 19:36:00",
  "value" : "10"
},{
  "dateTime" : "12/15/12 23:26:00",
  "value" : "10"
},{
  "dateTime" : "12/15/12 23:35:00",
  "value" : "10"
},{
  "dateTime" : "12/16/12 08:43:00",
  "value" : "10"
},{
  "dateTime" : "12/16/12 14:07:00",
  "value" : "10"
},{
  "dateTime" : "12/16/12 14:45:00",
  "value" : "10"
},{
  "dateTime" : "12/16/12 15:24:00",
  "value" : "10"
},{
  "dateTime" : "12/16/12 18:20:00",
  "value" : "10"
},{
  "dateTime" : "12/16/12 19:29:00",
  "value" : "10"
},{
  "dateTime" : "12/16/12 23:15:00",
  "value" : "10"
},{
  "dateTime" : "12/17/12 00:40:00",
  "value" : "10"
},{
  "dateTime" : "12/17/12 01:36:00",
  "value" : "10"
},{
  "dateTime" : "12/17/12 08:19:00",
  "value" : "10"
},{
  "dateTime" : "12/17/12 08:42:00",
  "value" : "10"
},{
  "dateTime" : "12/17/12 10:50:00",
  "value" : "10"
},{
  "dateTime" : "12/17/12 18:39:00",
  "value" : "10"
},{
  "dateTime" : "12/17/12 20:09:00",
  "value" : "10"
},{
  "dateTime" : "12/17/12 20:49:00",
  "value" : "10"
},{
  "dateTime" : "12/17/12 22:54:00",
  "value" : "10"
},{
  "dateTime" : "12/17/12 23:09:00",
  "value" : "10"
},{
  "dateTime" : "12/18/12 07:49:00",
  "value" : "10"
},{
  "dateTime" : "12/18/12 08:43:00",
  "value" : "10"
},{
  "dateTime" : "12/18/12 08:49:00",
  "value" : "10"
},{
  "dateTime" : "12/18/12 12:55:00",
  "value" : "10"
},{
  "dateTime" : "12/18/12 16:29:00",
  "value" : "10"
},{
  "dateTime" : "12/18/12 17:05:00",
  "value" : "10"
},{
  "dateTime" : "12/18/12 20:44:00",
  "value" : "10"
},{
  "dateTime" : "12/18/12 21:12:00",
  "value" : "10"
},{
  "dateTime" : "12/18/12 22:42:00",
  "value" : "10"
},{
  "dateTime" : "12/18/12 23:00:00",
  "value" : "10"
},{
  "dateTime" : "12/19/12 00:15:00",
  "value" : "10"
},{
  "dateTime" : "12/19/12 00:21:00",
  "value" : "10"
},{
  "dateTime" : "12/19/12 03:40:00",
  "value" : "10"
},{
  "dateTime" : "12/19/12 05:58:00",
  "value" : "10"
},{
  "dateTime" : "12/19/12 11:24:00",
  "value" : "10"
},{
  "dateTime" : "12/19/12 12:32:00",
  "value" : "10"
},{
  "dateTime" : "12/19/12 13:57:00",
  "value" : "10"
},{
  "dateTime" : "12/19/12 14:04:00",
  "value" : "10"
},{
  "dateTime" : "12/19/12 14:22:00",
  "value" : "10"
},{
  "dateTime" : "12/19/12 15:54:00",
  "value" : "10"
},{
  "dateTime" : "12/19/12 19:10:00",
  "value" : "10"
},{
  "dateTime" : "12/19/12 20:00:00",
  "value" : "10"
},{
  "dateTime" : "12/19/12 20:56:00",
  "value" : "10"
},{
  "dateTime" : "12/20/12 01:09:00",
  "value" : "10"
},{
  "dateTime" : "12/20/12 08:36:00",
  "value" : "10"
},{
  "dateTime" : "12/20/12 08:46:00",
  "value" : "10"
},{
  "dateTime" : "12/20/12 10:08:00",
  "value" : "10"
},{
  "dateTime" : "12/20/12 10:40:00",
  "value" : "10"
},{
  "dateTime" : "12/20/12 10:41:00",
  "value" : "10"
},{
  "dateTime" : "12/20/12 10:42:00",
  "value" : "10"
},{
  "dateTime" : "12/20/12 10:44:00",
  "value" : "20"
},{
  "dateTime" : "12/20/12 10:49:00",
  "value" : "10"
},{
  "dateTime" : "12/20/12 11:02:00",
  "value" : "10"
},{
  "dateTime" : "12/20/12 11:22:00",
  "value" : "10"
},{
  "dateTime" : "12/20/12 11:31:00",
  "value" : "10"
},{
  "dateTime" : "12/20/12 11:32:00",
  "value" : "10"
},{
  "dateTime" : "12/20/12 11:34:00",
  "value" : "10"
},{
  "dateTime" : "12/20/12 11:53:00",
  "value" : "10"
},{
  "dateTime" : "12/20/12 14:25:00",
  "value" : "10"
},{
  "dateTime" : "12/20/12 15:47:00",
  "value" : "10"
},{
  "dateTime" : "12/20/12 15:50:00",
  "value" : "20"
},{
  "dateTime" : "12/20/12 16:35:00",
  "value" : "10"
},{
  "dateTime" : "12/20/12 17:08:00",
  "value" : "10"
},{
  "dateTime" : "12/20/12 18:27:00",
  "value" : "10"
},{
  "dateTime" : "12/20/12 19:36:00",
  "value" : "10"
},{
  "dateTime" : "12/20/12 20:12:00",
  "value" : "10"
},{
  "dateTime" : "12/20/12 23:00:00",
  "value" : "10"
}]