[{
  "dateTime" : "06/03/16 00:12:00",
  "value" : "10"
},{
  "dateTime" : "06/03/16 01:07:00",
  "value" : "10"
},{
  "dateTime" : "06/03/16 08:43:00",
  "value" : "10"
},{
  "dateTime" : "06/03/16 12:12:00",
  "value" : "10"
},{
  "dateTime" : "06/03/16 13:11:00",
  "value" : "10"
},{
  "dateTime" : "06/03/16 15:21:00",
  "value" : "10"
},{
  "dateTime" : "06/03/16 21:46:00",
  "value" : "10"
},{
  "dateTime" : "06/04/16 09:56:00",
  "value" : "10"
},{
  "dateTime" : "06/04/16 13:10:00",
  "value" : "10"
},{
  "dateTime" : "06/04/16 15:12:00",
  "value" : "10"
},{
  "dateTime" : "06/04/16 15:13:00",
  "value" : "10"
},{
  "dateTime" : "06/04/16 20:47:00",
  "value" : "10"
},{
  "dateTime" : "06/04/16 21:24:00",
  "value" : "10"
},{
  "dateTime" : "06/05/16 11:17:00",
  "value" : "10"
},{
  "dateTime" : "06/05/16 12:18:00",
  "value" : "10"
},{
  "dateTime" : "06/05/16 14:37:00",
  "value" : "10"
},{
  "dateTime" : "06/05/16 15:42:00",
  "value" : "10"
},{
  "dateTime" : "06/05/16 15:43:00",
  "value" : "10"
},{
  "dateTime" : "06/05/16 16:11:00",
  "value" : "10"
},{
  "dateTime" : "06/05/16 16:52:00",
  "value" : "10"
},{
  "dateTime" : "06/05/16 18:12:00",
  "value" : "10"
},{
  "dateTime" : "06/05/16 19:43:00",
  "value" : "10"
},{
  "dateTime" : "06/05/16 21:40:00",
  "value" : "10"
},{
  "dateTime" : "06/05/16 23:34:00",
  "value" : "10"
},{
  "dateTime" : "06/06/16 08:32:00",
  "value" : "10"
},{
  "dateTime" : "06/06/16 12:31:00",
  "value" : "10"
},{
  "dateTime" : "06/06/16 12:32:00",
  "value" : "10"
},{
  "dateTime" : "06/06/16 16:36:00",
  "value" : "10"
},{
  "dateTime" : "06/06/16 18:08:00",
  "value" : "10"
},{
  "dateTime" : "06/06/16 20:40:00",
  "value" : "10"
},{
  "dateTime" : "06/07/16 07:46:00",
  "value" : "10"
},{
  "dateTime" : "06/07/16 07:47:00",
  "value" : "10"
},{
  "dateTime" : "06/07/16 08:32:00",
  "value" : "10"
},{
  "dateTime" : "06/07/16 10:37:00",
  "value" : "10"
},{
  "dateTime" : "06/07/16 10:38:00",
  "value" : "10"
},{
  "dateTime" : "06/07/16 10:39:00",
  "value" : "10"
},{
  "dateTime" : "06/07/16 11:09:00",
  "value" : "10"
},{
  "dateTime" : "06/07/16 11:10:00",
  "value" : "10"
},{
  "dateTime" : "06/07/16 12:29:00",
  "value" : "10"
},{
  "dateTime" : "06/07/16 12:30:00",
  "value" : "10"
},{
  "dateTime" : "06/07/16 16:22:00",
  "value" : "10"
},{
  "dateTime" : "06/07/16 16:54:00",
  "value" : "10"
},{
  "dateTime" : "06/07/16 16:55:00",
  "value" : "10"
},{
  "dateTime" : "06/07/16 21:06:00",
  "value" : "10"
},{
  "dateTime" : "06/07/16 21:07:00",
  "value" : "10"
},{
  "dateTime" : "06/08/16 07:21:00",
  "value" : "10"
},{
  "dateTime" : "06/08/16 07:55:00",
  "value" : "10"
},{
  "dateTime" : "06/08/16 08:28:00",
  "value" : "10"
},{
  "dateTime" : "06/08/16 08:29:00",
  "value" : "10"
},{
  "dateTime" : "06/08/16 08:30:00",
  "value" : "10"
},{
  "dateTime" : "06/08/16 09:44:00",
  "value" : "10"
},{
  "dateTime" : "06/08/16 10:27:00",
  "value" : "10"
},{
  "dateTime" : "06/08/16 10:28:00",
  "value" : "10"
},{
  "dateTime" : "06/08/16 11:20:00",
  "value" : "10"
},{
  "dateTime" : "06/08/16 11:21:00",
  "value" : "10"
},{
  "dateTime" : "06/08/16 11:53:00",
  "value" : "10"
},{
  "dateTime" : "06/08/16 12:01:00",
  "value" : "10"
},{
  "dateTime" : "06/08/16 12:32:00",
  "value" : "10"
},{
  "dateTime" : "06/08/16 12:56:00",
  "value" : "10"
},{
  "dateTime" : "06/08/16 12:57:00",
  "value" : "10"
},{
  "dateTime" : "06/08/16 12:58:00",
  "value" : "10"
},{
  "dateTime" : "06/08/16 14:01:00",
  "value" : "20"
},{
  "dateTime" : "06/08/16 15:46:00",
  "value" : "10"
},{
  "dateTime" : "06/08/16 16:42:00",
  "value" : "10"
},{
  "dateTime" : "06/08/16 16:43:00",
  "value" : "20"
},{
  "dateTime" : "06/08/16 16:44:00",
  "value" : "10"
},{
  "dateTime" : "06/08/16 17:18:00",
  "value" : "10"
},{
  "dateTime" : "06/08/16 20:59:00",
  "value" : "10"
},{
  "dateTime" : "06/08/16 21:00:00",
  "value" : "10"
},{
  "dateTime" : "06/08/16 21:01:00",
  "value" : "10"
},{
  "dateTime" : "06/08/16 21:02:00",
  "value" : "10"
},{
  "dateTime" : "06/08/16 21:03:00",
  "value" : "10"
},{
  "dateTime" : "06/08/16 21:23:00",
  "value" : "10"
},{
  "dateTime" : "06/08/16 21:24:00",
  "value" : "10"
},{
  "dateTime" : "06/08/16 21:25:00",
  "value" : "10"
},{
  "dateTime" : "06/08/16 22:20:00",
  "value" : "10"
},{
  "dateTime" : "06/09/16 00:10:00",
  "value" : "10"
},{
  "dateTime" : "06/09/16 01:08:00",
  "value" : "10"
},{
  "dateTime" : "06/09/16 05:12:00",
  "value" : "10"
},{
  "dateTime" : "06/09/16 11:26:00",
  "value" : "10"
},{
  "dateTime" : "06/09/16 12:51:00",
  "value" : "10"
},{
  "dateTime" : "06/09/16 20:16:00",
  "value" : "10"
},{
  "dateTime" : "06/10/16 09:04:00",
  "value" : "10"
},{
  "dateTime" : "06/10/16 09:45:00",
  "value" : "10"
},{
  "dateTime" : "06/10/16 09:46:00",
  "value" : "10"
},{
  "dateTime" : "06/10/16 14:36:00",
  "value" : "10"
},{
  "dateTime" : "06/10/16 16:11:00",
  "value" : "20"
},{
  "dateTime" : "06/10/16 17:21:00",
  "value" : "10"
},{
  "dateTime" : "06/10/16 21:45:00",
  "value" : "10"
},{
  "dateTime" : "06/10/16 22:21:00",
  "value" : "10"
},{
  "dateTime" : "06/10/16 22:22:00",
  "value" : "10"
},{
  "dateTime" : "06/11/16 06:09:00",
  "value" : "10"
},{
  "dateTime" : "06/11/16 12:43:00",
  "value" : "10"
},{
  "dateTime" : "06/11/16 14:01:00",
  "value" : "10"
},{
  "dateTime" : "06/11/16 23:34:00",
  "value" : "10"
},{
  "dateTime" : "06/11/16 23:35:00",
  "value" : "10"
},{
  "dateTime" : "06/12/16 13:04:00",
  "value" : "10"
},{
  "dateTime" : "06/12/16 13:22:00",
  "value" : "10"
},{
  "dateTime" : "06/12/16 22:21:00",
  "value" : "10"
},{
  "dateTime" : "06/13/16 05:18:00",
  "value" : "10"
},{
  "dateTime" : "06/13/16 07:41:00",
  "value" : "10"
},{
  "dateTime" : "06/13/16 08:18:00",
  "value" : "20"
},{
  "dateTime" : "06/13/16 08:26:00",
  "value" : "20"
},{
  "dateTime" : "06/13/16 11:36:00",
  "value" : "20"
},{
  "dateTime" : "06/13/16 12:57:00",
  "value" : "10"
},{
  "dateTime" : "06/13/16 23:58:00",
  "value" : "10"
},{
  "dateTime" : "06/14/16 07:41:00",
  "value" : "10"
},{
  "dateTime" : "06/14/16 08:21:00",
  "value" : "10"
},{
  "dateTime" : "06/14/16 11:43:00",
  "value" : "20"
},{
  "dateTime" : "06/14/16 11:44:00",
  "value" : "30"
},{
  "dateTime" : "06/14/16 12:52:00",
  "value" : "20"
},{
  "dateTime" : "06/14/16 16:32:00",
  "value" : "10"
},{
  "dateTime" : "06/14/16 21:22:00",
  "value" : "10"
},{
  "dateTime" : "06/15/16 07:07:00",
  "value" : "10"
},{
  "dateTime" : "06/15/16 08:23:00",
  "value" : "20"
},{
  "dateTime" : "06/15/16 12:56:00",
  "value" : "10"
},{
  "dateTime" : "06/15/16 16:47:00",
  "value" : "10"
},{
  "dateTime" : "06/15/16 16:48:00",
  "value" : "10"
},{
  "dateTime" : "06/15/16 17:20:00",
  "value" : "10"
},{
  "dateTime" : "06/15/16 21:54:00",
  "value" : "10"
},{
  "dateTime" : "06/15/16 21:57:00",
  "value" : "10"
},{
  "dateTime" : "06/15/16 21:58:00",
  "value" : "10"
},{
  "dateTime" : "06/16/16 07:33:00",
  "value" : "10"
},{
  "dateTime" : "06/16/16 08:31:00",
  "value" : "10"
},{
  "dateTime" : "06/16/16 08:32:00",
  "value" : "10"
},{
  "dateTime" : "06/16/16 12:36:00",
  "value" : "10"
},{
  "dateTime" : "06/16/16 14:34:00",
  "value" : "10"
},{
  "dateTime" : "06/16/16 16:31:00",
  "value" : "10"
},{
  "dateTime" : "06/16/16 16:32:00",
  "value" : "10"
},{
  "dateTime" : "06/16/16 17:05:00",
  "value" : "10"
},{
  "dateTime" : "06/16/16 20:36:00",
  "value" : "10"
},{
  "dateTime" : "06/17/16 01:01:00",
  "value" : "10"
},{
  "dateTime" : "06/17/16 07:43:00",
  "value" : "10"
},{
  "dateTime" : "06/17/16 08:14:00",
  "value" : "20"
},{
  "dateTime" : "06/17/16 10:22:00",
  "value" : "10"
},{
  "dateTime" : "06/17/16 10:23:00",
  "value" : "10"
},{
  "dateTime" : "06/17/16 12:37:00",
  "value" : "10"
},{
  "dateTime" : "06/17/16 13:19:00",
  "value" : "10"
},{
  "dateTime" : "06/17/16 16:53:00",
  "value" : "10"
},{
  "dateTime" : "06/17/16 22:20:00",
  "value" : "10"
},{
  "dateTime" : "06/18/16 09:48:00",
  "value" : "10"
},{
  "dateTime" : "06/18/16 09:49:00",
  "value" : "10"
},{
  "dateTime" : "06/18/16 10:08:00",
  "value" : "10"
},{
  "dateTime" : "06/18/16 10:37:00",
  "value" : "10"
},{
  "dateTime" : "06/18/16 14:27:00",
  "value" : "10"
},{
  "dateTime" : "06/18/16 15:54:00",
  "value" : "10"
},{
  "dateTime" : "06/18/16 18:26:00",
  "value" : "10"
},{
  "dateTime" : "06/18/16 18:34:00",
  "value" : "10"
},{
  "dateTime" : "06/18/16 22:17:00",
  "value" : "10"
},{
  "dateTime" : "06/18/16 23:04:00",
  "value" : "10"
},{
  "dateTime" : "06/19/16 00:01:00",
  "value" : "10"
},{
  "dateTime" : "06/19/16 09:42:00",
  "value" : "10"
},{
  "dateTime" : "06/19/16 14:28:00",
  "value" : "10"
},{
  "dateTime" : "06/19/16 15:01:00",
  "value" : "10"
},{
  "dateTime" : "06/19/16 18:10:00",
  "value" : "10"
},{
  "dateTime" : "06/19/16 18:11:00",
  "value" : "10"
},{
  "dateTime" : "06/19/16 18:23:00",
  "value" : "10"
},{
  "dateTime" : "06/19/16 18:54:00",
  "value" : "10"
},{
  "dateTime" : "06/19/16 22:01:00",
  "value" : "10"
},{
  "dateTime" : "06/19/16 22:02:00",
  "value" : "10"
},{
  "dateTime" : "06/20/16 05:00:00",
  "value" : "10"
},{
  "dateTime" : "06/20/16 07:32:00",
  "value" : "10"
},{
  "dateTime" : "06/20/16 08:24:00",
  "value" : "10"
},{
  "dateTime" : "06/20/16 15:43:00",
  "value" : "10"
},{
  "dateTime" : "06/20/16 15:50:00",
  "value" : "10"
},{
  "dateTime" : "06/20/16 20:17:00",
  "value" : "10"
},{
  "dateTime" : "06/20/16 21:51:00",
  "value" : "10"
},{
  "dateTime" : "06/21/16 10:56:00",
  "value" : "10"
},{
  "dateTime" : "06/21/16 15:25:00",
  "value" : "10"
},{
  "dateTime" : "06/21/16 23:26:00",
  "value" : "10"
},{
  "dateTime" : "06/22/16 09:38:00",
  "value" : "10"
},{
  "dateTime" : "06/22/16 09:40:00",
  "value" : "10"
},{
  "dateTime" : "06/22/16 10:15:00",
  "value" : "10"
},{
  "dateTime" : "06/22/16 11:11:00",
  "value" : "10"
},{
  "dateTime" : "06/22/16 12:33:00",
  "value" : "10"
},{
  "dateTime" : "06/22/16 14:18:00",
  "value" : "10"
},{
  "dateTime" : "06/22/16 14:35:00",
  "value" : "10"
},{
  "dateTime" : "06/22/16 15:04:00",
  "value" : "10"
},{
  "dateTime" : "06/22/16 18:18:00",
  "value" : "20"
},{
  "dateTime" : "06/22/16 19:27:00",
  "value" : "10"
},{
  "dateTime" : "06/22/16 20:58:00",
  "value" : "10"
},{
  "dateTime" : "06/22/16 21:21:00",
  "value" : "10"
},{
  "dateTime" : "06/22/16 22:12:00",
  "value" : "10"
},{
  "dateTime" : "06/23/16 12:18:00",
  "value" : "10"
},{
  "dateTime" : "06/23/16 13:33:00",
  "value" : "20"
},{
  "dateTime" : "06/23/16 16:15:00",
  "value" : "10"
},{
  "dateTime" : "06/23/16 16:16:00",
  "value" : "10"
},{
  "dateTime" : "06/23/16 18:11:00",
  "value" : "10"
},{
  "dateTime" : "06/23/16 23:04:00",
  "value" : "10"
},{
  "dateTime" : "06/24/16 08:43:00",
  "value" : "10"
},{
  "dateTime" : "06/24/16 09:21:00",
  "value" : "10"
},{
  "dateTime" : "06/24/16 11:20:00",
  "value" : "10"
},{
  "dateTime" : "06/24/16 13:35:00",
  "value" : "10"
},{
  "dateTime" : "06/24/16 13:36:00",
  "value" : "10"
},{
  "dateTime" : "06/24/16 16:00:00",
  "value" : "10"
},{
  "dateTime" : "06/24/16 16:01:00",
  "value" : "10"
},{
  "dateTime" : "06/24/16 19:28:00",
  "value" : "10"
},{
  "dateTime" : "06/25/16 00:35:00",
  "value" : "10"
},{
  "dateTime" : "06/25/16 09:12:00",
  "value" : "10"
},{
  "dateTime" : "06/25/16 12:11:00",
  "value" : "10"
},{
  "dateTime" : "06/25/16 14:18:00",
  "value" : "10"
},{
  "dateTime" : "06/25/16 15:09:00",
  "value" : "10"
},{
  "dateTime" : "06/25/16 15:47:00",
  "value" : "10"
},{
  "dateTime" : "06/25/16 15:48:00",
  "value" : "10"
},{
  "dateTime" : "06/25/16 16:34:00",
  "value" : "10"
},{
  "dateTime" : "06/25/16 16:35:00",
  "value" : "10"
},{
  "dateTime" : "06/25/16 17:31:00",
  "value" : "10"
},{
  "dateTime" : "06/25/16 22:13:00",
  "value" : "10"
},{
  "dateTime" : "06/25/16 22:21:00",
  "value" : "10"
},{
  "dateTime" : "06/26/16 11:38:00",
  "value" : "10"
},{
  "dateTime" : "06/26/16 12:12:00",
  "value" : "10"
},{
  "dateTime" : "06/26/16 14:19:00",
  "value" : "10"
},{
  "dateTime" : "06/26/16 20:27:00",
  "value" : "10"
},{
  "dateTime" : "06/26/16 21:02:00",
  "value" : "10"
},{
  "dateTime" : "06/26/16 23:55:00",
  "value" : "10"
},{
  "dateTime" : "06/27/16 08:28:00",
  "value" : "10"
},{
  "dateTime" : "06/27/16 15:30:00",
  "value" : "10"
},{
  "dateTime" : "06/27/16 16:10:00",
  "value" : "10"
},{
  "dateTime" : "06/27/16 18:53:00",
  "value" : "10"
},{
  "dateTime" : "06/27/16 19:13:00",
  "value" : "10"
},{
  "dateTime" : "06/27/16 21:12:00",
  "value" : "10"
},{
  "dateTime" : "06/27/16 21:13:00",
  "value" : "10"
},{
  "dateTime" : "06/28/16 08:02:00",
  "value" : "10"
},{
  "dateTime" : "06/28/16 10:04:00",
  "value" : "10"
},{
  "dateTime" : "06/28/16 10:52:00",
  "value" : "20"
},{
  "dateTime" : "06/28/16 16:52:00",
  "value" : "10"
},{
  "dateTime" : "06/28/16 17:54:00",
  "value" : "10"
},{
  "dateTime" : "06/28/16 17:55:00",
  "value" : "10"
},{
  "dateTime" : "06/28/16 18:12:00",
  "value" : "10"
},{
  "dateTime" : "06/28/16 21:12:00",
  "value" : "10"
},{
  "dateTime" : "06/28/16 21:13:00",
  "value" : "10"
},{
  "dateTime" : "06/28/16 21:45:00",
  "value" : "10"
},{
  "dateTime" : "06/29/16 00:45:00",
  "value" : "10"
},{
  "dateTime" : "06/29/16 08:36:00",
  "value" : "10"
},{
  "dateTime" : "06/29/16 08:47:00",
  "value" : "10"
},{
  "dateTime" : "06/29/16 10:07:00",
  "value" : "10"
},{
  "dateTime" : "06/29/16 13:33:00",
  "value" : "20"
},{
  "dateTime" : "06/29/16 16:28:00",
  "value" : "10"
},{
  "dateTime" : "06/29/16 17:32:00",
  "value" : "10"
},{
  "dateTime" : "06/29/16 20:38:00",
  "value" : "10"
},{
  "dateTime" : "06/29/16 21:03:00",
  "value" : "10"
},{
  "dateTime" : "06/29/16 21:05:00",
  "value" : "10"
},{
  "dateTime" : "06/30/16 08:46:00",
  "value" : "10"
},{
  "dateTime" : "06/30/16 13:27:00",
  "value" : "10"
},{
  "dateTime" : "06/30/16 15:41:00",
  "value" : "10"
},{
  "dateTime" : "06/30/16 16:39:00",
  "value" : "10"
},{
  "dateTime" : "06/30/16 16:40:00",
  "value" : "10"
},{
  "dateTime" : "06/30/16 17:54:00",
  "value" : "10"
},{
  "dateTime" : "06/30/16 17:55:00",
  "value" : "10"
},{
  "dateTime" : "06/30/16 17:56:00",
  "value" : "20"
},{
  "dateTime" : "06/30/16 21:21:00",
  "value" : "10"
},{
  "dateTime" : "07/01/16 05:12:00",
  "value" : "10"
},{
  "dateTime" : "07/01/16 09:36:00",
  "value" : "10"
},{
  "dateTime" : "07/01/16 10:45:00",
  "value" : "10"
},{
  "dateTime" : "07/01/16 12:38:00",
  "value" : "10"
},{
  "dateTime" : "07/01/16 16:55:00",
  "value" : "10"
},{
  "dateTime" : "07/01/16 17:19:00",
  "value" : "10"
},{
  "dateTime" : "07/01/16 17:20:00",
  "value" : "10"
},{
  "dateTime" : "07/01/16 17:21:00",
  "value" : "10"
},{
  "dateTime" : "07/02/16 12:53:00",
  "value" : "10"
},{
  "dateTime" : "07/02/16 15:52:00",
  "value" : "10"
},{
  "dateTime" : "07/02/16 15:53:00",
  "value" : "10"
},{
  "dateTime" : "07/02/16 17:02:00",
  "value" : "20"
},{
  "dateTime" : "07/02/16 18:02:00",
  "value" : "10"
},{
  "dateTime" : "07/02/16 18:37:00",
  "value" : "20"
},{
  "dateTime" : "07/02/16 22:46:00",
  "value" : "10"
},{
  "dateTime" : "07/02/16 23:29:00",
  "value" : "10"
}]