[{
  "dateTime" : "07/24/12 00:01:00",
  "value" : "10"
},{
  "dateTime" : "07/24/12 08:32:00",
  "value" : "10"
},{
  "dateTime" : "07/24/12 17:15:00",
  "value" : "10"
},{
  "dateTime" : "07/24/12 17:51:00",
  "value" : "10"
},{
  "dateTime" : "07/24/12 19:53:00",
  "value" : "10"
},{
  "dateTime" : "07/24/12 20:14:00",
  "value" : "10"
},{
  "dateTime" : "07/24/12 21:38:00",
  "value" : "10"
},{
  "dateTime" : "07/24/12 21:43:00",
  "value" : "20"
},{
  "dateTime" : "07/25/12 01:21:00",
  "value" : "10"
},{
  "dateTime" : "07/25/12 01:33:00",
  "value" : "10"
},{
  "dateTime" : "07/25/12 02:08:00",
  "value" : "10"
},{
  "dateTime" : "07/25/12 02:35:00",
  "value" : "10"
},{
  "dateTime" : "07/25/12 13:05:00",
  "value" : "10"
},{
  "dateTime" : "07/25/12 17:22:00",
  "value" : "10"
},{
  "dateTime" : "07/25/12 17:56:00",
  "value" : "10"
},{
  "dateTime" : "07/25/12 20:50:00",
  "value" : "10"
},{
  "dateTime" : "07/25/12 20:51:00",
  "value" : "10"
},{
  "dateTime" : "07/25/12 21:32:00",
  "value" : "10"
},{
  "dateTime" : "07/25/12 23:28:00",
  "value" : "10"
},{
  "dateTime" : "07/26/12 00:28:00",
  "value" : "10"
},{
  "dateTime" : "07/26/12 01:31:00",
  "value" : "10"
},{
  "dateTime" : "07/26/12 09:21:00",
  "value" : "30"
},{
  "dateTime" : "07/26/12 09:22:00",
  "value" : "40"
},{
  "dateTime" : "07/26/12 09:23:00",
  "value" : "30"
},{
  "dateTime" : "07/26/12 15:25:00",
  "value" : "40"
},{
  "dateTime" : "07/26/12 15:26:00",
  "value" : "30"
},{
  "dateTime" : "07/26/12 15:27:00",
  "value" : "30"
},{
  "dateTime" : "07/26/12 19:36:00",
  "value" : "10"
},{
  "dateTime" : "07/26/12 20:09:00",
  "value" : "10"
},{
  "dateTime" : "07/26/12 20:57:00",
  "value" : "10"
},{
  "dateTime" : "07/26/12 23:10:00",
  "value" : "10"
},{
  "dateTime" : "07/27/12 15:20:00",
  "value" : "10"
},{
  "dateTime" : "07/28/12 00:37:00",
  "value" : "10"
},{
  "dateTime" : "07/28/12 02:00:00",
  "value" : "10"
},{
  "dateTime" : "07/28/12 02:51:00",
  "value" : "10"
},{
  "dateTime" : "07/28/12 10:18:00",
  "value" : "10"
},{
  "dateTime" : "07/28/12 10:24:00",
  "value" : "10"
},{
  "dateTime" : "07/28/12 10:30:00",
  "value" : "10"
},{
  "dateTime" : "07/28/12 18:07:00",
  "value" : "10"
},{
  "dateTime" : "07/28/12 22:20:00",
  "value" : "10"
},{
  "dateTime" : "07/29/12 07:21:00",
  "value" : "10"
},{
  "dateTime" : "07/29/12 07:26:00",
  "value" : "10"
},{
  "dateTime" : "07/29/12 08:31:00",
  "value" : "10"
},{
  "dateTime" : "07/29/12 09:07:00",
  "value" : "10"
},{
  "dateTime" : "07/29/12 09:21:00",
  "value" : "10"
},{
  "dateTime" : "07/29/12 10:36:00",
  "value" : "10"
},{
  "dateTime" : "07/29/12 10:39:00",
  "value" : "10"
},{
  "dateTime" : "07/29/12 11:31:00",
  "value" : "10"
},{
  "dateTime" : "07/29/12 11:51:00",
  "value" : "10"
},{
  "dateTime" : "07/29/12 13:57:00",
  "value" : "10"
},{
  "dateTime" : "07/29/12 13:58:00",
  "value" : "10"
},{
  "dateTime" : "07/29/12 15:15:00",
  "value" : "10"
},{
  "dateTime" : "07/29/12 15:16:00",
  "value" : "10"
},{
  "dateTime" : "07/29/12 16:04:00",
  "value" : "10"
},{
  "dateTime" : "07/29/12 16:13:00",
  "value" : "10"
},{
  "dateTime" : "07/29/12 17:03:00",
  "value" : "10"
},{
  "dateTime" : "07/29/12 17:27:00",
  "value" : "10"
},{
  "dateTime" : "07/29/12 17:41:00",
  "value" : "10"
},{
  "dateTime" : "07/29/12 17:52:00",
  "value" : "10"
},{
  "dateTime" : "07/29/12 17:54:00",
  "value" : "10"
},{
  "dateTime" : "07/29/12 18:01:00",
  "value" : "10"
},{
  "dateTime" : "07/29/12 18:07:00",
  "value" : "20"
},{
  "dateTime" : "07/29/12 18:18:00",
  "value" : "10"
},{
  "dateTime" : "07/29/12 20:45:00",
  "value" : "10"
},{
  "dateTime" : "07/29/12 20:52:00",
  "value" : "10"
},{
  "dateTime" : "07/29/12 21:21:00",
  "value" : "10"
},{
  "dateTime" : "07/29/12 21:42:00",
  "value" : "10"
},{
  "dateTime" : "07/29/12 21:43:00",
  "value" : "10"
},{
  "dateTime" : "07/29/12 22:14:00",
  "value" : "10"
},{
  "dateTime" : "07/30/12 00:52:00",
  "value" : "10"
},{
  "dateTime" : "07/30/12 19:28:00",
  "value" : "10"
},{
  "dateTime" : "07/30/12 19:45:00",
  "value" : "10"
},{
  "dateTime" : "07/30/12 20:23:00",
  "value" : "10"
},{
  "dateTime" : "07/30/12 21:54:00",
  "value" : "10"
},{
  "dateTime" : "07/31/12 08:22:00",
  "value" : "10"
},{
  "dateTime" : "07/31/12 09:05:00",
  "value" : "10"
},{
  "dateTime" : "07/31/12 11:39:00",
  "value" : "20"
},{
  "dateTime" : "07/31/12 12:34:00",
  "value" : "10"
},{
  "dateTime" : "07/31/12 17:21:00",
  "value" : "10"
},{
  "dateTime" : "07/31/12 19:32:00",
  "value" : "10"
},{
  "dateTime" : "07/31/12 23:02:00",
  "value" : "10"
},{
  "dateTime" : "08/01/12 00:11:00",
  "value" : "10"
},{
  "dateTime" : "08/01/12 00:55:00",
  "value" : "10"
},{
  "dateTime" : "08/01/12 06:58:00",
  "value" : "10"
},{
  "dateTime" : "08/01/12 08:38:00",
  "value" : "10"
},{
  "dateTime" : "08/01/12 13:20:00",
  "value" : "10"
},{
  "dateTime" : "08/01/12 15:44:00",
  "value" : "10"
},{
  "dateTime" : "08/01/12 16:57:00",
  "value" : "10"
},{
  "dateTime" : "08/01/12 20:21:00",
  "value" : "10"
},{
  "dateTime" : "08/01/12 21:38:00",
  "value" : "10"
},{
  "dateTime" : "08/01/12 22:20:00",
  "value" : "10"
},{
  "dateTime" : "08/01/12 23:08:00",
  "value" : "10"
},{
  "dateTime" : "08/01/12 23:50:00",
  "value" : "10"
},{
  "dateTime" : "08/02/12 08:13:00",
  "value" : "10"
},{
  "dateTime" : "08/02/12 21:12:00",
  "value" : "10"
},{
  "dateTime" : "08/02/12 21:14:00",
  "value" : "10"
},{
  "dateTime" : "08/03/12 00:16:00",
  "value" : "10"
},{
  "dateTime" : "08/03/12 08:17:00",
  "value" : "10"
},{
  "dateTime" : "08/03/12 19:50:00",
  "value" : "10"
},{
  "dateTime" : "08/03/12 21:18:00",
  "value" : "10"
},{
  "dateTime" : "08/03/12 23:19:00",
  "value" : "10"
},{
  "dateTime" : "08/04/12 00:59:00",
  "value" : "10"
},{
  "dateTime" : "08/04/12 09:45:00",
  "value" : "10"
},{
  "dateTime" : "08/04/12 15:26:00",
  "value" : "10"
},{
  "dateTime" : "08/04/12 16:52:00",
  "value" : "10"
},{
  "dateTime" : "08/04/12 18:45:00",
  "value" : "10"
},{
  "dateTime" : "08/04/12 20:10:00",
  "value" : "10"
},{
  "dateTime" : "08/04/12 20:13:00",
  "value" : "10"
},{
  "dateTime" : "08/04/12 20:32:00",
  "value" : "10"
},{
  "dateTime" : "08/05/12 00:58:00",
  "value" : "10"
},{
  "dateTime" : "08/05/12 09:25:00",
  "value" : "10"
},{
  "dateTime" : "08/05/12 09:39:00",
  "value" : "10"
},{
  "dateTime" : "08/05/12 10:09:00",
  "value" : "10"
},{
  "dateTime" : "08/05/12 11:24:00",
  "value" : "10"
},{
  "dateTime" : "08/05/12 11:52:00",
  "value" : "10"
},{
  "dateTime" : "08/05/12 14:07:00",
  "value" : "10"
},{
  "dateTime" : "08/05/12 16:46:00",
  "value" : "10"
},{
  "dateTime" : "08/05/12 18:54:00",
  "value" : "10"
},{
  "dateTime" : "08/05/12 19:41:00",
  "value" : "10"
},{
  "dateTime" : "08/05/12 19:46:00",
  "value" : "10"
},{
  "dateTime" : "08/05/12 20:46:00",
  "value" : "10"
},{
  "dateTime" : "08/05/12 22:08:00",
  "value" : "10"
},{
  "dateTime" : "08/05/12 22:49:00",
  "value" : "10"
},{
  "dateTime" : "08/05/12 23:55:00",
  "value" : "10"
},{
  "dateTime" : "08/06/12 17:31:00",
  "value" : "10"
},{
  "dateTime" : "08/06/12 17:59:00",
  "value" : "10"
},{
  "dateTime" : "08/06/12 20:03:00",
  "value" : "10"
},{
  "dateTime" : "08/06/12 21:19:00",
  "value" : "10"
},{
  "dateTime" : "08/06/12 21:41:00",
  "value" : "10"
},{
  "dateTime" : "08/06/12 21:49:00",
  "value" : "10"
},{
  "dateTime" : "08/06/12 23:22:00",
  "value" : "10"
},{
  "dateTime" : "08/07/12 08:46:00",
  "value" : "10"
},{
  "dateTime" : "08/07/12 18:01:00",
  "value" : "10"
},{
  "dateTime" : "08/07/12 18:04:00",
  "value" : "10"
},{
  "dateTime" : "08/07/12 19:39:00",
  "value" : "10"
},{
  "dateTime" : "08/07/12 20:31:00",
  "value" : "10"
},{
  "dateTime" : "08/07/12 23:40:00",
  "value" : "10"
},{
  "dateTime" : "08/08/12 08:33:00",
  "value" : "10"
},{
  "dateTime" : "08/08/12 10:18:00",
  "value" : "10"
},{
  "dateTime" : "08/08/12 11:29:00",
  "value" : "10"
},{
  "dateTime" : "08/08/12 17:46:00",
  "value" : "10"
},{
  "dateTime" : "08/08/12 18:43:00",
  "value" : "10"
},{
  "dateTime" : "08/08/12 23:22:00",
  "value" : "10"
},{
  "dateTime" : "08/09/12 20:38:00",
  "value" : "10"
},{
  "dateTime" : "08/10/12 00:02:00",
  "value" : "10"
},{
  "dateTime" : "08/10/12 18:25:00",
  "value" : "10"
},{
  "dateTime" : "08/10/12 20:52:00",
  "value" : "10"
},{
  "dateTime" : "08/10/12 22:15:00",
  "value" : "10"
},{
  "dateTime" : "08/11/12 02:07:00",
  "value" : "10"
},{
  "dateTime" : "08/11/12 02:11:00",
  "value" : "10"
},{
  "dateTime" : "08/11/12 13:22:00",
  "value" : "10"
},{
  "dateTime" : "08/11/12 13:23:00",
  "value" : "10"
},{
  "dateTime" : "08/11/12 14:17:00",
  "value" : "10"
},{
  "dateTime" : "08/11/12 14:19:00",
  "value" : "10"
},{
  "dateTime" : "08/11/12 14:26:00",
  "value" : "10"
},{
  "dateTime" : "08/11/12 14:30:00",
  "value" : "20"
},{
  "dateTime" : "08/11/12 16:28:00",
  "value" : "10"
},{
  "dateTime" : "08/11/12 20:01:00",
  "value" : "10"
},{
  "dateTime" : "08/11/12 22:28:00",
  "value" : "10"
},{
  "dateTime" : "08/12/12 02:07:00",
  "value" : "10"
},{
  "dateTime" : "08/12/12 12:32:00",
  "value" : "10"
},{
  "dateTime" : "08/12/12 12:54:00",
  "value" : "10"
},{
  "dateTime" : "08/12/12 13:12:00",
  "value" : "10"
},{
  "dateTime" : "08/12/12 13:13:00",
  "value" : "10"
},{
  "dateTime" : "08/12/12 13:36:00",
  "value" : "10"
},{
  "dateTime" : "08/12/12 13:43:00",
  "value" : "10"
},{
  "dateTime" : "08/12/12 14:56:00",
  "value" : "10"
},{
  "dateTime" : "08/12/12 14:58:00",
  "value" : "10"
},{
  "dateTime" : "08/12/12 15:50:00",
  "value" : "10"
},{
  "dateTime" : "08/12/12 19:45:00",
  "value" : "10"
},{
  "dateTime" : "08/12/12 20:36:00",
  "value" : "10"
},{
  "dateTime" : "08/13/12 02:15:00",
  "value" : "10"
},{
  "dateTime" : "08/13/12 08:39:00",
  "value" : "10"
},{
  "dateTime" : "08/13/12 18:44:00",
  "value" : "10"
},{
  "dateTime" : "08/13/12 19:01:00",
  "value" : "10"
},{
  "dateTime" : "08/13/12 19:55:00",
  "value" : "10"
},{
  "dateTime" : "08/13/12 20:43:00",
  "value" : "10"
},{
  "dateTime" : "08/13/12 20:59:00",
  "value" : "10"
},{
  "dateTime" : "08/14/12 08:09:00",
  "value" : "10"
},{
  "dateTime" : "08/14/12 17:42:00",
  "value" : "10"
},{
  "dateTime" : "08/14/12 17:49:00",
  "value" : "10"
},{
  "dateTime" : "08/14/12 17:50:00",
  "value" : "10"
},{
  "dateTime" : "08/14/12 17:53:00",
  "value" : "10"
},{
  "dateTime" : "08/14/12 18:36:00",
  "value" : "10"
},{
  "dateTime" : "08/14/12 19:45:00",
  "value" : "10"
},{
  "dateTime" : "08/15/12 09:25:00",
  "value" : "10"
},{
  "dateTime" : "08/15/12 20:22:00",
  "value" : "10"
},{
  "dateTime" : "08/15/12 21:14:00",
  "value" : "10"
},{
  "dateTime" : "08/16/12 08:16:00",
  "value" : "10"
},{
  "dateTime" : "08/16/12 08:23:00",
  "value" : "10"
},{
  "dateTime" : "08/16/12 08:35:00",
  "value" : "10"
},{
  "dateTime" : "08/16/12 19:28:00",
  "value" : "10"
},{
  "dateTime" : "08/16/12 19:48:00",
  "value" : "10"
},{
  "dateTime" : "08/16/12 19:58:00",
  "value" : "10"
},{
  "dateTime" : "08/16/12 20:04:00",
  "value" : "10"
},{
  "dateTime" : "08/16/12 20:30:00",
  "value" : "10"
},{
  "dateTime" : "08/16/12 23:13:00",
  "value" : "10"
},{
  "dateTime" : "08/17/12 01:15:00",
  "value" : "10"
},{
  "dateTime" : "08/17/12 08:32:00",
  "value" : "10"
},{
  "dateTime" : "08/17/12 08:35:00",
  "value" : "10"
},{
  "dateTime" : "08/17/12 18:07:00",
  "value" : "10"
},{
  "dateTime" : "08/17/12 18:21:00",
  "value" : "10"
},{
  "dateTime" : "08/17/12 22:55:00",
  "value" : "10"
},{
  "dateTime" : "08/17/12 22:56:00",
  "value" : "10"
},{
  "dateTime" : "08/17/12 23:33:00",
  "value" : "10"
},{
  "dateTime" : "08/17/12 23:45:00",
  "value" : "10"
},{
  "dateTime" : "08/18/12 08:17:00",
  "value" : "10"
},{
  "dateTime" : "08/18/12 08:48:00",
  "value" : "10"
},{
  "dateTime" : "08/18/12 09:27:00",
  "value" : "10"
},{
  "dateTime" : "08/18/12 09:30:00",
  "value" : "10"
},{
  "dateTime" : "08/18/12 10:46:00",
  "value" : "10"
},{
  "dateTime" : "08/18/12 10:53:00",
  "value" : "10"
},{
  "dateTime" : "08/18/12 14:18:00",
  "value" : "10"
},{
  "dateTime" : "08/18/12 14:19:00",
  "value" : "10"
},{
  "dateTime" : "08/18/12 14:42:00",
  "value" : "10"
},{
  "dateTime" : "08/18/12 15:27:00",
  "value" : "10"
},{
  "dateTime" : "08/18/12 15:54:00",
  "value" : "10"
},{
  "dateTime" : "08/18/12 16:09:00",
  "value" : "10"
},{
  "dateTime" : "08/18/12 19:21:00",
  "value" : "10"
},{
  "dateTime" : "08/18/12 21:55:00",
  "value" : "10"
},{
  "dateTime" : "08/18/12 22:05:00",
  "value" : "10"
},{
  "dateTime" : "08/18/12 22:11:00",
  "value" : "10"
},{
  "dateTime" : "08/18/12 22:12:00",
  "value" : "10"
},{
  "dateTime" : "08/18/12 23:06:00",
  "value" : "10"
},{
  "dateTime" : "08/19/12 00:42:00",
  "value" : "10"
},{
  "dateTime" : "08/19/12 10:22:00",
  "value" : "10"
},{
  "dateTime" : "08/19/12 12:50:00",
  "value" : "10"
},{
  "dateTime" : "08/19/12 12:53:00",
  "value" : "10"
},{
  "dateTime" : "08/19/12 13:11:00",
  "value" : "10"
},{
  "dateTime" : "08/19/12 13:18:00",
  "value" : "10"
},{
  "dateTime" : "08/19/12 17:47:00",
  "value" : "10"
},{
  "dateTime" : "08/19/12 18:13:00",
  "value" : "10"
},{
  "dateTime" : "08/19/12 20:36:00",
  "value" : "10"
},{
  "dateTime" : "08/19/12 22:10:00",
  "value" : "10"
},{
  "dateTime" : "08/19/12 22:37:00",
  "value" : "10"
},{
  "dateTime" : "08/19/12 23:09:00",
  "value" : "10"
},{
  "dateTime" : "08/20/12 08:10:00",
  "value" : "10"
},{
  "dateTime" : "08/20/12 08:15:00",
  "value" : "10"
},{
  "dateTime" : "08/20/12 08:32:00",
  "value" : "10"
},{
  "dateTime" : "08/20/12 08:33:00",
  "value" : "10"
},{
  "dateTime" : "08/20/12 08:50:00",
  "value" : "10"
},{
  "dateTime" : "08/20/12 20:10:00",
  "value" : "10"
},{
  "dateTime" : "08/21/12 08:04:00",
  "value" : "10"
},{
  "dateTime" : "08/21/12 18:04:00",
  "value" : "10"
},{
  "dateTime" : "08/21/12 18:37:00",
  "value" : "10"
},{
  "dateTime" : "08/21/12 18:51:00",
  "value" : "10"
},{
  "dateTime" : "08/21/12 21:23:00",
  "value" : "10"
},{
  "dateTime" : "08/21/12 22:39:00",
  "value" : "10"
},{
  "dateTime" : "08/22/12 00:32:00",
  "value" : "10"
},{
  "dateTime" : "08/22/12 01:39:00",
  "value" : "10"
},{
  "dateTime" : "08/22/12 09:03:00",
  "value" : "10"
},{
  "dateTime" : "08/22/12 09:04:00",
  "value" : "10"
},{
  "dateTime" : "08/22/12 20:31:00",
  "value" : "10"
},{
  "dateTime" : "08/22/12 21:02:00",
  "value" : "10"
}]