[{
  "dateTime" : "05/15/14 12:19:00",
  "value" : "10"
},{
  "dateTime" : "05/15/14 14:47:00",
  "value" : "10"
},{
  "dateTime" : "05/15/14 16:36:00",
  "value" : "10"
},{
  "dateTime" : "05/15/14 16:37:00",
  "value" : "10"
},{
  "dateTime" : "05/15/14 21:02:00",
  "value" : "10"
},{
  "dateTime" : "05/15/14 21:03:00",
  "value" : "10"
},{
  "dateTime" : "05/15/14 21:18:00",
  "value" : "10"
},{
  "dateTime" : "05/15/14 22:20:00",
  "value" : "10"
},{
  "dateTime" : "05/16/14 07:31:00",
  "value" : "10"
},{
  "dateTime" : "05/16/14 08:05:00",
  "value" : "10"
},{
  "dateTime" : "05/16/14 09:00:00",
  "value" : "10"
},{
  "dateTime" : "05/16/14 09:41:00",
  "value" : "20"
},{
  "dateTime" : "05/16/14 10:41:00",
  "value" : "10"
},{
  "dateTime" : "05/16/14 12:34:00",
  "value" : "10"
},{
  "dateTime" : "05/16/14 12:35:00",
  "value" : "30"
},{
  "dateTime" : "05/16/14 14:25:00",
  "value" : "10"
},{
  "dateTime" : "05/16/14 16:52:00",
  "value" : "10"
},{
  "dateTime" : "05/16/14 18:04:00",
  "value" : "10"
},{
  "dateTime" : "05/16/14 18:44:00",
  "value" : "10"
},{
  "dateTime" : "05/16/14 19:57:00",
  "value" : "10"
},{
  "dateTime" : "05/16/14 21:09:00",
  "value" : "10"
},{
  "dateTime" : "05/17/14 02:28:00",
  "value" : "10"
},{
  "dateTime" : "05/17/14 09:40:00",
  "value" : "10"
},{
  "dateTime" : "05/17/14 10:00:00",
  "value" : "10"
},{
  "dateTime" : "05/17/14 12:36:00",
  "value" : "10"
},{
  "dateTime" : "05/17/14 13:51:00",
  "value" : "10"
},{
  "dateTime" : "05/17/14 13:52:00",
  "value" : "20"
},{
  "dateTime" : "05/17/14 17:10:00",
  "value" : "10"
},{
  "dateTime" : "05/17/14 17:11:00",
  "value" : "10"
},{
  "dateTime" : "05/17/14 17:36:00",
  "value" : "10"
},{
  "dateTime" : "05/17/14 20:04:00",
  "value" : "10"
},{
  "dateTime" : "05/17/14 20:05:00",
  "value" : "10"
},{
  "dateTime" : "05/17/14 20:56:00",
  "value" : "10"
},{
  "dateTime" : "05/17/14 21:33:00",
  "value" : "10"
},{
  "dateTime" : "05/17/14 21:34:00",
  "value" : "10"
},{
  "dateTime" : "05/17/14 21:35:00",
  "value" : "10"
},{
  "dateTime" : "05/17/14 21:36:00",
  "value" : "10"
},{
  "dateTime" : "05/17/14 22:07:00",
  "value" : "10"
},{
  "dateTime" : "05/18/14 01:06:00",
  "value" : "10"
},{
  "dateTime" : "05/18/14 01:49:00",
  "value" : "10"
},{
  "dateTime" : "05/18/14 01:59:00",
  "value" : "10"
},{
  "dateTime" : "05/18/14 12:41:00",
  "value" : "10"
},{
  "dateTime" : "05/18/14 15:03:00",
  "value" : "10"
},{
  "dateTime" : "05/18/14 17:20:00",
  "value" : "10"
},{
  "dateTime" : "05/18/14 17:21:00",
  "value" : "10"
},{
  "dateTime" : "05/18/14 17:43:00",
  "value" : "10"
},{
  "dateTime" : "05/18/14 18:22:00",
  "value" : "20"
},{
  "dateTime" : "05/18/14 18:39:00",
  "value" : "20"
},{
  "dateTime" : "05/18/14 18:40:00",
  "value" : "10"
},{
  "dateTime" : "05/18/14 19:13:00",
  "value" : "10"
},{
  "dateTime" : "05/18/14 22:34:00",
  "value" : "10"
},{
  "dateTime" : "05/19/14 08:49:00",
  "value" : "10"
},{
  "dateTime" : "05/19/14 08:57:00",
  "value" : "10"
},{
  "dateTime" : "05/19/14 09:23:00",
  "value" : "10"
},{
  "dateTime" : "05/19/14 09:24:00",
  "value" : "10"
},{
  "dateTime" : "05/19/14 09:52:00",
  "value" : "10"
},{
  "dateTime" : "05/19/14 10:25:00",
  "value" : "10"
},{
  "dateTime" : "05/19/14 11:01:00",
  "value" : "10"
},{
  "dateTime" : "05/19/14 11:02:00",
  "value" : "10"
},{
  "dateTime" : "05/19/14 11:42:00",
  "value" : "10"
},{
  "dateTime" : "05/19/14 12:20:00",
  "value" : "20"
},{
  "dateTime" : "05/19/14 13:07:00",
  "value" : "10"
},{
  "dateTime" : "05/19/14 13:12:00",
  "value" : "10"
},{
  "dateTime" : "05/19/14 13:13:00",
  "value" : "10"
},{
  "dateTime" : "05/19/14 13:50:00",
  "value" : "10"
},{
  "dateTime" : "05/19/14 14:31:00",
  "value" : "10"
},{
  "dateTime" : "05/19/14 14:32:00",
  "value" : "10"
},{
  "dateTime" : "05/19/14 15:18:00",
  "value" : "10"
},{
  "dateTime" : "05/19/14 15:50:00",
  "value" : "10"
},{
  "dateTime" : "05/19/14 16:25:00",
  "value" : "10"
},{
  "dateTime" : "05/19/14 17:24:00",
  "value" : "10"
},{
  "dateTime" : "05/19/14 18:56:00",
  "value" : "10"
},{
  "dateTime" : "05/19/14 18:57:00",
  "value" : "10"
},{
  "dateTime" : "05/19/14 19:22:00",
  "value" : "10"
},{
  "dateTime" : "05/19/14 20:41:00",
  "value" : "10"
},{
  "dateTime" : "05/19/14 20:42:00",
  "value" : "10"
},{
  "dateTime" : "05/19/14 20:43:00",
  "value" : "10"
},{
  "dateTime" : "05/19/14 20:51:00",
  "value" : "10"
},{
  "dateTime" : "05/20/14 01:30:00",
  "value" : "10"
},{
  "dateTime" : "05/20/14 05:50:00",
  "value" : "10"
},{
  "dateTime" : "05/20/14 08:51:00",
  "value" : "10"
},{
  "dateTime" : "05/20/14 09:07:00",
  "value" : "10"
},{
  "dateTime" : "05/20/14 16:28:00",
  "value" : "10"
},{
  "dateTime" : "05/20/14 18:59:00",
  "value" : "10"
},{
  "dateTime" : "05/20/14 20:55:00",
  "value" : "10"
},{
  "dateTime" : "05/20/14 22:17:00",
  "value" : "10"
},{
  "dateTime" : "05/21/14 08:32:00",
  "value" : "10"
},{
  "dateTime" : "05/21/14 08:33:00",
  "value" : "10"
},{
  "dateTime" : "05/21/14 09:05:00",
  "value" : "10"
},{
  "dateTime" : "05/21/14 09:06:00",
  "value" : "10"
},{
  "dateTime" : "05/21/14 09:13:00",
  "value" : "10"
},{
  "dateTime" : "05/21/14 09:20:00",
  "value" : "10"
},{
  "dateTime" : "05/21/14 14:42:00",
  "value" : "10"
},{
  "dateTime" : "05/21/14 14:59:00",
  "value" : "10"
},{
  "dateTime" : "05/21/14 15:14:00",
  "value" : "10"
},{
  "dateTime" : "05/21/14 16:22:00",
  "value" : "10"
},{
  "dateTime" : "05/21/14 16:24:00",
  "value" : "10"
},{
  "dateTime" : "05/21/14 16:25:00",
  "value" : "10"
},{
  "dateTime" : "05/21/14 16:26:00",
  "value" : "10"
},{
  "dateTime" : "05/21/14 18:07:00",
  "value" : "10"
},{
  "dateTime" : "05/21/14 19:53:00",
  "value" : "10"
},{
  "dateTime" : "05/21/14 19:54:00",
  "value" : "10"
},{
  "dateTime" : "05/22/14 06:12:00",
  "value" : "10"
},{
  "dateTime" : "05/22/14 08:30:00",
  "value" : "10"
},{
  "dateTime" : "05/22/14 08:56:00",
  "value" : "10"
},{
  "dateTime" : "05/22/14 08:57:00",
  "value" : "10"
},{
  "dateTime" : "05/22/14 09:53:00",
  "value" : "10"
},{
  "dateTime" : "05/22/14 10:23:00",
  "value" : "10"
},{
  "dateTime" : "05/22/14 10:57:00",
  "value" : "10"
},{
  "dateTime" : "05/22/14 11:05:00",
  "value" : "10"
},{
  "dateTime" : "05/22/14 11:45:00",
  "value" : "20"
},{
  "dateTime" : "05/22/14 11:46:00",
  "value" : "10"
},{
  "dateTime" : "05/22/14 11:47:00",
  "value" : "20"
},{
  "dateTime" : "05/22/14 11:48:00",
  "value" : "20"
},{
  "dateTime" : "05/22/14 11:49:00",
  "value" : "20"
},{
  "dateTime" : "05/22/14 12:20:00",
  "value" : "10"
},{
  "dateTime" : "05/22/14 15:04:00",
  "value" : "10"
},{
  "dateTime" : "05/22/14 17:25:00",
  "value" : "10"
},{
  "dateTime" : "05/22/14 17:44:00",
  "value" : "10"
},{
  "dateTime" : "05/22/14 17:45:00",
  "value" : "10"
},{
  "dateTime" : "05/22/14 20:44:00",
  "value" : "10"
},{
  "dateTime" : "05/22/14 20:45:00",
  "value" : "10"
},{
  "dateTime" : "05/22/14 21:01:00",
  "value" : "10"
},{
  "dateTime" : "05/22/14 21:02:00",
  "value" : "10"
},{
  "dateTime" : "05/22/14 21:03:00",
  "value" : "10"
},{
  "dateTime" : "05/23/14 00:16:00",
  "value" : "10"
},{
  "dateTime" : "05/23/14 12:11:00",
  "value" : "10"
},{
  "dateTime" : "05/23/14 12:12:00",
  "value" : "20"
},{
  "dateTime" : "05/23/14 12:13:00",
  "value" : "10"
},{
  "dateTime" : "05/23/14 13:36:00",
  "value" : "10"
},{
  "dateTime" : "05/23/14 14:25:00",
  "value" : "10"
},{
  "dateTime" : "05/23/14 15:02:00",
  "value" : "10"
},{
  "dateTime" : "05/23/14 15:34:00",
  "value" : "10"
},{
  "dateTime" : "05/23/14 15:46:00",
  "value" : "10"
},{
  "dateTime" : "05/23/14 15:47:00",
  "value" : "10"
},{
  "dateTime" : "05/23/14 21:01:00",
  "value" : "10"
},{
  "dateTime" : "05/23/14 21:09:00",
  "value" : "10"
},{
  "dateTime" : "05/23/14 21:38:00",
  "value" : "10"
},{
  "dateTime" : "05/24/14 10:42:00",
  "value" : "10"
},{
  "dateTime" : "05/24/14 10:59:00",
  "value" : "10"
},{
  "dateTime" : "05/24/14 13:11:00",
  "value" : "10"
},{
  "dateTime" : "05/24/14 14:17:00",
  "value" : "10"
},{
  "dateTime" : "05/24/14 14:18:00",
  "value" : "10"
},{
  "dateTime" : "05/24/14 14:52:00",
  "value" : "10"
},{
  "dateTime" : "05/24/14 15:42:00",
  "value" : "10"
},{
  "dateTime" : "05/24/14 16:16:00",
  "value" : "10"
},{
  "dateTime" : "05/24/14 17:07:00",
  "value" : "10"
},{
  "dateTime" : "05/24/14 18:27:00",
  "value" : "10"
},{
  "dateTime" : "05/24/14 18:55:00",
  "value" : "10"
},{
  "dateTime" : "05/24/14 19:26:00",
  "value" : "10"
},{
  "dateTime" : "05/24/14 20:38:00",
  "value" : "10"
},{
  "dateTime" : "05/24/14 20:39:00",
  "value" : "10"
},{
  "dateTime" : "05/24/14 21:28:00",
  "value" : "10"
},{
  "dateTime" : "05/24/14 21:29:00",
  "value" : "10"
},{
  "dateTime" : "05/24/14 23:11:00",
  "value" : "10"
},{
  "dateTime" : "05/25/14 00:56:00",
  "value" : "10"
},{
  "dateTime" : "05/25/14 00:57:00",
  "value" : "10"
},{
  "dateTime" : "05/25/14 09:26:00",
  "value" : "10"
},{
  "dateTime" : "05/25/14 12:27:00",
  "value" : "10"
},{
  "dateTime" : "05/25/14 12:28:00",
  "value" : "10"
},{
  "dateTime" : "05/25/14 15:11:00",
  "value" : "20"
},{
  "dateTime" : "05/25/14 15:12:00",
  "value" : "10"
},{
  "dateTime" : "05/25/14 15:29:00",
  "value" : "10"
},{
  "dateTime" : "05/25/14 16:35:00",
  "value" : "10"
},{
  "dateTime" : "05/25/14 17:45:00",
  "value" : "10"
},{
  "dateTime" : "05/25/14 18:31:00",
  "value" : "10"
},{
  "dateTime" : "05/25/14 23:27:00",
  "value" : "10"
},{
  "dateTime" : "05/26/14 09:37:00",
  "value" : "10"
},{
  "dateTime" : "05/26/14 12:44:00",
  "value" : "10"
},{
  "dateTime" : "05/26/14 12:50:00",
  "value" : "10"
},{
  "dateTime" : "05/26/14 15:11:00",
  "value" : "10"
},{
  "dateTime" : "05/26/14 15:12:00",
  "value" : "10"
},{
  "dateTime" : "05/26/14 15:40:00",
  "value" : "10"
},{
  "dateTime" : "05/26/14 15:42:00",
  "value" : "10"
},{
  "dateTime" : "05/26/14 16:12:00",
  "value" : "10"
},{
  "dateTime" : "05/26/14 18:03:00",
  "value" : "10"
},{
  "dateTime" : "05/26/14 18:11:00",
  "value" : "10"
},{
  "dateTime" : "05/26/14 20:23:00",
  "value" : "10"
},{
  "dateTime" : "05/26/14 22:34:00",
  "value" : "10"
},{
  "dateTime" : "05/27/14 08:15:00",
  "value" : "10"
},{
  "dateTime" : "05/27/14 08:36:00",
  "value" : "10"
},{
  "dateTime" : "05/27/14 08:55:00",
  "value" : "10"
},{
  "dateTime" : "05/27/14 09:21:00",
  "value" : "10"
},{
  "dateTime" : "05/27/14 09:22:00",
  "value" : "10"
},{
  "dateTime" : "05/27/14 09:44:00",
  "value" : "10"
},{
  "dateTime" : "05/27/14 11:31:00",
  "value" : "10"
},{
  "dateTime" : "05/27/14 11:51:00",
  "value" : "10"
},{
  "dateTime" : "05/27/14 11:52:00",
  "value" : "10"
},{
  "dateTime" : "05/27/14 11:59:00",
  "value" : "10"
},{
  "dateTime" : "05/27/14 14:54:00",
  "value" : "10"
},{
  "dateTime" : "05/27/14 14:57:00",
  "value" : "10"
},{
  "dateTime" : "05/27/14 14:58:00",
  "value" : "10"
},{
  "dateTime" : "05/27/14 15:28:00",
  "value" : "10"
},{
  "dateTime" : "05/27/14 15:36:00",
  "value" : "10"
},{
  "dateTime" : "05/27/14 15:37:00",
  "value" : "20"
},{
  "dateTime" : "05/27/14 15:56:00",
  "value" : "10"
},{
  "dateTime" : "05/27/14 17:03:00",
  "value" : "10"
},{
  "dateTime" : "05/27/14 17:04:00",
  "value" : "10"
},{
  "dateTime" : "05/27/14 17:05:00",
  "value" : "10"
},{
  "dateTime" : "05/27/14 17:06:00",
  "value" : "10"
},{
  "dateTime" : "05/27/14 17:07:00",
  "value" : "10"
},{
  "dateTime" : "05/27/14 17:08:00",
  "value" : "20"
},{
  "dateTime" : "05/27/14 18:44:00",
  "value" : "10"
},{
  "dateTime" : "05/27/14 19:05:00",
  "value" : "10"
},{
  "dateTime" : "05/27/14 19:06:00",
  "value" : "10"
},{
  "dateTime" : "05/27/14 19:57:00",
  "value" : "10"
},{
  "dateTime" : "05/27/14 20:57:00",
  "value" : "20"
},{
  "dateTime" : "05/27/14 21:17:00",
  "value" : "10"
},{
  "dateTime" : "05/27/14 21:18:00",
  "value" : "10"
},{
  "dateTime" : "05/27/14 23:56:00",
  "value" : "10"
},{
  "dateTime" : "05/28/14 01:13:00",
  "value" : "10"
},{
  "dateTime" : "05/28/14 08:18:00",
  "value" : "10"
},{
  "dateTime" : "05/28/14 09:21:00",
  "value" : "10"
},{
  "dateTime" : "05/28/14 09:22:00",
  "value" : "20"
},{
  "dateTime" : "05/28/14 09:38:00",
  "value" : "10"
},{
  "dateTime" : "05/28/14 10:40:00",
  "value" : "10"
},{
  "dateTime" : "05/28/14 10:48:00",
  "value" : "10"
},{
  "dateTime" : "05/28/14 10:49:00",
  "value" : "10"
},{
  "dateTime" : "05/28/14 11:57:00",
  "value" : "10"
},{
  "dateTime" : "05/28/14 15:01:00",
  "value" : "10"
},{
  "dateTime" : "05/28/14 15:14:00",
  "value" : "10"
},{
  "dateTime" : "05/28/14 15:27:00",
  "value" : "10"
},{
  "dateTime" : "05/28/14 18:20:00",
  "value" : "10"
},{
  "dateTime" : "05/28/14 18:23:00",
  "value" : "10"
},{
  "dateTime" : "05/28/14 22:15:00",
  "value" : "10"
},{
  "dateTime" : "05/29/14 08:14:00",
  "value" : "10"
},{
  "dateTime" : "05/29/14 09:37:00",
  "value" : "10"
},{
  "dateTime" : "05/29/14 09:38:00",
  "value" : "10"
},{
  "dateTime" : "05/29/14 09:56:00",
  "value" : "10"
},{
  "dateTime" : "05/29/14 10:09:00",
  "value" : "10"
},{
  "dateTime" : "05/29/14 10:26:00",
  "value" : "10"
},{
  "dateTime" : "05/29/14 13:15:00",
  "value" : "10"
},{
  "dateTime" : "05/29/14 13:16:00",
  "value" : "10"
},{
  "dateTime" : "05/29/14 13:45:00",
  "value" : "10"
},{
  "dateTime" : "05/29/14 14:33:00",
  "value" : "10"
},{
  "dateTime" : "05/29/14 14:34:00",
  "value" : "10"
},{
  "dateTime" : "05/29/14 15:06:00",
  "value" : "20"
},{
  "dateTime" : "05/29/14 15:51:00",
  "value" : "10"
},{
  "dateTime" : "05/29/14 15:52:00",
  "value" : "10"
},{
  "dateTime" : "05/29/14 15:53:00",
  "value" : "10"
},{
  "dateTime" : "05/29/14 16:29:00",
  "value" : "10"
},{
  "dateTime" : "05/29/14 16:30:00",
  "value" : "10"
},{
  "dateTime" : "05/29/14 16:31:00",
  "value" : "10"
},{
  "dateTime" : "05/29/14 16:32:00",
  "value" : "10"
},{
  "dateTime" : "05/29/14 16:53:00",
  "value" : "10"
},{
  "dateTime" : "05/29/14 16:54:00",
  "value" : "10"
},{
  "dateTime" : "05/29/14 18:34:00",
  "value" : "10"
},{
  "dateTime" : "05/29/14 19:49:00",
  "value" : "10"
},{
  "dateTime" : "05/29/14 20:14:00",
  "value" : "10"
},{
  "dateTime" : "05/30/14 08:24:00",
  "value" : "10"
},{
  "dateTime" : "05/30/14 09:07:00",
  "value" : "10"
},{
  "dateTime" : "05/30/14 09:17:00",
  "value" : "20"
},{
  "dateTime" : "05/30/14 09:54:00",
  "value" : "10"
},{
  "dateTime" : "05/30/14 10:20:00",
  "value" : "10"
},{
  "dateTime" : "05/30/14 10:28:00",
  "value" : "10"
},{
  "dateTime" : "05/30/14 10:31:00",
  "value" : "10"
},{
  "dateTime" : "05/30/14 10:43:00",
  "value" : "10"
},{
  "dateTime" : "05/30/14 11:20:00",
  "value" : "10"
},{
  "dateTime" : "05/30/14 11:46:00",
  "value" : "10"
},{
  "dateTime" : "05/30/14 12:42:00",
  "value" : "10"
},{
  "dateTime" : "05/30/14 13:05:00",
  "value" : "10"
},{
  "dateTime" : "05/30/14 13:21:00",
  "value" : "10"
},{
  "dateTime" : "05/30/14 14:10:00",
  "value" : "10"
},{
  "dateTime" : "05/30/14 16:35:00",
  "value" : "10"
},{
  "dateTime" : "05/30/14 16:36:00",
  "value" : "10"
},{
  "dateTime" : "05/30/14 17:27:00",
  "value" : "10"
},{
  "dateTime" : "05/30/14 17:32:00",
  "value" : "10"
},{
  "dateTime" : "05/30/14 17:33:00",
  "value" : "20"
},{
  "dateTime" : "05/30/14 18:04:00",
  "value" : "10"
},{
  "dateTime" : "05/31/14 00:48:00",
  "value" : "10"
},{
  "dateTime" : "05/31/14 09:05:00",
  "value" : "10"
},{
  "dateTime" : "05/31/14 12:50:00",
  "value" : "10"
},{
  "dateTime" : "05/31/14 15:13:00",
  "value" : "10"
},{
  "dateTime" : "05/31/14 15:40:00",
  "value" : "10"
},{
  "dateTime" : "05/31/14 17:07:00",
  "value" : "10"
},{
  "dateTime" : "05/31/14 20:42:00",
  "value" : "10"
},{
  "dateTime" : "05/31/14 20:50:00",
  "value" : "10"
},{
  "dateTime" : "05/31/14 20:51:00",
  "value" : "10"
},{
  "dateTime" : "06/01/14 09:23:00",
  "value" : "10"
},{
  "dateTime" : "06/01/14 10:54:00",
  "value" : "10"
},{
  "dateTime" : "06/01/14 11:32:00",
  "value" : "10"
},{
  "dateTime" : "06/01/14 11:33:00",
  "value" : "10"
},{
  "dateTime" : "06/01/14 11:34:00",
  "value" : "10"
},{
  "dateTime" : "06/01/14 16:27:00",
  "value" : "10"
},{
  "dateTime" : "06/01/14 16:58:00",
  "value" : "10"
},{
  "dateTime" : "06/01/14 17:44:00",
  "value" : "10"
},{
  "dateTime" : "06/01/14 17:45:00",
  "value" : "10"
},{
  "dateTime" : "06/01/14 19:41:00",
  "value" : "10"
},{
  "dateTime" : "06/01/14 20:34:00",
  "value" : "10"
},{
  "dateTime" : "06/01/14 21:04:00",
  "value" : "10"
},{
  "dateTime" : "06/01/14 21:40:00",
  "value" : "10"
},{
  "dateTime" : "06/02/14 08:45:00",
  "value" : "10"
},{
  "dateTime" : "06/02/14 08:46:00",
  "value" : "10"
},{
  "dateTime" : "06/02/14 10:24:00",
  "value" : "10"
},{
  "dateTime" : "06/02/14 10:40:00",
  "value" : "10"
},{
  "dateTime" : "06/02/14 11:29:00",
  "value" : "10"
},{
  "dateTime" : "06/02/14 12:23:00",
  "value" : "10"
},{
  "dateTime" : "06/02/14 12:24:00",
  "value" : "10"
},{
  "dateTime" : "06/02/14 12:53:00",
  "value" : "10"
},{
  "dateTime" : "06/02/14 13:33:00",
  "value" : "10"
},{
  "dateTime" : "06/02/14 14:04:00",
  "value" : "10"
},{
  "dateTime" : "06/02/14 14:05:00",
  "value" : "10"
},{
  "dateTime" : "06/02/14 14:06:00",
  "value" : "10"
},{
  "dateTime" : "06/02/14 15:41:00",
  "value" : "10"
},{
  "dateTime" : "06/02/14 15:51:00",
  "value" : "10"
},{
  "dateTime" : "06/02/14 16:38:00",
  "value" : "10"
},{
  "dateTime" : "06/02/14 17:48:00",
  "value" : "10"
},{
  "dateTime" : "06/02/14 19:17:00",
  "value" : "10"
},{
  "dateTime" : "06/02/14 19:18:00",
  "value" : "10"
},{
  "dateTime" : "06/02/14 19:51:00",
  "value" : "10"
},{
  "dateTime" : "06/02/14 20:15:00",
  "value" : "10"
},{
  "dateTime" : "06/02/14 20:54:00",
  "value" : "10"
},{
  "dateTime" : "06/02/14 20:55:00",
  "value" : "10"
},{
  "dateTime" : "06/03/14 00:37:00",
  "value" : "10"
},{
  "dateTime" : "06/03/14 05:47:00",
  "value" : "10"
},{
  "dateTime" : "06/03/14 08:11:00",
  "value" : "10"
},{
  "dateTime" : "06/03/14 08:13:00",
  "value" : "10"
},{
  "dateTime" : "06/03/14 08:34:00",
  "value" : "10"
},{
  "dateTime" : "06/03/14 08:50:00",
  "value" : "10"
},{
  "dateTime" : "06/03/14 08:51:00",
  "value" : "10"
},{
  "dateTime" : "06/03/14 11:53:00",
  "value" : "10"
},{
  "dateTime" : "06/03/14 14:16:00",
  "value" : "10"
},{
  "dateTime" : "06/03/14 15:51:00",
  "value" : "50"
},{
  "dateTime" : "06/03/14 15:52:00",
  "value" : "40"
},{
  "dateTime" : "06/03/14 16:22:00",
  "value" : "10"
},{
  "dateTime" : "06/03/14 19:59:00",
  "value" : "10"
},{
  "dateTime" : "06/04/14 02:20:00",
  "value" : "10"
},{
  "dateTime" : "06/04/14 10:57:00",
  "value" : "10"
},{
  "dateTime" : "06/04/14 11:01:00",
  "value" : "10"
},{
  "dateTime" : "06/04/14 12:37:00",
  "value" : "10"
},{
  "dateTime" : "06/04/14 12:58:00",
  "value" : "10"
},{
  "dateTime" : "06/04/14 12:59:00",
  "value" : "10"
},{
  "dateTime" : "06/04/14 13:12:00",
  "value" : "10"
},{
  "dateTime" : "06/04/14 14:22:00",
  "value" : "10"
},{
  "dateTime" : "06/04/14 14:48:00",
  "value" : "10"
},{
  "dateTime" : "06/04/14 15:10:00",
  "value" : "10"
},{
  "dateTime" : "06/04/14 15:29:00",
  "value" : "10"
},{
  "dateTime" : "06/04/14 15:49:00",
  "value" : "10"
},{
  "dateTime" : "06/04/14 16:43:00",
  "value" : "10"
},{
  "dateTime" : "06/04/14 17:19:00",
  "value" : "10"
},{
  "dateTime" : "06/04/14 17:36:00",
  "value" : "10"
},{
  "dateTime" : "06/04/14 20:13:00",
  "value" : "10"
},{
  "dateTime" : "06/04/14 20:14:00",
  "value" : "10"
},{
  "dateTime" : "06/04/14 20:15:00",
  "value" : "10"
},{
  "dateTime" : "06/04/14 20:50:00",
  "value" : "20"
},{
  "dateTime" : "06/04/14 21:34:00",
  "value" : "10"
},{
  "dateTime" : "06/04/14 21:35:00",
  "value" : "10"
},{
  "dateTime" : "06/04/14 23:14:00",
  "value" : "10"
},{
  "dateTime" : "06/05/14 02:27:00",
  "value" : "10"
},{
  "dateTime" : "06/05/14 08:56:00",
  "value" : "20"
},{
  "dateTime" : "06/05/14 17:59:00",
  "value" : "10"
},{
  "dateTime" : "06/05/14 18:16:00",
  "value" : "10"
},{
  "dateTime" : "06/05/14 19:41:00",
  "value" : "10"
},{
  "dateTime" : "06/05/14 19:42:00",
  "value" : "10"
},{
  "dateTime" : "06/05/14 21:45:00",
  "value" : "10"
},{
  "dateTime" : "06/06/14 00:44:00",
  "value" : "10"
},{
  "dateTime" : "06/06/14 05:50:00",
  "value" : "10"
},{
  "dateTime" : "06/06/14 07:55:00",
  "value" : "10"
},{
  "dateTime" : "06/06/14 07:57:00",
  "value" : "10"
},{
  "dateTime" : "06/06/14 08:42:00",
  "value" : "10"
},{
  "dateTime" : "06/06/14 08:43:00",
  "value" : "10"
},{
  "dateTime" : "06/06/14 10:34:00",
  "value" : "10"
},{
  "dateTime" : "06/06/14 12:24:00",
  "value" : "10"
},{
  "dateTime" : "06/06/14 13:10:00",
  "value" : "10"
},{
  "dateTime" : "06/06/14 17:17:00",
  "value" : "10"
},{
  "dateTime" : "06/06/14 17:53:00",
  "value" : "10"
},{
  "dateTime" : "06/06/14 17:54:00",
  "value" : "10"
},{
  "dateTime" : "06/06/14 19:59:00",
  "value" : "10"
},{
  "dateTime" : "06/06/14 20:00:00",
  "value" : "10"
},{
  "dateTime" : "06/06/14 20:16:00",
  "value" : "10"
},{
  "dateTime" : "06/06/14 20:32:00",
  "value" : "10"
},{
  "dateTime" : "06/06/14 21:21:00",
  "value" : "10"
},{
  "dateTime" : "06/06/14 22:48:00",
  "value" : "10"
},{
  "dateTime" : "06/07/14 03:25:00",
  "value" : "10"
},{
  "dateTime" : "06/07/14 06:41:00",
  "value" : "10"
},{
  "dateTime" : "06/07/14 08:16:00",
  "value" : "10"
},{
  "dateTime" : "06/07/14 08:17:00",
  "value" : "10"
},{
  "dateTime" : "06/07/14 09:06:00",
  "value" : "10"
},{
  "dateTime" : "06/07/14 09:44:00",
  "value" : "10"
},{
  "dateTime" : "06/07/14 10:04:00",
  "value" : "10"
},{
  "dateTime" : "06/07/14 16:08:00",
  "value" : "10"
},{
  "dateTime" : "06/07/14 16:16:00",
  "value" : "10"
},{
  "dateTime" : "06/07/14 19:52:00",
  "value" : "10"
},{
  "dateTime" : "06/07/14 22:36:00",
  "value" : "10"
},{
  "dateTime" : "06/07/14 22:44:00",
  "value" : "10"
},{
  "dateTime" : "06/08/14 11:44:00",
  "value" : "10"
},{
  "dateTime" : "06/08/14 12:42:00",
  "value" : "10"
},{
  "dateTime" : "06/08/14 13:15:00",
  "value" : "10"
},{
  "dateTime" : "06/08/14 13:23:00",
  "value" : "10"
},{
  "dateTime" : "06/08/14 13:29:00",
  "value" : "10"
},{
  "dateTime" : "06/08/14 13:30:00",
  "value" : "10"
},{
  "dateTime" : "06/08/14 13:52:00",
  "value" : "10"
},{
  "dateTime" : "06/08/14 14:06:00",
  "value" : "10"
},{
  "dateTime" : "06/08/14 14:07:00",
  "value" : "10"
},{
  "dateTime" : "06/08/14 15:18:00",
  "value" : "10"
},{
  "dateTime" : "06/08/14 15:49:00",
  "value" : "10"
},{
  "dateTime" : "06/08/14 15:50:00",
  "value" : "10"
},{
  "dateTime" : "06/08/14 17:04:00",
  "value" : "10"
},{
  "dateTime" : "06/08/14 17:33:00",
  "value" : "10"
},{
  "dateTime" : "06/08/14 18:29:00",
  "value" : "10"
},{
  "dateTime" : "06/08/14 19:11:00",
  "value" : "10"
},{
  "dateTime" : "06/08/14 20:25:00",
  "value" : "10"
},{
  "dateTime" : "06/08/14 21:38:00",
  "value" : "10"
},{
  "dateTime" : "06/08/14 22:54:00",
  "value" : "10"
},{
  "dateTime" : "06/09/14 05:47:00",
  "value" : "10"
},{
  "dateTime" : "06/09/14 08:55:00",
  "value" : "10"
},{
  "dateTime" : "06/09/14 09:52:00",
  "value" : "10"
},{
  "dateTime" : "06/09/14 14:03:00",
  "value" : "10"
},{
  "dateTime" : "06/09/14 15:33:00",
  "value" : "20"
},{
  "dateTime" : "06/09/14 16:33:00",
  "value" : "10"
},{
  "dateTime" : "06/09/14 16:34:00",
  "value" : "10"
},{
  "dateTime" : "06/09/14 17:11:00",
  "value" : "10"
},{
  "dateTime" : "06/09/14 17:45:00",
  "value" : "10"
},{
  "dateTime" : "06/09/14 17:46:00",
  "value" : "10"
},{
  "dateTime" : "06/09/14 18:05:00",
  "value" : "10"
},{
  "dateTime" : "06/09/14 18:06:00",
  "value" : "10"
},{
  "dateTime" : "06/09/14 19:18:00",
  "value" : "10"
},{
  "dateTime" : "06/09/14 20:32:00",
  "value" : "10"
},{
  "dateTime" : "06/09/14 22:30:00",
  "value" : "10"
},{
  "dateTime" : "06/09/14 23:05:00",
  "value" : "10"
},{
  "dateTime" : "06/10/14 05:50:00",
  "value" : "10"
},{
  "dateTime" : "06/10/14 08:43:00",
  "value" : "10"
},{
  "dateTime" : "06/10/14 11:24:00",
  "value" : "10"
},{
  "dateTime" : "06/10/14 12:20:00",
  "value" : "10"
},{
  "dateTime" : "06/10/14 14:43:00",
  "value" : "10"
},{
  "dateTime" : "06/10/14 14:54:00",
  "value" : "10"
},{
  "dateTime" : "06/10/14 14:55:00",
  "value" : "10"
},{
  "dateTime" : "06/10/14 14:56:00",
  "value" : "10"
},{
  "dateTime" : "06/10/14 14:57:00",
  "value" : "20"
},{
  "dateTime" : "06/10/14 14:58:00",
  "value" : "20"
},{
  "dateTime" : "06/10/14 15:16:00",
  "value" : "20"
},{
  "dateTime" : "06/10/14 15:24:00",
  "value" : "10"
},{
  "dateTime" : "06/10/14 15:40:00",
  "value" : "20"
},{
  "dateTime" : "06/10/14 16:15:00",
  "value" : "10"
},{
  "dateTime" : "06/10/14 16:16:00",
  "value" : "10"
},{
  "dateTime" : "06/10/14 16:23:00",
  "value" : "10"
},{
  "dateTime" : "06/10/14 16:39:00",
  "value" : "10"
},{
  "dateTime" : "06/10/14 18:04:00",
  "value" : "10"
},{
  "dateTime" : "06/10/14 18:05:00",
  "value" : "10"
},{
  "dateTime" : "06/10/14 18:32:00",
  "value" : "10"
},{
  "dateTime" : "06/10/14 19:15:00",
  "value" : "10"
},{
  "dateTime" : "06/11/14 08:11:00",
  "value" : "10"
},{
  "dateTime" : "06/11/14 09:37:00",
  "value" : "10"
},{
  "dateTime" : "06/11/14 09:38:00",
  "value" : "10"
},{
  "dateTime" : "06/11/14 09:47:00",
  "value" : "10"
},{
  "dateTime" : "06/11/14 11:01:00",
  "value" : "10"
},{
  "dateTime" : "06/11/14 11:02:00",
  "value" : "10"
},{
  "dateTime" : "06/11/14 11:03:00",
  "value" : "10"
},{
  "dateTime" : "06/11/14 11:50:00",
  "value" : "10"
},{
  "dateTime" : "06/11/14 15:22:00",
  "value" : "10"
},{
  "dateTime" : "06/11/14 16:52:00",
  "value" : "10"
},{
  "dateTime" : "06/11/14 17:45:00",
  "value" : "10"
},{
  "dateTime" : "06/11/14 18:06:00",
  "value" : "10"
},{
  "dateTime" : "06/11/14 18:40:00",
  "value" : "10"
},{
  "dateTime" : "06/11/14 18:48:00",
  "value" : "10"
},{
  "dateTime" : "06/11/14 19:38:00",
  "value" : "10"
},{
  "dateTime" : "06/11/14 21:20:00",
  "value" : "10"
},{
  "dateTime" : "06/11/14 21:33:00",
  "value" : "10"
},{
  "dateTime" : "06/12/14 07:50:00",
  "value" : "10"
},{
  "dateTime" : "06/12/14 08:37:00",
  "value" : "10"
},{
  "dateTime" : "06/12/14 08:38:00",
  "value" : "10"
},{
  "dateTime" : "06/12/14 08:39:00",
  "value" : "10"
},{
  "dateTime" : "06/12/14 09:09:00",
  "value" : "10"
},{
  "dateTime" : "06/12/14 12:32:00",
  "value" : "10"
},{
  "dateTime" : "06/12/14 12:33:00",
  "value" : "20"
},{
  "dateTime" : "06/12/14 12:34:00",
  "value" : "10"
},{
  "dateTime" : "06/12/14 16:11:00",
  "value" : "10"
},{
  "dateTime" : "06/12/14 16:12:00",
  "value" : "10"
},{
  "dateTime" : "06/12/14 18:29:00",
  "value" : "10"
},{
  "dateTime" : "06/12/14 20:03:00",
  "value" : "10"
},{
  "dateTime" : "06/12/14 20:43:00",
  "value" : "10"
},{
  "dateTime" : "06/13/14 09:40:00",
  "value" : "10"
},{
  "dateTime" : "06/13/14 10:50:00",
  "value" : "10"
},{
  "dateTime" : "06/13/14 11:22:00",
  "value" : "10"
},{
  "dateTime" : "06/13/14 12:58:00",
  "value" : "10"
},{
  "dateTime" : "06/13/14 14:36:00",
  "value" : "10"
},{
  "dateTime" : "06/13/14 17:41:00",
  "value" : "20"
},{
  "dateTime" : "06/13/14 19:52:00",
  "value" : "10"
},{
  "dateTime" : "06/13/14 19:53:00",
  "value" : "10"
},{
  "dateTime" : "06/13/14 20:17:00",
  "value" : "10"
},{
  "dateTime" : "06/13/14 20:59:00",
  "value" : "10"
}]