[{
  "dateTime" : "10/01/16 15:09:00",
  "value" : "10"
},{
  "dateTime" : "10/01/16 15:10:00",
  "value" : "10"
},{
  "dateTime" : "10/01/16 15:27:00",
  "value" : "10"
},{
  "dateTime" : "10/01/16 20:12:00",
  "value" : "10"
},{
  "dateTime" : "10/01/16 20:13:00",
  "value" : "10"
},{
  "dateTime" : "10/01/16 20:47:00",
  "value" : "10"
},{
  "dateTime" : "10/02/16 08:35:00",
  "value" : "10"
},{
  "dateTime" : "10/02/16 12:08:00",
  "value" : "20"
},{
  "dateTime" : "10/02/16 18:16:00",
  "value" : "10"
},{
  "dateTime" : "10/02/16 18:51:00",
  "value" : "10"
},{
  "dateTime" : "10/02/16 21:13:00",
  "value" : "10"
},{
  "dateTime" : "10/02/16 22:58:00",
  "value" : "10"
},{
  "dateTime" : "10/02/16 22:59:00",
  "value" : "10"
},{
  "dateTime" : "10/02/16 23:00:00",
  "value" : "10"
},{
  "dateTime" : "10/03/16 07:18:00",
  "value" : "10"
},{
  "dateTime" : "10/03/16 07:52:00",
  "value" : "10"
},{
  "dateTime" : "10/03/16 08:54:00",
  "value" : "10"
},{
  "dateTime" : "10/03/16 10:43:00",
  "value" : "10"
},{
  "dateTime" : "10/03/16 10:44:00",
  "value" : "10"
},{
  "dateTime" : "10/03/16 10:45:00",
  "value" : "10"
},{
  "dateTime" : "10/03/16 11:52:00",
  "value" : "10"
},{
  "dateTime" : "10/03/16 11:53:00",
  "value" : "10"
},{
  "dateTime" : "10/03/16 11:54:00",
  "value" : "10"
},{
  "dateTime" : "10/03/16 11:55:00",
  "value" : "10"
},{
  "dateTime" : "10/03/16 12:30:00",
  "value" : "10"
},{
  "dateTime" : "10/03/16 13:36:00",
  "value" : "10"
},{
  "dateTime" : "10/03/16 14:26:00",
  "value" : "10"
},{
  "dateTime" : "10/03/16 14:27:00",
  "value" : "10"
},{
  "dateTime" : "10/03/16 14:56:00",
  "value" : "20"
},{
  "dateTime" : "10/03/16 17:45:00",
  "value" : "30"
},{
  "dateTime" : "10/03/16 22:32:00",
  "value" : "10"
},{
  "dateTime" : "10/03/16 22:36:00",
  "value" : "10"
},{
  "dateTime" : "10/03/16 23:10:00",
  "value" : "10"
},{
  "dateTime" : "10/04/16 09:59:00",
  "value" : "10"
},{
  "dateTime" : "10/04/16 11:04:00",
  "value" : "20"
},{
  "dateTime" : "10/04/16 12:20:00",
  "value" : "10"
},{
  "dateTime" : "10/04/16 12:21:00",
  "value" : "20"
},{
  "dateTime" : "10/04/16 12:22:00",
  "value" : "10"
},{
  "dateTime" : "10/04/16 14:09:00",
  "value" : "10"
},{
  "dateTime" : "10/04/16 15:19:00",
  "value" : "10"
},{
  "dateTime" : "10/04/16 15:20:00",
  "value" : "10"
},{
  "dateTime" : "10/04/16 15:58:00",
  "value" : "20"
},{
  "dateTime" : "10/04/16 15:59:00",
  "value" : "10"
},{
  "dateTime" : "10/04/16 22:43:00",
  "value" : "20"
},{
  "dateTime" : "10/04/16 22:44:00",
  "value" : "10"
},{
  "dateTime" : "10/04/16 22:45:00",
  "value" : "10"
},{
  "dateTime" : "10/05/16 08:53:00",
  "value" : "10"
},{
  "dateTime" : "10/05/16 11:17:00",
  "value" : "20"
},{
  "dateTime" : "10/05/16 14:54:00",
  "value" : "10"
},{
  "dateTime" : "10/05/16 17:29:00",
  "value" : "10"
},{
  "dateTime" : "10/05/16 17:30:00",
  "value" : "20"
},{
  "dateTime" : "10/05/16 20:32:00",
  "value" : "10"
},{
  "dateTime" : "10/05/16 20:33:00",
  "value" : "30"
},{
  "dateTime" : "10/05/16 21:26:00",
  "value" : "10"
},{
  "dateTime" : "10/06/16 05:09:00",
  "value" : "10"
},{
  "dateTime" : "10/06/16 12:52:00",
  "value" : "10"
},{
  "dateTime" : "10/06/16 17:21:00",
  "value" : "10"
},{
  "dateTime" : "10/06/16 20:33:00",
  "value" : "10"
},{
  "dateTime" : "10/07/16 13:33:00",
  "value" : "10"
},{
  "dateTime" : "10/07/16 14:55:00",
  "value" : "10"
},{
  "dateTime" : "10/08/16 07:39:00",
  "value" : "10"
},{
  "dateTime" : "10/08/16 13:15:00",
  "value" : "10"
},{
  "dateTime" : "10/08/16 14:34:00",
  "value" : "10"
},{
  "dateTime" : "10/08/16 15:30:00",
  "value" : "10"
},{
  "dateTime" : "10/08/16 15:46:00",
  "value" : "10"
},{
  "dateTime" : "10/08/16 15:47:00",
  "value" : "10"
},{
  "dateTime" : "10/08/16 17:32:00",
  "value" : "10"
},{
  "dateTime" : "10/08/16 18:51:00",
  "value" : "10"
},{
  "dateTime" : "10/08/16 21:35:00",
  "value" : "10"
},{
  "dateTime" : "10/09/16 14:38:00",
  "value" : "10"
},{
  "dateTime" : "10/09/16 15:52:00",
  "value" : "10"
},{
  "dateTime" : "10/09/16 16:19:00",
  "value" : "10"
},{
  "dateTime" : "10/09/16 19:14:00",
  "value" : "10"
},{
  "dateTime" : "10/09/16 19:46:00",
  "value" : "10"
},{
  "dateTime" : "10/09/16 19:47:00",
  "value" : "10"
},{
  "dateTime" : "10/09/16 20:24:00",
  "value" : "10"
},{
  "dateTime" : "10/09/16 20:25:00",
  "value" : "10"
},{
  "dateTime" : "10/09/16 23:34:00",
  "value" : "10"
},{
  "dateTime" : "10/10/16 11:49:00",
  "value" : "10"
},{
  "dateTime" : "10/10/16 12:35:00",
  "value" : "10"
},{
  "dateTime" : "10/10/16 13:14:00",
  "value" : "10"
},{
  "dateTime" : "10/10/16 19:10:00",
  "value" : "10"
},{
  "dateTime" : "10/10/16 20:54:00",
  "value" : "10"
},{
  "dateTime" : "10/11/16 21:23:00",
  "value" : "10"
},{
  "dateTime" : "10/12/16 09:22:00",
  "value" : "10"
},{
  "dateTime" : "10/12/16 10:44:00",
  "value" : "10"
},{
  "dateTime" : "10/12/16 11:16:00",
  "value" : "10"
},{
  "dateTime" : "10/12/16 11:17:00",
  "value" : "30"
},{
  "dateTime" : "10/12/16 14:45:00",
  "value" : "10"
},{
  "dateTime" : "10/12/16 14:46:00",
  "value" : "10"
},{
  "dateTime" : "10/12/16 17:23:00",
  "value" : "10"
},{
  "dateTime" : "10/12/16 17:24:00",
  "value" : "10"
},{
  "dateTime" : "10/12/16 17:25:00",
  "value" : "10"
},{
  "dateTime" : "10/12/16 20:48:00",
  "value" : "10"
},{
  "dateTime" : "10/12/16 20:49:00",
  "value" : "20"
},{
  "dateTime" : "10/12/16 21:14:00",
  "value" : "10"
},{
  "dateTime" : "10/13/16 00:33:00",
  "value" : "10"
},{
  "dateTime" : "10/13/16 00:34:00",
  "value" : "10"
},{
  "dateTime" : "10/13/16 06:40:00",
  "value" : "10"
},{
  "dateTime" : "10/13/16 13:31:00",
  "value" : "10"
},{
  "dateTime" : "10/13/16 13:59:00",
  "value" : "20"
},{
  "dateTime" : "10/13/16 15:28:00",
  "value" : "10"
},{
  "dateTime" : "10/13/16 16:42:00",
  "value" : "10"
},{
  "dateTime" : "10/13/16 21:37:00",
  "value" : "10"
},{
  "dateTime" : "10/13/16 21:45:00",
  "value" : "10"
},{
  "dateTime" : "10/13/16 22:13:00",
  "value" : "10"
},{
  "dateTime" : "10/14/16 08:11:00",
  "value" : "10"
},{
  "dateTime" : "10/14/16 08:12:00",
  "value" : "10"
},{
  "dateTime" : "10/14/16 08:13:00",
  "value" : "10"
},{
  "dateTime" : "10/14/16 10:00:00",
  "value" : "10"
},{
  "dateTime" : "10/14/16 12:54:00",
  "value" : "10"
},{
  "dateTime" : "10/15/16 00:24:00",
  "value" : "10"
},{
  "dateTime" : "10/15/16 14:11:00",
  "value" : "10"
},{
  "dateTime" : "10/15/16 15:08:00",
  "value" : "10"
},{
  "dateTime" : "10/15/16 15:09:00",
  "value" : "10"
},{
  "dateTime" : "10/15/16 15:10:00",
  "value" : "20"
},{
  "dateTime" : "10/15/16 15:27:00",
  "value" : "10"
},{
  "dateTime" : "10/15/16 15:28:00",
  "value" : "10"
},{
  "dateTime" : "10/15/16 15:57:00",
  "value" : "20"
},{
  "dateTime" : "10/15/16 18:36:00",
  "value" : "10"
},{
  "dateTime" : "10/15/16 18:44:00",
  "value" : "10"
},{
  "dateTime" : "10/15/16 22:34:00",
  "value" : "10"
},{
  "dateTime" : "10/16/16 10:26:00",
  "value" : "10"
},{
  "dateTime" : "10/16/16 12:30:00",
  "value" : "10"
},{
  "dateTime" : "10/16/16 12:38:00",
  "value" : "10"
},{
  "dateTime" : "10/16/16 17:58:00",
  "value" : "10"
},{
  "dateTime" : "10/16/16 18:35:00",
  "value" : "20"
},{
  "dateTime" : "10/16/16 19:11:00",
  "value" : "10"
},{
  "dateTime" : "10/16/16 19:51:00",
  "value" : "10"
},{
  "dateTime" : "10/17/16 11:19:00",
  "value" : "10"
},{
  "dateTime" : "10/17/16 12:02:00",
  "value" : "10"
},{
  "dateTime" : "10/17/16 12:03:00",
  "value" : "10"
},{
  "dateTime" : "10/17/16 16:30:00",
  "value" : "10"
},{
  "dateTime" : "10/17/16 16:31:00",
  "value" : "10"
},{
  "dateTime" : "10/17/16 17:10:00",
  "value" : "10"
},{
  "dateTime" : "10/17/16 17:11:00",
  "value" : "10"
},{
  "dateTime" : "10/17/16 18:24:00",
  "value" : "20"
},{
  "dateTime" : "10/17/16 18:44:00",
  "value" : "20"
},{
  "dateTime" : "10/17/16 19:22:00",
  "value" : "10"
},{
  "dateTime" : "10/17/16 20:00:00",
  "value" : "10"
},{
  "dateTime" : "10/17/16 20:01:00",
  "value" : "10"
},{
  "dateTime" : "10/17/16 20:02:00",
  "value" : "10"
},{
  "dateTime" : "10/17/16 20:18:00",
  "value" : "10"
},{
  "dateTime" : "10/18/16 08:49:00",
  "value" : "10"
},{
  "dateTime" : "10/18/16 09:48:00",
  "value" : "10"
},{
  "dateTime" : "10/18/16 15:24:00",
  "value" : "10"
},{
  "dateTime" : "10/18/16 23:56:00",
  "value" : "10"
},{
  "dateTime" : "10/19/16 09:23:00",
  "value" : "20"
},{
  "dateTime" : "10/19/16 14:59:00",
  "value" : "20"
},{
  "dateTime" : "10/19/16 17:54:00",
  "value" : "10"
},{
  "dateTime" : "10/19/16 21:11:00",
  "value" : "10"
},{
  "dateTime" : "10/20/16 04:28:00",
  "value" : "10"
},{
  "dateTime" : "10/20/16 08:40:00",
  "value" : "10"
},{
  "dateTime" : "10/20/16 08:41:00",
  "value" : "10"
},{
  "dateTime" : "10/20/16 09:19:00",
  "value" : "10"
},{
  "dateTime" : "10/20/16 15:28:00",
  "value" : "10"
},{
  "dateTime" : "10/20/16 17:26:00",
  "value" : "10"
},{
  "dateTime" : "10/20/16 17:53:00",
  "value" : "10"
},{
  "dateTime" : "10/20/16 18:31:00",
  "value" : "10"
},{
  "dateTime" : "10/20/16 18:32:00",
  "value" : "10"
},{
  "dateTime" : "10/20/16 19:27:00",
  "value" : "10"
},{
  "dateTime" : "10/20/16 19:28:00",
  "value" : "10"
},{
  "dateTime" : "10/20/16 21:35:00",
  "value" : "10"
},{
  "dateTime" : "10/21/16 08:48:00",
  "value" : "10"
},{
  "dateTime" : "10/21/16 12:18:00",
  "value" : "10"
},{
  "dateTime" : "10/21/16 14:34:00",
  "value" : "10"
},{
  "dateTime" : "10/21/16 16:08:00",
  "value" : "10"
},{
  "dateTime" : "10/21/16 16:09:00",
  "value" : "10"
},{
  "dateTime" : "10/21/16 16:10:00",
  "value" : "10"
},{
  "dateTime" : "10/21/16 17:27:00",
  "value" : "10"
},{
  "dateTime" : "10/21/16 21:38:00",
  "value" : "10"
},{
  "dateTime" : "10/21/16 21:39:00",
  "value" : "10"
},{
  "dateTime" : "10/21/16 23:36:00",
  "value" : "10"
},{
  "dateTime" : "10/22/16 10:34:00",
  "value" : "10"
},{
  "dateTime" : "10/22/16 12:24:00",
  "value" : "10"
},{
  "dateTime" : "10/22/16 14:11:00",
  "value" : "10"
},{
  "dateTime" : "10/22/16 15:18:00",
  "value" : "10"
},{
  "dateTime" : "10/22/16 16:50:00",
  "value" : "10"
},{
  "dateTime" : "10/22/16 17:26:00",
  "value" : "10"
},{
  "dateTime" : "10/22/16 17:27:00",
  "value" : "10"
},{
  "dateTime" : "10/22/16 18:41:00",
  "value" : "10"
},{
  "dateTime" : "10/22/16 19:26:00",
  "value" : "10"
},{
  "dateTime" : "10/22/16 19:27:00",
  "value" : "20"
},{
  "dateTime" : "10/22/16 20:19:00",
  "value" : "10"
},{
  "dateTime" : "10/22/16 20:27:00",
  "value" : "20"
},{
  "dateTime" : "10/22/16 20:28:00",
  "value" : "10"
},{
  "dateTime" : "10/22/16 20:29:00",
  "value" : "10"
},{
  "dateTime" : "10/22/16 21:35:00",
  "value" : "10"
},{
  "dateTime" : "10/22/16 22:39:00",
  "value" : "10"
},{
  "dateTime" : "10/23/16 00:18:00",
  "value" : "10"
},{
  "dateTime" : "10/23/16 09:52:00",
  "value" : "10"
},{
  "dateTime" : "10/23/16 14:38:00",
  "value" : "10"
},{
  "dateTime" : "10/23/16 15:45:00",
  "value" : "10"
},{
  "dateTime" : "10/23/16 15:46:00",
  "value" : "10"
},{
  "dateTime" : "10/23/16 15:47:00",
  "value" : "10"
},{
  "dateTime" : "10/23/16 15:48:00",
  "value" : "10"
},{
  "dateTime" : "10/23/16 15:49:00",
  "value" : "10"
},{
  "dateTime" : "10/23/16 18:03:00",
  "value" : "20"
},{
  "dateTime" : "10/23/16 18:04:00",
  "value" : "10"
},{
  "dateTime" : "10/23/16 19:22:00",
  "value" : "10"
},{
  "dateTime" : "10/23/16 20:01:00",
  "value" : "10"
},{
  "dateTime" : "10/23/16 20:45:00",
  "value" : "10"
},{
  "dateTime" : "10/24/16 10:45:00",
  "value" : "10"
},{
  "dateTime" : "10/24/16 11:15:00",
  "value" : "10"
},{
  "dateTime" : "10/24/16 12:22:00",
  "value" : "10"
},{
  "dateTime" : "10/24/16 14:55:00",
  "value" : "20"
},{
  "dateTime" : "10/24/16 17:52:00",
  "value" : "10"
},{
  "dateTime" : "10/24/16 17:53:00",
  "value" : "20"
},{
  "dateTime" : "10/24/16 20:48:00",
  "value" : "10"
},{
  "dateTime" : "10/24/16 21:16:00",
  "value" : "10"
},{
  "dateTime" : "10/25/16 00:16:00",
  "value" : "10"
},{
  "dateTime" : "10/25/16 10:04:00",
  "value" : "10"
},{
  "dateTime" : "10/25/16 10:44:00",
  "value" : "10"
},{
  "dateTime" : "10/25/16 17:10:00",
  "value" : "10"
},{
  "dateTime" : "10/25/16 17:11:00",
  "value" : "10"
},{
  "dateTime" : "10/25/16 18:25:00",
  "value" : "10"
},{
  "dateTime" : "10/25/16 21:31:00",
  "value" : "10"
},{
  "dateTime" : "10/25/16 21:32:00",
  "value" : "10"
},{
  "dateTime" : "10/25/16 23:45:00",
  "value" : "10"
},{
  "dateTime" : "10/26/16 08:41:00",
  "value" : "10"
},{
  "dateTime" : "10/26/16 08:42:00",
  "value" : "10"
},{
  "dateTime" : "10/26/16 11:10:00",
  "value" : "10"
},{
  "dateTime" : "10/26/16 11:11:00",
  "value" : "10"
},{
  "dateTime" : "10/26/16 12:44:00",
  "value" : "10"
},{
  "dateTime" : "10/26/16 12:45:00",
  "value" : "10"
},{
  "dateTime" : "10/26/16 13:30:00",
  "value" : "10"
},{
  "dateTime" : "10/26/16 14:05:00",
  "value" : "10"
},{
  "dateTime" : "10/26/16 14:45:00",
  "value" : "10"
},{
  "dateTime" : "10/26/16 17:37:00",
  "value" : "10"
},{
  "dateTime" : "10/26/16 20:06:00",
  "value" : "20"
},{
  "dateTime" : "10/26/16 20:38:00",
  "value" : "10"
},{
  "dateTime" : "10/26/16 21:27:00",
  "value" : "10"
},{
  "dateTime" : "10/27/16 08:02:00",
  "value" : "10"
},{
  "dateTime" : "10/27/16 11:55:00",
  "value" : "10"
},{
  "dateTime" : "10/27/16 16:32:00",
  "value" : "10"
},{
  "dateTime" : "10/27/16 18:16:00",
  "value" : "10"
},{
  "dateTime" : "10/27/16 18:39:00",
  "value" : "10"
},{
  "dateTime" : "10/27/16 19:01:00",
  "value" : "10"
},{
  "dateTime" : "10/27/16 21:06:00",
  "value" : "10"
},{
  "dateTime" : "10/27/16 21:07:00",
  "value" : "10"
},{
  "dateTime" : "10/27/16 23:12:00",
  "value" : "10"
},{
  "dateTime" : "10/28/16 07:19:00",
  "value" : "10"
},{
  "dateTime" : "10/28/16 14:17:00",
  "value" : "10"
},{
  "dateTime" : "10/28/16 15:41:00",
  "value" : "10"
},{
  "dateTime" : "10/28/16 16:42:00",
  "value" : "10"
},{
  "dateTime" : "10/28/16 18:12:00",
  "value" : "10"
},{
  "dateTime" : "10/28/16 18:13:00",
  "value" : "10"
},{
  "dateTime" : "10/28/16 22:18:00",
  "value" : "10"
},{
  "dateTime" : "10/28/16 22:19:00",
  "value" : "10"
},{
  "dateTime" : "10/28/16 23:41:00",
  "value" : "10"
},{
  "dateTime" : "10/29/16 07:26:00",
  "value" : "10"
},{
  "dateTime" : "10/29/16 07:27:00",
  "value" : "10"
},{
  "dateTime" : "10/29/16 09:05:00",
  "value" : "20"
},{
  "dateTime" : "10/29/16 12:22:00",
  "value" : "10"
},{
  "dateTime" : "10/29/16 15:31:00",
  "value" : "10"
},{
  "dateTime" : "10/29/16 18:00:00",
  "value" : "10"
},{
  "dateTime" : "10/29/16 18:29:00",
  "value" : "10"
},{
  "dateTime" : "10/29/16 18:55:00",
  "value" : "10"
},{
  "dateTime" : "10/29/16 19:59:00",
  "value" : "10"
},{
  "dateTime" : "10/29/16 21:49:00",
  "value" : "10"
},{
  "dateTime" : "10/30/16 08:01:00",
  "value" : "10"
},{
  "dateTime" : "10/30/16 08:02:00",
  "value" : "10"
},{
  "dateTime" : "10/30/16 10:26:00",
  "value" : "10"
},{
  "dateTime" : "10/30/16 13:32:00",
  "value" : "10"
},{
  "dateTime" : "10/30/16 18:20:00",
  "value" : "10"
},{
  "dateTime" : "10/30/16 19:37:00",
  "value" : "10"
},{
  "dateTime" : "10/30/16 21:40:00",
  "value" : "10"
}]