[{
  "dateTime" : "07/03/16 00:24:00",
  "value" : "10"
},{
  "dateTime" : "07/03/16 10:04:00",
  "value" : "10"
},{
  "dateTime" : "07/03/16 10:21:00",
  "value" : "10"
},{
  "dateTime" : "07/03/16 16:59:00",
  "value" : "10"
},{
  "dateTime" : "07/03/16 17:59:00",
  "value" : "10"
},{
  "dateTime" : "07/03/16 22:28:00",
  "value" : "10"
},{
  "dateTime" : "07/03/16 22:29:00",
  "value" : "10"
},{
  "dateTime" : "07/03/16 22:41:00",
  "value" : "10"
},{
  "dateTime" : "07/04/16 04:04:00",
  "value" : "10"
},{
  "dateTime" : "07/04/16 07:55:00",
  "value" : "10"
},{
  "dateTime" : "07/04/16 07:56:00",
  "value" : "10"
},{
  "dateTime" : "07/04/16 07:57:00",
  "value" : "10"
},{
  "dateTime" : "07/04/16 07:58:00",
  "value" : "10"
},{
  "dateTime" : "07/04/16 11:09:00",
  "value" : "10"
},{
  "dateTime" : "07/04/16 11:31:00",
  "value" : "10"
},{
  "dateTime" : "07/04/16 11:32:00",
  "value" : "10"
},{
  "dateTime" : "07/04/16 12:36:00",
  "value" : "10"
},{
  "dateTime" : "07/04/16 12:37:00",
  "value" : "10"
},{
  "dateTime" : "07/04/16 12:38:00",
  "value" : "20"
},{
  "dateTime" : "07/04/16 12:44:00",
  "value" : "10"
},{
  "dateTime" : "07/04/16 13:43:00",
  "value" : "20"
},{
  "dateTime" : "07/04/16 14:13:00",
  "value" : "10"
},{
  "dateTime" : "07/04/16 23:50:00",
  "value" : "10"
},{
  "dateTime" : "07/05/16 08:47:00",
  "value" : "10"
},{
  "dateTime" : "07/05/16 13:48:00",
  "value" : "10"
},{
  "dateTime" : "07/05/16 14:33:00",
  "value" : "10"
},{
  "dateTime" : "07/06/16 11:33:00",
  "value" : "10"
},{
  "dateTime" : "07/06/16 11:34:00",
  "value" : "10"
},{
  "dateTime" : "07/06/16 11:56:00",
  "value" : "10"
},{
  "dateTime" : "07/06/16 11:57:00",
  "value" : "10"
},{
  "dateTime" : "07/06/16 11:58:00",
  "value" : "20"
},{
  "dateTime" : "07/06/16 14:19:00",
  "value" : "10"
},{
  "dateTime" : "07/06/16 14:44:00",
  "value" : "10"
},{
  "dateTime" : "07/06/16 17:00:00",
  "value" : "20"
},{
  "dateTime" : "07/06/16 19:42:00",
  "value" : "30"
},{
  "dateTime" : "07/07/16 13:47:00",
  "value" : "10"
},{
  "dateTime" : "07/07/16 18:58:00",
  "value" : "10"
},{
  "dateTime" : "07/07/16 18:59:00",
  "value" : "10"
},{
  "dateTime" : "07/07/16 21:42:00",
  "value" : "10"
},{
  "dateTime" : "07/08/16 06:59:00",
  "value" : "10"
},{
  "dateTime" : "07/08/16 09:37:00",
  "value" : "10"
},{
  "dateTime" : "07/08/16 11:31:00",
  "value" : "10"
},{
  "dateTime" : "07/08/16 12:17:00",
  "value" : "10"
},{
  "dateTime" : "07/08/16 13:11:00",
  "value" : "10"
},{
  "dateTime" : "07/08/16 17:57:00",
  "value" : "10"
},{
  "dateTime" : "07/09/16 08:41:00",
  "value" : "10"
},{
  "dateTime" : "07/09/16 09:19:00",
  "value" : "10"
},{
  "dateTime" : "07/09/16 09:36:00",
  "value" : "10"
},{
  "dateTime" : "07/09/16 09:37:00",
  "value" : "10"
},{
  "dateTime" : "07/09/16 10:12:00",
  "value" : "10"
},{
  "dateTime" : "07/09/16 10:13:00",
  "value" : "10"
},{
  "dateTime" : "07/09/16 10:28:00",
  "value" : "10"
},{
  "dateTime" : "07/09/16 15:18:00",
  "value" : "10"
},{
  "dateTime" : "07/09/16 16:53:00",
  "value" : "10"
},{
  "dateTime" : "07/09/16 17:17:00",
  "value" : "10"
},{
  "dateTime" : "07/09/16 17:34:00",
  "value" : "10"
},{
  "dateTime" : "07/09/16 21:03:00",
  "value" : "10"
},{
  "dateTime" : "07/10/16 00:13:00",
  "value" : "10"
},{
  "dateTime" : "07/10/16 00:14:00",
  "value" : "10"
},{
  "dateTime" : "07/10/16 11:05:00",
  "value" : "10"
},{
  "dateTime" : "07/10/16 11:52:00",
  "value" : "10"
},{
  "dateTime" : "07/10/16 15:04:00",
  "value" : "10"
},{
  "dateTime" : "07/10/16 17:15:00",
  "value" : "10"
},{
  "dateTime" : "07/10/16 17:42:00",
  "value" : "10"
},{
  "dateTime" : "07/10/16 20:43:00",
  "value" : "10"
},{
  "dateTime" : "07/11/16 06:44:00",
  "value" : "10"
},{
  "dateTime" : "07/11/16 07:16:00",
  "value" : "10"
},{
  "dateTime" : "07/11/16 07:25:00",
  "value" : "10"
},{
  "dateTime" : "07/11/16 07:26:00",
  "value" : "10"
},{
  "dateTime" : "07/11/16 08:15:00",
  "value" : "10"
},{
  "dateTime" : "07/11/16 09:01:00",
  "value" : "10"
},{
  "dateTime" : "07/11/16 09:23:00",
  "value" : "20"
},{
  "dateTime" : "07/11/16 16:02:00",
  "value" : "10"
},{
  "dateTime" : "07/11/16 20:47:00",
  "value" : "10"
},{
  "dateTime" : "07/11/16 20:58:00",
  "value" : "10"
},{
  "dateTime" : "07/11/16 20:59:00",
  "value" : "10"
},{
  "dateTime" : "07/11/16 21:06:00",
  "value" : "10"
},{
  "dateTime" : "07/11/16 22:15:00",
  "value" : "10"
},{
  "dateTime" : "07/12/16 07:17:00",
  "value" : "10"
},{
  "dateTime" : "07/12/16 10:06:00",
  "value" : "10"
},{
  "dateTime" : "07/12/16 10:49:00",
  "value" : "20"
},{
  "dateTime" : "07/12/16 13:43:00",
  "value" : "10"
},{
  "dateTime" : "07/12/16 13:44:00",
  "value" : "10"
},{
  "dateTime" : "07/12/16 15:16:00",
  "value" : "10"
},{
  "dateTime" : "07/12/16 15:17:00",
  "value" : "10"
},{
  "dateTime" : "07/12/16 16:03:00",
  "value" : "10"
},{
  "dateTime" : "07/12/16 16:11:00",
  "value" : "10"
},{
  "dateTime" : "07/12/16 21:01:00",
  "value" : "10"
},{
  "dateTime" : "07/12/16 21:02:00",
  "value" : "10"
},{
  "dateTime" : "07/12/16 22:22:00",
  "value" : "10"
},{
  "dateTime" : "07/13/16 08:33:00",
  "value" : "10"
},{
  "dateTime" : "07/13/16 09:27:00",
  "value" : "10"
},{
  "dateTime" : "07/13/16 10:22:00",
  "value" : "10"
},{
  "dateTime" : "07/13/16 10:41:00",
  "value" : "20"
},{
  "dateTime" : "07/13/16 12:30:00",
  "value" : "20"
},{
  "dateTime" : "07/13/16 12:31:00",
  "value" : "20"
},{
  "dateTime" : "07/13/16 12:32:00",
  "value" : "20"
},{
  "dateTime" : "07/13/16 12:33:00",
  "value" : "10"
},{
  "dateTime" : "07/13/16 12:34:00",
  "value" : "20"
},{
  "dateTime" : "07/13/16 12:35:00",
  "value" : "10"
},{
  "dateTime" : "07/13/16 14:06:00",
  "value" : "20"
},{
  "dateTime" : "07/13/16 14:07:00",
  "value" : "20"
},{
  "dateTime" : "07/13/16 14:08:00",
  "value" : "10"
},{
  "dateTime" : "07/13/16 14:09:00",
  "value" : "20"
},{
  "dateTime" : "07/13/16 14:10:00",
  "value" : "20"
},{
  "dateTime" : "07/13/16 14:11:00",
  "value" : "20"
},{
  "dateTime" : "07/13/16 14:12:00",
  "value" : "10"
},{
  "dateTime" : "07/13/16 21:56:00",
  "value" : "10"
},{
  "dateTime" : "07/14/16 07:37:00",
  "value" : "10"
},{
  "dateTime" : "07/14/16 08:57:00",
  "value" : "10"
},{
  "dateTime" : "07/14/16 11:55:00",
  "value" : "10"
},{
  "dateTime" : "07/14/16 12:57:00",
  "value" : "20"
},{
  "dateTime" : "07/14/16 18:11:00",
  "value" : "10"
},{
  "dateTime" : "07/14/16 20:27:00",
  "value" : "10"
},{
  "dateTime" : "07/14/16 20:28:00",
  "value" : "10"
},{
  "dateTime" : "07/15/16 08:02:00",
  "value" : "10"
},{
  "dateTime" : "07/15/16 08:38:00",
  "value" : "10"
},{
  "dateTime" : "07/15/16 08:44:00",
  "value" : "10"
},{
  "dateTime" : "07/15/16 08:45:00",
  "value" : "10"
},{
  "dateTime" : "07/15/16 08:46:00",
  "value" : "10"
},{
  "dateTime" : "07/15/16 09:27:00",
  "value" : "20"
},{
  "dateTime" : "07/15/16 15:32:00",
  "value" : "10"
},{
  "dateTime" : "07/15/16 20:06:00",
  "value" : "10"
},{
  "dateTime" : "07/15/16 21:04:00",
  "value" : "10"
},{
  "dateTime" : "07/16/16 07:31:00",
  "value" : "10"
},{
  "dateTime" : "07/16/16 09:47:00",
  "value" : "10"
},{
  "dateTime" : "07/16/16 15:07:00",
  "value" : "10"
},{
  "dateTime" : "07/16/16 15:08:00",
  "value" : "10"
},{
  "dateTime" : "07/16/16 16:27:00",
  "value" : "10"
},{
  "dateTime" : "07/16/16 16:28:00",
  "value" : "10"
},{
  "dateTime" : "07/16/16 17:01:00",
  "value" : "10"
},{
  "dateTime" : "07/16/16 17:56:00",
  "value" : "10"
},{
  "dateTime" : "07/16/16 18:02:00",
  "value" : "10"
},{
  "dateTime" : "07/16/16 19:29:00",
  "value" : "10"
},{
  "dateTime" : "07/16/16 19:30:00",
  "value" : "10"
},{
  "dateTime" : "07/16/16 21:23:00",
  "value" : "10"
},{
  "dateTime" : "07/16/16 22:11:00",
  "value" : "10"
},{
  "dateTime" : "07/16/16 22:12:00",
  "value" : "10"
},{
  "dateTime" : "07/17/16 00:13:00",
  "value" : "10"
},{
  "dateTime" : "07/17/16 08:35:00",
  "value" : "10"
},{
  "dateTime" : "07/17/16 09:00:00",
  "value" : "10"
},{
  "dateTime" : "07/17/16 09:17:00",
  "value" : "10"
},{
  "dateTime" : "07/17/16 12:56:00",
  "value" : "10"
},{
  "dateTime" : "07/17/16 13:43:00",
  "value" : "10"
},{
  "dateTime" : "07/17/16 16:19:00",
  "value" : "10"
},{
  "dateTime" : "07/17/16 20:10:00",
  "value" : "10"
},{
  "dateTime" : "07/17/16 20:11:00",
  "value" : "10"
},{
  "dateTime" : "07/18/16 05:14:00",
  "value" : "10"
},{
  "dateTime" : "07/18/16 08:17:00",
  "value" : "10"
},{
  "dateTime" : "07/18/16 08:55:00",
  "value" : "10"
},{
  "dateTime" : "07/18/16 14:14:00",
  "value" : "10"
},{
  "dateTime" : "07/18/16 16:08:00",
  "value" : "10"
},{
  "dateTime" : "07/18/16 17:33:00",
  "value" : "10"
},{
  "dateTime" : "07/18/16 18:55:00",
  "value" : "10"
},{
  "dateTime" : "07/18/16 20:38:00",
  "value" : "10"
},{
  "dateTime" : "07/19/16 09:18:00",
  "value" : "10"
},{
  "dateTime" : "07/19/16 10:07:00",
  "value" : "10"
},{
  "dateTime" : "07/19/16 10:40:00",
  "value" : "10"
},{
  "dateTime" : "07/19/16 11:52:00",
  "value" : "20"
},{
  "dateTime" : "07/19/16 13:50:00",
  "value" : "10"
},{
  "dateTime" : "07/19/16 13:51:00",
  "value" : "10"
},{
  "dateTime" : "07/19/16 13:52:00",
  "value" : "20"
},{
  "dateTime" : "07/19/16 13:53:00",
  "value" : "10"
},{
  "dateTime" : "07/19/16 13:54:00",
  "value" : "10"
},{
  "dateTime" : "07/19/16 13:55:00",
  "value" : "20"
},{
  "dateTime" : "07/19/16 15:06:00",
  "value" : "20"
},{
  "dateTime" : "07/19/16 16:30:00",
  "value" : "10"
},{
  "dateTime" : "07/19/16 18:45:00",
  "value" : "10"
},{
  "dateTime" : "07/19/16 19:57:00",
  "value" : "10"
},{
  "dateTime" : "07/19/16 20:51:00",
  "value" : "10"
},{
  "dateTime" : "07/19/16 20:52:00",
  "value" : "10"
},{
  "dateTime" : "07/19/16 21:43:00",
  "value" : "10"
},{
  "dateTime" : "07/20/16 08:59:00",
  "value" : "10"
},{
  "dateTime" : "07/20/16 09:00:00",
  "value" : "10"
},{
  "dateTime" : "07/20/16 09:01:00",
  "value" : "10"
},{
  "dateTime" : "07/20/16 09:02:00",
  "value" : "10"
},{
  "dateTime" : "07/20/16 12:09:00",
  "value" : "10"
},{
  "dateTime" : "07/20/16 13:12:00",
  "value" : "10"
},{
  "dateTime" : "07/20/16 14:46:00",
  "value" : "10"
},{
  "dateTime" : "07/20/16 14:47:00",
  "value" : "10"
},{
  "dateTime" : "07/20/16 15:41:00",
  "value" : "10"
},{
  "dateTime" : "07/20/16 16:37:00",
  "value" : "10"
},{
  "dateTime" : "07/20/16 18:36:00",
  "value" : "10"
},{
  "dateTime" : "07/20/16 20:45:00",
  "value" : "20"
},{
  "dateTime" : "07/20/16 20:46:00",
  "value" : "10"
},{
  "dateTime" : "07/20/16 21:12:00",
  "value" : "10"
},{
  "dateTime" : "07/21/16 10:25:00",
  "value" : "10"
},{
  "dateTime" : "07/22/16 05:12:00",
  "value" : "10"
},{
  "dateTime" : "07/22/16 08:45:00",
  "value" : "10"
},{
  "dateTime" : "07/22/16 10:01:00",
  "value" : "20"
},{
  "dateTime" : "07/22/16 15:16:00",
  "value" : "10"
},{
  "dateTime" : "07/22/16 16:35:00",
  "value" : "10"
},{
  "dateTime" : "07/22/16 23:07:00",
  "value" : "10"
},{
  "dateTime" : "07/23/16 00:20:00",
  "value" : "10"
},{
  "dateTime" : "07/23/16 07:13:00",
  "value" : "10"
},{
  "dateTime" : "07/23/16 11:33:00",
  "value" : "10"
},{
  "dateTime" : "07/23/16 11:57:00",
  "value" : "10"
},{
  "dateTime" : "07/23/16 12:49:00",
  "value" : "10"
},{
  "dateTime" : "07/23/16 14:42:00",
  "value" : "10"
},{
  "dateTime" : "07/23/16 15:56:00",
  "value" : "10"
},{
  "dateTime" : "07/23/16 16:36:00",
  "value" : "10"
},{
  "dateTime" : "07/23/16 17:17:00",
  "value" : "10"
},{
  "dateTime" : "07/23/16 18:41:00",
  "value" : "10"
},{
  "dateTime" : "07/23/16 18:57:00",
  "value" : "10"
},{
  "dateTime" : "07/23/16 23:20:00",
  "value" : "10"
},{
  "dateTime" : "07/23/16 23:21:00",
  "value" : "10"
},{
  "dateTime" : "07/24/16 00:23:00",
  "value" : "10"
},{
  "dateTime" : "07/24/16 00:24:00",
  "value" : "10"
},{
  "dateTime" : "07/24/16 07:03:00",
  "value" : "10"
},{
  "dateTime" : "07/24/16 07:04:00",
  "value" : "10"
},{
  "dateTime" : "07/24/16 07:44:00",
  "value" : "20"
},{
  "dateTime" : "07/24/16 14:55:00",
  "value" : "10"
},{
  "dateTime" : "07/24/16 17:41:00",
  "value" : "30"
},{
  "dateTime" : "07/24/16 21:56:00",
  "value" : "10"
},{
  "dateTime" : "07/24/16 23:05:00",
  "value" : "10"
},{
  "dateTime" : "07/25/16 05:11:00",
  "value" : "10"
},{
  "dateTime" : "07/25/16 09:50:00",
  "value" : "10"
},{
  "dateTime" : "07/25/16 09:51:00",
  "value" : "10"
},{
  "dateTime" : "07/25/16 12:55:00",
  "value" : "20"
},{
  "dateTime" : "07/25/16 13:11:00",
  "value" : "10"
},{
  "dateTime" : "07/25/16 13:19:00",
  "value" : "10"
},{
  "dateTime" : "07/25/16 13:20:00",
  "value" : "10"
},{
  "dateTime" : "07/25/16 13:21:00",
  "value" : "20"
},{
  "dateTime" : "07/25/16 14:21:00",
  "value" : "10"
},{
  "dateTime" : "07/25/16 14:53:00",
  "value" : "20"
},{
  "dateTime" : "07/25/16 14:54:00",
  "value" : "10"
},{
  "dateTime" : "07/25/16 14:55:00",
  "value" : "10"
},{
  "dateTime" : "07/25/16 14:56:00",
  "value" : "10"
},{
  "dateTime" : "07/25/16 16:40:00",
  "value" : "10"
},{
  "dateTime" : "07/25/16 16:41:00",
  "value" : "10"
},{
  "dateTime" : "07/25/16 16:42:00",
  "value" : "20"
},{
  "dateTime" : "07/25/16 16:43:00",
  "value" : "20"
},{
  "dateTime" : "07/25/16 16:55:00",
  "value" : "10"
},{
  "dateTime" : "07/25/16 17:44:00",
  "value" : "10"
},{
  "dateTime" : "07/25/16 17:45:00",
  "value" : "30"
},{
  "dateTime" : "07/25/16 18:02:00",
  "value" : "10"
},{
  "dateTime" : "07/25/16 18:03:00",
  "value" : "10"
},{
  "dateTime" : "07/25/16 22:21:00",
  "value" : "10"
},{
  "dateTime" : "07/26/16 05:11:00",
  "value" : "10"
},{
  "dateTime" : "07/26/16 09:07:00",
  "value" : "10"
},{
  "dateTime" : "07/26/16 12:32:00",
  "value" : "10"
},{
  "dateTime" : "07/26/16 12:33:00",
  "value" : "10"
},{
  "dateTime" : "07/26/16 15:55:00",
  "value" : "10"
},{
  "dateTime" : "07/26/16 16:15:00",
  "value" : "10"
},{
  "dateTime" : "07/27/16 05:10:00",
  "value" : "10"
},{
  "dateTime" : "07/27/16 18:19:00",
  "value" : "10"
},{
  "dateTime" : "07/27/16 20:13:00",
  "value" : "10"
},{
  "dateTime" : "07/27/16 20:14:00",
  "value" : "10"
},{
  "dateTime" : "07/27/16 20:21:00",
  "value" : "10"
},{
  "dateTime" : "07/27/16 20:22:00",
  "value" : "10"
},{
  "dateTime" : "07/27/16 20:23:00",
  "value" : "20"
},{
  "dateTime" : "07/27/16 20:24:00",
  "value" : "10"
},{
  "dateTime" : "07/27/16 20:25:00",
  "value" : "10"
},{
  "dateTime" : "07/27/16 20:26:00",
  "value" : "10"
},{
  "dateTime" : "07/27/16 20:27:00",
  "value" : "10"
},{
  "dateTime" : "07/27/16 20:28:00",
  "value" : "20"
},{
  "dateTime" : "07/27/16 21:21:00",
  "value" : "10"
},{
  "dateTime" : "07/27/16 21:50:00",
  "value" : "10"
},{
  "dateTime" : "07/28/16 05:12:00",
  "value" : "10"
},{
  "dateTime" : "07/28/16 10:17:00",
  "value" : "10"
},{
  "dateTime" : "07/28/16 11:11:00",
  "value" : "10"
},{
  "dateTime" : "07/28/16 11:59:00",
  "value" : "10"
},{
  "dateTime" : "07/28/16 12:20:00",
  "value" : "10"
},{
  "dateTime" : "07/28/16 12:21:00",
  "value" : "10"
},{
  "dateTime" : "07/28/16 12:47:00",
  "value" : "10"
},{
  "dateTime" : "07/28/16 13:54:00",
  "value" : "10"
},{
  "dateTime" : "07/28/16 14:51:00",
  "value" : "10"
},{
  "dateTime" : "07/28/16 14:59:00",
  "value" : "10"
},{
  "dateTime" : "07/28/16 15:00:00",
  "value" : "10"
},{
  "dateTime" : "07/28/16 16:05:00",
  "value" : "10"
},{
  "dateTime" : "07/28/16 16:06:00",
  "value" : "10"
},{
  "dateTime" : "07/28/16 16:22:00",
  "value" : "10"
},{
  "dateTime" : "07/28/16 16:23:00",
  "value" : "10"
},{
  "dateTime" : "07/28/16 17:38:00",
  "value" : "10"
},{
  "dateTime" : "07/28/16 18:49:00",
  "value" : "10"
},{
  "dateTime" : "07/28/16 18:50:00",
  "value" : "10"
},{
  "dateTime" : "07/28/16 18:51:00",
  "value" : "10"
},{
  "dateTime" : "07/28/16 20:55:00",
  "value" : "10"
},{
  "dateTime" : "07/28/16 20:56:00",
  "value" : "10"
},{
  "dateTime" : "07/29/16 09:18:00",
  "value" : "10"
},{
  "dateTime" : "07/29/16 10:52:00",
  "value" : "10"
},{
  "dateTime" : "07/29/16 11:33:00",
  "value" : "20"
},{
  "dateTime" : "07/29/16 11:34:00",
  "value" : "10"
},{
  "dateTime" : "07/29/16 12:04:00",
  "value" : "10"
},{
  "dateTime" : "07/29/16 15:07:00",
  "value" : "10"
},{
  "dateTime" : "07/29/16 18:25:00",
  "value" : "10"
},{
  "dateTime" : "07/29/16 20:02:00",
  "value" : "10"
},{
  "dateTime" : "07/29/16 22:42:00",
  "value" : "10"
},{
  "dateTime" : "07/30/16 08:49:00",
  "value" : "10"
},{
  "dateTime" : "07/30/16 10:20:00",
  "value" : "10"
},{
  "dateTime" : "07/30/16 11:54:00",
  "value" : "10"
},{
  "dateTime" : "07/30/16 12:15:00",
  "value" : "20"
},{
  "dateTime" : "07/30/16 12:16:00",
  "value" : "10"
},{
  "dateTime" : "07/30/16 12:36:00",
  "value" : "10"
},{
  "dateTime" : "07/30/16 14:14:00",
  "value" : "10"
},{
  "dateTime" : "07/30/16 19:36:00",
  "value" : "10"
},{
  "dateTime" : "07/30/16 21:07:00",
  "value" : "10"
},{
  "dateTime" : "07/30/16 23:31:00",
  "value" : "10"
},{
  "dateTime" : "07/31/16 10:45:00",
  "value" : "10"
},{
  "dateTime" : "07/31/16 12:36:00",
  "value" : "10"
},{
  "dateTime" : "07/31/16 13:26:00",
  "value" : "10"
},{
  "dateTime" : "07/31/16 20:02:00",
  "value" : "10"
},{
  "dateTime" : "07/31/16 20:55:00",
  "value" : "10"
},{
  "dateTime" : "07/31/16 21:10:00",
  "value" : "10"
},{
  "dateTime" : "07/31/16 21:12:00",
  "value" : "10"
},{
  "dateTime" : "07/31/16 21:36:00",
  "value" : "10"
},{
  "dateTime" : "08/01/16 08:24:00",
  "value" : "10"
},{
  "dateTime" : "08/01/16 09:13:00",
  "value" : "10"
},{
  "dateTime" : "08/01/16 10:05:00",
  "value" : "10"
},{
  "dateTime" : "08/01/16 12:19:00",
  "value" : "10"
},{
  "dateTime" : "08/01/16 13:13:00",
  "value" : "20"
},{
  "dateTime" : "08/01/16 17:17:00",
  "value" : "10"
},{
  "dateTime" : "08/01/16 20:17:00",
  "value" : "10"
},{
  "dateTime" : "08/01/16 20:18:00",
  "value" : "10"
},{
  "dateTime" : "08/01/16 20:44:00",
  "value" : "10"
},{
  "dateTime" : "08/01/16 20:50:00",
  "value" : "10"
}]