[{
  "dateTime" : "12/11/14 01:18:00",
  "value" : "10"
},{
  "dateTime" : "12/11/14 09:17:00",
  "value" : "10"
},{
  "dateTime" : "12/11/14 09:34:00",
  "value" : "10"
},{
  "dateTime" : "12/11/14 13:42:00",
  "value" : "10"
},{
  "dateTime" : "12/11/14 17:53:00",
  "value" : "10"
},{
  "dateTime" : "12/11/14 17:54:00",
  "value" : "10"
},{
  "dateTime" : "12/11/14 18:12:00",
  "value" : "10"
},{
  "dateTime" : "12/11/14 19:28:00",
  "value" : "10"
},{
  "dateTime" : "12/11/14 20:35:00",
  "value" : "10"
},{
  "dateTime" : "12/12/14 02:43:00",
  "value" : "10"
},{
  "dateTime" : "12/12/14 08:28:00",
  "value" : "10"
},{
  "dateTime" : "12/12/14 08:29:00",
  "value" : "10"
},{
  "dateTime" : "12/12/14 08:30:00",
  "value" : "10"
},{
  "dateTime" : "12/12/14 09:27:00",
  "value" : "10"
},{
  "dateTime" : "12/12/14 13:08:00",
  "value" : "10"
},{
  "dateTime" : "12/12/14 16:48:00",
  "value" : "10"
},{
  "dateTime" : "12/12/14 17:53:00",
  "value" : "10"
},{
  "dateTime" : "12/12/14 20:36:00",
  "value" : "10"
},{
  "dateTime" : "12/12/14 20:37:00",
  "value" : "10"
},{
  "dateTime" : "12/12/14 20:38:00",
  "value" : "10"
},{
  "dateTime" : "12/13/14 09:27:00",
  "value" : "10"
},{
  "dateTime" : "12/13/14 11:41:00",
  "value" : "10"
},{
  "dateTime" : "12/13/14 14:41:00",
  "value" : "10"
},{
  "dateTime" : "12/13/14 16:48:00",
  "value" : "10"
},{
  "dateTime" : "12/13/14 17:43:00",
  "value" : "10"
},{
  "dateTime" : "12/13/14 18:09:00",
  "value" : "10"
},{
  "dateTime" : "12/13/14 20:59:00",
  "value" : "10"
},{
  "dateTime" : "12/14/14 04:20:00",
  "value" : "10"
},{
  "dateTime" : "12/14/14 08:59:00",
  "value" : "10"
},{
  "dateTime" : "12/14/14 09:00:00",
  "value" : "10"
},{
  "dateTime" : "12/14/14 09:39:00",
  "value" : "10"
},{
  "dateTime" : "12/14/14 15:06:00",
  "value" : "10"
},{
  "dateTime" : "12/14/14 15:07:00",
  "value" : "10"
},{
  "dateTime" : "12/14/14 15:08:00",
  "value" : "10"
},{
  "dateTime" : "12/14/14 20:27:00",
  "value" : "10"
},{
  "dateTime" : "12/15/14 10:24:00",
  "value" : "10"
},{
  "dateTime" : "12/15/14 11:33:00",
  "value" : "10"
},{
  "dateTime" : "12/15/14 11:34:00",
  "value" : "10"
},{
  "dateTime" : "12/15/14 11:52:00",
  "value" : "10"
},{
  "dateTime" : "12/15/14 12:08:00",
  "value" : "10"
},{
  "dateTime" : "12/15/14 12:09:00",
  "value" : "10"
},{
  "dateTime" : "12/15/14 12:10:00",
  "value" : "10"
},{
  "dateTime" : "12/15/14 12:33:00",
  "value" : "20"
},{
  "dateTime" : "12/15/14 12:53:00",
  "value" : "10"
},{
  "dateTime" : "12/15/14 12:54:00",
  "value" : "10"
},{
  "dateTime" : "12/15/14 14:46:00",
  "value" : "10"
},{
  "dateTime" : "12/15/14 14:47:00",
  "value" : "10"
},{
  "dateTime" : "12/15/14 14:48:00",
  "value" : "10"
},{
  "dateTime" : "12/15/14 15:47:00",
  "value" : "10"
},{
  "dateTime" : "12/15/14 16:29:00",
  "value" : "10"
},{
  "dateTime" : "12/15/14 16:30:00",
  "value" : "10"
},{
  "dateTime" : "12/15/14 17:22:00",
  "value" : "10"
},{
  "dateTime" : "12/15/14 18:42:00",
  "value" : "10"
},{
  "dateTime" : "12/15/14 18:43:00",
  "value" : "20"
},{
  "dateTime" : "12/15/14 19:48:00",
  "value" : "20"
},{
  "dateTime" : "12/15/14 20:19:00",
  "value" : "10"
},{
  "dateTime" : "12/15/14 21:32:00",
  "value" : "10"
},{
  "dateTime" : "12/16/14 08:44:00",
  "value" : "10"
},{
  "dateTime" : "12/16/14 12:33:00",
  "value" : "10"
},{
  "dateTime" : "12/16/14 13:01:00",
  "value" : "20"
},{
  "dateTime" : "12/16/14 13:20:00",
  "value" : "10"
},{
  "dateTime" : "12/16/14 13:21:00",
  "value" : "10"
},{
  "dateTime" : "12/16/14 13:28:00",
  "value" : "10"
},{
  "dateTime" : "12/16/14 18:32:00",
  "value" : "10"
},{
  "dateTime" : "12/16/14 19:00:00",
  "value" : "10"
},{
  "dateTime" : "12/16/14 19:01:00",
  "value" : "10"
},{
  "dateTime" : "12/16/14 22:25:00",
  "value" : "10"
},{
  "dateTime" : "12/16/14 22:26:00",
  "value" : "10"
},{
  "dateTime" : "12/17/14 09:03:00",
  "value" : "10"
},{
  "dateTime" : "12/17/14 09:25:00",
  "value" : "10"
},{
  "dateTime" : "12/17/14 14:41:00",
  "value" : "10"
},{
  "dateTime" : "12/17/14 16:21:00",
  "value" : "10"
},{
  "dateTime" : "12/17/14 17:53:00",
  "value" : "10"
},{
  "dateTime" : "12/17/14 18:43:00",
  "value" : "10"
},{
  "dateTime" : "12/17/14 20:51:00",
  "value" : "10"
},{
  "dateTime" : "12/17/14 21:48:00",
  "value" : "10"
},{
  "dateTime" : "12/17/14 22:48:00",
  "value" : "10"
},{
  "dateTime" : "12/17/14 22:56:00",
  "value" : "10"
},{
  "dateTime" : "12/17/14 23:25:00",
  "value" : "10"
},{
  "dateTime" : "12/17/14 23:26:00",
  "value" : "10"
},{
  "dateTime" : "12/18/14 07:57:00",
  "value" : "10"
},{
  "dateTime" : "12/18/14 08:36:00",
  "value" : "10"
},{
  "dateTime" : "12/18/14 08:37:00",
  "value" : "10"
},{
  "dateTime" : "12/18/14 08:38:00",
  "value" : "10"
},{
  "dateTime" : "12/18/14 09:04:00",
  "value" : "10"
},{
  "dateTime" : "12/18/14 09:34:00",
  "value" : "10"
},{
  "dateTime" : "12/18/14 09:35:00",
  "value" : "10"
},{
  "dateTime" : "12/18/14 09:36:00",
  "value" : "10"
},{
  "dateTime" : "12/18/14 14:00:00",
  "value" : "10"
},{
  "dateTime" : "12/18/14 17:42:00",
  "value" : "10"
},{
  "dateTime" : "12/18/14 18:00:00",
  "value" : "10"
},{
  "dateTime" : "12/18/14 18:35:00",
  "value" : "10"
},{
  "dateTime" : "12/18/14 19:31:00",
  "value" : "10"
},{
  "dateTime" : "12/18/14 19:50:00",
  "value" : "10"
},{
  "dateTime" : "12/18/14 19:51:00",
  "value" : "10"
},{
  "dateTime" : "12/18/14 19:52:00",
  "value" : "10"
},{
  "dateTime" : "12/18/14 22:19:00",
  "value" : "10"
},{
  "dateTime" : "12/19/14 00:28:00",
  "value" : "10"
},{
  "dateTime" : "12/19/14 11:29:00",
  "value" : "10"
},{
  "dateTime" : "12/19/14 11:30:00",
  "value" : "10"
},{
  "dateTime" : "12/19/14 15:20:00",
  "value" : "10"
},{
  "dateTime" : "12/19/14 16:40:00",
  "value" : "10"
},{
  "dateTime" : "12/19/14 16:41:00",
  "value" : "10"
},{
  "dateTime" : "12/19/14 20:51:00",
  "value" : "10"
},{
  "dateTime" : "12/19/14 21:35:00",
  "value" : "10"
},{
  "dateTime" : "12/20/14 11:25:00",
  "value" : "10"
},{
  "dateTime" : "12/20/14 12:56:00",
  "value" : "10"
},{
  "dateTime" : "12/20/14 13:41:00",
  "value" : "10"
},{
  "dateTime" : "12/20/14 14:15:00",
  "value" : "10"
},{
  "dateTime" : "12/20/14 16:07:00",
  "value" : "10"
},{
  "dateTime" : "12/20/14 16:38:00",
  "value" : "10"
},{
  "dateTime" : "12/20/14 17:02:00",
  "value" : "10"
},{
  "dateTime" : "12/20/14 22:31:00",
  "value" : "10"
},{
  "dateTime" : "12/20/14 23:57:00",
  "value" : "10"
},{
  "dateTime" : "12/21/14 00:55:00",
  "value" : "10"
},{
  "dateTime" : "12/21/14 02:12:00",
  "value" : "10"
},{
  "dateTime" : "12/21/14 07:50:00",
  "value" : "10"
},{
  "dateTime" : "12/21/14 08:21:00",
  "value" : "10"
},{
  "dateTime" : "12/21/14 10:09:00",
  "value" : "10"
},{
  "dateTime" : "12/21/14 14:05:00",
  "value" : "10"
},{
  "dateTime" : "12/21/14 14:35:00",
  "value" : "10"
},{
  "dateTime" : "12/21/14 14:36:00",
  "value" : "10"
},{
  "dateTime" : "12/21/14 15:13:00",
  "value" : "10"
},{
  "dateTime" : "12/21/14 15:14:00",
  "value" : "10"
},{
  "dateTime" : "12/21/14 15:39:00",
  "value" : "10"
},{
  "dateTime" : "12/21/14 15:40:00",
  "value" : "10"
},{
  "dateTime" : "12/21/14 15:41:00",
  "value" : "10"
},{
  "dateTime" : "12/21/14 15:54:00",
  "value" : "10"
},{
  "dateTime" : "12/21/14 16:02:00",
  "value" : "10"
},{
  "dateTime" : "12/21/14 18:08:00",
  "value" : "10"
},{
  "dateTime" : "12/21/14 20:15:00",
  "value" : "10"
},{
  "dateTime" : "12/21/14 20:16:00",
  "value" : "10"
},{
  "dateTime" : "12/21/14 20:59:00",
  "value" : "10"
},{
  "dateTime" : "12/21/14 23:59:00",
  "value" : "10"
},{
  "dateTime" : "12/22/14 00:00:00",
  "value" : "10"
},{
  "dateTime" : "12/22/14 05:51:00",
  "value" : "10"
},{
  "dateTime" : "12/22/14 05:55:00",
  "value" : "10"
},{
  "dateTime" : "12/22/14 05:56:00",
  "value" : "10"
},{
  "dateTime" : "12/22/14 07:03:00",
  "value" : "10"
},{
  "dateTime" : "12/22/14 07:04:00",
  "value" : "20"
},{
  "dateTime" : "12/22/14 10:29:00",
  "value" : "10"
},{
  "dateTime" : "12/22/14 10:30:00",
  "value" : "10"
},{
  "dateTime" : "12/22/14 18:44:00",
  "value" : "10"
},{
  "dateTime" : "12/23/14 07:53:00",
  "value" : "10"
},{
  "dateTime" : "12/23/14 08:14:00",
  "value" : "10"
},{
  "dateTime" : "12/23/14 08:21:00",
  "value" : "10"
},{
  "dateTime" : "12/23/14 11:01:00",
  "value" : "10"
},{
  "dateTime" : "12/23/14 12:57:00",
  "value" : "10"
},{
  "dateTime" : "12/23/14 20:12:00",
  "value" : "10"
},{
  "dateTime" : "12/25/14 11:32:00",
  "value" : "10"
},{
  "dateTime" : "12/25/14 11:40:00",
  "value" : "20"
},{
  "dateTime" : "12/25/14 12:14:00",
  "value" : "10"
},{
  "dateTime" : "12/26/14 11:49:00",
  "value" : "10"
},{
  "dateTime" : "12/27/14 15:05:00",
  "value" : "10"
},{
  "dateTime" : "12/27/14 15:13:00",
  "value" : "10"
},{
  "dateTime" : "12/27/14 15:14:00",
  "value" : "10"
},{
  "dateTime" : "12/27/14 16:04:00",
  "value" : "10"
},{
  "dateTime" : "12/27/14 18:30:00",
  "value" : "10"
},{
  "dateTime" : "12/27/14 22:40:00",
  "value" : "10"
},{
  "dateTime" : "12/28/14 01:18:00",
  "value" : "10"
},{
  "dateTime" : "12/28/14 07:09:00",
  "value" : "10"
},{
  "dateTime" : "12/28/14 14:36:00",
  "value" : "10"
},{
  "dateTime" : "12/28/14 17:42:00",
  "value" : "10"
},{
  "dateTime" : "12/28/14 19:19:00",
  "value" : "10"
},{
  "dateTime" : "12/28/14 19:48:00",
  "value" : "10"
},{
  "dateTime" : "12/28/14 21:19:00",
  "value" : "10"
},{
  "dateTime" : "12/29/14 08:09:00",
  "value" : "10"
},{
  "dateTime" : "12/29/14 09:45:00",
  "value" : "10"
},{
  "dateTime" : "12/29/14 11:32:00",
  "value" : "10"
},{
  "dateTime" : "12/29/14 11:56:00",
  "value" : "10"
},{
  "dateTime" : "12/29/14 11:57:00",
  "value" : "10"
},{
  "dateTime" : "12/29/14 12:07:00",
  "value" : "10"
},{
  "dateTime" : "12/29/14 12:08:00",
  "value" : "10"
},{
  "dateTime" : "12/29/14 13:22:00",
  "value" : "10"
},{
  "dateTime" : "12/29/14 14:24:00",
  "value" : "10"
},{
  "dateTime" : "12/29/14 17:02:00",
  "value" : "10"
},{
  "dateTime" : "12/29/14 17:03:00",
  "value" : "10"
},{
  "dateTime" : "12/29/14 17:04:00",
  "value" : "10"
},{
  "dateTime" : "12/29/14 17:28:00",
  "value" : "10"
},{
  "dateTime" : "12/29/14 17:29:00",
  "value" : "10"
},{
  "dateTime" : "12/29/14 18:21:00",
  "value" : "10"
},{
  "dateTime" : "12/29/14 20:19:00",
  "value" : "10"
},{
  "dateTime" : "12/29/14 20:24:00",
  "value" : "10"
},{
  "dateTime" : "12/29/14 20:25:00",
  "value" : "10"
},{
  "dateTime" : "12/29/14 21:25:00",
  "value" : "10"
},{
  "dateTime" : "12/29/14 21:26:00",
  "value" : "10"
},{
  "dateTime" : "12/29/14 23:39:00",
  "value" : "10"
},{
  "dateTime" : "12/30/14 00:49:00",
  "value" : "10"
},{
  "dateTime" : "12/30/14 09:59:00",
  "value" : "10"
},{
  "dateTime" : "12/30/14 10:29:00",
  "value" : "20"
},{
  "dateTime" : "12/30/14 13:30:00",
  "value" : "10"
},{
  "dateTime" : "12/30/14 19:40:00",
  "value" : "10"
},{
  "dateTime" : "12/30/14 20:02:00",
  "value" : "10"
},{
  "dateTime" : "12/31/14 09:06:00",
  "value" : "10"
},{
  "dateTime" : "12/31/14 11:37:00",
  "value" : "10"
},{
  "dateTime" : "12/31/14 12:48:00",
  "value" : "10"
},{
  "dateTime" : "12/31/14 12:49:00",
  "value" : "10"
},{
  "dateTime" : "12/31/14 14:15:00",
  "value" : "10"
},{
  "dateTime" : "12/31/14 14:44:00",
  "value" : "10"
},{
  "dateTime" : "12/31/14 16:04:00",
  "value" : "10"
},{
  "dateTime" : "12/31/14 17:10:00",
  "value" : "10"
},{
  "dateTime" : "12/31/14 19:16:00",
  "value" : "10"
},{
  "dateTime" : "12/31/14 19:17:00",
  "value" : "10"
},{
  "dateTime" : "12/31/14 23:56:00",
  "value" : "10"
},{
  "dateTime" : "01/01/15 00:02:00",
  "value" : "10"
},{
  "dateTime" : "01/01/15 00:23:00",
  "value" : "10"
},{
  "dateTime" : "01/01/15 01:01:00",
  "value" : "10"
},{
  "dateTime" : "01/01/15 01:20:00",
  "value" : "10"
},{
  "dateTime" : "01/01/15 01:41:00",
  "value" : "10"
},{
  "dateTime" : "01/01/15 01:42:00",
  "value" : "10"
},{
  "dateTime" : "01/01/15 01:50:00",
  "value" : "10"
},{
  "dateTime" : "01/01/15 02:13:00",
  "value" : "10"
},{
  "dateTime" : "01/01/15 08:53:00",
  "value" : "10"
},{
  "dateTime" : "01/01/15 14:32:00",
  "value" : "10"
},{
  "dateTime" : "01/01/15 15:14:00",
  "value" : "10"
},{
  "dateTime" : "01/01/15 16:41:00",
  "value" : "10"
},{
  "dateTime" : "01/01/15 19:24:00",
  "value" : "10"
},{
  "dateTime" : "01/01/15 19:25:00",
  "value" : "10"
},{
  "dateTime" : "01/01/15 20:40:00",
  "value" : "10"
},{
  "dateTime" : "01/02/15 08:10:00",
  "value" : "10"
},{
  "dateTime" : "01/02/15 08:42:00",
  "value" : "10"
},{
  "dateTime" : "01/02/15 10:39:00",
  "value" : "10"
},{
  "dateTime" : "01/02/15 10:40:00",
  "value" : "10"
},{
  "dateTime" : "01/02/15 10:41:00",
  "value" : "20"
},{
  "dateTime" : "01/02/15 11:40:00",
  "value" : "10"
},{
  "dateTime" : "01/02/15 11:41:00",
  "value" : "10"
},{
  "dateTime" : "01/02/15 11:56:00",
  "value" : "10"
},{
  "dateTime" : "01/02/15 12:04:00",
  "value" : "10"
},{
  "dateTime" : "01/02/15 12:21:00",
  "value" : "10"
},{
  "dateTime" : "01/02/15 14:03:00",
  "value" : "10"
},{
  "dateTime" : "01/02/15 17:25:00",
  "value" : "10"
},{
  "dateTime" : "01/02/15 18:05:00",
  "value" : "10"
},{
  "dateTime" : "01/02/15 19:45:00",
  "value" : "10"
},{
  "dateTime" : "01/02/15 19:46:00",
  "value" : "10"
},{
  "dateTime" : "01/02/15 19:47:00",
  "value" : "10"
},{
  "dateTime" : "01/02/15 19:48:00",
  "value" : "10"
},{
  "dateTime" : "01/02/15 20:27:00",
  "value" : "10"
},{
  "dateTime" : "01/02/15 20:28:00",
  "value" : "10"
},{
  "dateTime" : "01/02/15 20:36:00",
  "value" : "10"
},{
  "dateTime" : "01/02/15 20:37:00",
  "value" : "10"
},{
  "dateTime" : "01/02/15 20:38:00",
  "value" : "10"
},{
  "dateTime" : "01/02/15 22:46:00",
  "value" : "10"
},{
  "dateTime" : "01/03/15 00:09:00",
  "value" : "10"
},{
  "dateTime" : "01/03/15 00:52:00",
  "value" : "10"
},{
  "dateTime" : "01/03/15 11:50:00",
  "value" : "10"
},{
  "dateTime" : "01/03/15 12:11:00",
  "value" : "10"
},{
  "dateTime" : "01/03/15 12:15:00",
  "value" : "10"
},{
  "dateTime" : "01/03/15 12:36:00",
  "value" : "10"
},{
  "dateTime" : "01/03/15 12:37:00",
  "value" : "10"
},{
  "dateTime" : "01/03/15 14:32:00",
  "value" : "10"
},{
  "dateTime" : "01/03/15 14:33:00",
  "value" : "10"
},{
  "dateTime" : "01/03/15 15:38:00",
  "value" : "10"
},{
  "dateTime" : "01/03/15 21:07:00",
  "value" : "10"
},{
  "dateTime" : "01/03/15 21:08:00",
  "value" : "10"
},{
  "dateTime" : "01/04/15 10:34:00",
  "value" : "10"
},{
  "dateTime" : "01/04/15 10:35:00",
  "value" : "10"
},{
  "dateTime" : "01/04/15 12:12:00",
  "value" : "10"
},{
  "dateTime" : "01/04/15 12:43:00",
  "value" : "10"
},{
  "dateTime" : "01/04/15 14:55:00",
  "value" : "20"
},{
  "dateTime" : "01/04/15 15:03:00",
  "value" : "10"
},{
  "dateTime" : "01/04/15 15:04:00",
  "value" : "10"
},{
  "dateTime" : "01/04/15 17:23:00",
  "value" : "10"
},{
  "dateTime" : "01/04/15 18:29:00",
  "value" : "10"
},{
  "dateTime" : "01/04/15 19:57:00",
  "value" : "10"
},{
  "dateTime" : "01/04/15 20:30:00",
  "value" : "10"
},{
  "dateTime" : "01/04/15 20:51:00",
  "value" : "10"
},{
  "dateTime" : "01/04/15 23:38:00",
  "value" : "10"
},{
  "dateTime" : "01/05/15 00:19:00",
  "value" : "10"
},{
  "dateTime" : "01/05/15 01:01:00",
  "value" : "10"
},{
  "dateTime" : "01/05/15 09:01:00",
  "value" : "10"
},{
  "dateTime" : "01/05/15 13:01:00",
  "value" : "10"
},{
  "dateTime" : "01/05/15 14:00:00",
  "value" : "10"
},{
  "dateTime" : "01/05/15 16:26:00",
  "value" : "10"
},{
  "dateTime" : "01/05/15 17:46:00",
  "value" : "10"
},{
  "dateTime" : "01/05/15 19:19:00",
  "value" : "10"
},{
  "dateTime" : "01/05/15 19:27:00",
  "value" : "10"
},{
  "dateTime" : "01/05/15 19:28:00",
  "value" : "10"
},{
  "dateTime" : "01/05/15 19:29:00",
  "value" : "10"
},{
  "dateTime" : "01/05/15 20:37:00",
  "value" : "10"
},{
  "dateTime" : "01/05/15 20:38:00",
  "value" : "10"
},{
  "dateTime" : "01/05/15 20:45:00",
  "value" : "10"
},{
  "dateTime" : "01/05/15 21:09:00",
  "value" : "10"
},{
  "dateTime" : "01/06/15 08:36:00",
  "value" : "10"
},{
  "dateTime" : "01/06/15 08:37:00",
  "value" : "10"
},{
  "dateTime" : "01/06/15 08:53:00",
  "value" : "20"
},{
  "dateTime" : "01/06/15 09:41:00",
  "value" : "10"
},{
  "dateTime" : "01/06/15 09:42:00",
  "value" : "10"
},{
  "dateTime" : "01/06/15 10:06:00",
  "value" : "10"
},{
  "dateTime" : "01/06/15 12:35:00",
  "value" : "10"
},{
  "dateTime" : "01/06/15 16:18:00",
  "value" : "10"
},{
  "dateTime" : "01/06/15 17:33:00",
  "value" : "10"
},{
  "dateTime" : "01/06/15 18:01:00",
  "value" : "10"
},{
  "dateTime" : "01/06/15 19:23:00",
  "value" : "10"
},{
  "dateTime" : "01/06/15 19:24:00",
  "value" : "10"
},{
  "dateTime" : "01/06/15 20:15:00",
  "value" : "10"
},{
  "dateTime" : "01/06/15 21:02:00",
  "value" : "10"
},{
  "dateTime" : "01/06/15 22:43:00",
  "value" : "10"
},{
  "dateTime" : "01/07/15 08:07:00",
  "value" : "10"
},{
  "dateTime" : "01/07/15 08:08:00",
  "value" : "10"
},{
  "dateTime" : "01/07/15 08:19:00",
  "value" : "10"
},{
  "dateTime" : "01/07/15 08:59:00",
  "value" : "10"
},{
  "dateTime" : "01/07/15 11:49:00",
  "value" : "10"
},{
  "dateTime" : "01/07/15 11:50:00",
  "value" : "10"
},{
  "dateTime" : "01/07/15 12:18:00",
  "value" : "10"
},{
  "dateTime" : "01/07/15 12:26:00",
  "value" : "10"
},{
  "dateTime" : "01/07/15 12:56:00",
  "value" : "10"
},{
  "dateTime" : "01/07/15 14:55:00",
  "value" : "10"
},{
  "dateTime" : "01/07/15 15:31:00",
  "value" : "10"
},{
  "dateTime" : "01/07/15 15:32:00",
  "value" : "10"
},{
  "dateTime" : "01/07/15 16:04:00",
  "value" : "10"
},{
  "dateTime" : "01/07/15 21:14:00",
  "value" : "10"
},{
  "dateTime" : "01/08/15 09:08:00",
  "value" : "10"
},{
  "dateTime" : "01/08/15 10:33:00",
  "value" : "10"
},{
  "dateTime" : "01/08/15 10:52:00",
  "value" : "10"
},{
  "dateTime" : "01/08/15 11:39:00",
  "value" : "10"
},{
  "dateTime" : "01/08/15 12:28:00",
  "value" : "20"
},{
  "dateTime" : "01/08/15 14:28:00",
  "value" : "10"
},{
  "dateTime" : "01/08/15 16:48:00",
  "value" : "10"
},{
  "dateTime" : "01/08/15 17:18:00",
  "value" : "10"
},{
  "dateTime" : "01/08/15 17:24:00",
  "value" : "10"
},{
  "dateTime" : "01/08/15 17:25:00",
  "value" : "10"
},{
  "dateTime" : "01/08/15 17:48:00",
  "value" : "10"
},{
  "dateTime" : "01/08/15 18:48:00",
  "value" : "10"
},{
  "dateTime" : "01/08/15 19:46:00",
  "value" : "10"
},{
  "dateTime" : "01/09/15 01:33:00",
  "value" : "10"
},{
  "dateTime" : "01/09/15 14:11:00",
  "value" : "10"
},{
  "dateTime" : "01/09/15 17:59:00",
  "value" : "10"
},{
  "dateTime" : "01/09/15 18:02:00",
  "value" : "10"
},{
  "dateTime" : "01/09/15 18:22:00",
  "value" : "10"
},{
  "dateTime" : "01/09/15 18:44:00",
  "value" : "10"
},{
  "dateTime" : "01/09/15 20:29:00",
  "value" : "10"
}]