[{
  "dateTime" : "09/17/13 08:03:00",
  "value" : "10"
},{
  "dateTime" : "09/17/13 08:49:00",
  "value" : "10"
},{
  "dateTime" : "09/17/13 10:39:00",
  "value" : "10"
},{
  "dateTime" : "09/17/13 11:54:00",
  "value" : "10"
},{
  "dateTime" : "09/17/13 15:39:00",
  "value" : "10"
},{
  "dateTime" : "09/17/13 17:10:00",
  "value" : "10"
},{
  "dateTime" : "09/17/13 19:14:00",
  "value" : "10"
},{
  "dateTime" : "09/17/13 19:48:00",
  "value" : "10"
},{
  "dateTime" : "09/17/13 19:49:00",
  "value" : "10"
},{
  "dateTime" : "09/17/13 20:52:00",
  "value" : "10"
},{
  "dateTime" : "09/17/13 21:00:00",
  "value" : "10"
},{
  "dateTime" : "09/18/13 03:32:00",
  "value" : "10"
},{
  "dateTime" : "09/18/13 07:54:00",
  "value" : "10"
},{
  "dateTime" : "09/18/13 08:43:00",
  "value" : "10"
},{
  "dateTime" : "09/18/13 09:12:00",
  "value" : "10"
},{
  "dateTime" : "09/18/13 09:51:00",
  "value" : "10"
},{
  "dateTime" : "09/18/13 09:52:00",
  "value" : "10"
},{
  "dateTime" : "09/18/13 09:53:00",
  "value" : "10"
},{
  "dateTime" : "09/18/13 10:55:00",
  "value" : "10"
},{
  "dateTime" : "09/18/13 10:56:00",
  "value" : "10"
},{
  "dateTime" : "09/18/13 12:00:00",
  "value" : "10"
},{
  "dateTime" : "09/18/13 12:01:00",
  "value" : "10"
},{
  "dateTime" : "09/18/13 18:05:00",
  "value" : "10"
},{
  "dateTime" : "09/18/13 20:39:00",
  "value" : "10"
},{
  "dateTime" : "09/18/13 21:49:00",
  "value" : "10"
},{
  "dateTime" : "09/19/13 11:37:00",
  "value" : "10"
},{
  "dateTime" : "09/19/13 15:58:00",
  "value" : "10"
},{
  "dateTime" : "09/19/13 16:16:00",
  "value" : "10"
},{
  "dateTime" : "09/19/13 16:17:00",
  "value" : "10"
},{
  "dateTime" : "09/19/13 16:18:00",
  "value" : "10"
},{
  "dateTime" : "09/19/13 16:45:00",
  "value" : "10"
},{
  "dateTime" : "09/19/13 17:20:00",
  "value" : "10"
},{
  "dateTime" : "09/19/13 20:17:00",
  "value" : "10"
},{
  "dateTime" : "09/19/13 20:18:00",
  "value" : "10"
},{
  "dateTime" : "09/19/13 20:25:00",
  "value" : "10"
},{
  "dateTime" : "09/19/13 20:53:00",
  "value" : "10"
},{
  "dateTime" : "09/19/13 21:06:00",
  "value" : "10"
},{
  "dateTime" : "09/19/13 22:47:00",
  "value" : "10"
},{
  "dateTime" : "09/19/13 22:48:00",
  "value" : "10"
},{
  "dateTime" : "09/19/13 23:55:00",
  "value" : "10"
},{
  "dateTime" : "09/20/13 00:35:00",
  "value" : "10"
},{
  "dateTime" : "09/20/13 01:47:00",
  "value" : "10"
},{
  "dateTime" : "09/20/13 06:50:00",
  "value" : "10"
},{
  "dateTime" : "09/20/13 08:35:00",
  "value" : "10"
},{
  "dateTime" : "09/20/13 08:53:00",
  "value" : "10"
},{
  "dateTime" : "09/20/13 09:34:00",
  "value" : "10"
},{
  "dateTime" : "09/20/13 09:49:00",
  "value" : "10"
},{
  "dateTime" : "09/20/13 13:36:00",
  "value" : "10"
},{
  "dateTime" : "09/20/13 17:59:00",
  "value" : "10"
},{
  "dateTime" : "09/20/13 18:25:00",
  "value" : "10"
},{
  "dateTime" : "09/20/13 20:08:00",
  "value" : "10"
},{
  "dateTime" : "09/20/13 21:33:00",
  "value" : "10"
},{
  "dateTime" : "09/21/13 08:33:00",
  "value" : "10"
},{
  "dateTime" : "09/21/13 08:38:00",
  "value" : "10"
},{
  "dateTime" : "09/21/13 08:39:00",
  "value" : "10"
},{
  "dateTime" : "09/21/13 08:40:00",
  "value" : "10"
},{
  "dateTime" : "09/21/13 14:22:00",
  "value" : "10"
},{
  "dateTime" : "09/21/13 16:29:00",
  "value" : "10"
},{
  "dateTime" : "09/21/13 16:55:00",
  "value" : "10"
},{
  "dateTime" : "09/21/13 18:41:00",
  "value" : "10"
},{
  "dateTime" : "09/21/13 19:20:00",
  "value" : "10"
},{
  "dateTime" : "09/21/13 19:41:00",
  "value" : "10"
},{
  "dateTime" : "09/21/13 20:52:00",
  "value" : "10"
},{
  "dateTime" : "09/21/13 21:20:00",
  "value" : "10"
},{
  "dateTime" : "09/21/13 23:15:00",
  "value" : "10"
},{
  "dateTime" : "09/22/13 01:01:00",
  "value" : "10"
},{
  "dateTime" : "09/22/13 08:09:00",
  "value" : "10"
},{
  "dateTime" : "09/22/13 09:53:00",
  "value" : "10"
},{
  "dateTime" : "09/22/13 14:17:00",
  "value" : "10"
},{
  "dateTime" : "09/22/13 15:02:00",
  "value" : "10"
},{
  "dateTime" : "09/22/13 16:47:00",
  "value" : "10"
},{
  "dateTime" : "09/22/13 17:56:00",
  "value" : "10"
},{
  "dateTime" : "09/22/13 19:00:00",
  "value" : "10"
},{
  "dateTime" : "09/22/13 19:48:00",
  "value" : "10"
},{
  "dateTime" : "09/22/13 19:49:00",
  "value" : "10"
},{
  "dateTime" : "09/22/13 20:08:00",
  "value" : "10"
},{
  "dateTime" : "09/23/13 00:07:00",
  "value" : "10"
},{
  "dateTime" : "09/23/13 00:08:00",
  "value" : "10"
},{
  "dateTime" : "09/23/13 08:39:00",
  "value" : "10"
},{
  "dateTime" : "09/23/13 08:51:00",
  "value" : "10"
},{
  "dateTime" : "09/23/13 11:00:00",
  "value" : "10"
},{
  "dateTime" : "09/23/13 11:25:00",
  "value" : "10"
},{
  "dateTime" : "09/23/13 12:43:00",
  "value" : "10"
},{
  "dateTime" : "09/23/13 13:58:00",
  "value" : "10"
},{
  "dateTime" : "09/23/13 16:27:00",
  "value" : "10"
},{
  "dateTime" : "09/23/13 17:51:00",
  "value" : "10"
},{
  "dateTime" : "09/23/13 18:56:00",
  "value" : "10"
},{
  "dateTime" : "09/23/13 18:57:00",
  "value" : "10"
},{
  "dateTime" : "09/23/13 18:58:00",
  "value" : "10"
},{
  "dateTime" : "09/23/13 18:59:00",
  "value" : "10"
},{
  "dateTime" : "09/23/13 19:13:00",
  "value" : "10"
},{
  "dateTime" : "09/23/13 19:14:00",
  "value" : "10"
},{
  "dateTime" : "09/23/13 19:15:00",
  "value" : "10"
},{
  "dateTime" : "09/23/13 20:28:00",
  "value" : "10"
},{
  "dateTime" : "09/23/13 20:54:00",
  "value" : "10"
},{
  "dateTime" : "09/23/13 22:59:00",
  "value" : "10"
},{
  "dateTime" : "09/24/13 08:49:00",
  "value" : "10"
},{
  "dateTime" : "09/24/13 10:34:00",
  "value" : "10"
},{
  "dateTime" : "09/24/13 11:47:00",
  "value" : "10"
},{
  "dateTime" : "09/24/13 12:46:00",
  "value" : "30"
},{
  "dateTime" : "09/24/13 12:47:00",
  "value" : "10"
},{
  "dateTime" : "09/24/13 15:15:00",
  "value" : "10"
},{
  "dateTime" : "09/24/13 15:16:00",
  "value" : "10"
},{
  "dateTime" : "09/24/13 16:02:00",
  "value" : "10"
},{
  "dateTime" : "09/24/13 16:29:00",
  "value" : "10"
},{
  "dateTime" : "09/24/13 17:03:00",
  "value" : "10"
},{
  "dateTime" : "09/24/13 18:06:00",
  "value" : "10"
},{
  "dateTime" : "09/24/13 18:50:00",
  "value" : "10"
},{
  "dateTime" : "09/24/13 20:09:00",
  "value" : "10"
},{
  "dateTime" : "09/24/13 21:08:00",
  "value" : "10"
},{
  "dateTime" : "09/24/13 23:53:00",
  "value" : "10"
},{
  "dateTime" : "09/25/13 08:46:00",
  "value" : "10"
},{
  "dateTime" : "09/25/13 08:56:00",
  "value" : "10"
},{
  "dateTime" : "09/25/13 09:48:00",
  "value" : "10"
},{
  "dateTime" : "09/25/13 19:02:00",
  "value" : "10"
},{
  "dateTime" : "09/25/13 19:57:00",
  "value" : "10"
},{
  "dateTime" : "09/25/13 19:58:00",
  "value" : "10"
},{
  "dateTime" : "09/25/13 19:59:00",
  "value" : "10"
},{
  "dateTime" : "09/25/13 20:30:00",
  "value" : "10"
},{
  "dateTime" : "09/25/13 20:43:00",
  "value" : "10"
},{
  "dateTime" : "09/25/13 20:44:00",
  "value" : "10"
},{
  "dateTime" : "09/25/13 20:58:00",
  "value" : "10"
},{
  "dateTime" : "09/26/13 00:45:00",
  "value" : "10"
},{
  "dateTime" : "09/26/13 01:48:00",
  "value" : "10"
},{
  "dateTime" : "09/26/13 10:25:00",
  "value" : "10"
},{
  "dateTime" : "09/26/13 11:37:00",
  "value" : "10"
},{
  "dateTime" : "09/26/13 11:58:00",
  "value" : "10"
},{
  "dateTime" : "09/26/13 13:56:00",
  "value" : "10"
},{
  "dateTime" : "09/26/13 16:47:00",
  "value" : "10"
},{
  "dateTime" : "09/26/13 17:16:00",
  "value" : "10"
},{
  "dateTime" : "09/26/13 20:45:00",
  "value" : "10"
},{
  "dateTime" : "09/27/13 09:29:00",
  "value" : "10"
},{
  "dateTime" : "09/27/13 10:35:00",
  "value" : "10"
},{
  "dateTime" : "09/27/13 12:12:00",
  "value" : "10"
},{
  "dateTime" : "09/27/13 12:13:00",
  "value" : "10"
},{
  "dateTime" : "09/27/13 12:37:00",
  "value" : "10"
},{
  "dateTime" : "09/27/13 12:38:00",
  "value" : "20"
},{
  "dateTime" : "09/27/13 14:22:00",
  "value" : "10"
},{
  "dateTime" : "09/27/13 15:16:00",
  "value" : "10"
},{
  "dateTime" : "09/27/13 15:17:00",
  "value" : "10"
},{
  "dateTime" : "09/27/13 15:32:00",
  "value" : "10"
},{
  "dateTime" : "09/27/13 15:53:00",
  "value" : "10"
},{
  "dateTime" : "09/27/13 16:32:00",
  "value" : "10"
},{
  "dateTime" : "09/27/13 16:38:00",
  "value" : "20"
},{
  "dateTime" : "09/27/13 17:05:00",
  "value" : "10"
},{
  "dateTime" : "09/27/13 17:06:00",
  "value" : "10"
},{
  "dateTime" : "09/27/13 17:36:00",
  "value" : "10"
},{
  "dateTime" : "09/27/13 17:48:00",
  "value" : "10"
},{
  "dateTime" : "09/27/13 18:05:00",
  "value" : "10"
},{
  "dateTime" : "09/27/13 18:37:00",
  "value" : "10"
},{
  "dateTime" : "09/27/13 19:29:00",
  "value" : "10"
},{
  "dateTime" : "09/27/13 19:30:00",
  "value" : "10"
},{
  "dateTime" : "09/27/13 20:34:00",
  "value" : "10"
},{
  "dateTime" : "09/27/13 21:01:00",
  "value" : "10"
},{
  "dateTime" : "09/27/13 21:23:00",
  "value" : "10"
},{
  "dateTime" : "09/27/13 23:27:00",
  "value" : "10"
},{
  "dateTime" : "09/28/13 01:09:00",
  "value" : "10"
},{
  "dateTime" : "09/28/13 01:25:00",
  "value" : "10"
},{
  "dateTime" : "09/28/13 08:31:00",
  "value" : "10"
},{
  "dateTime" : "09/28/13 10:31:00",
  "value" : "10"
},{
  "dateTime" : "09/28/13 12:02:00",
  "value" : "10"
},{
  "dateTime" : "09/28/13 17:16:00",
  "value" : "10"
},{
  "dateTime" : "09/28/13 19:21:00",
  "value" : "10"
},{
  "dateTime" : "09/28/13 20:30:00",
  "value" : "10"
},{
  "dateTime" : "09/28/13 23:55:00",
  "value" : "10"
},{
  "dateTime" : "09/29/13 00:58:00",
  "value" : "10"
},{
  "dateTime" : "09/29/13 10:15:00",
  "value" : "10"
},{
  "dateTime" : "09/29/13 15:00:00",
  "value" : "10"
},{
  "dateTime" : "09/29/13 15:17:00",
  "value" : "10"
},{
  "dateTime" : "09/29/13 15:23:00",
  "value" : "10"
},{
  "dateTime" : "09/29/13 16:21:00",
  "value" : "10"
},{
  "dateTime" : "09/29/13 18:25:00",
  "value" : "10"
},{
  "dateTime" : "09/29/13 18:26:00",
  "value" : "20"
},{
  "dateTime" : "09/29/13 18:27:00",
  "value" : "10"
},{
  "dateTime" : "09/29/13 19:59:00",
  "value" : "10"
},{
  "dateTime" : "09/29/13 21:48:00",
  "value" : "10"
},{
  "dateTime" : "09/30/13 02:10:00",
  "value" : "10"
},{
  "dateTime" : "09/30/13 08:45:00",
  "value" : "10"
},{
  "dateTime" : "09/30/13 15:03:00",
  "value" : "10"
},{
  "dateTime" : "09/30/13 15:41:00",
  "value" : "10"
},{
  "dateTime" : "09/30/13 16:16:00",
  "value" : "10"
},{
  "dateTime" : "09/30/13 17:05:00",
  "value" : "10"
},{
  "dateTime" : "09/30/13 17:13:00",
  "value" : "10"
},{
  "dateTime" : "09/30/13 17:31:00",
  "value" : "10"
},{
  "dateTime" : "09/30/13 23:57:00",
  "value" : "10"
},{
  "dateTime" : "10/01/13 08:27:00",
  "value" : "10"
},{
  "dateTime" : "10/01/13 08:43:00",
  "value" : "10"
},{
  "dateTime" : "10/01/13 09:00:00",
  "value" : "10"
},{
  "dateTime" : "10/01/13 10:21:00",
  "value" : "10"
},{
  "dateTime" : "10/01/13 11:13:00",
  "value" : "10"
},{
  "dateTime" : "10/01/13 11:53:00",
  "value" : "10"
},{
  "dateTime" : "10/01/13 12:47:00",
  "value" : "10"
},{
  "dateTime" : "10/01/13 12:48:00",
  "value" : "10"
},{
  "dateTime" : "10/01/13 12:49:00",
  "value" : "10"
},{
  "dateTime" : "10/01/13 14:50:00",
  "value" : "10"
},{
  "dateTime" : "10/01/13 14:51:00",
  "value" : "10"
},{
  "dateTime" : "10/01/13 16:53:00",
  "value" : "10"
},{
  "dateTime" : "10/01/13 16:54:00",
  "value" : "10"
},{
  "dateTime" : "10/01/13 19:28:00",
  "value" : "10"
},{
  "dateTime" : "10/01/13 19:36:00",
  "value" : "10"
},{
  "dateTime" : "10/01/13 19:37:00",
  "value" : "10"
},{
  "dateTime" : "10/01/13 20:23:00",
  "value" : "10"
},{
  "dateTime" : "10/01/13 23:18:00",
  "value" : "10"
},{
  "dateTime" : "10/02/13 00:18:00",
  "value" : "10"
},{
  "dateTime" : "10/02/13 01:14:00",
  "value" : "10"
},{
  "dateTime" : "10/02/13 02:04:00",
  "value" : "10"
},{
  "dateTime" : "10/02/13 09:15:00",
  "value" : "10"
},{
  "dateTime" : "10/02/13 09:51:00",
  "value" : "10"
},{
  "dateTime" : "10/02/13 09:52:00",
  "value" : "10"
},{
  "dateTime" : "10/02/13 09:53:00",
  "value" : "20"
},{
  "dateTime" : "10/02/13 09:54:00",
  "value" : "10"
},{
  "dateTime" : "10/02/13 09:55:00",
  "value" : "10"
},{
  "dateTime" : "10/02/13 11:01:00",
  "value" : "10"
},{
  "dateTime" : "10/02/13 11:09:00",
  "value" : "10"
},{
  "dateTime" : "10/02/13 11:10:00",
  "value" : "10"
},{
  "dateTime" : "10/02/13 18:02:00",
  "value" : "10"
},{
  "dateTime" : "10/02/13 18:18:00",
  "value" : "10"
},{
  "dateTime" : "10/02/13 20:56:00",
  "value" : "10"
},{
  "dateTime" : "10/02/13 22:39:00",
  "value" : "10"
},{
  "dateTime" : "10/03/13 00:09:00",
  "value" : "10"
},{
  "dateTime" : "10/03/13 08:44:00",
  "value" : "10"
},{
  "dateTime" : "10/03/13 09:28:00",
  "value" : "10"
},{
  "dateTime" : "10/03/13 10:16:00",
  "value" : "10"
},{
  "dateTime" : "10/03/13 11:43:00",
  "value" : "10"
},{
  "dateTime" : "10/03/13 12:13:00",
  "value" : "10"
},{
  "dateTime" : "10/03/13 13:02:00",
  "value" : "20"
},{
  "dateTime" : "10/03/13 13:27:00",
  "value" : "10"
},{
  "dateTime" : "10/03/13 14:22:00",
  "value" : "10"
},{
  "dateTime" : "10/03/13 19:54:00",
  "value" : "10"
},{
  "dateTime" : "10/03/13 22:44:00",
  "value" : "10"
},{
  "dateTime" : "10/04/13 08:18:00",
  "value" : "10"
},{
  "dateTime" : "10/04/13 08:50:00",
  "value" : "10"
},{
  "dateTime" : "10/04/13 11:06:00",
  "value" : "10"
},{
  "dateTime" : "10/04/13 13:10:00",
  "value" : "10"
},{
  "dateTime" : "10/04/13 14:23:00",
  "value" : "10"
},{
  "dateTime" : "10/04/13 16:43:00",
  "value" : "10"
},{
  "dateTime" : "10/04/13 17:10:00",
  "value" : "10"
},{
  "dateTime" : "10/04/13 22:33:00",
  "value" : "10"
},{
  "dateTime" : "10/04/13 23:37:00",
  "value" : "10"
},{
  "dateTime" : "10/05/13 01:33:00",
  "value" : "10"
},{
  "dateTime" : "10/05/13 08:18:00",
  "value" : "10"
},{
  "dateTime" : "10/05/13 09:15:00",
  "value" : "10"
},{
  "dateTime" : "10/05/13 14:40:00",
  "value" : "10"
},{
  "dateTime" : "10/05/13 22:38:00",
  "value" : "10"
},{
  "dateTime" : "10/06/13 00:31:00",
  "value" : "10"
},{
  "dateTime" : "10/06/13 14:35:00",
  "value" : "10"
},{
  "dateTime" : "10/06/13 16:41:00",
  "value" : "10"
},{
  "dateTime" : "10/06/13 17:03:00",
  "value" : "10"
},{
  "dateTime" : "10/06/13 17:04:00",
  "value" : "10"
},{
  "dateTime" : "10/06/13 17:05:00",
  "value" : "10"
},{
  "dateTime" : "10/06/13 17:49:00",
  "value" : "10"
},{
  "dateTime" : "10/06/13 17:50:00",
  "value" : "10"
},{
  "dateTime" : "10/06/13 20:20:00",
  "value" : "10"
},{
  "dateTime" : "10/06/13 20:21:00",
  "value" : "10"
},{
  "dateTime" : "10/06/13 22:02:00",
  "value" : "10"
},{
  "dateTime" : "10/07/13 08:50:00",
  "value" : "10"
},{
  "dateTime" : "10/07/13 09:58:00",
  "value" : "10"
},{
  "dateTime" : "10/07/13 10:50:00",
  "value" : "10"
},{
  "dateTime" : "10/07/13 10:51:00",
  "value" : "10"
},{
  "dateTime" : "10/07/13 10:52:00",
  "value" : "10"
},{
  "dateTime" : "10/07/13 11:58:00",
  "value" : "10"
},{
  "dateTime" : "10/07/13 11:59:00",
  "value" : "10"
},{
  "dateTime" : "10/07/13 13:49:00",
  "value" : "30"
},{
  "dateTime" : "10/07/13 15:27:00",
  "value" : "10"
},{
  "dateTime" : "10/07/13 17:06:00",
  "value" : "10"
},{
  "dateTime" : "10/07/13 17:15:00",
  "value" : "10"
},{
  "dateTime" : "10/07/13 18:41:00",
  "value" : "10"
},{
  "dateTime" : "10/07/13 18:42:00",
  "value" : "10"
},{
  "dateTime" : "10/07/13 21:17:00",
  "value" : "10"
},{
  "dateTime" : "10/07/13 21:18:00",
  "value" : "10"
},{
  "dateTime" : "10/07/13 21:34:00",
  "value" : "10"
},{
  "dateTime" : "10/07/13 22:47:00",
  "value" : "10"
},{
  "dateTime" : "10/08/13 01:00:00",
  "value" : "10"
},{
  "dateTime" : "10/08/13 07:38:00",
  "value" : "10"
},{
  "dateTime" : "10/08/13 08:42:00",
  "value" : "10"
},{
  "dateTime" : "10/08/13 08:43:00",
  "value" : "10"
},{
  "dateTime" : "10/08/13 10:15:00",
  "value" : "10"
},{
  "dateTime" : "10/08/13 11:46:00",
  "value" : "10"
},{
  "dateTime" : "10/08/13 12:34:00",
  "value" : "10"
},{
  "dateTime" : "10/08/13 15:35:00",
  "value" : "10"
},{
  "dateTime" : "10/08/13 15:36:00",
  "value" : "10"
},{
  "dateTime" : "10/08/13 16:48:00",
  "value" : "10"
},{
  "dateTime" : "10/08/13 17:33:00",
  "value" : "10"
},{
  "dateTime" : "10/08/13 17:56:00",
  "value" : "10"
},{
  "dateTime" : "10/08/13 20:04:00",
  "value" : "10"
},{
  "dateTime" : "10/08/13 22:17:00",
  "value" : "10"
},{
  "dateTime" : "10/09/13 00:06:00",
  "value" : "10"
},{
  "dateTime" : "10/09/13 01:04:00",
  "value" : "10"
},{
  "dateTime" : "10/09/13 08:37:00",
  "value" : "10"
},{
  "dateTime" : "10/09/13 09:06:00",
  "value" : "10"
},{
  "dateTime" : "10/09/13 09:49:00",
  "value" : "10"
},{
  "dateTime" : "10/09/13 09:50:00",
  "value" : "20"
},{
  "dateTime" : "10/09/13 09:51:00",
  "value" : "10"
},{
  "dateTime" : "10/09/13 12:52:00",
  "value" : "10"
},{
  "dateTime" : "10/09/13 16:29:00",
  "value" : "10"
},{
  "dateTime" : "10/09/13 18:42:00",
  "value" : "10"
},{
  "dateTime" : "10/09/13 19:18:00",
  "value" : "10"
},{
  "dateTime" : "10/09/13 20:03:00",
  "value" : "10"
},{
  "dateTime" : "10/09/13 20:04:00",
  "value" : "10"
},{
  "dateTime" : "10/09/13 20:05:00",
  "value" : "10"
},{
  "dateTime" : "10/09/13 20:27:00",
  "value" : "10"
},{
  "dateTime" : "10/09/13 20:28:00",
  "value" : "10"
},{
  "dateTime" : "10/09/13 22:30:00",
  "value" : "10"
},{
  "dateTime" : "10/10/13 09:36:00",
  "value" : "10"
},{
  "dateTime" : "10/10/13 11:44:00",
  "value" : "10"
},{
  "dateTime" : "10/10/13 12:03:00",
  "value" : "10"
},{
  "dateTime" : "10/10/13 12:38:00",
  "value" : "10"
},{
  "dateTime" : "10/10/13 16:16:00",
  "value" : "10"
},{
  "dateTime" : "10/10/13 20:24:00",
  "value" : "10"
},{
  "dateTime" : "10/10/13 20:49:00",
  "value" : "10"
},{
  "dateTime" : "10/10/13 20:50:00",
  "value" : "10"
},{
  "dateTime" : "10/11/13 04:33:00",
  "value" : "10"
},{
  "dateTime" : "10/11/13 08:15:00",
  "value" : "10"
},{
  "dateTime" : "10/11/13 13:24:00",
  "value" : "10"
},{
  "dateTime" : "10/11/13 14:57:00",
  "value" : "10"
},{
  "dateTime" : "10/11/13 18:16:00",
  "value" : "10"
},{
  "dateTime" : "10/11/13 20:21:00",
  "value" : "10"
},{
  "dateTime" : "10/11/13 21:00:00",
  "value" : "10"
},{
  "dateTime" : "10/12/13 06:11:00",
  "value" : "10"
},{
  "dateTime" : "10/12/13 06:12:00",
  "value" : "10"
},{
  "dateTime" : "10/12/13 06:13:00",
  "value" : "10"
},{
  "dateTime" : "10/12/13 07:22:00",
  "value" : "10"
},{
  "dateTime" : "10/12/13 07:23:00",
  "value" : "10"
},{
  "dateTime" : "10/12/13 07:35:00",
  "value" : "10"
},{
  "dateTime" : "10/12/13 07:51:00",
  "value" : "10"
},{
  "dateTime" : "10/12/13 07:52:00",
  "value" : "10"
},{
  "dateTime" : "10/12/13 10:35:00",
  "value" : "10"
},{
  "dateTime" : "10/12/13 11:33:00",
  "value" : "10"
},{
  "dateTime" : "10/12/13 11:34:00",
  "value" : "10"
},{
  "dateTime" : "10/12/13 13:11:00",
  "value" : "10"
},{
  "dateTime" : "10/12/13 13:33:00",
  "value" : "10"
},{
  "dateTime" : "10/12/13 13:34:00",
  "value" : "10"
},{
  "dateTime" : "10/12/13 13:51:00",
  "value" : "10"
},{
  "dateTime" : "10/12/13 13:52:00",
  "value" : "10"
},{
  "dateTime" : "10/12/13 17:36:00",
  "value" : "10"
},{
  "dateTime" : "10/12/13 17:37:00",
  "value" : "10"
},{
  "dateTime" : "10/12/13 17:44:00",
  "value" : "10"
},{
  "dateTime" : "10/12/13 18:00:00",
  "value" : "10"
},{
  "dateTime" : "10/12/13 19:48:00",
  "value" : "10"
},{
  "dateTime" : "10/12/13 20:09:00",
  "value" : "10"
},{
  "dateTime" : "10/12/13 21:16:00",
  "value" : "10"
},{
  "dateTime" : "10/12/13 22:01:00",
  "value" : "10"
},{
  "dateTime" : "10/12/13 22:18:00",
  "value" : "10"
},{
  "dateTime" : "10/13/13 01:50:00",
  "value" : "10"
},{
  "dateTime" : "10/13/13 01:51:00",
  "value" : "10"
},{
  "dateTime" : "10/13/13 02:54:00",
  "value" : "10"
},{
  "dateTime" : "10/13/13 03:23:00",
  "value" : "10"
},{
  "dateTime" : "10/13/13 05:26:00",
  "value" : "10"
},{
  "dateTime" : "10/13/13 08:07:00",
  "value" : "10"
},{
  "dateTime" : "10/13/13 08:31:00",
  "value" : "10"
},{
  "dateTime" : "10/13/13 09:42:00",
  "value" : "10"
},{
  "dateTime" : "10/13/13 10:05:00",
  "value" : "10"
},{
  "dateTime" : "10/13/13 13:31:00",
  "value" : "10"
},{
  "dateTime" : "10/13/13 13:39:00",
  "value" : "10"
},{
  "dateTime" : "10/13/13 14:01:00",
  "value" : "10"
},{
  "dateTime" : "10/13/13 14:02:00",
  "value" : "10"
},{
  "dateTime" : "10/13/13 16:34:00",
  "value" : "10"
},{
  "dateTime" : "10/13/13 18:45:00",
  "value" : "10"
},{
  "dateTime" : "10/13/13 19:22:00",
  "value" : "10"
},{
  "dateTime" : "10/13/13 19:47:00",
  "value" : "10"
},{
  "dateTime" : "10/13/13 22:27:00",
  "value" : "10"
},{
  "dateTime" : "10/14/13 10:08:00",
  "value" : "10"
},{
  "dateTime" : "10/14/13 14:20:00",
  "value" : "10"
},{
  "dateTime" : "10/14/13 15:19:00",
  "value" : "10"
},{
  "dateTime" : "10/14/13 16:09:00",
  "value" : "10"
},{
  "dateTime" : "10/14/13 17:21:00",
  "value" : "10"
},{
  "dateTime" : "10/14/13 21:18:00",
  "value" : "10"
},{
  "dateTime" : "10/14/13 21:48:00",
  "value" : "10"
},{
  "dateTime" : "10/14/13 23:38:00",
  "value" : "10"
},{
  "dateTime" : "10/15/13 00:13:00",
  "value" : "10"
},{
  "dateTime" : "10/15/13 09:02:00",
  "value" : "10"
},{
  "dateTime" : "10/15/13 09:03:00",
  "value" : "10"
},{
  "dateTime" : "10/15/13 11:00:00",
  "value" : "10"
},{
  "dateTime" : "10/15/13 11:01:00",
  "value" : "10"
},{
  "dateTime" : "10/15/13 11:46:00",
  "value" : "10"
},{
  "dateTime" : "10/15/13 11:47:00",
  "value" : "10"
},{
  "dateTime" : "10/15/13 12:44:00",
  "value" : "10"
},{
  "dateTime" : "10/15/13 12:45:00",
  "value" : "10"
},{
  "dateTime" : "10/15/13 16:37:00",
  "value" : "10"
},{
  "dateTime" : "10/15/13 16:38:00",
  "value" : "10"
},{
  "dateTime" : "10/15/13 16:39:00",
  "value" : "10"
},{
  "dateTime" : "10/15/13 16:40:00",
  "value" : "10"
},{
  "dateTime" : "10/15/13 17:20:00",
  "value" : "10"
},{
  "dateTime" : "10/15/13 18:26:00",
  "value" : "20"
},{
  "dateTime" : "10/15/13 18:27:00",
  "value" : "10"
},{
  "dateTime" : "10/15/13 20:25:00",
  "value" : "10"
},{
  "dateTime" : "10/15/13 21:55:00",
  "value" : "10"
},{
  "dateTime" : "10/15/13 23:03:00",
  "value" : "10"
},{
  "dateTime" : "10/16/13 01:51:00",
  "value" : "10"
},{
  "dateTime" : "10/16/13 07:48:00",
  "value" : "10"
},{
  "dateTime" : "10/16/13 09:13:00",
  "value" : "10"
},{
  "dateTime" : "10/16/13 09:48:00",
  "value" : "10"
},{
  "dateTime" : "10/16/13 09:49:00",
  "value" : "10"
},{
  "dateTime" : "10/16/13 09:53:00",
  "value" : "20"
},{
  "dateTime" : "10/16/13 09:54:00",
  "value" : "10"
},{
  "dateTime" : "10/16/13 17:02:00",
  "value" : "10"
},{
  "dateTime" : "10/16/13 17:51:00",
  "value" : "10"
},{
  "dateTime" : "10/16/13 19:29:00",
  "value" : "10"
},{
  "dateTime" : "10/16/13 21:52:00",
  "value" : "10"
},{
  "dateTime" : "10/16/13 21:53:00",
  "value" : "10"
}]