[{
  "dateTime" : "02/09/15 08:39:00",
  "value" : "10"
},{
  "dateTime" : "02/09/15 09:06:00",
  "value" : "10"
},{
  "dateTime" : "02/09/15 09:36:00",
  "value" : "10"
},{
  "dateTime" : "02/09/15 10:11:00",
  "value" : "10"
},{
  "dateTime" : "02/09/15 10:52:00",
  "value" : "10"
},{
  "dateTime" : "02/09/15 11:05:00",
  "value" : "10"
},{
  "dateTime" : "02/09/15 13:26:00",
  "value" : "10"
},{
  "dateTime" : "02/09/15 15:13:00",
  "value" : "10"
},{
  "dateTime" : "02/09/15 16:48:00",
  "value" : "10"
},{
  "dateTime" : "02/09/15 16:56:00",
  "value" : "10"
},{
  "dateTime" : "02/09/15 16:57:00",
  "value" : "10"
},{
  "dateTime" : "02/09/15 17:16:00",
  "value" : "10"
},{
  "dateTime" : "02/09/15 17:17:00",
  "value" : "10"
},{
  "dateTime" : "02/09/15 20:44:00",
  "value" : "10"
},{
  "dateTime" : "02/10/15 00:50:00",
  "value" : "10"
},{
  "dateTime" : "02/10/15 08:35:00",
  "value" : "10"
},{
  "dateTime" : "02/10/15 08:36:00",
  "value" : "10"
},{
  "dateTime" : "02/10/15 09:39:00",
  "value" : "10"
},{
  "dateTime" : "02/10/15 13:20:00",
  "value" : "10"
},{
  "dateTime" : "02/10/15 13:21:00",
  "value" : "10"
},{
  "dateTime" : "02/10/15 16:42:00",
  "value" : "10"
},{
  "dateTime" : "02/10/15 16:43:00",
  "value" : "10"
},{
  "dateTime" : "02/10/15 17:19:00",
  "value" : "10"
},{
  "dateTime" : "02/10/15 17:57:00",
  "value" : "10"
},{
  "dateTime" : "02/10/15 18:22:00",
  "value" : "10"
},{
  "dateTime" : "02/10/15 20:33:00",
  "value" : "10"
},{
  "dateTime" : "02/10/15 20:55:00",
  "value" : "10"
},{
  "dateTime" : "02/10/15 23:20:00",
  "value" : "10"
},{
  "dateTime" : "02/11/15 11:39:00",
  "value" : "10"
},{
  "dateTime" : "02/11/15 11:40:00",
  "value" : "10"
},{
  "dateTime" : "02/11/15 16:12:00",
  "value" : "10"
},{
  "dateTime" : "02/11/15 17:49:00",
  "value" : "10"
},{
  "dateTime" : "02/11/15 19:14:00",
  "value" : "10"
},{
  "dateTime" : "02/11/15 20:00:00",
  "value" : "10"
},{
  "dateTime" : "02/11/15 20:01:00",
  "value" : "10"
},{
  "dateTime" : "02/11/15 20:31:00",
  "value" : "10"
},{
  "dateTime" : "02/11/15 23:33:00",
  "value" : "10"
},{
  "dateTime" : "02/12/15 08:41:00",
  "value" : "10"
},{
  "dateTime" : "02/12/15 09:25:00",
  "value" : "10"
},{
  "dateTime" : "02/12/15 10:15:00",
  "value" : "20"
},{
  "dateTime" : "02/12/15 10:16:00",
  "value" : "10"
},{
  "dateTime" : "02/12/15 10:17:00",
  "value" : "10"
},{
  "dateTime" : "02/12/15 13:22:00",
  "value" : "10"
},{
  "dateTime" : "02/12/15 13:23:00",
  "value" : "10"
},{
  "dateTime" : "02/12/15 13:24:00",
  "value" : "10"
},{
  "dateTime" : "02/12/15 14:07:00",
  "value" : "10"
},{
  "dateTime" : "02/12/15 16:12:00",
  "value" : "10"
},{
  "dateTime" : "02/12/15 16:19:00",
  "value" : "10"
},{
  "dateTime" : "02/12/15 18:03:00",
  "value" : "10"
},{
  "dateTime" : "02/12/15 19:09:00",
  "value" : "10"
},{
  "dateTime" : "02/12/15 20:01:00",
  "value" : "10"
},{
  "dateTime" : "02/12/15 20:02:00",
  "value" : "10"
},{
  "dateTime" : "02/12/15 20:29:00",
  "value" : "10"
},{
  "dateTime" : "02/12/15 20:51:00",
  "value" : "10"
},{
  "dateTime" : "02/13/15 06:54:00",
  "value" : "10"
},{
  "dateTime" : "02/13/15 07:57:00",
  "value" : "10"
},{
  "dateTime" : "02/13/15 07:58:00",
  "value" : "10"
},{
  "dateTime" : "02/13/15 07:59:00",
  "value" : "10"
},{
  "dateTime" : "02/13/15 08:00:00",
  "value" : "10"
},{
  "dateTime" : "02/13/15 09:18:00",
  "value" : "10"
},{
  "dateTime" : "02/13/15 09:19:00",
  "value" : "10"
},{
  "dateTime" : "02/13/15 09:20:00",
  "value" : "10"
},{
  "dateTime" : "02/13/15 09:50:00",
  "value" : "10"
},{
  "dateTime" : "02/13/15 09:51:00",
  "value" : "10"
},{
  "dateTime" : "02/13/15 12:35:00",
  "value" : "10"
},{
  "dateTime" : "02/13/15 13:29:00",
  "value" : "10"
},{
  "dateTime" : "02/13/15 15:03:00",
  "value" : "10"
},{
  "dateTime" : "02/13/15 15:27:00",
  "value" : "10"
},{
  "dateTime" : "02/13/15 15:28:00",
  "value" : "10"
},{
  "dateTime" : "02/13/15 18:23:00",
  "value" : "10"
},{
  "dateTime" : "02/13/15 18:31:00",
  "value" : "10"
},{
  "dateTime" : "02/13/15 18:32:00",
  "value" : "10"
},{
  "dateTime" : "02/13/15 18:55:00",
  "value" : "10"
},{
  "dateTime" : "02/13/15 19:11:00",
  "value" : "10"
},{
  "dateTime" : "02/13/15 19:31:00",
  "value" : "10"
},{
  "dateTime" : "02/13/15 22:26:00",
  "value" : "10"
},{
  "dateTime" : "02/14/15 01:22:00",
  "value" : "10"
},{
  "dateTime" : "02/14/15 12:40:00",
  "value" : "10"
},{
  "dateTime" : "02/14/15 12:58:00",
  "value" : "20"
},{
  "dateTime" : "02/14/15 12:59:00",
  "value" : "30"
},{
  "dateTime" : "02/14/15 13:25:00",
  "value" : "10"
},{
  "dateTime" : "02/14/15 15:19:00",
  "value" : "10"
},{
  "dateTime" : "02/14/15 15:36:00",
  "value" : "10"
},{
  "dateTime" : "02/14/15 16:55:00",
  "value" : "10"
},{
  "dateTime" : "02/14/15 17:32:00",
  "value" : "10"
},{
  "dateTime" : "02/14/15 18:05:00",
  "value" : "10"
},{
  "dateTime" : "02/14/15 18:06:00",
  "value" : "10"
},{
  "dateTime" : "02/14/15 20:25:00",
  "value" : "10"
},{
  "dateTime" : "02/14/15 20:26:00",
  "value" : "10"
},{
  "dateTime" : "02/15/15 09:25:00",
  "value" : "10"
},{
  "dateTime" : "02/15/15 10:36:00",
  "value" : "10"
},{
  "dateTime" : "02/15/15 10:57:00",
  "value" : "10"
},{
  "dateTime" : "02/15/15 11:02:00",
  "value" : "10"
},{
  "dateTime" : "02/15/15 11:03:00",
  "value" : "10"
},{
  "dateTime" : "02/15/15 11:04:00",
  "value" : "10"
},{
  "dateTime" : "02/15/15 14:21:00",
  "value" : "10"
},{
  "dateTime" : "02/15/15 14:37:00",
  "value" : "10"
},{
  "dateTime" : "02/15/15 15:00:00",
  "value" : "10"
},{
  "dateTime" : "02/15/15 15:08:00",
  "value" : "10"
},{
  "dateTime" : "02/15/15 16:27:00",
  "value" : "10"
},{
  "dateTime" : "02/15/15 16:28:00",
  "value" : "10"
},{
  "dateTime" : "02/15/15 17:10:00",
  "value" : "10"
},{
  "dateTime" : "02/15/15 18:03:00",
  "value" : "20"
},{
  "dateTime" : "02/15/15 18:50:00",
  "value" : "20"
},{
  "dateTime" : "02/15/15 20:04:00",
  "value" : "10"
},{
  "dateTime" : "02/15/15 21:39:00",
  "value" : "10"
},{
  "dateTime" : "02/16/15 09:04:00",
  "value" : "10"
},{
  "dateTime" : "02/16/15 09:53:00",
  "value" : "10"
},{
  "dateTime" : "02/16/15 12:20:00",
  "value" : "10"
},{
  "dateTime" : "02/16/15 14:08:00",
  "value" : "10"
},{
  "dateTime" : "02/17/15 08:47:00",
  "value" : "10"
},{
  "dateTime" : "02/17/15 10:06:00",
  "value" : "10"
},{
  "dateTime" : "02/17/15 10:07:00",
  "value" : "10"
},{
  "dateTime" : "02/17/15 11:53:00",
  "value" : "10"
},{
  "dateTime" : "02/17/15 11:54:00",
  "value" : "10"
},{
  "dateTime" : "02/17/15 11:55:00",
  "value" : "10"
},{
  "dateTime" : "02/17/15 13:03:00",
  "value" : "20"
},{
  "dateTime" : "02/17/15 13:04:00",
  "value" : "10"
},{
  "dateTime" : "02/17/15 13:15:00",
  "value" : "20"
},{
  "dateTime" : "02/17/15 13:16:00",
  "value" : "10"
},{
  "dateTime" : "02/17/15 13:29:00",
  "value" : "10"
},{
  "dateTime" : "02/17/15 14:02:00",
  "value" : "10"
},{
  "dateTime" : "02/17/15 16:20:00",
  "value" : "10"
},{
  "dateTime" : "02/17/15 17:09:00",
  "value" : "10"
},{
  "dateTime" : "02/17/15 18:02:00",
  "value" : "10"
},{
  "dateTime" : "02/17/15 19:23:00",
  "value" : "10"
},{
  "dateTime" : "02/17/15 19:29:00",
  "value" : "10"
},{
  "dateTime" : "02/17/15 19:59:00",
  "value" : "10"
},{
  "dateTime" : "02/17/15 21:23:00",
  "value" : "10"
},{
  "dateTime" : "02/17/15 21:24:00",
  "value" : "10"
},{
  "dateTime" : "02/17/15 21:25:00",
  "value" : "10"
},{
  "dateTime" : "02/17/15 21:53:00",
  "value" : "10"
},{
  "dateTime" : "02/18/15 00:01:00",
  "value" : "10"
},{
  "dateTime" : "02/18/15 09:36:00",
  "value" : "10"
},{
  "dateTime" : "02/18/15 09:37:00",
  "value" : "10"
},{
  "dateTime" : "02/18/15 11:12:00",
  "value" : "10"
},{
  "dateTime" : "02/18/15 15:04:00",
  "value" : "10"
},{
  "dateTime" : "02/18/15 17:54:00",
  "value" : "10"
},{
  "dateTime" : "02/18/15 20:41:00",
  "value" : "10"
},{
  "dateTime" : "02/19/15 12:33:00",
  "value" : "10"
},{
  "dateTime" : "02/19/15 13:16:00",
  "value" : "10"
},{
  "dateTime" : "02/19/15 13:17:00",
  "value" : "10"
},{
  "dateTime" : "02/19/15 14:10:00",
  "value" : "10"
},{
  "dateTime" : "02/19/15 14:11:00",
  "value" : "10"
},{
  "dateTime" : "02/19/15 14:59:00",
  "value" : "10"
},{
  "dateTime" : "02/19/15 15:02:00",
  "value" : "10"
},{
  "dateTime" : "02/19/15 15:03:00",
  "value" : "10"
},{
  "dateTime" : "02/19/15 15:33:00",
  "value" : "10"
},{
  "dateTime" : "02/19/15 15:41:00",
  "value" : "10"
},{
  "dateTime" : "02/19/15 15:42:00",
  "value" : "10"
},{
  "dateTime" : "02/19/15 15:43:00",
  "value" : "10"
},{
  "dateTime" : "02/19/15 15:44:00",
  "value" : "10"
},{
  "dateTime" : "02/19/15 15:45:00",
  "value" : "10"
},{
  "dateTime" : "02/19/15 16:26:00",
  "value" : "10"
},{
  "dateTime" : "02/19/15 16:27:00",
  "value" : "10"
},{
  "dateTime" : "02/19/15 17:17:00",
  "value" : "10"
},{
  "dateTime" : "02/19/15 18:26:00",
  "value" : "10"
},{
  "dateTime" : "02/19/15 19:55:00",
  "value" : "10"
},{
  "dateTime" : "02/20/15 10:38:00",
  "value" : "10"
},{
  "dateTime" : "02/20/15 14:06:00",
  "value" : "10"
},{
  "dateTime" : "02/20/15 17:47:00",
  "value" : "10"
},{
  "dateTime" : "02/20/15 18:24:00",
  "value" : "10"
},{
  "dateTime" : "02/20/15 19:50:00",
  "value" : "10"
},{
  "dateTime" : "02/20/15 20:32:00",
  "value" : "10"
},{
  "dateTime" : "02/20/15 21:23:00",
  "value" : "10"
},{
  "dateTime" : "02/21/15 06:45:00",
  "value" : "10"
},{
  "dateTime" : "02/21/15 08:01:00",
  "value" : "10"
},{
  "dateTime" : "02/21/15 09:47:00",
  "value" : "10"
},{
  "dateTime" : "02/21/15 09:48:00",
  "value" : "10"
},{
  "dateTime" : "02/21/15 14:38:00",
  "value" : "10"
},{
  "dateTime" : "02/21/15 15:31:00",
  "value" : "10"
},{
  "dateTime" : "02/21/15 18:10:00",
  "value" : "10"
},{
  "dateTime" : "02/21/15 18:11:00",
  "value" : "10"
},{
  "dateTime" : "02/21/15 19:05:00",
  "value" : "10"
},{
  "dateTime" : "02/21/15 19:06:00",
  "value" : "10"
},{
  "dateTime" : "02/21/15 21:27:00",
  "value" : "10"
},{
  "dateTime" : "02/21/15 22:32:00",
  "value" : "20"
},{
  "dateTime" : "02/21/15 22:49:00",
  "value" : "10"
},{
  "dateTime" : "02/21/15 22:50:00",
  "value" : "10"
},{
  "dateTime" : "02/21/15 23:17:00",
  "value" : "10"
},{
  "dateTime" : "02/22/15 11:18:00",
  "value" : "10"
},{
  "dateTime" : "02/22/15 13:37:00",
  "value" : "10"
},{
  "dateTime" : "02/22/15 17:53:00",
  "value" : "10"
},{
  "dateTime" : "02/22/15 19:50:00",
  "value" : "10"
},{
  "dateTime" : "02/22/15 20:06:00",
  "value" : "10"
},{
  "dateTime" : "02/22/15 20:07:00",
  "value" : "20"
},{
  "dateTime" : "02/22/15 21:35:00",
  "value" : "10"
},{
  "dateTime" : "02/23/15 08:53:00",
  "value" : "10"
},{
  "dateTime" : "02/23/15 09:51:00",
  "value" : "10"
},{
  "dateTime" : "02/23/15 10:47:00",
  "value" : "10"
},{
  "dateTime" : "02/23/15 10:48:00",
  "value" : "10"
},{
  "dateTime" : "02/23/15 11:34:00",
  "value" : "10"
},{
  "dateTime" : "02/23/15 11:57:00",
  "value" : "10"
},{
  "dateTime" : "02/23/15 12:48:00",
  "value" : "10"
},{
  "dateTime" : "02/23/15 13:18:00",
  "value" : "10"
},{
  "dateTime" : "02/23/15 13:44:00",
  "value" : "10"
},{
  "dateTime" : "02/23/15 13:45:00",
  "value" : "10"
},{
  "dateTime" : "02/23/15 14:38:00",
  "value" : "30"
},{
  "dateTime" : "02/23/15 14:39:00",
  "value" : "30"
},{
  "dateTime" : "02/23/15 14:40:00",
  "value" : "10"
},{
  "dateTime" : "02/23/15 14:41:00",
  "value" : "10"
},{
  "dateTime" : "02/23/15 14:54:00",
  "value" : "10"
},{
  "dateTime" : "02/23/15 14:55:00",
  "value" : "20"
},{
  "dateTime" : "02/23/15 14:56:00",
  "value" : "10"
},{
  "dateTime" : "02/23/15 15:03:00",
  "value" : "20"
},{
  "dateTime" : "02/23/15 15:21:00",
  "value" : "10"
},{
  "dateTime" : "02/23/15 15:22:00",
  "value" : "10"
},{
  "dateTime" : "02/23/15 16:00:00",
  "value" : "10"
},{
  "dateTime" : "02/23/15 17:40:00",
  "value" : "10"
},{
  "dateTime" : "02/23/15 18:12:00",
  "value" : "10"
},{
  "dateTime" : "02/23/15 18:13:00",
  "value" : "10"
},{
  "dateTime" : "02/23/15 18:14:00",
  "value" : "10"
},{
  "dateTime" : "02/23/15 19:49:00",
  "value" : "10"
},{
  "dateTime" : "02/23/15 19:50:00",
  "value" : "10"
},{
  "dateTime" : "02/24/15 08:34:00",
  "value" : "10"
},{
  "dateTime" : "02/24/15 10:18:00",
  "value" : "10"
},{
  "dateTime" : "02/24/15 11:32:00",
  "value" : "10"
},{
  "dateTime" : "02/24/15 12:33:00",
  "value" : "10"
},{
  "dateTime" : "02/24/15 12:34:00",
  "value" : "10"
},{
  "dateTime" : "02/24/15 12:35:00",
  "value" : "10"
},{
  "dateTime" : "02/24/15 12:59:00",
  "value" : "10"
},{
  "dateTime" : "02/24/15 13:35:00",
  "value" : "30"
},{
  "dateTime" : "02/24/15 13:58:00",
  "value" : "10"
},{
  "dateTime" : "02/24/15 14:26:00",
  "value" : "10"
},{
  "dateTime" : "02/24/15 14:27:00",
  "value" : "10"
},{
  "dateTime" : "02/24/15 14:28:00",
  "value" : "10"
},{
  "dateTime" : "02/24/15 14:29:00",
  "value" : "10"
},{
  "dateTime" : "02/24/15 16:03:00",
  "value" : "10"
},{
  "dateTime" : "02/24/15 16:04:00",
  "value" : "10"
},{
  "dateTime" : "02/24/15 16:44:00",
  "value" : "10"
},{
  "dateTime" : "02/24/15 16:52:00",
  "value" : "10"
},{
  "dateTime" : "02/24/15 17:17:00",
  "value" : "10"
},{
  "dateTime" : "02/24/15 18:15:00",
  "value" : "10"
},{
  "dateTime" : "02/24/15 20:42:00",
  "value" : "10"
},{
  "dateTime" : "02/24/15 21:12:00",
  "value" : "10"
},{
  "dateTime" : "02/25/15 08:13:00",
  "value" : "10"
},{
  "dateTime" : "02/25/15 09:12:00",
  "value" : "10"
},{
  "dateTime" : "02/25/15 09:13:00",
  "value" : "10"
},{
  "dateTime" : "02/25/15 11:10:00",
  "value" : "10"
},{
  "dateTime" : "02/25/15 12:27:00",
  "value" : "10"
},{
  "dateTime" : "02/25/15 13:16:00",
  "value" : "10"
},{
  "dateTime" : "02/25/15 14:10:00",
  "value" : "30"
},{
  "dateTime" : "02/25/15 14:11:00",
  "value" : "10"
},{
  "dateTime" : "02/25/15 14:22:00",
  "value" : "20"
},{
  "dateTime" : "02/25/15 14:23:00",
  "value" : "10"
},{
  "dateTime" : "02/25/15 14:24:00",
  "value" : "30"
},{
  "dateTime" : "02/25/15 14:40:00",
  "value" : "10"
},{
  "dateTime" : "02/25/15 15:34:00",
  "value" : "10"
},{
  "dateTime" : "02/25/15 20:39:00",
  "value" : "10"
},{
  "dateTime" : "02/26/15 08:54:00",
  "value" : "10"
},{
  "dateTime" : "02/26/15 09:40:00",
  "value" : "10"
},{
  "dateTime" : "02/26/15 10:35:00",
  "value" : "10"
},{
  "dateTime" : "02/26/15 13:11:00",
  "value" : "10"
},{
  "dateTime" : "02/26/15 13:31:00",
  "value" : "20"
},{
  "dateTime" : "02/26/15 13:32:00",
  "value" : "20"
},{
  "dateTime" : "02/26/15 13:33:00",
  "value" : "10"
},{
  "dateTime" : "02/26/15 13:46:00",
  "value" : "10"
},{
  "dateTime" : "02/26/15 13:47:00",
  "value" : "30"
},{
  "dateTime" : "02/26/15 14:00:00",
  "value" : "10"
},{
  "dateTime" : "02/26/15 14:27:00",
  "value" : "10"
},{
  "dateTime" : "02/26/15 14:28:00",
  "value" : "10"
},{
  "dateTime" : "02/26/15 17:28:00",
  "value" : "10"
},{
  "dateTime" : "02/26/15 17:45:00",
  "value" : "10"
},{
  "dateTime" : "02/26/15 20:25:00",
  "value" : "10"
},{
  "dateTime" : "02/26/15 20:26:00",
  "value" : "10"
},{
  "dateTime" : "02/26/15 21:14:00",
  "value" : "10"
},{
  "dateTime" : "02/27/15 08:40:00",
  "value" : "10"
},{
  "dateTime" : "02/27/15 08:48:00",
  "value" : "10"
},{
  "dateTime" : "02/27/15 10:40:00",
  "value" : "10"
},{
  "dateTime" : "02/27/15 11:41:00",
  "value" : "10"
},{
  "dateTime" : "02/27/15 11:46:00",
  "value" : "10"
},{
  "dateTime" : "02/27/15 11:47:00",
  "value" : "20"
},{
  "dateTime" : "02/27/15 12:07:00",
  "value" : "10"
},{
  "dateTime" : "02/27/15 14:20:00",
  "value" : "10"
},{
  "dateTime" : "02/27/15 14:21:00",
  "value" : "10"
},{
  "dateTime" : "02/27/15 15:20:00",
  "value" : "10"
},{
  "dateTime" : "02/27/15 17:40:00",
  "value" : "10"
},{
  "dateTime" : "02/27/15 20:50:00",
  "value" : "10"
},{
  "dateTime" : "02/27/15 20:51:00",
  "value" : "10"
},{
  "dateTime" : "02/28/15 12:07:00",
  "value" : "10"
},{
  "dateTime" : "02/28/15 13:05:00",
  "value" : "10"
},{
  "dateTime" : "02/28/15 15:10:00",
  "value" : "10"
},{
  "dateTime" : "02/28/15 18:38:00",
  "value" : "10"
},{
  "dateTime" : "03/01/15 10:23:00",
  "value" : "10"
},{
  "dateTime" : "03/01/15 10:31:00",
  "value" : "10"
},{
  "dateTime" : "03/01/15 10:32:00",
  "value" : "10"
},{
  "dateTime" : "03/01/15 11:19:00",
  "value" : "10"
},{
  "dateTime" : "03/01/15 13:22:00",
  "value" : "10"
},{
  "dateTime" : "03/01/15 19:11:00",
  "value" : "10"
},{
  "dateTime" : "03/01/15 20:06:00",
  "value" : "10"
},{
  "dateTime" : "03/01/15 20:54:00",
  "value" : "10"
},{
  "dateTime" : "03/01/15 21:02:00",
  "value" : "10"
},{
  "dateTime" : "03/01/15 21:03:00",
  "value" : "10"
},{
  "dateTime" : "03/01/15 22:26:00",
  "value" : "10"
},{
  "dateTime" : "03/01/15 23:39:00",
  "value" : "10"
},{
  "dateTime" : "03/02/15 10:56:00",
  "value" : "10"
},{
  "dateTime" : "03/02/15 11:12:00",
  "value" : "10"
},{
  "dateTime" : "03/02/15 13:37:00",
  "value" : "10"
},{
  "dateTime" : "03/02/15 14:35:00",
  "value" : "10"
},{
  "dateTime" : "03/02/15 14:36:00",
  "value" : "10"
},{
  "dateTime" : "03/02/15 14:37:00",
  "value" : "30"
},{
  "dateTime" : "03/02/15 15:03:00",
  "value" : "20"
},{
  "dateTime" : "03/02/15 15:04:00",
  "value" : "10"
},{
  "dateTime" : "03/02/15 15:05:00",
  "value" : "10"
},{
  "dateTime" : "03/02/15 15:06:00",
  "value" : "10"
},{
  "dateTime" : "03/02/15 15:07:00",
  "value" : "20"
},{
  "dateTime" : "03/02/15 15:25:00",
  "value" : "10"
},{
  "dateTime" : "03/02/15 15:54:00",
  "value" : "10"
},{
  "dateTime" : "03/02/15 16:19:00",
  "value" : "10"
},{
  "dateTime" : "03/02/15 19:18:00",
  "value" : "10"
},{
  "dateTime" : "03/02/15 20:26:00",
  "value" : "10"
},{
  "dateTime" : "03/02/15 20:55:00",
  "value" : "10"
},{
  "dateTime" : "03/03/15 08:22:00",
  "value" : "10"
},{
  "dateTime" : "03/03/15 08:23:00",
  "value" : "10"
},{
  "dateTime" : "03/03/15 09:01:00",
  "value" : "10"
},{
  "dateTime" : "03/03/15 09:18:00",
  "value" : "10"
},{
  "dateTime" : "03/03/15 09:42:00",
  "value" : "30"
},{
  "dateTime" : "03/03/15 09:51:00",
  "value" : "20"
},{
  "dateTime" : "03/03/15 09:52:00",
  "value" : "20"
},{
  "dateTime" : "03/03/15 10:07:00",
  "value" : "20"
},{
  "dateTime" : "03/03/15 10:08:00",
  "value" : "20"
},{
  "dateTime" : "03/03/15 10:30:00",
  "value" : "10"
},{
  "dateTime" : "03/03/15 12:04:00",
  "value" : "10"
},{
  "dateTime" : "03/03/15 12:44:00",
  "value" : "10"
},{
  "dateTime" : "03/03/15 15:59:00",
  "value" : "10"
},{
  "dateTime" : "03/03/15 17:28:00",
  "value" : "10"
},{
  "dateTime" : "03/03/15 18:48:00",
  "value" : "10"
},{
  "dateTime" : "03/03/15 20:35:00",
  "value" : "10"
},{
  "dateTime" : "03/03/15 20:36:00",
  "value" : "10"
},{
  "dateTime" : "03/04/15 07:46:00",
  "value" : "10"
},{
  "dateTime" : "03/04/15 08:32:00",
  "value" : "10"
},{
  "dateTime" : "03/04/15 09:00:00",
  "value" : "10"
},{
  "dateTime" : "03/04/15 09:55:00",
  "value" : "10"
},{
  "dateTime" : "03/04/15 09:56:00",
  "value" : "10"
},{
  "dateTime" : "03/04/15 11:06:00",
  "value" : "10"
},{
  "dateTime" : "03/04/15 15:50:00",
  "value" : "10"
},{
  "dateTime" : "03/04/15 15:51:00",
  "value" : "10"
},{
  "dateTime" : "03/04/15 18:38:00",
  "value" : "10"
},{
  "dateTime" : "03/04/15 19:22:00",
  "value" : "10"
},{
  "dateTime" : "03/04/15 20:08:00",
  "value" : "10"
},{
  "dateTime" : "03/04/15 20:45:00",
  "value" : "10"
},{
  "dateTime" : "03/04/15 21:28:00",
  "value" : "10"
},{
  "dateTime" : "03/05/15 10:44:00",
  "value" : "20"
},{
  "dateTime" : "03/05/15 10:45:00",
  "value" : "20"
},{
  "dateTime" : "03/05/15 10:46:00",
  "value" : "10"
},{
  "dateTime" : "03/05/15 10:47:00",
  "value" : "10"
},{
  "dateTime" : "03/05/15 11:18:00",
  "value" : "10"
},{
  "dateTime" : "03/05/15 11:19:00",
  "value" : "10"
},{
  "dateTime" : "03/05/15 11:20:00",
  "value" : "30"
},{
  "dateTime" : "03/05/15 11:35:00",
  "value" : "10"
},{
  "dateTime" : "03/05/15 11:36:00",
  "value" : "10"
},{
  "dateTime" : "03/05/15 11:37:00",
  "value" : "10"
},{
  "dateTime" : "03/05/15 12:28:00",
  "value" : "10"
},{
  "dateTime" : "03/05/15 16:02:00",
  "value" : "10"
},{
  "dateTime" : "03/05/15 17:49:00",
  "value" : "10"
},{
  "dateTime" : "03/05/15 17:50:00",
  "value" : "10"
},{
  "dateTime" : "03/05/15 18:13:00",
  "value" : "10"
},{
  "dateTime" : "03/05/15 18:43:00",
  "value" : "10"
},{
  "dateTime" : "03/05/15 19:27:00",
  "value" : "10"
},{
  "dateTime" : "03/05/15 20:36:00",
  "value" : "10"
},{
  "dateTime" : "03/05/15 20:37:00",
  "value" : "10"
},{
  "dateTime" : "03/06/15 06:33:00",
  "value" : "10"
},{
  "dateTime" : "03/06/15 07:13:00",
  "value" : "10"
},{
  "dateTime" : "03/06/15 07:32:00",
  "value" : "10"
},{
  "dateTime" : "03/06/15 08:37:00",
  "value" : "10"
},{
  "dateTime" : "03/06/15 08:38:00",
  "value" : "10"
},{
  "dateTime" : "03/06/15 11:04:00",
  "value" : "10"
},{
  "dateTime" : "03/06/15 11:05:00",
  "value" : "10"
},{
  "dateTime" : "03/06/15 12:50:00",
  "value" : "10"
},{
  "dateTime" : "03/06/15 12:51:00",
  "value" : "10"
},{
  "dateTime" : "03/06/15 12:52:00",
  "value" : "10"
},{
  "dateTime" : "03/06/15 13:30:00",
  "value" : "10"
},{
  "dateTime" : "03/06/15 14:21:00",
  "value" : "10"
},{
  "dateTime" : "03/06/15 14:22:00",
  "value" : "10"
},{
  "dateTime" : "03/06/15 14:23:00",
  "value" : "10"
},{
  "dateTime" : "03/06/15 14:24:00",
  "value" : "10"
},{
  "dateTime" : "03/06/15 14:25:00",
  "value" : "30"
},{
  "dateTime" : "03/06/15 14:26:00",
  "value" : "10"
},{
  "dateTime" : "03/06/15 14:53:00",
  "value" : "10"
},{
  "dateTime" : "03/06/15 14:54:00",
  "value" : "10"
},{
  "dateTime" : "03/06/15 15:14:00",
  "value" : "20"
},{
  "dateTime" : "03/06/15 15:54:00",
  "value" : "10"
},{
  "dateTime" : "03/06/15 17:13:00",
  "value" : "10"
},{
  "dateTime" : "03/06/15 17:47:00",
  "value" : "10"
},{
  "dateTime" : "03/06/15 18:05:00",
  "value" : "10"
},{
  "dateTime" : "03/06/15 18:06:00",
  "value" : "10"
},{
  "dateTime" : "03/06/15 20:16:00",
  "value" : "10"
},{
  "dateTime" : "03/07/15 11:29:00",
  "value" : "20"
},{
  "dateTime" : "03/07/15 11:46:00",
  "value" : "20"
},{
  "dateTime" : "03/07/15 11:47:00",
  "value" : "20"
},{
  "dateTime" : "03/07/15 12:25:00",
  "value" : "10"
},{
  "dateTime" : "03/07/15 12:26:00",
  "value" : "10"
},{
  "dateTime" : "03/07/15 13:22:00",
  "value" : "10"
},{
  "dateTime" : "03/07/15 13:49:00",
  "value" : "10"
},{
  "dateTime" : "03/07/15 15:00:00",
  "value" : "10"
},{
  "dateTime" : "03/07/15 15:08:00",
  "value" : "10"
},{
  "dateTime" : "03/07/15 17:23:00",
  "value" : "10"
},{
  "dateTime" : "03/07/15 18:50:00",
  "value" : "10"
},{
  "dateTime" : "03/07/15 18:51:00",
  "value" : "10"
},{
  "dateTime" : "03/07/15 19:18:00",
  "value" : "10"
},{
  "dateTime" : "03/07/15 19:46:00",
  "value" : "10"
},{
  "dateTime" : "03/07/15 20:10:00",
  "value" : "10"
},{
  "dateTime" : "03/08/15 00:11:00",
  "value" : "10"
},{
  "dateTime" : "03/08/15 00:12:00",
  "value" : "10"
},{
  "dateTime" : "03/08/15 08:28:00",
  "value" : "10"
},{
  "dateTime" : "03/08/15 14:55:00",
  "value" : "10"
},{
  "dateTime" : "03/08/15 14:56:00",
  "value" : "10"
},{
  "dateTime" : "03/08/15 15:18:00",
  "value" : "10"
},{
  "dateTime" : "03/08/15 18:07:00",
  "value" : "10"
},{
  "dateTime" : "03/08/15 19:55:00",
  "value" : "10"
},{
  "dateTime" : "03/08/15 19:56:00",
  "value" : "10"
},{
  "dateTime" : "03/09/15 07:44:00",
  "value" : "10"
},{
  "dateTime" : "03/09/15 09:51:00",
  "value" : "10"
},{
  "dateTime" : "03/09/15 11:11:00",
  "value" : "10"
},{
  "dateTime" : "03/09/15 12:09:00",
  "value" : "20"
},{
  "dateTime" : "03/09/15 12:42:00",
  "value" : "10"
},{
  "dateTime" : "03/09/15 12:43:00",
  "value" : "20"
},{
  "dateTime" : "03/09/15 13:03:00",
  "value" : "10"
},{
  "dateTime" : "03/09/15 13:48:00",
  "value" : "10"
},{
  "dateTime" : "03/09/15 13:56:00",
  "value" : "10"
},{
  "dateTime" : "03/09/15 16:22:00",
  "value" : "10"
},{
  "dateTime" : "03/09/15 16:40:00",
  "value" : "10"
},{
  "dateTime" : "03/09/15 16:41:00",
  "value" : "10"
},{
  "dateTime" : "03/09/15 19:01:00",
  "value" : "10"
},{
  "dateTime" : "03/09/15 20:21:00",
  "value" : "20"
},{
  "dateTime" : "03/09/15 21:50:00",
  "value" : "20"
},{
  "dateTime" : "03/09/15 21:51:00",
  "value" : "10"
},{
  "dateTime" : "03/09/15 22:24:00",
  "value" : "10"
},{
  "dateTime" : "03/10/15 00:30:00",
  "value" : "10"
},{
  "dateTime" : "03/10/15 08:40:00",
  "value" : "10"
},{
  "dateTime" : "03/10/15 09:16:00",
  "value" : "10"
},{
  "dateTime" : "03/10/15 11:52:00",
  "value" : "10"
},{
  "dateTime" : "03/10/15 13:42:00",
  "value" : "10"
},{
  "dateTime" : "03/10/15 13:43:00",
  "value" : "30"
},{
  "dateTime" : "03/10/15 14:07:00",
  "value" : "10"
},{
  "dateTime" : "03/10/15 14:08:00",
  "value" : "20"
},{
  "dateTime" : "03/10/15 16:14:00",
  "value" : "10"
},{
  "dateTime" : "03/10/15 19:04:00",
  "value" : "10"
},{
  "dateTime" : "03/10/15 19:05:00",
  "value" : "10"
},{
  "dateTime" : "03/10/15 19:53:00",
  "value" : "10"
},{
  "dateTime" : "03/10/15 20:24:00",
  "value" : "20"
},{
  "dateTime" : "03/10/15 20:25:00",
  "value" : "10"
},{
  "dateTime" : "03/10/15 20:26:00",
  "value" : "20"
}]