[{
  "dateTime" : "10/07/15 06:59:00",
  "value" : "10"
},{
  "dateTime" : "10/07/15 07:00:00",
  "value" : "10"
},{
  "dateTime" : "10/07/15 07:01:00",
  "value" : "10"
},{
  "dateTime" : "10/07/15 07:52:00",
  "value" : "10"
},{
  "dateTime" : "10/07/15 09:56:00",
  "value" : "10"
},{
  "dateTime" : "10/07/15 09:57:00",
  "value" : "10"
},{
  "dateTime" : "10/07/15 10:12:00",
  "value" : "10"
},{
  "dateTime" : "10/07/15 13:47:00",
  "value" : "10"
},{
  "dateTime" : "10/07/15 15:30:00",
  "value" : "10"
},{
  "dateTime" : "10/07/15 16:15:00",
  "value" : "10"
},{
  "dateTime" : "10/07/15 17:27:00",
  "value" : "10"
},{
  "dateTime" : "10/07/15 17:28:00",
  "value" : "10"
},{
  "dateTime" : "10/07/15 17:58:00",
  "value" : "10"
},{
  "dateTime" : "10/07/15 19:35:00",
  "value" : "10"
},{
  "dateTime" : "10/08/15 08:03:00",
  "value" : "10"
},{
  "dateTime" : "10/08/15 09:33:00",
  "value" : "10"
},{
  "dateTime" : "10/08/15 10:18:00",
  "value" : "10"
},{
  "dateTime" : "10/08/15 10:19:00",
  "value" : "10"
},{
  "dateTime" : "10/08/15 11:40:00",
  "value" : "10"
},{
  "dateTime" : "10/08/15 19:19:00",
  "value" : "10"
},{
  "dateTime" : "10/08/15 20:37:00",
  "value" : "10"
},{
  "dateTime" : "10/08/15 20:38:00",
  "value" : "10"
},{
  "dateTime" : "10/08/15 20:47:00",
  "value" : "10"
},{
  "dateTime" : "10/08/15 21:23:00",
  "value" : "10"
},{
  "dateTime" : "10/08/15 21:31:00",
  "value" : "10"
},{
  "dateTime" : "10/08/15 23:28:00",
  "value" : "10"
},{
  "dateTime" : "10/09/15 11:06:00",
  "value" : "10"
},{
  "dateTime" : "10/09/15 12:52:00",
  "value" : "10"
},{
  "dateTime" : "10/09/15 14:17:00",
  "value" : "10"
},{
  "dateTime" : "10/09/15 16:44:00",
  "value" : "10"
},{
  "dateTime" : "10/09/15 17:10:00",
  "value" : "10"
},{
  "dateTime" : "10/09/15 18:56:00",
  "value" : "10"
},{
  "dateTime" : "10/09/15 20:27:00",
  "value" : "10"
},{
  "dateTime" : "10/10/15 09:42:00",
  "value" : "10"
},{
  "dateTime" : "10/10/15 10:20:00",
  "value" : "10"
},{
  "dateTime" : "10/10/15 10:21:00",
  "value" : "20"
},{
  "dateTime" : "10/10/15 10:36:00",
  "value" : "10"
},{
  "dateTime" : "10/10/15 10:37:00",
  "value" : "10"
},{
  "dateTime" : "10/10/15 11:06:00",
  "value" : "10"
},{
  "dateTime" : "10/10/15 11:07:00",
  "value" : "10"
},{
  "dateTime" : "10/10/15 11:59:00",
  "value" : "10"
},{
  "dateTime" : "10/10/15 13:29:00",
  "value" : "10"
},{
  "dateTime" : "10/10/15 13:30:00",
  "value" : "10"
},{
  "dateTime" : "10/10/15 13:31:00",
  "value" : "10"
},{
  "dateTime" : "10/10/15 13:45:00",
  "value" : "10"
},{
  "dateTime" : "10/10/15 13:46:00",
  "value" : "10"
},{
  "dateTime" : "10/10/15 13:47:00",
  "value" : "10"
},{
  "dateTime" : "10/10/15 17:15:00",
  "value" : "10"
},{
  "dateTime" : "10/10/15 17:53:00",
  "value" : "10"
},{
  "dateTime" : "10/11/15 10:53:00",
  "value" : "10"
},{
  "dateTime" : "10/11/15 12:02:00",
  "value" : "10"
},{
  "dateTime" : "10/11/15 14:00:00",
  "value" : "10"
},{
  "dateTime" : "10/11/15 15:31:00",
  "value" : "10"
},{
  "dateTime" : "10/11/15 15:32:00",
  "value" : "10"
},{
  "dateTime" : "10/11/15 18:38:00",
  "value" : "10"
},{
  "dateTime" : "10/11/15 20:35:00",
  "value" : "10"
},{
  "dateTime" : "10/12/15 09:04:00",
  "value" : "10"
},{
  "dateTime" : "10/12/15 13:01:00",
  "value" : "10"
},{
  "dateTime" : "10/12/15 14:01:00",
  "value" : "10"
},{
  "dateTime" : "10/12/15 14:20:00",
  "value" : "10"
},{
  "dateTime" : "10/12/15 14:21:00",
  "value" : "20"
},{
  "dateTime" : "10/12/15 14:22:00",
  "value" : "10"
},{
  "dateTime" : "10/12/15 14:23:00",
  "value" : "10"
},{
  "dateTime" : "10/12/15 15:14:00",
  "value" : "10"
},{
  "dateTime" : "10/12/15 15:15:00",
  "value" : "10"
},{
  "dateTime" : "10/12/15 15:47:00",
  "value" : "10"
},{
  "dateTime" : "10/12/15 15:48:00",
  "value" : "10"
},{
  "dateTime" : "10/12/15 16:25:00",
  "value" : "10"
},{
  "dateTime" : "10/12/15 16:26:00",
  "value" : "10"
},{
  "dateTime" : "10/12/15 16:27:00",
  "value" : "10"
},{
  "dateTime" : "10/12/15 16:51:00",
  "value" : "10"
},{
  "dateTime" : "10/12/15 16:52:00",
  "value" : "10"
},{
  "dateTime" : "10/12/15 16:53:00",
  "value" : "10"
},{
  "dateTime" : "10/12/15 16:54:00",
  "value" : "20"
},{
  "dateTime" : "10/12/15 18:27:00",
  "value" : "10"
},{
  "dateTime" : "10/12/15 18:28:00",
  "value" : "10"
},{
  "dateTime" : "10/12/15 19:00:00",
  "value" : "10"
},{
  "dateTime" : "10/12/15 20:33:00",
  "value" : "10"
},{
  "dateTime" : "10/12/15 20:34:00",
  "value" : "10"
},{
  "dateTime" : "10/12/15 20:35:00",
  "value" : "10"
},{
  "dateTime" : "10/12/15 21:32:00",
  "value" : "10"
},{
  "dateTime" : "10/12/15 22:44:00",
  "value" : "10"
},{
  "dateTime" : "10/13/15 00:49:00",
  "value" : "10"
},{
  "dateTime" : "10/13/15 00:50:00",
  "value" : "10"
},{
  "dateTime" : "10/13/15 07:49:00",
  "value" : "10"
},{
  "dateTime" : "10/13/15 11:37:00",
  "value" : "10"
},{
  "dateTime" : "10/13/15 13:25:00",
  "value" : "10"
},{
  "dateTime" : "10/13/15 16:27:00",
  "value" : "10"
},{
  "dateTime" : "10/13/15 17:21:00",
  "value" : "10"
},{
  "dateTime" : "10/13/15 17:39:00",
  "value" : "10"
},{
  "dateTime" : "10/13/15 17:40:00",
  "value" : "10"
},{
  "dateTime" : "10/13/15 18:39:00",
  "value" : "10"
},{
  "dateTime" : "10/13/15 18:40:00",
  "value" : "10"
},{
  "dateTime" : "10/13/15 19:16:00",
  "value" : "10"
},{
  "dateTime" : "10/13/15 19:56:00",
  "value" : "10"
},{
  "dateTime" : "10/13/15 20:40:00",
  "value" : "10"
},{
  "dateTime" : "10/13/15 20:41:00",
  "value" : "10"
},{
  "dateTime" : "10/13/15 20:42:00",
  "value" : "10"
},{
  "dateTime" : "10/13/15 21:22:00",
  "value" : "10"
},{
  "dateTime" : "10/13/15 22:40:00",
  "value" : "10"
},{
  "dateTime" : "10/14/15 00:31:00",
  "value" : "10"
},{
  "dateTime" : "10/14/15 05:32:00",
  "value" : "10"
},{
  "dateTime" : "10/14/15 12:59:00",
  "value" : "10"
},{
  "dateTime" : "10/14/15 15:04:00",
  "value" : "10"
},{
  "dateTime" : "10/14/15 17:12:00",
  "value" : "10"
},{
  "dateTime" : "10/14/15 17:40:00",
  "value" : "10"
},{
  "dateTime" : "10/14/15 20:32:00",
  "value" : "10"
},{
  "dateTime" : "10/15/15 07:45:00",
  "value" : "10"
},{
  "dateTime" : "10/15/15 10:01:00",
  "value" : "10"
},{
  "dateTime" : "10/15/15 10:53:00",
  "value" : "10"
},{
  "dateTime" : "10/15/15 11:33:00",
  "value" : "10"
},{
  "dateTime" : "10/15/15 16:33:00",
  "value" : "10"
},{
  "dateTime" : "10/15/15 16:34:00",
  "value" : "10"
},{
  "dateTime" : "10/15/15 18:51:00",
  "value" : "10"
},{
  "dateTime" : "10/15/15 18:52:00",
  "value" : "10"
},{
  "dateTime" : "10/15/15 20:46:00",
  "value" : "10"
},{
  "dateTime" : "10/15/15 20:47:00",
  "value" : "10"
},{
  "dateTime" : "10/15/15 21:02:00",
  "value" : "10"
},{
  "dateTime" : "10/15/15 21:03:00",
  "value" : "10"
},{
  "dateTime" : "10/15/15 21:26:00",
  "value" : "10"
},{
  "dateTime" : "10/15/15 21:27:00",
  "value" : "10"
},{
  "dateTime" : "10/15/15 21:28:00",
  "value" : "10"
},{
  "dateTime" : "10/15/15 23:09:00",
  "value" : "10"
},{
  "dateTime" : "10/16/15 04:17:00",
  "value" : "10"
},{
  "dateTime" : "10/16/15 11:38:00",
  "value" : "10"
},{
  "dateTime" : "10/16/15 11:39:00",
  "value" : "10"
},{
  "dateTime" : "10/16/15 11:40:00",
  "value" : "10"
},{
  "dateTime" : "10/16/15 12:12:00",
  "value" : "10"
},{
  "dateTime" : "10/16/15 12:13:00",
  "value" : "10"
},{
  "dateTime" : "10/16/15 12:14:00",
  "value" : "10"
},{
  "dateTime" : "10/16/15 12:15:00",
  "value" : "10"
},{
  "dateTime" : "10/16/15 14:17:00",
  "value" : "10"
},{
  "dateTime" : "10/16/15 17:17:00",
  "value" : "10"
},{
  "dateTime" : "10/16/15 17:18:00",
  "value" : "10"
},{
  "dateTime" : "10/16/15 18:20:00",
  "value" : "10"
},{
  "dateTime" : "10/16/15 20:31:00",
  "value" : "10"
},{
  "dateTime" : "10/16/15 21:31:00",
  "value" : "10"
},{
  "dateTime" : "10/17/15 10:01:00",
  "value" : "10"
},{
  "dateTime" : "10/17/15 11:52:00",
  "value" : "10"
},{
  "dateTime" : "10/17/15 12:37:00",
  "value" : "10"
},{
  "dateTime" : "10/17/15 12:38:00",
  "value" : "10"
},{
  "dateTime" : "10/17/15 12:39:00",
  "value" : "10"
},{
  "dateTime" : "10/17/15 12:55:00",
  "value" : "10"
},{
  "dateTime" : "10/17/15 12:56:00",
  "value" : "10"
},{
  "dateTime" : "10/17/15 14:25:00",
  "value" : "10"
},{
  "dateTime" : "10/17/15 15:10:00",
  "value" : "10"
},{
  "dateTime" : "10/17/15 15:55:00",
  "value" : "10"
},{
  "dateTime" : "10/17/15 16:23:00",
  "value" : "10"
},{
  "dateTime" : "10/17/15 17:01:00",
  "value" : "10"
},{
  "dateTime" : "10/17/15 17:49:00",
  "value" : "10"
},{
  "dateTime" : "10/17/15 18:52:00",
  "value" : "10"
},{
  "dateTime" : "10/17/15 18:53:00",
  "value" : "10"
},{
  "dateTime" : "10/17/15 18:54:00",
  "value" : "10"
},{
  "dateTime" : "10/17/15 19:38:00",
  "value" : "10"
},{
  "dateTime" : "10/17/15 19:39:00",
  "value" : "10"
},{
  "dateTime" : "10/17/15 23:46:00",
  "value" : "10"
},{
  "dateTime" : "10/18/15 01:37:00",
  "value" : "10"
},{
  "dateTime" : "10/18/15 14:33:00",
  "value" : "10"
},{
  "dateTime" : "10/18/15 14:34:00",
  "value" : "10"
},{
  "dateTime" : "10/18/15 17:32:00",
  "value" : "10"
},{
  "dateTime" : "10/18/15 20:32:00",
  "value" : "10"
},{
  "dateTime" : "10/19/15 05:39:00",
  "value" : "10"
},{
  "dateTime" : "10/19/15 12:37:00",
  "value" : "10"
},{
  "dateTime" : "10/19/15 13:20:00",
  "value" : "10"
},{
  "dateTime" : "10/19/15 19:33:00",
  "value" : "10"
},{
  "dateTime" : "10/19/15 20:19:00",
  "value" : "10"
},{
  "dateTime" : "10/20/15 08:36:00",
  "value" : "10"
},{
  "dateTime" : "10/20/15 10:45:00",
  "value" : "10"
},{
  "dateTime" : "10/20/15 10:46:00",
  "value" : "10"
},{
  "dateTime" : "10/20/15 10:47:00",
  "value" : "10"
},{
  "dateTime" : "10/20/15 12:58:00",
  "value" : "10"
},{
  "dateTime" : "10/20/15 13:33:00",
  "value" : "10"
},{
  "dateTime" : "10/20/15 14:41:00",
  "value" : "10"
},{
  "dateTime" : "10/20/15 15:33:00",
  "value" : "10"
},{
  "dateTime" : "10/20/15 15:40:00",
  "value" : "10"
},{
  "dateTime" : "10/20/15 17:14:00",
  "value" : "10"
},{
  "dateTime" : "10/20/15 17:20:00",
  "value" : "10"
},{
  "dateTime" : "10/20/15 18:59:00",
  "value" : "10"
},{
  "dateTime" : "10/20/15 19:00:00",
  "value" : "20"
},{
  "dateTime" : "10/20/15 19:15:00",
  "value" : "10"
},{
  "dateTime" : "10/20/15 20:12:00",
  "value" : "10"
},{
  "dateTime" : "10/20/15 20:13:00",
  "value" : "10"
},{
  "dateTime" : "10/20/15 20:14:00",
  "value" : "10"
},{
  "dateTime" : "10/20/15 21:29:00",
  "value" : "10"
},{
  "dateTime" : "10/20/15 23:19:00",
  "value" : "10"
},{
  "dateTime" : "10/21/15 00:25:00",
  "value" : "10"
},{
  "dateTime" : "10/21/15 08:28:00",
  "value" : "10"
},{
  "dateTime" : "10/21/15 08:46:00",
  "value" : "10"
},{
  "dateTime" : "10/21/15 09:22:00",
  "value" : "10"
},{
  "dateTime" : "10/21/15 10:52:00",
  "value" : "10"
},{
  "dateTime" : "10/21/15 12:11:00",
  "value" : "10"
},{
  "dateTime" : "10/21/15 12:12:00",
  "value" : "10"
},{
  "dateTime" : "10/21/15 15:55:00",
  "value" : "10"
},{
  "dateTime" : "10/21/15 16:46:00",
  "value" : "10"
},{
  "dateTime" : "10/21/15 16:54:00",
  "value" : "10"
},{
  "dateTime" : "10/21/15 16:55:00",
  "value" : "10"
},{
  "dateTime" : "10/21/15 16:56:00",
  "value" : "10"
},{
  "dateTime" : "10/21/15 16:57:00",
  "value" : "10"
},{
  "dateTime" : "10/21/15 16:58:00",
  "value" : "10"
},{
  "dateTime" : "10/21/15 17:44:00",
  "value" : "10"
},{
  "dateTime" : "10/21/15 18:19:00",
  "value" : "10"
},{
  "dateTime" : "10/21/15 21:14:00",
  "value" : "10"
},{
  "dateTime" : "10/21/15 21:15:00",
  "value" : "10"
},{
  "dateTime" : "10/21/15 23:40:00",
  "value" : "10"
},{
  "dateTime" : "10/22/15 01:20:00",
  "value" : "10"
},{
  "dateTime" : "10/22/15 09:39:00",
  "value" : "10"
},{
  "dateTime" : "10/22/15 10:25:00",
  "value" : "10"
},{
  "dateTime" : "10/22/15 14:46:00",
  "value" : "10"
},{
  "dateTime" : "10/22/15 16:04:00",
  "value" : "10"
},{
  "dateTime" : "10/22/15 16:54:00",
  "value" : "10"
},{
  "dateTime" : "10/22/15 17:02:00",
  "value" : "10"
},{
  "dateTime" : "10/22/15 17:03:00",
  "value" : "10"
},{
  "dateTime" : "10/22/15 19:55:00",
  "value" : "10"
},{
  "dateTime" : "10/22/15 19:56:00",
  "value" : "10"
},{
  "dateTime" : "10/23/15 09:41:00",
  "value" : "10"
},{
  "dateTime" : "10/23/15 11:02:00",
  "value" : "10"
},{
  "dateTime" : "10/23/15 12:10:00",
  "value" : "10"
},{
  "dateTime" : "10/23/15 13:04:00",
  "value" : "10"
},{
  "dateTime" : "10/23/15 17:09:00",
  "value" : "10"
},{
  "dateTime" : "10/23/15 17:10:00",
  "value" : "20"
},{
  "dateTime" : "10/23/15 18:28:00",
  "value" : "10"
},{
  "dateTime" : "10/23/15 19:09:00",
  "value" : "10"
},{
  "dateTime" : "10/23/15 19:51:00",
  "value" : "10"
},{
  "dateTime" : "10/23/15 20:23:00",
  "value" : "10"
},{
  "dateTime" : "10/23/15 21:30:00",
  "value" : "10"
},{
  "dateTime" : "10/23/15 21:31:00",
  "value" : "10"
},{
  "dateTime" : "10/23/15 23:49:00",
  "value" : "10"
},{
  "dateTime" : "10/24/15 00:59:00",
  "value" : "10"
},{
  "dateTime" : "10/24/15 01:00:00",
  "value" : "10"
},{
  "dateTime" : "10/24/15 09:01:00",
  "value" : "10"
},{
  "dateTime" : "10/24/15 09:35:00",
  "value" : "10"
},{
  "dateTime" : "10/24/15 13:25:00",
  "value" : "10"
},{
  "dateTime" : "10/24/15 17:01:00",
  "value" : "10"
},{
  "dateTime" : "10/24/15 20:24:00",
  "value" : "10"
},{
  "dateTime" : "10/24/15 20:25:00",
  "value" : "10"
},{
  "dateTime" : "10/25/15 09:31:00",
  "value" : "10"
},{
  "dateTime" : "10/25/15 10:58:00",
  "value" : "10"
},{
  "dateTime" : "10/25/15 11:18:00",
  "value" : "10"
},{
  "dateTime" : "10/25/15 14:33:00",
  "value" : "10"
},{
  "dateTime" : "10/25/15 15:13:00",
  "value" : "10"
},{
  "dateTime" : "10/25/15 19:14:00",
  "value" : "10"
},{
  "dateTime" : "10/25/15 20:08:00",
  "value" : "10"
},{
  "dateTime" : "10/25/15 20:09:00",
  "value" : "10"
},{
  "dateTime" : "10/25/15 20:43:00",
  "value" : "10"
},{
  "dateTime" : "10/25/15 21:02:00",
  "value" : "10"
},{
  "dateTime" : "10/25/15 22:50:00",
  "value" : "10"
},{
  "dateTime" : "10/25/15 22:51:00",
  "value" : "10"
},{
  "dateTime" : "10/26/15 00:40:00",
  "value" : "10"
},{
  "dateTime" : "10/26/15 08:36:00",
  "value" : "10"
},{
  "dateTime" : "10/26/15 08:37:00",
  "value" : "10"
},{
  "dateTime" : "10/26/15 11:31:00",
  "value" : "10"
},{
  "dateTime" : "10/26/15 11:52:00",
  "value" : "20"
},{
  "dateTime" : "10/26/15 17:48:00",
  "value" : "10"
},{
  "dateTime" : "10/26/15 17:49:00",
  "value" : "10"
},{
  "dateTime" : "10/26/15 17:50:00",
  "value" : "10"
},{
  "dateTime" : "10/26/15 18:25:00",
  "value" : "10"
},{
  "dateTime" : "10/26/15 19:09:00",
  "value" : "10"
},{
  "dateTime" : "10/26/15 20:21:00",
  "value" : "10"
},{
  "dateTime" : "10/27/15 07:53:00",
  "value" : "10"
},{
  "dateTime" : "10/27/15 08:42:00",
  "value" : "10"
},{
  "dateTime" : "10/27/15 08:43:00",
  "value" : "10"
},{
  "dateTime" : "10/27/15 08:53:00",
  "value" : "10"
},{
  "dateTime" : "10/27/15 10:52:00",
  "value" : "10"
},{
  "dateTime" : "10/27/15 12:15:00",
  "value" : "10"
},{
  "dateTime" : "10/27/15 14:21:00",
  "value" : "10"
},{
  "dateTime" : "10/27/15 15:25:00",
  "value" : "10"
},{
  "dateTime" : "10/27/15 15:53:00",
  "value" : "10"
},{
  "dateTime" : "10/27/15 16:10:00",
  "value" : "10"
},{
  "dateTime" : "10/27/15 16:11:00",
  "value" : "10"
},{
  "dateTime" : "10/27/15 16:31:00",
  "value" : "10"
},{
  "dateTime" : "10/27/15 16:32:00",
  "value" : "10"
},{
  "dateTime" : "10/27/15 17:11:00",
  "value" : "10"
},{
  "dateTime" : "10/27/15 17:12:00",
  "value" : "10"
},{
  "dateTime" : "10/27/15 17:13:00",
  "value" : "10"
},{
  "dateTime" : "10/27/15 17:14:00",
  "value" : "10"
},{
  "dateTime" : "10/27/15 17:15:00",
  "value" : "10"
},{
  "dateTime" : "10/27/15 17:16:00",
  "value" : "10"
},{
  "dateTime" : "10/27/15 17:53:00",
  "value" : "10"
},{
  "dateTime" : "10/27/15 17:54:00",
  "value" : "10"
},{
  "dateTime" : "10/27/15 21:12:00",
  "value" : "10"
},{
  "dateTime" : "10/27/15 22:55:00",
  "value" : "10"
},{
  "dateTime" : "10/28/15 08:11:00",
  "value" : "10"
},{
  "dateTime" : "10/28/15 10:10:00",
  "value" : "10"
},{
  "dateTime" : "10/28/15 12:15:00",
  "value" : "10"
},{
  "dateTime" : "10/28/15 15:25:00",
  "value" : "10"
},{
  "dateTime" : "10/28/15 17:09:00",
  "value" : "10"
},{
  "dateTime" : "10/28/15 17:34:00",
  "value" : "10"
},{
  "dateTime" : "10/28/15 17:50:00",
  "value" : "10"
},{
  "dateTime" : "10/28/15 22:14:00",
  "value" : "10"
},{
  "dateTime" : "10/28/15 22:33:00",
  "value" : "10"
},{
  "dateTime" : "10/29/15 08:48:00",
  "value" : "10"
},{
  "dateTime" : "10/29/15 08:49:00",
  "value" : "10"
},{
  "dateTime" : "10/29/15 10:33:00",
  "value" : "10"
},{
  "dateTime" : "10/29/15 11:54:00",
  "value" : "20"
},{
  "dateTime" : "10/29/15 11:55:00",
  "value" : "10"
},{
  "dateTime" : "10/29/15 12:20:00",
  "value" : "10"
},{
  "dateTime" : "10/29/15 14:05:00",
  "value" : "10"
},{
  "dateTime" : "10/29/15 14:06:00",
  "value" : "10"
},{
  "dateTime" : "10/29/15 14:07:00",
  "value" : "10"
},{
  "dateTime" : "10/29/15 15:34:00",
  "value" : "20"
},{
  "dateTime" : "10/29/15 15:57:00",
  "value" : "10"
},{
  "dateTime" : "10/29/15 16:16:00",
  "value" : "20"
},{
  "dateTime" : "10/29/15 16:24:00",
  "value" : "10"
},{
  "dateTime" : "10/29/15 16:25:00",
  "value" : "10"
},{
  "dateTime" : "10/29/15 17:01:00",
  "value" : "10"
},{
  "dateTime" : "10/29/15 17:18:00",
  "value" : "20"
},{
  "dateTime" : "10/29/15 17:19:00",
  "value" : "10"
},{
  "dateTime" : "10/29/15 18:01:00",
  "value" : "10"
},{
  "dateTime" : "10/29/15 18:54:00",
  "value" : "10"
},{
  "dateTime" : "10/29/15 18:55:00",
  "value" : "10"
},{
  "dateTime" : "10/29/15 19:12:00",
  "value" : "10"
},{
  "dateTime" : "10/29/15 19:53:00",
  "value" : "10"
},{
  "dateTime" : "10/29/15 19:54:00",
  "value" : "10"
},{
  "dateTime" : "10/29/15 20:20:00",
  "value" : "10"
},{
  "dateTime" : "10/29/15 20:21:00",
  "value" : "10"
},{
  "dateTime" : "10/29/15 20:56:00",
  "value" : "10"
},{
  "dateTime" : "10/29/15 20:57:00",
  "value" : "10"
},{
  "dateTime" : "10/29/15 20:58:00",
  "value" : "10"
},{
  "dateTime" : "10/29/15 21:00:00",
  "value" : "10"
},{
  "dateTime" : "10/29/15 21:01:00",
  "value" : "10"
},{
  "dateTime" : "10/30/15 00:05:00",
  "value" : "10"
},{
  "dateTime" : "10/30/15 00:29:00",
  "value" : "10"
},{
  "dateTime" : "10/30/15 00:30:00",
  "value" : "10"
},{
  "dateTime" : "10/30/15 09:15:00",
  "value" : "10"
},{
  "dateTime" : "10/30/15 10:16:00",
  "value" : "10"
},{
  "dateTime" : "10/30/15 13:03:00",
  "value" : "10"
},{
  "dateTime" : "10/30/15 13:35:00",
  "value" : "10"
},{
  "dateTime" : "10/30/15 15:42:00",
  "value" : "10"
},{
  "dateTime" : "10/30/15 16:03:00",
  "value" : "10"
},{
  "dateTime" : "10/30/15 16:24:00",
  "value" : "10"
},{
  "dateTime" : "10/30/15 20:21:00",
  "value" : "10"
},{
  "dateTime" : "10/31/15 10:55:00",
  "value" : "20"
},{
  "dateTime" : "10/31/15 11:49:00",
  "value" : "10"
},{
  "dateTime" : "10/31/15 15:09:00",
  "value" : "10"
},{
  "dateTime" : "10/31/15 16:29:00",
  "value" : "10"
},{
  "dateTime" : "10/31/15 17:13:00",
  "value" : "10"
},{
  "dateTime" : "10/31/15 17:14:00",
  "value" : "10"
},{
  "dateTime" : "10/31/15 17:15:00",
  "value" : "10"
},{
  "dateTime" : "10/31/15 22:16:00",
  "value" : "10"
},{
  "dateTime" : "10/31/15 22:34:00",
  "value" : "10"
},{
  "dateTime" : "10/31/15 22:59:00",
  "value" : "10"
},{
  "dateTime" : "10/31/15 23:08:00",
  "value" : "10"
},{
  "dateTime" : "10/31/15 23:38:00",
  "value" : "10"
},{
  "dateTime" : "11/01/15 04:04:00",
  "value" : "10"
},{
  "dateTime" : "11/01/15 08:18:00",
  "value" : "10"
},{
  "dateTime" : "11/01/15 08:19:00",
  "value" : "10"
},{
  "dateTime" : "11/01/15 13:28:00",
  "value" : "10"
},{
  "dateTime" : "11/01/15 13:52:00",
  "value" : "10"
},{
  "dateTime" : "11/01/15 16:55:00",
  "value" : "10"
},{
  "dateTime" : "11/01/15 20:48:00",
  "value" : "10"
},{
  "dateTime" : "11/01/15 20:49:00",
  "value" : "10"
},{
  "dateTime" : "11/01/15 20:56:00",
  "value" : "10"
},{
  "dateTime" : "11/02/15 01:06:00",
  "value" : "10"
},{
  "dateTime" : "11/02/15 02:05:00",
  "value" : "10"
},{
  "dateTime" : "11/02/15 08:46:00",
  "value" : "10"
},{
  "dateTime" : "11/02/15 08:47:00",
  "value" : "10"
},{
  "dateTime" : "11/02/15 10:05:00",
  "value" : "10"
},{
  "dateTime" : "11/02/15 10:06:00",
  "value" : "10"
},{
  "dateTime" : "11/02/15 10:07:00",
  "value" : "10"
},{
  "dateTime" : "11/02/15 10:08:00",
  "value" : "10"
},{
  "dateTime" : "11/02/15 10:46:00",
  "value" : "10"
},{
  "dateTime" : "11/02/15 12:33:00",
  "value" : "10"
},{
  "dateTime" : "11/02/15 14:18:00",
  "value" : "10"
},{
  "dateTime" : "11/02/15 17:08:00",
  "value" : "10"
},{
  "dateTime" : "11/02/15 17:26:00",
  "value" : "10"
},{
  "dateTime" : "11/02/15 17:27:00",
  "value" : "10"
},{
  "dateTime" : "11/02/15 17:28:00",
  "value" : "10"
},{
  "dateTime" : "11/02/15 18:24:00",
  "value" : "10"
},{
  "dateTime" : "11/02/15 22:59:00",
  "value" : "10"
},{
  "dateTime" : "11/03/15 08:13:00",
  "value" : "10"
},{
  "dateTime" : "11/03/15 10:06:00",
  "value" : "10"
},{
  "dateTime" : "11/03/15 10:07:00",
  "value" : "10"
},{
  "dateTime" : "11/03/15 10:08:00",
  "value" : "10"
},{
  "dateTime" : "11/03/15 11:46:00",
  "value" : "10"
},{
  "dateTime" : "11/03/15 14:17:00",
  "value" : "10"
},{
  "dateTime" : "11/03/15 20:12:00",
  "value" : "10"
},{
  "dateTime" : "11/03/15 20:41:00",
  "value" : "10"
},{
  "dateTime" : "11/04/15 10:03:00",
  "value" : "10"
},{
  "dateTime" : "11/04/15 12:13:00",
  "value" : "10"
},{
  "dateTime" : "11/04/15 12:32:00",
  "value" : "10"
},{
  "dateTime" : "11/04/15 12:51:00",
  "value" : "10"
},{
  "dateTime" : "11/04/15 13:37:00",
  "value" : "10"
},{
  "dateTime" : "11/04/15 14:21:00",
  "value" : "10"
},{
  "dateTime" : "11/04/15 15:48:00",
  "value" : "10"
},{
  "dateTime" : "11/04/15 16:48:00",
  "value" : "10"
},{
  "dateTime" : "11/04/15 19:56:00",
  "value" : "10"
},{
  "dateTime" : "11/04/15 19:57:00",
  "value" : "10"
},{
  "dateTime" : "11/04/15 20:17:00",
  "value" : "10"
},{
  "dateTime" : "11/04/15 20:18:00",
  "value" : "20"
},{
  "dateTime" : "11/04/15 21:59:00",
  "value" : "10"
},{
  "dateTime" : "11/05/15 06:30:00",
  "value" : "10"
},{
  "dateTime" : "11/05/15 08:34:00",
  "value" : "10"
},{
  "dateTime" : "11/05/15 08:35:00",
  "value" : "10"
},{
  "dateTime" : "11/05/15 08:36:00",
  "value" : "10"
},{
  "dateTime" : "11/05/15 09:07:00",
  "value" : "20"
},{
  "dateTime" : "11/05/15 09:27:00",
  "value" : "10"
},{
  "dateTime" : "11/05/15 09:53:00",
  "value" : "10"
},{
  "dateTime" : "11/05/15 09:54:00",
  "value" : "50"
},{
  "dateTime" : "11/05/15 09:55:00",
  "value" : "40"
},{
  "dateTime" : "11/05/15 11:05:00",
  "value" : "10"
},{
  "dateTime" : "11/05/15 11:06:00",
  "value" : "10"
},{
  "dateTime" : "11/05/15 12:27:00",
  "value" : "10"
},{
  "dateTime" : "11/05/15 12:28:00",
  "value" : "10"
},{
  "dateTime" : "11/05/15 12:29:00",
  "value" : "10"
},{
  "dateTime" : "11/05/15 14:10:00",
  "value" : "10"
},{
  "dateTime" : "11/05/15 14:11:00",
  "value" : "10"
},{
  "dateTime" : "11/05/15 14:12:00",
  "value" : "10"
},{
  "dateTime" : "11/05/15 14:44:00",
  "value" : "10"
},{
  "dateTime" : "11/05/15 15:48:00",
  "value" : "10"
},{
  "dateTime" : "11/05/15 15:49:00",
  "value" : "10"
},{
  "dateTime" : "11/05/15 16:20:00",
  "value" : "10"
},{
  "dateTime" : "11/05/15 17:03:00",
  "value" : "10"
},{
  "dateTime" : "11/05/15 18:48:00",
  "value" : "10"
},{
  "dateTime" : "11/05/15 19:19:00",
  "value" : "10"
},{
  "dateTime" : "11/05/15 19:50:00",
  "value" : "10"
},{
  "dateTime" : "11/05/15 19:51:00",
  "value" : "10"
},{
  "dateTime" : "11/05/15 20:21:00",
  "value" : "10"
},{
  "dateTime" : "11/05/15 20:22:00",
  "value" : "10"
},{
  "dateTime" : "11/05/15 20:23:00",
  "value" : "10"
},{
  "dateTime" : "11/05/15 20:57:00",
  "value" : "10"
},{
  "dateTime" : "11/05/15 21:47:00",
  "value" : "10"
},{
  "dateTime" : "11/05/15 21:53:00",
  "value" : "10"
},{
  "dateTime" : "11/05/15 21:54:00",
  "value" : "10"
}]