[{
  "dateTime" : "06/14/14 07:40:00",
  "value" : "10"
},{
  "dateTime" : "06/14/14 08:42:00",
  "value" : "10"
},{
  "dateTime" : "06/14/14 11:17:00",
  "value" : "20"
},{
  "dateTime" : "06/14/14 15:05:00",
  "value" : "10"
},{
  "dateTime" : "06/14/14 15:29:00",
  "value" : "10"
},{
  "dateTime" : "06/14/14 16:46:00",
  "value" : "10"
},{
  "dateTime" : "06/14/14 17:14:00",
  "value" : "10"
},{
  "dateTime" : "06/14/14 21:56:00",
  "value" : "10"
},{
  "dateTime" : "06/14/14 22:31:00",
  "value" : "10"
},{
  "dateTime" : "06/15/14 00:10:00",
  "value" : "10"
},{
  "dateTime" : "06/15/14 00:18:00",
  "value" : "10"
},{
  "dateTime" : "06/15/14 11:26:00",
  "value" : "10"
},{
  "dateTime" : "06/15/14 17:58:00",
  "value" : "10"
},{
  "dateTime" : "06/15/14 20:54:00",
  "value" : "10"
},{
  "dateTime" : "06/16/14 10:53:00",
  "value" : "10"
},{
  "dateTime" : "06/16/14 11:48:00",
  "value" : "10"
},{
  "dateTime" : "06/16/14 13:17:00",
  "value" : "10"
},{
  "dateTime" : "06/16/14 14:47:00",
  "value" : "10"
},{
  "dateTime" : "06/16/14 15:31:00",
  "value" : "10"
},{
  "dateTime" : "06/16/14 15:32:00",
  "value" : "10"
},{
  "dateTime" : "06/16/14 16:20:00",
  "value" : "10"
},{
  "dateTime" : "06/16/14 16:21:00",
  "value" : "10"
},{
  "dateTime" : "06/16/14 16:26:00",
  "value" : "10"
},{
  "dateTime" : "06/16/14 16:27:00",
  "value" : "10"
},{
  "dateTime" : "06/16/14 18:18:00",
  "value" : "10"
},{
  "dateTime" : "06/16/14 23:27:00",
  "value" : "10"
},{
  "dateTime" : "06/17/14 05:24:00",
  "value" : "10"
},{
  "dateTime" : "06/17/14 08:47:00",
  "value" : "10"
},{
  "dateTime" : "06/17/14 08:48:00",
  "value" : "10"
},{
  "dateTime" : "06/17/14 09:14:00",
  "value" : "10"
},{
  "dateTime" : "06/17/14 10:32:00",
  "value" : "10"
},{
  "dateTime" : "06/17/14 10:33:00",
  "value" : "10"
},{
  "dateTime" : "06/17/14 12:36:00",
  "value" : "10"
},{
  "dateTime" : "06/17/14 12:39:00",
  "value" : "10"
},{
  "dateTime" : "06/17/14 13:24:00",
  "value" : "10"
},{
  "dateTime" : "06/17/14 14:07:00",
  "value" : "10"
},{
  "dateTime" : "06/17/14 14:15:00",
  "value" : "10"
},{
  "dateTime" : "06/17/14 14:16:00",
  "value" : "10"
},{
  "dateTime" : "06/17/14 14:39:00",
  "value" : "10"
},{
  "dateTime" : "06/17/14 18:44:00",
  "value" : "10"
},{
  "dateTime" : "06/17/14 21:17:00",
  "value" : "10"
},{
  "dateTime" : "06/17/14 21:47:00",
  "value" : "10"
},{
  "dateTime" : "06/17/14 21:52:00",
  "value" : "20"
},{
  "dateTime" : "06/17/14 22:40:00",
  "value" : "10"
},{
  "dateTime" : "06/17/14 22:41:00",
  "value" : "10"
},{
  "dateTime" : "06/17/14 23:06:00",
  "value" : "10"
},{
  "dateTime" : "06/18/14 00:59:00",
  "value" : "10"
},{
  "dateTime" : "06/18/14 08:48:00",
  "value" : "10"
},{
  "dateTime" : "06/18/14 09:10:00",
  "value" : "10"
},{
  "dateTime" : "06/18/14 11:44:00",
  "value" : "10"
},{
  "dateTime" : "06/18/14 12:33:00",
  "value" : "10"
},{
  "dateTime" : "06/18/14 12:34:00",
  "value" : "10"
},{
  "dateTime" : "06/18/14 15:26:00",
  "value" : "10"
},{
  "dateTime" : "06/18/14 15:27:00",
  "value" : "10"
},{
  "dateTime" : "06/18/14 15:52:00",
  "value" : "10"
},{
  "dateTime" : "06/18/14 16:12:00",
  "value" : "10"
},{
  "dateTime" : "06/18/14 16:13:00",
  "value" : "10"
},{
  "dateTime" : "06/18/14 16:14:00",
  "value" : "10"
},{
  "dateTime" : "06/18/14 16:36:00",
  "value" : "10"
},{
  "dateTime" : "06/18/14 21:27:00",
  "value" : "10"
},{
  "dateTime" : "06/18/14 21:28:00",
  "value" : "20"
},{
  "dateTime" : "06/18/14 21:55:00",
  "value" : "10"
},{
  "dateTime" : "06/18/14 21:56:00",
  "value" : "10"
},{
  "dateTime" : "06/19/14 06:17:00",
  "value" : "10"
},{
  "dateTime" : "06/19/14 08:35:00",
  "value" : "10"
},{
  "dateTime" : "06/19/14 10:00:00",
  "value" : "20"
},{
  "dateTime" : "06/19/14 10:01:00",
  "value" : "10"
},{
  "dateTime" : "06/19/14 10:19:00",
  "value" : "10"
},{
  "dateTime" : "06/19/14 14:16:00",
  "value" : "10"
},{
  "dateTime" : "06/19/14 14:17:00",
  "value" : "10"
},{
  "dateTime" : "06/19/14 15:27:00",
  "value" : "10"
},{
  "dateTime" : "06/19/14 16:29:00",
  "value" : "20"
},{
  "dateTime" : "06/19/14 17:15:00",
  "value" : "10"
},{
  "dateTime" : "06/19/14 17:28:00",
  "value" : "10"
},{
  "dateTime" : "06/19/14 18:41:00",
  "value" : "10"
},{
  "dateTime" : "06/19/14 20:11:00",
  "value" : "10"
},{
  "dateTime" : "06/19/14 20:33:00",
  "value" : "10"
},{
  "dateTime" : "06/20/14 07:13:00",
  "value" : "10"
},{
  "dateTime" : "06/20/14 08:50:00",
  "value" : "10"
},{
  "dateTime" : "06/20/14 08:51:00",
  "value" : "10"
},{
  "dateTime" : "06/20/14 09:07:00",
  "value" : "20"
},{
  "dateTime" : "06/20/14 09:08:00",
  "value" : "10"
},{
  "dateTime" : "06/20/14 09:21:00",
  "value" : "10"
},{
  "dateTime" : "06/20/14 15:21:00",
  "value" : "10"
},{
  "dateTime" : "06/20/14 18:45:00",
  "value" : "10"
},{
  "dateTime" : "06/20/14 20:32:00",
  "value" : "10"
},{
  "dateTime" : "06/20/14 21:01:00",
  "value" : "10"
},{
  "dateTime" : "06/21/14 08:39:00",
  "value" : "10"
},{
  "dateTime" : "06/21/14 08:48:00",
  "value" : "10"
},{
  "dateTime" : "06/21/14 11:12:00",
  "value" : "10"
},{
  "dateTime" : "06/21/14 11:30:00",
  "value" : "10"
},{
  "dateTime" : "06/21/14 12:02:00",
  "value" : "10"
},{
  "dateTime" : "06/21/14 13:17:00",
  "value" : "10"
},{
  "dateTime" : "06/21/14 15:24:00",
  "value" : "10"
},{
  "dateTime" : "06/21/14 15:45:00",
  "value" : "10"
},{
  "dateTime" : "06/21/14 18:31:00",
  "value" : "10"
},{
  "dateTime" : "06/21/14 22:39:00",
  "value" : "10"
},{
  "dateTime" : "06/22/14 14:46:00",
  "value" : "10"
},{
  "dateTime" : "06/22/14 17:09:00",
  "value" : "10"
},{
  "dateTime" : "06/22/14 20:04:00",
  "value" : "10"
},{
  "dateTime" : "06/22/14 21:18:00",
  "value" : "10"
},{
  "dateTime" : "06/23/14 01:12:00",
  "value" : "10"
},{
  "dateTime" : "06/23/14 08:44:00",
  "value" : "10"
},{
  "dateTime" : "06/23/14 09:55:00",
  "value" : "10"
},{
  "dateTime" : "06/23/14 11:17:00",
  "value" : "10"
},{
  "dateTime" : "06/23/14 11:49:00",
  "value" : "10"
},{
  "dateTime" : "06/23/14 12:21:00",
  "value" : "10"
},{
  "dateTime" : "06/23/14 12:22:00",
  "value" : "10"
},{
  "dateTime" : "06/23/14 12:28:00",
  "value" : "10"
},{
  "dateTime" : "06/23/14 12:29:00",
  "value" : "10"
},{
  "dateTime" : "06/23/14 12:30:00",
  "value" : "10"
},{
  "dateTime" : "06/23/14 13:24:00",
  "value" : "10"
},{
  "dateTime" : "06/23/14 13:29:00",
  "value" : "10"
},{
  "dateTime" : "06/23/14 14:12:00",
  "value" : "10"
},{
  "dateTime" : "06/23/14 14:57:00",
  "value" : "20"
},{
  "dateTime" : "06/23/14 15:25:00",
  "value" : "10"
},{
  "dateTime" : "06/23/14 15:26:00",
  "value" : "10"
},{
  "dateTime" : "06/23/14 15:27:00",
  "value" : "10"
},{
  "dateTime" : "06/23/14 16:24:00",
  "value" : "10"
},{
  "dateTime" : "06/23/14 16:37:00",
  "value" : "10"
},{
  "dateTime" : "06/23/14 16:59:00",
  "value" : "10"
},{
  "dateTime" : "06/23/14 18:23:00",
  "value" : "10"
},{
  "dateTime" : "06/23/14 19:30:00",
  "value" : "10"
},{
  "dateTime" : "06/23/14 19:55:00",
  "value" : "10"
},{
  "dateTime" : "06/23/14 20:11:00",
  "value" : "10"
},{
  "dateTime" : "06/23/14 20:43:00",
  "value" : "10"
},{
  "dateTime" : "06/24/14 07:00:00",
  "value" : "10"
},{
  "dateTime" : "06/24/14 07:26:00",
  "value" : "10"
},{
  "dateTime" : "06/24/14 07:27:00",
  "value" : "10"
},{
  "dateTime" : "06/24/14 07:47:00",
  "value" : "10"
},{
  "dateTime" : "06/24/14 08:48:00",
  "value" : "10"
},{
  "dateTime" : "06/24/14 09:27:00",
  "value" : "10"
},{
  "dateTime" : "06/24/14 09:44:00",
  "value" : "10"
},{
  "dateTime" : "06/24/14 09:45:00",
  "value" : "10"
},{
  "dateTime" : "06/24/14 14:52:00",
  "value" : "10"
},{
  "dateTime" : "06/24/14 15:20:00",
  "value" : "10"
},{
  "dateTime" : "06/24/14 15:21:00",
  "value" : "10"
},{
  "dateTime" : "06/24/14 15:43:00",
  "value" : "10"
},{
  "dateTime" : "06/24/14 18:51:00",
  "value" : "10"
},{
  "dateTime" : "06/24/14 20:02:00",
  "value" : "10"
},{
  "dateTime" : "06/24/14 20:03:00",
  "value" : "10"
},{
  "dateTime" : "06/24/14 20:45:00",
  "value" : "10"
},{
  "dateTime" : "06/24/14 20:46:00",
  "value" : "10"
},{
  "dateTime" : "06/24/14 21:12:00",
  "value" : "10"
},{
  "dateTime" : "06/24/14 22:38:00",
  "value" : "10"
},{
  "dateTime" : "06/25/14 08:42:00",
  "value" : "10"
},{
  "dateTime" : "06/25/14 10:50:00",
  "value" : "10"
},{
  "dateTime" : "06/25/14 11:54:00",
  "value" : "10"
},{
  "dateTime" : "06/25/14 13:15:00",
  "value" : "10"
},{
  "dateTime" : "06/25/14 13:16:00",
  "value" : "20"
},{
  "dateTime" : "06/25/14 13:23:00",
  "value" : "10"
},{
  "dateTime" : "06/25/14 13:24:00",
  "value" : "10"
},{
  "dateTime" : "06/25/14 18:08:00",
  "value" : "10"
},{
  "dateTime" : "06/25/14 20:04:00",
  "value" : "10"
},{
  "dateTime" : "06/25/14 20:33:00",
  "value" : "10"
},{
  "dateTime" : "06/26/14 05:35:00",
  "value" : "10"
},{
  "dateTime" : "06/26/14 09:44:00",
  "value" : "10"
},{
  "dateTime" : "06/26/14 10:53:00",
  "value" : "10"
},{
  "dateTime" : "06/26/14 11:36:00",
  "value" : "10"
},{
  "dateTime" : "06/26/14 13:41:00",
  "value" : "10"
},{
  "dateTime" : "06/26/14 13:42:00",
  "value" : "10"
},{
  "dateTime" : "06/26/14 14:59:00",
  "value" : "10"
},{
  "dateTime" : "06/26/14 15:00:00",
  "value" : "10"
},{
  "dateTime" : "06/26/14 15:01:00",
  "value" : "10"
},{
  "dateTime" : "06/26/14 15:02:00",
  "value" : "10"
},{
  "dateTime" : "06/26/14 15:38:00",
  "value" : "10"
},{
  "dateTime" : "06/26/14 16:26:00",
  "value" : "10"
},{
  "dateTime" : "06/26/14 17:33:00",
  "value" : "10"
},{
  "dateTime" : "06/26/14 18:32:00",
  "value" : "10"
},{
  "dateTime" : "06/26/14 21:11:00",
  "value" : "10"
},{
  "dateTime" : "06/26/14 22:07:00",
  "value" : "10"
},{
  "dateTime" : "06/26/14 23:20:00",
  "value" : "10"
},{
  "dateTime" : "06/27/14 00:16:00",
  "value" : "10"
},{
  "dateTime" : "06/27/14 08:40:00",
  "value" : "10"
},{
  "dateTime" : "06/27/14 09:00:00",
  "value" : "10"
},{
  "dateTime" : "06/27/14 09:01:00",
  "value" : "10"
},{
  "dateTime" : "06/27/14 10:30:00",
  "value" : "10"
},{
  "dateTime" : "06/27/14 11:43:00",
  "value" : "10"
},{
  "dateTime" : "06/27/14 11:51:00",
  "value" : "10"
},{
  "dateTime" : "06/27/14 11:52:00",
  "value" : "20"
},{
  "dateTime" : "06/27/14 14:57:00",
  "value" : "10"
},{
  "dateTime" : "06/27/14 14:58:00",
  "value" : "10"
},{
  "dateTime" : "06/27/14 15:46:00",
  "value" : "10"
},{
  "dateTime" : "06/27/14 15:47:00",
  "value" : "10"
},{
  "dateTime" : "06/27/14 16:17:00",
  "value" : "10"
},{
  "dateTime" : "06/27/14 16:35:00",
  "value" : "10"
},{
  "dateTime" : "06/27/14 16:43:00",
  "value" : "10"
},{
  "dateTime" : "06/27/14 16:44:00",
  "value" : "10"
},{
  "dateTime" : "06/27/14 16:45:00",
  "value" : "10"
},{
  "dateTime" : "06/27/14 16:46:00",
  "value" : "10"
},{
  "dateTime" : "06/27/14 18:01:00",
  "value" : "10"
},{
  "dateTime" : "06/27/14 18:47:00",
  "value" : "10"
},{
  "dateTime" : "06/27/14 20:44:00",
  "value" : "10"
},{
  "dateTime" : "06/27/14 20:45:00",
  "value" : "10"
},{
  "dateTime" : "06/27/14 22:39:00",
  "value" : "10"
},{
  "dateTime" : "06/28/14 06:20:00",
  "value" : "10"
},{
  "dateTime" : "06/28/14 08:57:00",
  "value" : "10"
},{
  "dateTime" : "06/28/14 08:58:00",
  "value" : "10"
},{
  "dateTime" : "06/28/14 09:32:00",
  "value" : "10"
},{
  "dateTime" : "06/28/14 12:03:00",
  "value" : "10"
},{
  "dateTime" : "06/28/14 12:27:00",
  "value" : "10"
},{
  "dateTime" : "06/28/14 12:28:00",
  "value" : "10"
},{
  "dateTime" : "06/28/14 12:48:00",
  "value" : "10"
},{
  "dateTime" : "06/28/14 12:49:00",
  "value" : "10"
},{
  "dateTime" : "06/28/14 16:05:00",
  "value" : "10"
},{
  "dateTime" : "06/28/14 18:13:00",
  "value" : "10"
},{
  "dateTime" : "06/28/14 20:34:00",
  "value" : "10"
},{
  "dateTime" : "06/28/14 22:41:00",
  "value" : "10"
},{
  "dateTime" : "06/28/14 22:42:00",
  "value" : "10"
},{
  "dateTime" : "06/29/14 11:10:00",
  "value" : "10"
},{
  "dateTime" : "06/29/14 11:37:00",
  "value" : "10"
},{
  "dateTime" : "06/29/14 12:24:00",
  "value" : "10"
},{
  "dateTime" : "06/29/14 12:32:00",
  "value" : "10"
},{
  "dateTime" : "06/29/14 13:03:00",
  "value" : "10"
},{
  "dateTime" : "06/29/14 13:55:00",
  "value" : "10"
},{
  "dateTime" : "06/29/14 16:10:00",
  "value" : "20"
},{
  "dateTime" : "06/29/14 16:59:00",
  "value" : "10"
},{
  "dateTime" : "06/29/14 17:00:00",
  "value" : "10"
},{
  "dateTime" : "06/29/14 18:12:00",
  "value" : "10"
},{
  "dateTime" : "06/29/14 18:34:00",
  "value" : "10"
},{
  "dateTime" : "06/29/14 18:42:00",
  "value" : "10"
},{
  "dateTime" : "06/29/14 19:12:00",
  "value" : "10"
},{
  "dateTime" : "06/29/14 19:45:00",
  "value" : "10"
},{
  "dateTime" : "06/29/14 20:33:00",
  "value" : "10"
},{
  "dateTime" : "06/29/14 21:35:00",
  "value" : "10"
},{
  "dateTime" : "06/29/14 22:34:00",
  "value" : "10"
},{
  "dateTime" : "06/30/14 04:03:00",
  "value" : "10"
},{
  "dateTime" : "06/30/14 08:43:00",
  "value" : "10"
},{
  "dateTime" : "06/30/14 09:44:00",
  "value" : "10"
},{
  "dateTime" : "06/30/14 10:19:00",
  "value" : "10"
},{
  "dateTime" : "06/30/14 10:37:00",
  "value" : "10"
},{
  "dateTime" : "06/30/14 11:04:00",
  "value" : "20"
},{
  "dateTime" : "06/30/14 12:24:00",
  "value" : "10"
},{
  "dateTime" : "06/30/14 13:37:00",
  "value" : "10"
},{
  "dateTime" : "06/30/14 13:58:00",
  "value" : "10"
},{
  "dateTime" : "06/30/14 14:17:00",
  "value" : "10"
},{
  "dateTime" : "06/30/14 14:18:00",
  "value" : "10"
},{
  "dateTime" : "06/30/14 15:28:00",
  "value" : "10"
},{
  "dateTime" : "06/30/14 15:29:00",
  "value" : "10"
},{
  "dateTime" : "06/30/14 15:41:00",
  "value" : "10"
},{
  "dateTime" : "06/30/14 18:03:00",
  "value" : "10"
},{
  "dateTime" : "06/30/14 18:04:00",
  "value" : "10"
},{
  "dateTime" : "06/30/14 18:37:00",
  "value" : "10"
},{
  "dateTime" : "06/30/14 19:15:00",
  "value" : "10"
},{
  "dateTime" : "06/30/14 20:22:00",
  "value" : "10"
},{
  "dateTime" : "06/30/14 20:42:00",
  "value" : "10"
},{
  "dateTime" : "06/30/14 21:46:00",
  "value" : "10"
},{
  "dateTime" : "07/01/14 09:09:00",
  "value" : "10"
},{
  "dateTime" : "07/01/14 09:10:00",
  "value" : "10"
},{
  "dateTime" : "07/01/14 09:54:00",
  "value" : "10"
},{
  "dateTime" : "07/01/14 09:55:00",
  "value" : "10"
},{
  "dateTime" : "07/01/14 09:56:00",
  "value" : "10"
},{
  "dateTime" : "07/01/14 11:45:00",
  "value" : "10"
},{
  "dateTime" : "07/01/14 11:46:00",
  "value" : "20"
},{
  "dateTime" : "07/01/14 15:41:00",
  "value" : "10"
},{
  "dateTime" : "07/01/14 16:14:00",
  "value" : "10"
},{
  "dateTime" : "07/01/14 16:15:00",
  "value" : "10"
},{
  "dateTime" : "07/01/14 16:16:00",
  "value" : "10"
},{
  "dateTime" : "07/01/14 17:12:00",
  "value" : "10"
},{
  "dateTime" : "07/01/14 17:50:00",
  "value" : "10"
},{
  "dateTime" : "07/01/14 17:51:00",
  "value" : "10"
},{
  "dateTime" : "07/01/14 17:52:00",
  "value" : "10"
},{
  "dateTime" : "07/01/14 17:58:00",
  "value" : "10"
},{
  "dateTime" : "07/01/14 17:59:00",
  "value" : "10"
},{
  "dateTime" : "07/01/14 18:00:00",
  "value" : "10"
},{
  "dateTime" : "07/01/14 18:32:00",
  "value" : "10"
},{
  "dateTime" : "07/01/14 20:03:00",
  "value" : "10"
},{
  "dateTime" : "07/01/14 20:04:00",
  "value" : "10"
},{
  "dateTime" : "07/01/14 20:05:00",
  "value" : "20"
},{
  "dateTime" : "07/01/14 20:28:00",
  "value" : "10"
},{
  "dateTime" : "07/01/14 20:48:00",
  "value" : "10"
},{
  "dateTime" : "07/01/14 20:49:00",
  "value" : "10"
},{
  "dateTime" : "07/01/14 20:50:00",
  "value" : "10"
},{
  "dateTime" : "07/01/14 21:54:00",
  "value" : "10"
},{
  "dateTime" : "07/01/14 22:16:00",
  "value" : "10"
},{
  "dateTime" : "07/02/14 09:31:00",
  "value" : "10"
},{
  "dateTime" : "07/02/14 12:39:00",
  "value" : "10"
},{
  "dateTime" : "07/02/14 13:13:00",
  "value" : "10"
},{
  "dateTime" : "07/02/14 22:03:00",
  "value" : "10"
},{
  "dateTime" : "07/02/14 22:04:00",
  "value" : "10"
},{
  "dateTime" : "07/03/14 01:45:00",
  "value" : "10"
},{
  "dateTime" : "07/03/14 09:25:00",
  "value" : "10"
},{
  "dateTime" : "07/03/14 11:41:00",
  "value" : "10"
},{
  "dateTime" : "07/03/14 12:54:00",
  "value" : "10"
},{
  "dateTime" : "07/03/14 13:34:00",
  "value" : "10"
},{
  "dateTime" : "07/03/14 13:57:00",
  "value" : "10"
},{
  "dateTime" : "07/03/14 16:05:00",
  "value" : "10"
},{
  "dateTime" : "07/03/14 18:28:00",
  "value" : "10"
},{
  "dateTime" : "07/03/14 20:56:00",
  "value" : "10"
},{
  "dateTime" : "07/04/14 09:42:00",
  "value" : "10"
},{
  "dateTime" : "07/04/14 14:15:00",
  "value" : "10"
},{
  "dateTime" : "07/04/14 14:16:00",
  "value" : "10"
},{
  "dateTime" : "07/04/14 14:17:00",
  "value" : "10"
},{
  "dateTime" : "07/04/14 15:16:00",
  "value" : "10"
},{
  "dateTime" : "07/04/14 17:17:00",
  "value" : "10"
},{
  "dateTime" : "07/04/14 17:18:00",
  "value" : "10"
},{
  "dateTime" : "07/04/14 22:18:00",
  "value" : "10"
},{
  "dateTime" : "07/04/14 23:17:00",
  "value" : "10"
},{
  "dateTime" : "07/05/14 02:24:00",
  "value" : "10"
},{
  "dateTime" : "07/05/14 02:43:00",
  "value" : "10"
},{
  "dateTime" : "07/05/14 09:32:00",
  "value" : "10"
},{
  "dateTime" : "07/05/14 11:30:00",
  "value" : "10"
},{
  "dateTime" : "07/05/14 11:34:00",
  "value" : "10"
},{
  "dateTime" : "07/05/14 13:48:00",
  "value" : "10"
},{
  "dateTime" : "07/05/14 19:16:00",
  "value" : "10"
},{
  "dateTime" : "07/05/14 19:42:00",
  "value" : "10"
},{
  "dateTime" : "07/05/14 20:03:00",
  "value" : "10"
},{
  "dateTime" : "07/05/14 21:15:00",
  "value" : "10"
},{
  "dateTime" : "07/05/14 22:28:00",
  "value" : "10"
},{
  "dateTime" : "07/05/14 23:02:00",
  "value" : "10"
},{
  "dateTime" : "07/06/14 10:44:00",
  "value" : "10"
},{
  "dateTime" : "07/06/14 11:21:00",
  "value" : "10"
},{
  "dateTime" : "07/06/14 13:29:00",
  "value" : "20"
},{
  "dateTime" : "07/06/14 13:30:00",
  "value" : "10"
},{
  "dateTime" : "07/06/14 13:31:00",
  "value" : "10"
},{
  "dateTime" : "07/06/14 14:54:00",
  "value" : "10"
},{
  "dateTime" : "07/06/14 14:55:00",
  "value" : "10"
},{
  "dateTime" : "07/06/14 16:22:00",
  "value" : "10"
},{
  "dateTime" : "07/06/14 16:23:00",
  "value" : "10"
},{
  "dateTime" : "07/06/14 17:06:00",
  "value" : "10"
},{
  "dateTime" : "07/06/14 17:58:00",
  "value" : "10"
},{
  "dateTime" : "07/06/14 17:59:00",
  "value" : "10"
},{
  "dateTime" : "07/06/14 18:24:00",
  "value" : "10"
},{
  "dateTime" : "07/06/14 19:27:00",
  "value" : "10"
},{
  "dateTime" : "07/06/14 19:41:00",
  "value" : "10"
},{
  "dateTime" : "07/06/14 19:59:00",
  "value" : "10"
},{
  "dateTime" : "07/06/14 21:05:00",
  "value" : "10"
},{
  "dateTime" : "07/06/14 21:27:00",
  "value" : "10"
},{
  "dateTime" : "07/06/14 22:26:00",
  "value" : "10"
},{
  "dateTime" : "07/07/14 00:03:00",
  "value" : "10"
},{
  "dateTime" : "07/07/14 06:27:00",
  "value" : "10"
},{
  "dateTime" : "07/07/14 08:51:00",
  "value" : "10"
},{
  "dateTime" : "07/07/14 10:43:00",
  "value" : "10"
},{
  "dateTime" : "07/07/14 11:38:00",
  "value" : "10"
},{
  "dateTime" : "07/07/14 11:45:00",
  "value" : "10"
},{
  "dateTime" : "07/07/14 12:20:00",
  "value" : "10"
},{
  "dateTime" : "07/07/14 12:21:00",
  "value" : "10"
},{
  "dateTime" : "07/07/14 12:28:00",
  "value" : "10"
},{
  "dateTime" : "07/07/14 13:23:00",
  "value" : "20"
},{
  "dateTime" : "07/07/14 13:49:00",
  "value" : "10"
},{
  "dateTime" : "07/07/14 13:50:00",
  "value" : "10"
},{
  "dateTime" : "07/07/14 13:51:00",
  "value" : "10"
},{
  "dateTime" : "07/07/14 16:01:00",
  "value" : "10"
},{
  "dateTime" : "07/07/14 16:02:00",
  "value" : "20"
},{
  "dateTime" : "07/07/14 16:03:00",
  "value" : "10"
},{
  "dateTime" : "07/07/14 16:33:00",
  "value" : "10"
},{
  "dateTime" : "07/07/14 16:34:00",
  "value" : "10"
},{
  "dateTime" : "07/07/14 17:26:00",
  "value" : "10"
},{
  "dateTime" : "07/07/14 18:36:00",
  "value" : "10"
},{
  "dateTime" : "07/07/14 18:54:00",
  "value" : "10"
},{
  "dateTime" : "07/07/14 20:36:00",
  "value" : "10"
},{
  "dateTime" : "07/07/14 20:37:00",
  "value" : "10"
},{
  "dateTime" : "07/08/14 08:51:00",
  "value" : "10"
},{
  "dateTime" : "07/08/14 09:37:00",
  "value" : "10"
},{
  "dateTime" : "07/08/14 10:51:00",
  "value" : "10"
},{
  "dateTime" : "07/08/14 10:52:00",
  "value" : "10"
},{
  "dateTime" : "07/08/14 11:23:00",
  "value" : "10"
},{
  "dateTime" : "07/08/14 13:20:00",
  "value" : "10"
},{
  "dateTime" : "07/08/14 13:54:00",
  "value" : "10"
},{
  "dateTime" : "07/08/14 17:51:00",
  "value" : "10"
},{
  "dateTime" : "07/08/14 17:52:00",
  "value" : "10"
},{
  "dateTime" : "07/08/14 18:39:00",
  "value" : "10"
},{
  "dateTime" : "07/08/14 19:00:00",
  "value" : "10"
},{
  "dateTime" : "07/08/14 19:01:00",
  "value" : "10"
},{
  "dateTime" : "07/08/14 19:40:00",
  "value" : "10"
},{
  "dateTime" : "07/08/14 19:41:00",
  "value" : "10"
},{
  "dateTime" : "07/08/14 19:57:00",
  "value" : "20"
},{
  "dateTime" : "07/08/14 21:15:00",
  "value" : "10"
},{
  "dateTime" : "07/08/14 21:16:00",
  "value" : "10"
},{
  "dateTime" : "07/09/14 01:13:00",
  "value" : "10"
},{
  "dateTime" : "07/09/14 06:03:00",
  "value" : "10"
},{
  "dateTime" : "07/09/14 08:47:00",
  "value" : "10"
},{
  "dateTime" : "07/09/14 08:48:00",
  "value" : "10"
},{
  "dateTime" : "07/09/14 09:28:00",
  "value" : "10"
},{
  "dateTime" : "07/09/14 09:52:00",
  "value" : "10"
},{
  "dateTime" : "07/09/14 09:53:00",
  "value" : "20"
},{
  "dateTime" : "07/09/14 09:54:00",
  "value" : "10"
},{
  "dateTime" : "07/09/14 17:13:00",
  "value" : "10"
},{
  "dateTime" : "07/09/14 17:31:00",
  "value" : "10"
},{
  "dateTime" : "07/09/14 17:50:00",
  "value" : "10"
},{
  "dateTime" : "07/09/14 20:56:00",
  "value" : "10"
},{
  "dateTime" : "07/09/14 21:39:00",
  "value" : "10"
},{
  "dateTime" : "07/10/14 08:35:00",
  "value" : "10"
},{
  "dateTime" : "07/10/14 08:58:00",
  "value" : "10"
},{
  "dateTime" : "07/10/14 13:00:00",
  "value" : "10"
},{
  "dateTime" : "07/10/14 14:47:00",
  "value" : "10"
},{
  "dateTime" : "07/10/14 16:01:00",
  "value" : "10"
},{
  "dateTime" : "07/10/14 16:10:00",
  "value" : "10"
},{
  "dateTime" : "07/10/14 18:27:00",
  "value" : "10"
},{
  "dateTime" : "07/10/14 19:00:00",
  "value" : "10"
},{
  "dateTime" : "07/10/14 19:01:00",
  "value" : "10"
},{
  "dateTime" : "07/10/14 19:02:00",
  "value" : "10"
},{
  "dateTime" : "07/10/14 19:48:00",
  "value" : "10"
},{
  "dateTime" : "07/11/14 05:37:00",
  "value" : "10"
},{
  "dateTime" : "07/11/14 08:13:00",
  "value" : "10"
},{
  "dateTime" : "07/11/14 08:55:00",
  "value" : "10"
},{
  "dateTime" : "07/11/14 10:36:00",
  "value" : "10"
},{
  "dateTime" : "07/11/14 14:23:00",
  "value" : "10"
},{
  "dateTime" : "07/11/14 15:10:00",
  "value" : "10"
},{
  "dateTime" : "07/11/14 15:11:00",
  "value" : "10"
},{
  "dateTime" : "07/11/14 15:19:00",
  "value" : "10"
},{
  "dateTime" : "07/11/14 15:20:00",
  "value" : "10"
},{
  "dateTime" : "07/11/14 15:21:00",
  "value" : "10"
},{
  "dateTime" : "07/11/14 15:22:00",
  "value" : "30"
},{
  "dateTime" : "07/11/14 15:23:00",
  "value" : "20"
},{
  "dateTime" : "07/11/14 15:24:00",
  "value" : "10"
},{
  "dateTime" : "07/11/14 15:45:00",
  "value" : "40"
},{
  "dateTime" : "07/11/14 17:40:00",
  "value" : "10"
},{
  "dateTime" : "07/11/14 22:00:00",
  "value" : "10"
},{
  "dateTime" : "07/11/14 22:01:00",
  "value" : "10"
},{
  "dateTime" : "07/12/14 07:04:00",
  "value" : "10"
},{
  "dateTime" : "07/12/14 09:54:00",
  "value" : "10"
},{
  "dateTime" : "07/12/14 10:31:00",
  "value" : "10"
},{
  "dateTime" : "07/12/14 11:58:00",
  "value" : "10"
},{
  "dateTime" : "07/12/14 14:33:00",
  "value" : "10"
},{
  "dateTime" : "07/12/14 15:37:00",
  "value" : "10"
},{
  "dateTime" : "07/12/14 16:49:00",
  "value" : "10"
},{
  "dateTime" : "07/12/14 17:41:00",
  "value" : "10"
},{
  "dateTime" : "07/12/14 18:39:00",
  "value" : "10"
},{
  "dateTime" : "07/12/14 19:48:00",
  "value" : "10"
},{
  "dateTime" : "07/12/14 23:29:00",
  "value" : "10"
},{
  "dateTime" : "07/13/14 12:03:00",
  "value" : "10"
},{
  "dateTime" : "07/13/14 12:43:00",
  "value" : "10"
},{
  "dateTime" : "07/13/14 13:53:00",
  "value" : "10"
},{
  "dateTime" : "07/13/14 13:54:00",
  "value" : "10"
},{
  "dateTime" : "07/13/14 14:22:00",
  "value" : "10"
},{
  "dateTime" : "07/13/14 14:48:00",
  "value" : "10"
},{
  "dateTime" : "07/13/14 14:49:00",
  "value" : "10"
},{
  "dateTime" : "07/13/14 15:29:00",
  "value" : "10"
},{
  "dateTime" : "07/13/14 15:49:00",
  "value" : "10"
},{
  "dateTime" : "07/13/14 16:26:00",
  "value" : "10"
},{
  "dateTime" : "07/13/14 16:27:00",
  "value" : "10"
},{
  "dateTime" : "07/13/14 16:28:00",
  "value" : "10"
},{
  "dateTime" : "07/13/14 16:42:00",
  "value" : "10"
},{
  "dateTime" : "07/13/14 16:58:00",
  "value" : "10"
},{
  "dateTime" : "07/13/14 16:59:00",
  "value" : "10"
},{
  "dateTime" : "07/13/14 17:16:00",
  "value" : "10"
},{
  "dateTime" : "07/13/14 17:17:00",
  "value" : "10"
},{
  "dateTime" : "07/13/14 18:00:00",
  "value" : "10"
},{
  "dateTime" : "07/13/14 18:01:00",
  "value" : "20"
},{
  "dateTime" : "07/13/14 19:15:00",
  "value" : "10"
},{
  "dateTime" : "07/13/14 19:36:00",
  "value" : "10"
},{
  "dateTime" : "07/13/14 20:04:00",
  "value" : "10"
},{
  "dateTime" : "07/13/14 20:26:00",
  "value" : "10"
},{
  "dateTime" : "07/13/14 20:27:00",
  "value" : "10"
},{
  "dateTime" : "07/13/14 20:36:00",
  "value" : "10"
},{
  "dateTime" : "07/13/14 20:48:00",
  "value" : "10"
},{
  "dateTime" : "07/13/14 21:13:00",
  "value" : "10"
},{
  "dateTime" : "07/13/14 21:43:00",
  "value" : "10"
},{
  "dateTime" : "07/13/14 21:44:00",
  "value" : "10"
},{
  "dateTime" : "07/13/14 22:52:00",
  "value" : "10"
}]