[{
  "dateTime" : "10/12/14 10:24:00",
  "value" : "10"
},{
  "dateTime" : "10/12/14 11:29:00",
  "value" : "10"
},{
  "dateTime" : "10/12/14 12:35:00",
  "value" : "10"
},{
  "dateTime" : "10/12/14 12:36:00",
  "value" : "10"
},{
  "dateTime" : "10/12/14 13:06:00",
  "value" : "10"
},{
  "dateTime" : "10/12/14 13:39:00",
  "value" : "10"
},{
  "dateTime" : "10/12/14 14:04:00",
  "value" : "10"
},{
  "dateTime" : "10/12/14 14:05:00",
  "value" : "10"
},{
  "dateTime" : "10/12/14 14:22:00",
  "value" : "10"
},{
  "dateTime" : "10/12/14 15:06:00",
  "value" : "20"
},{
  "dateTime" : "10/12/14 15:07:00",
  "value" : "10"
},{
  "dateTime" : "10/12/14 16:43:00",
  "value" : "10"
},{
  "dateTime" : "10/12/14 16:44:00",
  "value" : "10"
},{
  "dateTime" : "10/12/14 20:11:00",
  "value" : "10"
},{
  "dateTime" : "10/12/14 20:43:00",
  "value" : "10"
},{
  "dateTime" : "10/13/14 01:25:00",
  "value" : "10"
},{
  "dateTime" : "10/13/14 02:32:00",
  "value" : "10"
},{
  "dateTime" : "10/13/14 07:49:00",
  "value" : "10"
},{
  "dateTime" : "10/13/14 08:53:00",
  "value" : "10"
},{
  "dateTime" : "10/13/14 08:54:00",
  "value" : "10"
},{
  "dateTime" : "10/13/14 09:59:00",
  "value" : "10"
},{
  "dateTime" : "10/13/14 10:12:00",
  "value" : "10"
},{
  "dateTime" : "10/13/14 10:13:00",
  "value" : "10"
},{
  "dateTime" : "10/13/14 10:14:00",
  "value" : "10"
},{
  "dateTime" : "10/13/14 10:46:00",
  "value" : "10"
},{
  "dateTime" : "10/13/14 11:09:00",
  "value" : "10"
},{
  "dateTime" : "10/13/14 11:28:00",
  "value" : "10"
},{
  "dateTime" : "10/13/14 11:29:00",
  "value" : "10"
},{
  "dateTime" : "10/13/14 14:17:00",
  "value" : "10"
},{
  "dateTime" : "10/13/14 14:40:00",
  "value" : "10"
},{
  "dateTime" : "10/13/14 14:41:00",
  "value" : "20"
},{
  "dateTime" : "10/13/14 15:12:00",
  "value" : "10"
},{
  "dateTime" : "10/13/14 15:13:00",
  "value" : "10"
},{
  "dateTime" : "10/13/14 15:14:00",
  "value" : "10"
},{
  "dateTime" : "10/13/14 15:28:00",
  "value" : "10"
},{
  "dateTime" : "10/13/14 15:29:00",
  "value" : "10"
},{
  "dateTime" : "10/13/14 15:46:00",
  "value" : "10"
},{
  "dateTime" : "10/13/14 16:20:00",
  "value" : "10"
},{
  "dateTime" : "10/13/14 16:21:00",
  "value" : "10"
},{
  "dateTime" : "10/13/14 19:00:00",
  "value" : "10"
},{
  "dateTime" : "10/13/14 20:01:00",
  "value" : "10"
},{
  "dateTime" : "10/13/14 20:20:00",
  "value" : "10"
},{
  "dateTime" : "10/14/14 06:32:00",
  "value" : "10"
},{
  "dateTime" : "10/14/14 07:26:00",
  "value" : "10"
},{
  "dateTime" : "10/14/14 08:11:00",
  "value" : "20"
},{
  "dateTime" : "10/14/14 08:53:00",
  "value" : "10"
},{
  "dateTime" : "10/14/14 08:54:00",
  "value" : "10"
},{
  "dateTime" : "10/14/14 08:55:00",
  "value" : "10"
},{
  "dateTime" : "10/14/14 09:43:00",
  "value" : "10"
},{
  "dateTime" : "10/14/14 09:52:00",
  "value" : "10"
},{
  "dateTime" : "10/14/14 09:53:00",
  "value" : "10"
},{
  "dateTime" : "10/14/14 11:01:00",
  "value" : "10"
},{
  "dateTime" : "10/14/14 11:42:00",
  "value" : "20"
},{
  "dateTime" : "10/14/14 12:46:00",
  "value" : "10"
},{
  "dateTime" : "10/14/14 12:58:00",
  "value" : "10"
},{
  "dateTime" : "10/14/14 13:21:00",
  "value" : "20"
},{
  "dateTime" : "10/14/14 14:20:00",
  "value" : "10"
},{
  "dateTime" : "10/14/14 15:15:00",
  "value" : "10"
},{
  "dateTime" : "10/14/14 17:15:00",
  "value" : "10"
},{
  "dateTime" : "10/14/14 17:33:00",
  "value" : "10"
},{
  "dateTime" : "10/14/14 18:18:00",
  "value" : "20"
},{
  "dateTime" : "10/14/14 18:19:00",
  "value" : "20"
},{
  "dateTime" : "10/14/14 20:51:00",
  "value" : "10"
},{
  "dateTime" : "10/15/14 11:20:00",
  "value" : "20"
},{
  "dateTime" : "10/15/14 11:21:00",
  "value" : "10"
},{
  "dateTime" : "10/15/14 14:49:00",
  "value" : "10"
},{
  "dateTime" : "10/15/14 17:38:00",
  "value" : "10"
},{
  "dateTime" : "10/15/14 17:39:00",
  "value" : "20"
},{
  "dateTime" : "10/15/14 17:51:00",
  "value" : "10"
},{
  "dateTime" : "10/15/14 22:05:00",
  "value" : "10"
},{
  "dateTime" : "10/16/14 11:27:00",
  "value" : "10"
},{
  "dateTime" : "10/16/14 14:26:00",
  "value" : "10"
},{
  "dateTime" : "10/16/14 14:43:00",
  "value" : "30"
},{
  "dateTime" : "10/16/14 14:44:00",
  "value" : "10"
},{
  "dateTime" : "10/16/14 14:45:00",
  "value" : "10"
},{
  "dateTime" : "10/16/14 14:46:00",
  "value" : "20"
},{
  "dateTime" : "10/16/14 14:47:00",
  "value" : "20"
},{
  "dateTime" : "10/16/14 15:48:00",
  "value" : "10"
},{
  "dateTime" : "10/16/14 18:06:00",
  "value" : "10"
},{
  "dateTime" : "10/16/14 22:47:00",
  "value" : "10"
},{
  "dateTime" : "10/17/14 07:56:00",
  "value" : "10"
},{
  "dateTime" : "10/17/14 08:34:00",
  "value" : "10"
},{
  "dateTime" : "10/17/14 09:57:00",
  "value" : "10"
},{
  "dateTime" : "10/17/14 11:15:00",
  "value" : "10"
},{
  "dateTime" : "10/17/14 12:01:00",
  "value" : "10"
},{
  "dateTime" : "10/17/14 12:02:00",
  "value" : "10"
},{
  "dateTime" : "10/17/14 12:25:00",
  "value" : "10"
},{
  "dateTime" : "10/17/14 12:46:00",
  "value" : "10"
},{
  "dateTime" : "10/17/14 14:19:00",
  "value" : "10"
},{
  "dateTime" : "10/17/14 16:14:00",
  "value" : "10"
},{
  "dateTime" : "10/17/14 16:22:00",
  "value" : "10"
},{
  "dateTime" : "10/17/14 18:16:00",
  "value" : "10"
},{
  "dateTime" : "10/17/14 22:40:00",
  "value" : "10"
},{
  "dateTime" : "10/18/14 10:52:00",
  "value" : "10"
},{
  "dateTime" : "10/18/14 13:37:00",
  "value" : "10"
},{
  "dateTime" : "10/18/14 16:48:00",
  "value" : "10"
},{
  "dateTime" : "10/18/14 16:49:00",
  "value" : "10"
},{
  "dateTime" : "10/18/14 17:18:00",
  "value" : "10"
},{
  "dateTime" : "10/18/14 17:36:00",
  "value" : "10"
},{
  "dateTime" : "10/18/14 20:37:00",
  "value" : "10"
},{
  "dateTime" : "10/18/14 22:09:00",
  "value" : "10"
},{
  "dateTime" : "10/19/14 07:19:00",
  "value" : "10"
},{
  "dateTime" : "10/19/14 09:02:00",
  "value" : "10"
},{
  "dateTime" : "10/19/14 10:49:00",
  "value" : "10"
},{
  "dateTime" : "10/19/14 11:20:00",
  "value" : "10"
},{
  "dateTime" : "10/19/14 11:54:00",
  "value" : "10"
},{
  "dateTime" : "10/19/14 21:06:00",
  "value" : "10"
},{
  "dateTime" : "10/19/14 21:07:00",
  "value" : "10"
},{
  "dateTime" : "10/19/14 21:14:00",
  "value" : "20"
},{
  "dateTime" : "10/19/14 21:22:00",
  "value" : "10"
},{
  "dateTime" : "10/19/14 22:18:00",
  "value" : "10"
},{
  "dateTime" : "10/19/14 22:43:00",
  "value" : "10"
},{
  "dateTime" : "10/19/14 22:51:00",
  "value" : "10"
},{
  "dateTime" : "10/19/14 22:52:00",
  "value" : "10"
},{
  "dateTime" : "10/19/14 23:35:00",
  "value" : "10"
},{
  "dateTime" : "10/19/14 23:36:00",
  "value" : "10"
},{
  "dateTime" : "10/20/14 08:12:00",
  "value" : "10"
},{
  "dateTime" : "10/20/14 08:13:00",
  "value" : "10"
},{
  "dateTime" : "10/20/14 08:14:00",
  "value" : "10"
},{
  "dateTime" : "10/20/14 08:15:00",
  "value" : "10"
},{
  "dateTime" : "10/20/14 08:16:00",
  "value" : "20"
},{
  "dateTime" : "10/20/14 08:47:00",
  "value" : "10"
},{
  "dateTime" : "10/20/14 09:35:00",
  "value" : "10"
},{
  "dateTime" : "10/20/14 09:36:00",
  "value" : "10"
},{
  "dateTime" : "10/20/14 09:37:00",
  "value" : "10"
},{
  "dateTime" : "10/20/14 14:41:00",
  "value" : "10"
},{
  "dateTime" : "10/20/14 14:42:00",
  "value" : "10"
},{
  "dateTime" : "10/20/14 14:46:00",
  "value" : "10"
},{
  "dateTime" : "10/20/14 14:47:00",
  "value" : "10"
},{
  "dateTime" : "10/20/14 14:55:00",
  "value" : "10"
},{
  "dateTime" : "10/20/14 15:48:00",
  "value" : "10"
},{
  "dateTime" : "10/20/14 17:25:00",
  "value" : "10"
},{
  "dateTime" : "10/20/14 19:22:00",
  "value" : "10"
},{
  "dateTime" : "10/20/14 20:20:00",
  "value" : "10"
},{
  "dateTime" : "10/20/14 20:42:00",
  "value" : "10"
},{
  "dateTime" : "10/20/14 20:43:00",
  "value" : "10"
},{
  "dateTime" : "10/21/14 00:51:00",
  "value" : "10"
},{
  "dateTime" : "10/21/14 01:06:00",
  "value" : "10"
},{
  "dateTime" : "10/21/14 06:08:00",
  "value" : "10"
},{
  "dateTime" : "10/21/14 08:33:00",
  "value" : "10"
},{
  "dateTime" : "10/21/14 08:50:00",
  "value" : "10"
},{
  "dateTime" : "10/21/14 08:53:00",
  "value" : "10"
},{
  "dateTime" : "10/21/14 18:09:00",
  "value" : "10"
},{
  "dateTime" : "10/21/14 18:45:00",
  "value" : "10"
},{
  "dateTime" : "10/21/14 18:52:00",
  "value" : "20"
},{
  "dateTime" : "10/21/14 18:53:00",
  "value" : "10"
},{
  "dateTime" : "10/21/14 19:00:00",
  "value" : "10"
},{
  "dateTime" : "10/21/14 20:28:00",
  "value" : "10"
},{
  "dateTime" : "10/21/14 21:02:00",
  "value" : "10"
},{
  "dateTime" : "10/21/14 21:26:00",
  "value" : "10"
},{
  "dateTime" : "10/22/14 01:12:00",
  "value" : "10"
},{
  "dateTime" : "10/22/14 08:02:00",
  "value" : "10"
},{
  "dateTime" : "10/22/14 08:15:00",
  "value" : "10"
},{
  "dateTime" : "10/22/14 10:02:00",
  "value" : "10"
},{
  "dateTime" : "10/22/14 11:21:00",
  "value" : "10"
},{
  "dateTime" : "10/22/14 11:22:00",
  "value" : "10"
},{
  "dateTime" : "10/22/14 11:23:00",
  "value" : "10"
},{
  "dateTime" : "10/22/14 15:43:00",
  "value" : "10"
},{
  "dateTime" : "10/22/14 15:44:00",
  "value" : "10"
},{
  "dateTime" : "10/22/14 16:15:00",
  "value" : "10"
},{
  "dateTime" : "10/22/14 16:27:00",
  "value" : "10"
},{
  "dateTime" : "10/22/14 16:28:00",
  "value" : "10"
},{
  "dateTime" : "10/22/14 16:29:00",
  "value" : "10"
},{
  "dateTime" : "10/22/14 16:53:00",
  "value" : "10"
},{
  "dateTime" : "10/22/14 16:54:00",
  "value" : "10"
},{
  "dateTime" : "10/22/14 16:55:00",
  "value" : "10"
},{
  "dateTime" : "10/22/14 20:04:00",
  "value" : "10"
},{
  "dateTime" : "10/22/14 20:22:00",
  "value" : "20"
},{
  "dateTime" : "10/22/14 20:51:00",
  "value" : "10"
},{
  "dateTime" : "10/22/14 23:44:00",
  "value" : "10"
},{
  "dateTime" : "10/23/14 10:35:00",
  "value" : "10"
},{
  "dateTime" : "10/23/14 14:21:00",
  "value" : "10"
},{
  "dateTime" : "10/23/14 16:12:00",
  "value" : "10"
},{
  "dateTime" : "10/23/14 16:44:00",
  "value" : "10"
},{
  "dateTime" : "10/24/14 08:52:00",
  "value" : "10"
},{
  "dateTime" : "10/24/14 15:32:00",
  "value" : "10"
},{
  "dateTime" : "10/24/14 15:33:00",
  "value" : "10"
},{
  "dateTime" : "10/24/14 18:16:00",
  "value" : "10"
},{
  "dateTime" : "10/24/14 19:17:00",
  "value" : "10"
},{
  "dateTime" : "10/24/14 19:18:00",
  "value" : "10"
},{
  "dateTime" : "10/24/14 20:12:00",
  "value" : "10"
},{
  "dateTime" : "10/24/14 21:02:00",
  "value" : "10"
},{
  "dateTime" : "10/25/14 07:37:00",
  "value" : "10"
},{
  "dateTime" : "10/25/14 07:38:00",
  "value" : "10"
},{
  "dateTime" : "10/25/14 11:14:00",
  "value" : "10"
},{
  "dateTime" : "10/25/14 12:55:00",
  "value" : "10"
},{
  "dateTime" : "10/25/14 13:12:00",
  "value" : "10"
},{
  "dateTime" : "10/25/14 13:13:00",
  "value" : "10"
},{
  "dateTime" : "10/25/14 15:15:00",
  "value" : "10"
},{
  "dateTime" : "10/25/14 15:16:00",
  "value" : "10"
},{
  "dateTime" : "10/25/14 15:59:00",
  "value" : "10"
},{
  "dateTime" : "10/25/14 16:19:00",
  "value" : "10"
},{
  "dateTime" : "10/25/14 18:05:00",
  "value" : "10"
},{
  "dateTime" : "10/25/14 18:06:00",
  "value" : "10"
},{
  "dateTime" : "10/25/14 18:26:00",
  "value" : "10"
},{
  "dateTime" : "10/25/14 20:16:00",
  "value" : "10"
},{
  "dateTime" : "10/25/14 20:45:00",
  "value" : "10"
},{
  "dateTime" : "10/25/14 21:45:00",
  "value" : "10"
},{
  "dateTime" : "10/26/14 10:19:00",
  "value" : "10"
},{
  "dateTime" : "10/26/14 10:20:00",
  "value" : "10"
},{
  "dateTime" : "10/26/14 12:59:00",
  "value" : "10"
},{
  "dateTime" : "10/26/14 14:22:00",
  "value" : "10"
},{
  "dateTime" : "10/26/14 20:50:00",
  "value" : "10"
},{
  "dateTime" : "10/27/14 08:32:00",
  "value" : "10"
},{
  "dateTime" : "10/27/14 08:33:00",
  "value" : "10"
},{
  "dateTime" : "10/27/14 08:49:00",
  "value" : "10"
},{
  "dateTime" : "10/27/14 08:50:00",
  "value" : "10"
},{
  "dateTime" : "10/27/14 09:07:00",
  "value" : "10"
},{
  "dateTime" : "10/27/14 09:08:00",
  "value" : "10"
},{
  "dateTime" : "10/27/14 12:34:00",
  "value" : "10"
},{
  "dateTime" : "10/27/14 12:35:00",
  "value" : "10"
},{
  "dateTime" : "10/27/14 16:37:00",
  "value" : "10"
},{
  "dateTime" : "10/27/14 17:13:00",
  "value" : "10"
},{
  "dateTime" : "10/27/14 18:10:00",
  "value" : "10"
},{
  "dateTime" : "10/27/14 19:20:00",
  "value" : "10"
},{
  "dateTime" : "10/27/14 19:21:00",
  "value" : "10"
},{
  "dateTime" : "10/27/14 20:06:00",
  "value" : "10"
},{
  "dateTime" : "10/27/14 20:07:00",
  "value" : "10"
},{
  "dateTime" : "10/27/14 20:22:00",
  "value" : "10"
},{
  "dateTime" : "10/27/14 21:02:00",
  "value" : "10"
},{
  "dateTime" : "10/27/14 21:28:00",
  "value" : "10"
},{
  "dateTime" : "10/27/14 21:29:00",
  "value" : "10"
},{
  "dateTime" : "10/27/14 21:30:00",
  "value" : "10"
},{
  "dateTime" : "10/28/14 00:16:00",
  "value" : "10"
},{
  "dateTime" : "10/28/14 08:30:00",
  "value" : "10"
},{
  "dateTime" : "10/28/14 08:31:00",
  "value" : "10"
},{
  "dateTime" : "10/28/14 08:46:00",
  "value" : "10"
},{
  "dateTime" : "10/28/14 08:47:00",
  "value" : "10"
},{
  "dateTime" : "10/28/14 08:48:00",
  "value" : "10"
},{
  "dateTime" : "10/28/14 09:13:00",
  "value" : "10"
},{
  "dateTime" : "10/28/14 12:14:00",
  "value" : "10"
},{
  "dateTime" : "10/28/14 14:08:00",
  "value" : "10"
},{
  "dateTime" : "10/28/14 15:16:00",
  "value" : "10"
},{
  "dateTime" : "10/29/14 07:07:00",
  "value" : "10"
},{
  "dateTime" : "10/29/14 07:30:00",
  "value" : "10"
},{
  "dateTime" : "10/29/14 07:52:00",
  "value" : "10"
},{
  "dateTime" : "10/29/14 08:46:00",
  "value" : "10"
},{
  "dateTime" : "10/29/14 09:49:00",
  "value" : "10"
},{
  "dateTime" : "10/29/14 09:50:00",
  "value" : "20"
},{
  "dateTime" : "10/29/14 15:56:00",
  "value" : "10"
},{
  "dateTime" : "10/29/14 15:57:00",
  "value" : "10"
},{
  "dateTime" : "10/29/14 16:04:00",
  "value" : "10"
},{
  "dateTime" : "10/29/14 20:36:00",
  "value" : "10"
},{
  "dateTime" : "10/30/14 08:38:00",
  "value" : "10"
},{
  "dateTime" : "10/30/14 12:54:00",
  "value" : "10"
},{
  "dateTime" : "10/30/14 13:47:00",
  "value" : "10"
},{
  "dateTime" : "10/30/14 14:48:00",
  "value" : "10"
},{
  "dateTime" : "10/30/14 15:25:00",
  "value" : "10"
},{
  "dateTime" : "10/30/14 15:26:00",
  "value" : "10"
},{
  "dateTime" : "10/30/14 15:53:00",
  "value" : "10"
},{
  "dateTime" : "10/30/14 18:53:00",
  "value" : "10"
},{
  "dateTime" : "10/31/14 08:00:00",
  "value" : "10"
},{
  "dateTime" : "10/31/14 08:08:00",
  "value" : "10"
},{
  "dateTime" : "10/31/14 08:16:00",
  "value" : "10"
},{
  "dateTime" : "10/31/14 09:00:00",
  "value" : "10"
},{
  "dateTime" : "10/31/14 10:57:00",
  "value" : "10"
},{
  "dateTime" : "10/31/14 12:06:00",
  "value" : "10"
},{
  "dateTime" : "10/31/14 12:39:00",
  "value" : "10"
},{
  "dateTime" : "10/31/14 12:55:00",
  "value" : "20"
},{
  "dateTime" : "10/31/14 13:15:00",
  "value" : "40"
},{
  "dateTime" : "10/31/14 13:33:00",
  "value" : "10"
},{
  "dateTime" : "10/31/14 13:34:00",
  "value" : "10"
},{
  "dateTime" : "10/31/14 15:44:00",
  "value" : "10"
},{
  "dateTime" : "10/31/14 15:45:00",
  "value" : "10"
},{
  "dateTime" : "10/31/14 15:46:00",
  "value" : "10"
},{
  "dateTime" : "10/31/14 15:47:00",
  "value" : "10"
},{
  "dateTime" : "10/31/14 15:48:00",
  "value" : "10"
},{
  "dateTime" : "10/31/14 15:49:00",
  "value" : "10"
},{
  "dateTime" : "10/31/14 17:05:00",
  "value" : "10"
},{
  "dateTime" : "10/31/14 17:06:00",
  "value" : "10"
},{
  "dateTime" : "10/31/14 17:07:00",
  "value" : "10"
},{
  "dateTime" : "10/31/14 17:08:00",
  "value" : "10"
},{
  "dateTime" : "10/31/14 18:20:00",
  "value" : "10"
},{
  "dateTime" : "10/31/14 18:21:00",
  "value" : "10"
},{
  "dateTime" : "10/31/14 19:39:00",
  "value" : "10"
},{
  "dateTime" : "10/31/14 19:40:00",
  "value" : "10"
},{
  "dateTime" : "10/31/14 20:00:00",
  "value" : "20"
},{
  "dateTime" : "10/31/14 20:25:00",
  "value" : "10"
},{
  "dateTime" : "10/31/14 20:26:00",
  "value" : "10"
},{
  "dateTime" : "10/31/14 20:27:00",
  "value" : "10"
},{
  "dateTime" : "11/01/14 02:20:00",
  "value" : "10"
},{
  "dateTime" : "11/01/14 07:09:00",
  "value" : "10"
},{
  "dateTime" : "11/01/14 12:51:00",
  "value" : "10"
},{
  "dateTime" : "11/01/14 15:48:00",
  "value" : "10"
},{
  "dateTime" : "11/01/14 16:26:00",
  "value" : "10"
},{
  "dateTime" : "11/01/14 16:46:00",
  "value" : "10"
},{
  "dateTime" : "11/01/14 16:47:00",
  "value" : "10"
},{
  "dateTime" : "11/01/14 16:48:00",
  "value" : "10"
},{
  "dateTime" : "11/01/14 17:52:00",
  "value" : "10"
},{
  "dateTime" : "11/01/14 18:30:00",
  "value" : "10"
},{
  "dateTime" : "11/02/14 00:49:00",
  "value" : "10"
},{
  "dateTime" : "11/02/14 11:57:00",
  "value" : "10"
},{
  "dateTime" : "11/02/14 13:13:00",
  "value" : "10"
},{
  "dateTime" : "11/02/14 13:45:00",
  "value" : "10"
},{
  "dateTime" : "11/02/14 13:46:00",
  "value" : "10"
},{
  "dateTime" : "11/02/14 13:47:00",
  "value" : "10"
},{
  "dateTime" : "11/02/14 16:02:00",
  "value" : "10"
},{
  "dateTime" : "11/02/14 16:03:00",
  "value" : "10"
},{
  "dateTime" : "11/02/14 16:04:00",
  "value" : "10"
},{
  "dateTime" : "11/02/14 16:19:00",
  "value" : "10"
},{
  "dateTime" : "11/02/14 17:14:00",
  "value" : "10"
},{
  "dateTime" : "11/02/14 17:50:00",
  "value" : "10"
},{
  "dateTime" : "11/02/14 19:45:00",
  "value" : "10"
},{
  "dateTime" : "11/02/14 19:46:00",
  "value" : "20"
},{
  "dateTime" : "11/03/14 08:36:00",
  "value" : "10"
},{
  "dateTime" : "11/03/14 09:32:00",
  "value" : "10"
},{
  "dateTime" : "11/03/14 10:12:00",
  "value" : "10"
},{
  "dateTime" : "11/03/14 10:31:00",
  "value" : "10"
},{
  "dateTime" : "11/03/14 12:44:00",
  "value" : "30"
},{
  "dateTime" : "11/03/14 13:28:00",
  "value" : "20"
},{
  "dateTime" : "11/03/14 14:06:00",
  "value" : "10"
},{
  "dateTime" : "11/03/14 14:42:00",
  "value" : "10"
},{
  "dateTime" : "11/03/14 14:43:00",
  "value" : "10"
},{
  "dateTime" : "11/03/14 14:44:00",
  "value" : "10"
},{
  "dateTime" : "11/03/14 14:45:00",
  "value" : "10"
},{
  "dateTime" : "11/03/14 19:28:00",
  "value" : "10"
},{
  "dateTime" : "11/03/14 20:34:00",
  "value" : "10"
},{
  "dateTime" : "11/03/14 20:35:00",
  "value" : "10"
},{
  "dateTime" : "11/03/14 20:36:00",
  "value" : "10"
},{
  "dateTime" : "11/03/14 20:43:00",
  "value" : "10"
},{
  "dateTime" : "11/03/14 20:44:00",
  "value" : "10"
},{
  "dateTime" : "11/03/14 20:45:00",
  "value" : "10"
},{
  "dateTime" : "11/04/14 02:04:00",
  "value" : "10"
},{
  "dateTime" : "11/04/14 09:56:00",
  "value" : "10"
},{
  "dateTime" : "11/04/14 10:42:00",
  "value" : "10"
},{
  "dateTime" : "11/04/14 11:03:00",
  "value" : "10"
},{
  "dateTime" : "11/04/14 11:59:00",
  "value" : "10"
},{
  "dateTime" : "11/04/14 12:35:00",
  "value" : "10"
},{
  "dateTime" : "11/04/14 13:27:00",
  "value" : "10"
},{
  "dateTime" : "11/04/14 13:28:00",
  "value" : "10"
},{
  "dateTime" : "11/04/14 14:57:00",
  "value" : "10"
},{
  "dateTime" : "11/04/14 14:58:00",
  "value" : "10"
},{
  "dateTime" : "11/04/14 15:15:00",
  "value" : "10"
},{
  "dateTime" : "11/04/14 15:16:00",
  "value" : "10"
},{
  "dateTime" : "11/04/14 15:17:00",
  "value" : "40"
},{
  "dateTime" : "11/04/14 15:18:00",
  "value" : "20"
},{
  "dateTime" : "11/04/14 15:19:00",
  "value" : "10"
},{
  "dateTime" : "11/04/14 16:15:00",
  "value" : "20"
},{
  "dateTime" : "11/04/14 18:02:00",
  "value" : "10"
},{
  "dateTime" : "11/04/14 18:03:00",
  "value" : "10"
},{
  "dateTime" : "11/04/14 18:22:00",
  "value" : "10"
},{
  "dateTime" : "11/04/14 19:37:00",
  "value" : "10"
},{
  "dateTime" : "11/04/14 19:38:00",
  "value" : "10"
},{
  "dateTime" : "11/04/14 21:28:00",
  "value" : "30"
},{
  "dateTime" : "11/04/14 21:29:00",
  "value" : "20"
},{
  "dateTime" : "11/04/14 21:55:00",
  "value" : "20"
},{
  "dateTime" : "11/04/14 21:56:00",
  "value" : "10"
},{
  "dateTime" : "11/04/14 23:32:00",
  "value" : "10"
},{
  "dateTime" : "11/05/14 00:23:00",
  "value" : "10"
},{
  "dateTime" : "11/05/14 00:41:00",
  "value" : "10"
},{
  "dateTime" : "11/05/14 07:26:00",
  "value" : "10"
},{
  "dateTime" : "11/05/14 08:15:00",
  "value" : "10"
},{
  "dateTime" : "11/05/14 08:50:00",
  "value" : "10"
},{
  "dateTime" : "11/05/14 08:51:00",
  "value" : "20"
},{
  "dateTime" : "11/05/14 08:58:00",
  "value" : "20"
},{
  "dateTime" : "11/05/14 08:59:00",
  "value" : "20"
},{
  "dateTime" : "11/05/14 09:00:00",
  "value" : "20"
},{
  "dateTime" : "11/05/14 09:01:00",
  "value" : "10"
},{
  "dateTime" : "11/05/14 09:49:00",
  "value" : "10"
},{
  "dateTime" : "11/05/14 09:50:00",
  "value" : "10"
},{
  "dateTime" : "11/05/14 09:51:00",
  "value" : "10"
},{
  "dateTime" : "11/05/14 09:52:00",
  "value" : "10"
},{
  "dateTime" : "11/05/14 10:59:00",
  "value" : "10"
},{
  "dateTime" : "11/05/14 11:00:00",
  "value" : "10"
},{
  "dateTime" : "11/05/14 11:01:00",
  "value" : "10"
},{
  "dateTime" : "11/05/14 14:59:00",
  "value" : "10"
},{
  "dateTime" : "11/05/14 16:14:00",
  "value" : "10"
},{
  "dateTime" : "11/05/14 16:51:00",
  "value" : "10"
},{
  "dateTime" : "11/05/14 17:25:00",
  "value" : "10"
},{
  "dateTime" : "11/05/14 17:54:00",
  "value" : "10"
},{
  "dateTime" : "11/05/14 18:23:00",
  "value" : "10"
},{
  "dateTime" : "11/05/14 20:31:00",
  "value" : "10"
},{
  "dateTime" : "11/06/14 00:22:00",
  "value" : "10"
},{
  "dateTime" : "11/06/14 08:19:00",
  "value" : "10"
},{
  "dateTime" : "11/06/14 09:09:00",
  "value" : "10"
},{
  "dateTime" : "11/06/14 10:20:00",
  "value" : "10"
},{
  "dateTime" : "11/06/14 15:24:00",
  "value" : "10"
},{
  "dateTime" : "11/06/14 20:00:00",
  "value" : "10"
},{
  "dateTime" : "11/06/14 20:01:00",
  "value" : "10"
},{
  "dateTime" : "11/06/14 20:02:00",
  "value" : "10"
},{
  "dateTime" : "11/07/14 09:04:00",
  "value" : "10"
},{
  "dateTime" : "11/07/14 10:12:00",
  "value" : "10"
},{
  "dateTime" : "11/07/14 11:37:00",
  "value" : "10"
},{
  "dateTime" : "11/07/14 12:14:00",
  "value" : "10"
},{
  "dateTime" : "11/07/14 12:15:00",
  "value" : "10"
},{
  "dateTime" : "11/07/14 12:16:00",
  "value" : "20"
},{
  "dateTime" : "11/07/14 12:33:00",
  "value" : "10"
},{
  "dateTime" : "11/07/14 12:41:00",
  "value" : "20"
},{
  "dateTime" : "11/07/14 12:42:00",
  "value" : "10"
},{
  "dateTime" : "11/07/14 13:14:00",
  "value" : "10"
},{
  "dateTime" : "11/07/14 13:15:00",
  "value" : "10"
},{
  "dateTime" : "11/07/14 17:06:00",
  "value" : "10"
},{
  "dateTime" : "11/07/14 18:24:00",
  "value" : "10"
},{
  "dateTime" : "11/07/14 20:53:00",
  "value" : "10"
},{
  "dateTime" : "11/07/14 20:54:00",
  "value" : "10"
},{
  "dateTime" : "11/07/14 20:55:00",
  "value" : "10"
},{
  "dateTime" : "11/07/14 20:56:00",
  "value" : "10"
},{
  "dateTime" : "11/07/14 22:06:00",
  "value" : "10"
},{
  "dateTime" : "11/08/14 01:14:00",
  "value" : "10"
},{
  "dateTime" : "11/08/14 11:49:00",
  "value" : "10"
},{
  "dateTime" : "11/08/14 16:23:00",
  "value" : "10"
},{
  "dateTime" : "11/08/14 17:37:00",
  "value" : "10"
},{
  "dateTime" : "11/08/14 17:38:00",
  "value" : "10"
},{
  "dateTime" : "11/08/14 18:22:00",
  "value" : "10"
},{
  "dateTime" : "11/08/14 20:04:00",
  "value" : "10"
},{
  "dateTime" : "11/08/14 20:05:00",
  "value" : "10"
},{
  "dateTime" : "11/08/14 23:42:00",
  "value" : "10"
},{
  "dateTime" : "11/09/14 10:53:00",
  "value" : "10"
},{
  "dateTime" : "11/09/14 15:08:00",
  "value" : "10"
},{
  "dateTime" : "11/09/14 15:49:00",
  "value" : "10"
},{
  "dateTime" : "11/09/14 15:50:00",
  "value" : "10"
},{
  "dateTime" : "11/09/14 16:50:00",
  "value" : "10"
},{
  "dateTime" : "11/09/14 18:35:00",
  "value" : "10"
},{
  "dateTime" : "11/09/14 19:05:00",
  "value" : "10"
},{
  "dateTime" : "11/09/14 20:51:00",
  "value" : "10"
},{
  "dateTime" : "11/10/14 09:06:00",
  "value" : "10"
},{
  "dateTime" : "11/10/14 09:07:00",
  "value" : "10"
},{
  "dateTime" : "11/10/14 09:08:00",
  "value" : "10"
},{
  "dateTime" : "11/10/14 10:44:00",
  "value" : "10"
},{
  "dateTime" : "11/10/14 11:17:00",
  "value" : "10"
},{
  "dateTime" : "11/10/14 13:48:00",
  "value" : "10"
},{
  "dateTime" : "11/10/14 14:39:00",
  "value" : "10"
},{
  "dateTime" : "11/10/14 16:29:00",
  "value" : "10"
},{
  "dateTime" : "11/10/14 17:03:00",
  "value" : "10"
},{
  "dateTime" : "11/10/14 17:04:00",
  "value" : "10"
},{
  "dateTime" : "11/10/14 17:56:00",
  "value" : "10"
},{
  "dateTime" : "11/10/14 20:03:00",
  "value" : "10"
},{
  "dateTime" : "11/10/14 20:04:00",
  "value" : "10"
},{
  "dateTime" : "11/10/14 20:12:00",
  "value" : "10"
},{
  "dateTime" : "11/10/14 21:13:00",
  "value" : "10"
},{
  "dateTime" : "11/10/14 23:43:00",
  "value" : "10"
}]