[{
  "dateTime" : "06/19/13 04:13:00",
  "value" : "10"
},{
  "dateTime" : "06/19/13 04:15:00",
  "value" : "10"
},{
  "dateTime" : "06/19/13 04:21:00",
  "value" : "10"
},{
  "dateTime" : "06/19/13 13:15:00",
  "value" : "10"
},{
  "dateTime" : "06/19/13 13:23:00",
  "value" : "10"
},{
  "dateTime" : "06/19/13 14:17:00",
  "value" : "10"
},{
  "dateTime" : "06/19/13 19:04:00",
  "value" : "10"
},{
  "dateTime" : "06/19/13 21:27:00",
  "value" : "10"
},{
  "dateTime" : "06/20/13 11:11:00",
  "value" : "10"
},{
  "dateTime" : "06/20/13 11:24:00",
  "value" : "10"
},{
  "dateTime" : "06/20/13 17:15:00",
  "value" : "10"
},{
  "dateTime" : "06/20/13 20:28:00",
  "value" : "10"
},{
  "dateTime" : "06/20/13 20:41:00",
  "value" : "10"
},{
  "dateTime" : "06/20/13 22:17:00",
  "value" : "10"
},{
  "dateTime" : "06/20/13 22:46:00",
  "value" : "10"
},{
  "dateTime" : "06/20/13 23:40:00",
  "value" : "10"
},{
  "dateTime" : "06/21/13 00:20:00",
  "value" : "10"
},{
  "dateTime" : "06/21/13 02:21:00",
  "value" : "10"
},{
  "dateTime" : "06/21/13 10:29:00",
  "value" : "10"
},{
  "dateTime" : "06/21/13 10:36:00",
  "value" : "10"
},{
  "dateTime" : "06/21/13 11:47:00",
  "value" : "10"
},{
  "dateTime" : "06/21/13 12:28:00",
  "value" : "10"
},{
  "dateTime" : "06/21/13 13:07:00",
  "value" : "10"
},{
  "dateTime" : "06/21/13 13:57:00",
  "value" : "10"
},{
  "dateTime" : "06/21/13 16:05:00",
  "value" : "10"
},{
  "dateTime" : "06/21/13 20:31:00",
  "value" : "10"
},{
  "dateTime" : "06/21/13 21:05:00",
  "value" : "10"
},{
  "dateTime" : "06/21/13 23:42:00",
  "value" : "10"
},{
  "dateTime" : "06/22/13 00:04:00",
  "value" : "20"
},{
  "dateTime" : "06/22/13 00:25:00",
  "value" : "10"
},{
  "dateTime" : "06/22/13 02:19:00",
  "value" : "10"
},{
  "dateTime" : "06/22/13 02:34:00",
  "value" : "10"
},{
  "dateTime" : "06/22/13 02:37:00",
  "value" : "10"
},{
  "dateTime" : "06/22/13 12:43:00",
  "value" : "10"
},{
  "dateTime" : "06/22/13 12:44:00",
  "value" : "10"
},{
  "dateTime" : "06/22/13 12:46:00",
  "value" : "10"
},{
  "dateTime" : "06/22/13 12:47:00",
  "value" : "20"
},{
  "dateTime" : "06/22/13 15:31:00",
  "value" : "10"
},{
  "dateTime" : "06/22/13 18:33:00",
  "value" : "10"
},{
  "dateTime" : "06/22/13 19:09:00",
  "value" : "10"
},{
  "dateTime" : "06/22/13 19:16:00",
  "value" : "10"
},{
  "dateTime" : "06/22/13 19:49:00",
  "value" : "10"
},{
  "dateTime" : "06/22/13 19:50:00",
  "value" : "10"
},{
  "dateTime" : "06/22/13 20:22:00",
  "value" : "10"
},{
  "dateTime" : "06/22/13 21:28:00",
  "value" : "10"
},{
  "dateTime" : "06/23/13 00:43:00",
  "value" : "10"
},{
  "dateTime" : "06/23/13 01:30:00",
  "value" : "10"
},{
  "dateTime" : "06/23/13 06:37:00",
  "value" : "10"
},{
  "dateTime" : "06/23/13 06:44:00",
  "value" : "10"
},{
  "dateTime" : "06/23/13 13:35:00",
  "value" : "10"
},{
  "dateTime" : "06/23/13 16:52:00",
  "value" : "10"
},{
  "dateTime" : "06/23/13 20:39:00",
  "value" : "10"
},{
  "dateTime" : "06/23/13 22:14:00",
  "value" : "10"
},{
  "dateTime" : "06/23/13 22:31:00",
  "value" : "10"
},{
  "dateTime" : "06/23/13 22:37:00",
  "value" : "10"
},{
  "dateTime" : "06/23/13 23:57:00",
  "value" : "10"
},{
  "dateTime" : "06/24/13 08:33:00",
  "value" : "10"
},{
  "dateTime" : "06/24/13 10:10:00",
  "value" : "10"
},{
  "dateTime" : "06/24/13 10:44:00",
  "value" : "10"
},{
  "dateTime" : "06/24/13 10:47:00",
  "value" : "20"
},{
  "dateTime" : "06/24/13 10:49:00",
  "value" : "10"
},{
  "dateTime" : "06/24/13 10:50:00",
  "value" : "10"
},{
  "dateTime" : "06/24/13 12:31:00",
  "value" : "10"
},{
  "dateTime" : "06/24/13 14:12:00",
  "value" : "10"
},{
  "dateTime" : "06/24/13 14:59:00",
  "value" : "10"
},{
  "dateTime" : "06/24/13 15:31:00",
  "value" : "10"
},{
  "dateTime" : "06/24/13 18:26:00",
  "value" : "10"
},{
  "dateTime" : "06/24/13 19:10:00",
  "value" : "10"
},{
  "dateTime" : "06/24/13 20:28:00",
  "value" : "10"
},{
  "dateTime" : "06/24/13 20:48:00",
  "value" : "10"
},{
  "dateTime" : "06/24/13 21:37:00",
  "value" : "10"
},{
  "dateTime" : "06/24/13 23:04:00",
  "value" : "10"
},{
  "dateTime" : "06/25/13 01:02:00",
  "value" : "10"
},{
  "dateTime" : "06/25/13 02:02:00",
  "value" : "10"
},{
  "dateTime" : "06/25/13 10:05:00",
  "value" : "10"
},{
  "dateTime" : "06/25/13 10:30:00",
  "value" : "10"
},{
  "dateTime" : "06/25/13 10:44:00",
  "value" : "10"
},{
  "dateTime" : "06/25/13 11:02:00",
  "value" : "10"
},{
  "dateTime" : "06/25/13 13:08:00",
  "value" : "10"
},{
  "dateTime" : "06/25/13 13:58:00",
  "value" : "10"
},{
  "dateTime" : "06/25/13 14:00:00",
  "value" : "10"
},{
  "dateTime" : "06/25/13 14:01:00",
  "value" : "10"
},{
  "dateTime" : "06/25/13 14:02:00",
  "value" : "10"
},{
  "dateTime" : "06/25/13 14:04:00",
  "value" : "10"
},{
  "dateTime" : "06/25/13 14:05:00",
  "value" : "10"
},{
  "dateTime" : "06/25/13 14:09:00",
  "value" : "10"
},{
  "dateTime" : "06/25/13 14:15:00",
  "value" : "10"
},{
  "dateTime" : "06/25/13 15:01:00",
  "value" : "10"
},{
  "dateTime" : "06/25/13 17:09:00",
  "value" : "10"
},{
  "dateTime" : "06/25/13 18:39:00",
  "value" : "10"
},{
  "dateTime" : "06/25/13 20:48:00",
  "value" : "10"
},{
  "dateTime" : "06/25/13 21:00:00",
  "value" : "10"
},{
  "dateTime" : "06/25/13 21:24:00",
  "value" : "10"
},{
  "dateTime" : "06/25/13 21:31:00",
  "value" : "10"
},{
  "dateTime" : "06/25/13 21:51:00",
  "value" : "10"
},{
  "dateTime" : "06/25/13 22:06:00",
  "value" : "10"
},{
  "dateTime" : "06/25/13 22:16:00",
  "value" : "10"
},{
  "dateTime" : "06/25/13 23:18:00",
  "value" : "10"
},{
  "dateTime" : "06/26/13 00:05:00",
  "value" : "10"
},{
  "dateTime" : "06/26/13 01:11:00",
  "value" : "10"
},{
  "dateTime" : "06/26/13 05:40:00",
  "value" : "10"
},{
  "dateTime" : "06/26/13 07:35:00",
  "value" : "10"
},{
  "dateTime" : "06/26/13 08:16:00",
  "value" : "10"
},{
  "dateTime" : "06/26/13 09:43:00",
  "value" : "10"
},{
  "dateTime" : "06/26/13 09:44:00",
  "value" : "10"
},{
  "dateTime" : "06/26/13 09:56:00",
  "value" : "10"
},{
  "dateTime" : "06/26/13 19:26:00",
  "value" : "10"
},{
  "dateTime" : "06/26/13 20:25:00",
  "value" : "10"
},{
  "dateTime" : "06/26/13 22:36:00",
  "value" : "10"
},{
  "dateTime" : "06/27/13 07:00:00",
  "value" : "10"
},{
  "dateTime" : "06/27/13 09:47:00",
  "value" : "10"
},{
  "dateTime" : "06/27/13 10:28:00",
  "value" : "10"
},{
  "dateTime" : "06/27/13 13:03:00",
  "value" : "10"
},{
  "dateTime" : "06/27/13 13:22:00",
  "value" : "10"
},{
  "dateTime" : "06/27/13 19:41:00",
  "value" : "10"
},{
  "dateTime" : "06/27/13 20:28:00",
  "value" : "10"
},{
  "dateTime" : "06/27/13 20:35:00",
  "value" : "10"
},{
  "dateTime" : "06/27/13 21:53:00",
  "value" : "10"
},{
  "dateTime" : "06/27/13 22:40:00",
  "value" : "10"
},{
  "dateTime" : "06/27/13 23:24:00",
  "value" : "10"
},{
  "dateTime" : "06/28/13 01:10:00",
  "value" : "10"
},{
  "dateTime" : "06/28/13 01:12:00",
  "value" : "10"
},{
  "dateTime" : "06/28/13 06:29:00",
  "value" : "10"
},{
  "dateTime" : "06/28/13 08:50:00",
  "value" : "10"
},{
  "dateTime" : "06/28/13 12:06:00",
  "value" : "10"
},{
  "dateTime" : "06/28/13 12:25:00",
  "value" : "10"
},{
  "dateTime" : "06/28/13 13:36:00",
  "value" : "10"
},{
  "dateTime" : "06/28/13 14:44:00",
  "value" : "10"
},{
  "dateTime" : "06/28/13 20:48:00",
  "value" : "10"
},{
  "dateTime" : "06/28/13 21:08:00",
  "value" : "10"
},{
  "dateTime" : "06/28/13 21:14:00",
  "value" : "10"
},{
  "dateTime" : "06/28/13 21:34:00",
  "value" : "10"
},{
  "dateTime" : "06/28/13 21:55:00",
  "value" : "10"
},{
  "dateTime" : "06/28/13 21:57:00",
  "value" : "10"
},{
  "dateTime" : "06/28/13 23:18:00",
  "value" : "10"
},{
  "dateTime" : "06/29/13 10:11:00",
  "value" : "10"
},{
  "dateTime" : "06/29/13 12:22:00",
  "value" : "10"
},{
  "dateTime" : "06/29/13 13:44:00",
  "value" : "10"
},{
  "dateTime" : "06/29/13 14:26:00",
  "value" : "10"
},{
  "dateTime" : "06/29/13 15:39:00",
  "value" : "10"
},{
  "dateTime" : "06/29/13 15:54:00",
  "value" : "10"
},{
  "dateTime" : "06/29/13 16:02:00",
  "value" : "10"
},{
  "dateTime" : "06/29/13 23:44:00",
  "value" : "10"
},{
  "dateTime" : "06/30/13 00:59:00",
  "value" : "10"
},{
  "dateTime" : "06/30/13 10:42:00",
  "value" : "10"
},{
  "dateTime" : "06/30/13 11:07:00",
  "value" : "10"
},{
  "dateTime" : "06/30/13 13:18:00",
  "value" : "10"
},{
  "dateTime" : "06/30/13 14:53:00",
  "value" : "10"
},{
  "dateTime" : "06/30/13 16:10:00",
  "value" : "10"
},{
  "dateTime" : "06/30/13 18:57:00",
  "value" : "10"
},{
  "dateTime" : "06/30/13 20:28:00",
  "value" : "10"
},{
  "dateTime" : "06/30/13 22:10:00",
  "value" : "10"
},{
  "dateTime" : "06/30/13 23:42:00",
  "value" : "10"
},{
  "dateTime" : "07/01/13 08:06:00",
  "value" : "10"
},{
  "dateTime" : "07/01/13 09:41:00",
  "value" : "10"
},{
  "dateTime" : "07/01/13 09:57:00",
  "value" : "10"
},{
  "dateTime" : "07/01/13 09:58:00",
  "value" : "10"
},{
  "dateTime" : "07/01/13 11:00:00",
  "value" : "10"
},{
  "dateTime" : "07/01/13 11:25:00",
  "value" : "10"
},{
  "dateTime" : "07/01/13 14:14:00",
  "value" : "10"
},{
  "dateTime" : "07/01/13 14:49:00",
  "value" : "10"
},{
  "dateTime" : "07/01/13 16:06:00",
  "value" : "10"
},{
  "dateTime" : "07/01/13 17:21:00",
  "value" : "10"
},{
  "dateTime" : "07/01/13 19:05:00",
  "value" : "10"
},{
  "dateTime" : "07/01/13 19:09:00",
  "value" : "10"
},{
  "dateTime" : "07/01/13 19:33:00",
  "value" : "10"
},{
  "dateTime" : "07/01/13 20:11:00",
  "value" : "10"
},{
  "dateTime" : "07/01/13 20:54:00",
  "value" : "10"
},{
  "dateTime" : "07/02/13 06:51:00",
  "value" : "10"
},{
  "dateTime" : "07/02/13 09:09:00",
  "value" : "10"
},{
  "dateTime" : "07/02/13 12:27:00",
  "value" : "10"
},{
  "dateTime" : "07/02/13 13:08:00",
  "value" : "10"
},{
  "dateTime" : "07/02/13 13:15:00",
  "value" : "10"
},{
  "dateTime" : "07/02/13 14:01:00",
  "value" : "10"
},{
  "dateTime" : "07/02/13 14:43:00",
  "value" : "10"
},{
  "dateTime" : "07/02/13 14:48:00",
  "value" : "10"
},{
  "dateTime" : "07/02/13 17:25:00",
  "value" : "10"
},{
  "dateTime" : "07/02/13 18:58:00",
  "value" : "10"
},{
  "dateTime" : "07/02/13 19:31:00",
  "value" : "10"
},{
  "dateTime" : "07/02/13 20:17:00",
  "value" : "10"
},{
  "dateTime" : "07/02/13 20:55:00",
  "value" : "10"
},{
  "dateTime" : "07/02/13 21:49:00",
  "value" : "10"
},{
  "dateTime" : "07/03/13 05:44:00",
  "value" : "10"
},{
  "dateTime" : "07/03/13 07:48:00",
  "value" : "10"
},{
  "dateTime" : "07/03/13 08:04:00",
  "value" : "10"
},{
  "dateTime" : "07/03/13 08:05:00",
  "value" : "10"
},{
  "dateTime" : "07/03/13 12:51:00",
  "value" : "10"
},{
  "dateTime" : "07/03/13 13:13:00",
  "value" : "10"
},{
  "dateTime" : "07/03/13 16:07:00",
  "value" : "10"
},{
  "dateTime" : "07/03/13 17:36:00",
  "value" : "10"
},{
  "dateTime" : "07/03/13 18:44:00",
  "value" : "10"
},{
  "dateTime" : "07/03/13 20:43:00",
  "value" : "10"
},{
  "dateTime" : "07/04/13 00:58:00",
  "value" : "10"
},{
  "dateTime" : "07/04/13 09:42:00",
  "value" : "10"
},{
  "dateTime" : "07/04/13 10:15:00",
  "value" : "10"
},{
  "dateTime" : "07/04/13 11:06:00",
  "value" : "10"
},{
  "dateTime" : "07/04/13 11:41:00",
  "value" : "10"
},{
  "dateTime" : "07/04/13 12:27:00",
  "value" : "10"
},{
  "dateTime" : "07/04/13 14:30:00",
  "value" : "10"
},{
  "dateTime" : "07/04/13 14:46:00",
  "value" : "10"
},{
  "dateTime" : "07/04/13 14:58:00",
  "value" : "10"
},{
  "dateTime" : "07/04/13 15:05:00",
  "value" : "10"
},{
  "dateTime" : "07/04/13 15:10:00",
  "value" : "10"
},{
  "dateTime" : "07/04/13 15:28:00",
  "value" : "10"
},{
  "dateTime" : "07/04/13 16:35:00",
  "value" : "10"
},{
  "dateTime" : "07/04/13 16:56:00",
  "value" : "10"
},{
  "dateTime" : "07/04/13 17:45:00",
  "value" : "10"
},{
  "dateTime" : "07/04/13 17:51:00",
  "value" : "10"
},{
  "dateTime" : "07/04/13 18:55:00",
  "value" : "10"
},{
  "dateTime" : "07/04/13 19:35:00",
  "value" : "10"
},{
  "dateTime" : "07/04/13 20:24:00",
  "value" : "10"
},{
  "dateTime" : "07/04/13 20:37:00",
  "value" : "10"
},{
  "dateTime" : "07/04/13 21:11:00",
  "value" : "10"
},{
  "dateTime" : "07/04/13 22:54:00",
  "value" : "10"
},{
  "dateTime" : "07/04/13 23:47:00",
  "value" : "10"
},{
  "dateTime" : "07/04/13 23:49:00",
  "value" : "10"
},{
  "dateTime" : "07/05/13 07:13:00",
  "value" : "10"
},{
  "dateTime" : "07/05/13 07:47:00",
  "value" : "10"
},{
  "dateTime" : "07/05/13 08:16:00",
  "value" : "10"
},{
  "dateTime" : "07/05/13 09:23:00",
  "value" : "10"
},{
  "dateTime" : "07/05/13 10:43:00",
  "value" : "10"
},{
  "dateTime" : "07/05/13 10:55:00",
  "value" : "10"
},{
  "dateTime" : "07/05/13 12:19:00",
  "value" : "10"
},{
  "dateTime" : "07/05/13 14:26:00",
  "value" : "10"
},{
  "dateTime" : "07/05/13 14:30:00",
  "value" : "10"
},{
  "dateTime" : "07/05/13 18:28:00",
  "value" : "10"
},{
  "dateTime" : "07/05/13 18:34:00",
  "value" : "10"
},{
  "dateTime" : "07/05/13 20:01:00",
  "value" : "10"
},{
  "dateTime" : "07/06/13 09:56:00",
  "value" : "10"
},{
  "dateTime" : "07/06/13 13:35:00",
  "value" : "10"
},{
  "dateTime" : "07/06/13 13:43:00",
  "value" : "10"
},{
  "dateTime" : "07/06/13 13:52:00",
  "value" : "10"
},{
  "dateTime" : "07/06/13 15:45:00",
  "value" : "10"
},{
  "dateTime" : "07/06/13 16:37:00",
  "value" : "10"
},{
  "dateTime" : "07/06/13 18:17:00",
  "value" : "10"
},{
  "dateTime" : "07/06/13 18:27:00",
  "value" : "10"
},{
  "dateTime" : "07/06/13 20:04:00",
  "value" : "10"
},{
  "dateTime" : "07/06/13 20:11:00",
  "value" : "10"
},{
  "dateTime" : "07/06/13 20:28:00",
  "value" : "10"
},{
  "dateTime" : "07/06/13 21:57:00",
  "value" : "10"
},{
  "dateTime" : "07/07/13 08:14:00",
  "value" : "10"
},{
  "dateTime" : "07/07/13 08:20:00",
  "value" : "10"
},{
  "dateTime" : "07/07/13 10:44:00",
  "value" : "10"
},{
  "dateTime" : "07/07/13 11:29:00",
  "value" : "10"
},{
  "dateTime" : "07/07/13 13:11:00",
  "value" : "10"
},{
  "dateTime" : "07/07/13 13:21:00",
  "value" : "10"
},{
  "dateTime" : "07/07/13 13:26:00",
  "value" : "10"
},{
  "dateTime" : "07/07/13 13:32:00",
  "value" : "10"
},{
  "dateTime" : "07/07/13 13:52:00",
  "value" : "10"
},{
  "dateTime" : "07/07/13 16:55:00",
  "value" : "10"
},{
  "dateTime" : "07/07/13 17:01:00",
  "value" : "10"
},{
  "dateTime" : "07/07/13 20:52:00",
  "value" : "10"
},{
  "dateTime" : "07/07/13 23:23:00",
  "value" : "10"
},{
  "dateTime" : "07/08/13 08:22:00",
  "value" : "10"
},{
  "dateTime" : "07/08/13 08:47:00",
  "value" : "10"
},{
  "dateTime" : "07/08/13 10:40:00",
  "value" : "10"
},{
  "dateTime" : "07/08/13 10:52:00",
  "value" : "10"
},{
  "dateTime" : "07/08/13 10:58:00",
  "value" : "10"
},{
  "dateTime" : "07/08/13 15:52:00",
  "value" : "10"
},{
  "dateTime" : "07/08/13 18:18:00",
  "value" : "10"
},{
  "dateTime" : "07/08/13 18:21:00",
  "value" : "10"
},{
  "dateTime" : "07/08/13 20:42:00",
  "value" : "10"
},{
  "dateTime" : "07/08/13 23:28:00",
  "value" : "10"
},{
  "dateTime" : "07/09/13 00:13:00",
  "value" : "10"
},{
  "dateTime" : "07/09/13 00:52:00",
  "value" : "10"
},{
  "dateTime" : "07/09/13 01:33:00",
  "value" : "10"
},{
  "dateTime" : "07/09/13 06:20:00",
  "value" : "10"
},{
  "dateTime" : "07/09/13 07:40:00",
  "value" : "10"
},{
  "dateTime" : "07/09/13 09:01:00",
  "value" : "10"
},{
  "dateTime" : "07/09/13 11:39:00",
  "value" : "10"
},{
  "dateTime" : "07/09/13 19:25:00",
  "value" : "10"
},{
  "dateTime" : "07/09/13 20:54:00",
  "value" : "10"
},{
  "dateTime" : "07/09/13 23:48:00",
  "value" : "10"
},{
  "dateTime" : "07/10/13 01:05:00",
  "value" : "10"
},{
  "dateTime" : "07/10/13 07:28:00",
  "value" : "10"
},{
  "dateTime" : "07/10/13 07:49:00",
  "value" : "10"
},{
  "dateTime" : "07/10/13 07:53:00",
  "value" : "20"
},{
  "dateTime" : "07/10/13 09:02:00",
  "value" : "10"
},{
  "dateTime" : "07/10/13 10:05:00",
  "value" : "10"
},{
  "dateTime" : "07/10/13 10:13:00",
  "value" : "10"
},{
  "dateTime" : "07/10/13 12:23:00",
  "value" : "10"
},{
  "dateTime" : "07/10/13 13:08:00",
  "value" : "10"
},{
  "dateTime" : "07/10/13 14:10:00",
  "value" : "10"
},{
  "dateTime" : "07/10/13 15:13:00",
  "value" : "10"
},{
  "dateTime" : "07/10/13 18:42:00",
  "value" : "10"
},{
  "dateTime" : "07/10/13 19:26:00",
  "value" : "10"
},{
  "dateTime" : "07/10/13 19:40:00",
  "value" : "10"
},{
  "dateTime" : "07/11/13 07:26:00",
  "value" : "10"
},{
  "dateTime" : "07/11/13 08:43:00",
  "value" : "10"
},{
  "dateTime" : "07/11/13 09:37:00",
  "value" : "10"
},{
  "dateTime" : "07/11/13 09:41:00",
  "value" : "10"
},{
  "dateTime" : "07/11/13 10:06:00",
  "value" : "10"
},{
  "dateTime" : "07/11/13 11:55:00",
  "value" : "10"
},{
  "dateTime" : "07/11/13 14:48:00",
  "value" : "10"
},{
  "dateTime" : "07/11/13 16:42:00",
  "value" : "10"
},{
  "dateTime" : "07/11/13 16:56:00",
  "value" : "10"
},{
  "dateTime" : "07/11/13 17:26:00",
  "value" : "10"
},{
  "dateTime" : "07/11/13 17:44:00",
  "value" : "10"
},{
  "dateTime" : "07/11/13 20:02:00",
  "value" : "10"
},{
  "dateTime" : "07/11/13 20:08:00",
  "value" : "10"
},{
  "dateTime" : "07/11/13 20:45:00",
  "value" : "10"
},{
  "dateTime" : "07/11/13 22:55:00",
  "value" : "10"
},{
  "dateTime" : "07/12/13 06:59:00",
  "value" : "10"
},{
  "dateTime" : "07/12/13 07:34:00",
  "value" : "10"
},{
  "dateTime" : "07/12/13 11:20:00",
  "value" : "10"
},{
  "dateTime" : "07/12/13 11:32:00",
  "value" : "10"
},{
  "dateTime" : "07/12/13 11:34:00",
  "value" : "10"
},{
  "dateTime" : "07/12/13 11:35:00",
  "value" : "10"
},{
  "dateTime" : "07/12/13 14:12:00",
  "value" : "10"
},{
  "dateTime" : "07/12/13 15:09:00",
  "value" : "10"
},{
  "dateTime" : "07/12/13 15:44:00",
  "value" : "10"
},{
  "dateTime" : "07/12/13 20:15:00",
  "value" : "10"
},{
  "dateTime" : "07/13/13 00:12:00",
  "value" : "10"
},{
  "dateTime" : "07/13/13 10:58:00",
  "value" : "10"
},{
  "dateTime" : "07/13/13 11:31:00",
  "value" : "10"
},{
  "dateTime" : "07/13/13 14:34:00",
  "value" : "10"
},{
  "dateTime" : "07/13/13 17:41:00",
  "value" : "10"
},{
  "dateTime" : "07/13/13 18:25:00",
  "value" : "10"
},{
  "dateTime" : "07/13/13 18:34:00",
  "value" : "10"
},{
  "dateTime" : "07/13/13 22:00:00",
  "value" : "10"
},{
  "dateTime" : "07/14/13 06:58:00",
  "value" : "10"
},{
  "dateTime" : "07/14/13 09:44:00",
  "value" : "10"
},{
  "dateTime" : "07/14/13 10:40:00",
  "value" : "10"
},{
  "dateTime" : "07/14/13 11:42:00",
  "value" : "10"
},{
  "dateTime" : "07/14/13 13:08:00",
  "value" : "10"
},{
  "dateTime" : "07/14/13 13:26:00",
  "value" : "10"
},{
  "dateTime" : "07/14/13 17:18:00",
  "value" : "10"
},{
  "dateTime" : "07/14/13 17:25:00",
  "value" : "10"
},{
  "dateTime" : "07/14/13 19:00:00",
  "value" : "10"
},{
  "dateTime" : "07/14/13 20:05:00",
  "value" : "10"
},{
  "dateTime" : "07/14/13 20:12:00",
  "value" : "10"
},{
  "dateTime" : "07/14/13 20:27:00",
  "value" : "10"
},{
  "dateTime" : "07/14/13 22:44:00",
  "value" : "10"
},{
  "dateTime" : "07/14/13 23:20:00",
  "value" : "10"
},{
  "dateTime" : "07/15/13 00:21:00",
  "value" : "10"
},{
  "dateTime" : "07/15/13 07:19:00",
  "value" : "10"
},{
  "dateTime" : "07/15/13 07:57:00",
  "value" : "10"
},{
  "dateTime" : "07/15/13 08:19:00",
  "value" : "10"
},{
  "dateTime" : "07/15/13 08:32:00",
  "value" : "10"
},{
  "dateTime" : "07/15/13 08:39:00",
  "value" : "10"
},{
  "dateTime" : "07/15/13 09:23:00",
  "value" : "10"
},{
  "dateTime" : "07/15/13 11:43:00",
  "value" : "10"
},{
  "dateTime" : "07/15/13 12:13:00",
  "value" : "10"
},{
  "dateTime" : "07/15/13 17:51:00",
  "value" : "10"
},{
  "dateTime" : "07/15/13 18:36:00",
  "value" : "10"
},{
  "dateTime" : "07/15/13 19:24:00",
  "value" : "10"
},{
  "dateTime" : "07/15/13 23:42:00",
  "value" : "10"
},{
  "dateTime" : "07/15/13 23:56:00",
  "value" : "10"
},{
  "dateTime" : "07/16/13 09:31:00",
  "value" : "10"
},{
  "dateTime" : "07/16/13 10:09:00",
  "value" : "10"
},{
  "dateTime" : "07/16/13 11:46:00",
  "value" : "10"
},{
  "dateTime" : "07/16/13 13:10:00",
  "value" : "10"
},{
  "dateTime" : "07/16/13 13:11:00",
  "value" : "10"
},{
  "dateTime" : "07/16/13 14:17:00",
  "value" : "10"
},{
  "dateTime" : "07/16/13 16:22:00",
  "value" : "10"
},{
  "dateTime" : "07/16/13 17:44:00",
  "value" : "10"
},{
  "dateTime" : "07/16/13 17:56:00",
  "value" : "10"
},{
  "dateTime" : "07/16/13 19:32:00",
  "value" : "10"
},{
  "dateTime" : "07/16/13 19:33:00",
  "value" : "10"
},{
  "dateTime" : "07/16/13 20:28:00",
  "value" : "10"
},{
  "dateTime" : "07/16/13 22:20:00",
  "value" : "10"
},{
  "dateTime" : "07/16/13 22:26:00",
  "value" : "10"
},{
  "dateTime" : "07/16/13 23:23:00",
  "value" : "10"
},{
  "dateTime" : "07/17/13 01:03:00",
  "value" : "10"
},{
  "dateTime" : "07/17/13 07:50:00",
  "value" : "10"
},{
  "dateTime" : "07/17/13 08:37:00",
  "value" : "10"
},{
  "dateTime" : "07/17/13 08:38:00",
  "value" : "10"
},{
  "dateTime" : "07/17/13 09:47:00",
  "value" : "10"
},{
  "dateTime" : "07/17/13 10:45:00",
  "value" : "10"
},{
  "dateTime" : "07/17/13 10:47:00",
  "value" : "10"
},{
  "dateTime" : "07/17/13 12:22:00",
  "value" : "10"
},{
  "dateTime" : "07/17/13 13:32:00",
  "value" : "10"
},{
  "dateTime" : "07/17/13 16:09:00",
  "value" : "10"
},{
  "dateTime" : "07/17/13 17:52:00",
  "value" : "10"
},{
  "dateTime" : "07/17/13 18:44:00",
  "value" : "10"
},{
  "dateTime" : "07/17/13 21:41:00",
  "value" : "10"
},{
  "dateTime" : "07/17/13 21:43:00",
  "value" : "10"
},{
  "dateTime" : "07/18/13 06:15:00",
  "value" : "10"
},{
  "dateTime" : "07/18/13 06:28:00",
  "value" : "10"
},{
  "dateTime" : "07/18/13 09:34:00",
  "value" : "10"
},{
  "dateTime" : "07/18/13 10:06:00",
  "value" : "10"
},{
  "dateTime" : "07/18/13 14:54:00",
  "value" : "10"
},{
  "dateTime" : "07/18/13 17:18:00",
  "value" : "10"
},{
  "dateTime" : "07/18/13 17:40:00",
  "value" : "10"
},{
  "dateTime" : "07/18/13 19:22:00",
  "value" : "10"
},{
  "dateTime" : "07/18/13 19:45:00",
  "value" : "10"
},{
  "dateTime" : "07/18/13 20:42:00",
  "value" : "10"
},{
  "dateTime" : "07/18/13 21:25:00",
  "value" : "10"
},{
  "dateTime" : "07/18/13 21:59:00",
  "value" : "10"
},{
  "dateTime" : "07/18/13 22:48:00",
  "value" : "10"
},{
  "dateTime" : "07/18/13 23:37:00",
  "value" : "10"
}]