[{
  "dateTime" : "05/20/13 08:17:00",
  "value" : "10"
},{
  "dateTime" : "05/20/13 08:27:00",
  "value" : "10"
},{
  "dateTime" : "05/20/13 08:41:00",
  "value" : "10"
},{
  "dateTime" : "05/20/13 08:44:00",
  "value" : "10"
},{
  "dateTime" : "05/20/13 09:36:00",
  "value" : "10"
},{
  "dateTime" : "05/20/13 10:22:00",
  "value" : "10"
},{
  "dateTime" : "05/20/13 10:27:00",
  "value" : "10"
},{
  "dateTime" : "05/20/13 11:02:00",
  "value" : "10"
},{
  "dateTime" : "05/20/13 12:12:00",
  "value" : "10"
},{
  "dateTime" : "05/20/13 12:40:00",
  "value" : "10"
},{
  "dateTime" : "05/20/13 15:30:00",
  "value" : "10"
},{
  "dateTime" : "05/20/13 16:25:00",
  "value" : "10"
},{
  "dateTime" : "05/20/13 17:16:00",
  "value" : "10"
},{
  "dateTime" : "05/20/13 17:23:00",
  "value" : "10"
},{
  "dateTime" : "05/20/13 17:41:00",
  "value" : "10"
},{
  "dateTime" : "05/20/13 17:44:00",
  "value" : "10"
},{
  "dateTime" : "05/20/13 17:52:00",
  "value" : "10"
},{
  "dateTime" : "05/20/13 18:40:00",
  "value" : "10"
},{
  "dateTime" : "05/20/13 18:58:00",
  "value" : "10"
},{
  "dateTime" : "05/20/13 19:40:00",
  "value" : "10"
},{
  "dateTime" : "05/20/13 19:52:00",
  "value" : "10"
},{
  "dateTime" : "05/20/13 20:06:00",
  "value" : "10"
},{
  "dateTime" : "05/20/13 20:21:00",
  "value" : "10"
},{
  "dateTime" : "05/20/13 20:24:00",
  "value" : "10"
},{
  "dateTime" : "05/20/13 22:25:00",
  "value" : "10"
},{
  "dateTime" : "05/20/13 23:51:00",
  "value" : "10"
},{
  "dateTime" : "05/21/13 00:43:00",
  "value" : "10"
},{
  "dateTime" : "05/21/13 03:25:00",
  "value" : "10"
},{
  "dateTime" : "05/21/13 03:28:00",
  "value" : "10"
},{
  "dateTime" : "05/21/13 07:47:00",
  "value" : "10"
},{
  "dateTime" : "05/21/13 10:06:00",
  "value" : "10"
},{
  "dateTime" : "05/21/13 14:33:00",
  "value" : "10"
},{
  "dateTime" : "05/21/13 15:29:00",
  "value" : "10"
},{
  "dateTime" : "05/21/13 16:51:00",
  "value" : "10"
},{
  "dateTime" : "05/21/13 17:18:00",
  "value" : "10"
},{
  "dateTime" : "05/21/13 17:24:00",
  "value" : "10"
},{
  "dateTime" : "05/21/13 17:43:00",
  "value" : "10"
},{
  "dateTime" : "05/21/13 17:45:00",
  "value" : "10"
},{
  "dateTime" : "05/21/13 18:57:00",
  "value" : "10"
},{
  "dateTime" : "05/21/13 19:06:00",
  "value" : "10"
},{
  "dateTime" : "05/21/13 22:49:00",
  "value" : "10"
},{
  "dateTime" : "05/22/13 00:34:00",
  "value" : "10"
},{
  "dateTime" : "05/22/13 01:44:00",
  "value" : "10"
},{
  "dateTime" : "05/22/13 05:15:00",
  "value" : "10"
},{
  "dateTime" : "05/22/13 07:52:00",
  "value" : "10"
},{
  "dateTime" : "05/22/13 08:08:00",
  "value" : "10"
},{
  "dateTime" : "05/22/13 08:49:00",
  "value" : "10"
},{
  "dateTime" : "05/22/13 12:15:00",
  "value" : "10"
},{
  "dateTime" : "05/22/13 12:27:00",
  "value" : "10"
},{
  "dateTime" : "05/22/13 20:05:00",
  "value" : "10"
},{
  "dateTime" : "05/22/13 20:18:00",
  "value" : "10"
},{
  "dateTime" : "05/23/13 00:07:00",
  "value" : "10"
},{
  "dateTime" : "05/23/13 06:37:00",
  "value" : "10"
},{
  "dateTime" : "05/23/13 09:03:00",
  "value" : "10"
},{
  "dateTime" : "05/23/13 11:45:00",
  "value" : "10"
},{
  "dateTime" : "05/23/13 11:51:00",
  "value" : "10"
},{
  "dateTime" : "05/23/13 12:20:00",
  "value" : "10"
},{
  "dateTime" : "05/23/13 13:10:00",
  "value" : "10"
},{
  "dateTime" : "05/23/13 13:14:00",
  "value" : "10"
},{
  "dateTime" : "05/23/13 14:18:00",
  "value" : "10"
},{
  "dateTime" : "05/23/13 14:19:00",
  "value" : "10"
},{
  "dateTime" : "05/23/13 14:56:00",
  "value" : "10"
},{
  "dateTime" : "05/23/13 14:59:00",
  "value" : "10"
},{
  "dateTime" : "05/23/13 15:04:00",
  "value" : "10"
},{
  "dateTime" : "05/23/13 16:19:00",
  "value" : "10"
},{
  "dateTime" : "05/23/13 16:25:00",
  "value" : "10"
},{
  "dateTime" : "05/23/13 20:18:00",
  "value" : "10"
},{
  "dateTime" : "05/23/13 20:20:00",
  "value" : "10"
},{
  "dateTime" : "05/23/13 20:35:00",
  "value" : "10"
},{
  "dateTime" : "05/23/13 20:45:00",
  "value" : "10"
},{
  "dateTime" : "05/23/13 22:06:00",
  "value" : "10"
},{
  "dateTime" : "05/24/13 01:02:00",
  "value" : "10"
},{
  "dateTime" : "05/24/13 09:03:00",
  "value" : "10"
},{
  "dateTime" : "05/24/13 09:41:00",
  "value" : "10"
},{
  "dateTime" : "05/24/13 09:51:00",
  "value" : "10"
},{
  "dateTime" : "05/24/13 09:54:00",
  "value" : "10"
},{
  "dateTime" : "05/24/13 09:55:00",
  "value" : "10"
},{
  "dateTime" : "05/24/13 09:58:00",
  "value" : "10"
},{
  "dateTime" : "05/24/13 10:58:00",
  "value" : "10"
},{
  "dateTime" : "05/24/13 11:05:00",
  "value" : "10"
},{
  "dateTime" : "05/24/13 13:39:00",
  "value" : "10"
},{
  "dateTime" : "05/24/13 13:41:00",
  "value" : "10"
},{
  "dateTime" : "05/24/13 13:43:00",
  "value" : "10"
},{
  "dateTime" : "05/24/13 13:47:00",
  "value" : "10"
},{
  "dateTime" : "05/24/13 14:26:00",
  "value" : "10"
},{
  "dateTime" : "05/24/13 14:39:00",
  "value" : "10"
},{
  "dateTime" : "05/24/13 15:59:00",
  "value" : "10"
},{
  "dateTime" : "05/24/13 16:11:00",
  "value" : "10"
},{
  "dateTime" : "05/24/13 16:16:00",
  "value" : "10"
},{
  "dateTime" : "05/24/13 16:23:00",
  "value" : "10"
},{
  "dateTime" : "05/24/13 17:26:00",
  "value" : "10"
},{
  "dateTime" : "05/24/13 17:42:00",
  "value" : "20"
},{
  "dateTime" : "05/24/13 17:54:00",
  "value" : "10"
},{
  "dateTime" : "05/24/13 22:15:00",
  "value" : "10"
},{
  "dateTime" : "05/24/13 22:39:00",
  "value" : "10"
},{
  "dateTime" : "05/25/13 12:35:00",
  "value" : "10"
},{
  "dateTime" : "05/25/13 12:39:00",
  "value" : "10"
},{
  "dateTime" : "05/25/13 15:36:00",
  "value" : "10"
},{
  "dateTime" : "05/25/13 16:44:00",
  "value" : "10"
},{
  "dateTime" : "05/25/13 19:13:00",
  "value" : "10"
},{
  "dateTime" : "05/25/13 19:37:00",
  "value" : "10"
},{
  "dateTime" : "05/25/13 19:44:00",
  "value" : "10"
},{
  "dateTime" : "05/25/13 20:00:00",
  "value" : "10"
},{
  "dateTime" : "05/25/13 23:58:00",
  "value" : "10"
},{
  "dateTime" : "05/26/13 12:10:00",
  "value" : "10"
},{
  "dateTime" : "05/26/13 14:56:00",
  "value" : "10"
},{
  "dateTime" : "05/26/13 15:09:00",
  "value" : "10"
},{
  "dateTime" : "05/26/13 15:35:00",
  "value" : "10"
},{
  "dateTime" : "05/26/13 17:23:00",
  "value" : "10"
},{
  "dateTime" : "05/26/13 19:43:00",
  "value" : "10"
},{
  "dateTime" : "05/26/13 19:56:00",
  "value" : "10"
},{
  "dateTime" : "05/26/13 20:02:00",
  "value" : "10"
},{
  "dateTime" : "05/26/13 20:07:00",
  "value" : "10"
},{
  "dateTime" : "05/26/13 20:12:00",
  "value" : "10"
},{
  "dateTime" : "05/26/13 20:40:00",
  "value" : "10"
},{
  "dateTime" : "05/26/13 21:05:00",
  "value" : "10"
},{
  "dateTime" : "05/26/13 21:07:00",
  "value" : "10"
},{
  "dateTime" : "05/26/13 22:12:00",
  "value" : "10"
},{
  "dateTime" : "05/26/13 22:18:00",
  "value" : "10"
},{
  "dateTime" : "05/26/13 22:25:00",
  "value" : "10"
},{
  "dateTime" : "05/27/13 00:36:00",
  "value" : "10"
},{
  "dateTime" : "05/27/13 06:39:00",
  "value" : "10"
},{
  "dateTime" : "05/27/13 08:08:00",
  "value" : "10"
},{
  "dateTime" : "05/27/13 08:17:00",
  "value" : "10"
},{
  "dateTime" : "05/27/13 09:51:00",
  "value" : "10"
},{
  "dateTime" : "05/27/13 09:55:00",
  "value" : "10"
},{
  "dateTime" : "05/27/13 13:09:00",
  "value" : "10"
},{
  "dateTime" : "05/27/13 14:07:00",
  "value" : "10"
},{
  "dateTime" : "05/27/13 14:45:00",
  "value" : "10"
},{
  "dateTime" : "05/27/13 14:52:00",
  "value" : "10"
},{
  "dateTime" : "05/27/13 16:54:00",
  "value" : "10"
},{
  "dateTime" : "05/27/13 17:33:00",
  "value" : "10"
},{
  "dateTime" : "05/27/13 20:31:00",
  "value" : "10"
},{
  "dateTime" : "05/28/13 03:29:00",
  "value" : "10"
},{
  "dateTime" : "05/28/13 07:44:00",
  "value" : "10"
},{
  "dateTime" : "05/28/13 07:53:00",
  "value" : "10"
},{
  "dateTime" : "05/28/13 09:07:00",
  "value" : "10"
},{
  "dateTime" : "05/28/13 12:55:00",
  "value" : "10"
},{
  "dateTime" : "05/28/13 15:04:00",
  "value" : "10"
},{
  "dateTime" : "05/28/13 15:34:00",
  "value" : "20"
},{
  "dateTime" : "05/28/13 16:15:00",
  "value" : "10"
},{
  "dateTime" : "05/28/13 16:16:00",
  "value" : "10"
},{
  "dateTime" : "05/28/13 16:17:00",
  "value" : "10"
},{
  "dateTime" : "05/28/13 17:44:00",
  "value" : "10"
},{
  "dateTime" : "05/28/13 18:11:00",
  "value" : "10"
},{
  "dateTime" : "05/28/13 19:05:00",
  "value" : "10"
},{
  "dateTime" : "05/28/13 19:43:00",
  "value" : "10"
},{
  "dateTime" : "05/28/13 20:07:00",
  "value" : "10"
},{
  "dateTime" : "05/28/13 20:11:00",
  "value" : "10"
},{
  "dateTime" : "05/28/13 21:02:00",
  "value" : "10"
},{
  "dateTime" : "05/28/13 21:10:00",
  "value" : "10"
},{
  "dateTime" : "05/28/13 21:41:00",
  "value" : "10"
},{
  "dateTime" : "05/28/13 22:26:00",
  "value" : "10"
},{
  "dateTime" : "05/28/13 23:39:00",
  "value" : "10"
},{
  "dateTime" : "05/29/13 00:31:00",
  "value" : "10"
},{
  "dateTime" : "05/29/13 06:54:00",
  "value" : "10"
},{
  "dateTime" : "05/29/13 07:24:00",
  "value" : "10"
},{
  "dateTime" : "05/29/13 08:07:00",
  "value" : "10"
},{
  "dateTime" : "05/29/13 08:10:00",
  "value" : "10"
},{
  "dateTime" : "05/29/13 08:39:00",
  "value" : "10"
},{
  "dateTime" : "05/29/13 09:21:00",
  "value" : "10"
},{
  "dateTime" : "05/29/13 09:51:00",
  "value" : "10"
},{
  "dateTime" : "05/29/13 09:59:00",
  "value" : "10"
},{
  "dateTime" : "05/29/13 10:37:00",
  "value" : "10"
},{
  "dateTime" : "05/29/13 12:15:00",
  "value" : "10"
},{
  "dateTime" : "05/29/13 14:51:00",
  "value" : "10"
},{
  "dateTime" : "05/29/13 15:19:00",
  "value" : "10"
},{
  "dateTime" : "05/29/13 17:00:00",
  "value" : "10"
},{
  "dateTime" : "05/29/13 20:17:00",
  "value" : "10"
},{
  "dateTime" : "05/29/13 20:29:00",
  "value" : "10"
},{
  "dateTime" : "05/29/13 20:33:00",
  "value" : "10"
},{
  "dateTime" : "05/29/13 20:35:00",
  "value" : "10"
},{
  "dateTime" : "05/29/13 20:39:00",
  "value" : "10"
},{
  "dateTime" : "05/29/13 20:45:00",
  "value" : "10"
},{
  "dateTime" : "05/29/13 21:35:00",
  "value" : "10"
},{
  "dateTime" : "05/29/13 21:46:00",
  "value" : "10"
},{
  "dateTime" : "05/29/13 22:33:00",
  "value" : "10"
},{
  "dateTime" : "05/30/13 00:57:00",
  "value" : "10"
},{
  "dateTime" : "05/30/13 08:40:00",
  "value" : "10"
},{
  "dateTime" : "05/30/13 09:40:00",
  "value" : "10"
},{
  "dateTime" : "05/30/13 11:20:00",
  "value" : "10"
},{
  "dateTime" : "05/30/13 12:30:00",
  "value" : "10"
},{
  "dateTime" : "05/30/13 13:39:00",
  "value" : "10"
},{
  "dateTime" : "05/30/13 13:52:00",
  "value" : "10"
},{
  "dateTime" : "05/30/13 13:53:00",
  "value" : "10"
},{
  "dateTime" : "05/30/13 15:02:00",
  "value" : "10"
},{
  "dateTime" : "05/30/13 15:03:00",
  "value" : "10"
},{
  "dateTime" : "05/30/13 15:08:00",
  "value" : "10"
},{
  "dateTime" : "05/30/13 16:44:00",
  "value" : "10"
},{
  "dateTime" : "05/30/13 17:19:00",
  "value" : "10"
},{
  "dateTime" : "05/30/13 17:45:00",
  "value" : "10"
},{
  "dateTime" : "05/30/13 17:50:00",
  "value" : "10"
},{
  "dateTime" : "05/30/13 18:30:00",
  "value" : "10"
},{
  "dateTime" : "05/30/13 18:34:00",
  "value" : "10"
},{
  "dateTime" : "05/30/13 18:47:00",
  "value" : "10"
},{
  "dateTime" : "05/30/13 19:13:00",
  "value" : "10"
},{
  "dateTime" : "05/30/13 19:26:00",
  "value" : "10"
},{
  "dateTime" : "05/30/13 20:21:00",
  "value" : "10"
},{
  "dateTime" : "05/31/13 00:08:00",
  "value" : "10"
},{
  "dateTime" : "05/31/13 01:12:00",
  "value" : "10"
},{
  "dateTime" : "05/31/13 08:38:00",
  "value" : "10"
},{
  "dateTime" : "05/31/13 12:27:00",
  "value" : "10"
},{
  "dateTime" : "05/31/13 16:34:00",
  "value" : "10"
},{
  "dateTime" : "05/31/13 18:42:00",
  "value" : "10"
},{
  "dateTime" : "05/31/13 18:58:00",
  "value" : "10"
},{
  "dateTime" : "05/31/13 19:32:00",
  "value" : "10"
},{
  "dateTime" : "05/31/13 19:38:00",
  "value" : "10"
},{
  "dateTime" : "05/31/13 19:39:00",
  "value" : "10"
},{
  "dateTime" : "05/31/13 20:22:00",
  "value" : "10"
},{
  "dateTime" : "05/31/13 20:44:00",
  "value" : "10"
},{
  "dateTime" : "05/31/13 23:01:00",
  "value" : "10"
},{
  "dateTime" : "06/01/13 07:25:00",
  "value" : "20"
},{
  "dateTime" : "06/01/13 07:42:00",
  "value" : "10"
},{
  "dateTime" : "06/01/13 07:43:00",
  "value" : "10"
},{
  "dateTime" : "06/01/13 07:47:00",
  "value" : "10"
},{
  "dateTime" : "06/01/13 07:48:00",
  "value" : "10"
},{
  "dateTime" : "06/01/13 07:59:00",
  "value" : "10"
},{
  "dateTime" : "06/01/13 10:18:00",
  "value" : "10"
},{
  "dateTime" : "06/01/13 10:27:00",
  "value" : "10"
},{
  "dateTime" : "06/01/13 11:18:00",
  "value" : "10"
},{
  "dateTime" : "06/01/13 11:37:00",
  "value" : "10"
},{
  "dateTime" : "06/01/13 11:40:00",
  "value" : "10"
},{
  "dateTime" : "06/01/13 12:59:00",
  "value" : "10"
},{
  "dateTime" : "06/01/13 13:08:00",
  "value" : "10"
},{
  "dateTime" : "06/01/13 13:52:00",
  "value" : "10"
},{
  "dateTime" : "06/01/13 14:24:00",
  "value" : "10"
},{
  "dateTime" : "06/01/13 14:47:00",
  "value" : "10"
},{
  "dateTime" : "06/01/13 15:03:00",
  "value" : "10"
},{
  "dateTime" : "06/01/13 16:37:00",
  "value" : "10"
},{
  "dateTime" : "06/01/13 17:04:00",
  "value" : "10"
},{
  "dateTime" : "06/01/13 17:37:00",
  "value" : "10"
},{
  "dateTime" : "06/01/13 17:46:00",
  "value" : "10"
},{
  "dateTime" : "06/01/13 17:50:00",
  "value" : "10"
},{
  "dateTime" : "06/01/13 17:52:00",
  "value" : "10"
},{
  "dateTime" : "06/01/13 18:00:00",
  "value" : "10"
},{
  "dateTime" : "06/01/13 20:13:00",
  "value" : "10"
},{
  "dateTime" : "06/01/13 20:56:00",
  "value" : "10"
},{
  "dateTime" : "06/01/13 21:01:00",
  "value" : "10"
},{
  "dateTime" : "06/01/13 23:00:00",
  "value" : "10"
},{
  "dateTime" : "06/02/13 00:30:00",
  "value" : "10"
},{
  "dateTime" : "06/02/13 09:11:00",
  "value" : "10"
},{
  "dateTime" : "06/02/13 10:07:00",
  "value" : "10"
},{
  "dateTime" : "06/02/13 11:23:00",
  "value" : "10"
},{
  "dateTime" : "06/02/13 11:47:00",
  "value" : "10"
},{
  "dateTime" : "06/02/13 15:43:00",
  "value" : "10"
},{
  "dateTime" : "06/02/13 18:43:00",
  "value" : "10"
},{
  "dateTime" : "06/02/13 22:14:00",
  "value" : "10"
},{
  "dateTime" : "06/03/13 00:37:00",
  "value" : "10"
},{
  "dateTime" : "06/03/13 07:40:00",
  "value" : "10"
},{
  "dateTime" : "06/03/13 08:02:00",
  "value" : "10"
},{
  "dateTime" : "06/03/13 08:27:00",
  "value" : "10"
},{
  "dateTime" : "06/03/13 08:37:00",
  "value" : "10"
},{
  "dateTime" : "06/03/13 08:47:00",
  "value" : "10"
},{
  "dateTime" : "06/03/13 09:40:00",
  "value" : "10"
},{
  "dateTime" : "06/03/13 09:45:00",
  "value" : "10"
},{
  "dateTime" : "06/03/13 09:47:00",
  "value" : "10"
},{
  "dateTime" : "06/03/13 10:17:00",
  "value" : "10"
},{
  "dateTime" : "06/03/13 10:54:00",
  "value" : "10"
},{
  "dateTime" : "06/03/13 12:04:00",
  "value" : "20"
},{
  "dateTime" : "06/03/13 12:27:00",
  "value" : "10"
},{
  "dateTime" : "06/03/13 12:28:00",
  "value" : "10"
},{
  "dateTime" : "06/03/13 15:03:00",
  "value" : "10"
},{
  "dateTime" : "06/03/13 16:03:00",
  "value" : "20"
},{
  "dateTime" : "06/03/13 16:15:00",
  "value" : "10"
},{
  "dateTime" : "06/03/13 16:21:00",
  "value" : "10"
},{
  "dateTime" : "06/03/13 16:22:00",
  "value" : "10"
},{
  "dateTime" : "06/03/13 16:29:00",
  "value" : "10"
},{
  "dateTime" : "06/03/13 16:32:00",
  "value" : "10"
},{
  "dateTime" : "06/03/13 16:39:00",
  "value" : "10"
},{
  "dateTime" : "06/03/13 17:48:00",
  "value" : "10"
},{
  "dateTime" : "06/03/13 18:49:00",
  "value" : "10"
},{
  "dateTime" : "06/03/13 18:50:00",
  "value" : "10"
},{
  "dateTime" : "06/03/13 19:13:00",
  "value" : "10"
},{
  "dateTime" : "06/03/13 21:45:00",
  "value" : "10"
},{
  "dateTime" : "06/03/13 23:19:00",
  "value" : "10"
},{
  "dateTime" : "06/04/13 00:32:00",
  "value" : "10"
},{
  "dateTime" : "06/04/13 09:02:00",
  "value" : "10"
},{
  "dateTime" : "06/04/13 09:29:00",
  "value" : "10"
},{
  "dateTime" : "06/04/13 09:39:00",
  "value" : "10"
},{
  "dateTime" : "06/04/13 09:42:00",
  "value" : "10"
},{
  "dateTime" : "06/04/13 09:45:00",
  "value" : "20"
},{
  "dateTime" : "06/04/13 10:58:00",
  "value" : "10"
},{
  "dateTime" : "06/04/13 11:04:00",
  "value" : "10"
},{
  "dateTime" : "06/04/13 11:31:00",
  "value" : "10"
},{
  "dateTime" : "06/04/13 13:58:00",
  "value" : "10"
},{
  "dateTime" : "06/04/13 17:26:00",
  "value" : "10"
},{
  "dateTime" : "06/04/13 19:38:00",
  "value" : "10"
},{
  "dateTime" : "06/04/13 20:05:00",
  "value" : "10"
},{
  "dateTime" : "06/04/13 20:06:00",
  "value" : "10"
},{
  "dateTime" : "06/04/13 22:44:00",
  "value" : "10"
},{
  "dateTime" : "06/05/13 01:49:00",
  "value" : "10"
},{
  "dateTime" : "06/05/13 05:59:00",
  "value" : "10"
},{
  "dateTime" : "06/05/13 06:48:00",
  "value" : "10"
},{
  "dateTime" : "06/05/13 08:43:00",
  "value" : "10"
},{
  "dateTime" : "06/05/13 09:28:00",
  "value" : "10"
},{
  "dateTime" : "06/05/13 12:43:00",
  "value" : "10"
},{
  "dateTime" : "06/05/13 15:44:00",
  "value" : "10"
},{
  "dateTime" : "06/05/13 16:05:00",
  "value" : "10"
},{
  "dateTime" : "06/05/13 16:09:00",
  "value" : "10"
},{
  "dateTime" : "06/05/13 16:13:00",
  "value" : "10"
},{
  "dateTime" : "06/05/13 16:18:00",
  "value" : "10"
},{
  "dateTime" : "06/05/13 16:20:00",
  "value" : "10"
},{
  "dateTime" : "06/05/13 18:54:00",
  "value" : "10"
},{
  "dateTime" : "06/05/13 20:27:00",
  "value" : "10"
},{
  "dateTime" : "06/05/13 20:42:00",
  "value" : "10"
},{
  "dateTime" : "06/06/13 08:04:00",
  "value" : "10"
},{
  "dateTime" : "06/06/13 09:15:00",
  "value" : "10"
},{
  "dateTime" : "06/06/13 09:17:00",
  "value" : "10"
},{
  "dateTime" : "06/06/13 09:24:00",
  "value" : "10"
},{
  "dateTime" : "06/06/13 10:29:00",
  "value" : "10"
},{
  "dateTime" : "06/06/13 12:05:00",
  "value" : "10"
},{
  "dateTime" : "06/06/13 12:15:00",
  "value" : "10"
},{
  "dateTime" : "06/06/13 12:18:00",
  "value" : "10"
},{
  "dateTime" : "06/06/13 15:44:00",
  "value" : "10"
},{
  "dateTime" : "06/06/13 15:52:00",
  "value" : "10"
},{
  "dateTime" : "06/06/13 19:29:00",
  "value" : "10"
},{
  "dateTime" : "06/06/13 19:37:00",
  "value" : "10"
},{
  "dateTime" : "06/06/13 19:39:00",
  "value" : "10"
},{
  "dateTime" : "06/06/13 22:39:00",
  "value" : "10"
},{
  "dateTime" : "06/07/13 05:53:00",
  "value" : "10"
},{
  "dateTime" : "06/07/13 05:59:00",
  "value" : "10"
},{
  "dateTime" : "06/07/13 06:02:00",
  "value" : "10"
},{
  "dateTime" : "06/07/13 09:29:00",
  "value" : "10"
},{
  "dateTime" : "06/07/13 10:07:00",
  "value" : "10"
},{
  "dateTime" : "06/07/13 10:29:00",
  "value" : "10"
},{
  "dateTime" : "06/07/13 10:36:00",
  "value" : "10"
},{
  "dateTime" : "06/07/13 10:53:00",
  "value" : "10"
},{
  "dateTime" : "06/07/13 13:44:00",
  "value" : "10"
},{
  "dateTime" : "06/07/13 16:20:00",
  "value" : "20"
},{
  "dateTime" : "06/07/13 16:29:00",
  "value" : "10"
},{
  "dateTime" : "06/07/13 20:46:00",
  "value" : "10"
},{
  "dateTime" : "06/07/13 21:33:00",
  "value" : "10"
},{
  "dateTime" : "06/07/13 21:39:00",
  "value" : "20"
},{
  "dateTime" : "06/07/13 21:58:00",
  "value" : "10"
},{
  "dateTime" : "06/08/13 00:18:00",
  "value" : "10"
},{
  "dateTime" : "06/08/13 08:25:00",
  "value" : "10"
},{
  "dateTime" : "06/08/13 11:12:00",
  "value" : "10"
},{
  "dateTime" : "06/08/13 13:39:00",
  "value" : "10"
},{
  "dateTime" : "06/08/13 13:43:00",
  "value" : "10"
},{
  "dateTime" : "06/08/13 15:55:00",
  "value" : "10"
},{
  "dateTime" : "06/08/13 18:06:00",
  "value" : "10"
},{
  "dateTime" : "06/08/13 18:19:00",
  "value" : "10"
},{
  "dateTime" : "06/08/13 22:31:00",
  "value" : "10"
},{
  "dateTime" : "06/09/13 02:20:00",
  "value" : "10"
},{
  "dateTime" : "06/09/13 10:02:00",
  "value" : "10"
},{
  "dateTime" : "06/09/13 10:48:00",
  "value" : "10"
},{
  "dateTime" : "06/09/13 11:24:00",
  "value" : "10"
},{
  "dateTime" : "06/09/13 12:19:00",
  "value" : "10"
},{
  "dateTime" : "06/09/13 14:43:00",
  "value" : "10"
},{
  "dateTime" : "06/09/13 15:03:00",
  "value" : "10"
},{
  "dateTime" : "06/09/13 16:33:00",
  "value" : "10"
},{
  "dateTime" : "06/09/13 16:44:00",
  "value" : "10"
},{
  "dateTime" : "06/09/13 17:33:00",
  "value" : "10"
},{
  "dateTime" : "06/09/13 18:17:00",
  "value" : "10"
},{
  "dateTime" : "06/09/13 21:12:00",
  "value" : "10"
},{
  "dateTime" : "06/09/13 23:21:00",
  "value" : "10"
},{
  "dateTime" : "06/10/13 07:07:00",
  "value" : "10"
},{
  "dateTime" : "06/10/13 07:09:00",
  "value" : "10"
},{
  "dateTime" : "06/10/13 08:29:00",
  "value" : "10"
},{
  "dateTime" : "06/10/13 08:49:00",
  "value" : "10"
},{
  "dateTime" : "06/10/13 11:01:00",
  "value" : "10"
},{
  "dateTime" : "06/10/13 11:09:00",
  "value" : "10"
},{
  "dateTime" : "06/10/13 15:24:00",
  "value" : "10"
},{
  "dateTime" : "06/10/13 15:28:00",
  "value" : "10"
},{
  "dateTime" : "06/10/13 18:33:00",
  "value" : "10"
},{
  "dateTime" : "06/10/13 19:43:00",
  "value" : "10"
},{
  "dateTime" : "06/10/13 20:23:00",
  "value" : "10"
},{
  "dateTime" : "06/10/13 21:43:00",
  "value" : "10"
},{
  "dateTime" : "06/10/13 23:44:00",
  "value" : "10"
},{
  "dateTime" : "06/11/13 07:39:00",
  "value" : "10"
},{
  "dateTime" : "06/11/13 07:51:00",
  "value" : "10"
},{
  "dateTime" : "06/11/13 09:17:00",
  "value" : "10"
},{
  "dateTime" : "06/11/13 15:31:00",
  "value" : "10"
},{
  "dateTime" : "06/11/13 15:32:00",
  "value" : "10"
},{
  "dateTime" : "06/11/13 15:34:00",
  "value" : "10"
},{
  "dateTime" : "06/11/13 15:41:00",
  "value" : "10"
},{
  "dateTime" : "06/11/13 15:46:00",
  "value" : "10"
},{
  "dateTime" : "06/11/13 16:44:00",
  "value" : "10"
},{
  "dateTime" : "06/11/13 19:40:00",
  "value" : "10"
},{
  "dateTime" : "06/11/13 20:14:00",
  "value" : "10"
},{
  "dateTime" : "06/11/13 21:11:00",
  "value" : "10"
},{
  "dateTime" : "06/12/13 00:51:00",
  "value" : "10"
},{
  "dateTime" : "06/12/13 01:53:00",
  "value" : "10"
},{
  "dateTime" : "06/12/13 02:40:00",
  "value" : "10"
},{
  "dateTime" : "06/12/13 05:46:00",
  "value" : "10"
},{
  "dateTime" : "06/12/13 08:06:00",
  "value" : "10"
},{
  "dateTime" : "06/12/13 08:58:00",
  "value" : "10"
},{
  "dateTime" : "06/12/13 11:52:00",
  "value" : "10"
},{
  "dateTime" : "06/12/13 16:51:00",
  "value" : "10"
},{
  "dateTime" : "06/12/13 18:31:00",
  "value" : "10"
},{
  "dateTime" : "06/12/13 19:46:00",
  "value" : "10"
},{
  "dateTime" : "06/12/13 21:24:00",
  "value" : "10"
},{
  "dateTime" : "06/13/13 08:19:00",
  "value" : "10"
},{
  "dateTime" : "06/13/13 10:09:00",
  "value" : "10"
},{
  "dateTime" : "06/13/13 10:19:00",
  "value" : "10"
},{
  "dateTime" : "06/13/13 13:16:00",
  "value" : "10"
},{
  "dateTime" : "06/13/13 15:50:00",
  "value" : "10"
},{
  "dateTime" : "06/13/13 17:11:00",
  "value" : "10"
},{
  "dateTime" : "06/13/13 18:02:00",
  "value" : "10"
},{
  "dateTime" : "06/13/13 19:27:00",
  "value" : "10"
},{
  "dateTime" : "06/13/13 21:51:00",
  "value" : "10"
},{
  "dateTime" : "06/14/13 01:01:00",
  "value" : "10"
},{
  "dateTime" : "06/14/13 01:03:00",
  "value" : "10"
},{
  "dateTime" : "06/14/13 07:58:00",
  "value" : "10"
},{
  "dateTime" : "06/14/13 08:49:00",
  "value" : "10"
},{
  "dateTime" : "06/14/13 09:27:00",
  "value" : "10"
},{
  "dateTime" : "06/14/13 10:31:00",
  "value" : "10"
},{
  "dateTime" : "06/14/13 10:39:00",
  "value" : "10"
},{
  "dateTime" : "06/14/13 10:42:00",
  "value" : "30"
},{
  "dateTime" : "06/14/13 10:44:00",
  "value" : "10"
},{
  "dateTime" : "06/14/13 10:47:00",
  "value" : "10"
},{
  "dateTime" : "06/14/13 11:43:00",
  "value" : "10"
},{
  "dateTime" : "06/14/13 11:49:00",
  "value" : "10"
},{
  "dateTime" : "06/14/13 13:53:00",
  "value" : "10"
},{
  "dateTime" : "06/14/13 14:09:00",
  "value" : "10"
},{
  "dateTime" : "06/14/13 14:41:00",
  "value" : "10"
},{
  "dateTime" : "06/14/13 14:42:00",
  "value" : "10"
},{
  "dateTime" : "06/14/13 16:28:00",
  "value" : "10"
},{
  "dateTime" : "06/14/13 16:49:00",
  "value" : "10"
},{
  "dateTime" : "06/14/13 23:32:00",
  "value" : "10"
},{
  "dateTime" : "06/14/13 23:44:00",
  "value" : "10"
},{
  "dateTime" : "06/15/13 11:17:00",
  "value" : "10"
},{
  "dateTime" : "06/15/13 12:49:00",
  "value" : "10"
},{
  "dateTime" : "06/15/13 13:11:00",
  "value" : "10"
},{
  "dateTime" : "06/15/13 13:30:00",
  "value" : "20"
},{
  "dateTime" : "06/15/13 16:05:00",
  "value" : "10"
},{
  "dateTime" : "06/15/13 21:25:00",
  "value" : "10"
},{
  "dateTime" : "06/15/13 22:14:00",
  "value" : "10"
},{
  "dateTime" : "06/16/13 04:01:00",
  "value" : "10"
},{
  "dateTime" : "06/16/13 16:49:00",
  "value" : "10"
},{
  "dateTime" : "06/16/13 17:24:00",
  "value" : "10"
},{
  "dateTime" : "06/16/13 20:47:00",
  "value" : "10"
},{
  "dateTime" : "06/16/13 23:40:00",
  "value" : "10"
},{
  "dateTime" : "06/17/13 01:43:00",
  "value" : "10"
},{
  "dateTime" : "06/17/13 06:56:00",
  "value" : "10"
},{
  "dateTime" : "06/17/13 07:48:00",
  "value" : "10"
},{
  "dateTime" : "06/17/13 07:51:00",
  "value" : "10"
},{
  "dateTime" : "06/17/13 09:10:00",
  "value" : "10"
},{
  "dateTime" : "06/17/13 10:31:00",
  "value" : "10"
},{
  "dateTime" : "06/17/13 12:38:00",
  "value" : "10"
},{
  "dateTime" : "06/17/13 15:17:00",
  "value" : "10"
},{
  "dateTime" : "06/17/13 15:20:00",
  "value" : "10"
},{
  "dateTime" : "06/17/13 16:23:00",
  "value" : "10"
},{
  "dateTime" : "06/17/13 18:22:00",
  "value" : "10"
},{
  "dateTime" : "06/17/13 20:43:00",
  "value" : "10"
},{
  "dateTime" : "06/17/13 20:46:00",
  "value" : "10"
},{
  "dateTime" : "06/17/13 21:04:00",
  "value" : "10"
},{
  "dateTime" : "06/17/13 22:59:00",
  "value" : "10"
},{
  "dateTime" : "06/18/13 00:31:00",
  "value" : "10"
},{
  "dateTime" : "06/18/13 01:45:00",
  "value" : "10"
},{
  "dateTime" : "06/18/13 07:21:00",
  "value" : "10"
},{
  "dateTime" : "06/18/13 07:31:00",
  "value" : "10"
},{
  "dateTime" : "06/18/13 08:09:00",
  "value" : "10"
},{
  "dateTime" : "06/18/13 09:43:00",
  "value" : "10"
},{
  "dateTime" : "06/18/13 16:21:00",
  "value" : "10"
},{
  "dateTime" : "06/18/13 17:42:00",
  "value" : "10"
},{
  "dateTime" : "06/18/13 19:12:00",
  "value" : "10"
},{
  "dateTime" : "06/18/13 21:24:00",
  "value" : "10"
},{
  "dateTime" : "06/18/13 23:00:00",
  "value" : "10"
},{
  "dateTime" : "06/18/13 23:40:00",
  "value" : "10"
}]