[{
  "dateTime" : "04/20/13 08:23:00",
  "value" : "10"
},{
  "dateTime" : "04/20/13 12:54:00",
  "value" : "10"
},{
  "dateTime" : "04/20/13 13:19:00",
  "value" : "10"
},{
  "dateTime" : "04/20/13 14:16:00",
  "value" : "10"
},{
  "dateTime" : "04/20/13 16:23:00",
  "value" : "20"
},{
  "dateTime" : "04/20/13 16:47:00",
  "value" : "10"
},{
  "dateTime" : "04/20/13 18:41:00",
  "value" : "10"
},{
  "dateTime" : "04/20/13 22:39:00",
  "value" : "10"
},{
  "dateTime" : "04/21/13 10:19:00",
  "value" : "10"
},{
  "dateTime" : "04/21/13 10:49:00",
  "value" : "10"
},{
  "dateTime" : "04/21/13 12:19:00",
  "value" : "10"
},{
  "dateTime" : "04/21/13 13:02:00",
  "value" : "10"
},{
  "dateTime" : "04/21/13 13:06:00",
  "value" : "10"
},{
  "dateTime" : "04/21/13 13:39:00",
  "value" : "10"
},{
  "dateTime" : "04/21/13 15:23:00",
  "value" : "10"
},{
  "dateTime" : "04/21/13 17:37:00",
  "value" : "20"
},{
  "dateTime" : "04/21/13 19:33:00",
  "value" : "10"
},{
  "dateTime" : "04/21/13 19:44:00",
  "value" : "10"
},{
  "dateTime" : "04/21/13 19:45:00",
  "value" : "10"
},{
  "dateTime" : "04/21/13 19:46:00",
  "value" : "10"
},{
  "dateTime" : "04/21/13 20:26:00",
  "value" : "10"
},{
  "dateTime" : "04/21/13 22:37:00",
  "value" : "10"
},{
  "dateTime" : "04/22/13 07:37:00",
  "value" : "10"
},{
  "dateTime" : "04/22/13 07:39:00",
  "value" : "10"
},{
  "dateTime" : "04/22/13 10:53:00",
  "value" : "10"
},{
  "dateTime" : "04/22/13 11:05:00",
  "value" : "10"
},{
  "dateTime" : "04/22/13 12:04:00",
  "value" : "10"
},{
  "dateTime" : "04/22/13 14:06:00",
  "value" : "10"
},{
  "dateTime" : "04/22/13 15:19:00",
  "value" : "20"
},{
  "dateTime" : "04/22/13 15:25:00",
  "value" : "20"
},{
  "dateTime" : "04/22/13 15:40:00",
  "value" : "10"
},{
  "dateTime" : "04/22/13 15:42:00",
  "value" : "10"
},{
  "dateTime" : "04/22/13 15:49:00",
  "value" : "10"
},{
  "dateTime" : "04/22/13 15:53:00",
  "value" : "10"
},{
  "dateTime" : "04/22/13 15:55:00",
  "value" : "10"
},{
  "dateTime" : "04/22/13 15:58:00",
  "value" : "10"
},{
  "dateTime" : "04/22/13 16:03:00",
  "value" : "10"
},{
  "dateTime" : "04/22/13 16:06:00",
  "value" : "10"
},{
  "dateTime" : "04/22/13 16:20:00",
  "value" : "10"
},{
  "dateTime" : "04/22/13 17:18:00",
  "value" : "10"
},{
  "dateTime" : "04/22/13 17:23:00",
  "value" : "10"
},{
  "dateTime" : "04/22/13 20:12:00",
  "value" : "10"
},{
  "dateTime" : "04/22/13 22:01:00",
  "value" : "10"
},{
  "dateTime" : "04/23/13 08:10:00",
  "value" : "10"
},{
  "dateTime" : "04/23/13 08:48:00",
  "value" : "10"
},{
  "dateTime" : "04/23/13 09:31:00",
  "value" : "10"
},{
  "dateTime" : "04/23/13 09:44:00",
  "value" : "10"
},{
  "dateTime" : "04/23/13 09:48:00",
  "value" : "20"
},{
  "dateTime" : "04/23/13 09:50:00",
  "value" : "10"
},{
  "dateTime" : "04/23/13 11:00:00",
  "value" : "10"
},{
  "dateTime" : "04/23/13 12:18:00",
  "value" : "10"
},{
  "dateTime" : "04/23/13 12:51:00",
  "value" : "10"
},{
  "dateTime" : "04/23/13 14:31:00",
  "value" : "10"
},{
  "dateTime" : "04/23/13 15:22:00",
  "value" : "10"
},{
  "dateTime" : "04/23/13 15:30:00",
  "value" : "10"
},{
  "dateTime" : "04/23/13 15:31:00",
  "value" : "10"
},{
  "dateTime" : "04/23/13 16:39:00",
  "value" : "10"
},{
  "dateTime" : "04/23/13 16:49:00",
  "value" : "10"
},{
  "dateTime" : "04/23/13 18:32:00",
  "value" : "10"
},{
  "dateTime" : "04/23/13 20:37:00",
  "value" : "10"
},{
  "dateTime" : "04/23/13 22:32:00",
  "value" : "10"
},{
  "dateTime" : "04/23/13 22:36:00",
  "value" : "10"
},{
  "dateTime" : "04/23/13 23:55:00",
  "value" : "10"
},{
  "dateTime" : "04/24/13 01:07:00",
  "value" : "10"
},{
  "dateTime" : "04/24/13 02:19:00",
  "value" : "10"
},{
  "dateTime" : "04/24/13 08:02:00",
  "value" : "10"
},{
  "dateTime" : "04/24/13 08:39:00",
  "value" : "10"
},{
  "dateTime" : "04/24/13 08:43:00",
  "value" : "10"
},{
  "dateTime" : "04/24/13 11:42:00",
  "value" : "10"
},{
  "dateTime" : "04/24/13 17:30:00",
  "value" : "10"
},{
  "dateTime" : "04/24/13 20:35:00",
  "value" : "10"
},{
  "dateTime" : "04/24/13 20:56:00",
  "value" : "10"
},{
  "dateTime" : "04/24/13 22:40:00",
  "value" : "10"
},{
  "dateTime" : "04/25/13 00:27:00",
  "value" : "10"
},{
  "dateTime" : "04/25/13 08:41:00",
  "value" : "10"
},{
  "dateTime" : "04/25/13 12:29:00",
  "value" : "10"
},{
  "dateTime" : "04/25/13 12:47:00",
  "value" : "10"
},{
  "dateTime" : "04/25/13 13:05:00",
  "value" : "10"
},{
  "dateTime" : "04/25/13 17:39:00",
  "value" : "10"
},{
  "dateTime" : "04/25/13 18:25:00",
  "value" : "10"
},{
  "dateTime" : "04/25/13 18:27:00",
  "value" : "10"
},{
  "dateTime" : "04/25/13 18:49:00",
  "value" : "10"
},{
  "dateTime" : "04/25/13 19:59:00",
  "value" : "10"
},{
  "dateTime" : "04/25/13 23:22:00",
  "value" : "10"
},{
  "dateTime" : "04/26/13 06:54:00",
  "value" : "10"
},{
  "dateTime" : "04/26/13 08:47:00",
  "value" : "10"
},{
  "dateTime" : "04/26/13 12:01:00",
  "value" : "10"
},{
  "dateTime" : "04/26/13 13:00:00",
  "value" : "10"
},{
  "dateTime" : "04/26/13 13:17:00",
  "value" : "10"
},{
  "dateTime" : "04/26/13 14:57:00",
  "value" : "10"
},{
  "dateTime" : "04/26/13 17:59:00",
  "value" : "10"
},{
  "dateTime" : "04/26/13 22:07:00",
  "value" : "10"
},{
  "dateTime" : "04/26/13 22:14:00",
  "value" : "10"
},{
  "dateTime" : "04/27/13 05:39:00",
  "value" : "10"
},{
  "dateTime" : "04/27/13 08:19:00",
  "value" : "10"
},{
  "dateTime" : "04/27/13 10:29:00",
  "value" : "10"
},{
  "dateTime" : "04/27/13 11:03:00",
  "value" : "10"
},{
  "dateTime" : "04/27/13 12:42:00",
  "value" : "10"
},{
  "dateTime" : "04/27/13 12:43:00",
  "value" : "10"
},{
  "dateTime" : "04/27/13 12:45:00",
  "value" : "10"
},{
  "dateTime" : "04/27/13 12:50:00",
  "value" : "10"
},{
  "dateTime" : "04/27/13 13:50:00",
  "value" : "10"
},{
  "dateTime" : "04/27/13 13:51:00",
  "value" : "20"
},{
  "dateTime" : "04/27/13 14:42:00",
  "value" : "10"
},{
  "dateTime" : "04/27/13 15:18:00",
  "value" : "10"
},{
  "dateTime" : "04/27/13 15:20:00",
  "value" : "10"
},{
  "dateTime" : "04/27/13 15:21:00",
  "value" : "10"
},{
  "dateTime" : "04/27/13 15:24:00",
  "value" : "10"
},{
  "dateTime" : "04/27/13 16:05:00",
  "value" : "10"
},{
  "dateTime" : "04/27/13 16:15:00",
  "value" : "10"
},{
  "dateTime" : "04/27/13 16:23:00",
  "value" : "10"
},{
  "dateTime" : "04/27/13 16:28:00",
  "value" : "10"
},{
  "dateTime" : "04/27/13 16:34:00",
  "value" : "10"
},{
  "dateTime" : "04/27/13 16:39:00",
  "value" : "10"
},{
  "dateTime" : "04/27/13 17:40:00",
  "value" : "10"
},{
  "dateTime" : "04/28/13 11:53:00",
  "value" : "10"
},{
  "dateTime" : "04/28/13 12:09:00",
  "value" : "10"
},{
  "dateTime" : "04/28/13 13:25:00",
  "value" : "10"
},{
  "dateTime" : "04/28/13 16:57:00",
  "value" : "10"
},{
  "dateTime" : "04/28/13 17:15:00",
  "value" : "10"
},{
  "dateTime" : "04/28/13 19:25:00",
  "value" : "10"
},{
  "dateTime" : "04/28/13 19:26:00",
  "value" : "10"
},{
  "dateTime" : "04/28/13 21:03:00",
  "value" : "10"
},{
  "dateTime" : "04/28/13 21:45:00",
  "value" : "10"
},{
  "dateTime" : "04/29/13 07:29:00",
  "value" : "10"
},{
  "dateTime" : "04/29/13 07:44:00",
  "value" : "10"
},{
  "dateTime" : "04/29/13 08:56:00",
  "value" : "10"
},{
  "dateTime" : "04/29/13 12:21:00",
  "value" : "10"
},{
  "dateTime" : "04/29/13 12:46:00",
  "value" : "10"
},{
  "dateTime" : "04/29/13 13:57:00",
  "value" : "10"
},{
  "dateTime" : "04/29/13 14:51:00",
  "value" : "10"
},{
  "dateTime" : "04/29/13 14:59:00",
  "value" : "10"
},{
  "dateTime" : "04/29/13 16:25:00",
  "value" : "10"
},{
  "dateTime" : "04/29/13 17:11:00",
  "value" : "10"
},{
  "dateTime" : "04/29/13 19:12:00",
  "value" : "10"
},{
  "dateTime" : "04/29/13 19:44:00",
  "value" : "10"
},{
  "dateTime" : "04/29/13 19:48:00",
  "value" : "10"
},{
  "dateTime" : "04/29/13 20:03:00",
  "value" : "10"
},{
  "dateTime" : "04/29/13 20:06:00",
  "value" : "10"
},{
  "dateTime" : "04/29/13 20:16:00",
  "value" : "10"
},{
  "dateTime" : "04/29/13 20:31:00",
  "value" : "10"
},{
  "dateTime" : "04/29/13 20:32:00",
  "value" : "10"
},{
  "dateTime" : "04/29/13 20:57:00",
  "value" : "10"
},{
  "dateTime" : "04/29/13 21:03:00",
  "value" : "10"
},{
  "dateTime" : "04/29/13 21:08:00",
  "value" : "10"
},{
  "dateTime" : "04/29/13 23:57:00",
  "value" : "10"
},{
  "dateTime" : "04/30/13 02:08:00",
  "value" : "10"
},{
  "dateTime" : "04/30/13 09:03:00",
  "value" : "10"
},{
  "dateTime" : "04/30/13 09:48:00",
  "value" : "10"
},{
  "dateTime" : "04/30/13 09:51:00",
  "value" : "10"
},{
  "dateTime" : "04/30/13 09:52:00",
  "value" : "10"
},{
  "dateTime" : "04/30/13 16:33:00",
  "value" : "10"
},{
  "dateTime" : "04/30/13 19:51:00",
  "value" : "10"
},{
  "dateTime" : "05/01/13 00:16:00",
  "value" : "10"
},{
  "dateTime" : "05/01/13 06:26:00",
  "value" : "10"
},{
  "dateTime" : "05/01/13 08:46:00",
  "value" : "10"
},{
  "dateTime" : "05/01/13 10:04:00",
  "value" : "10"
},{
  "dateTime" : "05/01/13 15:14:00",
  "value" : "10"
},{
  "dateTime" : "05/01/13 17:27:00",
  "value" : "10"
},{
  "dateTime" : "05/01/13 17:53:00",
  "value" : "10"
},{
  "dateTime" : "05/01/13 17:59:00",
  "value" : "10"
},{
  "dateTime" : "05/01/13 18:00:00",
  "value" : "10"
},{
  "dateTime" : "05/01/13 20:02:00",
  "value" : "10"
},{
  "dateTime" : "05/01/13 22:42:00",
  "value" : "10"
},{
  "dateTime" : "05/02/13 08:39:00",
  "value" : "10"
},{
  "dateTime" : "05/02/13 15:18:00",
  "value" : "10"
},{
  "dateTime" : "05/02/13 17:22:00",
  "value" : "10"
},{
  "dateTime" : "05/02/13 18:11:00",
  "value" : "10"
},{
  "dateTime" : "05/02/13 20:10:00",
  "value" : "10"
},{
  "dateTime" : "05/02/13 21:32:00",
  "value" : "10"
},{
  "dateTime" : "05/03/13 00:44:00",
  "value" : "10"
},{
  "dateTime" : "05/03/13 08:52:00",
  "value" : "10"
},{
  "dateTime" : "05/03/13 11:45:00",
  "value" : "10"
},{
  "dateTime" : "05/03/13 12:43:00",
  "value" : "10"
},{
  "dateTime" : "05/03/13 13:37:00",
  "value" : "10"
},{
  "dateTime" : "05/03/13 14:07:00",
  "value" : "10"
},{
  "dateTime" : "05/03/13 14:08:00",
  "value" : "10"
},{
  "dateTime" : "05/03/13 14:09:00",
  "value" : "20"
},{
  "dateTime" : "05/03/13 14:10:00",
  "value" : "10"
},{
  "dateTime" : "05/03/13 14:16:00",
  "value" : "10"
},{
  "dateTime" : "05/03/13 15:18:00",
  "value" : "10"
},{
  "dateTime" : "05/03/13 16:09:00",
  "value" : "10"
},{
  "dateTime" : "05/03/13 18:38:00",
  "value" : "10"
},{
  "dateTime" : "05/03/13 19:57:00",
  "value" : "10"
},{
  "dateTime" : "05/03/13 22:32:00",
  "value" : "10"
},{
  "dateTime" : "05/03/13 23:41:00",
  "value" : "10"
},{
  "dateTime" : "05/04/13 00:55:00",
  "value" : "10"
},{
  "dateTime" : "05/04/13 08:38:00",
  "value" : "10"
},{
  "dateTime" : "05/04/13 08:48:00",
  "value" : "10"
},{
  "dateTime" : "05/04/13 11:19:00",
  "value" : "10"
},{
  "dateTime" : "05/04/13 13:08:00",
  "value" : "10"
},{
  "dateTime" : "05/04/13 13:13:00",
  "value" : "10"
},{
  "dateTime" : "05/04/13 13:33:00",
  "value" : "10"
},{
  "dateTime" : "05/04/13 17:05:00",
  "value" : "10"
},{
  "dateTime" : "05/04/13 18:56:00",
  "value" : "10"
},{
  "dateTime" : "05/04/13 19:12:00",
  "value" : "10"
},{
  "dateTime" : "05/04/13 22:40:00",
  "value" : "10"
},{
  "dateTime" : "05/05/13 06:25:00",
  "value" : "10"
},{
  "dateTime" : "05/05/13 06:35:00",
  "value" : "10"
},{
  "dateTime" : "05/05/13 09:37:00",
  "value" : "10"
},{
  "dateTime" : "05/05/13 11:20:00",
  "value" : "10"
},{
  "dateTime" : "05/05/13 12:06:00",
  "value" : "10"
},{
  "dateTime" : "05/05/13 13:46:00",
  "value" : "10"
},{
  "dateTime" : "05/05/13 16:04:00",
  "value" : "10"
},{
  "dateTime" : "05/05/13 16:06:00",
  "value" : "10"
},{
  "dateTime" : "05/05/13 18:52:00",
  "value" : "10"
},{
  "dateTime" : "05/05/13 20:14:00",
  "value" : "10"
},{
  "dateTime" : "05/05/13 22:09:00",
  "value" : "10"
},{
  "dateTime" : "05/06/13 07:21:00",
  "value" : "10"
},{
  "dateTime" : "05/06/13 07:23:00",
  "value" : "10"
},{
  "dateTime" : "05/06/13 07:32:00",
  "value" : "10"
},{
  "dateTime" : "05/06/13 07:34:00",
  "value" : "10"
},{
  "dateTime" : "05/06/13 08:23:00",
  "value" : "10"
},{
  "dateTime" : "05/06/13 08:29:00",
  "value" : "10"
},{
  "dateTime" : "05/06/13 09:17:00",
  "value" : "10"
},{
  "dateTime" : "05/06/13 09:33:00",
  "value" : "10"
},{
  "dateTime" : "05/06/13 11:13:00",
  "value" : "20"
},{
  "dateTime" : "05/06/13 12:27:00",
  "value" : "10"
},{
  "dateTime" : "05/06/13 12:28:00",
  "value" : "20"
},{
  "dateTime" : "05/06/13 12:29:00",
  "value" : "10"
},{
  "dateTime" : "05/06/13 13:14:00",
  "value" : "10"
},{
  "dateTime" : "05/06/13 14:42:00",
  "value" : "10"
},{
  "dateTime" : "05/06/13 14:43:00",
  "value" : "10"
},{
  "dateTime" : "05/06/13 14:44:00",
  "value" : "10"
},{
  "dateTime" : "05/06/13 14:47:00",
  "value" : "10"
},{
  "dateTime" : "05/06/13 18:24:00",
  "value" : "10"
},{
  "dateTime" : "05/06/13 19:09:00",
  "value" : "10"
},{
  "dateTime" : "05/06/13 20:15:00",
  "value" : "10"
},{
  "dateTime" : "05/06/13 22:10:00",
  "value" : "10"
},{
  "dateTime" : "05/06/13 23:00:00",
  "value" : "10"
},{
  "dateTime" : "05/06/13 23:44:00",
  "value" : "10"
},{
  "dateTime" : "05/07/13 00:12:00",
  "value" : "10"
},{
  "dateTime" : "05/07/13 00:42:00",
  "value" : "10"
},{
  "dateTime" : "05/07/13 01:30:00",
  "value" : "10"
},{
  "dateTime" : "05/07/13 08:16:00",
  "value" : "10"
},{
  "dateTime" : "05/07/13 08:20:00",
  "value" : "10"
},{
  "dateTime" : "05/07/13 08:52:00",
  "value" : "10"
},{
  "dateTime" : "05/07/13 09:44:00",
  "value" : "10"
},{
  "dateTime" : "05/07/13 09:46:00",
  "value" : "10"
},{
  "dateTime" : "05/07/13 09:49:00",
  "value" : "20"
},{
  "dateTime" : "05/07/13 09:51:00",
  "value" : "10"
},{
  "dateTime" : "05/07/13 10:58:00",
  "value" : "10"
},{
  "dateTime" : "05/07/13 12:13:00",
  "value" : "10"
},{
  "dateTime" : "05/07/13 13:38:00",
  "value" : "10"
},{
  "dateTime" : "05/07/13 14:05:00",
  "value" : "10"
},{
  "dateTime" : "05/07/13 14:46:00",
  "value" : "10"
},{
  "dateTime" : "05/07/13 19:23:00",
  "value" : "10"
},{
  "dateTime" : "05/07/13 20:25:00",
  "value" : "10"
},{
  "dateTime" : "05/08/13 07:36:00",
  "value" : "20"
},{
  "dateTime" : "05/08/13 07:37:00",
  "value" : "10"
},{
  "dateTime" : "05/08/13 07:43:00",
  "value" : "10"
},{
  "dateTime" : "05/08/13 08:33:00",
  "value" : "10"
},{
  "dateTime" : "05/08/13 08:34:00",
  "value" : "10"
},{
  "dateTime" : "05/08/13 08:35:00",
  "value" : "10"
},{
  "dateTime" : "05/08/13 08:51:00",
  "value" : "10"
},{
  "dateTime" : "05/08/13 09:17:00",
  "value" : "10"
},{
  "dateTime" : "05/08/13 10:24:00",
  "value" : "10"
},{
  "dateTime" : "05/08/13 12:33:00",
  "value" : "10"
},{
  "dateTime" : "05/08/13 12:34:00",
  "value" : "10"
},{
  "dateTime" : "05/08/13 12:35:00",
  "value" : "20"
},{
  "dateTime" : "05/08/13 12:36:00",
  "value" : "10"
},{
  "dateTime" : "05/08/13 12:54:00",
  "value" : "10"
},{
  "dateTime" : "05/08/13 12:59:00",
  "value" : "10"
},{
  "dateTime" : "05/08/13 13:31:00",
  "value" : "10"
},{
  "dateTime" : "05/08/13 13:34:00",
  "value" : "10"
},{
  "dateTime" : "05/08/13 13:35:00",
  "value" : "10"
},{
  "dateTime" : "05/08/13 14:13:00",
  "value" : "10"
},{
  "dateTime" : "05/08/13 14:15:00",
  "value" : "20"
},{
  "dateTime" : "05/08/13 14:16:00",
  "value" : "10"
},{
  "dateTime" : "05/08/13 15:44:00",
  "value" : "20"
},{
  "dateTime" : "05/08/13 15:45:00",
  "value" : "10"
},{
  "dateTime" : "05/08/13 16:24:00",
  "value" : "10"
},{
  "dateTime" : "05/08/13 16:35:00",
  "value" : "10"
},{
  "dateTime" : "05/08/13 17:48:00",
  "value" : "10"
},{
  "dateTime" : "05/08/13 17:56:00",
  "value" : "10"
},{
  "dateTime" : "05/08/13 19:36:00",
  "value" : "10"
},{
  "dateTime" : "05/08/13 19:37:00",
  "value" : "10"
},{
  "dateTime" : "05/08/13 19:52:00",
  "value" : "10"
},{
  "dateTime" : "05/08/13 20:59:00",
  "value" : "10"
},{
  "dateTime" : "05/08/13 21:04:00",
  "value" : "10"
},{
  "dateTime" : "05/08/13 22:30:00",
  "value" : "10"
},{
  "dateTime" : "05/09/13 00:14:00",
  "value" : "10"
},{
  "dateTime" : "05/09/13 06:49:00",
  "value" : "10"
},{
  "dateTime" : "05/09/13 07:26:00",
  "value" : "10"
},{
  "dateTime" : "05/09/13 07:32:00",
  "value" : "10"
},{
  "dateTime" : "05/09/13 09:06:00",
  "value" : "10"
},{
  "dateTime" : "05/09/13 10:54:00",
  "value" : "10"
},{
  "dateTime" : "05/09/13 12:45:00",
  "value" : "10"
},{
  "dateTime" : "05/09/13 13:18:00",
  "value" : "10"
},{
  "dateTime" : "05/09/13 14:39:00",
  "value" : "10"
},{
  "dateTime" : "05/09/13 17:04:00",
  "value" : "10"
},{
  "dateTime" : "05/09/13 17:40:00",
  "value" : "10"
},{
  "dateTime" : "05/09/13 19:24:00",
  "value" : "10"
},{
  "dateTime" : "05/10/13 08:35:00",
  "value" : "10"
},{
  "dateTime" : "05/10/13 08:53:00",
  "value" : "10"
},{
  "dateTime" : "05/10/13 09:22:00",
  "value" : "10"
},{
  "dateTime" : "05/10/13 10:50:00",
  "value" : "10"
},{
  "dateTime" : "05/10/13 15:38:00",
  "value" : "10"
},{
  "dateTime" : "05/10/13 19:51:00",
  "value" : "10"
},{
  "dateTime" : "05/10/13 20:33:00",
  "value" : "10"
},{
  "dateTime" : "05/10/13 20:43:00",
  "value" : "10"
},{
  "dateTime" : "05/10/13 21:46:00",
  "value" : "10"
},{
  "dateTime" : "05/11/13 00:15:00",
  "value" : "10"
},{
  "dateTime" : "05/11/13 07:17:00",
  "value" : "10"
},{
  "dateTime" : "05/11/13 08:34:00",
  "value" : "10"
},{
  "dateTime" : "05/11/13 10:24:00",
  "value" : "10"
},{
  "dateTime" : "05/11/13 14:24:00",
  "value" : "10"
},{
  "dateTime" : "05/11/13 18:33:00",
  "value" : "10"
},{
  "dateTime" : "05/11/13 18:42:00",
  "value" : "10"
},{
  "dateTime" : "05/11/13 18:55:00",
  "value" : "10"
},{
  "dateTime" : "05/11/13 19:23:00",
  "value" : "10"
},{
  "dateTime" : "05/11/13 21:34:00",
  "value" : "10"
},{
  "dateTime" : "05/12/13 00:26:00",
  "value" : "10"
},{
  "dateTime" : "05/12/13 02:30:00",
  "value" : "10"
},{
  "dateTime" : "05/12/13 07:02:00",
  "value" : "10"
},{
  "dateTime" : "05/12/13 08:27:00",
  "value" : "10"
},{
  "dateTime" : "05/12/13 10:54:00",
  "value" : "10"
},{
  "dateTime" : "05/12/13 11:35:00",
  "value" : "10"
},{
  "dateTime" : "05/12/13 14:10:00",
  "value" : "10"
},{
  "dateTime" : "05/12/13 15:08:00",
  "value" : "10"
},{
  "dateTime" : "05/12/13 15:25:00",
  "value" : "10"
},{
  "dateTime" : "05/12/13 16:11:00",
  "value" : "10"
},{
  "dateTime" : "05/12/13 17:02:00",
  "value" : "10"
},{
  "dateTime" : "05/12/13 17:10:00",
  "value" : "10"
},{
  "dateTime" : "05/12/13 17:15:00",
  "value" : "10"
},{
  "dateTime" : "05/12/13 23:59:00",
  "value" : "10"
},{
  "dateTime" : "05/13/13 08:14:00",
  "value" : "10"
},{
  "dateTime" : "05/13/13 08:16:00",
  "value" : "10"
},{
  "dateTime" : "05/13/13 08:20:00",
  "value" : "10"
},{
  "dateTime" : "05/13/13 09:00:00",
  "value" : "10"
},{
  "dateTime" : "05/13/13 09:39:00",
  "value" : "10"
},{
  "dateTime" : "05/13/13 11:39:00",
  "value" : "10"
},{
  "dateTime" : "05/13/13 12:18:00",
  "value" : "10"
},{
  "dateTime" : "05/13/13 13:19:00",
  "value" : "10"
},{
  "dateTime" : "05/13/13 13:46:00",
  "value" : "10"
},{
  "dateTime" : "05/13/13 16:27:00",
  "value" : "10"
},{
  "dateTime" : "05/13/13 16:32:00",
  "value" : "20"
},{
  "dateTime" : "05/13/13 16:33:00",
  "value" : "10"
},{
  "dateTime" : "05/13/13 17:59:00",
  "value" : "10"
},{
  "dateTime" : "05/13/13 18:02:00",
  "value" : "10"
},{
  "dateTime" : "05/13/13 18:06:00",
  "value" : "10"
},{
  "dateTime" : "05/13/13 19:24:00",
  "value" : "10"
},{
  "dateTime" : "05/13/13 19:25:00",
  "value" : "10"
},{
  "dateTime" : "05/13/13 19:54:00",
  "value" : "10"
},{
  "dateTime" : "05/14/13 09:10:00",
  "value" : "10"
},{
  "dateTime" : "05/14/13 09:45:00",
  "value" : "10"
},{
  "dateTime" : "05/14/13 09:47:00",
  "value" : "10"
},{
  "dateTime" : "05/14/13 09:48:00",
  "value" : "10"
},{
  "dateTime" : "05/14/13 09:49:00",
  "value" : "10"
},{
  "dateTime" : "05/14/13 09:52:00",
  "value" : "10"
},{
  "dateTime" : "05/14/13 10:02:00",
  "value" : "10"
},{
  "dateTime" : "05/14/13 11:03:00",
  "value" : "10"
},{
  "dateTime" : "05/14/13 11:05:00",
  "value" : "10"
},{
  "dateTime" : "05/14/13 15:18:00",
  "value" : "10"
},{
  "dateTime" : "05/14/13 16:05:00",
  "value" : "10"
},{
  "dateTime" : "05/14/13 16:19:00",
  "value" : "10"
},{
  "dateTime" : "05/14/13 16:23:00",
  "value" : "10"
},{
  "dateTime" : "05/14/13 16:48:00",
  "value" : "10"
},{
  "dateTime" : "05/14/13 16:49:00",
  "value" : "10"
},{
  "dateTime" : "05/14/13 18:54:00",
  "value" : "10"
},{
  "dateTime" : "05/14/13 19:30:00",
  "value" : "10"
},{
  "dateTime" : "05/14/13 19:38:00",
  "value" : "10"
},{
  "dateTime" : "05/14/13 20:00:00",
  "value" : "10"
},{
  "dateTime" : "05/15/13 01:02:00",
  "value" : "10"
},{
  "dateTime" : "05/15/13 08:03:00",
  "value" : "10"
},{
  "dateTime" : "05/15/13 08:33:00",
  "value" : "10"
},{
  "dateTime" : "05/15/13 09:53:00",
  "value" : "10"
},{
  "dateTime" : "05/15/13 09:56:00",
  "value" : "10"
},{
  "dateTime" : "05/15/13 10:01:00",
  "value" : "10"
},{
  "dateTime" : "05/15/13 10:27:00",
  "value" : "10"
},{
  "dateTime" : "05/15/13 10:31:00",
  "value" : "10"
},{
  "dateTime" : "05/15/13 12:18:00",
  "value" : "10"
},{
  "dateTime" : "05/15/13 12:26:00",
  "value" : "10"
},{
  "dateTime" : "05/15/13 13:50:00",
  "value" : "10"
},{
  "dateTime" : "05/15/13 14:32:00",
  "value" : "10"
},{
  "dateTime" : "05/15/13 16:22:00",
  "value" : "10"
},{
  "dateTime" : "05/15/13 17:15:00",
  "value" : "10"
},{
  "dateTime" : "05/15/13 17:32:00",
  "value" : "10"
},{
  "dateTime" : "05/15/13 18:19:00",
  "value" : "10"
},{
  "dateTime" : "05/15/13 20:03:00",
  "value" : "10"
},{
  "dateTime" : "05/15/13 20:50:00",
  "value" : "10"
},{
  "dateTime" : "05/15/13 20:53:00",
  "value" : "10"
},{
  "dateTime" : "05/16/13 05:49:00",
  "value" : "10"
},{
  "dateTime" : "05/16/13 08:34:00",
  "value" : "10"
},{
  "dateTime" : "05/16/13 09:13:00",
  "value" : "10"
},{
  "dateTime" : "05/16/13 09:15:00",
  "value" : "10"
},{
  "dateTime" : "05/16/13 10:10:00",
  "value" : "10"
},{
  "dateTime" : "05/16/13 10:55:00",
  "value" : "10"
},{
  "dateTime" : "05/16/13 11:05:00",
  "value" : "10"
},{
  "dateTime" : "05/16/13 13:47:00",
  "value" : "10"
},{
  "dateTime" : "05/16/13 14:28:00",
  "value" : "10"
},{
  "dateTime" : "05/16/13 14:31:00",
  "value" : "10"
},{
  "dateTime" : "05/16/13 14:34:00",
  "value" : "10"
},{
  "dateTime" : "05/16/13 14:41:00",
  "value" : "10"
},{
  "dateTime" : "05/16/13 14:43:00",
  "value" : "10"
},{
  "dateTime" : "05/16/13 15:05:00",
  "value" : "10"
},{
  "dateTime" : "05/16/13 15:33:00",
  "value" : "20"
},{
  "dateTime" : "05/16/13 15:41:00",
  "value" : "10"
},{
  "dateTime" : "05/16/13 16:02:00",
  "value" : "10"
},{
  "dateTime" : "05/16/13 17:05:00",
  "value" : "10"
},{
  "dateTime" : "05/16/13 17:25:00",
  "value" : "10"
},{
  "dateTime" : "05/16/13 20:12:00",
  "value" : "10"
},{
  "dateTime" : "05/16/13 20:18:00",
  "value" : "10"
},{
  "dateTime" : "05/16/13 20:20:00",
  "value" : "10"
},{
  "dateTime" : "05/16/13 21:21:00",
  "value" : "10"
},{
  "dateTime" : "05/16/13 22:23:00",
  "value" : "10"
},{
  "dateTime" : "05/17/13 01:10:00",
  "value" : "10"
},{
  "dateTime" : "05/17/13 07:54:00",
  "value" : "10"
},{
  "dateTime" : "05/17/13 07:58:00",
  "value" : "10"
},{
  "dateTime" : "05/17/13 08:30:00",
  "value" : "10"
},{
  "dateTime" : "05/17/13 08:37:00",
  "value" : "10"
},{
  "dateTime" : "05/17/13 08:47:00",
  "value" : "10"
},{
  "dateTime" : "05/17/13 08:56:00",
  "value" : "10"
},{
  "dateTime" : "05/17/13 09:45:00",
  "value" : "10"
},{
  "dateTime" : "05/17/13 09:46:00",
  "value" : "10"
},{
  "dateTime" : "05/17/13 10:21:00",
  "value" : "10"
},{
  "dateTime" : "05/17/13 10:56:00",
  "value" : "10"
},{
  "dateTime" : "05/17/13 13:11:00",
  "value" : "20"
},{
  "dateTime" : "05/17/13 14:35:00",
  "value" : "10"
},{
  "dateTime" : "05/17/13 15:30:00",
  "value" : "10"
},{
  "dateTime" : "05/17/13 15:31:00",
  "value" : "10"
},{
  "dateTime" : "05/17/13 15:35:00",
  "value" : "20"
},{
  "dateTime" : "05/17/13 15:47:00",
  "value" : "10"
},{
  "dateTime" : "05/17/13 15:48:00",
  "value" : "10"
},{
  "dateTime" : "05/17/13 15:51:00",
  "value" : "10"
},{
  "dateTime" : "05/17/13 15:54:00",
  "value" : "10"
},{
  "dateTime" : "05/17/13 15:56:00",
  "value" : "10"
},{
  "dateTime" : "05/17/13 16:05:00",
  "value" : "10"
},{
  "dateTime" : "05/17/13 16:14:00",
  "value" : "10"
},{
  "dateTime" : "05/17/13 16:19:00",
  "value" : "10"
},{
  "dateTime" : "05/17/13 16:25:00",
  "value" : "10"
},{
  "dateTime" : "05/17/13 17:08:00",
  "value" : "10"
},{
  "dateTime" : "05/17/13 17:46:00",
  "value" : "10"
},{
  "dateTime" : "05/17/13 17:53:00",
  "value" : "10"
},{
  "dateTime" : "05/17/13 18:27:00",
  "value" : "10"
},{
  "dateTime" : "05/17/13 18:39:00",
  "value" : "10"
},{
  "dateTime" : "05/17/13 18:49:00",
  "value" : "10"
},{
  "dateTime" : "05/18/13 00:20:00",
  "value" : "10"
},{
  "dateTime" : "05/18/13 08:52:00",
  "value" : "10"
},{
  "dateTime" : "05/18/13 11:53:00",
  "value" : "10"
},{
  "dateTime" : "05/18/13 11:59:00",
  "value" : "10"
},{
  "dateTime" : "05/18/13 12:05:00",
  "value" : "10"
},{
  "dateTime" : "05/18/13 15:29:00",
  "value" : "10"
},{
  "dateTime" : "05/18/13 16:25:00",
  "value" : "10"
},{
  "dateTime" : "05/18/13 16:36:00",
  "value" : "10"
},{
  "dateTime" : "05/18/13 17:19:00",
  "value" : "10"
},{
  "dateTime" : "05/18/13 19:48:00",
  "value" : "10"
},{
  "dateTime" : "05/19/13 00:42:00",
  "value" : "10"
},{
  "dateTime" : "05/19/13 09:19:00",
  "value" : "10"
},{
  "dateTime" : "05/19/13 09:38:00",
  "value" : "10"
},{
  "dateTime" : "05/19/13 10:49:00",
  "value" : "10"
},{
  "dateTime" : "05/19/13 11:38:00",
  "value" : "10"
},{
  "dateTime" : "05/19/13 15:08:00",
  "value" : "10"
},{
  "dateTime" : "05/19/13 18:07:00",
  "value" : "10"
},{
  "dateTime" : "05/19/13 20:06:00",
  "value" : "10"
},{
  "dateTime" : "05/19/13 20:16:00",
  "value" : "10"
},{
  "dateTime" : "05/19/13 20:44:00",
  "value" : "10"
},{
  "dateTime" : "05/19/13 20:53:00",
  "value" : "10"
},{
  "dateTime" : "05/19/13 21:57:00",
  "value" : "10"
},{
  "dateTime" : "05/19/13 23:14:00",
  "value" : "10"
},{
  "dateTime" : "05/19/13 23:20:00",
  "value" : "10"
}]