[{
  "dateTime" : "05/05/16 16:59:00",
  "value" : "10"
},{
  "dateTime" : "05/05/16 17:00:00",
  "value" : "10"
},{
  "dateTime" : "05/05/16 22:15:00",
  "value" : "10"
},{
  "dateTime" : "05/06/16 05:30:00",
  "value" : "10"
},{
  "dateTime" : "05/06/16 16:39:00",
  "value" : "10"
},{
  "dateTime" : "05/06/16 16:57:00",
  "value" : "10"
},{
  "dateTime" : "05/06/16 17:05:00",
  "value" : "10"
},{
  "dateTime" : "05/06/16 18:02:00",
  "value" : "10"
},{
  "dateTime" : "05/06/16 18:03:00",
  "value" : "10"
},{
  "dateTime" : "05/06/16 18:18:00",
  "value" : "10"
},{
  "dateTime" : "05/06/16 18:19:00",
  "value" : "10"
},{
  "dateTime" : "05/06/16 20:23:00",
  "value" : "10"
},{
  "dateTime" : "05/07/16 11:44:00",
  "value" : "10"
},{
  "dateTime" : "05/07/16 12:14:00",
  "value" : "10"
},{
  "dateTime" : "05/07/16 12:30:00",
  "value" : "10"
},{
  "dateTime" : "05/07/16 12:31:00",
  "value" : "10"
},{
  "dateTime" : "05/07/16 12:53:00",
  "value" : "10"
},{
  "dateTime" : "05/07/16 14:00:00",
  "value" : "10"
},{
  "dateTime" : "05/07/16 15:17:00",
  "value" : "10"
},{
  "dateTime" : "05/07/16 16:23:00",
  "value" : "10"
},{
  "dateTime" : "05/07/16 17:59:00",
  "value" : "10"
},{
  "dateTime" : "05/07/16 18:00:00",
  "value" : "10"
},{
  "dateTime" : "05/07/16 18:55:00",
  "value" : "10"
},{
  "dateTime" : "05/07/16 19:42:00",
  "value" : "10"
},{
  "dateTime" : "05/07/16 19:43:00",
  "value" : "10"
},{
  "dateTime" : "05/08/16 01:23:00",
  "value" : "10"
},{
  "dateTime" : "05/08/16 10:20:00",
  "value" : "10"
},{
  "dateTime" : "05/08/16 11:58:00",
  "value" : "10"
},{
  "dateTime" : "05/08/16 13:03:00",
  "value" : "10"
},{
  "dateTime" : "05/08/16 16:15:00",
  "value" : "10"
},{
  "dateTime" : "05/08/16 18:01:00",
  "value" : "10"
},{
  "dateTime" : "05/08/16 20:49:00",
  "value" : "10"
},{
  "dateTime" : "05/08/16 20:50:00",
  "value" : "10"
},{
  "dateTime" : "05/08/16 20:51:00",
  "value" : "10"
},{
  "dateTime" : "05/08/16 20:56:00",
  "value" : "10"
},{
  "dateTime" : "05/09/16 07:03:00",
  "value" : "10"
},{
  "dateTime" : "05/09/16 08:57:00",
  "value" : "10"
},{
  "dateTime" : "05/09/16 11:09:00",
  "value" : "10"
},{
  "dateTime" : "05/09/16 12:39:00",
  "value" : "10"
},{
  "dateTime" : "05/09/16 13:56:00",
  "value" : "10"
},{
  "dateTime" : "05/09/16 16:52:00",
  "value" : "10"
},{
  "dateTime" : "05/09/16 17:19:00",
  "value" : "10"
},{
  "dateTime" : "05/09/16 18:15:00",
  "value" : "10"
},{
  "dateTime" : "05/09/16 18:40:00",
  "value" : "10"
},{
  "dateTime" : "05/09/16 18:41:00",
  "value" : "10"
},{
  "dateTime" : "05/09/16 19:08:00",
  "value" : "10"
},{
  "dateTime" : "05/09/16 19:09:00",
  "value" : "10"
},{
  "dateTime" : "05/09/16 19:50:00",
  "value" : "30"
},{
  "dateTime" : "05/09/16 20:19:00",
  "value" : "10"
},{
  "dateTime" : "05/09/16 20:20:00",
  "value" : "10"
},{
  "dateTime" : "05/09/16 20:50:00",
  "value" : "20"
},{
  "dateTime" : "05/09/16 21:10:00",
  "value" : "10"
},{
  "dateTime" : "05/10/16 07:23:00",
  "value" : "10"
},{
  "dateTime" : "05/10/16 07:47:00",
  "value" : "10"
},{
  "dateTime" : "05/10/16 07:59:00",
  "value" : "10"
},{
  "dateTime" : "05/10/16 08:29:00",
  "value" : "20"
},{
  "dateTime" : "05/10/16 08:58:00",
  "value" : "10"
},{
  "dateTime" : "05/10/16 11:56:00",
  "value" : "10"
},{
  "dateTime" : "05/10/16 18:10:00",
  "value" : "10"
},{
  "dateTime" : "05/10/16 19:28:00",
  "value" : "10"
},{
  "dateTime" : "05/10/16 20:37:00",
  "value" : "10"
},{
  "dateTime" : "05/10/16 22:54:00",
  "value" : "10"
},{
  "dateTime" : "05/10/16 22:56:00",
  "value" : "10"
},{
  "dateTime" : "05/11/16 05:34:00",
  "value" : "10"
},{
  "dateTime" : "05/11/16 07:02:00",
  "value" : "10"
},{
  "dateTime" : "05/11/16 07:52:00",
  "value" : "10"
},{
  "dateTime" : "05/11/16 07:53:00",
  "value" : "10"
},{
  "dateTime" : "05/11/16 12:30:00",
  "value" : "10"
},{
  "dateTime" : "05/11/16 15:12:00",
  "value" : "10"
},{
  "dateTime" : "05/11/16 17:48:00",
  "value" : "10"
},{
  "dateTime" : "05/11/16 20:54:00",
  "value" : "10"
},{
  "dateTime" : "05/11/16 21:56:00",
  "value" : "10"
},{
  "dateTime" : "05/11/16 22:45:00",
  "value" : "10"
},{
  "dateTime" : "05/12/16 07:43:00",
  "value" : "10"
},{
  "dateTime" : "05/12/16 08:32:00",
  "value" : "10"
},{
  "dateTime" : "05/12/16 08:33:00",
  "value" : "10"
},{
  "dateTime" : "05/12/16 10:46:00",
  "value" : "10"
},{
  "dateTime" : "05/12/16 12:18:00",
  "value" : "10"
},{
  "dateTime" : "05/12/16 12:40:00",
  "value" : "10"
},{
  "dateTime" : "05/12/16 14:41:00",
  "value" : "10"
},{
  "dateTime" : "05/12/16 16:29:00",
  "value" : "10"
},{
  "dateTime" : "05/12/16 17:07:00",
  "value" : "10"
},{
  "dateTime" : "05/12/16 17:08:00",
  "value" : "10"
},{
  "dateTime" : "05/12/16 17:31:00",
  "value" : "10"
},{
  "dateTime" : "05/12/16 19:02:00",
  "value" : "10"
},{
  "dateTime" : "05/12/16 19:03:00",
  "value" : "10"
},{
  "dateTime" : "05/12/16 20:00:00",
  "value" : "10"
},{
  "dateTime" : "05/12/16 20:10:00",
  "value" : "10"
},{
  "dateTime" : "05/12/16 20:11:00",
  "value" : "10"
},{
  "dateTime" : "05/12/16 20:33:00",
  "value" : "10"
},{
  "dateTime" : "05/12/16 20:34:00",
  "value" : "10"
},{
  "dateTime" : "05/12/16 20:51:00",
  "value" : "10"
},{
  "dateTime" : "05/13/16 07:32:00",
  "value" : "10"
},{
  "dateTime" : "05/13/16 07:33:00",
  "value" : "10"
},{
  "dateTime" : "05/13/16 08:24:00",
  "value" : "10"
},{
  "dateTime" : "05/13/16 11:34:00",
  "value" : "10"
},{
  "dateTime" : "05/13/16 11:35:00",
  "value" : "10"
},{
  "dateTime" : "05/13/16 12:01:00",
  "value" : "10"
},{
  "dateTime" : "05/13/16 12:57:00",
  "value" : "10"
},{
  "dateTime" : "05/13/16 13:43:00",
  "value" : "10"
},{
  "dateTime" : "05/13/16 13:59:00",
  "value" : "10"
},{
  "dateTime" : "05/13/16 14:16:00",
  "value" : "20"
},{
  "dateTime" : "05/13/16 14:53:00",
  "value" : "10"
},{
  "dateTime" : "05/13/16 15:01:00",
  "value" : "10"
},{
  "dateTime" : "05/13/16 15:30:00",
  "value" : "10"
},{
  "dateTime" : "05/13/16 20:30:00",
  "value" : "10"
},{
  "dateTime" : "05/13/16 23:02:00",
  "value" : "10"
},{
  "dateTime" : "05/13/16 23:57:00",
  "value" : "10"
},{
  "dateTime" : "05/13/16 23:58:00",
  "value" : "10"
},{
  "dateTime" : "05/14/16 08:28:00",
  "value" : "10"
},{
  "dateTime" : "05/14/16 08:29:00",
  "value" : "10"
},{
  "dateTime" : "05/14/16 10:04:00",
  "value" : "10"
},{
  "dateTime" : "05/14/16 12:23:00",
  "value" : "10"
},{
  "dateTime" : "05/14/16 12:24:00",
  "value" : "10"
},{
  "dateTime" : "05/14/16 12:25:00",
  "value" : "10"
},{
  "dateTime" : "05/14/16 13:36:00",
  "value" : "20"
},{
  "dateTime" : "05/14/16 14:00:00",
  "value" : "10"
},{
  "dateTime" : "05/14/16 14:01:00",
  "value" : "10"
},{
  "dateTime" : "05/14/16 16:52:00",
  "value" : "10"
},{
  "dateTime" : "05/14/16 16:53:00",
  "value" : "10"
},{
  "dateTime" : "05/14/16 23:22:00",
  "value" : "10"
},{
  "dateTime" : "05/15/16 12:27:00",
  "value" : "10"
},{
  "dateTime" : "05/15/16 12:43:00",
  "value" : "10"
},{
  "dateTime" : "05/15/16 13:35:00",
  "value" : "10"
},{
  "dateTime" : "05/15/16 13:55:00",
  "value" : "10"
},{
  "dateTime" : "05/15/16 15:51:00",
  "value" : "10"
},{
  "dateTime" : "05/15/16 17:54:00",
  "value" : "10"
},{
  "dateTime" : "05/15/16 18:21:00",
  "value" : "10"
},{
  "dateTime" : "05/15/16 18:51:00",
  "value" : "10"
},{
  "dateTime" : "05/15/16 18:52:00",
  "value" : "10"
},{
  "dateTime" : "05/15/16 18:53:00",
  "value" : "10"
},{
  "dateTime" : "05/15/16 19:56:00",
  "value" : "10"
},{
  "dateTime" : "05/15/16 19:57:00",
  "value" : "10"
},{
  "dateTime" : "05/15/16 20:05:00",
  "value" : "10"
},{
  "dateTime" : "05/15/16 21:05:00",
  "value" : "10"
},{
  "dateTime" : "05/15/16 21:12:00",
  "value" : "20"
},{
  "dateTime" : "05/16/16 08:15:00",
  "value" : "10"
},{
  "dateTime" : "05/16/16 10:55:00",
  "value" : "10"
},{
  "dateTime" : "05/16/16 11:41:00",
  "value" : "10"
},{
  "dateTime" : "05/16/16 13:09:00",
  "value" : "10"
},{
  "dateTime" : "05/16/16 15:45:00",
  "value" : "10"
},{
  "dateTime" : "05/16/16 17:03:00",
  "value" : "10"
},{
  "dateTime" : "05/16/16 18:44:00",
  "value" : "10"
},{
  "dateTime" : "05/16/16 20:28:00",
  "value" : "10"
},{
  "dateTime" : "05/16/16 22:18:00",
  "value" : "10"
},{
  "dateTime" : "05/17/16 06:48:00",
  "value" : "10"
},{
  "dateTime" : "05/17/16 08:40:00",
  "value" : "10"
},{
  "dateTime" : "05/17/16 11:32:00",
  "value" : "10"
},{
  "dateTime" : "05/17/16 13:24:00",
  "value" : "10"
},{
  "dateTime" : "05/17/16 13:32:00",
  "value" : "10"
},{
  "dateTime" : "05/17/16 17:26:00",
  "value" : "10"
},{
  "dateTime" : "05/17/16 21:50:00",
  "value" : "10"
},{
  "dateTime" : "05/18/16 08:51:00",
  "value" : "10"
},{
  "dateTime" : "05/18/16 10:48:00",
  "value" : "10"
},{
  "dateTime" : "05/18/16 14:28:00",
  "value" : "10"
},{
  "dateTime" : "05/18/16 18:53:00",
  "value" : "10"
},{
  "dateTime" : "05/18/16 19:59:00",
  "value" : "10"
},{
  "dateTime" : "05/18/16 20:36:00",
  "value" : "10"
},{
  "dateTime" : "05/18/16 21:45:00",
  "value" : "10"
},{
  "dateTime" : "05/18/16 21:46:00",
  "value" : "10"
},{
  "dateTime" : "05/18/16 23:14:00",
  "value" : "10"
},{
  "dateTime" : "05/19/16 08:47:00",
  "value" : "10"
},{
  "dateTime" : "05/19/16 08:56:00",
  "value" : "10"
},{
  "dateTime" : "05/19/16 08:57:00",
  "value" : "10"
},{
  "dateTime" : "05/19/16 10:46:00",
  "value" : "10"
},{
  "dateTime" : "05/19/16 11:05:00",
  "value" : "20"
},{
  "dateTime" : "05/19/16 15:00:00",
  "value" : "10"
},{
  "dateTime" : "05/19/16 15:01:00",
  "value" : "10"
},{
  "dateTime" : "05/19/16 16:05:00",
  "value" : "10"
},{
  "dateTime" : "05/19/16 16:06:00",
  "value" : "10"
},{
  "dateTime" : "05/19/16 17:09:00",
  "value" : "10"
},{
  "dateTime" : "05/19/16 17:29:00",
  "value" : "10"
},{
  "dateTime" : "05/19/16 18:41:00",
  "value" : "10"
},{
  "dateTime" : "05/19/16 19:46:00",
  "value" : "10"
},{
  "dateTime" : "05/19/16 20:12:00",
  "value" : "10"
},{
  "dateTime" : "05/19/16 20:13:00",
  "value" : "10"
},{
  "dateTime" : "05/19/16 20:14:00",
  "value" : "10"
},{
  "dateTime" : "05/19/16 20:54:00",
  "value" : "10"
},{
  "dateTime" : "05/19/16 20:55:00",
  "value" : "10"
},{
  "dateTime" : "05/20/16 08:39:00",
  "value" : "10"
},{
  "dateTime" : "05/20/16 10:36:00",
  "value" : "10"
},{
  "dateTime" : "05/20/16 15:40:00",
  "value" : "10"
},{
  "dateTime" : "05/20/16 16:06:00",
  "value" : "10"
},{
  "dateTime" : "05/20/16 16:07:00",
  "value" : "10"
},{
  "dateTime" : "05/20/16 16:59:00",
  "value" : "10"
},{
  "dateTime" : "05/20/16 17:00:00",
  "value" : "10"
},{
  "dateTime" : "05/20/16 17:33:00",
  "value" : "10"
},{
  "dateTime" : "05/20/16 23:25:00",
  "value" : "10"
},{
  "dateTime" : "05/21/16 08:54:00",
  "value" : "10"
},{
  "dateTime" : "05/21/16 08:55:00",
  "value" : "10"
},{
  "dateTime" : "05/21/16 09:33:00",
  "value" : "10"
},{
  "dateTime" : "05/21/16 10:18:00",
  "value" : "10"
},{
  "dateTime" : "05/21/16 10:21:00",
  "value" : "10"
},{
  "dateTime" : "05/21/16 13:04:00",
  "value" : "20"
},{
  "dateTime" : "05/21/16 14:41:00",
  "value" : "10"
},{
  "dateTime" : "05/21/16 17:38:00",
  "value" : "10"
},{
  "dateTime" : "05/21/16 19:25:00",
  "value" : "10"
},{
  "dateTime" : "05/21/16 20:55:00",
  "value" : "10"
},{
  "dateTime" : "05/21/16 21:00:00",
  "value" : "10"
},{
  "dateTime" : "05/21/16 21:01:00",
  "value" : "10"
},{
  "dateTime" : "05/22/16 08:42:00",
  "value" : "10"
},{
  "dateTime" : "05/22/16 09:08:00",
  "value" : "10"
},{
  "dateTime" : "05/22/16 09:09:00",
  "value" : "10"
},{
  "dateTime" : "05/22/16 10:00:00",
  "value" : "10"
},{
  "dateTime" : "05/22/16 10:23:00",
  "value" : "10"
},{
  "dateTime" : "05/22/16 10:24:00",
  "value" : "10"
},{
  "dateTime" : "05/22/16 10:42:00",
  "value" : "10"
},{
  "dateTime" : "05/22/16 11:15:00",
  "value" : "10"
},{
  "dateTime" : "05/22/16 11:16:00",
  "value" : "10"
},{
  "dateTime" : "05/22/16 12:34:00",
  "value" : "10"
},{
  "dateTime" : "05/22/16 13:31:00",
  "value" : "10"
},{
  "dateTime" : "05/22/16 14:09:00",
  "value" : "10"
},{
  "dateTime" : "05/22/16 14:10:00",
  "value" : "10"
},{
  "dateTime" : "05/22/16 15:24:00",
  "value" : "10"
},{
  "dateTime" : "05/22/16 16:32:00",
  "value" : "10"
},{
  "dateTime" : "05/22/16 16:33:00",
  "value" : "10"
},{
  "dateTime" : "05/22/16 19:40:00",
  "value" : "10"
},{
  "dateTime" : "05/22/16 20:08:00",
  "value" : "10"
},{
  "dateTime" : "05/22/16 20:09:00",
  "value" : "10"
},{
  "dateTime" : "05/23/16 08:05:00",
  "value" : "10"
},{
  "dateTime" : "05/23/16 08:13:00",
  "value" : "10"
},{
  "dateTime" : "05/23/16 14:18:00",
  "value" : "10"
},{
  "dateTime" : "05/23/16 20:40:00",
  "value" : "10"
},{
  "dateTime" : "05/24/16 06:50:00",
  "value" : "10"
},{
  "dateTime" : "05/24/16 06:51:00",
  "value" : "10"
},{
  "dateTime" : "05/24/16 07:52:00",
  "value" : "10"
},{
  "dateTime" : "05/24/16 07:53:00",
  "value" : "10"
},{
  "dateTime" : "05/24/16 09:04:00",
  "value" : "10"
},{
  "dateTime" : "05/24/16 10:50:00",
  "value" : "10"
},{
  "dateTime" : "05/24/16 12:01:00",
  "value" : "10"
},{
  "dateTime" : "05/24/16 13:37:00",
  "value" : "10"
},{
  "dateTime" : "05/24/16 15:49:00",
  "value" : "10"
},{
  "dateTime" : "05/24/16 15:50:00",
  "value" : "10"
},{
  "dateTime" : "05/24/16 15:51:00",
  "value" : "10"
},{
  "dateTime" : "05/24/16 15:52:00",
  "value" : "10"
},{
  "dateTime" : "05/24/16 15:53:00",
  "value" : "10"
},{
  "dateTime" : "05/24/16 15:54:00",
  "value" : "10"
},{
  "dateTime" : "05/24/16 15:55:00",
  "value" : "10"
},{
  "dateTime" : "05/24/16 15:56:00",
  "value" : "20"
},{
  "dateTime" : "05/24/16 15:57:00",
  "value" : "10"
},{
  "dateTime" : "05/24/16 19:23:00",
  "value" : "10"
},{
  "dateTime" : "05/24/16 23:40:00",
  "value" : "10"
},{
  "dateTime" : "05/25/16 07:29:00",
  "value" : "10"
},{
  "dateTime" : "05/25/16 07:30:00",
  "value" : "10"
},{
  "dateTime" : "05/25/16 07:31:00",
  "value" : "10"
},{
  "dateTime" : "05/25/16 08:34:00",
  "value" : "10"
},{
  "dateTime" : "05/25/16 10:51:00",
  "value" : "10"
},{
  "dateTime" : "05/25/16 10:52:00",
  "value" : "10"
},{
  "dateTime" : "05/25/16 11:51:00",
  "value" : "10"
},{
  "dateTime" : "05/25/16 13:34:00",
  "value" : "20"
},{
  "dateTime" : "05/25/16 15:33:00",
  "value" : "10"
},{
  "dateTime" : "05/25/16 15:34:00",
  "value" : "10"
},{
  "dateTime" : "05/25/16 15:35:00",
  "value" : "10"
},{
  "dateTime" : "05/25/16 16:46:00",
  "value" : "10"
},{
  "dateTime" : "05/25/16 17:17:00",
  "value" : "10"
},{
  "dateTime" : "05/25/16 17:18:00",
  "value" : "10"
},{
  "dateTime" : "05/25/16 18:05:00",
  "value" : "10"
},{
  "dateTime" : "05/25/16 19:20:00",
  "value" : "10"
},{
  "dateTime" : "05/25/16 19:21:00",
  "value" : "10"
},{
  "dateTime" : "05/25/16 19:22:00",
  "value" : "10"
},{
  "dateTime" : "05/25/16 19:45:00",
  "value" : "10"
},{
  "dateTime" : "05/25/16 19:46:00",
  "value" : "10"
},{
  "dateTime" : "05/25/16 20:30:00",
  "value" : "10"
},{
  "dateTime" : "05/25/16 20:59:00",
  "value" : "10"
},{
  "dateTime" : "05/25/16 21:16:00",
  "value" : "10"
},{
  "dateTime" : "05/25/16 21:17:00",
  "value" : "10"
},{
  "dateTime" : "05/25/16 22:23:00",
  "value" : "10"
},{
  "dateTime" : "05/25/16 22:59:00",
  "value" : "10"
},{
  "dateTime" : "05/26/16 08:03:00",
  "value" : "10"
},{
  "dateTime" : "05/26/16 08:49:00",
  "value" : "10"
},{
  "dateTime" : "05/26/16 09:40:00",
  "value" : "10"
},{
  "dateTime" : "05/26/16 15:43:00",
  "value" : "10"
},{
  "dateTime" : "05/26/16 17:10:00",
  "value" : "10"
},{
  "dateTime" : "05/26/16 17:11:00",
  "value" : "10"
},{
  "dateTime" : "05/26/16 20:06:00",
  "value" : "10"
},{
  "dateTime" : "05/27/16 10:14:00",
  "value" : "10"
},{
  "dateTime" : "05/27/16 12:04:00",
  "value" : "10"
},{
  "dateTime" : "05/27/16 15:47:00",
  "value" : "10"
},{
  "dateTime" : "05/27/16 16:31:00",
  "value" : "10"
},{
  "dateTime" : "05/27/16 17:15:00",
  "value" : "10"
},{
  "dateTime" : "05/27/16 17:16:00",
  "value" : "10"
},{
  "dateTime" : "05/27/16 17:46:00",
  "value" : "10"
},{
  "dateTime" : "05/27/16 22:29:00",
  "value" : "10"
},{
  "dateTime" : "05/27/16 23:08:00",
  "value" : "10"
},{
  "dateTime" : "05/28/16 05:50:00",
  "value" : "10"
},{
  "dateTime" : "05/28/16 16:29:00",
  "value" : "10"
},{
  "dateTime" : "05/28/16 16:30:00",
  "value" : "10"
},{
  "dateTime" : "05/28/16 16:51:00",
  "value" : "10"
},{
  "dateTime" : "05/28/16 16:53:00",
  "value" : "10"
},{
  "dateTime" : "05/28/16 17:26:00",
  "value" : "10"
},{
  "dateTime" : "05/28/16 18:17:00",
  "value" : "10"
},{
  "dateTime" : "05/28/16 18:38:00",
  "value" : "10"
},{
  "dateTime" : "05/28/16 18:39:00",
  "value" : "10"
},{
  "dateTime" : "05/28/16 23:17:00",
  "value" : "10"
},{
  "dateTime" : "05/29/16 05:47:00",
  "value" : "10"
},{
  "dateTime" : "05/29/16 09:07:00",
  "value" : "10"
},{
  "dateTime" : "05/29/16 10:21:00",
  "value" : "10"
},{
  "dateTime" : "05/29/16 10:22:00",
  "value" : "10"
},{
  "dateTime" : "05/29/16 10:23:00",
  "value" : "10"
},{
  "dateTime" : "05/29/16 10:24:00",
  "value" : "10"
},{
  "dateTime" : "05/29/16 10:25:00",
  "value" : "10"
},{
  "dateTime" : "05/29/16 10:26:00",
  "value" : "10"
},{
  "dateTime" : "05/29/16 10:27:00",
  "value" : "10"
},{
  "dateTime" : "05/29/16 13:12:00",
  "value" : "10"
},{
  "dateTime" : "05/29/16 16:31:00",
  "value" : "10"
},{
  "dateTime" : "05/29/16 19:07:00",
  "value" : "10"
},{
  "dateTime" : "05/29/16 21:36:00",
  "value" : "10"
},{
  "dateTime" : "05/29/16 21:42:00",
  "value" : "10"
},{
  "dateTime" : "05/29/16 21:43:00",
  "value" : "10"
},{
  "dateTime" : "05/29/16 22:16:00",
  "value" : "10"
},{
  "dateTime" : "05/30/16 02:11:00",
  "value" : "10"
},{
  "dateTime" : "05/30/16 12:14:00",
  "value" : "10"
},{
  "dateTime" : "05/30/16 14:22:00",
  "value" : "10"
},{
  "dateTime" : "05/30/16 22:07:00",
  "value" : "10"
},{
  "dateTime" : "05/30/16 22:51:00",
  "value" : "10"
},{
  "dateTime" : "05/31/16 00:10:00",
  "value" : "10"
},{
  "dateTime" : "05/31/16 08:03:00",
  "value" : "10"
},{
  "dateTime" : "05/31/16 08:28:00",
  "value" : "10"
},{
  "dateTime" : "05/31/16 10:09:00",
  "value" : "10"
},{
  "dateTime" : "05/31/16 11:20:00",
  "value" : "20"
},{
  "dateTime" : "05/31/16 11:47:00",
  "value" : "10"
},{
  "dateTime" : "05/31/16 12:13:00",
  "value" : "10"
},{
  "dateTime" : "05/31/16 12:56:00",
  "value" : "10"
},{
  "dateTime" : "05/31/16 17:16:00",
  "value" : "10"
},{
  "dateTime" : "05/31/16 20:04:00",
  "value" : "10"
},{
  "dateTime" : "05/31/16 21:31:00",
  "value" : "10"
},{
  "dateTime" : "06/01/16 07:10:00",
  "value" : "10"
},{
  "dateTime" : "06/01/16 08:30:00",
  "value" : "10"
},{
  "dateTime" : "06/01/16 08:52:00",
  "value" : "10"
},{
  "dateTime" : "06/01/16 09:26:00",
  "value" : "10"
},{
  "dateTime" : "06/01/16 09:27:00",
  "value" : "10"
},{
  "dateTime" : "06/01/16 13:35:00",
  "value" : "10"
},{
  "dateTime" : "06/01/16 13:36:00",
  "value" : "10"
},{
  "dateTime" : "06/01/16 15:34:00",
  "value" : "10"
},{
  "dateTime" : "06/01/16 15:35:00",
  "value" : "20"
},{
  "dateTime" : "06/01/16 15:36:00",
  "value" : "10"
},{
  "dateTime" : "06/01/16 15:37:00",
  "value" : "10"
},{
  "dateTime" : "06/01/16 15:52:00",
  "value" : "10"
},{
  "dateTime" : "06/01/16 16:15:00",
  "value" : "10"
},{
  "dateTime" : "06/01/16 17:53:00",
  "value" : "20"
},{
  "dateTime" : "06/01/16 20:14:00",
  "value" : "10"
},{
  "dateTime" : "06/01/16 20:15:00",
  "value" : "10"
},{
  "dateTime" : "06/01/16 20:16:00",
  "value" : "10"
},{
  "dateTime" : "06/01/16 21:42:00",
  "value" : "10"
},{
  "dateTime" : "06/01/16 22:31:00",
  "value" : "10"
},{
  "dateTime" : "06/01/16 23:41:00",
  "value" : "10"
},{
  "dateTime" : "06/02/16 06:58:00",
  "value" : "10"
},{
  "dateTime" : "06/02/16 09:06:00",
  "value" : "10"
},{
  "dateTime" : "06/02/16 10:20:00",
  "value" : "10"
},{
  "dateTime" : "06/02/16 10:21:00",
  "value" : "10"
},{
  "dateTime" : "06/02/16 16:06:00",
  "value" : "10"
},{
  "dateTime" : "06/02/16 17:01:00",
  "value" : "10"
},{
  "dateTime" : "06/02/16 17:52:00",
  "value" : "10"
},{
  "dateTime" : "06/02/16 18:08:00",
  "value" : "10"
},{
  "dateTime" : "06/02/16 21:11:00",
  "value" : "10"
},{
  "dateTime" : "06/02/16 21:12:00",
  "value" : "10"
},{
  "dateTime" : "06/02/16 22:54:00",
  "value" : "10"
}]