[{
  "dateTime" : "10/17/13 07:17:00",
  "value" : "10"
},{
  "dateTime" : "10/17/13 08:24:00",
  "value" : "10"
},{
  "dateTime" : "10/17/13 08:25:00",
  "value" : "10"
},{
  "dateTime" : "10/17/13 08:26:00",
  "value" : "10"
},{
  "dateTime" : "10/17/13 08:48:00",
  "value" : "10"
},{
  "dateTime" : "10/17/13 09:53:00",
  "value" : "10"
},{
  "dateTime" : "10/17/13 09:54:00",
  "value" : "10"
},{
  "dateTime" : "10/17/13 10:01:00",
  "value" : "40"
},{
  "dateTime" : "10/17/13 10:49:00",
  "value" : "10"
},{
  "dateTime" : "10/17/13 10:50:00",
  "value" : "10"
},{
  "dateTime" : "10/17/13 10:51:00",
  "value" : "10"
},{
  "dateTime" : "10/17/13 15:57:00",
  "value" : "10"
},{
  "dateTime" : "10/17/13 16:14:00",
  "value" : "10"
},{
  "dateTime" : "10/17/13 16:15:00",
  "value" : "10"
},{
  "dateTime" : "10/17/13 19:00:00",
  "value" : "20"
},{
  "dateTime" : "10/17/13 22:43:00",
  "value" : "10"
},{
  "dateTime" : "10/18/13 12:47:00",
  "value" : "10"
},{
  "dateTime" : "10/18/13 14:43:00",
  "value" : "10"
},{
  "dateTime" : "10/18/13 19:35:00",
  "value" : "10"
},{
  "dateTime" : "10/18/13 22:01:00",
  "value" : "10"
},{
  "dateTime" : "10/19/13 08:12:00",
  "value" : "10"
},{
  "dateTime" : "10/19/13 11:00:00",
  "value" : "10"
},{
  "dateTime" : "10/19/13 11:54:00",
  "value" : "10"
},{
  "dateTime" : "10/19/13 13:10:00",
  "value" : "20"
},{
  "dateTime" : "10/19/13 14:19:00",
  "value" : "10"
},{
  "dateTime" : "10/19/13 14:20:00",
  "value" : "10"
},{
  "dateTime" : "10/19/13 14:21:00",
  "value" : "10"
},{
  "dateTime" : "10/19/13 14:22:00",
  "value" : "10"
},{
  "dateTime" : "10/19/13 14:36:00",
  "value" : "10"
},{
  "dateTime" : "10/19/13 18:43:00",
  "value" : "10"
},{
  "dateTime" : "10/19/13 20:45:00",
  "value" : "10"
},{
  "dateTime" : "10/19/13 20:46:00",
  "value" : "10"
},{
  "dateTime" : "10/19/13 23:20:00",
  "value" : "10"
},{
  "dateTime" : "10/20/13 11:28:00",
  "value" : "10"
},{
  "dateTime" : "10/20/13 11:29:00",
  "value" : "10"
},{
  "dateTime" : "10/20/13 11:36:00",
  "value" : "10"
},{
  "dateTime" : "10/20/13 12:16:00",
  "value" : "10"
},{
  "dateTime" : "10/20/13 12:17:00",
  "value" : "10"
},{
  "dateTime" : "10/20/13 12:57:00",
  "value" : "10"
},{
  "dateTime" : "10/20/13 15:00:00",
  "value" : "10"
},{
  "dateTime" : "10/20/13 15:54:00",
  "value" : "10"
},{
  "dateTime" : "10/20/13 15:55:00",
  "value" : "10"
},{
  "dateTime" : "10/20/13 16:57:00",
  "value" : "10"
},{
  "dateTime" : "10/20/13 18:51:00",
  "value" : "10"
},{
  "dateTime" : "10/20/13 18:52:00",
  "value" : "10"
},{
  "dateTime" : "10/20/13 19:20:00",
  "value" : "10"
},{
  "dateTime" : "10/20/13 20:38:00",
  "value" : "10"
},{
  "dateTime" : "10/21/13 01:37:00",
  "value" : "10"
},{
  "dateTime" : "10/21/13 14:59:00",
  "value" : "10"
},{
  "dateTime" : "10/21/13 15:32:00",
  "value" : "10"
},{
  "dateTime" : "10/21/13 17:02:00",
  "value" : "10"
},{
  "dateTime" : "10/21/13 18:18:00",
  "value" : "10"
},{
  "dateTime" : "10/21/13 20:27:00",
  "value" : "10"
},{
  "dateTime" : "10/21/13 20:28:00",
  "value" : "10"
},{
  "dateTime" : "10/21/13 20:54:00",
  "value" : "10"
},{
  "dateTime" : "10/21/13 22:05:00",
  "value" : "10"
},{
  "dateTime" : "10/22/13 08:46:00",
  "value" : "10"
},{
  "dateTime" : "10/22/13 10:40:00",
  "value" : "10"
},{
  "dateTime" : "10/22/13 11:42:00",
  "value" : "10"
},{
  "dateTime" : "10/22/13 13:33:00",
  "value" : "10"
},{
  "dateTime" : "10/22/13 17:15:00",
  "value" : "10"
},{
  "dateTime" : "10/22/13 17:16:00",
  "value" : "10"
},{
  "dateTime" : "10/22/13 18:28:00",
  "value" : "10"
},{
  "dateTime" : "10/22/13 18:29:00",
  "value" : "10"
},{
  "dateTime" : "10/22/13 18:30:00",
  "value" : "10"
},{
  "dateTime" : "10/22/13 18:31:00",
  "value" : "10"
},{
  "dateTime" : "10/22/13 19:09:00",
  "value" : "10"
},{
  "dateTime" : "10/22/13 20:39:00",
  "value" : "10"
},{
  "dateTime" : "10/22/13 21:15:00",
  "value" : "10"
},{
  "dateTime" : "10/23/13 07:14:00",
  "value" : "10"
},{
  "dateTime" : "10/23/13 09:39:00",
  "value" : "10"
},{
  "dateTime" : "10/23/13 11:22:00",
  "value" : "10"
},{
  "dateTime" : "10/23/13 11:27:00",
  "value" : "10"
},{
  "dateTime" : "10/23/13 14:00:00",
  "value" : "10"
},{
  "dateTime" : "10/23/13 17:39:00",
  "value" : "10"
},{
  "dateTime" : "10/23/13 19:57:00",
  "value" : "10"
},{
  "dateTime" : "10/23/13 20:19:00",
  "value" : "10"
},{
  "dateTime" : "10/23/13 21:41:00",
  "value" : "10"
},{
  "dateTime" : "10/24/13 05:36:00",
  "value" : "10"
},{
  "dateTime" : "10/24/13 08:29:00",
  "value" : "10"
},{
  "dateTime" : "10/24/13 09:01:00",
  "value" : "10"
},{
  "dateTime" : "10/24/13 16:52:00",
  "value" : "10"
},{
  "dateTime" : "10/24/13 18:45:00",
  "value" : "10"
},{
  "dateTime" : "10/24/13 18:53:00",
  "value" : "10"
},{
  "dateTime" : "10/24/13 19:29:00",
  "value" : "10"
},{
  "dateTime" : "10/24/13 19:30:00",
  "value" : "10"
},{
  "dateTime" : "10/24/13 19:51:00",
  "value" : "10"
},{
  "dateTime" : "10/24/13 19:52:00",
  "value" : "10"
},{
  "dateTime" : "10/24/13 20:34:00",
  "value" : "10"
},{
  "dateTime" : "10/24/13 23:06:00",
  "value" : "10"
},{
  "dateTime" : "10/25/13 01:41:00",
  "value" : "10"
},{
  "dateTime" : "10/25/13 07:56:00",
  "value" : "10"
},{
  "dateTime" : "10/25/13 09:02:00",
  "value" : "10"
},{
  "dateTime" : "10/25/13 11:49:00",
  "value" : "10"
},{
  "dateTime" : "10/25/13 15:14:00",
  "value" : "10"
},{
  "dateTime" : "10/25/13 15:15:00",
  "value" : "10"
},{
  "dateTime" : "10/25/13 19:48:00",
  "value" : "10"
},{
  "dateTime" : "10/25/13 19:49:00",
  "value" : "10"
},{
  "dateTime" : "10/25/13 20:00:00",
  "value" : "10"
},{
  "dateTime" : "10/25/13 20:48:00",
  "value" : "10"
},{
  "dateTime" : "10/26/13 08:25:00",
  "value" : "10"
},{
  "dateTime" : "10/26/13 08:26:00",
  "value" : "10"
},{
  "dateTime" : "10/26/13 08:27:00",
  "value" : "10"
},{
  "dateTime" : "10/26/13 08:57:00",
  "value" : "10"
},{
  "dateTime" : "10/26/13 10:10:00",
  "value" : "10"
},{
  "dateTime" : "10/26/13 10:33:00",
  "value" : "10"
},{
  "dateTime" : "10/26/13 11:19:00",
  "value" : "10"
},{
  "dateTime" : "10/26/13 12:59:00",
  "value" : "10"
},{
  "dateTime" : "10/26/13 14:02:00",
  "value" : "10"
},{
  "dateTime" : "10/26/13 14:28:00",
  "value" : "20"
},{
  "dateTime" : "10/26/13 14:29:00",
  "value" : "10"
},{
  "dateTime" : "10/26/13 15:23:00",
  "value" : "10"
},{
  "dateTime" : "10/26/13 15:50:00",
  "value" : "10"
},{
  "dateTime" : "10/26/13 17:56:00",
  "value" : "10"
},{
  "dateTime" : "10/26/13 17:57:00",
  "value" : "10"
},{
  "dateTime" : "10/26/13 20:40:00",
  "value" : "10"
},{
  "dateTime" : "10/26/13 21:32:00",
  "value" : "10"
},{
  "dateTime" : "10/26/13 21:52:00",
  "value" : "10"
},{
  "dateTime" : "10/27/13 00:04:00",
  "value" : "10"
},{
  "dateTime" : "10/27/13 11:54:00",
  "value" : "10"
},{
  "dateTime" : "10/27/13 11:55:00",
  "value" : "10"
},{
  "dateTime" : "10/27/13 12:16:00",
  "value" : "10"
},{
  "dateTime" : "10/27/13 12:32:00",
  "value" : "10"
},{
  "dateTime" : "10/27/13 12:50:00",
  "value" : "10"
},{
  "dateTime" : "10/27/13 12:51:00",
  "value" : "10"
},{
  "dateTime" : "10/27/13 12:52:00",
  "value" : "10"
},{
  "dateTime" : "10/27/13 13:17:00",
  "value" : "10"
},{
  "dateTime" : "10/27/13 13:59:00",
  "value" : "10"
},{
  "dateTime" : "10/27/13 14:00:00",
  "value" : "10"
},{
  "dateTime" : "10/27/13 14:01:00",
  "value" : "10"
},{
  "dateTime" : "10/27/13 14:27:00",
  "value" : "10"
},{
  "dateTime" : "10/27/13 14:28:00",
  "value" : "10"
},{
  "dateTime" : "10/27/13 14:45:00",
  "value" : "10"
},{
  "dateTime" : "10/27/13 14:46:00",
  "value" : "10"
},{
  "dateTime" : "10/27/13 14:47:00",
  "value" : "10"
},{
  "dateTime" : "10/27/13 15:04:00",
  "value" : "10"
},{
  "dateTime" : "10/27/13 15:05:00",
  "value" : "10"
},{
  "dateTime" : "10/27/13 16:15:00",
  "value" : "10"
},{
  "dateTime" : "10/27/13 17:39:00",
  "value" : "10"
},{
  "dateTime" : "10/27/13 17:55:00",
  "value" : "10"
},{
  "dateTime" : "10/27/13 17:56:00",
  "value" : "10"
},{
  "dateTime" : "10/27/13 18:32:00",
  "value" : "20"
},{
  "dateTime" : "10/27/13 19:12:00",
  "value" : "10"
},{
  "dateTime" : "10/27/13 19:20:00",
  "value" : "10"
},{
  "dateTime" : "10/27/13 19:21:00",
  "value" : "10"
},{
  "dateTime" : "10/27/13 19:47:00",
  "value" : "10"
},{
  "dateTime" : "10/27/13 20:32:00",
  "value" : "10"
},{
  "dateTime" : "10/27/13 20:33:00",
  "value" : "10"
},{
  "dateTime" : "10/27/13 22:09:00",
  "value" : "10"
},{
  "dateTime" : "10/27/13 23:36:00",
  "value" : "10"
},{
  "dateTime" : "10/28/13 07:24:00",
  "value" : "10"
},{
  "dateTime" : "10/28/13 08:27:00",
  "value" : "10"
},{
  "dateTime" : "10/28/13 08:28:00",
  "value" : "10"
},{
  "dateTime" : "10/28/13 09:00:00",
  "value" : "10"
},{
  "dateTime" : "10/28/13 12:07:00",
  "value" : "10"
},{
  "dateTime" : "10/28/13 12:57:00",
  "value" : "10"
},{
  "dateTime" : "10/28/13 17:12:00",
  "value" : "10"
},{
  "dateTime" : "10/28/13 17:35:00",
  "value" : "10"
},{
  "dateTime" : "10/28/13 20:36:00",
  "value" : "10"
},{
  "dateTime" : "10/29/13 02:27:00",
  "value" : "10"
},{
  "dateTime" : "10/29/13 06:16:00",
  "value" : "10"
},{
  "dateTime" : "10/29/13 08:28:00",
  "value" : "10"
},{
  "dateTime" : "10/29/13 11:34:00",
  "value" : "10"
},{
  "dateTime" : "10/29/13 11:35:00",
  "value" : "10"
},{
  "dateTime" : "10/29/13 11:36:00",
  "value" : "10"
},{
  "dateTime" : "10/29/13 13:33:00",
  "value" : "10"
},{
  "dateTime" : "10/29/13 14:00:00",
  "value" : "10"
},{
  "dateTime" : "10/29/13 14:43:00",
  "value" : "10"
},{
  "dateTime" : "10/29/13 20:20:00",
  "value" : "10"
},{
  "dateTime" : "10/29/13 20:55:00",
  "value" : "10"
},{
  "dateTime" : "10/29/13 20:56:00",
  "value" : "10"
},{
  "dateTime" : "10/29/13 23:43:00",
  "value" : "10"
},{
  "dateTime" : "10/30/13 00:20:00",
  "value" : "10"
},{
  "dateTime" : "10/30/13 00:56:00",
  "value" : "10"
},{
  "dateTime" : "10/30/13 08:49:00",
  "value" : "10"
},{
  "dateTime" : "10/30/13 08:50:00",
  "value" : "10"
},{
  "dateTime" : "10/30/13 08:51:00",
  "value" : "10"
},{
  "dateTime" : "10/30/13 08:52:00",
  "value" : "10"
},{
  "dateTime" : "10/30/13 08:53:00",
  "value" : "10"
},{
  "dateTime" : "10/30/13 08:54:00",
  "value" : "10"
},{
  "dateTime" : "10/30/13 09:23:00",
  "value" : "10"
},{
  "dateTime" : "10/30/13 11:35:00",
  "value" : "10"
},{
  "dateTime" : "10/30/13 13:56:00",
  "value" : "10"
},{
  "dateTime" : "10/30/13 15:15:00",
  "value" : "10"
},{
  "dateTime" : "10/30/13 18:04:00",
  "value" : "10"
},{
  "dateTime" : "10/30/13 18:05:00",
  "value" : "10"
},{
  "dateTime" : "10/30/13 19:56:00",
  "value" : "10"
},{
  "dateTime" : "10/31/13 08:14:00",
  "value" : "10"
},{
  "dateTime" : "10/31/13 08:15:00",
  "value" : "10"
},{
  "dateTime" : "10/31/13 08:41:00",
  "value" : "10"
},{
  "dateTime" : "10/31/13 08:42:00",
  "value" : "10"
},{
  "dateTime" : "10/31/13 09:01:00",
  "value" : "10"
},{
  "dateTime" : "10/31/13 09:42:00",
  "value" : "10"
},{
  "dateTime" : "10/31/13 15:24:00",
  "value" : "10"
},{
  "dateTime" : "10/31/13 17:37:00",
  "value" : "10"
},{
  "dateTime" : "10/31/13 19:36:00",
  "value" : "10"
},{
  "dateTime" : "11/01/13 00:57:00",
  "value" : "10"
},{
  "dateTime" : "11/01/13 13:47:00",
  "value" : "10"
},{
  "dateTime" : "11/01/13 15:55:00",
  "value" : "10"
},{
  "dateTime" : "11/01/13 17:24:00",
  "value" : "10"
},{
  "dateTime" : "11/01/13 17:40:00",
  "value" : "10"
},{
  "dateTime" : "11/01/13 18:13:00",
  "value" : "10"
},{
  "dateTime" : "11/01/13 19:25:00",
  "value" : "10"
},{
  "dateTime" : "11/01/13 19:26:00",
  "value" : "10"
},{
  "dateTime" : "11/01/13 19:27:00",
  "value" : "10"
},{
  "dateTime" : "11/01/13 20:09:00",
  "value" : "10"
},{
  "dateTime" : "11/01/13 23:01:00",
  "value" : "10"
},{
  "dateTime" : "11/02/13 00:09:00",
  "value" : "10"
},{
  "dateTime" : "11/02/13 02:04:00",
  "value" : "10"
},{
  "dateTime" : "11/02/13 11:04:00",
  "value" : "10"
},{
  "dateTime" : "11/02/13 12:49:00",
  "value" : "10"
},{
  "dateTime" : "11/02/13 15:57:00",
  "value" : "10"
},{
  "dateTime" : "11/02/13 16:23:00",
  "value" : "10"
},{
  "dateTime" : "11/02/13 16:24:00",
  "value" : "10"
},{
  "dateTime" : "11/02/13 20:35:00",
  "value" : "10"
},{
  "dateTime" : "11/02/13 20:36:00",
  "value" : "10"
},{
  "dateTime" : "11/02/13 20:59:00",
  "value" : "10"
},{
  "dateTime" : "11/03/13 12:22:00",
  "value" : "10"
},{
  "dateTime" : "11/03/13 12:23:00",
  "value" : "10"
},{
  "dateTime" : "11/03/13 14:02:00",
  "value" : "10"
},{
  "dateTime" : "11/03/13 21:54:00",
  "value" : "10"
},{
  "dateTime" : "11/03/13 23:28:00",
  "value" : "10"
},{
  "dateTime" : "11/04/13 08:10:00",
  "value" : "10"
},{
  "dateTime" : "11/04/13 09:44:00",
  "value" : "10"
},{
  "dateTime" : "11/04/13 17:07:00",
  "value" : "10"
},{
  "dateTime" : "11/04/13 18:35:00",
  "value" : "10"
},{
  "dateTime" : "11/04/13 19:15:00",
  "value" : "10"
},{
  "dateTime" : "11/04/13 19:16:00",
  "value" : "10"
},{
  "dateTime" : "11/04/13 21:03:00",
  "value" : "10"
},{
  "dateTime" : "11/04/13 22:37:00",
  "value" : "10"
},{
  "dateTime" : "11/05/13 08:42:00",
  "value" : "10"
},{
  "dateTime" : "11/05/13 09:30:00",
  "value" : "10"
},{
  "dateTime" : "11/05/13 09:49:00",
  "value" : "10"
},{
  "dateTime" : "11/05/13 10:19:00",
  "value" : "10"
},{
  "dateTime" : "11/05/13 11:58:00",
  "value" : "10"
},{
  "dateTime" : "11/05/13 12:15:00",
  "value" : "10"
},{
  "dateTime" : "11/05/13 18:16:00",
  "value" : "10"
},{
  "dateTime" : "11/05/13 18:17:00",
  "value" : "10"
},{
  "dateTime" : "11/05/13 19:10:00",
  "value" : "10"
},{
  "dateTime" : "11/05/13 20:25:00",
  "value" : "10"
},{
  "dateTime" : "11/05/13 21:15:00",
  "value" : "10"
},{
  "dateTime" : "11/05/13 21:38:00",
  "value" : "10"
},{
  "dateTime" : "11/05/13 22:40:00",
  "value" : "10"
},{
  "dateTime" : "11/06/13 01:03:00",
  "value" : "10"
},{
  "dateTime" : "11/06/13 08:26:00",
  "value" : "10"
},{
  "dateTime" : "11/06/13 09:18:00",
  "value" : "10"
},{
  "dateTime" : "11/06/13 16:29:00",
  "value" : "10"
},{
  "dateTime" : "11/06/13 16:30:00",
  "value" : "10"
},{
  "dateTime" : "11/06/13 16:45:00",
  "value" : "10"
},{
  "dateTime" : "11/06/13 18:25:00",
  "value" : "10"
},{
  "dateTime" : "11/06/13 19:29:00",
  "value" : "10"
},{
  "dateTime" : "11/06/13 21:41:00",
  "value" : "10"
},{
  "dateTime" : "11/06/13 22:23:00",
  "value" : "10"
},{
  "dateTime" : "11/07/13 15:46:00",
  "value" : "10"
},{
  "dateTime" : "11/07/13 15:47:00",
  "value" : "10"
},{
  "dateTime" : "11/07/13 15:48:00",
  "value" : "10"
},{
  "dateTime" : "11/07/13 18:19:00",
  "value" : "10"
},{
  "dateTime" : "11/07/13 20:18:00",
  "value" : "10"
},{
  "dateTime" : "11/07/13 21:29:00",
  "value" : "20"
},{
  "dateTime" : "11/07/13 21:30:00",
  "value" : "10"
},{
  "dateTime" : "11/07/13 21:40:00",
  "value" : "10"
},{
  "dateTime" : "11/07/13 22:43:00",
  "value" : "10"
},{
  "dateTime" : "11/07/13 22:44:00",
  "value" : "10"
},{
  "dateTime" : "11/07/13 22:45:00",
  "value" : "10"
},{
  "dateTime" : "11/07/13 22:46:00",
  "value" : "10"
},{
  "dateTime" : "11/07/13 23:48:00",
  "value" : "10"
},{
  "dateTime" : "11/07/13 23:49:00",
  "value" : "10"
},{
  "dateTime" : "11/08/13 05:17:00",
  "value" : "10"
},{
  "dateTime" : "11/08/13 05:18:00",
  "value" : "10"
},{
  "dateTime" : "11/08/13 05:19:00",
  "value" : "10"
},{
  "dateTime" : "11/08/13 11:22:00",
  "value" : "10"
},{
  "dateTime" : "11/08/13 12:15:00",
  "value" : "10"
},{
  "dateTime" : "11/08/13 15:44:00",
  "value" : "10"
},{
  "dateTime" : "11/09/13 12:33:00",
  "value" : "10"
},{
  "dateTime" : "11/09/13 12:34:00",
  "value" : "10"
},{
  "dateTime" : "11/09/13 16:10:00",
  "value" : "10"
},{
  "dateTime" : "11/09/13 16:11:00",
  "value" : "20"
},{
  "dateTime" : "11/09/13 18:00:00",
  "value" : "10"
},{
  "dateTime" : "11/10/13 10:11:00",
  "value" : "10"
},{
  "dateTime" : "11/10/13 10:30:00",
  "value" : "10"
},{
  "dateTime" : "11/10/13 13:00:00",
  "value" : "10"
},{
  "dateTime" : "11/10/13 14:23:00",
  "value" : "10"
},{
  "dateTime" : "11/10/13 14:24:00",
  "value" : "10"
},{
  "dateTime" : "11/10/13 16:28:00",
  "value" : "10"
},{
  "dateTime" : "11/10/13 19:14:00",
  "value" : "10"
},{
  "dateTime" : "11/10/13 21:17:00",
  "value" : "10"
},{
  "dateTime" : "11/10/13 23:05:00",
  "value" : "10"
},{
  "dateTime" : "11/11/13 08:24:00",
  "value" : "10"
},{
  "dateTime" : "11/11/13 12:01:00",
  "value" : "10"
},{
  "dateTime" : "11/11/13 12:02:00",
  "value" : "10"
},{
  "dateTime" : "11/11/13 14:03:00",
  "value" : "10"
},{
  "dateTime" : "11/11/13 22:55:00",
  "value" : "10"
},{
  "dateTime" : "11/11/13 22:56:00",
  "value" : "10"
}]