[{
  "dateTime" : "09/07/15 08:20:00",
  "value" : "10"
},{
  "dateTime" : "09/07/15 08:42:00",
  "value" : "10"
},{
  "dateTime" : "09/07/15 08:43:00",
  "value" : "10"
},{
  "dateTime" : "09/07/15 11:42:00",
  "value" : "10"
},{
  "dateTime" : "09/07/15 12:19:00",
  "value" : "10"
},{
  "dateTime" : "09/07/15 17:39:00",
  "value" : "10"
},{
  "dateTime" : "09/07/15 20:33:00",
  "value" : "10"
},{
  "dateTime" : "09/07/15 20:34:00",
  "value" : "10"
},{
  "dateTime" : "09/08/15 08:19:00",
  "value" : "10"
},{
  "dateTime" : "09/08/15 08:20:00",
  "value" : "10"
},{
  "dateTime" : "09/08/15 08:35:00",
  "value" : "10"
},{
  "dateTime" : "09/08/15 09:11:00",
  "value" : "10"
},{
  "dateTime" : "09/08/15 10:40:00",
  "value" : "10"
},{
  "dateTime" : "09/08/15 10:41:00",
  "value" : "10"
},{
  "dateTime" : "09/08/15 11:06:00",
  "value" : "10"
},{
  "dateTime" : "09/08/15 12:04:00",
  "value" : "10"
},{
  "dateTime" : "09/08/15 12:05:00",
  "value" : "10"
},{
  "dateTime" : "09/09/15 00:07:00",
  "value" : "10"
},{
  "dateTime" : "09/09/15 00:08:00",
  "value" : "10"
},{
  "dateTime" : "09/09/15 00:09:00",
  "value" : "10"
},{
  "dateTime" : "09/09/15 08:53:00",
  "value" : "10"
},{
  "dateTime" : "09/09/15 09:21:00",
  "value" : "10"
},{
  "dateTime" : "09/09/15 11:31:00",
  "value" : "10"
},{
  "dateTime" : "09/09/15 12:38:00",
  "value" : "10"
},{
  "dateTime" : "09/09/15 15:16:00",
  "value" : "10"
},{
  "dateTime" : "09/09/15 15:29:00",
  "value" : "10"
},{
  "dateTime" : "09/09/15 15:59:00",
  "value" : "10"
},{
  "dateTime" : "09/09/15 19:29:00",
  "value" : "10"
},{
  "dateTime" : "09/10/15 05:11:00",
  "value" : "10"
},{
  "dateTime" : "09/10/15 08:33:00",
  "value" : "10"
},{
  "dateTime" : "09/10/15 08:34:00",
  "value" : "10"
},{
  "dateTime" : "09/10/15 08:50:00",
  "value" : "10"
},{
  "dateTime" : "09/10/15 11:09:00",
  "value" : "10"
},{
  "dateTime" : "09/10/15 11:19:00",
  "value" : "10"
},{
  "dateTime" : "09/10/15 16:10:00",
  "value" : "10"
},{
  "dateTime" : "09/10/15 17:06:00",
  "value" : "10"
},{
  "dateTime" : "09/10/15 17:26:00",
  "value" : "10"
},{
  "dateTime" : "09/10/15 18:11:00",
  "value" : "10"
},{
  "dateTime" : "09/10/15 21:07:00",
  "value" : "10"
},{
  "dateTime" : "09/11/15 00:52:00",
  "value" : "10"
},{
  "dateTime" : "09/11/15 08:32:00",
  "value" : "10"
},{
  "dateTime" : "09/11/15 09:09:00",
  "value" : "10"
},{
  "dateTime" : "09/11/15 11:11:00",
  "value" : "10"
},{
  "dateTime" : "09/11/15 11:33:00",
  "value" : "10"
},{
  "dateTime" : "09/11/15 11:34:00",
  "value" : "10"
},{
  "dateTime" : "09/11/15 11:53:00",
  "value" : "10"
},{
  "dateTime" : "09/11/15 13:52:00",
  "value" : "10"
},{
  "dateTime" : "09/11/15 18:40:00",
  "value" : "10"
},{
  "dateTime" : "09/11/15 21:15:00",
  "value" : "10"
},{
  "dateTime" : "09/12/15 10:13:00",
  "value" : "10"
},{
  "dateTime" : "09/12/15 10:58:00",
  "value" : "10"
},{
  "dateTime" : "09/12/15 11:12:00",
  "value" : "10"
},{
  "dateTime" : "09/12/15 11:13:00",
  "value" : "20"
},{
  "dateTime" : "09/12/15 13:41:00",
  "value" : "10"
},{
  "dateTime" : "09/12/15 14:29:00",
  "value" : "20"
},{
  "dateTime" : "09/12/15 14:37:00",
  "value" : "10"
},{
  "dateTime" : "09/12/15 14:38:00",
  "value" : "10"
},{
  "dateTime" : "09/12/15 14:39:00",
  "value" : "10"
},{
  "dateTime" : "09/12/15 15:36:00",
  "value" : "10"
},{
  "dateTime" : "09/12/15 17:07:00",
  "value" : "10"
},{
  "dateTime" : "09/12/15 18:38:00",
  "value" : "10"
},{
  "dateTime" : "09/12/15 19:07:00",
  "value" : "10"
},{
  "dateTime" : "09/12/15 23:24:00",
  "value" : "10"
},{
  "dateTime" : "09/12/15 23:44:00",
  "value" : "10"
},{
  "dateTime" : "09/13/15 08:18:00",
  "value" : "10"
},{
  "dateTime" : "09/13/15 08:59:00",
  "value" : "10"
},{
  "dateTime" : "09/13/15 09:00:00",
  "value" : "10"
},{
  "dateTime" : "09/13/15 09:42:00",
  "value" : "10"
},{
  "dateTime" : "09/13/15 13:06:00",
  "value" : "10"
},{
  "dateTime" : "09/13/15 16:53:00",
  "value" : "10"
},{
  "dateTime" : "09/13/15 17:15:00",
  "value" : "10"
},{
  "dateTime" : "09/13/15 17:48:00",
  "value" : "10"
},{
  "dateTime" : "09/13/15 17:49:00",
  "value" : "10"
},{
  "dateTime" : "09/13/15 19:18:00",
  "value" : "10"
},{
  "dateTime" : "09/13/15 19:19:00",
  "value" : "10"
},{
  "dateTime" : "09/13/15 19:20:00",
  "value" : "10"
},{
  "dateTime" : "09/13/15 20:27:00",
  "value" : "10"
},{
  "dateTime" : "09/13/15 20:28:00",
  "value" : "10"
},{
  "dateTime" : "09/13/15 20:54:00",
  "value" : "10"
},{
  "dateTime" : "09/13/15 20:55:00",
  "value" : "10"
},{
  "dateTime" : "09/13/15 20:56:00",
  "value" : "10"
},{
  "dateTime" : "09/13/15 21:21:00",
  "value" : "10"
},{
  "dateTime" : "09/13/15 22:07:00",
  "value" : "10"
},{
  "dateTime" : "09/13/15 22:36:00",
  "value" : "10"
},{
  "dateTime" : "09/14/15 07:07:00",
  "value" : "10"
},{
  "dateTime" : "09/14/15 07:36:00",
  "value" : "10"
},{
  "dateTime" : "09/14/15 08:21:00",
  "value" : "10"
},{
  "dateTime" : "09/14/15 10:28:00",
  "value" : "10"
},{
  "dateTime" : "09/14/15 10:41:00",
  "value" : "10"
},{
  "dateTime" : "09/14/15 10:49:00",
  "value" : "10"
},{
  "dateTime" : "09/14/15 12:40:00",
  "value" : "20"
},{
  "dateTime" : "09/14/15 14:04:00",
  "value" : "10"
},{
  "dateTime" : "09/14/15 14:51:00",
  "value" : "10"
},{
  "dateTime" : "09/14/15 16:34:00",
  "value" : "10"
},{
  "dateTime" : "09/14/15 16:50:00",
  "value" : "10"
},{
  "dateTime" : "09/14/15 17:00:00",
  "value" : "10"
},{
  "dateTime" : "09/14/15 20:34:00",
  "value" : "10"
},{
  "dateTime" : "09/14/15 20:38:00",
  "value" : "10"
},{
  "dateTime" : "09/14/15 21:56:00",
  "value" : "10"
},{
  "dateTime" : "09/14/15 22:08:00",
  "value" : "10"
},{
  "dateTime" : "09/15/15 08:37:00",
  "value" : "10"
},{
  "dateTime" : "09/15/15 13:39:00",
  "value" : "10"
},{
  "dateTime" : "09/15/15 18:52:00",
  "value" : "10"
},{
  "dateTime" : "09/15/15 21:41:00",
  "value" : "10"
},{
  "dateTime" : "09/15/15 23:18:00",
  "value" : "10"
},{
  "dateTime" : "09/16/15 07:52:00",
  "value" : "10"
},{
  "dateTime" : "09/16/15 08:42:00",
  "value" : "10"
},{
  "dateTime" : "09/16/15 09:15:00",
  "value" : "10"
},{
  "dateTime" : "09/16/15 10:00:00",
  "value" : "10"
},{
  "dateTime" : "09/16/15 10:01:00",
  "value" : "10"
},{
  "dateTime" : "09/16/15 10:02:00",
  "value" : "10"
},{
  "dateTime" : "09/16/15 10:03:00",
  "value" : "10"
},{
  "dateTime" : "09/16/15 11:05:00",
  "value" : "10"
},{
  "dateTime" : "09/16/15 11:12:00",
  "value" : "10"
},{
  "dateTime" : "09/16/15 12:11:00",
  "value" : "10"
},{
  "dateTime" : "09/16/15 16:16:00",
  "value" : "10"
},{
  "dateTime" : "09/16/15 17:02:00",
  "value" : "10"
},{
  "dateTime" : "09/16/15 23:00:00",
  "value" : "10"
},{
  "dateTime" : "09/17/15 13:00:00",
  "value" : "10"
},{
  "dateTime" : "09/17/15 13:37:00",
  "value" : "10"
},{
  "dateTime" : "09/17/15 16:55:00",
  "value" : "10"
},{
  "dateTime" : "09/17/15 18:00:00",
  "value" : "10"
},{
  "dateTime" : "09/17/15 20:23:00",
  "value" : "10"
},{
  "dateTime" : "09/18/15 08:56:00",
  "value" : "10"
},{
  "dateTime" : "09/18/15 10:56:00",
  "value" : "10"
},{
  "dateTime" : "09/18/15 11:17:00",
  "value" : "10"
},{
  "dateTime" : "09/18/15 12:31:00",
  "value" : "10"
},{
  "dateTime" : "09/18/15 12:35:00",
  "value" : "10"
},{
  "dateTime" : "09/18/15 15:51:00",
  "value" : "10"
},{
  "dateTime" : "09/18/15 15:52:00",
  "value" : "10"
},{
  "dateTime" : "09/18/15 21:03:00",
  "value" : "10"
},{
  "dateTime" : "09/19/15 12:18:00",
  "value" : "10"
},{
  "dateTime" : "09/19/15 12:34:00",
  "value" : "10"
},{
  "dateTime" : "09/19/15 12:54:00",
  "value" : "10"
},{
  "dateTime" : "09/19/15 15:53:00",
  "value" : "10"
},{
  "dateTime" : "09/19/15 17:46:00",
  "value" : "10"
},{
  "dateTime" : "09/19/15 17:47:00",
  "value" : "10"
},{
  "dateTime" : "09/19/15 17:48:00",
  "value" : "10"
},{
  "dateTime" : "09/19/15 18:06:00",
  "value" : "10"
},{
  "dateTime" : "09/19/15 20:40:00",
  "value" : "10"
},{
  "dateTime" : "09/19/15 22:00:00",
  "value" : "10"
},{
  "dateTime" : "09/19/15 22:01:00",
  "value" : "10"
},{
  "dateTime" : "09/20/15 09:58:00",
  "value" : "10"
},{
  "dateTime" : "09/20/15 11:44:00",
  "value" : "10"
},{
  "dateTime" : "09/20/15 11:45:00",
  "value" : "10"
},{
  "dateTime" : "09/20/15 12:14:00",
  "value" : "10"
},{
  "dateTime" : "09/20/15 12:35:00",
  "value" : "10"
},{
  "dateTime" : "09/20/15 13:35:00",
  "value" : "20"
},{
  "dateTime" : "09/20/15 14:30:00",
  "value" : "10"
},{
  "dateTime" : "09/20/15 15:29:00",
  "value" : "10"
},{
  "dateTime" : "09/20/15 15:40:00",
  "value" : "10"
},{
  "dateTime" : "09/20/15 15:41:00",
  "value" : "10"
},{
  "dateTime" : "09/20/15 19:59:00",
  "value" : "10"
},{
  "dateTime" : "09/20/15 20:13:00",
  "value" : "10"
},{
  "dateTime" : "09/20/15 20:35:00",
  "value" : "10"
},{
  "dateTime" : "09/21/15 07:58:00",
  "value" : "10"
},{
  "dateTime" : "09/21/15 09:17:00",
  "value" : "10"
},{
  "dateTime" : "09/21/15 10:29:00",
  "value" : "10"
},{
  "dateTime" : "09/21/15 11:39:00",
  "value" : "10"
},{
  "dateTime" : "09/21/15 11:40:00",
  "value" : "10"
},{
  "dateTime" : "09/21/15 11:41:00",
  "value" : "10"
},{
  "dateTime" : "09/21/15 12:10:00",
  "value" : "10"
},{
  "dateTime" : "09/21/15 12:11:00",
  "value" : "10"
},{
  "dateTime" : "09/21/15 12:22:00",
  "value" : "10"
},{
  "dateTime" : "09/21/15 15:25:00",
  "value" : "10"
},{
  "dateTime" : "09/21/15 20:00:00",
  "value" : "10"
},{
  "dateTime" : "09/21/15 20:37:00",
  "value" : "10"
},{
  "dateTime" : "09/21/15 21:05:00",
  "value" : "10"
},{
  "dateTime" : "09/22/15 07:42:00",
  "value" : "10"
},{
  "dateTime" : "09/22/15 08:05:00",
  "value" : "10"
},{
  "dateTime" : "09/22/15 08:06:00",
  "value" : "10"
},{
  "dateTime" : "09/22/15 08:51:00",
  "value" : "10"
},{
  "dateTime" : "09/22/15 13:10:00",
  "value" : "10"
},{
  "dateTime" : "09/22/15 13:26:00",
  "value" : "10"
},{
  "dateTime" : "09/22/15 15:28:00",
  "value" : "10"
},{
  "dateTime" : "09/22/15 16:21:00",
  "value" : "10"
},{
  "dateTime" : "09/22/15 17:03:00",
  "value" : "10"
},{
  "dateTime" : "09/22/15 19:15:00",
  "value" : "10"
},{
  "dateTime" : "09/22/15 20:51:00",
  "value" : "10"
},{
  "dateTime" : "09/22/15 21:28:00",
  "value" : "10"
},{
  "dateTime" : "09/22/15 23:41:00",
  "value" : "10"
},{
  "dateTime" : "09/23/15 09:36:00",
  "value" : "10"
},{
  "dateTime" : "09/23/15 09:37:00",
  "value" : "10"
},{
  "dateTime" : "09/23/15 12:25:00",
  "value" : "10"
},{
  "dateTime" : "09/23/15 12:26:00",
  "value" : "10"
},{
  "dateTime" : "09/23/15 13:15:00",
  "value" : "10"
},{
  "dateTime" : "09/23/15 20:05:00",
  "value" : "10"
},{
  "dateTime" : "09/23/15 20:34:00",
  "value" : "10"
},{
  "dateTime" : "09/23/15 22:23:00",
  "value" : "10"
},{
  "dateTime" : "09/24/15 00:26:00",
  "value" : "10"
},{
  "dateTime" : "09/24/15 08:06:00",
  "value" : "10"
},{
  "dateTime" : "09/24/15 08:07:00",
  "value" : "10"
},{
  "dateTime" : "09/24/15 08:22:00",
  "value" : "10"
},{
  "dateTime" : "09/24/15 08:23:00",
  "value" : "10"
},{
  "dateTime" : "09/24/15 08:48:00",
  "value" : "10"
},{
  "dateTime" : "09/24/15 09:53:00",
  "value" : "10"
},{
  "dateTime" : "09/24/15 13:38:00",
  "value" : "10"
},{
  "dateTime" : "09/24/15 14:05:00",
  "value" : "10"
},{
  "dateTime" : "09/24/15 14:39:00",
  "value" : "10"
},{
  "dateTime" : "09/24/15 16:52:00",
  "value" : "10"
},{
  "dateTime" : "09/24/15 17:26:00",
  "value" : "10"
},{
  "dateTime" : "09/24/15 19:00:00",
  "value" : "10"
},{
  "dateTime" : "09/24/15 21:19:00",
  "value" : "10"
},{
  "dateTime" : "09/25/15 07:59:00",
  "value" : "10"
},{
  "dateTime" : "09/25/15 08:11:00",
  "value" : "10"
},{
  "dateTime" : "09/25/15 09:23:00",
  "value" : "10"
},{
  "dateTime" : "09/25/15 09:47:00",
  "value" : "10"
},{
  "dateTime" : "09/25/15 09:48:00",
  "value" : "10"
},{
  "dateTime" : "09/25/15 14:58:00",
  "value" : "10"
},{
  "dateTime" : "09/25/15 15:21:00",
  "value" : "10"
},{
  "dateTime" : "09/25/15 15:53:00",
  "value" : "10"
},{
  "dateTime" : "09/25/15 15:54:00",
  "value" : "10"
},{
  "dateTime" : "09/25/15 15:55:00",
  "value" : "10"
},{
  "dateTime" : "09/25/15 20:34:00",
  "value" : "10"
},{
  "dateTime" : "09/25/15 21:09:00",
  "value" : "10"
},{
  "dateTime" : "09/25/15 23:22:00",
  "value" : "10"
},{
  "dateTime" : "09/26/15 10:52:00",
  "value" : "10"
},{
  "dateTime" : "09/26/15 10:53:00",
  "value" : "10"
},{
  "dateTime" : "09/26/15 11:50:00",
  "value" : "10"
},{
  "dateTime" : "09/26/15 13:44:00",
  "value" : "10"
},{
  "dateTime" : "09/26/15 14:33:00",
  "value" : "10"
},{
  "dateTime" : "09/26/15 15:52:00",
  "value" : "10"
},{
  "dateTime" : "09/26/15 17:35:00",
  "value" : "10"
},{
  "dateTime" : "09/26/15 17:59:00",
  "value" : "10"
},{
  "dateTime" : "09/26/15 18:00:00",
  "value" : "10"
},{
  "dateTime" : "09/26/15 18:33:00",
  "value" : "10"
},{
  "dateTime" : "09/26/15 22:14:00",
  "value" : "10"
},{
  "dateTime" : "09/26/15 23:32:00",
  "value" : "10"
},{
  "dateTime" : "09/26/15 23:33:00",
  "value" : "10"
},{
  "dateTime" : "09/27/15 06:22:00",
  "value" : "10"
},{
  "dateTime" : "09/27/15 09:44:00",
  "value" : "10"
},{
  "dateTime" : "09/27/15 12:07:00",
  "value" : "10"
},{
  "dateTime" : "09/27/15 14:30:00",
  "value" : "10"
},{
  "dateTime" : "09/27/15 16:07:00",
  "value" : "10"
},{
  "dateTime" : "09/27/15 19:21:00",
  "value" : "10"
},{
  "dateTime" : "09/27/15 21:12:00",
  "value" : "10"
},{
  "dateTime" : "09/27/15 21:13:00",
  "value" : "10"
},{
  "dateTime" : "09/28/15 08:29:00",
  "value" : "10"
},{
  "dateTime" : "09/28/15 08:41:00",
  "value" : "10"
},{
  "dateTime" : "09/28/15 08:51:00",
  "value" : "20"
},{
  "dateTime" : "09/28/15 09:12:00",
  "value" : "10"
},{
  "dateTime" : "09/28/15 11:43:00",
  "value" : "10"
},{
  "dateTime" : "09/28/15 13:14:00",
  "value" : "10"
},{
  "dateTime" : "09/28/15 16:04:00",
  "value" : "10"
},{
  "dateTime" : "09/28/15 16:05:00",
  "value" : "10"
},{
  "dateTime" : "09/28/15 16:52:00",
  "value" : "10"
},{
  "dateTime" : "09/28/15 16:53:00",
  "value" : "10"
},{
  "dateTime" : "09/28/15 16:54:00",
  "value" : "10"
},{
  "dateTime" : "09/28/15 16:55:00",
  "value" : "10"
},{
  "dateTime" : "09/28/15 19:31:00",
  "value" : "10"
},{
  "dateTime" : "09/28/15 19:32:00",
  "value" : "10"
},{
  "dateTime" : "09/28/15 19:33:00",
  "value" : "10"
},{
  "dateTime" : "09/28/15 19:40:00",
  "value" : "10"
},{
  "dateTime" : "09/28/15 21:36:00",
  "value" : "20"
},{
  "dateTime" : "09/28/15 22:54:00",
  "value" : "10"
},{
  "dateTime" : "09/29/15 00:03:00",
  "value" : "10"
},{
  "dateTime" : "09/29/15 01:37:00",
  "value" : "10"
},{
  "dateTime" : "09/29/15 08:35:00",
  "value" : "10"
},{
  "dateTime" : "09/29/15 08:56:00",
  "value" : "10"
},{
  "dateTime" : "09/29/15 16:49:00",
  "value" : "10"
},{
  "dateTime" : "09/29/15 16:50:00",
  "value" : "10"
},{
  "dateTime" : "09/29/15 17:33:00",
  "value" : "10"
},{
  "dateTime" : "09/29/15 19:18:00",
  "value" : "10"
},{
  "dateTime" : "09/29/15 20:14:00",
  "value" : "10"
},{
  "dateTime" : "09/29/15 20:47:00",
  "value" : "10"
},{
  "dateTime" : "09/29/15 20:48:00",
  "value" : "10"
},{
  "dateTime" : "09/29/15 22:28:00",
  "value" : "10"
},{
  "dateTime" : "09/30/15 00:06:00",
  "value" : "10"
},{
  "dateTime" : "09/30/15 09:01:00",
  "value" : "10"
},{
  "dateTime" : "09/30/15 09:53:00",
  "value" : "10"
},{
  "dateTime" : "09/30/15 09:54:00",
  "value" : "10"
},{
  "dateTime" : "09/30/15 09:55:00",
  "value" : "10"
},{
  "dateTime" : "09/30/15 09:56:00",
  "value" : "10"
},{
  "dateTime" : "09/30/15 10:02:00",
  "value" : "10"
},{
  "dateTime" : "09/30/15 11:09:00",
  "value" : "10"
},{
  "dateTime" : "09/30/15 11:10:00",
  "value" : "10"
},{
  "dateTime" : "09/30/15 11:42:00",
  "value" : "10"
},{
  "dateTime" : "09/30/15 12:10:00",
  "value" : "10"
},{
  "dateTime" : "09/30/15 12:31:00",
  "value" : "30"
},{
  "dateTime" : "09/30/15 12:32:00",
  "value" : "20"
},{
  "dateTime" : "09/30/15 12:33:00",
  "value" : "10"
},{
  "dateTime" : "09/30/15 15:52:00",
  "value" : "10"
},{
  "dateTime" : "09/30/15 15:53:00",
  "value" : "10"
},{
  "dateTime" : "09/30/15 16:25:00",
  "value" : "10"
},{
  "dateTime" : "09/30/15 16:50:00",
  "value" : "10"
},{
  "dateTime" : "09/30/15 16:51:00",
  "value" : "10"
},{
  "dateTime" : "09/30/15 16:52:00",
  "value" : "10"
},{
  "dateTime" : "09/30/15 16:53:00",
  "value" : "10"
},{
  "dateTime" : "09/30/15 18:48:00",
  "value" : "10"
},{
  "dateTime" : "09/30/15 20:30:00",
  "value" : "10"
},{
  "dateTime" : "09/30/15 20:31:00",
  "value" : "10"
},{
  "dateTime" : "09/30/15 20:47:00",
  "value" : "10"
},{
  "dateTime" : "09/30/15 20:48:00",
  "value" : "10"
},{
  "dateTime" : "10/01/15 00:23:00",
  "value" : "10"
},{
  "dateTime" : "10/01/15 08:35:00",
  "value" : "10"
},{
  "dateTime" : "10/01/15 08:51:00",
  "value" : "10"
},{
  "dateTime" : "10/01/15 14:49:00",
  "value" : "10"
},{
  "dateTime" : "10/01/15 16:42:00",
  "value" : "10"
},{
  "dateTime" : "10/01/15 17:02:00",
  "value" : "10"
},{
  "dateTime" : "10/01/15 18:03:00",
  "value" : "10"
},{
  "dateTime" : "10/01/15 19:04:00",
  "value" : "10"
},{
  "dateTime" : "10/01/15 19:56:00",
  "value" : "10"
},{
  "dateTime" : "10/01/15 21:33:00",
  "value" : "10"
},{
  "dateTime" : "10/01/15 21:41:00",
  "value" : "10"
},{
  "dateTime" : "10/02/15 08:42:00",
  "value" : "10"
},{
  "dateTime" : "10/02/15 14:21:00",
  "value" : "10"
},{
  "dateTime" : "10/02/15 15:14:00",
  "value" : "10"
},{
  "dateTime" : "10/02/15 17:52:00",
  "value" : "10"
},{
  "dateTime" : "10/02/15 18:42:00",
  "value" : "10"
},{
  "dateTime" : "10/02/15 19:43:00",
  "value" : "10"
},{
  "dateTime" : "10/02/15 21:26:00",
  "value" : "10"
},{
  "dateTime" : "10/02/15 21:27:00",
  "value" : "10"
},{
  "dateTime" : "10/02/15 21:58:00",
  "value" : "10"
},{
  "dateTime" : "10/02/15 22:27:00",
  "value" : "10"
},{
  "dateTime" : "10/03/15 09:56:00",
  "value" : "10"
},{
  "dateTime" : "10/03/15 12:31:00",
  "value" : "10"
},{
  "dateTime" : "10/03/15 16:23:00",
  "value" : "10"
},{
  "dateTime" : "10/04/15 01:31:00",
  "value" : "10"
},{
  "dateTime" : "10/04/15 01:39:00",
  "value" : "10"
},{
  "dateTime" : "10/04/15 13:32:00",
  "value" : "10"
},{
  "dateTime" : "10/04/15 13:49:00",
  "value" : "10"
},{
  "dateTime" : "10/04/15 14:06:00",
  "value" : "10"
},{
  "dateTime" : "10/04/15 14:54:00",
  "value" : "10"
},{
  "dateTime" : "10/04/15 14:55:00",
  "value" : "10"
},{
  "dateTime" : "10/04/15 15:33:00",
  "value" : "10"
},{
  "dateTime" : "10/04/15 17:19:00",
  "value" : "10"
},{
  "dateTime" : "10/04/15 17:20:00",
  "value" : "10"
},{
  "dateTime" : "10/04/15 19:10:00",
  "value" : "10"
},{
  "dateTime" : "10/04/15 19:59:00",
  "value" : "10"
},{
  "dateTime" : "10/04/15 20:48:00",
  "value" : "20"
},{
  "dateTime" : "10/04/15 21:46:00",
  "value" : "10"
},{
  "dateTime" : "10/05/15 00:20:00",
  "value" : "10"
},{
  "dateTime" : "10/05/15 09:17:00",
  "value" : "10"
},{
  "dateTime" : "10/05/15 10:15:00",
  "value" : "10"
},{
  "dateTime" : "10/05/15 10:57:00",
  "value" : "10"
},{
  "dateTime" : "10/05/15 10:58:00",
  "value" : "10"
},{
  "dateTime" : "10/05/15 14:00:00",
  "value" : "10"
},{
  "dateTime" : "10/05/15 14:18:00",
  "value" : "10"
},{
  "dateTime" : "10/05/15 14:51:00",
  "value" : "10"
},{
  "dateTime" : "10/05/15 15:20:00",
  "value" : "10"
},{
  "dateTime" : "10/05/15 18:22:00",
  "value" : "10"
},{
  "dateTime" : "10/05/15 20:19:00",
  "value" : "10"
},{
  "dateTime" : "10/05/15 20:53:00",
  "value" : "10"
},{
  "dateTime" : "10/06/15 07:13:00",
  "value" : "10"
},{
  "dateTime" : "10/06/15 08:19:00",
  "value" : "10"
},{
  "dateTime" : "10/06/15 11:12:00",
  "value" : "10"
},{
  "dateTime" : "10/06/15 13:56:00",
  "value" : "10"
},{
  "dateTime" : "10/06/15 14:21:00",
  "value" : "10"
},{
  "dateTime" : "10/06/15 15:15:00",
  "value" : "10"
},{
  "dateTime" : "10/06/15 15:16:00",
  "value" : "10"
},{
  "dateTime" : "10/06/15 15:17:00",
  "value" : "10"
},{
  "dateTime" : "10/06/15 17:17:00",
  "value" : "10"
},{
  "dateTime" : "10/06/15 18:44:00",
  "value" : "10"
},{
  "dateTime" : "10/06/15 19:43:00",
  "value" : "10"
}]