[{
  "dateTime" : "07/14/14 02:11:00",
  "value" : "10"
},{
  "dateTime" : "07/14/14 07:49:00",
  "value" : "10"
},{
  "dateTime" : "07/14/14 08:35:00",
  "value" : "10"
},{
  "dateTime" : "07/14/14 08:55:00",
  "value" : "10"
},{
  "dateTime" : "07/14/14 09:11:00",
  "value" : "10"
},{
  "dateTime" : "07/14/14 14:58:00",
  "value" : "10"
},{
  "dateTime" : "07/14/14 15:47:00",
  "value" : "10"
},{
  "dateTime" : "07/14/14 15:48:00",
  "value" : "10"
},{
  "dateTime" : "07/14/14 17:07:00",
  "value" : "10"
},{
  "dateTime" : "07/14/14 17:41:00",
  "value" : "10"
},{
  "dateTime" : "07/14/14 19:55:00",
  "value" : "10"
},{
  "dateTime" : "07/14/14 21:21:00",
  "value" : "10"
},{
  "dateTime" : "07/15/14 07:17:00",
  "value" : "10"
},{
  "dateTime" : "07/15/14 07:26:00",
  "value" : "10"
},{
  "dateTime" : "07/15/14 07:27:00",
  "value" : "10"
},{
  "dateTime" : "07/15/14 07:28:00",
  "value" : "10"
},{
  "dateTime" : "07/15/14 07:58:00",
  "value" : "10"
},{
  "dateTime" : "07/15/14 08:58:00",
  "value" : "10"
},{
  "dateTime" : "07/15/14 08:59:00",
  "value" : "10"
},{
  "dateTime" : "07/15/14 09:37:00",
  "value" : "20"
},{
  "dateTime" : "07/15/14 09:38:00",
  "value" : "20"
},{
  "dateTime" : "07/15/14 09:39:00",
  "value" : "30"
},{
  "dateTime" : "07/15/14 09:47:00",
  "value" : "20"
},{
  "dateTime" : "07/15/14 09:55:00",
  "value" : "10"
},{
  "dateTime" : "07/15/14 10:19:00",
  "value" : "20"
},{
  "dateTime" : "07/15/14 10:40:00",
  "value" : "10"
},{
  "dateTime" : "07/15/14 11:29:00",
  "value" : "10"
},{
  "dateTime" : "07/15/14 11:30:00",
  "value" : "10"
},{
  "dateTime" : "07/15/14 12:43:00",
  "value" : "10"
},{
  "dateTime" : "07/15/14 12:44:00",
  "value" : "10"
},{
  "dateTime" : "07/15/14 12:45:00",
  "value" : "10"
},{
  "dateTime" : "07/15/14 13:27:00",
  "value" : "10"
},{
  "dateTime" : "07/15/14 13:28:00",
  "value" : "10"
},{
  "dateTime" : "07/15/14 14:39:00",
  "value" : "10"
},{
  "dateTime" : "07/15/14 15:52:00",
  "value" : "10"
},{
  "dateTime" : "07/15/14 15:53:00",
  "value" : "10"
},{
  "dateTime" : "07/15/14 19:12:00",
  "value" : "10"
},{
  "dateTime" : "07/15/14 19:53:00",
  "value" : "20"
},{
  "dateTime" : "07/15/14 19:54:00",
  "value" : "10"
},{
  "dateTime" : "07/15/14 20:09:00",
  "value" : "20"
},{
  "dateTime" : "07/15/14 20:10:00",
  "value" : "20"
},{
  "dateTime" : "07/15/14 20:11:00",
  "value" : "10"
},{
  "dateTime" : "07/15/14 21:17:00",
  "value" : "10"
},{
  "dateTime" : "07/15/14 22:11:00",
  "value" : "10"
},{
  "dateTime" : "07/16/14 08:36:00",
  "value" : "10"
},{
  "dateTime" : "07/16/14 08:57:00",
  "value" : "10"
},{
  "dateTime" : "07/16/14 09:48:00",
  "value" : "10"
},{
  "dateTime" : "07/16/14 09:49:00",
  "value" : "10"
},{
  "dateTime" : "07/16/14 09:50:00",
  "value" : "10"
},{
  "dateTime" : "07/16/14 09:51:00",
  "value" : "10"
},{
  "dateTime" : "07/16/14 11:04:00",
  "value" : "10"
},{
  "dateTime" : "07/16/14 11:05:00",
  "value" : "10"
},{
  "dateTime" : "07/16/14 11:44:00",
  "value" : "10"
},{
  "dateTime" : "07/16/14 11:59:00",
  "value" : "10"
},{
  "dateTime" : "07/16/14 12:00:00",
  "value" : "20"
},{
  "dateTime" : "07/16/14 15:08:00",
  "value" : "10"
},{
  "dateTime" : "07/16/14 16:10:00",
  "value" : "10"
},{
  "dateTime" : "07/16/14 19:51:00",
  "value" : "10"
},{
  "dateTime" : "07/16/14 22:01:00",
  "value" : "10"
},{
  "dateTime" : "07/17/14 09:34:00",
  "value" : "10"
},{
  "dateTime" : "07/17/14 12:06:00",
  "value" : "10"
},{
  "dateTime" : "07/17/14 14:04:00",
  "value" : "10"
},{
  "dateTime" : "07/17/14 14:22:00",
  "value" : "10"
},{
  "dateTime" : "07/17/14 14:23:00",
  "value" : "20"
},{
  "dateTime" : "07/17/14 14:24:00",
  "value" : "10"
},{
  "dateTime" : "07/17/14 14:26:00",
  "value" : "10"
},{
  "dateTime" : "07/17/14 14:34:00",
  "value" : "10"
},{
  "dateTime" : "07/17/14 14:35:00",
  "value" : "10"
},{
  "dateTime" : "07/17/14 14:36:00",
  "value" : "10"
},{
  "dateTime" : "07/17/14 16:00:00",
  "value" : "10"
},{
  "dateTime" : "07/17/14 18:19:00",
  "value" : "20"
},{
  "dateTime" : "07/17/14 18:41:00",
  "value" : "10"
},{
  "dateTime" : "07/17/14 19:30:00",
  "value" : "10"
},{
  "dateTime" : "07/17/14 19:48:00",
  "value" : "10"
},{
  "dateTime" : "07/17/14 19:49:00",
  "value" : "10"
},{
  "dateTime" : "07/17/14 20:27:00",
  "value" : "10"
},{
  "dateTime" : "07/17/14 21:27:00",
  "value" : "10"
},{
  "dateTime" : "07/17/14 21:28:00",
  "value" : "10"
},{
  "dateTime" : "07/18/14 08:49:00",
  "value" : "10"
},{
  "dateTime" : "07/18/14 09:12:00",
  "value" : "10"
},{
  "dateTime" : "07/18/14 09:56:00",
  "value" : "10"
},{
  "dateTime" : "07/18/14 13:07:00",
  "value" : "10"
},{
  "dateTime" : "07/18/14 17:32:00",
  "value" : "10"
},{
  "dateTime" : "07/18/14 19:07:00",
  "value" : "10"
},{
  "dateTime" : "07/18/14 19:34:00",
  "value" : "10"
},{
  "dateTime" : "07/18/14 22:16:00",
  "value" : "10"
},{
  "dateTime" : "07/19/14 01:53:00",
  "value" : "10"
},{
  "dateTime" : "07/19/14 08:47:00",
  "value" : "10"
},{
  "dateTime" : "07/19/14 10:12:00",
  "value" : "10"
},{
  "dateTime" : "07/19/14 13:36:00",
  "value" : "10"
},{
  "dateTime" : "07/19/14 15:24:00",
  "value" : "10"
},{
  "dateTime" : "07/19/14 15:25:00",
  "value" : "10"
},{
  "dateTime" : "07/19/14 16:33:00",
  "value" : "10"
},{
  "dateTime" : "07/19/14 21:39:00",
  "value" : "10"
},{
  "dateTime" : "07/19/14 22:24:00",
  "value" : "10"
},{
  "dateTime" : "07/20/14 07:42:00",
  "value" : "10"
},{
  "dateTime" : "07/20/14 10:57:00",
  "value" : "10"
},{
  "dateTime" : "07/20/14 11:28:00",
  "value" : "10"
},{
  "dateTime" : "07/20/14 12:13:00",
  "value" : "10"
},{
  "dateTime" : "07/20/14 12:14:00",
  "value" : "10"
},{
  "dateTime" : "07/20/14 12:48:00",
  "value" : "10"
},{
  "dateTime" : "07/20/14 12:49:00",
  "value" : "10"
},{
  "dateTime" : "07/20/14 12:50:00",
  "value" : "10"
},{
  "dateTime" : "07/20/14 12:51:00",
  "value" : "10"
},{
  "dateTime" : "07/20/14 13:28:00",
  "value" : "10"
},{
  "dateTime" : "07/20/14 13:57:00",
  "value" : "10"
},{
  "dateTime" : "07/20/14 14:08:00",
  "value" : "10"
},{
  "dateTime" : "07/20/14 14:25:00",
  "value" : "10"
},{
  "dateTime" : "07/20/14 14:26:00",
  "value" : "10"
},{
  "dateTime" : "07/20/14 14:58:00",
  "value" : "10"
},{
  "dateTime" : "07/20/14 15:06:00",
  "value" : "40"
},{
  "dateTime" : "07/20/14 15:07:00",
  "value" : "10"
},{
  "dateTime" : "07/20/14 15:08:00",
  "value" : "10"
},{
  "dateTime" : "07/20/14 15:57:00",
  "value" : "10"
},{
  "dateTime" : "07/20/14 16:25:00",
  "value" : "10"
},{
  "dateTime" : "07/20/14 17:20:00",
  "value" : "10"
},{
  "dateTime" : "07/20/14 18:03:00",
  "value" : "10"
},{
  "dateTime" : "07/20/14 18:04:00",
  "value" : "10"
},{
  "dateTime" : "07/20/14 18:12:00",
  "value" : "10"
},{
  "dateTime" : "07/20/14 18:22:00",
  "value" : "20"
},{
  "dateTime" : "07/20/14 18:23:00",
  "value" : "10"
},{
  "dateTime" : "07/20/14 18:35:00",
  "value" : "10"
},{
  "dateTime" : "07/20/14 19:37:00",
  "value" : "10"
},{
  "dateTime" : "07/20/14 20:24:00",
  "value" : "10"
},{
  "dateTime" : "07/20/14 20:25:00",
  "value" : "20"
},{
  "dateTime" : "07/20/14 20:51:00",
  "value" : "10"
},{
  "dateTime" : "07/20/14 22:06:00",
  "value" : "10"
},{
  "dateTime" : "07/21/14 08:30:00",
  "value" : "10"
},{
  "dateTime" : "07/21/14 08:55:00",
  "value" : "10"
},{
  "dateTime" : "07/21/14 09:00:00",
  "value" : "10"
},{
  "dateTime" : "07/21/14 15:10:00",
  "value" : "10"
},{
  "dateTime" : "07/21/14 15:43:00",
  "value" : "10"
},{
  "dateTime" : "07/21/14 15:44:00",
  "value" : "10"
},{
  "dateTime" : "07/21/14 21:44:00",
  "value" : "10"
},{
  "dateTime" : "07/22/14 09:17:00",
  "value" : "10"
},{
  "dateTime" : "07/22/14 15:42:00",
  "value" : "10"
},{
  "dateTime" : "07/22/14 16:46:00",
  "value" : "10"
},{
  "dateTime" : "07/22/14 20:33:00",
  "value" : "10"
},{
  "dateTime" : "07/22/14 21:15:00",
  "value" : "10"
},{
  "dateTime" : "07/23/14 07:20:00",
  "value" : "10"
},{
  "dateTime" : "07/23/14 07:52:00",
  "value" : "10"
},{
  "dateTime" : "07/23/14 07:53:00",
  "value" : "10"
},{
  "dateTime" : "07/23/14 09:37:00",
  "value" : "20"
},{
  "dateTime" : "07/23/14 09:55:00",
  "value" : "10"
},{
  "dateTime" : "07/23/14 10:59:00",
  "value" : "10"
},{
  "dateTime" : "07/23/14 11:00:00",
  "value" : "10"
},{
  "dateTime" : "07/23/14 16:04:00",
  "value" : "10"
},{
  "dateTime" : "07/23/14 16:12:00",
  "value" : "20"
},{
  "dateTime" : "07/23/14 16:13:00",
  "value" : "10"
},{
  "dateTime" : "07/23/14 16:53:00",
  "value" : "10"
},{
  "dateTime" : "07/23/14 17:37:00",
  "value" : "10"
},{
  "dateTime" : "07/23/14 18:05:00",
  "value" : "10"
},{
  "dateTime" : "07/23/14 19:55:00",
  "value" : "10"
},{
  "dateTime" : "07/23/14 21:11:00",
  "value" : "10"
},{
  "dateTime" : "07/23/14 21:45:00",
  "value" : "10"
},{
  "dateTime" : "07/24/14 09:38:00",
  "value" : "10"
},{
  "dateTime" : "07/24/14 10:12:00",
  "value" : "10"
},{
  "dateTime" : "07/24/14 12:51:00",
  "value" : "10"
},{
  "dateTime" : "07/24/14 16:17:00",
  "value" : "10"
},{
  "dateTime" : "07/24/14 16:18:00",
  "value" : "10"
},{
  "dateTime" : "07/24/14 17:51:00",
  "value" : "10"
},{
  "dateTime" : "07/24/14 19:10:00",
  "value" : "10"
},{
  "dateTime" : "07/24/14 19:28:00",
  "value" : "10"
},{
  "dateTime" : "07/24/14 20:39:00",
  "value" : "10"
},{
  "dateTime" : "07/24/14 21:10:00",
  "value" : "10"
},{
  "dateTime" : "07/25/14 08:41:00",
  "value" : "10"
},{
  "dateTime" : "07/25/14 09:47:00",
  "value" : "10"
},{
  "dateTime" : "07/25/14 10:49:00",
  "value" : "10"
},{
  "dateTime" : "07/25/14 12:57:00",
  "value" : "10"
},{
  "dateTime" : "07/25/14 14:58:00",
  "value" : "10"
},{
  "dateTime" : "07/25/14 16:06:00",
  "value" : "10"
},{
  "dateTime" : "07/25/14 17:10:00",
  "value" : "10"
},{
  "dateTime" : "07/25/14 18:14:00",
  "value" : "10"
},{
  "dateTime" : "07/25/14 18:15:00",
  "value" : "10"
},{
  "dateTime" : "07/25/14 18:16:00",
  "value" : "10"
},{
  "dateTime" : "07/26/14 05:27:00",
  "value" : "10"
},{
  "dateTime" : "07/26/14 08:27:00",
  "value" : "10"
},{
  "dateTime" : "07/26/14 08:43:00",
  "value" : "20"
},{
  "dateTime" : "07/26/14 09:20:00",
  "value" : "10"
},{
  "dateTime" : "07/26/14 12:15:00",
  "value" : "10"
},{
  "dateTime" : "07/26/14 15:46:00",
  "value" : "10"
},{
  "dateTime" : "07/26/14 15:47:00",
  "value" : "10"
},{
  "dateTime" : "07/26/14 15:48:00",
  "value" : "10"
},{
  "dateTime" : "07/26/14 16:31:00",
  "value" : "10"
},{
  "dateTime" : "07/26/14 22:36:00",
  "value" : "10"
},{
  "dateTime" : "07/26/14 22:41:00",
  "value" : "10"
},{
  "dateTime" : "07/27/14 09:26:00",
  "value" : "10"
},{
  "dateTime" : "07/27/14 10:33:00",
  "value" : "10"
},{
  "dateTime" : "07/27/14 13:43:00",
  "value" : "10"
},{
  "dateTime" : "07/27/14 13:51:00",
  "value" : "10"
},{
  "dateTime" : "07/27/14 14:16:00",
  "value" : "10"
},{
  "dateTime" : "07/27/14 14:17:00",
  "value" : "10"
},{
  "dateTime" : "07/27/14 14:18:00",
  "value" : "10"
},{
  "dateTime" : "07/27/14 14:28:00",
  "value" : "10"
},{
  "dateTime" : "07/27/14 14:29:00",
  "value" : "10"
},{
  "dateTime" : "07/27/14 17:33:00",
  "value" : "10"
},{
  "dateTime" : "07/27/14 17:34:00",
  "value" : "20"
},{
  "dateTime" : "07/27/14 17:35:00",
  "value" : "20"
},{
  "dateTime" : "07/27/14 18:24:00",
  "value" : "10"
},{
  "dateTime" : "07/27/14 18:44:00",
  "value" : "30"
},{
  "dateTime" : "07/27/14 19:00:00",
  "value" : "10"
},{
  "dateTime" : "07/27/14 19:18:00",
  "value" : "10"
},{
  "dateTime" : "07/27/14 19:23:00",
  "value" : "10"
},{
  "dateTime" : "07/27/14 20:02:00",
  "value" : "10"
},{
  "dateTime" : "07/27/14 20:17:00",
  "value" : "10"
},{
  "dateTime" : "07/27/14 21:12:00",
  "value" : "10"
},{
  "dateTime" : "07/27/14 21:41:00",
  "value" : "10"
},{
  "dateTime" : "07/28/14 01:01:00",
  "value" : "10"
},{
  "dateTime" : "07/28/14 08:42:00",
  "value" : "10"
},{
  "dateTime" : "07/28/14 09:21:00",
  "value" : "10"
},{
  "dateTime" : "07/28/14 15:53:00",
  "value" : "10"
},{
  "dateTime" : "07/28/14 16:01:00",
  "value" : "10"
},{
  "dateTime" : "07/28/14 16:25:00",
  "value" : "10"
},{
  "dateTime" : "07/28/14 19:32:00",
  "value" : "10"
},{
  "dateTime" : "07/28/14 21:35:00",
  "value" : "10"
},{
  "dateTime" : "07/28/14 22:35:00",
  "value" : "10"
},{
  "dateTime" : "07/29/14 09:52:00",
  "value" : "10"
},{
  "dateTime" : "07/29/14 11:36:00",
  "value" : "10"
},{
  "dateTime" : "07/29/14 11:37:00",
  "value" : "10"
},{
  "dateTime" : "07/29/14 12:20:00",
  "value" : "10"
},{
  "dateTime" : "07/29/14 12:21:00",
  "value" : "10"
},{
  "dateTime" : "07/29/14 12:48:00",
  "value" : "10"
},{
  "dateTime" : "07/29/14 13:30:00",
  "value" : "30"
},{
  "dateTime" : "07/29/14 13:38:00",
  "value" : "20"
},{
  "dateTime" : "07/29/14 13:42:00",
  "value" : "10"
},{
  "dateTime" : "07/29/14 13:55:00",
  "value" : "10"
},{
  "dateTime" : "07/29/14 14:22:00",
  "value" : "10"
},{
  "dateTime" : "07/29/14 15:44:00",
  "value" : "10"
},{
  "dateTime" : "07/29/14 20:03:00",
  "value" : "10"
},{
  "dateTime" : "07/29/14 20:27:00",
  "value" : "10"
},{
  "dateTime" : "07/29/14 20:28:00",
  "value" : "10"
},{
  "dateTime" : "07/29/14 22:02:00",
  "value" : "10"
},{
  "dateTime" : "07/29/14 23:33:00",
  "value" : "10"
},{
  "dateTime" : "07/30/14 01:51:00",
  "value" : "10"
},{
  "dateTime" : "07/30/14 01:52:00",
  "value" : "10"
},{
  "dateTime" : "07/30/14 10:23:00",
  "value" : "10"
},{
  "dateTime" : "07/30/14 11:39:00",
  "value" : "10"
},{
  "dateTime" : "07/30/14 11:40:00",
  "value" : "10"
},{
  "dateTime" : "07/30/14 11:41:00",
  "value" : "10"
},{
  "dateTime" : "07/30/14 11:42:00",
  "value" : "20"
},{
  "dateTime" : "07/30/14 14:04:00",
  "value" : "10"
},{
  "dateTime" : "07/30/14 16:35:00",
  "value" : "10"
},{
  "dateTime" : "07/30/14 16:43:00",
  "value" : "10"
},{
  "dateTime" : "07/30/14 18:34:00",
  "value" : "10"
},{
  "dateTime" : "07/30/14 21:49:00",
  "value" : "10"
},{
  "dateTime" : "07/31/14 08:37:00",
  "value" : "10"
},{
  "dateTime" : "07/31/14 09:50:00",
  "value" : "10"
},{
  "dateTime" : "07/31/14 13:00:00",
  "value" : "10"
},{
  "dateTime" : "07/31/14 13:50:00",
  "value" : "10"
},{
  "dateTime" : "07/31/14 15:00:00",
  "value" : "10"
},{
  "dateTime" : "07/31/14 15:12:00",
  "value" : "10"
},{
  "dateTime" : "07/31/14 16:44:00",
  "value" : "10"
},{
  "dateTime" : "07/31/14 17:08:00",
  "value" : "10"
},{
  "dateTime" : "07/31/14 17:09:00",
  "value" : "10"
},{
  "dateTime" : "07/31/14 17:55:00",
  "value" : "10"
},{
  "dateTime" : "07/31/14 18:14:00",
  "value" : "10"
},{
  "dateTime" : "07/31/14 21:31:00",
  "value" : "10"
},{
  "dateTime" : "07/31/14 21:32:00",
  "value" : "10"
},{
  "dateTime" : "07/31/14 22:42:00",
  "value" : "10"
},{
  "dateTime" : "08/01/14 00:59:00",
  "value" : "10"
},{
  "dateTime" : "08/01/14 12:08:00",
  "value" : "10"
},{
  "dateTime" : "08/01/14 23:32:00",
  "value" : "10"
},{
  "dateTime" : "08/02/14 00:38:00",
  "value" : "10"
},{
  "dateTime" : "08/02/14 01:47:00",
  "value" : "10"
},{
  "dateTime" : "08/02/14 10:25:00",
  "value" : "10"
},{
  "dateTime" : "08/02/14 13:32:00",
  "value" : "10"
},{
  "dateTime" : "08/02/14 14:49:00",
  "value" : "10"
},{
  "dateTime" : "08/02/14 15:25:00",
  "value" : "10"
},{
  "dateTime" : "08/02/14 15:57:00",
  "value" : "10"
},{
  "dateTime" : "08/02/14 16:10:00",
  "value" : "10"
},{
  "dateTime" : "08/02/14 16:11:00",
  "value" : "10"
},{
  "dateTime" : "08/02/14 16:24:00",
  "value" : "10"
},{
  "dateTime" : "08/02/14 19:19:00",
  "value" : "10"
},{
  "dateTime" : "08/02/14 20:34:00",
  "value" : "10"
},{
  "dateTime" : "08/02/14 20:35:00",
  "value" : "10"
},{
  "dateTime" : "08/02/14 20:42:00",
  "value" : "10"
},{
  "dateTime" : "08/02/14 21:32:00",
  "value" : "10"
},{
  "dateTime" : "08/03/14 03:56:00",
  "value" : "10"
},{
  "dateTime" : "08/03/14 04:02:00",
  "value" : "10"
},{
  "dateTime" : "08/03/14 05:17:00",
  "value" : "10"
},{
  "dateTime" : "08/03/14 12:49:00",
  "value" : "10"
},{
  "dateTime" : "08/03/14 17:20:00",
  "value" : "10"
},{
  "dateTime" : "08/03/14 17:49:00",
  "value" : "10"
},{
  "dateTime" : "08/03/14 18:24:00",
  "value" : "20"
},{
  "dateTime" : "08/03/14 18:25:00",
  "value" : "20"
},{
  "dateTime" : "08/03/14 18:45:00",
  "value" : "10"
},{
  "dateTime" : "08/03/14 18:53:00",
  "value" : "40"
},{
  "dateTime" : "08/03/14 18:54:00",
  "value" : "30"
},{
  "dateTime" : "08/03/14 20:03:00",
  "value" : "10"
},{
  "dateTime" : "08/04/14 07:12:00",
  "value" : "10"
},{
  "dateTime" : "08/04/14 07:54:00",
  "value" : "10"
},{
  "dateTime" : "08/04/14 08:40:00",
  "value" : "10"
},{
  "dateTime" : "08/04/14 09:30:00",
  "value" : "10"
},{
  "dateTime" : "08/04/14 10:49:00",
  "value" : "10"
},{
  "dateTime" : "08/04/14 10:50:00",
  "value" : "20"
},{
  "dateTime" : "08/04/14 10:51:00",
  "value" : "10"
},{
  "dateTime" : "08/04/14 11:42:00",
  "value" : "10"
},{
  "dateTime" : "08/04/14 12:35:00",
  "value" : "10"
},{
  "dateTime" : "08/04/14 13:19:00",
  "value" : "10"
},{
  "dateTime" : "08/04/14 13:56:00",
  "value" : "10"
},{
  "dateTime" : "08/04/14 14:47:00",
  "value" : "10"
},{
  "dateTime" : "08/04/14 15:44:00",
  "value" : "10"
},{
  "dateTime" : "08/04/14 15:45:00",
  "value" : "10"
},{
  "dateTime" : "08/04/14 15:46:00",
  "value" : "10"
},{
  "dateTime" : "08/04/14 15:47:00",
  "value" : "10"
},{
  "dateTime" : "08/04/14 16:35:00",
  "value" : "10"
},{
  "dateTime" : "08/04/14 17:17:00",
  "value" : "10"
},{
  "dateTime" : "08/04/14 18:18:00",
  "value" : "10"
},{
  "dateTime" : "08/04/14 18:19:00",
  "value" : "20"
},{
  "dateTime" : "08/04/14 18:20:00",
  "value" : "20"
},{
  "dateTime" : "08/04/14 18:36:00",
  "value" : "20"
},{
  "dateTime" : "08/04/14 18:37:00",
  "value" : "20"
},{
  "dateTime" : "08/04/14 18:40:00",
  "value" : "10"
},{
  "dateTime" : "08/04/14 20:27:00",
  "value" : "10"
},{
  "dateTime" : "08/04/14 20:47:00",
  "value" : "10"
},{
  "dateTime" : "08/04/14 20:48:00",
  "value" : "10"
},{
  "dateTime" : "08/05/14 00:38:00",
  "value" : "10"
},{
  "dateTime" : "08/05/14 02:34:00",
  "value" : "10"
},{
  "dateTime" : "08/05/14 08:30:00",
  "value" : "10"
},{
  "dateTime" : "08/05/14 08:31:00",
  "value" : "10"
},{
  "dateTime" : "08/05/14 09:16:00",
  "value" : "10"
},{
  "dateTime" : "08/05/14 10:05:00",
  "value" : "10"
},{
  "dateTime" : "08/05/14 14:07:00",
  "value" : "10"
},{
  "dateTime" : "08/05/14 14:08:00",
  "value" : "10"
},{
  "dateTime" : "08/05/14 14:57:00",
  "value" : "10"
},{
  "dateTime" : "08/05/14 15:00:00",
  "value" : "10"
},{
  "dateTime" : "08/05/14 15:28:00",
  "value" : "10"
},{
  "dateTime" : "08/05/14 15:29:00",
  "value" : "10"
},{
  "dateTime" : "08/05/14 15:30:00",
  "value" : "10"
},{
  "dateTime" : "08/05/14 15:31:00",
  "value" : "10"
},{
  "dateTime" : "08/05/14 15:49:00",
  "value" : "10"
},{
  "dateTime" : "08/05/14 18:32:00",
  "value" : "10"
},{
  "dateTime" : "08/05/14 18:33:00",
  "value" : "10"
},{
  "dateTime" : "08/05/14 20:34:00",
  "value" : "10"
},{
  "dateTime" : "08/05/14 20:35:00",
  "value" : "10"
},{
  "dateTime" : "08/06/14 08:45:00",
  "value" : "10"
},{
  "dateTime" : "08/06/14 09:06:00",
  "value" : "10"
},{
  "dateTime" : "08/06/14 10:00:00",
  "value" : "10"
},{
  "dateTime" : "08/06/14 10:01:00",
  "value" : "20"
},{
  "dateTime" : "08/06/14 10:02:00",
  "value" : "10"
},{
  "dateTime" : "08/06/14 11:14:00",
  "value" : "10"
},{
  "dateTime" : "08/06/14 11:15:00",
  "value" : "10"
},{
  "dateTime" : "08/06/14 11:53:00",
  "value" : "10"
},{
  "dateTime" : "08/06/14 11:54:00",
  "value" : "10"
},{
  "dateTime" : "08/06/14 11:55:00",
  "value" : "10"
},{
  "dateTime" : "08/06/14 15:34:00",
  "value" : "10"
},{
  "dateTime" : "08/06/14 15:35:00",
  "value" : "10"
},{
  "dateTime" : "08/06/14 15:42:00",
  "value" : "10"
},{
  "dateTime" : "08/06/14 15:43:00",
  "value" : "20"
},{
  "dateTime" : "08/06/14 15:44:00",
  "value" : "10"
},{
  "dateTime" : "08/06/14 16:17:00",
  "value" : "10"
},{
  "dateTime" : "08/06/14 16:47:00",
  "value" : "10"
},{
  "dateTime" : "08/06/14 18:46:00",
  "value" : "10"
},{
  "dateTime" : "08/06/14 19:37:00",
  "value" : "20"
},{
  "dateTime" : "08/06/14 20:05:00",
  "value" : "10"
},{
  "dateTime" : "08/06/14 21:52:00",
  "value" : "20"
},{
  "dateTime" : "08/07/14 00:08:00",
  "value" : "10"
},{
  "dateTime" : "08/07/14 01:08:00",
  "value" : "10"
},{
  "dateTime" : "08/07/14 08:41:00",
  "value" : "10"
},{
  "dateTime" : "08/07/14 08:42:00",
  "value" : "10"
},{
  "dateTime" : "08/07/14 09:12:00",
  "value" : "10"
},{
  "dateTime" : "08/07/14 12:52:00",
  "value" : "10"
},{
  "dateTime" : "08/07/14 17:54:00",
  "value" : "10"
},{
  "dateTime" : "08/07/14 17:55:00",
  "value" : "10"
},{
  "dateTime" : "08/07/14 18:02:00",
  "value" : "10"
},{
  "dateTime" : "08/07/14 19:25:00",
  "value" : "10"
},{
  "dateTime" : "08/07/14 19:26:00",
  "value" : "10"
},{
  "dateTime" : "08/07/14 19:27:00",
  "value" : "10"
},{
  "dateTime" : "08/07/14 19:28:00",
  "value" : "10"
},{
  "dateTime" : "08/07/14 19:29:00",
  "value" : "10"
},{
  "dateTime" : "08/07/14 20:10:00",
  "value" : "10"
},{
  "dateTime" : "08/07/14 20:18:00",
  "value" : "10"
},{
  "dateTime" : "08/07/14 20:48:00",
  "value" : "10"
},{
  "dateTime" : "08/07/14 21:48:00",
  "value" : "10"
},{
  "dateTime" : "08/08/14 08:47:00",
  "value" : "10"
},{
  "dateTime" : "08/08/14 09:13:00",
  "value" : "10"
},{
  "dateTime" : "08/08/14 10:26:00",
  "value" : "10"
},{
  "dateTime" : "08/08/14 12:33:00",
  "value" : "10"
},{
  "dateTime" : "08/08/14 14:05:00",
  "value" : "10"
},{
  "dateTime" : "08/08/14 16:45:00",
  "value" : "10"
},{
  "dateTime" : "08/08/14 19:12:00",
  "value" : "10"
},{
  "dateTime" : "08/08/14 22:12:00",
  "value" : "10"
},{
  "dateTime" : "08/09/14 11:11:00",
  "value" : "10"
},{
  "dateTime" : "08/09/14 12:07:00",
  "value" : "10"
},{
  "dateTime" : "08/09/14 13:37:00",
  "value" : "10"
},{
  "dateTime" : "08/09/14 14:02:00",
  "value" : "10"
},{
  "dateTime" : "08/09/14 15:20:00",
  "value" : "10"
},{
  "dateTime" : "08/09/14 15:57:00",
  "value" : "10"
},{
  "dateTime" : "08/09/14 16:06:00",
  "value" : "10"
},{
  "dateTime" : "08/09/14 17:12:00",
  "value" : "10"
},{
  "dateTime" : "08/09/14 17:13:00",
  "value" : "10"
},{
  "dateTime" : "08/09/14 18:54:00",
  "value" : "10"
},{
  "dateTime" : "08/09/14 20:57:00",
  "value" : "10"
},{
  "dateTime" : "08/09/14 21:43:00",
  "value" : "10"
},{
  "dateTime" : "08/09/14 22:36:00",
  "value" : "10"
},{
  "dateTime" : "08/10/14 11:30:00",
  "value" : "10"
},{
  "dateTime" : "08/10/14 12:13:00",
  "value" : "10"
},{
  "dateTime" : "08/10/14 12:50:00",
  "value" : "20"
},{
  "dateTime" : "08/10/14 12:51:00",
  "value" : "20"
},{
  "dateTime" : "08/10/14 13:22:00",
  "value" : "20"
},{
  "dateTime" : "08/10/14 13:47:00",
  "value" : "10"
},{
  "dateTime" : "08/10/14 14:18:00",
  "value" : "10"
},{
  "dateTime" : "08/10/14 14:19:00",
  "value" : "20"
},{
  "dateTime" : "08/10/14 14:20:00",
  "value" : "10"
},{
  "dateTime" : "08/10/14 14:21:00",
  "value" : "10"
},{
  "dateTime" : "08/10/14 14:53:00",
  "value" : "10"
},{
  "dateTime" : "08/10/14 16:11:00",
  "value" : "10"
},{
  "dateTime" : "08/10/14 18:46:00",
  "value" : "10"
},{
  "dateTime" : "08/10/14 20:22:00",
  "value" : "10"
},{
  "dateTime" : "08/10/14 20:39:00",
  "value" : "10"
},{
  "dateTime" : "08/10/14 20:47:00",
  "value" : "10"
},{
  "dateTime" : "08/10/14 22:21:00",
  "value" : "10"
},{
  "dateTime" : "08/10/14 22:22:00",
  "value" : "10"
},{
  "dateTime" : "08/10/14 23:07:00",
  "value" : "10"
},{
  "dateTime" : "08/11/14 06:24:00",
  "value" : "10"
},{
  "dateTime" : "08/11/14 08:25:00",
  "value" : "10"
},{
  "dateTime" : "08/11/14 08:40:00",
  "value" : "10"
},{
  "dateTime" : "08/11/14 09:11:00",
  "value" : "10"
},{
  "dateTime" : "08/11/14 12:36:00",
  "value" : "10"
},{
  "dateTime" : "08/11/14 13:00:00",
  "value" : "10"
},{
  "dateTime" : "08/11/14 13:16:00",
  "value" : "10"
},{
  "dateTime" : "08/11/14 13:40:00",
  "value" : "10"
},{
  "dateTime" : "08/11/14 14:04:00",
  "value" : "10"
},{
  "dateTime" : "08/11/14 15:22:00",
  "value" : "10"
},{
  "dateTime" : "08/11/14 15:59:00",
  "value" : "20"
},{
  "dateTime" : "08/11/14 16:19:00",
  "value" : "10"
},{
  "dateTime" : "08/11/14 17:39:00",
  "value" : "10"
},{
  "dateTime" : "08/11/14 19:45:00",
  "value" : "10"
},{
  "dateTime" : "08/11/14 19:46:00",
  "value" : "10"
},{
  "dateTime" : "08/11/14 19:47:00",
  "value" : "10"
},{
  "dateTime" : "08/11/14 21:13:00",
  "value" : "10"
},{
  "dateTime" : "08/11/14 23:06:00",
  "value" : "10"
},{
  "dateTime" : "08/12/14 00:09:00",
  "value" : "10"
},{
  "dateTime" : "08/12/14 07:50:00",
  "value" : "10"
},{
  "dateTime" : "08/12/14 08:19:00",
  "value" : "10"
},{
  "dateTime" : "08/12/14 08:40:00",
  "value" : "10"
},{
  "dateTime" : "08/12/14 08:41:00",
  "value" : "10"
},{
  "dateTime" : "08/12/14 09:10:00",
  "value" : "10"
},{
  "dateTime" : "08/12/14 11:27:00",
  "value" : "10"
},{
  "dateTime" : "08/12/14 11:45:00",
  "value" : "10"
},{
  "dateTime" : "08/12/14 11:46:00",
  "value" : "10"
},{
  "dateTime" : "08/12/14 12:12:00",
  "value" : "10"
},{
  "dateTime" : "08/12/14 13:22:00",
  "value" : "10"
},{
  "dateTime" : "08/12/14 17:35:00",
  "value" : "10"
},{
  "dateTime" : "08/12/14 17:45:00",
  "value" : "10"
},{
  "dateTime" : "08/12/14 18:31:00",
  "value" : "10"
},{
  "dateTime" : "08/12/14 19:19:00",
  "value" : "10"
},{
  "dateTime" : "08/12/14 19:57:00",
  "value" : "10"
},{
  "dateTime" : "08/12/14 20:59:00",
  "value" : "10"
},{
  "dateTime" : "08/12/14 21:26:00",
  "value" : "10"
},{
  "dateTime" : "08/12/14 21:27:00",
  "value" : "10"
},{
  "dateTime" : "08/12/14 21:42:00",
  "value" : "10"
},{
  "dateTime" : "08/12/14 22:16:00",
  "value" : "10"
},{
  "dateTime" : "08/12/14 22:17:00",
  "value" : "10"
},{
  "dateTime" : "08/12/14 23:23:00",
  "value" : "10"
}]