[{
  "dateTime" : "11/19/13 10:04:00",
  "value" : "10"
},{
  "dateTime" : "11/19/13 12:02:00",
  "value" : "10"
},{
  "dateTime" : "11/19/13 13:31:00",
  "value" : "10"
},{
  "dateTime" : "11/19/13 14:32:00",
  "value" : "10"
},{
  "dateTime" : "11/19/13 15:55:00",
  "value" : "10"
},{
  "dateTime" : "11/19/13 15:56:00",
  "value" : "10"
},{
  "dateTime" : "11/19/13 16:17:00",
  "value" : "10"
},{
  "dateTime" : "11/19/13 19:09:00",
  "value" : "10"
},{
  "dateTime" : "11/19/13 22:40:00",
  "value" : "10"
},{
  "dateTime" : "11/20/13 08:17:00",
  "value" : "10"
},{
  "dateTime" : "11/20/13 08:40:00",
  "value" : "10"
},{
  "dateTime" : "11/20/13 09:02:00",
  "value" : "10"
},{
  "dateTime" : "11/20/13 09:03:00",
  "value" : "10"
},{
  "dateTime" : "11/20/13 13:13:00",
  "value" : "10"
},{
  "dateTime" : "11/20/13 15:04:00",
  "value" : "10"
},{
  "dateTime" : "11/20/13 15:05:00",
  "value" : "10"
},{
  "dateTime" : "11/20/13 15:18:00",
  "value" : "10"
},{
  "dateTime" : "11/20/13 15:19:00",
  "value" : "10"
},{
  "dateTime" : "11/20/13 16:14:00",
  "value" : "10"
},{
  "dateTime" : "11/20/13 19:08:00",
  "value" : "10"
},{
  "dateTime" : "11/20/13 19:09:00",
  "value" : "10"
},{
  "dateTime" : "11/20/13 19:40:00",
  "value" : "10"
},{
  "dateTime" : "11/20/13 19:59:00",
  "value" : "10"
},{
  "dateTime" : "11/20/13 20:21:00",
  "value" : "10"
},{
  "dateTime" : "11/20/13 20:22:00",
  "value" : "10"
},{
  "dateTime" : "11/20/13 22:46:00",
  "value" : "10"
},{
  "dateTime" : "11/20/13 22:54:00",
  "value" : "10"
},{
  "dateTime" : "11/21/13 07:26:00",
  "value" : "10"
},{
  "dateTime" : "11/21/13 07:27:00",
  "value" : "10"
},{
  "dateTime" : "11/21/13 08:39:00",
  "value" : "10"
},{
  "dateTime" : "11/21/13 08:47:00",
  "value" : "10"
},{
  "dateTime" : "11/21/13 09:03:00",
  "value" : "10"
},{
  "dateTime" : "11/21/13 11:01:00",
  "value" : "10"
},{
  "dateTime" : "11/21/13 11:19:00",
  "value" : "10"
},{
  "dateTime" : "11/21/13 15:00:00",
  "value" : "10"
},{
  "dateTime" : "11/21/13 16:53:00",
  "value" : "10"
},{
  "dateTime" : "11/21/13 19:49:00",
  "value" : "10"
},{
  "dateTime" : "11/21/13 23:03:00",
  "value" : "10"
},{
  "dateTime" : "11/22/13 08:11:00",
  "value" : "10"
},{
  "dateTime" : "11/22/13 08:37:00",
  "value" : "10"
},{
  "dateTime" : "11/22/13 09:22:00",
  "value" : "10"
},{
  "dateTime" : "11/22/13 12:27:00",
  "value" : "10"
},{
  "dateTime" : "11/22/13 13:56:00",
  "value" : "10"
},{
  "dateTime" : "11/22/13 15:40:00",
  "value" : "10"
},{
  "dateTime" : "11/22/13 17:57:00",
  "value" : "10"
},{
  "dateTime" : "11/22/13 20:15:00",
  "value" : "10"
},{
  "dateTime" : "11/22/13 21:32:00",
  "value" : "10"
},{
  "dateTime" : "11/23/13 00:01:00",
  "value" : "10"
},{
  "dateTime" : "11/23/13 07:26:00",
  "value" : "10"
},{
  "dateTime" : "11/23/13 07:33:00",
  "value" : "10"
},{
  "dateTime" : "11/23/13 08:50:00",
  "value" : "10"
},{
  "dateTime" : "11/23/13 11:41:00",
  "value" : "10"
},{
  "dateTime" : "11/23/13 11:43:00",
  "value" : "10"
},{
  "dateTime" : "11/23/13 15:35:00",
  "value" : "10"
},{
  "dateTime" : "11/23/13 17:12:00",
  "value" : "10"
},{
  "dateTime" : "11/23/13 21:02:00",
  "value" : "10"
},{
  "dateTime" : "11/23/13 21:16:00",
  "value" : "10"
},{
  "dateTime" : "11/23/13 21:17:00",
  "value" : "10"
},{
  "dateTime" : "11/23/13 21:51:00",
  "value" : "10"
},{
  "dateTime" : "11/24/13 08:25:00",
  "value" : "10"
},{
  "dateTime" : "11/24/13 10:50:00",
  "value" : "10"
},{
  "dateTime" : "11/24/13 10:57:00",
  "value" : "10"
},{
  "dateTime" : "11/24/13 11:58:00",
  "value" : "10"
},{
  "dateTime" : "11/24/13 11:59:00",
  "value" : "10"
},{
  "dateTime" : "11/24/13 12:19:00",
  "value" : "10"
},{
  "dateTime" : "11/24/13 12:20:00",
  "value" : "10"
},{
  "dateTime" : "11/24/13 13:18:00",
  "value" : "20"
},{
  "dateTime" : "11/24/13 14:41:00",
  "value" : "10"
},{
  "dateTime" : "11/24/13 14:42:00",
  "value" : "10"
},{
  "dateTime" : "11/24/13 15:17:00",
  "value" : "10"
},{
  "dateTime" : "11/24/13 15:40:00",
  "value" : "10"
},{
  "dateTime" : "11/24/13 16:00:00",
  "value" : "10"
},{
  "dateTime" : "11/24/13 16:44:00",
  "value" : "10"
},{
  "dateTime" : "11/24/13 18:44:00",
  "value" : "10"
},{
  "dateTime" : "11/24/13 19:33:00",
  "value" : "10"
},{
  "dateTime" : "11/24/13 19:34:00",
  "value" : "10"
},{
  "dateTime" : "11/24/13 19:40:00",
  "value" : "10"
},{
  "dateTime" : "11/24/13 19:41:00",
  "value" : "10"
},{
  "dateTime" : "11/24/13 19:42:00",
  "value" : "10"
},{
  "dateTime" : "11/24/13 22:27:00",
  "value" : "10"
},{
  "dateTime" : "11/24/13 22:59:00",
  "value" : "10"
},{
  "dateTime" : "11/25/13 07:57:00",
  "value" : "10"
},{
  "dateTime" : "11/25/13 08:27:00",
  "value" : "10"
},{
  "dateTime" : "11/25/13 10:24:00",
  "value" : "10"
},{
  "dateTime" : "11/25/13 10:32:00",
  "value" : "10"
},{
  "dateTime" : "11/25/13 14:27:00",
  "value" : "10"
},{
  "dateTime" : "11/25/13 14:43:00",
  "value" : "10"
},{
  "dateTime" : "11/25/13 16:14:00",
  "value" : "10"
},{
  "dateTime" : "11/25/13 16:57:00",
  "value" : "10"
},{
  "dateTime" : "11/25/13 18:22:00",
  "value" : "10"
},{
  "dateTime" : "11/25/13 18:40:00",
  "value" : "10"
},{
  "dateTime" : "11/25/13 20:30:00",
  "value" : "10"
},{
  "dateTime" : "11/25/13 21:25:00",
  "value" : "10"
},{
  "dateTime" : "11/26/13 05:58:00",
  "value" : "10"
},{
  "dateTime" : "11/26/13 06:57:00",
  "value" : "10"
},{
  "dateTime" : "11/26/13 07:34:00",
  "value" : "10"
},{
  "dateTime" : "11/26/13 07:35:00",
  "value" : "10"
},{
  "dateTime" : "11/26/13 08:14:00",
  "value" : "10"
},{
  "dateTime" : "11/26/13 08:15:00",
  "value" : "10"
},{
  "dateTime" : "11/26/13 08:16:00",
  "value" : "20"
},{
  "dateTime" : "11/26/13 08:17:00",
  "value" : "10"
},{
  "dateTime" : "11/26/13 14:17:00",
  "value" : "10"
},{
  "dateTime" : "11/26/13 16:46:00",
  "value" : "10"
},{
  "dateTime" : "11/26/13 16:47:00",
  "value" : "10"
},{
  "dateTime" : "11/26/13 19:35:00",
  "value" : "10"
},{
  "dateTime" : "11/26/13 19:36:00",
  "value" : "10"
},{
  "dateTime" : "11/26/13 20:16:00",
  "value" : "10"
},{
  "dateTime" : "11/26/13 23:09:00",
  "value" : "10"
},{
  "dateTime" : "11/26/13 23:25:00",
  "value" : "10"
},{
  "dateTime" : "11/27/13 01:43:00",
  "value" : "10"
},{
  "dateTime" : "11/27/13 08:37:00",
  "value" : "10"
},{
  "dateTime" : "11/27/13 08:38:00",
  "value" : "10"
},{
  "dateTime" : "11/27/13 08:39:00",
  "value" : "10"
},{
  "dateTime" : "11/27/13 09:14:00",
  "value" : "10"
},{
  "dateTime" : "11/27/13 09:38:00",
  "value" : "10"
},{
  "dateTime" : "11/27/13 09:39:00",
  "value" : "10"
},{
  "dateTime" : "11/27/13 09:40:00",
  "value" : "10"
},{
  "dateTime" : "11/27/13 16:53:00",
  "value" : "10"
},{
  "dateTime" : "11/27/13 18:45:00",
  "value" : "10"
},{
  "dateTime" : "11/27/13 18:50:00",
  "value" : "10"
},{
  "dateTime" : "11/27/13 20:39:00",
  "value" : "10"
},{
  "dateTime" : "11/27/13 20:56:00",
  "value" : "10"
},{
  "dateTime" : "11/28/13 11:36:00",
  "value" : "10"
},{
  "dateTime" : "11/28/13 11:37:00",
  "value" : "10"
},{
  "dateTime" : "11/28/13 11:52:00",
  "value" : "10"
},{
  "dateTime" : "11/28/13 11:53:00",
  "value" : "10"
},{
  "dateTime" : "11/28/13 11:54:00",
  "value" : "10"
},{
  "dateTime" : "11/28/13 11:55:00",
  "value" : "10"
},{
  "dateTime" : "11/28/13 13:58:00",
  "value" : "10"
},{
  "dateTime" : "11/28/13 14:29:00",
  "value" : "10"
},{
  "dateTime" : "11/28/13 14:30:00",
  "value" : "10"
},{
  "dateTime" : "11/28/13 15:45:00",
  "value" : "10"
},{
  "dateTime" : "11/28/13 16:23:00",
  "value" : "10"
},{
  "dateTime" : "11/28/13 16:57:00",
  "value" : "10"
},{
  "dateTime" : "11/28/13 17:41:00",
  "value" : "10"
},{
  "dateTime" : "11/28/13 17:42:00",
  "value" : "10"
},{
  "dateTime" : "11/28/13 18:15:00",
  "value" : "10"
},{
  "dateTime" : "11/28/13 18:33:00",
  "value" : "10"
},{
  "dateTime" : "11/29/13 01:03:00",
  "value" : "10"
},{
  "dateTime" : "11/29/13 20:39:00",
  "value" : "10"
},{
  "dateTime" : "11/29/13 20:40:00",
  "value" : "10"
},{
  "dateTime" : "11/30/13 06:35:00",
  "value" : "10"
},{
  "dateTime" : "11/30/13 10:33:00",
  "value" : "10"
},{
  "dateTime" : "11/30/13 10:57:00",
  "value" : "10"
},{
  "dateTime" : "11/30/13 13:57:00",
  "value" : "10"
},{
  "dateTime" : "11/30/13 14:12:00",
  "value" : "10"
},{
  "dateTime" : "11/30/13 14:40:00",
  "value" : "10"
},{
  "dateTime" : "11/30/13 16:08:00",
  "value" : "10"
},{
  "dateTime" : "11/30/13 16:09:00",
  "value" : "10"
},{
  "dateTime" : "11/30/13 16:10:00",
  "value" : "10"
},{
  "dateTime" : "11/30/13 16:11:00",
  "value" : "10"
},{
  "dateTime" : "11/30/13 16:12:00",
  "value" : "10"
},{
  "dateTime" : "11/30/13 16:13:00",
  "value" : "20"
},{
  "dateTime" : "11/30/13 16:14:00",
  "value" : "10"
},{
  "dateTime" : "11/30/13 16:15:00",
  "value" : "10"
},{
  "dateTime" : "11/30/13 16:47:00",
  "value" : "10"
},{
  "dateTime" : "11/30/13 20:13:00",
  "value" : "10"
},{
  "dateTime" : "11/30/13 20:14:00",
  "value" : "10"
},{
  "dateTime" : "11/30/13 23:04:00",
  "value" : "10"
},{
  "dateTime" : "11/30/13 23:28:00",
  "value" : "10"
},{
  "dateTime" : "12/01/13 10:54:00",
  "value" : "10"
},{
  "dateTime" : "12/01/13 12:14:00",
  "value" : "10"
},{
  "dateTime" : "12/01/13 12:47:00",
  "value" : "10"
},{
  "dateTime" : "12/01/13 13:34:00",
  "value" : "10"
},{
  "dateTime" : "12/01/13 14:25:00",
  "value" : "10"
},{
  "dateTime" : "12/01/13 15:20:00",
  "value" : "10"
},{
  "dateTime" : "12/01/13 15:59:00",
  "value" : "20"
},{
  "dateTime" : "12/01/13 17:10:00",
  "value" : "10"
},{
  "dateTime" : "12/01/13 17:11:00",
  "value" : "10"
},{
  "dateTime" : "12/01/13 17:58:00",
  "value" : "10"
},{
  "dateTime" : "12/01/13 17:59:00",
  "value" : "10"
},{
  "dateTime" : "12/01/13 20:41:00",
  "value" : "10"
},{
  "dateTime" : "12/01/13 22:47:00",
  "value" : "10"
},{
  "dateTime" : "12/02/13 08:12:00",
  "value" : "10"
},{
  "dateTime" : "12/02/13 08:31:00",
  "value" : "10"
},{
  "dateTime" : "12/02/13 08:32:00",
  "value" : "10"
},{
  "dateTime" : "12/02/13 09:04:00",
  "value" : "10"
},{
  "dateTime" : "12/02/13 09:23:00",
  "value" : "10"
},{
  "dateTime" : "12/02/13 10:07:00",
  "value" : "10"
},{
  "dateTime" : "12/02/13 10:20:00",
  "value" : "20"
},{
  "dateTime" : "12/02/13 10:21:00",
  "value" : "10"
},{
  "dateTime" : "12/02/13 12:09:00",
  "value" : "10"
},{
  "dateTime" : "12/02/13 12:40:00",
  "value" : "10"
},{
  "dateTime" : "12/02/13 13:45:00",
  "value" : "10"
},{
  "dateTime" : "12/02/13 14:22:00",
  "value" : "10"
},{
  "dateTime" : "12/02/13 16:02:00",
  "value" : "10"
},{
  "dateTime" : "12/02/13 16:04:00",
  "value" : "10"
},{
  "dateTime" : "12/02/13 16:05:00",
  "value" : "10"
},{
  "dateTime" : "12/02/13 16:23:00",
  "value" : "10"
},{
  "dateTime" : "12/02/13 16:49:00",
  "value" : "10"
},{
  "dateTime" : "12/02/13 17:45:00",
  "value" : "10"
},{
  "dateTime" : "12/02/13 18:42:00",
  "value" : "10"
},{
  "dateTime" : "12/02/13 19:17:00",
  "value" : "10"
},{
  "dateTime" : "12/02/13 20:06:00",
  "value" : "10"
},{
  "dateTime" : "12/02/13 22:52:00",
  "value" : "10"
},{
  "dateTime" : "12/03/13 06:59:00",
  "value" : "10"
},{
  "dateTime" : "12/03/13 08:32:00",
  "value" : "10"
},{
  "dateTime" : "12/03/13 13:57:00",
  "value" : "10"
},{
  "dateTime" : "12/03/13 18:07:00",
  "value" : "10"
},{
  "dateTime" : "12/03/13 20:09:00",
  "value" : "10"
},{
  "dateTime" : "12/03/13 20:19:00",
  "value" : "10"
},{
  "dateTime" : "12/03/13 23:49:00",
  "value" : "10"
},{
  "dateTime" : "12/04/13 01:23:00",
  "value" : "10"
},{
  "dateTime" : "12/04/13 07:27:00",
  "value" : "10"
},{
  "dateTime" : "12/04/13 08:13:00",
  "value" : "10"
},{
  "dateTime" : "12/04/13 08:43:00",
  "value" : "10"
},{
  "dateTime" : "12/04/13 08:44:00",
  "value" : "10"
},{
  "dateTime" : "12/04/13 10:59:00",
  "value" : "20"
},{
  "dateTime" : "12/04/13 12:14:00",
  "value" : "10"
},{
  "dateTime" : "12/04/13 16:04:00",
  "value" : "10"
},{
  "dateTime" : "12/04/13 17:48:00",
  "value" : "10"
},{
  "dateTime" : "12/04/13 18:10:00",
  "value" : "10"
},{
  "dateTime" : "12/04/13 20:23:00",
  "value" : "10"
},{
  "dateTime" : "12/04/13 23:44:00",
  "value" : "10"
},{
  "dateTime" : "12/05/13 08:29:00",
  "value" : "10"
},{
  "dateTime" : "12/05/13 08:50:00",
  "value" : "10"
},{
  "dateTime" : "12/05/13 09:34:00",
  "value" : "10"
},{
  "dateTime" : "12/05/13 10:47:00",
  "value" : "10"
},{
  "dateTime" : "12/05/13 11:41:00",
  "value" : "10"
},{
  "dateTime" : "12/05/13 13:53:00",
  "value" : "10"
},{
  "dateTime" : "12/05/13 13:57:00",
  "value" : "10"
},{
  "dateTime" : "12/05/13 13:58:00",
  "value" : "10"
},{
  "dateTime" : "12/05/13 13:59:00",
  "value" : "10"
},{
  "dateTime" : "12/05/13 14:00:00",
  "value" : "10"
},{
  "dateTime" : "12/05/13 15:21:00",
  "value" : "10"
},{
  "dateTime" : "12/05/13 16:23:00",
  "value" : "10"
},{
  "dateTime" : "12/05/13 17:13:00",
  "value" : "10"
},{
  "dateTime" : "12/05/13 19:34:00",
  "value" : "10"
},{
  "dateTime" : "12/05/13 19:35:00",
  "value" : "10"
},{
  "dateTime" : "12/05/13 19:36:00",
  "value" : "10"
},{
  "dateTime" : "12/06/13 00:30:00",
  "value" : "10"
},{
  "dateTime" : "12/06/13 08:03:00",
  "value" : "10"
},{
  "dateTime" : "12/06/13 08:39:00",
  "value" : "10"
},{
  "dateTime" : "12/06/13 09:01:00",
  "value" : "10"
},{
  "dateTime" : "12/06/13 09:19:00",
  "value" : "10"
},{
  "dateTime" : "12/06/13 09:20:00",
  "value" : "10"
},{
  "dateTime" : "12/06/13 13:34:00",
  "value" : "10"
},{
  "dateTime" : "12/06/13 13:35:00",
  "value" : "10"
},{
  "dateTime" : "12/06/13 15:51:00",
  "value" : "10"
},{
  "dateTime" : "12/06/13 17:33:00",
  "value" : "10"
},{
  "dateTime" : "12/06/13 17:34:00",
  "value" : "10"
},{
  "dateTime" : "12/06/13 20:05:00",
  "value" : "10"
},{
  "dateTime" : "12/06/13 20:56:00",
  "value" : "10"
},{
  "dateTime" : "12/06/13 21:08:00",
  "value" : "10"
},{
  "dateTime" : "12/06/13 22:48:00",
  "value" : "10"
},{
  "dateTime" : "12/07/13 08:10:00",
  "value" : "10"
},{
  "dateTime" : "12/07/13 09:44:00",
  "value" : "10"
},{
  "dateTime" : "12/07/13 10:03:00",
  "value" : "10"
},{
  "dateTime" : "12/07/13 10:04:00",
  "value" : "10"
},{
  "dateTime" : "12/07/13 10:32:00",
  "value" : "10"
},{
  "dateTime" : "12/07/13 13:54:00",
  "value" : "10"
},{
  "dateTime" : "12/07/13 14:34:00",
  "value" : "10"
},{
  "dateTime" : "12/07/13 15:09:00",
  "value" : "10"
},{
  "dateTime" : "12/07/13 16:10:00",
  "value" : "10"
},{
  "dateTime" : "12/07/13 23:26:00",
  "value" : "10"
},{
  "dateTime" : "12/08/13 08:58:00",
  "value" : "10"
},{
  "dateTime" : "12/08/13 10:08:00",
  "value" : "10"
},{
  "dateTime" : "12/08/13 10:09:00",
  "value" : "10"
},{
  "dateTime" : "12/08/13 14:01:00",
  "value" : "10"
},{
  "dateTime" : "12/08/13 14:55:00",
  "value" : "10"
},{
  "dateTime" : "12/08/13 16:20:00",
  "value" : "10"
},{
  "dateTime" : "12/08/13 16:21:00",
  "value" : "10"
},{
  "dateTime" : "12/08/13 17:57:00",
  "value" : "10"
},{
  "dateTime" : "12/08/13 18:24:00",
  "value" : "10"
},{
  "dateTime" : "12/08/13 19:38:00",
  "value" : "10"
},{
  "dateTime" : "12/08/13 19:58:00",
  "value" : "10"
},{
  "dateTime" : "12/08/13 22:26:00",
  "value" : "10"
},{
  "dateTime" : "12/09/13 07:19:00",
  "value" : "10"
},{
  "dateTime" : "12/09/13 08:26:00",
  "value" : "10"
},{
  "dateTime" : "12/09/13 08:35:00",
  "value" : "10"
},{
  "dateTime" : "12/09/13 12:28:00",
  "value" : "10"
},{
  "dateTime" : "12/09/13 14:08:00",
  "value" : "10"
},{
  "dateTime" : "12/09/13 15:59:00",
  "value" : "10"
},{
  "dateTime" : "12/09/13 19:37:00",
  "value" : "10"
},{
  "dateTime" : "12/09/13 19:54:00",
  "value" : "10"
},{
  "dateTime" : "12/09/13 20:42:00",
  "value" : "10"
},{
  "dateTime" : "12/09/13 22:11:00",
  "value" : "10"
},{
  "dateTime" : "12/10/13 08:42:00",
  "value" : "20"
},{
  "dateTime" : "12/10/13 08:58:00",
  "value" : "10"
},{
  "dateTime" : "12/10/13 08:59:00",
  "value" : "10"
},{
  "dateTime" : "12/10/13 11:00:00",
  "value" : "10"
},{
  "dateTime" : "12/10/13 12:31:00",
  "value" : "10"
},{
  "dateTime" : "12/10/13 13:04:00",
  "value" : "10"
},{
  "dateTime" : "12/10/13 15:00:00",
  "value" : "10"
},{
  "dateTime" : "12/10/13 15:01:00",
  "value" : "10"
},{
  "dateTime" : "12/10/13 16:24:00",
  "value" : "10"
},{
  "dateTime" : "12/10/13 16:55:00",
  "value" : "10"
},{
  "dateTime" : "12/10/13 17:38:00",
  "value" : "10"
},{
  "dateTime" : "12/10/13 18:04:00",
  "value" : "10"
},{
  "dateTime" : "12/10/13 18:54:00",
  "value" : "10"
},{
  "dateTime" : "12/10/13 19:27:00",
  "value" : "10"
},{
  "dateTime" : "12/10/13 19:28:00",
  "value" : "10"
},{
  "dateTime" : "12/10/13 20:56:00",
  "value" : "10"
},{
  "dateTime" : "12/10/13 23:49:00",
  "value" : "10"
},{
  "dateTime" : "12/10/13 23:50:00",
  "value" : "10"
},{
  "dateTime" : "12/11/13 01:09:00",
  "value" : "10"
},{
  "dateTime" : "12/11/13 08:06:00",
  "value" : "10"
},{
  "dateTime" : "12/11/13 09:14:00",
  "value" : "10"
},{
  "dateTime" : "12/11/13 09:15:00",
  "value" : "10"
},{
  "dateTime" : "12/11/13 09:44:00",
  "value" : "10"
},{
  "dateTime" : "12/11/13 09:45:00",
  "value" : "10"
},{
  "dateTime" : "12/11/13 18:12:00",
  "value" : "10"
},{
  "dateTime" : "12/11/13 20:11:00",
  "value" : "10"
},{
  "dateTime" : "12/11/13 21:01:00",
  "value" : "10"
},{
  "dateTime" : "12/12/13 08:17:00",
  "value" : "10"
},{
  "dateTime" : "12/12/13 08:57:00",
  "value" : "10"
},{
  "dateTime" : "12/12/13 08:58:00",
  "value" : "10"
},{
  "dateTime" : "12/12/13 11:15:00",
  "value" : "10"
},{
  "dateTime" : "12/12/13 13:25:00",
  "value" : "10"
},{
  "dateTime" : "12/12/13 14:00:00",
  "value" : "10"
},{
  "dateTime" : "12/12/13 16:00:00",
  "value" : "10"
},{
  "dateTime" : "12/12/13 18:58:00",
  "value" : "10"
},{
  "dateTime" : "12/12/13 18:59:00",
  "value" : "10"
},{
  "dateTime" : "12/12/13 21:07:00",
  "value" : "10"
},{
  "dateTime" : "12/13/13 08:41:00",
  "value" : "10"
},{
  "dateTime" : "12/13/13 09:03:00",
  "value" : "10"
},{
  "dateTime" : "12/13/13 10:16:00",
  "value" : "10"
},{
  "dateTime" : "12/13/13 12:46:00",
  "value" : "10"
},{
  "dateTime" : "12/13/13 13:28:00",
  "value" : "10"
},{
  "dateTime" : "12/13/13 15:13:00",
  "value" : "10"
},{
  "dateTime" : "12/13/13 15:24:00",
  "value" : "10"
},{
  "dateTime" : "12/13/13 20:39:00",
  "value" : "10"
},{
  "dateTime" : "12/13/13 21:28:00",
  "value" : "10"
},{
  "dateTime" : "12/13/13 21:49:00",
  "value" : "10"
},{
  "dateTime" : "12/13/13 22:50:00",
  "value" : "10"
},{
  "dateTime" : "12/14/13 09:38:00",
  "value" : "10"
},{
  "dateTime" : "12/14/13 12:30:00",
  "value" : "10"
},{
  "dateTime" : "12/14/13 12:52:00",
  "value" : "10"
},{
  "dateTime" : "12/14/13 12:53:00",
  "value" : "10"
},{
  "dateTime" : "12/14/13 13:18:00",
  "value" : "10"
},{
  "dateTime" : "12/14/13 15:17:00",
  "value" : "10"
},{
  "dateTime" : "12/14/13 16:12:00",
  "value" : "10"
},{
  "dateTime" : "12/14/13 16:54:00",
  "value" : "10"
},{
  "dateTime" : "12/14/13 17:27:00",
  "value" : "10"
},{
  "dateTime" : "12/14/13 17:31:00",
  "value" : "10"
},{
  "dateTime" : "12/14/13 17:32:00",
  "value" : "10"
},{
  "dateTime" : "12/14/13 19:02:00",
  "value" : "10"
},{
  "dateTime" : "12/14/13 22:03:00",
  "value" : "10"
},{
  "dateTime" : "12/14/13 23:05:00",
  "value" : "10"
},{
  "dateTime" : "12/14/13 23:06:00",
  "value" : "10"
},{
  "dateTime" : "12/15/13 13:31:00",
  "value" : "10"
},{
  "dateTime" : "12/15/13 13:32:00",
  "value" : "10"
},{
  "dateTime" : "12/15/13 14:29:00",
  "value" : "10"
},{
  "dateTime" : "12/15/13 15:26:00",
  "value" : "10"
},{
  "dateTime" : "12/15/13 15:56:00",
  "value" : "10"
},{
  "dateTime" : "12/15/13 17:02:00",
  "value" : "10"
},{
  "dateTime" : "12/15/13 17:03:00",
  "value" : "10"
},{
  "dateTime" : "12/15/13 17:13:00",
  "value" : "10"
},{
  "dateTime" : "12/15/13 17:33:00",
  "value" : "10"
},{
  "dateTime" : "12/15/13 17:51:00",
  "value" : "10"
},{
  "dateTime" : "12/15/13 20:02:00",
  "value" : "10"
},{
  "dateTime" : "12/15/13 20:20:00",
  "value" : "10"
},{
  "dateTime" : "12/15/13 20:21:00",
  "value" : "10"
},{
  "dateTime" : "12/15/13 22:06:00",
  "value" : "10"
},{
  "dateTime" : "12/15/13 22:25:00",
  "value" : "10"
},{
  "dateTime" : "12/15/13 23:25:00",
  "value" : "20"
}]