[{
  "dateTime" : "04/25/12 00:43:00",
  "value" : "10"
},{
  "dateTime" : "04/25/12 01:49:00",
  "value" : "10"
},{
  "dateTime" : "04/25/12 07:52:00",
  "value" : "10"
},{
  "dateTime" : "04/25/12 08:17:00",
  "value" : "10"
},{
  "dateTime" : "04/25/12 08:54:00",
  "value" : "10"
},{
  "dateTime" : "04/25/12 09:16:00",
  "value" : "10"
},{
  "dateTime" : "04/25/12 09:29:00",
  "value" : "10"
},{
  "dateTime" : "04/25/12 09:32:00",
  "value" : "10"
},{
  "dateTime" : "04/25/12 19:20:00",
  "value" : "10"
},{
  "dateTime" : "04/25/12 19:34:00",
  "value" : "10"
},{
  "dateTime" : "04/25/12 20:03:00",
  "value" : "10"
},{
  "dateTime" : "04/25/12 20:06:00",
  "value" : "10"
},{
  "dateTime" : "04/25/12 20:46:00",
  "value" : "10"
},{
  "dateTime" : "04/26/12 03:37:00",
  "value" : "10"
},{
  "dateTime" : "04/26/12 06:27:00",
  "value" : "10"
},{
  "dateTime" : "04/26/12 08:01:00",
  "value" : "10"
},{
  "dateTime" : "04/26/12 08:54:00",
  "value" : "10"
},{
  "dateTime" : "04/26/12 08:56:00",
  "value" : "10"
},{
  "dateTime" : "04/26/12 09:32:00",
  "value" : "10"
},{
  "dateTime" : "04/26/12 15:10:00",
  "value" : "10"
},{
  "dateTime" : "04/26/12 17:29:00",
  "value" : "10"
},{
  "dateTime" : "04/26/12 17:37:00",
  "value" : "10"
},{
  "dateTime" : "04/26/12 20:05:00",
  "value" : "10"
},{
  "dateTime" : "04/26/12 20:12:00",
  "value" : "10"
},{
  "dateTime" : "04/26/12 20:19:00",
  "value" : "10"
},{
  "dateTime" : "04/26/12 20:36:00",
  "value" : "10"
},{
  "dateTime" : "04/26/12 20:40:00",
  "value" : "10"
},{
  "dateTime" : "04/26/12 20:48:00",
  "value" : "10"
},{
  "dateTime" : "04/26/12 21:32:00",
  "value" : "10"
},{
  "dateTime" : "04/26/12 23:05:00",
  "value" : "10"
},{
  "dateTime" : "04/27/12 00:39:00",
  "value" : "10"
},{
  "dateTime" : "04/27/12 08:27:00",
  "value" : "10"
},{
  "dateTime" : "04/27/12 08:39:00",
  "value" : "10"
},{
  "dateTime" : "04/27/12 09:32:00",
  "value" : "40"
},{
  "dateTime" : "04/27/12 09:33:00",
  "value" : "40"
},{
  "dateTime" : "04/27/12 09:34:00",
  "value" : "30"
},{
  "dateTime" : "04/27/12 14:55:00",
  "value" : "10"
},{
  "dateTime" : "04/27/12 15:30:00",
  "value" : "10"
},{
  "dateTime" : "04/27/12 16:20:00",
  "value" : "30"
},{
  "dateTime" : "04/27/12 16:21:00",
  "value" : "40"
},{
  "dateTime" : "04/27/12 16:22:00",
  "value" : "40"
},{
  "dateTime" : "04/27/12 16:23:00",
  "value" : "10"
},{
  "dateTime" : "04/27/12 18:26:00",
  "value" : "10"
},{
  "dateTime" : "04/27/12 18:58:00",
  "value" : "10"
},{
  "dateTime" : "04/27/12 19:44:00",
  "value" : "10"
},{
  "dateTime" : "04/27/12 19:48:00",
  "value" : "10"
},{
  "dateTime" : "04/28/12 03:31:00",
  "value" : "10"
},{
  "dateTime" : "04/28/12 09:48:00",
  "value" : "10"
},{
  "dateTime" : "04/28/12 11:07:00",
  "value" : "10"
},{
  "dateTime" : "04/28/12 12:27:00",
  "value" : "10"
},{
  "dateTime" : "04/28/12 14:01:00",
  "value" : "10"
},{
  "dateTime" : "04/28/12 15:11:00",
  "value" : "10"
},{
  "dateTime" : "04/28/12 15:25:00",
  "value" : "10"
},{
  "dateTime" : "04/28/12 16:05:00",
  "value" : "10"
},{
  "dateTime" : "04/28/12 16:07:00",
  "value" : "10"
},{
  "dateTime" : "04/28/12 16:26:00",
  "value" : "10"
},{
  "dateTime" : "04/28/12 17:07:00",
  "value" : "10"
},{
  "dateTime" : "04/28/12 17:08:00",
  "value" : "10"
},{
  "dateTime" : "04/28/12 17:39:00",
  "value" : "10"
},{
  "dateTime" : "04/28/12 20:08:00",
  "value" : "10"
},{
  "dateTime" : "04/28/12 20:41:00",
  "value" : "10"
},{
  "dateTime" : "04/28/12 20:46:00",
  "value" : "10"
},{
  "dateTime" : "04/28/12 20:58:00",
  "value" : "10"
},{
  "dateTime" : "04/28/12 21:47:00",
  "value" : "10"
},{
  "dateTime" : "04/28/12 22:35:00",
  "value" : "10"
},{
  "dateTime" : "04/28/12 22:36:00",
  "value" : "10"
},{
  "dateTime" : "04/28/12 22:51:00",
  "value" : "10"
},{
  "dateTime" : "04/28/12 23:05:00",
  "value" : "10"
},{
  "dateTime" : "04/29/12 01:29:00",
  "value" : "10"
},{
  "dateTime" : "04/29/12 01:44:00",
  "value" : "10"
},{
  "dateTime" : "04/29/12 11:22:00",
  "value" : "10"
},{
  "dateTime" : "04/29/12 14:40:00",
  "value" : "10"
},{
  "dateTime" : "04/29/12 17:43:00",
  "value" : "10"
},{
  "dateTime" : "04/29/12 20:06:00",
  "value" : "10"
},{
  "dateTime" : "04/29/12 21:12:00",
  "value" : "10"
},{
  "dateTime" : "04/29/12 22:12:00",
  "value" : "10"
},{
  "dateTime" : "04/30/12 01:48:00",
  "value" : "10"
},{
  "dateTime" : "04/30/12 08:21:00",
  "value" : "10"
},{
  "dateTime" : "04/30/12 08:47:00",
  "value" : "10"
},{
  "dateTime" : "04/30/12 08:48:00",
  "value" : "10"
},{
  "dateTime" : "04/30/12 09:17:00",
  "value" : "20"
},{
  "dateTime" : "04/30/12 09:18:00",
  "value" : "40"
},{
  "dateTime" : "04/30/12 09:19:00",
  "value" : "40"
},{
  "dateTime" : "04/30/12 09:20:00",
  "value" : "10"
},{
  "dateTime" : "04/30/12 14:08:00",
  "value" : "10"
},{
  "dateTime" : "04/30/12 15:34:00",
  "value" : "30"
},{
  "dateTime" : "04/30/12 15:35:00",
  "value" : "40"
},{
  "dateTime" : "04/30/12 15:36:00",
  "value" : "30"
},{
  "dateTime" : "04/30/12 15:38:00",
  "value" : "10"
},{
  "dateTime" : "04/30/12 18:03:00",
  "value" : "10"
},{
  "dateTime" : "04/30/12 18:48:00",
  "value" : "10"
},{
  "dateTime" : "04/30/12 19:22:00",
  "value" : "10"
},{
  "dateTime" : "04/30/12 19:29:00",
  "value" : "10"
},{
  "dateTime" : "04/30/12 19:34:00",
  "value" : "10"
},{
  "dateTime" : "04/30/12 19:44:00",
  "value" : "10"
},{
  "dateTime" : "04/30/12 20:43:00",
  "value" : "10"
},{
  "dateTime" : "04/30/12 21:36:00",
  "value" : "10"
},{
  "dateTime" : "05/01/12 07:48:00",
  "value" : "10"
},{
  "dateTime" : "05/01/12 08:08:00",
  "value" : "10"
},{
  "dateTime" : "05/01/12 08:37:00",
  "value" : "10"
},{
  "dateTime" : "05/01/12 09:13:00",
  "value" : "30"
},{
  "dateTime" : "05/01/12 09:14:00",
  "value" : "40"
},{
  "dateTime" : "05/01/12 09:15:00",
  "value" : "40"
},{
  "dateTime" : "05/01/12 15:33:00",
  "value" : "10"
},{
  "dateTime" : "05/01/12 16:31:00",
  "value" : "10"
},{
  "dateTime" : "05/01/12 16:32:00",
  "value" : "40"
},{
  "dateTime" : "05/01/12 16:33:00",
  "value" : "40"
},{
  "dateTime" : "05/01/12 16:34:00",
  "value" : "20"
},{
  "dateTime" : "05/01/12 18:57:00",
  "value" : "10"
},{
  "dateTime" : "05/01/12 19:06:00",
  "value" : "10"
},{
  "dateTime" : "05/01/12 19:10:00",
  "value" : "10"
},{
  "dateTime" : "05/01/12 19:16:00",
  "value" : "10"
},{
  "dateTime" : "05/01/12 19:49:00",
  "value" : "10"
},{
  "dateTime" : "05/01/12 20:35:00",
  "value" : "10"
},{
  "dateTime" : "05/01/12 21:05:00",
  "value" : "10"
},{
  "dateTime" : "05/01/12 21:17:00",
  "value" : "10"
},{
  "dateTime" : "05/01/12 21:50:00",
  "value" : "10"
},{
  "dateTime" : "05/01/12 22:43:00",
  "value" : "10"
},{
  "dateTime" : "05/02/12 08:42:00",
  "value" : "10"
},{
  "dateTime" : "05/02/12 08:56:00",
  "value" : "10"
},{
  "dateTime" : "05/02/12 09:28:00",
  "value" : "40"
},{
  "dateTime" : "05/02/12 09:29:00",
  "value" : "40"
},{
  "dateTime" : "05/02/12 09:30:00",
  "value" : "20"
},{
  "dateTime" : "05/02/12 15:17:00",
  "value" : "10"
},{
  "dateTime" : "05/02/12 16:15:00",
  "value" : "10"
},{
  "dateTime" : "05/02/12 16:16:00",
  "value" : "50"
},{
  "dateTime" : "05/02/12 16:17:00",
  "value" : "30"
},{
  "dateTime" : "05/02/12 17:28:00",
  "value" : "10"
},{
  "dateTime" : "05/02/12 18:51:00",
  "value" : "10"
},{
  "dateTime" : "05/02/12 19:43:00",
  "value" : "10"
},{
  "dateTime" : "05/02/12 20:26:00",
  "value" : "10"
},{
  "dateTime" : "05/02/12 20:30:00",
  "value" : "10"
},{
  "dateTime" : "05/02/12 20:31:00",
  "value" : "10"
},{
  "dateTime" : "05/02/12 20:36:00",
  "value" : "10"
},{
  "dateTime" : "05/02/12 20:41:00",
  "value" : "10"
},{
  "dateTime" : "05/02/12 20:57:00",
  "value" : "10"
},{
  "dateTime" : "05/02/12 23:39:00",
  "value" : "10"
},{
  "dateTime" : "05/03/12 07:39:00",
  "value" : "10"
},{
  "dateTime" : "05/03/12 07:46:00",
  "value" : "10"
},{
  "dateTime" : "05/03/12 07:52:00",
  "value" : "10"
},{
  "dateTime" : "05/03/12 07:58:00",
  "value" : "10"
},{
  "dateTime" : "05/03/12 08:54:00",
  "value" : "10"
},{
  "dateTime" : "05/03/12 09:28:00",
  "value" : "30"
},{
  "dateTime" : "05/03/12 09:29:00",
  "value" : "30"
},{
  "dateTime" : "05/03/12 09:30:00",
  "value" : "30"
},{
  "dateTime" : "05/03/12 09:31:00",
  "value" : "10"
},{
  "dateTime" : "05/03/12 12:21:00",
  "value" : "20"
},{
  "dateTime" : "05/03/12 12:30:00",
  "value" : "50"
},{
  "dateTime" : "05/03/12 12:31:00",
  "value" : "40"
},{
  "dateTime" : "05/03/12 12:32:00",
  "value" : "10"
},{
  "dateTime" : "05/03/12 14:10:00",
  "value" : "10"
},{
  "dateTime" : "05/03/12 14:13:00",
  "value" : "10"
},{
  "dateTime" : "05/03/12 17:37:00",
  "value" : "10"
},{
  "dateTime" : "05/03/12 17:42:00",
  "value" : "10"
},{
  "dateTime" : "05/03/12 18:35:00",
  "value" : "10"
},{
  "dateTime" : "05/03/12 22:35:00",
  "value" : "10"
},{
  "dateTime" : "05/03/12 22:49:00",
  "value" : "10"
},{
  "dateTime" : "05/04/12 07:12:00",
  "value" : "10"
},{
  "dateTime" : "05/04/12 07:13:00",
  "value" : "10"
},{
  "dateTime" : "05/04/12 08:39:00",
  "value" : "10"
},{
  "dateTime" : "05/04/12 08:43:00",
  "value" : "10"
},{
  "dateTime" : "05/04/12 09:06:00",
  "value" : "10"
},{
  "dateTime" : "05/04/12 09:07:00",
  "value" : "50"
},{
  "dateTime" : "05/04/12 09:08:00",
  "value" : "40"
},{
  "dateTime" : "05/04/12 17:26:00",
  "value" : "10"
},{
  "dateTime" : "05/04/12 17:48:00",
  "value" : "10"
},{
  "dateTime" : "05/04/12 19:13:00",
  "value" : "10"
},{
  "dateTime" : "05/04/12 20:52:00",
  "value" : "10"
},{
  "dateTime" : "05/04/12 22:08:00",
  "value" : "10"
},{
  "dateTime" : "05/04/12 22:58:00",
  "value" : "10"
},{
  "dateTime" : "05/05/12 06:10:00",
  "value" : "10"
},{
  "dateTime" : "05/05/12 08:14:00",
  "value" : "10"
},{
  "dateTime" : "05/05/12 08:31:00",
  "value" : "20"
},{
  "dateTime" : "05/05/12 09:32:00",
  "value" : "10"
},{
  "dateTime" : "05/05/12 09:38:00",
  "value" : "10"
},{
  "dateTime" : "05/05/12 10:35:00",
  "value" : "10"
},{
  "dateTime" : "05/05/12 12:38:00",
  "value" : "10"
},{
  "dateTime" : "05/05/12 13:40:00",
  "value" : "10"
},{
  "dateTime" : "05/05/12 15:54:00",
  "value" : "10"
},{
  "dateTime" : "05/05/12 15:56:00",
  "value" : "10"
},{
  "dateTime" : "05/05/12 20:27:00",
  "value" : "10"
},{
  "dateTime" : "05/05/12 23:50:00",
  "value" : "10"
},{
  "dateTime" : "05/06/12 10:22:00",
  "value" : "10"
},{
  "dateTime" : "05/06/12 10:36:00",
  "value" : "10"
},{
  "dateTime" : "05/06/12 11:06:00",
  "value" : "10"
},{
  "dateTime" : "05/06/12 11:41:00",
  "value" : "10"
},{
  "dateTime" : "05/06/12 12:32:00",
  "value" : "10"
},{
  "dateTime" : "05/06/12 14:25:00",
  "value" : "10"
},{
  "dateTime" : "05/06/12 16:45:00",
  "value" : "10"
},{
  "dateTime" : "05/06/12 19:29:00",
  "value" : "10"
},{
  "dateTime" : "05/06/12 23:17:00",
  "value" : "10"
},{
  "dateTime" : "05/07/12 00:37:00",
  "value" : "10"
},{
  "dateTime" : "05/07/12 07:10:00",
  "value" : "10"
},{
  "dateTime" : "05/07/12 07:58:00",
  "value" : "10"
},{
  "dateTime" : "05/07/12 08:37:00",
  "value" : "10"
},{
  "dateTime" : "05/07/12 08:38:00",
  "value" : "10"
},{
  "dateTime" : "05/07/12 18:58:00",
  "value" : "10"
},{
  "dateTime" : "05/07/12 19:57:00",
  "value" : "10"
},{
  "dateTime" : "05/07/12 21:26:00",
  "value" : "10"
},{
  "dateTime" : "05/07/12 23:20:00",
  "value" : "10"
},{
  "dateTime" : "05/08/12 08:28:00",
  "value" : "10"
},{
  "dateTime" : "05/08/12 08:33:00",
  "value" : "10"
},{
  "dateTime" : "05/08/12 18:39:00",
  "value" : "10"
},{
  "dateTime" : "05/08/12 19:16:00",
  "value" : "10"
},{
  "dateTime" : "05/08/12 19:40:00",
  "value" : "10"
},{
  "dateTime" : "05/08/12 21:10:00",
  "value" : "10"
},{
  "dateTime" : "05/08/12 23:42:00",
  "value" : "10"
},{
  "dateTime" : "05/09/12 02:12:00",
  "value" : "10"
},{
  "dateTime" : "05/09/12 07:44:00",
  "value" : "10"
},{
  "dateTime" : "05/09/12 08:24:00",
  "value" : "10"
},{
  "dateTime" : "05/09/12 09:24:00",
  "value" : "40"
},{
  "dateTime" : "05/09/12 09:25:00",
  "value" : "40"
},{
  "dateTime" : "05/09/12 09:26:00",
  "value" : "30"
},{
  "dateTime" : "05/09/12 18:02:00",
  "value" : "10"
},{
  "dateTime" : "05/09/12 18:11:00",
  "value" : "10"
},{
  "dateTime" : "05/09/12 19:27:00",
  "value" : "10"
},{
  "dateTime" : "05/09/12 20:37:00",
  "value" : "10"
},{
  "dateTime" : "05/10/12 07:42:00",
  "value" : "10"
},{
  "dateTime" : "05/10/12 07:47:00",
  "value" : "10"
},{
  "dateTime" : "05/10/12 08:13:00",
  "value" : "10"
},{
  "dateTime" : "05/10/12 09:19:00",
  "value" : "10"
},{
  "dateTime" : "05/10/12 09:20:00",
  "value" : "40"
},{
  "dateTime" : "05/10/12 09:21:00",
  "value" : "40"
},{
  "dateTime" : "05/10/12 09:22:00",
  "value" : "10"
},{
  "dateTime" : "05/10/12 19:59:00",
  "value" : "10"
},{
  "dateTime" : "05/10/12 21:22:00",
  "value" : "10"
},{
  "dateTime" : "05/10/12 21:49:00",
  "value" : "10"
},{
  "dateTime" : "05/10/12 22:22:00",
  "value" : "10"
},{
  "dateTime" : "05/10/12 23:26:00",
  "value" : "10"
},{
  "dateTime" : "05/11/12 00:16:00",
  "value" : "10"
},{
  "dateTime" : "05/11/12 09:11:00",
  "value" : "20"
},{
  "dateTime" : "05/11/12 09:12:00",
  "value" : "40"
},{
  "dateTime" : "05/11/12 09:13:00",
  "value" : "30"
},{
  "dateTime" : "05/11/12 09:14:00",
  "value" : "10"
},{
  "dateTime" : "05/11/12 13:09:00",
  "value" : "20"
},{
  "dateTime" : "05/11/12 18:04:00",
  "value" : "10"
},{
  "dateTime" : "05/11/12 18:29:00",
  "value" : "10"
},{
  "dateTime" : "05/11/12 18:42:00",
  "value" : "10"
},{
  "dateTime" : "05/11/12 19:37:00",
  "value" : "10"
},{
  "dateTime" : "05/11/12 19:47:00",
  "value" : "10"
},{
  "dateTime" : "05/11/12 21:17:00",
  "value" : "10"
},{
  "dateTime" : "05/11/12 22:35:00",
  "value" : "10"
},{
  "dateTime" : "05/12/12 01:38:00",
  "value" : "10"
},{
  "dateTime" : "05/12/12 10:40:00",
  "value" : "10"
},{
  "dateTime" : "05/12/12 10:53:00",
  "value" : "10"
},{
  "dateTime" : "05/12/12 12:25:00",
  "value" : "10"
},{
  "dateTime" : "05/12/12 12:37:00",
  "value" : "10"
},{
  "dateTime" : "05/12/12 13:28:00",
  "value" : "10"
},{
  "dateTime" : "05/12/12 14:29:00",
  "value" : "20"
},{
  "dateTime" : "05/12/12 15:28:00",
  "value" : "10"
},{
  "dateTime" : "05/12/12 17:21:00",
  "value" : "10"
},{
  "dateTime" : "05/12/12 17:24:00",
  "value" : "10"
},{
  "dateTime" : "05/12/12 17:43:00",
  "value" : "10"
},{
  "dateTime" : "05/12/12 20:25:00",
  "value" : "10"
},{
  "dateTime" : "05/12/12 20:34:00",
  "value" : "10"
},{
  "dateTime" : "05/13/12 02:09:00",
  "value" : "10"
},{
  "dateTime" : "05/13/12 11:04:00",
  "value" : "10"
},{
  "dateTime" : "05/13/12 12:25:00",
  "value" : "10"
},{
  "dateTime" : "05/13/12 12:31:00",
  "value" : "10"
},{
  "dateTime" : "05/13/12 13:33:00",
  "value" : "10"
},{
  "dateTime" : "05/13/12 14:31:00",
  "value" : "10"
},{
  "dateTime" : "05/13/12 18:03:00",
  "value" : "10"
},{
  "dateTime" : "05/13/12 21:32:00",
  "value" : "10"
},{
  "dateTime" : "05/13/12 21:41:00",
  "value" : "10"
},{
  "dateTime" : "05/13/12 21:47:00",
  "value" : "10"
},{
  "dateTime" : "05/13/12 22:22:00",
  "value" : "10"
},{
  "dateTime" : "05/13/12 23:49:00",
  "value" : "10"
},{
  "dateTime" : "05/13/12 23:53:00",
  "value" : "10"
},{
  "dateTime" : "05/14/12 07:05:00",
  "value" : "10"
},{
  "dateTime" : "05/14/12 08:02:00",
  "value" : "10"
},{
  "dateTime" : "05/14/12 09:15:00",
  "value" : "10"
},{
  "dateTime" : "05/14/12 09:16:00",
  "value" : "40"
},{
  "dateTime" : "05/14/12 09:17:00",
  "value" : "40"
},{
  "dateTime" : "05/14/12 09:18:00",
  "value" : "10"
},{
  "dateTime" : "05/14/12 15:57:00",
  "value" : "10"
},{
  "dateTime" : "05/14/12 15:58:00",
  "value" : "10"
},{
  "dateTime" : "05/14/12 16:10:00",
  "value" : "10"
},{
  "dateTime" : "05/15/12 10:32:00",
  "value" : "10"
},{
  "dateTime" : "05/15/12 14:09:00",
  "value" : "10"
},{
  "dateTime" : "05/15/12 14:12:00",
  "value" : "10"
},{
  "dateTime" : "05/15/12 14:13:00",
  "value" : "10"
},{
  "dateTime" : "05/15/12 14:14:00",
  "value" : "10"
},{
  "dateTime" : "05/15/12 14:25:00",
  "value" : "10"
},{
  "dateTime" : "05/15/12 19:16:00",
  "value" : "10"
},{
  "dateTime" : "05/15/12 20:09:00",
  "value" : "10"
},{
  "dateTime" : "05/15/12 21:11:00",
  "value" : "10"
},{
  "dateTime" : "05/15/12 22:43:00",
  "value" : "10"
},{
  "dateTime" : "05/15/12 23:29:00",
  "value" : "10"
},{
  "dateTime" : "05/16/12 00:29:00",
  "value" : "10"
},{
  "dateTime" : "05/16/12 08:05:00",
  "value" : "10"
},{
  "dateTime" : "05/16/12 08:28:00",
  "value" : "10"
},{
  "dateTime" : "05/16/12 08:31:00",
  "value" : "10"
},{
  "dateTime" : "05/16/12 09:15:00",
  "value" : "20"
},{
  "dateTime" : "05/16/12 09:16:00",
  "value" : "40"
},{
  "dateTime" : "05/16/12 09:17:00",
  "value" : "30"
},{
  "dateTime" : "05/16/12 09:18:00",
  "value" : "10"
},{
  "dateTime" : "05/16/12 12:57:00",
  "value" : "10"
},{
  "dateTime" : "05/16/12 19:43:00",
  "value" : "10"
},{
  "dateTime" : "05/16/12 20:19:00",
  "value" : "10"
},{
  "dateTime" : "05/16/12 20:47:00",
  "value" : "10"
},{
  "dateTime" : "05/16/12 22:43:00",
  "value" : "10"
},{
  "dateTime" : "05/17/12 09:11:00",
  "value" : "40"
},{
  "dateTime" : "05/17/12 09:12:00",
  "value" : "40"
},{
  "dateTime" : "05/17/12 09:13:00",
  "value" : "30"
},{
  "dateTime" : "05/17/12 17:23:00",
  "value" : "10"
},{
  "dateTime" : "05/17/12 18:34:00",
  "value" : "10"
},{
  "dateTime" : "05/17/12 19:26:00",
  "value" : "10"
},{
  "dateTime" : "05/17/12 19:45:00",
  "value" : "10"
},{
  "dateTime" : "05/17/12 19:58:00",
  "value" : "10"
},{
  "dateTime" : "05/17/12 21:25:00",
  "value" : "10"
},{
  "dateTime" : "05/17/12 21:55:00",
  "value" : "10"
},{
  "dateTime" : "05/17/12 23:10:00",
  "value" : "10"
},{
  "dateTime" : "05/18/12 00:51:00",
  "value" : "10"
},{
  "dateTime" : "05/18/12 01:14:00",
  "value" : "10"
},{
  "dateTime" : "05/18/12 07:57:00",
  "value" : "10"
},{
  "dateTime" : "05/18/12 08:41:00",
  "value" : "10"
},{
  "dateTime" : "05/18/12 09:05:00",
  "value" : "40"
},{
  "dateTime" : "05/18/12 09:06:00",
  "value" : "40"
},{
  "dateTime" : "05/18/12 09:07:00",
  "value" : "30"
},{
  "dateTime" : "05/18/12 16:07:00",
  "value" : "10"
},{
  "dateTime" : "05/18/12 16:26:00",
  "value" : "10"
},{
  "dateTime" : "05/18/12 19:14:00",
  "value" : "10"
},{
  "dateTime" : "05/18/12 19:18:00",
  "value" : "10"
},{
  "dateTime" : "05/18/12 20:13:00",
  "value" : "10"
},{
  "dateTime" : "05/18/12 20:19:00",
  "value" : "10"
},{
  "dateTime" : "05/18/12 20:56:00",
  "value" : "10"
},{
  "dateTime" : "05/18/12 20:57:00",
  "value" : "10"
},{
  "dateTime" : "05/19/12 03:24:00",
  "value" : "10"
},{
  "dateTime" : "05/19/12 11:06:00",
  "value" : "10"
},{
  "dateTime" : "05/19/12 13:43:00",
  "value" : "10"
},{
  "dateTime" : "05/19/12 18:40:00",
  "value" : "10"
},{
  "dateTime" : "05/20/12 02:50:00",
  "value" : "10"
},{
  "dateTime" : "05/20/12 09:48:00",
  "value" : "10"
},{
  "dateTime" : "05/20/12 10:16:00",
  "value" : "10"
},{
  "dateTime" : "05/20/12 10:43:00",
  "value" : "10"
},{
  "dateTime" : "05/20/12 11:09:00",
  "value" : "10"
},{
  "dateTime" : "05/20/12 11:54:00",
  "value" : "10"
},{
  "dateTime" : "05/20/12 15:27:00",
  "value" : "30"
},{
  "dateTime" : "05/20/12 15:39:00",
  "value" : "20"
},{
  "dateTime" : "05/20/12 18:16:00",
  "value" : "10"
},{
  "dateTime" : "05/20/12 21:05:00",
  "value" : "10"
},{
  "dateTime" : "05/20/12 21:33:00",
  "value" : "10"
},{
  "dateTime" : "05/21/12 01:53:00",
  "value" : "10"
},{
  "dateTime" : "05/21/12 07:39:00",
  "value" : "10"
},{
  "dateTime" : "05/21/12 08:24:00",
  "value" : "10"
},{
  "dateTime" : "05/21/12 08:26:00",
  "value" : "10"
},{
  "dateTime" : "05/21/12 08:29:00",
  "value" : "10"
},{
  "dateTime" : "05/21/12 09:05:00",
  "value" : "10"
},{
  "dateTime" : "05/21/12 09:06:00",
  "value" : "50"
},{
  "dateTime" : "05/21/12 09:07:00",
  "value" : "40"
},{
  "dateTime" : "05/21/12 19:06:00",
  "value" : "10"
},{
  "dateTime" : "05/21/12 19:54:00",
  "value" : "10"
},{
  "dateTime" : "05/21/12 20:24:00",
  "value" : "10"
},{
  "dateTime" : "05/21/12 21:53:00",
  "value" : "10"
},{
  "dateTime" : "05/21/12 22:44:00",
  "value" : "10"
},{
  "dateTime" : "05/22/12 07:08:00",
  "value" : "10"
},{
  "dateTime" : "05/22/12 08:25:00",
  "value" : "10"
},{
  "dateTime" : "05/22/12 09:56:00",
  "value" : "10"
},{
  "dateTime" : "05/23/12 09:01:00",
  "value" : "10"
},{
  "dateTime" : "05/23/12 11:53:00",
  "value" : "10"
},{
  "dateTime" : "05/23/12 20:25:00",
  "value" : "10"
},{
  "dateTime" : "05/24/12 10:07:00",
  "value" : "10"
},{
  "dateTime" : "05/24/12 11:34:00",
  "value" : "10"
},{
  "dateTime" : "05/24/12 11:40:00",
  "value" : "10"
},{
  "dateTime" : "05/24/12 13:06:00",
  "value" : "10"
},{
  "dateTime" : "05/24/12 15:52:00",
  "value" : "10"
},{
  "dateTime" : "05/24/12 15:59:00",
  "value" : "10"
},{
  "dateTime" : "05/24/12 17:09:00",
  "value" : "10"
},{
  "dateTime" : "05/24/12 22:06:00",
  "value" : "10"
},{
  "dateTime" : "05/24/12 22:14:00",
  "value" : "10"
}]