[{
  "dateTime" : "11/30/16 09:57:00",
  "value" : "10"
},{
  "dateTime" : "11/30/16 10:22:00",
  "value" : "10"
},{
  "dateTime" : "11/30/16 13:52:00",
  "value" : "10"
},{
  "dateTime" : "11/30/16 14:24:00",
  "value" : "10"
},{
  "dateTime" : "11/30/16 17:57:00",
  "value" : "20"
},{
  "dateTime" : "12/02/16 08:38:00",
  "value" : "10"
},{
  "dateTime" : "12/02/16 08:56:00",
  "value" : "10"
},{
  "dateTime" : "12/02/16 11:15:00",
  "value" : "10"
},{
  "dateTime" : "12/04/16 12:42:00",
  "value" : "10"
},{
  "dateTime" : "12/04/16 13:37:00",
  "value" : "10"
},{
  "dateTime" : "12/04/16 16:56:00",
  "value" : "10"
},{
  "dateTime" : "12/04/16 19:20:00",
  "value" : "10"
},{
  "dateTime" : "12/04/16 19:21:00",
  "value" : "10"
},{
  "dateTime" : "12/04/16 19:22:00",
  "value" : "20"
},{
  "dateTime" : "12/04/16 20:54:00",
  "value" : "10"
},{
  "dateTime" : "12/04/16 22:53:00",
  "value" : "10"
}]