[{
  "dateTime" : "08/13/14 00:41:00",
  "value" : "10"
},{
  "dateTime" : "08/13/14 01:59:00",
  "value" : "10"
},{
  "dateTime" : "08/13/14 06:59:00",
  "value" : "10"
},{
  "dateTime" : "08/13/14 08:12:00",
  "value" : "10"
},{
  "dateTime" : "08/13/14 10:37:00",
  "value" : "10"
},{
  "dateTime" : "08/13/14 10:38:00",
  "value" : "10"
},{
  "dateTime" : "08/13/14 10:39:00",
  "value" : "20"
},{
  "dateTime" : "08/13/14 11:03:00",
  "value" : "10"
},{
  "dateTime" : "08/13/14 11:18:00",
  "value" : "10"
},{
  "dateTime" : "08/13/14 11:19:00",
  "value" : "10"
},{
  "dateTime" : "08/13/14 14:03:00",
  "value" : "10"
},{
  "dateTime" : "08/13/14 15:22:00",
  "value" : "10"
},{
  "dateTime" : "08/13/14 15:23:00",
  "value" : "10"
},{
  "dateTime" : "08/13/14 17:23:00",
  "value" : "10"
},{
  "dateTime" : "08/13/14 17:24:00",
  "value" : "10"
},{
  "dateTime" : "08/13/14 18:45:00",
  "value" : "10"
},{
  "dateTime" : "08/13/14 18:46:00",
  "value" : "10"
},{
  "dateTime" : "08/13/14 20:40:00",
  "value" : "10"
},{
  "dateTime" : "08/13/14 20:48:00",
  "value" : "10"
},{
  "dateTime" : "08/13/14 21:03:00",
  "value" : "10"
},{
  "dateTime" : "08/13/14 22:10:00",
  "value" : "10"
},{
  "dateTime" : "08/14/14 10:56:00",
  "value" : "10"
},{
  "dateTime" : "08/14/14 13:43:00",
  "value" : "10"
},{
  "dateTime" : "08/14/14 14:01:00",
  "value" : "10"
},{
  "dateTime" : "08/14/14 14:02:00",
  "value" : "10"
},{
  "dateTime" : "08/14/14 14:24:00",
  "value" : "10"
},{
  "dateTime" : "08/14/14 14:48:00",
  "value" : "10"
},{
  "dateTime" : "08/14/14 15:36:00",
  "value" : "10"
},{
  "dateTime" : "08/14/14 17:04:00",
  "value" : "10"
},{
  "dateTime" : "08/14/14 20:01:00",
  "value" : "10"
},{
  "dateTime" : "08/14/14 21:48:00",
  "value" : "10"
},{
  "dateTime" : "08/14/14 22:33:00",
  "value" : "10"
},{
  "dateTime" : "08/15/14 08:26:00",
  "value" : "10"
},{
  "dateTime" : "08/15/14 10:08:00",
  "value" : "10"
},{
  "dateTime" : "08/15/14 12:11:00",
  "value" : "10"
},{
  "dateTime" : "08/15/14 12:43:00",
  "value" : "10"
},{
  "dateTime" : "08/15/14 14:15:00",
  "value" : "10"
},{
  "dateTime" : "08/15/14 16:16:00",
  "value" : "10"
},{
  "dateTime" : "08/15/14 16:41:00",
  "value" : "10"
},{
  "dateTime" : "08/15/14 17:44:00",
  "value" : "10"
},{
  "dateTime" : "08/15/14 21:29:00",
  "value" : "10"
},{
  "dateTime" : "08/15/14 22:04:00",
  "value" : "10"
},{
  "dateTime" : "08/15/14 22:12:00",
  "value" : "10"
},{
  "dateTime" : "08/16/14 03:13:00",
  "value" : "10"
},{
  "dateTime" : "08/16/14 10:39:00",
  "value" : "10"
},{
  "dateTime" : "08/16/14 12:39:00",
  "value" : "10"
},{
  "dateTime" : "08/16/14 14:27:00",
  "value" : "10"
},{
  "dateTime" : "08/16/14 14:50:00",
  "value" : "10"
},{
  "dateTime" : "08/16/14 17:18:00",
  "value" : "10"
},{
  "dateTime" : "08/16/14 17:19:00",
  "value" : "10"
},{
  "dateTime" : "08/16/14 19:55:00",
  "value" : "10"
},{
  "dateTime" : "08/16/14 20:23:00",
  "value" : "10"
},{
  "dateTime" : "08/16/14 21:17:00",
  "value" : "10"
},{
  "dateTime" : "08/17/14 00:31:00",
  "value" : "10"
},{
  "dateTime" : "08/17/14 02:58:00",
  "value" : "10"
},{
  "dateTime" : "08/17/14 12:57:00",
  "value" : "10"
},{
  "dateTime" : "08/17/14 19:19:00",
  "value" : "10"
},{
  "dateTime" : "08/17/14 19:50:00",
  "value" : "10"
},{
  "dateTime" : "08/17/14 19:51:00",
  "value" : "10"
},{
  "dateTime" : "08/17/14 21:31:00",
  "value" : "10"
},{
  "dateTime" : "08/17/14 21:53:00",
  "value" : "10"
},{
  "dateTime" : "08/17/14 22:53:00",
  "value" : "10"
},{
  "dateTime" : "08/18/14 08:18:00",
  "value" : "10"
},{
  "dateTime" : "08/18/14 08:44:00",
  "value" : "10"
},{
  "dateTime" : "08/18/14 08:45:00",
  "value" : "10"
},{
  "dateTime" : "08/18/14 08:46:00",
  "value" : "20"
},{
  "dateTime" : "08/18/14 08:47:00",
  "value" : "10"
},{
  "dateTime" : "08/18/14 08:48:00",
  "value" : "10"
},{
  "dateTime" : "08/18/14 15:31:00",
  "value" : "10"
},{
  "dateTime" : "08/18/14 16:03:00",
  "value" : "10"
},{
  "dateTime" : "08/18/14 16:28:00",
  "value" : "10"
},{
  "dateTime" : "08/18/14 16:29:00",
  "value" : "10"
},{
  "dateTime" : "08/18/14 16:30:00",
  "value" : "10"
},{
  "dateTime" : "08/18/14 17:20:00",
  "value" : "10"
},{
  "dateTime" : "08/18/14 18:58:00",
  "value" : "10"
},{
  "dateTime" : "08/18/14 20:39:00",
  "value" : "10"
},{
  "dateTime" : "08/19/14 10:31:00",
  "value" : "10"
},{
  "dateTime" : "08/19/14 12:59:00",
  "value" : "10"
},{
  "dateTime" : "08/19/14 13:17:00",
  "value" : "10"
},{
  "dateTime" : "08/19/14 14:10:00",
  "value" : "10"
},{
  "dateTime" : "08/19/14 15:18:00",
  "value" : "20"
},{
  "dateTime" : "08/19/14 15:19:00",
  "value" : "10"
},{
  "dateTime" : "08/19/14 16:21:00",
  "value" : "10"
},{
  "dateTime" : "08/19/14 16:45:00",
  "value" : "10"
},{
  "dateTime" : "08/19/14 16:54:00",
  "value" : "10"
},{
  "dateTime" : "08/19/14 17:12:00",
  "value" : "10"
},{
  "dateTime" : "08/19/14 18:18:00",
  "value" : "10"
},{
  "dateTime" : "08/19/14 18:40:00",
  "value" : "10"
},{
  "dateTime" : "08/19/14 19:02:00",
  "value" : "10"
},{
  "dateTime" : "08/19/14 19:03:00",
  "value" : "10"
},{
  "dateTime" : "08/19/14 19:04:00",
  "value" : "10"
},{
  "dateTime" : "08/19/14 19:05:00",
  "value" : "10"
},{
  "dateTime" : "08/19/14 19:35:00",
  "value" : "10"
},{
  "dateTime" : "08/19/14 19:36:00",
  "value" : "10"
},{
  "dateTime" : "08/19/14 19:37:00",
  "value" : "10"
},{
  "dateTime" : "08/19/14 19:52:00",
  "value" : "20"
},{
  "dateTime" : "08/19/14 21:08:00",
  "value" : "10"
},{
  "dateTime" : "08/19/14 21:35:00",
  "value" : "10"
},{
  "dateTime" : "08/19/14 22:31:00",
  "value" : "10"
},{
  "dateTime" : "08/20/14 09:11:00",
  "value" : "10"
},{
  "dateTime" : "08/20/14 09:37:00",
  "value" : "10"
},{
  "dateTime" : "08/20/14 09:38:00",
  "value" : "10"
},{
  "dateTime" : "08/20/14 09:39:00",
  "value" : "20"
},{
  "dateTime" : "08/20/14 11:04:00",
  "value" : "10"
},{
  "dateTime" : "08/20/14 12:58:00",
  "value" : "10"
},{
  "dateTime" : "08/20/14 13:09:00",
  "value" : "10"
},{
  "dateTime" : "08/20/14 13:30:00",
  "value" : "10"
},{
  "dateTime" : "08/20/14 13:31:00",
  "value" : "20"
},{
  "dateTime" : "08/20/14 15:31:00",
  "value" : "10"
},{
  "dateTime" : "08/20/14 15:32:00",
  "value" : "10"
},{
  "dateTime" : "08/20/14 16:40:00",
  "value" : "10"
},{
  "dateTime" : "08/20/14 16:41:00",
  "value" : "10"
},{
  "dateTime" : "08/20/14 17:22:00",
  "value" : "10"
},{
  "dateTime" : "08/20/14 17:23:00",
  "value" : "10"
},{
  "dateTime" : "08/20/14 17:24:00",
  "value" : "10"
},{
  "dateTime" : "08/20/14 19:15:00",
  "value" : "10"
},{
  "dateTime" : "08/20/14 19:17:00",
  "value" : "10"
},{
  "dateTime" : "08/20/14 19:37:00",
  "value" : "10"
},{
  "dateTime" : "08/20/14 20:18:00",
  "value" : "10"
},{
  "dateTime" : "08/20/14 20:53:00",
  "value" : "10"
},{
  "dateTime" : "08/20/14 21:26:00",
  "value" : "10"
},{
  "dateTime" : "08/20/14 22:06:00",
  "value" : "10"
},{
  "dateTime" : "08/21/14 00:15:00",
  "value" : "10"
},{
  "dateTime" : "08/21/14 08:52:00",
  "value" : "10"
},{
  "dateTime" : "08/21/14 09:05:00",
  "value" : "10"
},{
  "dateTime" : "08/21/14 18:00:00",
  "value" : "10"
},{
  "dateTime" : "08/21/14 18:28:00",
  "value" : "10"
},{
  "dateTime" : "08/21/14 20:51:00",
  "value" : "10"
},{
  "dateTime" : "08/22/14 01:07:00",
  "value" : "10"
},{
  "dateTime" : "08/22/14 07:24:00",
  "value" : "10"
},{
  "dateTime" : "08/22/14 07:25:00",
  "value" : "10"
},{
  "dateTime" : "08/22/14 07:34:00",
  "value" : "10"
},{
  "dateTime" : "08/22/14 09:04:00",
  "value" : "10"
},{
  "dateTime" : "08/22/14 09:05:00",
  "value" : "30"
},{
  "dateTime" : "08/22/14 09:06:00",
  "value" : "10"
},{
  "dateTime" : "08/22/14 09:38:00",
  "value" : "10"
},{
  "dateTime" : "08/22/14 09:39:00",
  "value" : "30"
},{
  "dateTime" : "08/22/14 09:40:00",
  "value" : "10"
},{
  "dateTime" : "08/22/14 09:41:00",
  "value" : "10"
},{
  "dateTime" : "08/22/14 09:42:00",
  "value" : "10"
},{
  "dateTime" : "08/22/14 10:08:00",
  "value" : "10"
},{
  "dateTime" : "08/22/14 11:41:00",
  "value" : "10"
},{
  "dateTime" : "08/22/14 13:30:00",
  "value" : "10"
},{
  "dateTime" : "08/22/14 13:31:00",
  "value" : "10"
},{
  "dateTime" : "08/22/14 13:58:00",
  "value" : "10"
},{
  "dateTime" : "08/22/14 15:11:00",
  "value" : "10"
},{
  "dateTime" : "08/22/14 15:12:00",
  "value" : "10"
},{
  "dateTime" : "08/22/14 15:35:00",
  "value" : "10"
},{
  "dateTime" : "08/22/14 15:52:00",
  "value" : "10"
},{
  "dateTime" : "08/22/14 16:39:00",
  "value" : "10"
},{
  "dateTime" : "08/22/14 19:29:00",
  "value" : "10"
},{
  "dateTime" : "08/22/14 23:32:00",
  "value" : "20"
},{
  "dateTime" : "08/23/14 00:12:00",
  "value" : "20"
},{
  "dateTime" : "08/23/14 02:05:00",
  "value" : "20"
},{
  "dateTime" : "08/23/14 08:44:00",
  "value" : "10"
},{
  "dateTime" : "08/23/14 09:39:00",
  "value" : "10"
},{
  "dateTime" : "08/23/14 10:16:00",
  "value" : "10"
},{
  "dateTime" : "08/23/14 10:17:00",
  "value" : "10"
},{
  "dateTime" : "08/23/14 13:33:00",
  "value" : "10"
},{
  "dateTime" : "08/23/14 13:34:00",
  "value" : "10"
},{
  "dateTime" : "08/23/14 14:32:00",
  "value" : "20"
},{
  "dateTime" : "08/23/14 14:33:00",
  "value" : "10"
},{
  "dateTime" : "08/23/14 14:34:00",
  "value" : "10"
},{
  "dateTime" : "08/23/14 16:48:00",
  "value" : "10"
},{
  "dateTime" : "08/23/14 21:06:00",
  "value" : "10"
},{
  "dateTime" : "08/24/14 07:21:00",
  "value" : "10"
},{
  "dateTime" : "08/24/14 08:16:00",
  "value" : "10"
},{
  "dateTime" : "08/24/14 08:17:00",
  "value" : "10"
},{
  "dateTime" : "08/24/14 09:05:00",
  "value" : "10"
},{
  "dateTime" : "08/24/14 09:06:00",
  "value" : "10"
},{
  "dateTime" : "08/24/14 09:21:00",
  "value" : "10"
},{
  "dateTime" : "08/24/14 09:44:00",
  "value" : "10"
},{
  "dateTime" : "08/24/14 10:39:00",
  "value" : "10"
},{
  "dateTime" : "08/24/14 11:15:00",
  "value" : "10"
},{
  "dateTime" : "08/24/14 14:31:00",
  "value" : "10"
},{
  "dateTime" : "08/24/14 17:27:00",
  "value" : "10"
},{
  "dateTime" : "08/24/14 17:28:00",
  "value" : "10"
},{
  "dateTime" : "08/24/14 19:05:00",
  "value" : "10"
},{
  "dateTime" : "08/24/14 22:14:00",
  "value" : "10"
},{
  "dateTime" : "08/25/14 02:41:00",
  "value" : "10"
},{
  "dateTime" : "08/25/14 08:07:00",
  "value" : "10"
},{
  "dateTime" : "08/25/14 08:08:00",
  "value" : "20"
},{
  "dateTime" : "08/25/14 08:45:00",
  "value" : "10"
},{
  "dateTime" : "08/25/14 09:38:00",
  "value" : "20"
},{
  "dateTime" : "08/25/14 10:58:00",
  "value" : "10"
},{
  "dateTime" : "08/25/14 11:42:00",
  "value" : "10"
},{
  "dateTime" : "08/25/14 12:17:00",
  "value" : "10"
},{
  "dateTime" : "08/25/14 13:15:00",
  "value" : "20"
},{
  "dateTime" : "08/25/14 14:07:00",
  "value" : "10"
},{
  "dateTime" : "08/25/14 14:36:00",
  "value" : "10"
},{
  "dateTime" : "08/25/14 17:08:00",
  "value" : "10"
},{
  "dateTime" : "08/25/14 17:09:00",
  "value" : "10"
},{
  "dateTime" : "08/25/14 17:32:00",
  "value" : "10"
},{
  "dateTime" : "08/25/14 18:33:00",
  "value" : "10"
},{
  "dateTime" : "08/25/14 19:13:00",
  "value" : "10"
},{
  "dateTime" : "08/25/14 19:30:00",
  "value" : "10"
},{
  "dateTime" : "08/25/14 22:02:00",
  "value" : "10"
},{
  "dateTime" : "08/26/14 01:09:00",
  "value" : "10"
},{
  "dateTime" : "08/26/14 08:43:00",
  "value" : "10"
},{
  "dateTime" : "08/26/14 09:05:00",
  "value" : "10"
},{
  "dateTime" : "08/26/14 09:12:00",
  "value" : "10"
},{
  "dateTime" : "08/26/14 14:28:00",
  "value" : "10"
},{
  "dateTime" : "08/26/14 15:48:00",
  "value" : "10"
},{
  "dateTime" : "08/26/14 15:54:00",
  "value" : "10"
},{
  "dateTime" : "08/26/14 16:23:00",
  "value" : "10"
},{
  "dateTime" : "08/26/14 18:19:00",
  "value" : "10"
},{
  "dateTime" : "08/26/14 18:55:00",
  "value" : "10"
},{
  "dateTime" : "08/26/14 18:56:00",
  "value" : "10"
},{
  "dateTime" : "08/26/14 20:26:00",
  "value" : "10"
},{
  "dateTime" : "08/27/14 08:26:00",
  "value" : "10"
},{
  "dateTime" : "08/27/14 08:42:00",
  "value" : "10"
},{
  "dateTime" : "08/27/14 08:48:00",
  "value" : "10"
},{
  "dateTime" : "08/27/14 15:26:00",
  "value" : "10"
},{
  "dateTime" : "08/27/14 16:26:00",
  "value" : "10"
},{
  "dateTime" : "08/27/14 16:27:00",
  "value" : "10"
},{
  "dateTime" : "08/27/14 17:42:00",
  "value" : "10"
},{
  "dateTime" : "08/27/14 19:33:00",
  "value" : "10"
},{
  "dateTime" : "08/27/14 20:33:00",
  "value" : "10"
},{
  "dateTime" : "08/27/14 20:58:00",
  "value" : "10"
},{
  "dateTime" : "08/28/14 08:33:00",
  "value" : "10"
},{
  "dateTime" : "08/28/14 08:34:00",
  "value" : "10"
},{
  "dateTime" : "08/28/14 10:29:00",
  "value" : "10"
},{
  "dateTime" : "08/28/14 10:46:00",
  "value" : "10"
},{
  "dateTime" : "08/28/14 11:29:00",
  "value" : "10"
},{
  "dateTime" : "08/28/14 12:23:00",
  "value" : "10"
},{
  "dateTime" : "08/28/14 13:31:00",
  "value" : "10"
},{
  "dateTime" : "08/28/14 14:53:00",
  "value" : "10"
},{
  "dateTime" : "08/28/14 15:13:00",
  "value" : "20"
},{
  "dateTime" : "08/28/14 15:21:00",
  "value" : "30"
},{
  "dateTime" : "08/28/14 15:22:00",
  "value" : "20"
},{
  "dateTime" : "08/28/14 15:35:00",
  "value" : "20"
},{
  "dateTime" : "08/28/14 15:47:00",
  "value" : "10"
},{
  "dateTime" : "08/28/14 16:12:00",
  "value" : "30"
},{
  "dateTime" : "08/28/14 16:43:00",
  "value" : "10"
},{
  "dateTime" : "08/28/14 17:03:00",
  "value" : "10"
},{
  "dateTime" : "08/28/14 17:27:00",
  "value" : "10"
},{
  "dateTime" : "08/28/14 20:10:00",
  "value" : "10"
},{
  "dateTime" : "08/28/14 20:11:00",
  "value" : "10"
},{
  "dateTime" : "08/28/14 22:12:00",
  "value" : "10"
},{
  "dateTime" : "08/29/14 00:46:00",
  "value" : "10"
},{
  "dateTime" : "08/29/14 08:41:00",
  "value" : "10"
},{
  "dateTime" : "08/29/14 10:56:00",
  "value" : "10"
},{
  "dateTime" : "08/29/14 14:14:00",
  "value" : "10"
},{
  "dateTime" : "08/29/14 14:42:00",
  "value" : "10"
},{
  "dateTime" : "08/29/14 15:11:00",
  "value" : "10"
},{
  "dateTime" : "08/29/14 15:12:00",
  "value" : "20"
},{
  "dateTime" : "08/29/14 15:13:00",
  "value" : "60"
},{
  "dateTime" : "08/29/14 15:14:00",
  "value" : "10"
},{
  "dateTime" : "08/29/14 15:15:00",
  "value" : "30"
},{
  "dateTime" : "08/29/14 15:16:00",
  "value" : "40"
},{
  "dateTime" : "08/29/14 17:43:00",
  "value" : "10"
},{
  "dateTime" : "08/29/14 18:20:00",
  "value" : "10"
},{
  "dateTime" : "08/29/14 21:03:00",
  "value" : "10"
},{
  "dateTime" : "08/30/14 07:18:00",
  "value" : "10"
},{
  "dateTime" : "08/30/14 11:10:00",
  "value" : "10"
},{
  "dateTime" : "08/30/14 20:35:00",
  "value" : "10"
},{
  "dateTime" : "08/31/14 08:46:00",
  "value" : "10"
},{
  "dateTime" : "08/31/14 09:21:00",
  "value" : "10"
},{
  "dateTime" : "08/31/14 15:22:00",
  "value" : "10"
},{
  "dateTime" : "08/31/14 19:53:00",
  "value" : "10"
},{
  "dateTime" : "08/31/14 20:42:00",
  "value" : "10"
},{
  "dateTime" : "08/31/14 21:51:00",
  "value" : "10"
},{
  "dateTime" : "09/01/14 01:21:00",
  "value" : "10"
},{
  "dateTime" : "09/01/14 10:28:00",
  "value" : "10"
},{
  "dateTime" : "09/01/14 11:28:00",
  "value" : "10"
},{
  "dateTime" : "09/01/14 16:37:00",
  "value" : "10"
},{
  "dateTime" : "09/01/14 19:15:00",
  "value" : "10"
},{
  "dateTime" : "09/01/14 23:42:00",
  "value" : "10"
},{
  "dateTime" : "09/02/14 05:42:00",
  "value" : "10"
},{
  "dateTime" : "09/02/14 08:50:00",
  "value" : "10"
},{
  "dateTime" : "09/02/14 14:23:00",
  "value" : "10"
},{
  "dateTime" : "09/02/14 15:32:00",
  "value" : "10"
},{
  "dateTime" : "09/02/14 17:14:00",
  "value" : "10"
},{
  "dateTime" : "09/02/14 17:55:00",
  "value" : "10"
},{
  "dateTime" : "09/02/14 19:30:00",
  "value" : "10"
},{
  "dateTime" : "09/02/14 23:33:00",
  "value" : "10"
},{
  "dateTime" : "09/03/14 05:43:00",
  "value" : "10"
},{
  "dateTime" : "09/03/14 07:40:00",
  "value" : "10"
},{
  "dateTime" : "09/03/14 12:31:00",
  "value" : "10"
},{
  "dateTime" : "09/03/14 14:50:00",
  "value" : "10"
},{
  "dateTime" : "09/03/14 16:27:00",
  "value" : "10"
},{
  "dateTime" : "09/03/14 16:38:00",
  "value" : "10"
},{
  "dateTime" : "09/03/14 17:02:00",
  "value" : "10"
},{
  "dateTime" : "09/03/14 22:39:00",
  "value" : "10"
},{
  "dateTime" : "09/04/14 02:46:00",
  "value" : "10"
},{
  "dateTime" : "09/04/14 09:08:00",
  "value" : "10"
},{
  "dateTime" : "09/04/14 10:14:00",
  "value" : "10"
},{
  "dateTime" : "09/04/14 10:33:00",
  "value" : "10"
},{
  "dateTime" : "09/04/14 12:07:00",
  "value" : "10"
},{
  "dateTime" : "09/04/14 16:15:00",
  "value" : "10"
},{
  "dateTime" : "09/04/14 17:06:00",
  "value" : "10"
},{
  "dateTime" : "09/04/14 17:07:00",
  "value" : "10"
},{
  "dateTime" : "09/04/14 17:17:00",
  "value" : "10"
},{
  "dateTime" : "09/04/14 17:47:00",
  "value" : "10"
},{
  "dateTime" : "09/04/14 17:48:00",
  "value" : "10"
},{
  "dateTime" : "09/04/14 17:55:00",
  "value" : "10"
},{
  "dateTime" : "09/04/14 19:19:00",
  "value" : "10"
},{
  "dateTime" : "09/04/14 20:17:00",
  "value" : "10"
},{
  "dateTime" : "09/04/14 20:18:00",
  "value" : "10"
},{
  "dateTime" : "09/04/14 20:19:00",
  "value" : "10"
},{
  "dateTime" : "09/04/14 20:26:00",
  "value" : "10"
},{
  "dateTime" : "09/04/14 20:27:00",
  "value" : "10"
},{
  "dateTime" : "09/04/14 20:28:00",
  "value" : "10"
},{
  "dateTime" : "09/05/14 06:50:00",
  "value" : "10"
},{
  "dateTime" : "09/05/14 08:00:00",
  "value" : "10"
},{
  "dateTime" : "09/05/14 08:06:00",
  "value" : "10"
},{
  "dateTime" : "09/05/14 08:07:00",
  "value" : "10"
},{
  "dateTime" : "09/05/14 12:18:00",
  "value" : "10"
},{
  "dateTime" : "09/05/14 12:40:00",
  "value" : "10"
},{
  "dateTime" : "09/05/14 12:41:00",
  "value" : "10"
},{
  "dateTime" : "09/05/14 12:42:00",
  "value" : "10"
},{
  "dateTime" : "09/05/14 15:45:00",
  "value" : "10"
},{
  "dateTime" : "09/05/14 16:02:00",
  "value" : "10"
},{
  "dateTime" : "09/05/14 16:03:00",
  "value" : "10"
},{
  "dateTime" : "09/05/14 22:01:00",
  "value" : "10"
},{
  "dateTime" : "09/05/14 23:31:00",
  "value" : "10"
},{
  "dateTime" : "09/06/14 07:34:00",
  "value" : "10"
},{
  "dateTime" : "09/06/14 08:01:00",
  "value" : "10"
},{
  "dateTime" : "09/06/14 09:21:00",
  "value" : "10"
},{
  "dateTime" : "09/06/14 10:54:00",
  "value" : "10"
},{
  "dateTime" : "09/06/14 12:21:00",
  "value" : "10"
},{
  "dateTime" : "09/06/14 13:10:00",
  "value" : "10"
},{
  "dateTime" : "09/06/14 13:11:00",
  "value" : "10"
},{
  "dateTime" : "09/06/14 15:54:00",
  "value" : "10"
},{
  "dateTime" : "09/06/14 16:54:00",
  "value" : "10"
},{
  "dateTime" : "09/06/14 16:55:00",
  "value" : "20"
},{
  "dateTime" : "09/06/14 16:56:00",
  "value" : "10"
},{
  "dateTime" : "09/06/14 19:15:00",
  "value" : "10"
},{
  "dateTime" : "09/06/14 19:45:00",
  "value" : "10"
},{
  "dateTime" : "09/06/14 20:50:00",
  "value" : "10"
},{
  "dateTime" : "09/06/14 20:51:00",
  "value" : "10"
},{
  "dateTime" : "09/06/14 20:52:00",
  "value" : "10"
},{
  "dateTime" : "09/07/14 10:03:00",
  "value" : "10"
},{
  "dateTime" : "09/07/14 15:19:00",
  "value" : "10"
},{
  "dateTime" : "09/07/14 15:38:00",
  "value" : "10"
},{
  "dateTime" : "09/07/14 15:39:00",
  "value" : "10"
},{
  "dateTime" : "09/07/14 15:40:00",
  "value" : "10"
},{
  "dateTime" : "09/07/14 16:05:00",
  "value" : "10"
},{
  "dateTime" : "09/07/14 17:09:00",
  "value" : "10"
},{
  "dateTime" : "09/07/14 17:10:00",
  "value" : "10"
},{
  "dateTime" : "09/07/14 17:23:00",
  "value" : "20"
},{
  "dateTime" : "09/07/14 17:45:00",
  "value" : "10"
},{
  "dateTime" : "09/07/14 18:34:00",
  "value" : "10"
},{
  "dateTime" : "09/07/14 18:35:00",
  "value" : "10"
},{
  "dateTime" : "09/07/14 18:36:00",
  "value" : "10"
},{
  "dateTime" : "09/07/14 18:37:00",
  "value" : "10"
},{
  "dateTime" : "09/07/14 18:50:00",
  "value" : "10"
},{
  "dateTime" : "09/07/14 18:51:00",
  "value" : "10"
},{
  "dateTime" : "09/07/14 18:52:00",
  "value" : "10"
},{
  "dateTime" : "09/07/14 19:42:00",
  "value" : "10"
},{
  "dateTime" : "09/07/14 20:29:00",
  "value" : "10"
},{
  "dateTime" : "09/07/14 22:45:00",
  "value" : "10"
},{
  "dateTime" : "09/08/14 08:34:00",
  "value" : "20"
},{
  "dateTime" : "09/08/14 09:19:00",
  "value" : "10"
},{
  "dateTime" : "09/08/14 09:20:00",
  "value" : "10"
},{
  "dateTime" : "09/08/14 09:21:00",
  "value" : "20"
},{
  "dateTime" : "09/08/14 11:46:00",
  "value" : "20"
},{
  "dateTime" : "09/08/14 12:09:00",
  "value" : "30"
},{
  "dateTime" : "09/08/14 13:41:00",
  "value" : "10"
},{
  "dateTime" : "09/08/14 13:42:00",
  "value" : "10"
},{
  "dateTime" : "09/08/14 15:00:00",
  "value" : "10"
},{
  "dateTime" : "09/08/14 15:01:00",
  "value" : "10"
},{
  "dateTime" : "09/08/14 15:02:00",
  "value" : "10"
},{
  "dateTime" : "09/08/14 15:06:00",
  "value" : "10"
},{
  "dateTime" : "09/08/14 15:51:00",
  "value" : "10"
},{
  "dateTime" : "09/08/14 17:17:00",
  "value" : "10"
},{
  "dateTime" : "09/08/14 18:24:00",
  "value" : "10"
},{
  "dateTime" : "09/08/14 19:04:00",
  "value" : "20"
},{
  "dateTime" : "09/08/14 19:34:00",
  "value" : "10"
},{
  "dateTime" : "09/08/14 20:15:00",
  "value" : "10"
},{
  "dateTime" : "09/08/14 21:13:00",
  "value" : "10"
},{
  "dateTime" : "09/09/14 14:15:00",
  "value" : "10"
},{
  "dateTime" : "09/09/14 16:36:00",
  "value" : "10"
},{
  "dateTime" : "09/09/14 16:37:00",
  "value" : "10"
},{
  "dateTime" : "09/09/14 19:48:00",
  "value" : "10"
},{
  "dateTime" : "09/09/14 21:09:00",
  "value" : "20"
},{
  "dateTime" : "09/09/14 22:56:00",
  "value" : "10"
},{
  "dateTime" : "09/10/14 01:08:00",
  "value" : "10"
},{
  "dateTime" : "09/10/14 07:58:00",
  "value" : "10"
},{
  "dateTime" : "09/10/14 08:42:00",
  "value" : "10"
},{
  "dateTime" : "09/10/14 09:04:00",
  "value" : "10"
},{
  "dateTime" : "09/10/14 09:33:00",
  "value" : "30"
},{
  "dateTime" : "09/10/14 12:41:00",
  "value" : "10"
},{
  "dateTime" : "09/10/14 13:54:00",
  "value" : "10"
},{
  "dateTime" : "09/10/14 16:43:00",
  "value" : "10"
},{
  "dateTime" : "09/10/14 18:09:00",
  "value" : "10"
},{
  "dateTime" : "09/10/14 19:32:00",
  "value" : "10"
},{
  "dateTime" : "09/10/14 19:33:00",
  "value" : "10"
},{
  "dateTime" : "09/10/14 20:49:00",
  "value" : "10"
},{
  "dateTime" : "09/11/14 08:43:00",
  "value" : "10"
},{
  "dateTime" : "09/11/14 10:20:00",
  "value" : "10"
},{
  "dateTime" : "09/11/14 11:30:00",
  "value" : "10"
},{
  "dateTime" : "09/11/14 12:40:00",
  "value" : "10"
},{
  "dateTime" : "09/11/14 13:47:00",
  "value" : "10"
},{
  "dateTime" : "09/11/14 14:59:00",
  "value" : "10"
},{
  "dateTime" : "09/11/14 17:05:00",
  "value" : "10"
},{
  "dateTime" : "09/11/14 17:23:00",
  "value" : "10"
},{
  "dateTime" : "09/11/14 20:44:00",
  "value" : "10"
},{
  "dateTime" : "09/11/14 21:11:00",
  "value" : "10"
}]