[{
  "dateTime" : "05/10/15 02:26:00",
  "value" : "10"
},{
  "dateTime" : "05/10/15 08:27:00",
  "value" : "10"
},{
  "dateTime" : "05/10/15 13:08:00",
  "value" : "10"
},{
  "dateTime" : "05/10/15 14:18:00",
  "value" : "10"
},{
  "dateTime" : "05/10/15 17:16:00",
  "value" : "10"
},{
  "dateTime" : "05/10/15 19:35:00",
  "value" : "10"
},{
  "dateTime" : "05/10/15 19:58:00",
  "value" : "10"
},{
  "dateTime" : "05/10/15 21:24:00",
  "value" : "10"
},{
  "dateTime" : "05/11/15 06:25:00",
  "value" : "10"
},{
  "dateTime" : "05/11/15 07:43:00",
  "value" : "10"
},{
  "dateTime" : "05/11/15 07:47:00",
  "value" : "10"
},{
  "dateTime" : "05/11/15 08:28:00",
  "value" : "10"
},{
  "dateTime" : "05/11/15 08:46:00",
  "value" : "10"
},{
  "dateTime" : "05/11/15 10:42:00",
  "value" : "10"
},{
  "dateTime" : "05/11/15 11:43:00",
  "value" : "10"
},{
  "dateTime" : "05/11/15 11:44:00",
  "value" : "10"
},{
  "dateTime" : "05/11/15 12:46:00",
  "value" : "10"
},{
  "dateTime" : "05/11/15 12:47:00",
  "value" : "10"
},{
  "dateTime" : "05/11/15 12:48:00",
  "value" : "10"
},{
  "dateTime" : "05/11/15 12:52:00",
  "value" : "10"
},{
  "dateTime" : "05/11/15 13:11:00",
  "value" : "10"
},{
  "dateTime" : "05/11/15 13:50:00",
  "value" : "10"
},{
  "dateTime" : "05/11/15 13:51:00",
  "value" : "10"
},{
  "dateTime" : "05/11/15 13:52:00",
  "value" : "10"
},{
  "dateTime" : "05/11/15 15:12:00",
  "value" : "10"
},{
  "dateTime" : "05/11/15 15:13:00",
  "value" : "10"
},{
  "dateTime" : "05/11/15 15:15:00",
  "value" : "10"
},{
  "dateTime" : "05/11/15 15:16:00",
  "value" : "10"
},{
  "dateTime" : "05/11/15 15:50:00",
  "value" : "10"
},{
  "dateTime" : "05/11/15 16:09:00",
  "value" : "10"
},{
  "dateTime" : "05/11/15 16:24:00",
  "value" : "20"
},{
  "dateTime" : "05/11/15 16:25:00",
  "value" : "10"
},{
  "dateTime" : "05/11/15 17:12:00",
  "value" : "10"
},{
  "dateTime" : "05/11/15 17:32:00",
  "value" : "10"
},{
  "dateTime" : "05/11/15 17:33:00",
  "value" : "10"
},{
  "dateTime" : "05/11/15 19:13:00",
  "value" : "10"
},{
  "dateTime" : "05/11/15 20:12:00",
  "value" : "10"
},{
  "dateTime" : "05/11/15 21:14:00",
  "value" : "10"
},{
  "dateTime" : "05/12/15 05:58:00",
  "value" : "10"
},{
  "dateTime" : "05/12/15 08:05:00",
  "value" : "10"
},{
  "dateTime" : "05/12/15 08:51:00",
  "value" : "10"
},{
  "dateTime" : "05/12/15 13:26:00",
  "value" : "10"
},{
  "dateTime" : "05/12/15 16:16:00",
  "value" : "10"
},{
  "dateTime" : "05/12/15 17:02:00",
  "value" : "10"
},{
  "dateTime" : "05/12/15 17:20:00",
  "value" : "10"
},{
  "dateTime" : "05/12/15 17:21:00",
  "value" : "10"
},{
  "dateTime" : "05/12/15 17:36:00",
  "value" : "10"
},{
  "dateTime" : "05/12/15 17:37:00",
  "value" : "10"
},{
  "dateTime" : "05/12/15 18:00:00",
  "value" : "10"
},{
  "dateTime" : "05/12/15 18:16:00",
  "value" : "10"
},{
  "dateTime" : "05/12/15 18:55:00",
  "value" : "10"
},{
  "dateTime" : "05/12/15 19:17:00",
  "value" : "20"
},{
  "dateTime" : "05/12/15 19:24:00",
  "value" : "10"
},{
  "dateTime" : "05/12/15 19:25:00",
  "value" : "10"
},{
  "dateTime" : "05/12/15 19:51:00",
  "value" : "10"
},{
  "dateTime" : "05/12/15 20:40:00",
  "value" : "10"
},{
  "dateTime" : "05/13/15 06:51:00",
  "value" : "10"
},{
  "dateTime" : "05/13/15 07:46:00",
  "value" : "10"
},{
  "dateTime" : "05/13/15 08:40:00",
  "value" : "10"
},{
  "dateTime" : "05/13/15 09:01:00",
  "value" : "10"
},{
  "dateTime" : "05/13/15 15:23:00",
  "value" : "10"
},{
  "dateTime" : "05/13/15 15:43:00",
  "value" : "10"
},{
  "dateTime" : "05/13/15 16:31:00",
  "value" : "10"
},{
  "dateTime" : "05/13/15 17:05:00",
  "value" : "10"
},{
  "dateTime" : "05/13/15 17:06:00",
  "value" : "10"
},{
  "dateTime" : "05/13/15 18:56:00",
  "value" : "10"
},{
  "dateTime" : "05/13/15 20:02:00",
  "value" : "10"
},{
  "dateTime" : "05/13/15 21:18:00",
  "value" : "10"
},{
  "dateTime" : "05/14/15 08:30:00",
  "value" : "10"
},{
  "dateTime" : "05/14/15 09:23:00",
  "value" : "10"
},{
  "dateTime" : "05/14/15 10:20:00",
  "value" : "10"
},{
  "dateTime" : "05/14/15 12:35:00",
  "value" : "10"
},{
  "dateTime" : "05/14/15 14:20:00",
  "value" : "10"
},{
  "dateTime" : "05/14/15 20:42:00",
  "value" : "10"
},{
  "dateTime" : "05/14/15 20:43:00",
  "value" : "10"
},{
  "dateTime" : "05/14/15 20:44:00",
  "value" : "10"
},{
  "dateTime" : "05/14/15 20:45:00",
  "value" : "10"
},{
  "dateTime" : "05/14/15 21:27:00",
  "value" : "10"
},{
  "dateTime" : "05/14/15 21:28:00",
  "value" : "10"
},{
  "dateTime" : "05/14/15 21:57:00",
  "value" : "10"
},{
  "dateTime" : "05/14/15 23:13:00",
  "value" : "10"
},{
  "dateTime" : "05/15/15 00:13:00",
  "value" : "10"
},{
  "dateTime" : "05/15/15 01:57:00",
  "value" : "10"
},{
  "dateTime" : "05/15/15 09:06:00",
  "value" : "10"
},{
  "dateTime" : "05/15/15 14:28:00",
  "value" : "10"
},{
  "dateTime" : "05/15/15 15:03:00",
  "value" : "10"
},{
  "dateTime" : "05/15/15 18:37:00",
  "value" : "10"
},{
  "dateTime" : "05/15/15 18:38:00",
  "value" : "10"
},{
  "dateTime" : "05/15/15 19:07:00",
  "value" : "10"
},{
  "dateTime" : "05/15/15 23:13:00",
  "value" : "10"
},{
  "dateTime" : "05/15/15 23:14:00",
  "value" : "10"
},{
  "dateTime" : "05/15/15 23:15:00",
  "value" : "10"
},{
  "dateTime" : "05/16/15 17:47:00",
  "value" : "10"
},{
  "dateTime" : "05/16/15 19:57:00",
  "value" : "10"
},{
  "dateTime" : "05/16/15 21:31:00",
  "value" : "10"
},{
  "dateTime" : "05/17/15 12:26:00",
  "value" : "10"
},{
  "dateTime" : "05/17/15 12:59:00",
  "value" : "10"
},{
  "dateTime" : "05/17/15 13:25:00",
  "value" : "10"
},{
  "dateTime" : "05/17/15 13:26:00",
  "value" : "10"
},{
  "dateTime" : "05/17/15 14:06:00",
  "value" : "20"
},{
  "dateTime" : "05/17/15 14:07:00",
  "value" : "10"
},{
  "dateTime" : "05/17/15 14:08:00",
  "value" : "10"
},{
  "dateTime" : "05/17/15 14:17:00",
  "value" : "20"
},{
  "dateTime" : "05/17/15 15:52:00",
  "value" : "20"
},{
  "dateTime" : "05/17/15 15:59:00",
  "value" : "10"
},{
  "dateTime" : "05/17/15 16:00:00",
  "value" : "10"
},{
  "dateTime" : "05/17/15 18:12:00",
  "value" : "10"
},{
  "dateTime" : "05/17/15 18:13:00",
  "value" : "10"
},{
  "dateTime" : "05/17/15 18:14:00",
  "value" : "10"
},{
  "dateTime" : "05/17/15 18:52:00",
  "value" : "10"
},{
  "dateTime" : "05/17/15 19:00:00",
  "value" : "10"
},{
  "dateTime" : "05/17/15 20:19:00",
  "value" : "10"
},{
  "dateTime" : "05/17/15 20:20:00",
  "value" : "10"
},{
  "dateTime" : "05/17/15 20:46:00",
  "value" : "10"
},{
  "dateTime" : "05/18/15 02:08:00",
  "value" : "10"
},{
  "dateTime" : "05/18/15 08:26:00",
  "value" : "10"
},{
  "dateTime" : "05/18/15 09:00:00",
  "value" : "10"
},{
  "dateTime" : "05/18/15 09:32:00",
  "value" : "10"
},{
  "dateTime" : "05/18/15 14:54:00",
  "value" : "10"
},{
  "dateTime" : "05/18/15 16:07:00",
  "value" : "10"
},{
  "dateTime" : "05/18/15 17:04:00",
  "value" : "10"
},{
  "dateTime" : "05/18/15 17:12:00",
  "value" : "10"
},{
  "dateTime" : "05/18/15 19:21:00",
  "value" : "10"
},{
  "dateTime" : "05/18/15 19:42:00",
  "value" : "10"
},{
  "dateTime" : "05/19/15 01:29:00",
  "value" : "10"
},{
  "dateTime" : "05/19/15 08:41:00",
  "value" : "10"
},{
  "dateTime" : "05/19/15 17:03:00",
  "value" : "10"
},{
  "dateTime" : "05/19/15 17:52:00",
  "value" : "10"
},{
  "dateTime" : "05/19/15 18:26:00",
  "value" : "10"
},{
  "dateTime" : "05/19/15 20:44:00",
  "value" : "10"
},{
  "dateTime" : "05/20/15 00:59:00",
  "value" : "10"
},{
  "dateTime" : "05/20/15 07:47:00",
  "value" : "10"
},{
  "dateTime" : "05/20/15 08:50:00",
  "value" : "10"
},{
  "dateTime" : "05/20/15 09:25:00",
  "value" : "10"
},{
  "dateTime" : "05/20/15 13:59:00",
  "value" : "10"
},{
  "dateTime" : "05/20/15 15:41:00",
  "value" : "10"
},{
  "dateTime" : "05/20/15 18:09:00",
  "value" : "10"
},{
  "dateTime" : "05/20/15 18:10:00",
  "value" : "10"
},{
  "dateTime" : "05/20/15 18:36:00",
  "value" : "10"
},{
  "dateTime" : "05/20/15 21:24:00",
  "value" : "10"
},{
  "dateTime" : "05/21/15 08:50:00",
  "value" : "10"
},{
  "dateTime" : "05/21/15 08:57:00",
  "value" : "10"
},{
  "dateTime" : "05/21/15 09:53:00",
  "value" : "10"
},{
  "dateTime" : "05/21/15 10:21:00",
  "value" : "10"
},{
  "dateTime" : "05/21/15 12:20:00",
  "value" : "10"
},{
  "dateTime" : "05/21/15 13:02:00",
  "value" : "10"
},{
  "dateTime" : "05/21/15 15:15:00",
  "value" : "10"
},{
  "dateTime" : "05/21/15 15:19:00",
  "value" : "10"
},{
  "dateTime" : "05/21/15 15:27:00",
  "value" : "10"
},{
  "dateTime" : "05/21/15 15:28:00",
  "value" : "10"
},{
  "dateTime" : "05/21/15 17:12:00",
  "value" : "10"
},{
  "dateTime" : "05/21/15 17:13:00",
  "value" : "10"
},{
  "dateTime" : "05/21/15 17:41:00",
  "value" : "10"
},{
  "dateTime" : "05/21/15 19:02:00",
  "value" : "10"
},{
  "dateTime" : "05/21/15 19:33:00",
  "value" : "10"
},{
  "dateTime" : "05/21/15 19:57:00",
  "value" : "10"
},{
  "dateTime" : "05/21/15 20:05:00",
  "value" : "10"
},{
  "dateTime" : "05/21/15 20:36:00",
  "value" : "20"
},{
  "dateTime" : "05/21/15 21:15:00",
  "value" : "10"
},{
  "dateTime" : "05/21/15 21:16:00",
  "value" : "10"
},{
  "dateTime" : "05/21/15 23:24:00",
  "value" : "10"
},{
  "dateTime" : "05/22/15 00:21:00",
  "value" : "10"
},{
  "dateTime" : "05/22/15 01:35:00",
  "value" : "10"
},{
  "dateTime" : "05/22/15 07:19:00",
  "value" : "10"
},{
  "dateTime" : "05/22/15 08:48:00",
  "value" : "10"
},{
  "dateTime" : "05/22/15 09:11:00",
  "value" : "10"
},{
  "dateTime" : "05/22/15 13:30:00",
  "value" : "10"
},{
  "dateTime" : "05/22/15 13:55:00",
  "value" : "10"
},{
  "dateTime" : "05/22/15 14:24:00",
  "value" : "20"
},{
  "dateTime" : "05/22/15 14:25:00",
  "value" : "10"
},{
  "dateTime" : "05/22/15 16:03:00",
  "value" : "10"
},{
  "dateTime" : "05/22/15 16:04:00",
  "value" : "10"
},{
  "dateTime" : "05/22/15 16:45:00",
  "value" : "10"
},{
  "dateTime" : "05/22/15 19:38:00",
  "value" : "10"
},{
  "dateTime" : "05/22/15 19:45:00",
  "value" : "10"
},{
  "dateTime" : "05/22/15 19:46:00",
  "value" : "10"
},{
  "dateTime" : "05/22/15 19:47:00",
  "value" : "10"
},{
  "dateTime" : "05/22/15 21:08:00",
  "value" : "10"
},{
  "dateTime" : "05/22/15 23:06:00",
  "value" : "10"
},{
  "dateTime" : "05/22/15 23:07:00",
  "value" : "10"
},{
  "dateTime" : "05/22/15 23:48:00",
  "value" : "10"
},{
  "dateTime" : "05/23/15 14:16:00",
  "value" : "10"
},{
  "dateTime" : "05/23/15 19:09:00",
  "value" : "10"
},{
  "dateTime" : "05/23/15 20:53:00",
  "value" : "10"
},{
  "dateTime" : "05/23/15 21:16:00",
  "value" : "10"
},{
  "dateTime" : "05/24/15 02:08:00",
  "value" : "10"
},{
  "dateTime" : "05/24/15 13:52:00",
  "value" : "10"
},{
  "dateTime" : "05/24/15 13:53:00",
  "value" : "10"
},{
  "dateTime" : "05/24/15 16:22:00",
  "value" : "10"
},{
  "dateTime" : "05/24/15 17:39:00",
  "value" : "10"
},{
  "dateTime" : "05/25/15 03:13:00",
  "value" : "10"
},{
  "dateTime" : "05/25/15 10:39:00",
  "value" : "10"
},{
  "dateTime" : "05/25/15 11:58:00",
  "value" : "10"
},{
  "dateTime" : "05/25/15 13:06:00",
  "value" : "10"
},{
  "dateTime" : "05/25/15 14:04:00",
  "value" : "10"
},{
  "dateTime" : "05/25/15 16:22:00",
  "value" : "10"
},{
  "dateTime" : "05/25/15 20:54:00",
  "value" : "10"
},{
  "dateTime" : "05/25/15 20:55:00",
  "value" : "10"
},{
  "dateTime" : "05/25/15 21:27:00",
  "value" : "10"
},{
  "dateTime" : "05/26/15 08:27:00",
  "value" : "10"
},{
  "dateTime" : "05/26/15 08:50:00",
  "value" : "10"
},{
  "dateTime" : "05/26/15 09:06:00",
  "value" : "10"
},{
  "dateTime" : "05/26/15 12:00:00",
  "value" : "10"
},{
  "dateTime" : "05/26/15 12:30:00",
  "value" : "10"
},{
  "dateTime" : "05/26/15 12:31:00",
  "value" : "10"
},{
  "dateTime" : "05/26/15 14:04:00",
  "value" : "10"
},{
  "dateTime" : "05/26/15 15:13:00",
  "value" : "10"
},{
  "dateTime" : "05/26/15 16:05:00",
  "value" : "20"
},{
  "dateTime" : "05/26/15 17:04:00",
  "value" : "10"
},{
  "dateTime" : "05/26/15 17:05:00",
  "value" : "10"
},{
  "dateTime" : "05/26/15 17:24:00",
  "value" : "10"
},{
  "dateTime" : "05/26/15 17:49:00",
  "value" : "10"
},{
  "dateTime" : "05/26/15 18:36:00",
  "value" : "10"
},{
  "dateTime" : "05/26/15 18:37:00",
  "value" : "10"
},{
  "dateTime" : "05/26/15 19:28:00",
  "value" : "10"
},{
  "dateTime" : "05/26/15 20:44:00",
  "value" : "20"
},{
  "dateTime" : "05/26/15 21:07:00",
  "value" : "10"
},{
  "dateTime" : "05/26/15 21:12:00",
  "value" : "10"
},{
  "dateTime" : "05/26/15 21:13:00",
  "value" : "10"
},{
  "dateTime" : "05/26/15 22:08:00",
  "value" : "10"
},{
  "dateTime" : "05/26/15 23:42:00",
  "value" : "10"
},{
  "dateTime" : "05/27/15 01:44:00",
  "value" : "10"
},{
  "dateTime" : "05/27/15 08:53:00",
  "value" : "10"
},{
  "dateTime" : "05/27/15 09:09:00",
  "value" : "10"
},{
  "dateTime" : "05/27/15 09:27:00",
  "value" : "10"
},{
  "dateTime" : "05/27/15 09:28:00",
  "value" : "10"
},{
  "dateTime" : "05/27/15 10:10:00",
  "value" : "10"
},{
  "dateTime" : "05/27/15 10:11:00",
  "value" : "10"
},{
  "dateTime" : "05/27/15 10:42:00",
  "value" : "10"
},{
  "dateTime" : "05/27/15 10:43:00",
  "value" : "10"
},{
  "dateTime" : "05/27/15 11:16:00",
  "value" : "10"
},{
  "dateTime" : "05/27/15 11:41:00",
  "value" : "10"
},{
  "dateTime" : "05/27/15 11:42:00",
  "value" : "10"
},{
  "dateTime" : "05/27/15 11:43:00",
  "value" : "10"
},{
  "dateTime" : "05/27/15 12:42:00",
  "value" : "10"
},{
  "dateTime" : "05/27/15 12:55:00",
  "value" : "20"
},{
  "dateTime" : "05/27/15 12:56:00",
  "value" : "10"
},{
  "dateTime" : "05/27/15 17:59:00",
  "value" : "20"
},{
  "dateTime" : "05/27/15 21:05:00",
  "value" : "10"
},{
  "dateTime" : "05/28/15 10:01:00",
  "value" : "10"
},{
  "dateTime" : "05/28/15 11:12:00",
  "value" : "10"
},{
  "dateTime" : "05/28/15 14:06:00",
  "value" : "10"
},{
  "dateTime" : "05/28/15 16:13:00",
  "value" : "10"
},{
  "dateTime" : "05/28/15 17:11:00",
  "value" : "10"
},{
  "dateTime" : "05/28/15 17:45:00",
  "value" : "10"
},{
  "dateTime" : "05/28/15 20:09:00",
  "value" : "10"
},{
  "dateTime" : "05/28/15 20:10:00",
  "value" : "20"
},{
  "dateTime" : "05/28/15 20:36:00",
  "value" : "10"
},{
  "dateTime" : "05/28/15 20:37:00",
  "value" : "10"
},{
  "dateTime" : "05/28/15 20:52:00",
  "value" : "10"
},{
  "dateTime" : "05/28/15 20:53:00",
  "value" : "10"
},{
  "dateTime" : "05/28/15 20:54:00",
  "value" : "10"
},{
  "dateTime" : "05/28/15 21:23:00",
  "value" : "10"
},{
  "dateTime" : "05/28/15 21:24:00",
  "value" : "10"
},{
  "dateTime" : "05/28/15 21:27:00",
  "value" : "10"
},{
  "dateTime" : "05/28/15 21:53:00",
  "value" : "10"
},{
  "dateTime" : "05/28/15 23:06:00",
  "value" : "10"
},{
  "dateTime" : "05/28/15 23:32:00",
  "value" : "10"
},{
  "dateTime" : "05/29/15 01:04:00",
  "value" : "10"
},{
  "dateTime" : "05/29/15 04:51:00",
  "value" : "10"
},{
  "dateTime" : "05/29/15 05:04:00",
  "value" : "10"
},{
  "dateTime" : "05/29/15 05:05:00",
  "value" : "10"
},{
  "dateTime" : "05/29/15 05:52:00",
  "value" : "10"
},{
  "dateTime" : "05/29/15 17:24:00",
  "value" : "10"
},{
  "dateTime" : "05/29/15 21:32:00",
  "value" : "10"
},{
  "dateTime" : "05/30/15 02:37:00",
  "value" : "10"
},{
  "dateTime" : "05/30/15 03:37:00",
  "value" : "10"
},{
  "dateTime" : "05/30/15 14:00:00",
  "value" : "10"
},{
  "dateTime" : "05/30/15 14:01:00",
  "value" : "10"
},{
  "dateTime" : "05/30/15 14:02:00",
  "value" : "10"
},{
  "dateTime" : "05/30/15 15:41:00",
  "value" : "10"
},{
  "dateTime" : "05/30/15 15:49:00",
  "value" : "10"
},{
  "dateTime" : "05/30/15 15:50:00",
  "value" : "10"
},{
  "dateTime" : "05/30/15 16:20:00",
  "value" : "10"
},{
  "dateTime" : "05/30/15 17:40:00",
  "value" : "10"
},{
  "dateTime" : "05/30/15 17:41:00",
  "value" : "10"
},{
  "dateTime" : "05/30/15 19:30:00",
  "value" : "10"
},{
  "dateTime" : "05/30/15 20:48:00",
  "value" : "10"
},{
  "dateTime" : "05/30/15 20:49:00",
  "value" : "10"
},{
  "dateTime" : "05/31/15 15:19:00",
  "value" : "10"
},{
  "dateTime" : "05/31/15 17:40:00",
  "value" : "10"
},{
  "dateTime" : "05/31/15 17:41:00",
  "value" : "20"
},{
  "dateTime" : "05/31/15 18:19:00",
  "value" : "10"
},{
  "dateTime" : "05/31/15 21:33:00",
  "value" : "10"
},{
  "dateTime" : "05/31/15 21:34:00",
  "value" : "10"
},{
  "dateTime" : "05/31/15 21:49:00",
  "value" : "10"
},{
  "dateTime" : "05/31/15 22:29:00",
  "value" : "10"
},{
  "dateTime" : "05/31/15 23:04:00",
  "value" : "10"
},{
  "dateTime" : "05/31/15 23:05:00",
  "value" : "10"
},{
  "dateTime" : "06/01/15 01:08:00",
  "value" : "10"
},{
  "dateTime" : "06/01/15 04:24:00",
  "value" : "10"
},{
  "dateTime" : "06/01/15 08:28:00",
  "value" : "10"
},{
  "dateTime" : "06/01/15 08:29:00",
  "value" : "10"
},{
  "dateTime" : "06/01/15 08:30:00",
  "value" : "10"
},{
  "dateTime" : "06/01/15 08:46:00",
  "value" : "10"
},{
  "dateTime" : "06/01/15 08:56:00",
  "value" : "10"
},{
  "dateTime" : "06/01/15 17:12:00",
  "value" : "10"
},{
  "dateTime" : "06/01/15 17:13:00",
  "value" : "10"
},{
  "dateTime" : "06/01/15 17:36:00",
  "value" : "10"
},{
  "dateTime" : "06/01/15 18:11:00",
  "value" : "10"
},{
  "dateTime" : "06/01/15 19:04:00",
  "value" : "10"
},{
  "dateTime" : "06/01/15 20:57:00",
  "value" : "10"
},{
  "dateTime" : "06/01/15 20:58:00",
  "value" : "10"
},{
  "dateTime" : "06/01/15 21:37:00",
  "value" : "10"
},{
  "dateTime" : "06/01/15 21:38:00",
  "value" : "10"
},{
  "dateTime" : "06/01/15 21:39:00",
  "value" : "10"
},{
  "dateTime" : "06/01/15 21:40:00",
  "value" : "10"
},{
  "dateTime" : "06/02/15 08:32:00",
  "value" : "10"
},{
  "dateTime" : "06/02/15 08:49:00",
  "value" : "10"
},{
  "dateTime" : "06/02/15 08:50:00",
  "value" : "10"
},{
  "dateTime" : "06/02/15 09:12:00",
  "value" : "10"
},{
  "dateTime" : "06/02/15 11:01:00",
  "value" : "10"
},{
  "dateTime" : "06/02/15 11:29:00",
  "value" : "10"
},{
  "dateTime" : "06/02/15 11:50:00",
  "value" : "10"
},{
  "dateTime" : "06/02/15 11:54:00",
  "value" : "20"
},{
  "dateTime" : "06/02/15 14:53:00",
  "value" : "20"
},{
  "dateTime" : "06/02/15 14:55:00",
  "value" : "10"
},{
  "dateTime" : "06/02/15 14:56:00",
  "value" : "10"
},{
  "dateTime" : "06/02/15 14:57:00",
  "value" : "10"
},{
  "dateTime" : "06/02/15 16:55:00",
  "value" : "10"
},{
  "dateTime" : "06/02/15 17:25:00",
  "value" : "10"
},{
  "dateTime" : "06/02/15 18:53:00",
  "value" : "10"
},{
  "dateTime" : "06/02/15 21:34:00",
  "value" : "10"
},{
  "dateTime" : "06/02/15 21:35:00",
  "value" : "10"
},{
  "dateTime" : "06/02/15 22:09:00",
  "value" : "10"
},{
  "dateTime" : "06/02/15 22:21:00",
  "value" : "10"
},{
  "dateTime" : "06/02/15 22:53:00",
  "value" : "10"
},{
  "dateTime" : "06/02/15 23:13:00",
  "value" : "10"
},{
  "dateTime" : "06/03/15 01:49:00",
  "value" : "10"
},{
  "dateTime" : "06/03/15 08:52:00",
  "value" : "10"
},{
  "dateTime" : "06/03/15 09:33:00",
  "value" : "10"
},{
  "dateTime" : "06/03/15 09:52:00",
  "value" : "10"
},{
  "dateTime" : "06/03/15 12:05:00",
  "value" : "10"
},{
  "dateTime" : "06/03/15 12:06:00",
  "value" : "20"
},{
  "dateTime" : "06/03/15 15:53:00",
  "value" : "10"
},{
  "dateTime" : "06/03/15 19:24:00",
  "value" : "10"
},{
  "dateTime" : "06/03/15 21:41:00",
  "value" : "10"
},{
  "dateTime" : "06/03/15 22:27:00",
  "value" : "10"
},{
  "dateTime" : "06/03/15 22:46:00",
  "value" : "10"
},{
  "dateTime" : "06/03/15 23:08:00",
  "value" : "10"
},{
  "dateTime" : "06/04/15 01:52:00",
  "value" : "10"
},{
  "dateTime" : "06/04/15 01:53:00",
  "value" : "10"
},{
  "dateTime" : "06/04/15 02:06:00",
  "value" : "10"
},{
  "dateTime" : "06/04/15 08:26:00",
  "value" : "10"
},{
  "dateTime" : "06/04/15 09:09:00",
  "value" : "10"
},{
  "dateTime" : "06/04/15 11:37:00",
  "value" : "10"
},{
  "dateTime" : "06/04/15 15:12:00",
  "value" : "10"
},{
  "dateTime" : "06/04/15 16:12:00",
  "value" : "10"
},{
  "dateTime" : "06/04/15 17:08:00",
  "value" : "10"
},{
  "dateTime" : "06/04/15 20:43:00",
  "value" : "10"
},{
  "dateTime" : "06/04/15 20:45:00",
  "value" : "10"
},{
  "dateTime" : "06/04/15 21:15:00",
  "value" : "10"
},{
  "dateTime" : "06/05/15 08:09:00",
  "value" : "10"
},{
  "dateTime" : "06/05/15 08:21:00",
  "value" : "10"
},{
  "dateTime" : "06/05/15 08:40:00",
  "value" : "10"
},{
  "dateTime" : "06/05/15 08:41:00",
  "value" : "10"
},{
  "dateTime" : "06/05/15 08:52:00",
  "value" : "10"
},{
  "dateTime" : "06/05/15 09:11:00",
  "value" : "10"
},{
  "dateTime" : "06/05/15 09:38:00",
  "value" : "10"
},{
  "dateTime" : "06/05/15 14:45:00",
  "value" : "10"
},{
  "dateTime" : "06/05/15 15:05:00",
  "value" : "20"
},{
  "dateTime" : "06/05/15 18:15:00",
  "value" : "10"
},{
  "dateTime" : "06/05/15 19:06:00",
  "value" : "10"
},{
  "dateTime" : "06/05/15 19:58:00",
  "value" : "10"
},{
  "dateTime" : "06/05/15 20:17:00",
  "value" : "10"
},{
  "dateTime" : "06/05/15 22:52:00",
  "value" : "10"
},{
  "dateTime" : "06/05/15 23:08:00",
  "value" : "10"
},{
  "dateTime" : "06/05/15 23:09:00",
  "value" : "10"
},{
  "dateTime" : "06/06/15 01:24:00",
  "value" : "10"
},{
  "dateTime" : "06/06/15 08:19:00",
  "value" : "10"
},{
  "dateTime" : "06/06/15 09:43:00",
  "value" : "10"
},{
  "dateTime" : "06/06/15 13:13:00",
  "value" : "10"
},{
  "dateTime" : "06/06/15 14:02:00",
  "value" : "10"
},{
  "dateTime" : "06/06/15 14:03:00",
  "value" : "10"
},{
  "dateTime" : "06/06/15 16:19:00",
  "value" : "10"
},{
  "dateTime" : "06/06/15 16:20:00",
  "value" : "10"
},{
  "dateTime" : "06/06/15 16:21:00",
  "value" : "10"
},{
  "dateTime" : "06/06/15 16:22:00",
  "value" : "10"
},{
  "dateTime" : "06/06/15 22:50:00",
  "value" : "10"
},{
  "dateTime" : "06/06/15 23:15:00",
  "value" : "10"
},{
  "dateTime" : "06/06/15 23:16:00",
  "value" : "10"
},{
  "dateTime" : "06/06/15 23:40:00",
  "value" : "10"
},{
  "dateTime" : "06/07/15 09:26:00",
  "value" : "10"
},{
  "dateTime" : "06/07/15 09:27:00",
  "value" : "10"
},{
  "dateTime" : "06/07/15 09:39:00",
  "value" : "10"
},{
  "dateTime" : "06/07/15 09:40:00",
  "value" : "10"
},{
  "dateTime" : "06/07/15 09:47:00",
  "value" : "10"
},{
  "dateTime" : "06/07/15 10:39:00",
  "value" : "10"
},{
  "dateTime" : "06/07/15 11:30:00",
  "value" : "10"
},{
  "dateTime" : "06/07/15 11:31:00",
  "value" : "10"
},{
  "dateTime" : "06/07/15 11:47:00",
  "value" : "10"
},{
  "dateTime" : "06/07/15 15:45:00",
  "value" : "30"
},{
  "dateTime" : "06/07/15 16:45:00",
  "value" : "10"
},{
  "dateTime" : "06/07/15 17:10:00",
  "value" : "20"
},{
  "dateTime" : "06/07/15 18:39:00",
  "value" : "10"
},{
  "dateTime" : "06/07/15 19:30:00",
  "value" : "10"
},{
  "dateTime" : "06/07/15 20:22:00",
  "value" : "10"
},{
  "dateTime" : "06/07/15 20:23:00",
  "value" : "10"
},{
  "dateTime" : "06/07/15 21:19:00",
  "value" : "10"
},{
  "dateTime" : "06/07/15 21:20:00",
  "value" : "10"
},{
  "dateTime" : "06/07/15 22:04:00",
  "value" : "10"
},{
  "dateTime" : "06/07/15 22:12:00",
  "value" : "10"
},{
  "dateTime" : "06/08/15 01:44:00",
  "value" : "10"
},{
  "dateTime" : "06/08/15 08:49:00",
  "value" : "10"
},{
  "dateTime" : "06/08/15 09:29:00",
  "value" : "10"
},{
  "dateTime" : "06/08/15 09:47:00",
  "value" : "10"
},{
  "dateTime" : "06/08/15 10:08:00",
  "value" : "10"
},{
  "dateTime" : "06/08/15 17:25:00",
  "value" : "10"
},{
  "dateTime" : "06/08/15 18:18:00",
  "value" : "10"
},{
  "dateTime" : "06/08/15 19:50:00",
  "value" : "10"
},{
  "dateTime" : "06/08/15 19:51:00",
  "value" : "10"
},{
  "dateTime" : "06/08/15 23:33:00",
  "value" : "10"
}]