[{
  "dateTime" : "11/11/14 08:55:00",
  "value" : "10"
},{
  "dateTime" : "11/11/14 09:17:00",
  "value" : "10"
},{
  "dateTime" : "11/11/14 16:48:00",
  "value" : "10"
},{
  "dateTime" : "11/11/14 17:39:00",
  "value" : "10"
},{
  "dateTime" : "11/11/14 20:44:00",
  "value" : "10"
},{
  "dateTime" : "11/12/14 07:48:00",
  "value" : "10"
},{
  "dateTime" : "11/12/14 07:49:00",
  "value" : "10"
},{
  "dateTime" : "11/12/14 08:04:00",
  "value" : "10"
},{
  "dateTime" : "11/12/14 09:03:00",
  "value" : "10"
},{
  "dateTime" : "11/12/14 09:04:00",
  "value" : "10"
},{
  "dateTime" : "11/12/14 09:31:00",
  "value" : "10"
},{
  "dateTime" : "11/12/14 09:52:00",
  "value" : "10"
},{
  "dateTime" : "11/12/14 09:53:00",
  "value" : "10"
},{
  "dateTime" : "11/12/14 14:14:00",
  "value" : "10"
},{
  "dateTime" : "11/12/14 14:15:00",
  "value" : "10"
},{
  "dateTime" : "11/12/14 15:23:00",
  "value" : "10"
},{
  "dateTime" : "11/12/14 16:11:00",
  "value" : "10"
},{
  "dateTime" : "11/12/14 16:12:00",
  "value" : "10"
},{
  "dateTime" : "11/12/14 17:27:00",
  "value" : "10"
},{
  "dateTime" : "11/12/14 17:35:00",
  "value" : "10"
},{
  "dateTime" : "11/12/14 17:36:00",
  "value" : "10"
},{
  "dateTime" : "11/12/14 18:43:00",
  "value" : "10"
},{
  "dateTime" : "11/12/14 18:44:00",
  "value" : "20"
},{
  "dateTime" : "11/12/14 18:51:00",
  "value" : "10"
},{
  "dateTime" : "11/12/14 19:33:00",
  "value" : "10"
},{
  "dateTime" : "11/12/14 19:34:00",
  "value" : "10"
},{
  "dateTime" : "11/12/14 20:26:00",
  "value" : "10"
},{
  "dateTime" : "11/12/14 20:42:00",
  "value" : "10"
},{
  "dateTime" : "11/12/14 20:43:00",
  "value" : "10"
},{
  "dateTime" : "11/12/14 20:44:00",
  "value" : "10"
},{
  "dateTime" : "11/12/14 20:45:00",
  "value" : "10"
},{
  "dateTime" : "11/12/14 20:46:00",
  "value" : "10"
},{
  "dateTime" : "11/13/14 05:47:00",
  "value" : "10"
},{
  "dateTime" : "11/13/14 08:44:00",
  "value" : "10"
},{
  "dateTime" : "11/13/14 09:39:00",
  "value" : "20"
},{
  "dateTime" : "11/13/14 09:40:00",
  "value" : "10"
},{
  "dateTime" : "11/13/14 09:41:00",
  "value" : "10"
},{
  "dateTime" : "11/13/14 10:37:00",
  "value" : "20"
},{
  "dateTime" : "11/13/14 11:51:00",
  "value" : "10"
},{
  "dateTime" : "11/13/14 12:33:00",
  "value" : "10"
},{
  "dateTime" : "11/13/14 16:35:00",
  "value" : "10"
},{
  "dateTime" : "11/13/14 18:33:00",
  "value" : "10"
},{
  "dateTime" : "11/13/14 19:53:00",
  "value" : "10"
},{
  "dateTime" : "11/13/14 21:28:00",
  "value" : "10"
},{
  "dateTime" : "11/14/14 02:04:00",
  "value" : "10"
},{
  "dateTime" : "11/14/14 16:02:00",
  "value" : "10"
},{
  "dateTime" : "11/14/14 18:31:00",
  "value" : "10"
},{
  "dateTime" : "11/14/14 20:24:00",
  "value" : "10"
},{
  "dateTime" : "11/14/14 21:25:00",
  "value" : "10"
},{
  "dateTime" : "11/14/14 21:26:00",
  "value" : "20"
},{
  "dateTime" : "11/14/14 21:27:00",
  "value" : "10"
},{
  "dateTime" : "11/14/14 21:38:00",
  "value" : "10"
},{
  "dateTime" : "11/15/14 14:57:00",
  "value" : "10"
},{
  "dateTime" : "11/15/14 14:58:00",
  "value" : "10"
},{
  "dateTime" : "11/15/14 18:58:00",
  "value" : "10"
},{
  "dateTime" : "11/15/14 19:46:00",
  "value" : "10"
},{
  "dateTime" : "11/16/14 01:08:00",
  "value" : "10"
},{
  "dateTime" : "11/16/14 12:18:00",
  "value" : "10"
},{
  "dateTime" : "11/16/14 13:02:00",
  "value" : "20"
},{
  "dateTime" : "11/16/14 13:03:00",
  "value" : "10"
},{
  "dateTime" : "11/16/14 14:20:00",
  "value" : "10"
},{
  "dateTime" : "11/16/14 14:45:00",
  "value" : "10"
},{
  "dateTime" : "11/16/14 14:46:00",
  "value" : "10"
},{
  "dateTime" : "11/16/14 15:29:00",
  "value" : "10"
},{
  "dateTime" : "11/16/14 16:48:00",
  "value" : "10"
},{
  "dateTime" : "11/16/14 17:16:00",
  "value" : "10"
},{
  "dateTime" : "11/16/14 19:20:00",
  "value" : "10"
},{
  "dateTime" : "11/16/14 19:21:00",
  "value" : "10"
},{
  "dateTime" : "11/16/14 19:22:00",
  "value" : "10"
},{
  "dateTime" : "11/16/14 20:46:00",
  "value" : "10"
},{
  "dateTime" : "11/16/14 20:47:00",
  "value" : "10"
},{
  "dateTime" : "11/17/14 08:45:00",
  "value" : "10"
},{
  "dateTime" : "11/17/14 09:34:00",
  "value" : "10"
},{
  "dateTime" : "11/17/14 09:35:00",
  "value" : "10"
},{
  "dateTime" : "11/17/14 09:42:00",
  "value" : "10"
},{
  "dateTime" : "11/17/14 09:43:00",
  "value" : "10"
},{
  "dateTime" : "11/17/14 09:44:00",
  "value" : "20"
},{
  "dateTime" : "11/17/14 09:45:00",
  "value" : "10"
},{
  "dateTime" : "11/17/14 09:46:00",
  "value" : "20"
},{
  "dateTime" : "11/17/14 10:29:00",
  "value" : "10"
},{
  "dateTime" : "11/17/14 10:30:00",
  "value" : "20"
},{
  "dateTime" : "11/17/14 11:21:00",
  "value" : "10"
},{
  "dateTime" : "11/17/14 12:03:00",
  "value" : "10"
},{
  "dateTime" : "11/17/14 12:59:00",
  "value" : "10"
},{
  "dateTime" : "11/17/14 15:52:00",
  "value" : "10"
},{
  "dateTime" : "11/17/14 16:42:00",
  "value" : "10"
},{
  "dateTime" : "11/17/14 17:30:00",
  "value" : "10"
},{
  "dateTime" : "11/17/14 20:03:00",
  "value" : "10"
},{
  "dateTime" : "11/18/14 08:51:00",
  "value" : "10"
},{
  "dateTime" : "11/18/14 09:29:00",
  "value" : "20"
},{
  "dateTime" : "11/18/14 09:30:00",
  "value" : "10"
},{
  "dateTime" : "11/18/14 09:31:00",
  "value" : "10"
},{
  "dateTime" : "11/18/14 09:44:00",
  "value" : "30"
},{
  "dateTime" : "11/18/14 09:45:00",
  "value" : "10"
},{
  "dateTime" : "11/18/14 09:52:00",
  "value" : "20"
},{
  "dateTime" : "11/18/14 09:53:00",
  "value" : "20"
},{
  "dateTime" : "11/18/14 10:41:00",
  "value" : "10"
},{
  "dateTime" : "11/18/14 10:42:00",
  "value" : "10"
},{
  "dateTime" : "11/18/14 11:13:00",
  "value" : "10"
},{
  "dateTime" : "11/18/14 12:36:00",
  "value" : "10"
},{
  "dateTime" : "11/18/14 16:16:00",
  "value" : "10"
},{
  "dateTime" : "11/18/14 16:51:00",
  "value" : "10"
},{
  "dateTime" : "11/18/14 17:43:00",
  "value" : "10"
},{
  "dateTime" : "11/18/14 18:38:00",
  "value" : "10"
},{
  "dateTime" : "11/18/14 18:39:00",
  "value" : "10"
},{
  "dateTime" : "11/18/14 19:15:00",
  "value" : "10"
},{
  "dateTime" : "11/18/14 19:16:00",
  "value" : "20"
},{
  "dateTime" : "11/18/14 19:43:00",
  "value" : "10"
},{
  "dateTime" : "11/18/14 20:30:00",
  "value" : "10"
},{
  "dateTime" : "11/18/14 22:46:00",
  "value" : "10"
},{
  "dateTime" : "11/18/14 23:56:00",
  "value" : "10"
},{
  "dateTime" : "11/19/14 07:46:00",
  "value" : "10"
},{
  "dateTime" : "11/19/14 09:13:00",
  "value" : "10"
},{
  "dateTime" : "11/19/14 09:40:00",
  "value" : "10"
},{
  "dateTime" : "11/19/14 11:07:00",
  "value" : "10"
},{
  "dateTime" : "11/19/14 11:56:00",
  "value" : "10"
},{
  "dateTime" : "11/19/14 12:20:00",
  "value" : "10"
},{
  "dateTime" : "11/19/14 12:41:00",
  "value" : "10"
},{
  "dateTime" : "11/19/14 13:17:00",
  "value" : "10"
},{
  "dateTime" : "11/19/14 13:33:00",
  "value" : "10"
},{
  "dateTime" : "11/19/14 13:34:00",
  "value" : "10"
},{
  "dateTime" : "11/19/14 13:35:00",
  "value" : "10"
},{
  "dateTime" : "11/19/14 14:06:00",
  "value" : "10"
},{
  "dateTime" : "11/19/14 14:28:00",
  "value" : "10"
},{
  "dateTime" : "11/19/14 14:29:00",
  "value" : "10"
},{
  "dateTime" : "11/19/14 14:30:00",
  "value" : "10"
},{
  "dateTime" : "11/19/14 14:31:00",
  "value" : "20"
},{
  "dateTime" : "11/19/14 14:32:00",
  "value" : "10"
},{
  "dateTime" : "11/19/14 14:33:00",
  "value" : "10"
},{
  "dateTime" : "11/19/14 15:16:00",
  "value" : "10"
},{
  "dateTime" : "11/19/14 15:35:00",
  "value" : "10"
},{
  "dateTime" : "11/19/14 16:00:00",
  "value" : "10"
},{
  "dateTime" : "11/19/14 17:03:00",
  "value" : "10"
},{
  "dateTime" : "11/19/14 17:04:00",
  "value" : "10"
},{
  "dateTime" : "11/19/14 18:08:00",
  "value" : "10"
},{
  "dateTime" : "11/19/14 18:41:00",
  "value" : "10"
},{
  "dateTime" : "11/19/14 20:14:00",
  "value" : "10"
},{
  "dateTime" : "11/19/14 21:39:00",
  "value" : "10"
},{
  "dateTime" : "11/20/14 00:30:00",
  "value" : "10"
},{
  "dateTime" : "11/20/14 08:08:00",
  "value" : "10"
},{
  "dateTime" : "11/20/14 09:10:00",
  "value" : "10"
},{
  "dateTime" : "11/20/14 09:11:00",
  "value" : "10"
},{
  "dateTime" : "11/20/14 09:51:00",
  "value" : "10"
},{
  "dateTime" : "11/20/14 12:09:00",
  "value" : "10"
},{
  "dateTime" : "11/20/14 15:43:00",
  "value" : "10"
},{
  "dateTime" : "11/20/14 16:14:00",
  "value" : "10"
},{
  "dateTime" : "11/20/14 16:15:00",
  "value" : "10"
},{
  "dateTime" : "11/20/14 17:29:00",
  "value" : "10"
},{
  "dateTime" : "11/20/14 19:26:00",
  "value" : "10"
},{
  "dateTime" : "11/20/14 19:27:00",
  "value" : "10"
},{
  "dateTime" : "11/20/14 20:41:00",
  "value" : "20"
},{
  "dateTime" : "11/20/14 22:57:00",
  "value" : "10"
},{
  "dateTime" : "11/21/14 08:48:00",
  "value" : "10"
},{
  "dateTime" : "11/21/14 10:26:00",
  "value" : "10"
},{
  "dateTime" : "11/21/14 17:59:00",
  "value" : "10"
},{
  "dateTime" : "11/21/14 19:49:00",
  "value" : "10"
},{
  "dateTime" : "11/21/14 21:26:00",
  "value" : "10"
},{
  "dateTime" : "11/22/14 13:05:00",
  "value" : "10"
},{
  "dateTime" : "11/22/14 13:52:00",
  "value" : "10"
},{
  "dateTime" : "11/22/14 14:21:00",
  "value" : "10"
},{
  "dateTime" : "11/22/14 14:50:00",
  "value" : "10"
},{
  "dateTime" : "11/22/14 14:51:00",
  "value" : "10"
},{
  "dateTime" : "11/22/14 15:07:00",
  "value" : "20"
},{
  "dateTime" : "11/22/14 16:10:00",
  "value" : "10"
},{
  "dateTime" : "11/22/14 17:25:00",
  "value" : "10"
},{
  "dateTime" : "11/22/14 18:48:00",
  "value" : "10"
},{
  "dateTime" : "11/23/14 02:24:00",
  "value" : "10"
},{
  "dateTime" : "11/23/14 12:41:00",
  "value" : "10"
},{
  "dateTime" : "11/23/14 20:01:00",
  "value" : "10"
},{
  "dateTime" : "11/24/14 09:06:00",
  "value" : "10"
},{
  "dateTime" : "11/24/14 09:07:00",
  "value" : "10"
},{
  "dateTime" : "11/24/14 09:27:00",
  "value" : "20"
},{
  "dateTime" : "11/24/14 09:28:00",
  "value" : "10"
},{
  "dateTime" : "11/24/14 10:31:00",
  "value" : "20"
},{
  "dateTime" : "11/24/14 10:32:00",
  "value" : "10"
},{
  "dateTime" : "11/24/14 15:09:00",
  "value" : "10"
},{
  "dateTime" : "11/24/14 15:10:00",
  "value" : "10"
},{
  "dateTime" : "11/24/14 15:25:00",
  "value" : "20"
},{
  "dateTime" : "11/24/14 16:08:00",
  "value" : "30"
},{
  "dateTime" : "11/24/14 20:07:00",
  "value" : "10"
},{
  "dateTime" : "11/24/14 20:24:00",
  "value" : "10"
},{
  "dateTime" : "11/24/14 20:25:00",
  "value" : "10"
},{
  "dateTime" : "11/24/14 22:56:00",
  "value" : "10"
},{
  "dateTime" : "11/25/14 00:27:00",
  "value" : "10"
},{
  "dateTime" : "11/25/14 00:28:00",
  "value" : "10"
},{
  "dateTime" : "11/25/14 09:08:00",
  "value" : "10"
},{
  "dateTime" : "11/25/14 10:17:00",
  "value" : "10"
},{
  "dateTime" : "11/25/14 10:34:00",
  "value" : "20"
},{
  "dateTime" : "11/25/14 11:09:00",
  "value" : "10"
},{
  "dateTime" : "11/25/14 11:17:00",
  "value" : "10"
},{
  "dateTime" : "11/25/14 14:18:00",
  "value" : "10"
},{
  "dateTime" : "11/25/14 15:20:00",
  "value" : "10"
},{
  "dateTime" : "11/25/14 16:07:00",
  "value" : "10"
},{
  "dateTime" : "11/25/14 17:21:00",
  "value" : "10"
},{
  "dateTime" : "11/25/14 20:37:00",
  "value" : "10"
},{
  "dateTime" : "11/26/14 08:42:00",
  "value" : "10"
},{
  "dateTime" : "11/26/14 09:48:00",
  "value" : "10"
},{
  "dateTime" : "11/26/14 11:13:00",
  "value" : "10"
},{
  "dateTime" : "11/26/14 13:06:00",
  "value" : "10"
},{
  "dateTime" : "11/26/14 14:43:00",
  "value" : "10"
},{
  "dateTime" : "11/26/14 14:44:00",
  "value" : "10"
},{
  "dateTime" : "11/26/14 14:45:00",
  "value" : "10"
},{
  "dateTime" : "11/26/14 14:46:00",
  "value" : "10"
},{
  "dateTime" : "11/26/14 15:40:00",
  "value" : "10"
},{
  "dateTime" : "11/26/14 16:16:00",
  "value" : "10"
},{
  "dateTime" : "11/26/14 18:30:00",
  "value" : "20"
},{
  "dateTime" : "11/26/14 19:18:00",
  "value" : "10"
},{
  "dateTime" : "11/26/14 21:06:00",
  "value" : "10"
},{
  "dateTime" : "11/26/14 21:24:00",
  "value" : "10"
},{
  "dateTime" : "11/26/14 21:50:00",
  "value" : "10"
},{
  "dateTime" : "11/27/14 06:41:00",
  "value" : "10"
},{
  "dateTime" : "11/27/14 10:11:00",
  "value" : "10"
},{
  "dateTime" : "11/27/14 10:12:00",
  "value" : "10"
},{
  "dateTime" : "11/27/14 11:50:00",
  "value" : "10"
},{
  "dateTime" : "11/27/14 13:58:00",
  "value" : "10"
},{
  "dateTime" : "11/27/14 13:59:00",
  "value" : "10"
},{
  "dateTime" : "11/27/14 14:00:00",
  "value" : "10"
},{
  "dateTime" : "11/27/14 14:19:00",
  "value" : "10"
},{
  "dateTime" : "11/27/14 15:53:00",
  "value" : "10"
},{
  "dateTime" : "11/27/14 15:54:00",
  "value" : "10"
},{
  "dateTime" : "11/27/14 15:55:00",
  "value" : "10"
},{
  "dateTime" : "11/27/14 15:56:00",
  "value" : "10"
},{
  "dateTime" : "11/27/14 17:28:00",
  "value" : "10"
},{
  "dateTime" : "11/27/14 17:29:00",
  "value" : "10"
},{
  "dateTime" : "11/27/14 18:02:00",
  "value" : "10"
},{
  "dateTime" : "11/27/14 20:53:00",
  "value" : "10"
},{
  "dateTime" : "11/28/14 00:41:00",
  "value" : "10"
},{
  "dateTime" : "11/28/14 02:12:00",
  "value" : "10"
},{
  "dateTime" : "11/28/14 14:46:00",
  "value" : "10"
},{
  "dateTime" : "11/28/14 14:47:00",
  "value" : "10"
},{
  "dateTime" : "11/28/14 16:51:00",
  "value" : "10"
},{
  "dateTime" : "11/29/14 00:25:00",
  "value" : "10"
},{
  "dateTime" : "11/29/14 10:15:00",
  "value" : "10"
},{
  "dateTime" : "11/29/14 10:57:00",
  "value" : "10"
},{
  "dateTime" : "11/29/14 12:07:00",
  "value" : "10"
},{
  "dateTime" : "11/29/14 12:27:00",
  "value" : "10"
},{
  "dateTime" : "11/29/14 12:44:00",
  "value" : "10"
},{
  "dateTime" : "11/29/14 13:30:00",
  "value" : "10"
},{
  "dateTime" : "11/29/14 15:57:00",
  "value" : "10"
},{
  "dateTime" : "11/29/14 15:58:00",
  "value" : "10"
},{
  "dateTime" : "11/29/14 16:19:00",
  "value" : "10"
},{
  "dateTime" : "11/29/14 19:49:00",
  "value" : "10"
},{
  "dateTime" : "11/29/14 19:50:00",
  "value" : "10"
},{
  "dateTime" : "11/29/14 19:51:00",
  "value" : "10"
},{
  "dateTime" : "11/29/14 22:03:00",
  "value" : "10"
},{
  "dateTime" : "11/30/14 00:49:00",
  "value" : "10"
},{
  "dateTime" : "11/30/14 09:01:00",
  "value" : "10"
},{
  "dateTime" : "11/30/14 12:38:00",
  "value" : "10"
},{
  "dateTime" : "11/30/14 16:46:00",
  "value" : "10"
},{
  "dateTime" : "11/30/14 16:47:00",
  "value" : "30"
},{
  "dateTime" : "11/30/14 17:23:00",
  "value" : "10"
},{
  "dateTime" : "11/30/14 18:14:00",
  "value" : "10"
},{
  "dateTime" : "11/30/14 19:48:00",
  "value" : "10"
},{
  "dateTime" : "11/30/14 20:18:00",
  "value" : "10"
},{
  "dateTime" : "12/01/14 08:37:00",
  "value" : "10"
},{
  "dateTime" : "12/01/14 08:38:00",
  "value" : "10"
},{
  "dateTime" : "12/01/14 08:39:00",
  "value" : "10"
},{
  "dateTime" : "12/01/14 09:15:00",
  "value" : "10"
},{
  "dateTime" : "12/01/14 09:48:00",
  "value" : "10"
},{
  "dateTime" : "12/01/14 10:15:00",
  "value" : "20"
},{
  "dateTime" : "12/01/14 10:16:00",
  "value" : "10"
},{
  "dateTime" : "12/01/14 10:17:00",
  "value" : "10"
},{
  "dateTime" : "12/01/14 10:27:00",
  "value" : "20"
},{
  "dateTime" : "12/01/14 10:28:00",
  "value" : "30"
},{
  "dateTime" : "12/01/14 11:07:00",
  "value" : "10"
},{
  "dateTime" : "12/01/14 11:08:00",
  "value" : "10"
},{
  "dateTime" : "12/01/14 12:16:00",
  "value" : "10"
},{
  "dateTime" : "12/01/14 13:05:00",
  "value" : "10"
},{
  "dateTime" : "12/01/14 13:06:00",
  "value" : "10"
},{
  "dateTime" : "12/01/14 13:07:00",
  "value" : "10"
},{
  "dateTime" : "12/01/14 13:08:00",
  "value" : "10"
},{
  "dateTime" : "12/01/14 13:45:00",
  "value" : "10"
},{
  "dateTime" : "12/01/14 13:46:00",
  "value" : "10"
},{
  "dateTime" : "12/01/14 16:24:00",
  "value" : "10"
},{
  "dateTime" : "12/01/14 16:32:00",
  "value" : "10"
},{
  "dateTime" : "12/01/14 19:12:00",
  "value" : "10"
},{
  "dateTime" : "12/01/14 19:42:00",
  "value" : "10"
},{
  "dateTime" : "12/02/14 08:24:00",
  "value" : "10"
},{
  "dateTime" : "12/02/14 08:50:00",
  "value" : "10"
},{
  "dateTime" : "12/02/14 09:03:00",
  "value" : "10"
},{
  "dateTime" : "12/02/14 09:24:00",
  "value" : "10"
},{
  "dateTime" : "12/02/14 09:47:00",
  "value" : "20"
},{
  "dateTime" : "12/02/14 09:48:00",
  "value" : "20"
},{
  "dateTime" : "12/02/14 11:31:00",
  "value" : "10"
},{
  "dateTime" : "12/02/14 14:54:00",
  "value" : "10"
},{
  "dateTime" : "12/02/14 15:18:00",
  "value" : "10"
},{
  "dateTime" : "12/02/14 16:52:00",
  "value" : "10"
},{
  "dateTime" : "12/02/14 17:17:00",
  "value" : "10"
},{
  "dateTime" : "12/02/14 17:51:00",
  "value" : "10"
},{
  "dateTime" : "12/02/14 18:23:00",
  "value" : "10"
},{
  "dateTime" : "12/02/14 20:02:00",
  "value" : "10"
},{
  "dateTime" : "12/02/14 21:06:00",
  "value" : "10"
},{
  "dateTime" : "12/02/14 21:23:00",
  "value" : "20"
},{
  "dateTime" : "12/02/14 22:06:00",
  "value" : "10"
},{
  "dateTime" : "12/03/14 07:33:00",
  "value" : "10"
},{
  "dateTime" : "12/03/14 07:58:00",
  "value" : "10"
},{
  "dateTime" : "12/03/14 08:24:00",
  "value" : "10"
},{
  "dateTime" : "12/03/14 11:26:00",
  "value" : "10"
},{
  "dateTime" : "12/03/14 13:25:00",
  "value" : "10"
},{
  "dateTime" : "12/03/14 15:36:00",
  "value" : "10"
},{
  "dateTime" : "12/03/14 20:18:00",
  "value" : "10"
},{
  "dateTime" : "12/04/14 08:36:00",
  "value" : "20"
},{
  "dateTime" : "12/04/14 08:58:00",
  "value" : "10"
},{
  "dateTime" : "12/04/14 09:51:00",
  "value" : "10"
},{
  "dateTime" : "12/04/14 09:55:00",
  "value" : "20"
},{
  "dateTime" : "12/04/14 09:56:00",
  "value" : "20"
},{
  "dateTime" : "12/04/14 09:57:00",
  "value" : "20"
},{
  "dateTime" : "12/04/14 09:58:00",
  "value" : "20"
},{
  "dateTime" : "12/04/14 10:08:00",
  "value" : "30"
},{
  "dateTime" : "12/04/14 10:09:00",
  "value" : "20"
},{
  "dateTime" : "12/04/14 10:10:00",
  "value" : "30"
},{
  "dateTime" : "12/04/14 10:11:00",
  "value" : "30"
},{
  "dateTime" : "12/04/14 15:43:00",
  "value" : "10"
},{
  "dateTime" : "12/04/14 16:19:00",
  "value" : "10"
},{
  "dateTime" : "12/04/14 16:27:00",
  "value" : "10"
},{
  "dateTime" : "12/04/14 16:28:00",
  "value" : "10"
},{
  "dateTime" : "12/04/14 16:44:00",
  "value" : "20"
},{
  "dateTime" : "12/04/14 17:22:00",
  "value" : "10"
},{
  "dateTime" : "12/04/14 17:23:00",
  "value" : "10"
},{
  "dateTime" : "12/04/14 18:05:00",
  "value" : "10"
},{
  "dateTime" : "12/04/14 18:06:00",
  "value" : "10"
},{
  "dateTime" : "12/04/14 18:07:00",
  "value" : "10"
},{
  "dateTime" : "12/04/14 19:55:00",
  "value" : "10"
},{
  "dateTime" : "12/04/14 19:56:00",
  "value" : "10"
},{
  "dateTime" : "12/04/14 21:49:00",
  "value" : "10"
},{
  "dateTime" : "12/04/14 22:52:00",
  "value" : "30"
},{
  "dateTime" : "12/05/14 00:18:00",
  "value" : "10"
},{
  "dateTime" : "12/05/14 08:41:00",
  "value" : "10"
},{
  "dateTime" : "12/05/14 08:42:00",
  "value" : "10"
},{
  "dateTime" : "12/05/14 09:13:00",
  "value" : "10"
},{
  "dateTime" : "12/05/14 10:17:00",
  "value" : "10"
},{
  "dateTime" : "12/05/14 11:33:00",
  "value" : "10"
},{
  "dateTime" : "12/05/14 15:08:00",
  "value" : "10"
},{
  "dateTime" : "12/05/14 16:05:00",
  "value" : "10"
},{
  "dateTime" : "12/05/14 16:06:00",
  "value" : "10"
},{
  "dateTime" : "12/05/14 17:01:00",
  "value" : "10"
},{
  "dateTime" : "12/05/14 19:36:00",
  "value" : "10"
},{
  "dateTime" : "12/05/14 20:12:00",
  "value" : "10"
},{
  "dateTime" : "12/05/14 20:13:00",
  "value" : "10"
},{
  "dateTime" : "12/06/14 10:15:00",
  "value" : "10"
},{
  "dateTime" : "12/06/14 10:36:00",
  "value" : "10"
},{
  "dateTime" : "12/06/14 12:46:00",
  "value" : "10"
},{
  "dateTime" : "12/06/14 13:35:00",
  "value" : "10"
},{
  "dateTime" : "12/06/14 14:20:00",
  "value" : "10"
},{
  "dateTime" : "12/06/14 15:09:00",
  "value" : "10"
},{
  "dateTime" : "12/06/14 15:10:00",
  "value" : "20"
},{
  "dateTime" : "12/06/14 15:11:00",
  "value" : "20"
},{
  "dateTime" : "12/06/14 16:17:00",
  "value" : "10"
},{
  "dateTime" : "12/06/14 17:46:00",
  "value" : "20"
},{
  "dateTime" : "12/06/14 20:08:00",
  "value" : "10"
},{
  "dateTime" : "12/07/14 00:00:00",
  "value" : "10"
},{
  "dateTime" : "12/07/14 08:30:00",
  "value" : "10"
},{
  "dateTime" : "12/07/14 09:58:00",
  "value" : "10"
},{
  "dateTime" : "12/07/14 11:17:00",
  "value" : "10"
},{
  "dateTime" : "12/07/14 13:38:00",
  "value" : "10"
},{
  "dateTime" : "12/07/14 16:19:00",
  "value" : "10"
},{
  "dateTime" : "12/07/14 16:56:00",
  "value" : "10"
},{
  "dateTime" : "12/07/14 19:54:00",
  "value" : "10"
},{
  "dateTime" : "12/07/14 20:56:00",
  "value" : "10"
},{
  "dateTime" : "12/08/14 09:45:00",
  "value" : "10"
},{
  "dateTime" : "12/08/14 10:27:00",
  "value" : "10"
},{
  "dateTime" : "12/08/14 11:07:00",
  "value" : "10"
},{
  "dateTime" : "12/08/14 11:08:00",
  "value" : "10"
},{
  "dateTime" : "12/08/14 11:09:00",
  "value" : "10"
},{
  "dateTime" : "12/08/14 12:36:00",
  "value" : "10"
},{
  "dateTime" : "12/08/14 12:37:00",
  "value" : "10"
},{
  "dateTime" : "12/08/14 13:11:00",
  "value" : "10"
},{
  "dateTime" : "12/08/14 15:04:00",
  "value" : "10"
},{
  "dateTime" : "12/08/14 15:22:00",
  "value" : "10"
},{
  "dateTime" : "12/08/14 15:23:00",
  "value" : "10"
},{
  "dateTime" : "12/08/14 15:59:00",
  "value" : "10"
},{
  "dateTime" : "12/08/14 16:00:00",
  "value" : "10"
},{
  "dateTime" : "12/08/14 16:58:00",
  "value" : "10"
},{
  "dateTime" : "12/08/14 17:19:00",
  "value" : "10"
},{
  "dateTime" : "12/08/14 19:18:00",
  "value" : "10"
},{
  "dateTime" : "12/08/14 20:24:00",
  "value" : "10"
},{
  "dateTime" : "12/08/14 20:42:00",
  "value" : "10"
},{
  "dateTime" : "12/09/14 08:19:00",
  "value" : "10"
},{
  "dateTime" : "12/09/14 08:38:00",
  "value" : "10"
},{
  "dateTime" : "12/09/14 09:40:00",
  "value" : "10"
},{
  "dateTime" : "12/09/14 09:41:00",
  "value" : "10"
},{
  "dateTime" : "12/09/14 09:56:00",
  "value" : "20"
},{
  "dateTime" : "12/09/14 10:05:00",
  "value" : "20"
},{
  "dateTime" : "12/09/14 11:06:00",
  "value" : "10"
},{
  "dateTime" : "12/09/14 12:57:00",
  "value" : "10"
},{
  "dateTime" : "12/09/14 15:34:00",
  "value" : "10"
},{
  "dateTime" : "12/09/14 15:35:00",
  "value" : "10"
},{
  "dateTime" : "12/09/14 15:36:00",
  "value" : "10"
},{
  "dateTime" : "12/09/14 16:12:00",
  "value" : "10"
},{
  "dateTime" : "12/09/14 17:15:00",
  "value" : "10"
},{
  "dateTime" : "12/09/14 17:16:00",
  "value" : "10"
},{
  "dateTime" : "12/09/14 17:17:00",
  "value" : "10"
},{
  "dateTime" : "12/09/14 17:58:00",
  "value" : "10"
},{
  "dateTime" : "12/09/14 19:07:00",
  "value" : "10"
},{
  "dateTime" : "12/09/14 21:11:00",
  "value" : "30"
},{
  "dateTime" : "12/09/14 21:12:00",
  "value" : "20"
},{
  "dateTime" : "12/10/14 00:17:00",
  "value" : "10"
},{
  "dateTime" : "12/10/14 00:18:00",
  "value" : "10"
},{
  "dateTime" : "12/10/14 08:03:00",
  "value" : "10"
},{
  "dateTime" : "12/10/14 08:54:00",
  "value" : "10"
},{
  "dateTime" : "12/10/14 09:23:00",
  "value" : "10"
},{
  "dateTime" : "12/10/14 12:27:00",
  "value" : "10"
},{
  "dateTime" : "12/10/14 13:35:00",
  "value" : "10"
},{
  "dateTime" : "12/10/14 16:01:00",
  "value" : "10"
},{
  "dateTime" : "12/10/14 16:32:00",
  "value" : "10"
},{
  "dateTime" : "12/10/14 17:38:00",
  "value" : "10"
},{
  "dateTime" : "12/10/14 19:09:00",
  "value" : "10"
},{
  "dateTime" : "12/10/14 19:58:00",
  "value" : "10"
},{
  "dateTime" : "12/10/14 19:59:00",
  "value" : "20"
}]