[{
  "dateTime" : "04/15/14 06:53:00",
  "value" : "10"
},{
  "dateTime" : "04/15/14 11:47:00",
  "value" : "10"
},{
  "dateTime" : "04/15/14 14:00:00",
  "value" : "10"
},{
  "dateTime" : "04/15/14 16:25:00",
  "value" : "10"
},{
  "dateTime" : "04/15/14 20:20:00",
  "value" : "10"
},{
  "dateTime" : "04/15/14 20:29:00",
  "value" : "10"
},{
  "dateTime" : "04/15/14 20:37:00",
  "value" : "10"
},{
  "dateTime" : "04/16/14 08:17:00",
  "value" : "10"
},{
  "dateTime" : "04/16/14 09:16:00",
  "value" : "10"
},{
  "dateTime" : "04/16/14 10:00:00",
  "value" : "10"
},{
  "dateTime" : "04/16/14 11:21:00",
  "value" : "10"
},{
  "dateTime" : "04/16/14 12:51:00",
  "value" : "10"
},{
  "dateTime" : "04/16/14 13:07:00",
  "value" : "10"
},{
  "dateTime" : "04/16/14 13:43:00",
  "value" : "10"
},{
  "dateTime" : "04/16/14 16:13:00",
  "value" : "10"
},{
  "dateTime" : "04/16/14 16:21:00",
  "value" : "10"
},{
  "dateTime" : "04/16/14 18:06:00",
  "value" : "10"
},{
  "dateTime" : "04/16/14 18:07:00",
  "value" : "10"
},{
  "dateTime" : "04/16/14 19:35:00",
  "value" : "10"
},{
  "dateTime" : "04/16/14 19:36:00",
  "value" : "10"
},{
  "dateTime" : "04/16/14 20:07:00",
  "value" : "10"
},{
  "dateTime" : "04/16/14 20:44:00",
  "value" : "10"
},{
  "dateTime" : "04/17/14 00:10:00",
  "value" : "10"
},{
  "dateTime" : "04/17/14 08:33:00",
  "value" : "10"
},{
  "dateTime" : "04/17/14 10:14:00",
  "value" : "10"
},{
  "dateTime" : "04/17/14 11:06:00",
  "value" : "10"
},{
  "dateTime" : "04/17/14 15:40:00",
  "value" : "10"
},{
  "dateTime" : "04/17/14 17:06:00",
  "value" : "10"
},{
  "dateTime" : "04/17/14 18:33:00",
  "value" : "10"
},{
  "dateTime" : "04/17/14 19:53:00",
  "value" : "10"
},{
  "dateTime" : "04/17/14 20:13:00",
  "value" : "10"
},{
  "dateTime" : "04/17/14 20:14:00",
  "value" : "10"
},{
  "dateTime" : "04/17/14 22:26:00",
  "value" : "10"
},{
  "dateTime" : "04/17/14 23:44:00",
  "value" : "10"
},{
  "dateTime" : "04/18/14 07:38:00",
  "value" : "10"
},{
  "dateTime" : "04/18/14 08:01:00",
  "value" : "10"
},{
  "dateTime" : "04/18/14 08:22:00",
  "value" : "10"
},{
  "dateTime" : "04/18/14 08:54:00",
  "value" : "10"
},{
  "dateTime" : "04/18/14 10:58:00",
  "value" : "10"
},{
  "dateTime" : "04/18/14 14:02:00",
  "value" : "10"
},{
  "dateTime" : "04/18/14 14:26:00",
  "value" : "10"
},{
  "dateTime" : "04/18/14 14:58:00",
  "value" : "10"
},{
  "dateTime" : "04/18/14 15:11:00",
  "value" : "10"
},{
  "dateTime" : "04/18/14 16:46:00",
  "value" : "10"
},{
  "dateTime" : "04/18/14 17:31:00",
  "value" : "10"
},{
  "dateTime" : "04/18/14 18:41:00",
  "value" : "10"
},{
  "dateTime" : "04/18/14 19:00:00",
  "value" : "10"
},{
  "dateTime" : "04/18/14 19:29:00",
  "value" : "10"
},{
  "dateTime" : "04/18/14 20:46:00",
  "value" : "10"
},{
  "dateTime" : "04/18/14 21:06:00",
  "value" : "10"
},{
  "dateTime" : "04/18/14 22:06:00",
  "value" : "10"
},{
  "dateTime" : "04/18/14 23:02:00",
  "value" : "10"
},{
  "dateTime" : "04/19/14 00:23:00",
  "value" : "10"
},{
  "dateTime" : "04/19/14 02:17:00",
  "value" : "10"
},{
  "dateTime" : "04/19/14 07:12:00",
  "value" : "10"
},{
  "dateTime" : "04/19/14 10:46:00",
  "value" : "10"
},{
  "dateTime" : "04/19/14 11:21:00",
  "value" : "10"
},{
  "dateTime" : "04/19/14 14:13:00",
  "value" : "10"
},{
  "dateTime" : "04/19/14 14:14:00",
  "value" : "10"
},{
  "dateTime" : "04/19/14 21:23:00",
  "value" : "10"
},{
  "dateTime" : "04/20/14 00:40:00",
  "value" : "10"
},{
  "dateTime" : "04/20/14 01:10:00",
  "value" : "10"
},{
  "dateTime" : "04/20/14 09:47:00",
  "value" : "10"
},{
  "dateTime" : "04/20/14 10:05:00",
  "value" : "10"
},{
  "dateTime" : "04/20/14 10:06:00",
  "value" : "10"
},{
  "dateTime" : "04/20/14 11:31:00",
  "value" : "10"
},{
  "dateTime" : "04/20/14 15:15:00",
  "value" : "10"
},{
  "dateTime" : "04/20/14 16:00:00",
  "value" : "10"
},{
  "dateTime" : "04/20/14 16:01:00",
  "value" : "10"
},{
  "dateTime" : "04/20/14 16:12:00",
  "value" : "10"
},{
  "dateTime" : "04/20/14 17:06:00",
  "value" : "10"
},{
  "dateTime" : "04/20/14 17:40:00",
  "value" : "10"
},{
  "dateTime" : "04/20/14 17:48:00",
  "value" : "10"
},{
  "dateTime" : "04/20/14 19:30:00",
  "value" : "10"
},{
  "dateTime" : "04/20/14 19:31:00",
  "value" : "10"
},{
  "dateTime" : "04/20/14 22:02:00",
  "value" : "10"
},{
  "dateTime" : "04/21/14 09:01:00",
  "value" : "10"
},{
  "dateTime" : "04/21/14 09:09:00",
  "value" : "10"
},{
  "dateTime" : "04/21/14 09:26:00",
  "value" : "10"
},{
  "dateTime" : "04/21/14 11:52:00",
  "value" : "10"
},{
  "dateTime" : "04/21/14 13:24:00",
  "value" : "10"
},{
  "dateTime" : "04/21/14 13:25:00",
  "value" : "10"
},{
  "dateTime" : "04/21/14 13:46:00",
  "value" : "10"
},{
  "dateTime" : "04/21/14 14:30:00",
  "value" : "10"
},{
  "dateTime" : "04/21/14 18:11:00",
  "value" : "10"
},{
  "dateTime" : "04/21/14 18:18:00",
  "value" : "10"
},{
  "dateTime" : "04/21/14 18:48:00",
  "value" : "10"
},{
  "dateTime" : "04/21/14 21:21:00",
  "value" : "10"
},{
  "dateTime" : "04/22/14 06:46:00",
  "value" : "10"
},{
  "dateTime" : "04/22/14 08:04:00",
  "value" : "10"
},{
  "dateTime" : "04/22/14 08:05:00",
  "value" : "10"
},{
  "dateTime" : "04/22/14 09:02:00",
  "value" : "10"
},{
  "dateTime" : "04/22/14 09:03:00",
  "value" : "10"
},{
  "dateTime" : "04/22/14 09:04:00",
  "value" : "10"
},{
  "dateTime" : "04/22/14 10:41:00",
  "value" : "10"
},{
  "dateTime" : "04/22/14 14:04:00",
  "value" : "10"
},{
  "dateTime" : "04/22/14 14:23:00",
  "value" : "10"
},{
  "dateTime" : "04/22/14 14:24:00",
  "value" : "10"
},{
  "dateTime" : "04/22/14 14:44:00",
  "value" : "10"
},{
  "dateTime" : "04/22/14 14:49:00",
  "value" : "10"
},{
  "dateTime" : "04/22/14 15:39:00",
  "value" : "10"
},{
  "dateTime" : "04/22/14 15:51:00",
  "value" : "10"
},{
  "dateTime" : "04/22/14 15:52:00",
  "value" : "10"
},{
  "dateTime" : "04/22/14 17:09:00",
  "value" : "10"
},{
  "dateTime" : "04/22/14 17:10:00",
  "value" : "10"
},{
  "dateTime" : "04/22/14 18:03:00",
  "value" : "10"
},{
  "dateTime" : "04/22/14 19:38:00",
  "value" : "10"
},{
  "dateTime" : "04/22/14 19:56:00",
  "value" : "10"
},{
  "dateTime" : "04/22/14 21:52:00",
  "value" : "10"
},{
  "dateTime" : "04/22/14 21:53:00",
  "value" : "10"
},{
  "dateTime" : "04/23/14 00:43:00",
  "value" : "10"
},{
  "dateTime" : "04/23/14 08:07:00",
  "value" : "10"
},{
  "dateTime" : "04/23/14 09:12:00",
  "value" : "10"
},{
  "dateTime" : "04/23/14 09:13:00",
  "value" : "10"
},{
  "dateTime" : "04/23/14 09:51:00",
  "value" : "10"
},{
  "dateTime" : "04/23/14 11:35:00",
  "value" : "10"
},{
  "dateTime" : "04/23/14 13:17:00",
  "value" : "10"
},{
  "dateTime" : "04/23/14 15:36:00",
  "value" : "10"
},{
  "dateTime" : "04/23/14 16:02:00",
  "value" : "10"
},{
  "dateTime" : "04/23/14 16:55:00",
  "value" : "10"
},{
  "dateTime" : "04/23/14 16:56:00",
  "value" : "10"
},{
  "dateTime" : "04/23/14 20:32:00",
  "value" : "10"
},{
  "dateTime" : "04/23/14 20:33:00",
  "value" : "10"
},{
  "dateTime" : "04/23/14 20:56:00",
  "value" : "10"
},{
  "dateTime" : "04/24/14 07:04:00",
  "value" : "10"
},{
  "dateTime" : "04/24/14 07:05:00",
  "value" : "10"
},{
  "dateTime" : "04/24/14 08:52:00",
  "value" : "10"
},{
  "dateTime" : "04/24/14 10:57:00",
  "value" : "10"
},{
  "dateTime" : "04/24/14 12:19:00",
  "value" : "10"
},{
  "dateTime" : "04/24/14 14:48:00",
  "value" : "10"
},{
  "dateTime" : "04/24/14 15:38:00",
  "value" : "10"
},{
  "dateTime" : "04/24/14 15:39:00",
  "value" : "10"
},{
  "dateTime" : "04/24/14 15:54:00",
  "value" : "10"
},{
  "dateTime" : "04/24/14 16:43:00",
  "value" : "10"
},{
  "dateTime" : "04/24/14 18:46:00",
  "value" : "10"
},{
  "dateTime" : "04/24/14 18:47:00",
  "value" : "10"
},{
  "dateTime" : "04/24/14 19:29:00",
  "value" : "10"
},{
  "dateTime" : "04/25/14 03:23:00",
  "value" : "10"
},{
  "dateTime" : "04/25/14 05:27:00",
  "value" : "10"
},{
  "dateTime" : "04/25/14 08:23:00",
  "value" : "10"
},{
  "dateTime" : "04/25/14 09:07:00",
  "value" : "10"
},{
  "dateTime" : "04/25/14 09:32:00",
  "value" : "10"
},{
  "dateTime" : "04/25/14 10:01:00",
  "value" : "10"
},{
  "dateTime" : "04/25/14 10:05:00",
  "value" : "10"
},{
  "dateTime" : "04/25/14 14:26:00",
  "value" : "10"
},{
  "dateTime" : "04/25/14 15:09:00",
  "value" : "10"
},{
  "dateTime" : "04/25/14 16:36:00",
  "value" : "10"
},{
  "dateTime" : "04/25/14 16:37:00",
  "value" : "20"
},{
  "dateTime" : "04/25/14 17:00:00",
  "value" : "10"
},{
  "dateTime" : "04/25/14 18:07:00",
  "value" : "10"
},{
  "dateTime" : "04/25/14 18:08:00",
  "value" : "10"
},{
  "dateTime" : "04/25/14 18:25:00",
  "value" : "10"
},{
  "dateTime" : "04/25/14 18:26:00",
  "value" : "10"
},{
  "dateTime" : "04/25/14 23:09:00",
  "value" : "10"
},{
  "dateTime" : "04/26/14 01:29:00",
  "value" : "10"
},{
  "dateTime" : "04/26/14 07:10:00",
  "value" : "10"
},{
  "dateTime" : "04/26/14 10:39:00",
  "value" : "10"
},{
  "dateTime" : "04/26/14 16:54:00",
  "value" : "10"
},{
  "dateTime" : "04/26/14 20:47:00",
  "value" : "10"
},{
  "dateTime" : "04/26/14 20:48:00",
  "value" : "10"
},{
  "dateTime" : "04/27/14 00:44:00",
  "value" : "10"
},{
  "dateTime" : "04/27/14 08:45:00",
  "value" : "10"
},{
  "dateTime" : "04/27/14 10:05:00",
  "value" : "10"
},{
  "dateTime" : "04/27/14 11:02:00",
  "value" : "10"
},{
  "dateTime" : "04/27/14 11:03:00",
  "value" : "10"
},{
  "dateTime" : "04/27/14 11:45:00",
  "value" : "10"
},{
  "dateTime" : "04/27/14 13:45:00",
  "value" : "10"
},{
  "dateTime" : "04/27/14 13:46:00",
  "value" : "10"
},{
  "dateTime" : "04/27/14 17:52:00",
  "value" : "10"
},{
  "dateTime" : "04/27/14 17:53:00",
  "value" : "10"
},{
  "dateTime" : "04/27/14 17:54:00",
  "value" : "10"
},{
  "dateTime" : "04/27/14 19:11:00",
  "value" : "10"
},{
  "dateTime" : "04/27/14 19:12:00",
  "value" : "10"
},{
  "dateTime" : "04/27/14 20:39:00",
  "value" : "10"
},{
  "dateTime" : "04/28/14 08:45:00",
  "value" : "10"
},{
  "dateTime" : "04/28/14 09:41:00",
  "value" : "10"
},{
  "dateTime" : "04/28/14 10:05:00",
  "value" : "10"
},{
  "dateTime" : "04/28/14 10:49:00",
  "value" : "10"
},{
  "dateTime" : "04/28/14 11:23:00",
  "value" : "10"
},{
  "dateTime" : "04/28/14 11:24:00",
  "value" : "10"
},{
  "dateTime" : "04/28/14 11:25:00",
  "value" : "10"
},{
  "dateTime" : "04/28/14 11:54:00",
  "value" : "10"
},{
  "dateTime" : "04/28/14 12:20:00",
  "value" : "10"
},{
  "dateTime" : "04/28/14 12:59:00",
  "value" : "10"
},{
  "dateTime" : "04/28/14 13:07:00",
  "value" : "10"
},{
  "dateTime" : "04/28/14 13:08:00",
  "value" : "10"
},{
  "dateTime" : "04/28/14 14:57:00",
  "value" : "20"
},{
  "dateTime" : "04/28/14 15:12:00",
  "value" : "40"
},{
  "dateTime" : "04/28/14 15:13:00",
  "value" : "10"
},{
  "dateTime" : "04/28/14 15:57:00",
  "value" : "20"
},{
  "dateTime" : "04/28/14 15:58:00",
  "value" : "10"
},{
  "dateTime" : "04/28/14 15:59:00",
  "value" : "10"
},{
  "dateTime" : "04/28/14 16:24:00",
  "value" : "10"
},{
  "dateTime" : "04/28/14 16:46:00",
  "value" : "10"
},{
  "dateTime" : "04/28/14 16:47:00",
  "value" : "10"
},{
  "dateTime" : "04/28/14 17:03:00",
  "value" : "10"
},{
  "dateTime" : "04/28/14 17:04:00",
  "value" : "10"
},{
  "dateTime" : "04/28/14 17:05:00",
  "value" : "10"
},{
  "dateTime" : "04/28/14 18:27:00",
  "value" : "10"
},{
  "dateTime" : "04/28/14 18:57:00",
  "value" : "10"
},{
  "dateTime" : "04/28/14 19:24:00",
  "value" : "10"
},{
  "dateTime" : "04/28/14 19:41:00",
  "value" : "10"
},{
  "dateTime" : "04/28/14 19:42:00",
  "value" : "10"
},{
  "dateTime" : "04/28/14 22:51:00",
  "value" : "10"
},{
  "dateTime" : "04/29/14 04:39:00",
  "value" : "10"
},{
  "dateTime" : "04/29/14 08:51:00",
  "value" : "20"
},{
  "dateTime" : "04/29/14 09:10:00",
  "value" : "10"
},{
  "dateTime" : "04/29/14 10:53:00",
  "value" : "10"
},{
  "dateTime" : "04/29/14 12:42:00",
  "value" : "10"
},{
  "dateTime" : "04/29/14 12:43:00",
  "value" : "10"
},{
  "dateTime" : "04/29/14 12:44:00",
  "value" : "10"
},{
  "dateTime" : "04/29/14 13:50:00",
  "value" : "10"
},{
  "dateTime" : "04/29/14 14:08:00",
  "value" : "10"
},{
  "dateTime" : "04/29/14 14:35:00",
  "value" : "10"
},{
  "dateTime" : "04/29/14 14:36:00",
  "value" : "10"
},{
  "dateTime" : "04/29/14 14:59:00",
  "value" : "10"
},{
  "dateTime" : "04/29/14 15:00:00",
  "value" : "10"
},{
  "dateTime" : "04/29/14 15:15:00",
  "value" : "10"
},{
  "dateTime" : "04/29/14 15:43:00",
  "value" : "10"
},{
  "dateTime" : "04/29/14 15:44:00",
  "value" : "10"
},{
  "dateTime" : "04/29/14 16:02:00",
  "value" : "10"
},{
  "dateTime" : "04/29/14 16:03:00",
  "value" : "10"
},{
  "dateTime" : "04/29/14 16:04:00",
  "value" : "10"
},{
  "dateTime" : "04/29/14 16:20:00",
  "value" : "10"
},{
  "dateTime" : "04/29/14 16:21:00",
  "value" : "10"
},{
  "dateTime" : "04/29/14 16:22:00",
  "value" : "10"
},{
  "dateTime" : "04/29/14 16:57:00",
  "value" : "10"
},{
  "dateTime" : "04/29/14 17:17:00",
  "value" : "10"
},{
  "dateTime" : "04/29/14 17:42:00",
  "value" : "10"
},{
  "dateTime" : "04/29/14 18:47:00",
  "value" : "10"
},{
  "dateTime" : "04/29/14 19:22:00",
  "value" : "10"
},{
  "dateTime" : "04/29/14 19:40:00",
  "value" : "10"
},{
  "dateTime" : "04/29/14 20:42:00",
  "value" : "10"
},{
  "dateTime" : "04/29/14 21:44:00",
  "value" : "10"
},{
  "dateTime" : "04/29/14 21:45:00",
  "value" : "10"
},{
  "dateTime" : "04/29/14 23:51:00",
  "value" : "10"
},{
  "dateTime" : "04/30/14 08:54:00",
  "value" : "10"
},{
  "dateTime" : "04/30/14 09:59:00",
  "value" : "10"
},{
  "dateTime" : "04/30/14 10:56:00",
  "value" : "10"
},{
  "dateTime" : "04/30/14 11:04:00",
  "value" : "10"
},{
  "dateTime" : "04/30/14 12:38:00",
  "value" : "10"
},{
  "dateTime" : "04/30/14 16:46:00",
  "value" : "10"
},{
  "dateTime" : "04/30/14 20:14:00",
  "value" : "10"
},{
  "dateTime" : "04/30/14 20:55:00",
  "value" : "10"
},{
  "dateTime" : "05/01/14 05:53:00",
  "value" : "10"
},{
  "dateTime" : "05/01/14 09:06:00",
  "value" : "10"
},{
  "dateTime" : "05/01/14 09:53:00",
  "value" : "20"
},{
  "dateTime" : "05/01/14 09:54:00",
  "value" : "10"
},{
  "dateTime" : "05/01/14 17:27:00",
  "value" : "10"
},{
  "dateTime" : "05/01/14 22:41:00",
  "value" : "10"
},{
  "dateTime" : "05/02/14 06:56:00",
  "value" : "10"
},{
  "dateTime" : "05/02/14 07:54:00",
  "value" : "10"
},{
  "dateTime" : "05/02/14 10:20:00",
  "value" : "10"
},{
  "dateTime" : "05/02/14 14:35:00",
  "value" : "10"
},{
  "dateTime" : "05/02/14 17:55:00",
  "value" : "10"
},{
  "dateTime" : "05/02/14 18:45:00",
  "value" : "10"
},{
  "dateTime" : "05/02/14 23:28:00",
  "value" : "10"
},{
  "dateTime" : "05/03/14 00:13:00",
  "value" : "10"
},{
  "dateTime" : "05/03/14 07:23:00",
  "value" : "10"
},{
  "dateTime" : "05/03/14 10:35:00",
  "value" : "10"
},{
  "dateTime" : "05/03/14 10:36:00",
  "value" : "10"
},{
  "dateTime" : "05/03/14 11:35:00",
  "value" : "10"
},{
  "dateTime" : "05/03/14 13:48:00",
  "value" : "10"
},{
  "dateTime" : "05/03/14 14:16:00",
  "value" : "10"
},{
  "dateTime" : "05/03/14 15:37:00",
  "value" : "10"
},{
  "dateTime" : "05/03/14 17:42:00",
  "value" : "10"
},{
  "dateTime" : "05/03/14 18:34:00",
  "value" : "10"
},{
  "dateTime" : "05/04/14 15:48:00",
  "value" : "10"
},{
  "dateTime" : "05/04/14 17:34:00",
  "value" : "10"
},{
  "dateTime" : "05/04/14 19:43:00",
  "value" : "10"
},{
  "dateTime" : "05/04/14 22:05:00",
  "value" : "10"
},{
  "dateTime" : "05/05/14 03:46:00",
  "value" : "10"
},{
  "dateTime" : "05/05/14 06:22:00",
  "value" : "10"
},{
  "dateTime" : "05/05/14 08:14:00",
  "value" : "10"
},{
  "dateTime" : "05/05/14 08:15:00",
  "value" : "20"
},{
  "dateTime" : "05/05/14 08:42:00",
  "value" : "10"
},{
  "dateTime" : "05/05/14 08:46:00",
  "value" : "10"
},{
  "dateTime" : "05/05/14 08:47:00",
  "value" : "10"
},{
  "dateTime" : "05/05/14 09:10:00",
  "value" : "10"
},{
  "dateTime" : "05/05/14 09:18:00",
  "value" : "10"
},{
  "dateTime" : "05/05/14 10:11:00",
  "value" : "10"
},{
  "dateTime" : "05/05/14 10:37:00",
  "value" : "10"
},{
  "dateTime" : "05/05/14 11:18:00",
  "value" : "10"
},{
  "dateTime" : "05/05/14 11:19:00",
  "value" : "20"
},{
  "dateTime" : "05/05/14 11:20:00",
  "value" : "10"
},{
  "dateTime" : "05/05/14 11:58:00",
  "value" : "10"
},{
  "dateTime" : "05/05/14 11:59:00",
  "value" : "10"
},{
  "dateTime" : "05/05/14 12:28:00",
  "value" : "10"
},{
  "dateTime" : "05/05/14 12:29:00",
  "value" : "10"
},{
  "dateTime" : "05/05/14 13:26:00",
  "value" : "10"
},{
  "dateTime" : "05/05/14 13:52:00",
  "value" : "10"
},{
  "dateTime" : "05/05/14 13:53:00",
  "value" : "10"
},{
  "dateTime" : "05/05/14 15:36:00",
  "value" : "10"
},{
  "dateTime" : "05/05/14 15:37:00",
  "value" : "10"
},{
  "dateTime" : "05/05/14 15:38:00",
  "value" : "10"
},{
  "dateTime" : "05/05/14 16:15:00",
  "value" : "10"
},{
  "dateTime" : "05/05/14 19:17:00",
  "value" : "10"
},{
  "dateTime" : "05/05/14 20:47:00",
  "value" : "10"
},{
  "dateTime" : "05/05/14 20:48:00",
  "value" : "10"
},{
  "dateTime" : "05/05/14 21:16:00",
  "value" : "10"
},{
  "dateTime" : "05/05/14 21:22:00",
  "value" : "10"
},{
  "dateTime" : "05/05/14 21:23:00",
  "value" : "10"
},{
  "dateTime" : "05/05/14 23:17:00",
  "value" : "10"
},{
  "dateTime" : "05/06/14 01:26:00",
  "value" : "10"
},{
  "dateTime" : "05/06/14 07:57:00",
  "value" : "10"
},{
  "dateTime" : "05/06/14 08:22:00",
  "value" : "10"
},{
  "dateTime" : "05/06/14 09:30:00",
  "value" : "10"
},{
  "dateTime" : "05/06/14 11:04:00",
  "value" : "10"
},{
  "dateTime" : "05/06/14 11:07:00",
  "value" : "10"
},{
  "dateTime" : "05/06/14 12:09:00",
  "value" : "10"
},{
  "dateTime" : "05/06/14 12:43:00",
  "value" : "10"
},{
  "dateTime" : "05/06/14 14:18:00",
  "value" : "10"
},{
  "dateTime" : "05/06/14 14:19:00",
  "value" : "10"
},{
  "dateTime" : "05/06/14 14:42:00",
  "value" : "10"
},{
  "dateTime" : "05/06/14 19:32:00",
  "value" : "10"
},{
  "dateTime" : "05/06/14 19:34:00",
  "value" : "10"
},{
  "dateTime" : "05/06/14 19:35:00",
  "value" : "10"
},{
  "dateTime" : "05/06/14 19:36:00",
  "value" : "10"
},{
  "dateTime" : "05/06/14 20:30:00",
  "value" : "10"
},{
  "dateTime" : "05/06/14 22:37:00",
  "value" : "10"
},{
  "dateTime" : "05/07/14 08:22:00",
  "value" : "10"
},{
  "dateTime" : "05/07/14 08:54:00",
  "value" : "10"
},{
  "dateTime" : "05/07/14 09:14:00",
  "value" : "10"
},{
  "dateTime" : "05/07/14 09:46:00",
  "value" : "10"
},{
  "dateTime" : "05/07/14 09:47:00",
  "value" : "10"
},{
  "dateTime" : "05/07/14 09:48:00",
  "value" : "10"
},{
  "dateTime" : "05/07/14 09:49:00",
  "value" : "20"
},{
  "dateTime" : "05/07/14 09:55:00",
  "value" : "10"
},{
  "dateTime" : "05/07/14 11:03:00",
  "value" : "10"
},{
  "dateTime" : "05/07/14 11:04:00",
  "value" : "10"
},{
  "dateTime" : "05/07/14 11:05:00",
  "value" : "10"
},{
  "dateTime" : "05/07/14 13:30:00",
  "value" : "10"
},{
  "dateTime" : "05/07/14 17:31:00",
  "value" : "10"
},{
  "dateTime" : "05/07/14 17:32:00",
  "value" : "20"
},{
  "dateTime" : "05/07/14 18:48:00",
  "value" : "10"
},{
  "dateTime" : "05/07/14 19:33:00",
  "value" : "10"
},{
  "dateTime" : "05/07/14 20:49:00",
  "value" : "10"
},{
  "dateTime" : "05/07/14 21:02:00",
  "value" : "10"
},{
  "dateTime" : "05/07/14 21:03:00",
  "value" : "10"
},{
  "dateTime" : "05/08/14 00:14:00",
  "value" : "10"
},{
  "dateTime" : "05/08/14 08:54:00",
  "value" : "10"
},{
  "dateTime" : "05/08/14 09:11:00",
  "value" : "10"
},{
  "dateTime" : "05/08/14 10:21:00",
  "value" : "10"
},{
  "dateTime" : "05/08/14 12:52:00",
  "value" : "10"
},{
  "dateTime" : "05/08/14 13:03:00",
  "value" : "10"
},{
  "dateTime" : "05/08/14 16:05:00",
  "value" : "10"
},{
  "dateTime" : "05/08/14 16:49:00",
  "value" : "10"
},{
  "dateTime" : "05/08/14 16:50:00",
  "value" : "10"
},{
  "dateTime" : "05/08/14 17:42:00",
  "value" : "10"
},{
  "dateTime" : "05/08/14 17:48:00",
  "value" : "10"
},{
  "dateTime" : "05/08/14 18:15:00",
  "value" : "10"
},{
  "dateTime" : "05/08/14 19:19:00",
  "value" : "10"
},{
  "dateTime" : "05/08/14 19:27:00",
  "value" : "10"
},{
  "dateTime" : "05/08/14 19:28:00",
  "value" : "10"
},{
  "dateTime" : "05/08/14 20:04:00",
  "value" : "10"
},{
  "dateTime" : "05/08/14 20:05:00",
  "value" : "10"
},{
  "dateTime" : "05/08/14 20:06:00",
  "value" : "10"
},{
  "dateTime" : "05/08/14 20:51:00",
  "value" : "10"
},{
  "dateTime" : "05/08/14 21:19:00",
  "value" : "10"
},{
  "dateTime" : "05/08/14 22:08:00",
  "value" : "10"
},{
  "dateTime" : "05/09/14 04:04:00",
  "value" : "10"
},{
  "dateTime" : "05/09/14 08:46:00",
  "value" : "10"
},{
  "dateTime" : "05/09/14 09:02:00",
  "value" : "10"
},{
  "dateTime" : "05/09/14 09:25:00",
  "value" : "10"
},{
  "dateTime" : "05/09/14 11:16:00",
  "value" : "10"
},{
  "dateTime" : "05/09/14 11:17:00",
  "value" : "10"
},{
  "dateTime" : "05/09/14 15:20:00",
  "value" : "10"
},{
  "dateTime" : "05/09/14 15:38:00",
  "value" : "10"
},{
  "dateTime" : "05/09/14 15:46:00",
  "value" : "10"
},{
  "dateTime" : "05/09/14 18:05:00",
  "value" : "10"
},{
  "dateTime" : "05/09/14 18:08:00",
  "value" : "10"
},{
  "dateTime" : "05/09/14 18:40:00",
  "value" : "10"
},{
  "dateTime" : "05/09/14 18:41:00",
  "value" : "10"
},{
  "dateTime" : "05/09/14 18:57:00",
  "value" : "10"
},{
  "dateTime" : "05/09/14 20:39:00",
  "value" : "10"
},{
  "dateTime" : "05/09/14 23:57:00",
  "value" : "10"
},{
  "dateTime" : "05/10/14 08:55:00",
  "value" : "10"
},{
  "dateTime" : "05/10/14 09:15:00",
  "value" : "10"
},{
  "dateTime" : "05/10/14 09:36:00",
  "value" : "10"
},{
  "dateTime" : "05/10/14 11:15:00",
  "value" : "10"
},{
  "dateTime" : "05/10/14 11:16:00",
  "value" : "10"
},{
  "dateTime" : "05/10/14 13:01:00",
  "value" : "10"
},{
  "dateTime" : "05/10/14 13:32:00",
  "value" : "10"
},{
  "dateTime" : "05/10/14 14:48:00",
  "value" : "10"
},{
  "dateTime" : "05/10/14 15:00:00",
  "value" : "10"
},{
  "dateTime" : "05/10/14 15:27:00",
  "value" : "10"
},{
  "dateTime" : "05/10/14 15:50:00",
  "value" : "10"
},{
  "dateTime" : "05/10/14 15:51:00",
  "value" : "10"
},{
  "dateTime" : "05/10/14 16:25:00",
  "value" : "30"
},{
  "dateTime" : "05/10/14 17:19:00",
  "value" : "10"
},{
  "dateTime" : "05/10/14 17:26:00",
  "value" : "10"
},{
  "dateTime" : "05/10/14 17:27:00",
  "value" : "10"
},{
  "dateTime" : "05/10/14 17:56:00",
  "value" : "10"
},{
  "dateTime" : "05/10/14 18:24:00",
  "value" : "10"
},{
  "dateTime" : "05/10/14 18:44:00",
  "value" : "10"
},{
  "dateTime" : "05/10/14 23:40:00",
  "value" : "10"
},{
  "dateTime" : "05/10/14 23:41:00",
  "value" : "10"
},{
  "dateTime" : "05/11/14 08:17:00",
  "value" : "10"
},{
  "dateTime" : "05/11/14 08:18:00",
  "value" : "10"
},{
  "dateTime" : "05/11/14 09:30:00",
  "value" : "10"
},{
  "dateTime" : "05/11/14 11:45:00",
  "value" : "10"
},{
  "dateTime" : "05/11/14 12:11:00",
  "value" : "10"
},{
  "dateTime" : "05/11/14 12:29:00",
  "value" : "10"
},{
  "dateTime" : "05/11/14 12:49:00",
  "value" : "10"
},{
  "dateTime" : "05/11/14 12:50:00",
  "value" : "10"
},{
  "dateTime" : "05/11/14 18:53:00",
  "value" : "10"
},{
  "dateTime" : "05/11/14 18:54:00",
  "value" : "10"
},{
  "dateTime" : "05/11/14 20:14:00",
  "value" : "10"
},{
  "dateTime" : "05/11/14 20:28:00",
  "value" : "10"
},{
  "dateTime" : "05/11/14 22:23:00",
  "value" : "10"
},{
  "dateTime" : "05/11/14 23:42:00",
  "value" : "10"
},{
  "dateTime" : "05/12/14 02:46:00",
  "value" : "10"
},{
  "dateTime" : "05/12/14 09:30:00",
  "value" : "10"
},{
  "dateTime" : "05/12/14 12:10:00",
  "value" : "10"
},{
  "dateTime" : "05/12/14 12:23:00",
  "value" : "10"
},{
  "dateTime" : "05/12/14 12:47:00",
  "value" : "10"
},{
  "dateTime" : "05/12/14 15:45:00",
  "value" : "10"
},{
  "dateTime" : "05/12/14 16:44:00",
  "value" : "10"
},{
  "dateTime" : "05/12/14 17:38:00",
  "value" : "10"
},{
  "dateTime" : "05/12/14 17:39:00",
  "value" : "10"
},{
  "dateTime" : "05/12/14 19:40:00",
  "value" : "10"
},{
  "dateTime" : "05/12/14 20:36:00",
  "value" : "10"
},{
  "dateTime" : "05/12/14 20:37:00",
  "value" : "10"
},{
  "dateTime" : "05/12/14 20:38:00",
  "value" : "10"
},{
  "dateTime" : "05/12/14 22:16:00",
  "value" : "10"
},{
  "dateTime" : "05/13/14 06:24:00",
  "value" : "10"
},{
  "dateTime" : "05/13/14 07:06:00",
  "value" : "10"
},{
  "dateTime" : "05/13/14 07:53:00",
  "value" : "10"
},{
  "dateTime" : "05/13/14 07:54:00",
  "value" : "10"
},{
  "dateTime" : "05/13/14 08:36:00",
  "value" : "10"
},{
  "dateTime" : "05/13/14 08:49:00",
  "value" : "10"
},{
  "dateTime" : "05/13/14 09:11:00",
  "value" : "10"
},{
  "dateTime" : "05/13/14 10:04:00",
  "value" : "10"
},{
  "dateTime" : "05/13/14 11:13:00",
  "value" : "10"
},{
  "dateTime" : "05/13/14 12:56:00",
  "value" : "10"
},{
  "dateTime" : "05/13/14 13:26:00",
  "value" : "10"
},{
  "dateTime" : "05/13/14 13:27:00",
  "value" : "10"
},{
  "dateTime" : "05/13/14 13:42:00",
  "value" : "10"
},{
  "dateTime" : "05/13/14 13:43:00",
  "value" : "10"
},{
  "dateTime" : "05/13/14 14:21:00",
  "value" : "10"
},{
  "dateTime" : "05/13/14 14:22:00",
  "value" : "10"
},{
  "dateTime" : "05/13/14 14:48:00",
  "value" : "10"
},{
  "dateTime" : "05/13/14 15:38:00",
  "value" : "10"
},{
  "dateTime" : "05/13/14 16:29:00",
  "value" : "10"
},{
  "dateTime" : "05/13/14 16:33:00",
  "value" : "10"
},{
  "dateTime" : "05/13/14 16:59:00",
  "value" : "10"
},{
  "dateTime" : "05/13/14 17:54:00",
  "value" : "10"
},{
  "dateTime" : "05/13/14 18:19:00",
  "value" : "10"
},{
  "dateTime" : "05/13/14 18:56:00",
  "value" : "10"
},{
  "dateTime" : "05/13/14 19:39:00",
  "value" : "10"
},{
  "dateTime" : "05/13/14 22:22:00",
  "value" : "10"
},{
  "dateTime" : "05/13/14 22:54:00",
  "value" : "10"
},{
  "dateTime" : "05/13/14 23:48:00",
  "value" : "10"
},{
  "dateTime" : "05/14/14 08:12:00",
  "value" : "10"
},{
  "dateTime" : "05/14/14 09:04:00",
  "value" : "10"
},{
  "dateTime" : "05/14/14 09:13:00",
  "value" : "10"
},{
  "dateTime" : "05/14/14 11:10:00",
  "value" : "10"
},{
  "dateTime" : "05/14/14 15:06:00",
  "value" : "10"
},{
  "dateTime" : "05/14/14 15:07:00",
  "value" : "10"
},{
  "dateTime" : "05/14/14 16:00:00",
  "value" : "10"
},{
  "dateTime" : "05/14/14 16:01:00",
  "value" : "10"
},{
  "dateTime" : "05/14/14 17:46:00",
  "value" : "10"
},{
  "dateTime" : "05/14/14 18:36:00",
  "value" : "10"
},{
  "dateTime" : "05/14/14 19:04:00",
  "value" : "10"
},{
  "dateTime" : "05/14/14 19:05:00",
  "value" : "10"
},{
  "dateTime" : "05/14/14 19:29:00",
  "value" : "10"
},{
  "dateTime" : "05/14/14 19:30:00",
  "value" : "10"
},{
  "dateTime" : "05/14/14 19:35:00",
  "value" : "10"
},{
  "dateTime" : "05/14/14 19:36:00",
  "value" : "10"
},{
  "dateTime" : "05/14/14 19:43:00",
  "value" : "10"
},{
  "dateTime" : "05/14/14 19:51:00",
  "value" : "10"
},{
  "dateTime" : "05/14/14 20:37:00",
  "value" : "10"
},{
  "dateTime" : "05/14/14 21:28:00",
  "value" : "10"
},{
  "dateTime" : "05/14/14 21:29:00",
  "value" : "10"
},{
  "dateTime" : "05/14/14 21:47:00",
  "value" : "10"
},{
  "dateTime" : "05/14/14 21:51:00",
  "value" : "10"
},{
  "dateTime" : "05/14/14 22:20:00",
  "value" : "10"
}]