[{
  "dateTime" : "03/16/14 08:32:00",
  "value" : "10"
},{
  "dateTime" : "03/16/14 09:32:00",
  "value" : "10"
},{
  "dateTime" : "03/16/14 11:43:00",
  "value" : "10"
},{
  "dateTime" : "03/16/14 12:54:00",
  "value" : "10"
},{
  "dateTime" : "03/16/14 13:10:00",
  "value" : "10"
},{
  "dateTime" : "03/16/14 13:11:00",
  "value" : "10"
},{
  "dateTime" : "03/16/14 13:40:00",
  "value" : "10"
},{
  "dateTime" : "03/16/14 14:00:00",
  "value" : "10"
},{
  "dateTime" : "03/16/14 14:51:00",
  "value" : "10"
},{
  "dateTime" : "03/16/14 15:53:00",
  "value" : "10"
},{
  "dateTime" : "03/16/14 16:36:00",
  "value" : "10"
},{
  "dateTime" : "03/16/14 16:52:00",
  "value" : "10"
},{
  "dateTime" : "03/16/14 17:00:00",
  "value" : "10"
},{
  "dateTime" : "03/16/14 17:07:00",
  "value" : "10"
},{
  "dateTime" : "03/16/14 17:24:00",
  "value" : "20"
},{
  "dateTime" : "03/16/14 17:25:00",
  "value" : "10"
},{
  "dateTime" : "03/16/14 17:26:00",
  "value" : "10"
},{
  "dateTime" : "03/16/14 17:40:00",
  "value" : "10"
},{
  "dateTime" : "03/16/14 17:41:00",
  "value" : "20"
},{
  "dateTime" : "03/16/14 17:42:00",
  "value" : "10"
},{
  "dateTime" : "03/16/14 17:43:00",
  "value" : "10"
},{
  "dateTime" : "03/16/14 18:57:00",
  "value" : "10"
},{
  "dateTime" : "03/16/14 19:34:00",
  "value" : "10"
},{
  "dateTime" : "03/16/14 19:59:00",
  "value" : "10"
},{
  "dateTime" : "03/16/14 21:06:00",
  "value" : "10"
},{
  "dateTime" : "03/16/14 23:44:00",
  "value" : "10"
},{
  "dateTime" : "03/17/14 09:43:00",
  "value" : "10"
},{
  "dateTime" : "03/17/14 15:04:00",
  "value" : "10"
},{
  "dateTime" : "03/17/14 15:11:00",
  "value" : "10"
},{
  "dateTime" : "03/17/14 16:43:00",
  "value" : "10"
},{
  "dateTime" : "03/17/14 17:33:00",
  "value" : "10"
},{
  "dateTime" : "03/17/14 20:58:00",
  "value" : "10"
},{
  "dateTime" : "03/17/14 22:16:00",
  "value" : "10"
},{
  "dateTime" : "03/17/14 22:38:00",
  "value" : "10"
},{
  "dateTime" : "03/17/14 23:19:00",
  "value" : "10"
},{
  "dateTime" : "03/18/14 00:17:00",
  "value" : "10"
},{
  "dateTime" : "03/18/14 01:13:00",
  "value" : "10"
},{
  "dateTime" : "03/18/14 09:23:00",
  "value" : "10"
},{
  "dateTime" : "03/18/14 12:31:00",
  "value" : "10"
},{
  "dateTime" : "03/18/14 14:37:00",
  "value" : "10"
},{
  "dateTime" : "03/18/14 17:29:00",
  "value" : "10"
},{
  "dateTime" : "03/18/14 19:31:00",
  "value" : "10"
},{
  "dateTime" : "03/18/14 20:07:00",
  "value" : "10"
},{
  "dateTime" : "03/18/14 20:08:00",
  "value" : "10"
},{
  "dateTime" : "03/18/14 20:09:00",
  "value" : "10"
},{
  "dateTime" : "03/18/14 20:10:00",
  "value" : "20"
},{
  "dateTime" : "03/18/14 20:11:00",
  "value" : "10"
},{
  "dateTime" : "03/18/14 20:12:00",
  "value" : "10"
},{
  "dateTime" : "03/18/14 22:36:00",
  "value" : "10"
},{
  "dateTime" : "03/19/14 09:22:00",
  "value" : "10"
},{
  "dateTime" : "03/19/14 10:04:00",
  "value" : "10"
},{
  "dateTime" : "03/19/14 10:17:00",
  "value" : "10"
},{
  "dateTime" : "03/19/14 10:54:00",
  "value" : "10"
},{
  "dateTime" : "03/19/14 10:55:00",
  "value" : "10"
},{
  "dateTime" : "03/19/14 10:56:00",
  "value" : "10"
},{
  "dateTime" : "03/19/14 11:02:00",
  "value" : "10"
},{
  "dateTime" : "03/19/14 12:50:00",
  "value" : "10"
},{
  "dateTime" : "03/19/14 15:18:00",
  "value" : "10"
},{
  "dateTime" : "03/19/14 15:19:00",
  "value" : "10"
},{
  "dateTime" : "03/19/14 15:21:00",
  "value" : "10"
},{
  "dateTime" : "03/19/14 15:22:00",
  "value" : "10"
},{
  "dateTime" : "03/19/14 15:23:00",
  "value" : "10"
},{
  "dateTime" : "03/19/14 16:08:00",
  "value" : "10"
},{
  "dateTime" : "03/19/14 19:54:00",
  "value" : "10"
},{
  "dateTime" : "03/19/14 21:25:00",
  "value" : "10"
},{
  "dateTime" : "03/20/14 08:41:00",
  "value" : "10"
},{
  "dateTime" : "03/20/14 08:42:00",
  "value" : "10"
},{
  "dateTime" : "03/20/14 08:43:00",
  "value" : "20"
},{
  "dateTime" : "03/20/14 11:22:00",
  "value" : "10"
},{
  "dateTime" : "03/20/14 11:28:00",
  "value" : "10"
},{
  "dateTime" : "03/20/14 11:29:00",
  "value" : "10"
},{
  "dateTime" : "03/20/14 13:13:00",
  "value" : "10"
},{
  "dateTime" : "03/20/14 16:56:00",
  "value" : "10"
},{
  "dateTime" : "03/20/14 16:57:00",
  "value" : "10"
},{
  "dateTime" : "03/20/14 17:15:00",
  "value" : "10"
},{
  "dateTime" : "03/20/14 20:37:00",
  "value" : "10"
},{
  "dateTime" : "03/20/14 21:46:00",
  "value" : "10"
},{
  "dateTime" : "03/21/14 00:26:00",
  "value" : "10"
},{
  "dateTime" : "03/21/14 00:27:00",
  "value" : "10"
},{
  "dateTime" : "03/21/14 13:12:00",
  "value" : "10"
},{
  "dateTime" : "03/21/14 13:53:00",
  "value" : "10"
},{
  "dateTime" : "03/21/14 14:37:00",
  "value" : "10"
},{
  "dateTime" : "03/21/14 14:41:00",
  "value" : "10"
},{
  "dateTime" : "03/21/14 14:57:00",
  "value" : "10"
},{
  "dateTime" : "03/21/14 15:18:00",
  "value" : "10"
},{
  "dateTime" : "03/21/14 16:35:00",
  "value" : "10"
},{
  "dateTime" : "03/21/14 23:11:00",
  "value" : "10"
},{
  "dateTime" : "03/21/14 23:15:00",
  "value" : "10"
},{
  "dateTime" : "03/22/14 01:04:00",
  "value" : "10"
},{
  "dateTime" : "03/22/14 01:05:00",
  "value" : "10"
},{
  "dateTime" : "03/22/14 08:28:00",
  "value" : "10"
},{
  "dateTime" : "03/22/14 09:42:00",
  "value" : "10"
},{
  "dateTime" : "03/22/14 10:23:00",
  "value" : "10"
},{
  "dateTime" : "03/22/14 16:51:00",
  "value" : "10"
},{
  "dateTime" : "03/22/14 20:10:00",
  "value" : "10"
},{
  "dateTime" : "03/22/14 20:35:00",
  "value" : "10"
},{
  "dateTime" : "03/22/14 21:48:00",
  "value" : "10"
},{
  "dateTime" : "03/23/14 08:41:00",
  "value" : "10"
},{
  "dateTime" : "03/23/14 11:03:00",
  "value" : "10"
},{
  "dateTime" : "03/23/14 11:04:00",
  "value" : "10"
},{
  "dateTime" : "03/23/14 11:58:00",
  "value" : "20"
},{
  "dateTime" : "03/23/14 12:17:00",
  "value" : "10"
},{
  "dateTime" : "03/23/14 12:33:00",
  "value" : "10"
},{
  "dateTime" : "03/23/14 13:26:00",
  "value" : "10"
},{
  "dateTime" : "03/23/14 13:29:00",
  "value" : "30"
},{
  "dateTime" : "03/23/14 14:21:00",
  "value" : "10"
},{
  "dateTime" : "03/23/14 15:16:00",
  "value" : "10"
},{
  "dateTime" : "03/23/14 15:57:00",
  "value" : "10"
},{
  "dateTime" : "03/23/14 17:13:00",
  "value" : "10"
},{
  "dateTime" : "03/23/14 17:14:00",
  "value" : "10"
},{
  "dateTime" : "03/23/14 17:27:00",
  "value" : "10"
},{
  "dateTime" : "03/23/14 17:35:00",
  "value" : "10"
},{
  "dateTime" : "03/23/14 18:22:00",
  "value" : "10"
},{
  "dateTime" : "03/23/14 18:23:00",
  "value" : "10"
},{
  "dateTime" : "03/23/14 19:40:00",
  "value" : "10"
},{
  "dateTime" : "03/23/14 22:39:00",
  "value" : "10"
},{
  "dateTime" : "03/24/14 02:29:00",
  "value" : "10"
},{
  "dateTime" : "03/24/14 08:29:00",
  "value" : "10"
},{
  "dateTime" : "03/24/14 08:52:00",
  "value" : "10"
},{
  "dateTime" : "03/24/14 08:53:00",
  "value" : "10"
},{
  "dateTime" : "03/24/14 09:27:00",
  "value" : "10"
},{
  "dateTime" : "03/24/14 09:28:00",
  "value" : "10"
},{
  "dateTime" : "03/24/14 09:51:00",
  "value" : "10"
},{
  "dateTime" : "03/24/14 11:43:00",
  "value" : "10"
},{
  "dateTime" : "03/24/14 11:44:00",
  "value" : "10"
},{
  "dateTime" : "03/24/14 12:23:00",
  "value" : "10"
},{
  "dateTime" : "03/24/14 12:53:00",
  "value" : "10"
},{
  "dateTime" : "03/24/14 14:20:00",
  "value" : "10"
},{
  "dateTime" : "03/24/14 14:56:00",
  "value" : "10"
},{
  "dateTime" : "03/24/14 15:17:00",
  "value" : "10"
},{
  "dateTime" : "03/24/14 20:17:00",
  "value" : "10"
},{
  "dateTime" : "03/24/14 22:01:00",
  "value" : "10"
},{
  "dateTime" : "03/25/14 08:38:00",
  "value" : "10"
},{
  "dateTime" : "03/25/14 08:52:00",
  "value" : "10"
},{
  "dateTime" : "03/25/14 09:22:00",
  "value" : "10"
},{
  "dateTime" : "03/25/14 09:23:00",
  "value" : "20"
},{
  "dateTime" : "03/25/14 09:24:00",
  "value" : "10"
},{
  "dateTime" : "03/25/14 11:26:00",
  "value" : "10"
},{
  "dateTime" : "03/25/14 11:38:00",
  "value" : "10"
},{
  "dateTime" : "03/25/14 12:28:00",
  "value" : "10"
},{
  "dateTime" : "03/25/14 12:29:00",
  "value" : "10"
},{
  "dateTime" : "03/25/14 13:15:00",
  "value" : "10"
},{
  "dateTime" : "03/25/14 13:16:00",
  "value" : "10"
},{
  "dateTime" : "03/25/14 13:17:00",
  "value" : "10"
},{
  "dateTime" : "03/25/14 17:55:00",
  "value" : "10"
},{
  "dateTime" : "03/25/14 17:56:00",
  "value" : "10"
},{
  "dateTime" : "03/25/14 18:20:00",
  "value" : "10"
},{
  "dateTime" : "03/25/14 19:05:00",
  "value" : "10"
},{
  "dateTime" : "03/25/14 19:06:00",
  "value" : "10"
},{
  "dateTime" : "03/25/14 20:53:00",
  "value" : "10"
},{
  "dateTime" : "03/25/14 22:30:00",
  "value" : "10"
},{
  "dateTime" : "03/26/14 08:07:00",
  "value" : "10"
},{
  "dateTime" : "03/26/14 08:43:00",
  "value" : "10"
},{
  "dateTime" : "03/26/14 09:21:00",
  "value" : "10"
},{
  "dateTime" : "03/26/14 09:22:00",
  "value" : "10"
},{
  "dateTime" : "03/26/14 11:34:00",
  "value" : "10"
},{
  "dateTime" : "03/26/14 11:55:00",
  "value" : "10"
},{
  "dateTime" : "03/26/14 14:01:00",
  "value" : "10"
},{
  "dateTime" : "03/26/14 15:55:00",
  "value" : "10"
},{
  "dateTime" : "03/26/14 15:56:00",
  "value" : "10"
},{
  "dateTime" : "03/26/14 18:40:00",
  "value" : "10"
},{
  "dateTime" : "03/26/14 19:52:00",
  "value" : "10"
},{
  "dateTime" : "03/26/14 20:43:00",
  "value" : "10"
},{
  "dateTime" : "03/26/14 21:04:00",
  "value" : "10"
},{
  "dateTime" : "03/26/14 21:25:00",
  "value" : "10"
},{
  "dateTime" : "03/26/14 21:57:00",
  "value" : "10"
},{
  "dateTime" : "03/26/14 23:05:00",
  "value" : "10"
},{
  "dateTime" : "03/26/14 23:06:00",
  "value" : "10"
},{
  "dateTime" : "03/26/14 23:07:00",
  "value" : "10"
},{
  "dateTime" : "03/27/14 00:48:00",
  "value" : "10"
},{
  "dateTime" : "03/27/14 08:56:00",
  "value" : "10"
},{
  "dateTime" : "03/27/14 13:54:00",
  "value" : "10"
},{
  "dateTime" : "03/27/14 15:02:00",
  "value" : "10"
},{
  "dateTime" : "03/27/14 16:00:00",
  "value" : "10"
},{
  "dateTime" : "03/27/14 18:01:00",
  "value" : "10"
},{
  "dateTime" : "03/27/14 19:37:00",
  "value" : "10"
},{
  "dateTime" : "03/27/14 19:38:00",
  "value" : "10"
},{
  "dateTime" : "03/27/14 20:57:00",
  "value" : "10"
},{
  "dateTime" : "03/27/14 20:58:00",
  "value" : "10"
},{
  "dateTime" : "03/27/14 20:59:00",
  "value" : "10"
},{
  "dateTime" : "03/27/14 21:42:00",
  "value" : "10"
},{
  "dateTime" : "03/27/14 22:17:00",
  "value" : "10"
},{
  "dateTime" : "03/27/14 22:43:00",
  "value" : "10"
},{
  "dateTime" : "03/27/14 22:44:00",
  "value" : "10"
},{
  "dateTime" : "03/28/14 09:01:00",
  "value" : "10"
},{
  "dateTime" : "03/28/14 09:02:00",
  "value" : "20"
},{
  "dateTime" : "03/28/14 09:18:00",
  "value" : "10"
},{
  "dateTime" : "03/28/14 09:29:00",
  "value" : "10"
},{
  "dateTime" : "03/28/14 11:01:00",
  "value" : "10"
},{
  "dateTime" : "03/28/14 12:46:00",
  "value" : "10"
},{
  "dateTime" : "03/28/14 13:55:00",
  "value" : "10"
},{
  "dateTime" : "03/28/14 13:56:00",
  "value" : "10"
},{
  "dateTime" : "03/28/14 14:11:00",
  "value" : "10"
},{
  "dateTime" : "03/28/14 15:15:00",
  "value" : "10"
},{
  "dateTime" : "03/28/14 18:45:00",
  "value" : "10"
},{
  "dateTime" : "03/28/14 20:25:00",
  "value" : "10"
},{
  "dateTime" : "03/29/14 01:58:00",
  "value" : "10"
},{
  "dateTime" : "03/29/14 10:08:00",
  "value" : "10"
},{
  "dateTime" : "03/29/14 14:18:00",
  "value" : "20"
},{
  "dateTime" : "03/29/14 18:19:00",
  "value" : "10"
},{
  "dateTime" : "03/29/14 20:17:00",
  "value" : "10"
},{
  "dateTime" : "03/29/14 20:30:00",
  "value" : "10"
},{
  "dateTime" : "03/29/14 23:18:00",
  "value" : "10"
},{
  "dateTime" : "03/29/14 23:35:00",
  "value" : "10"
},{
  "dateTime" : "03/30/14 12:24:00",
  "value" : "10"
},{
  "dateTime" : "03/30/14 12:25:00",
  "value" : "10"
},{
  "dateTime" : "03/30/14 12:32:00",
  "value" : "10"
},{
  "dateTime" : "03/30/14 12:56:00",
  "value" : "10"
},{
  "dateTime" : "03/30/14 12:57:00",
  "value" : "10"
},{
  "dateTime" : "03/30/14 13:09:00",
  "value" : "10"
},{
  "dateTime" : "03/30/14 13:10:00",
  "value" : "10"
},{
  "dateTime" : "03/30/14 13:51:00",
  "value" : "10"
},{
  "dateTime" : "03/30/14 13:52:00",
  "value" : "10"
},{
  "dateTime" : "03/30/14 13:53:00",
  "value" : "10"
},{
  "dateTime" : "03/30/14 14:26:00",
  "value" : "10"
},{
  "dateTime" : "03/30/14 14:47:00",
  "value" : "10"
},{
  "dateTime" : "03/30/14 14:48:00",
  "value" : "10"
},{
  "dateTime" : "03/30/14 14:56:00",
  "value" : "10"
},{
  "dateTime" : "03/30/14 15:35:00",
  "value" : "10"
},{
  "dateTime" : "03/30/14 15:36:00",
  "value" : "10"
},{
  "dateTime" : "03/30/14 16:41:00",
  "value" : "10"
},{
  "dateTime" : "03/30/14 16:49:00",
  "value" : "10"
},{
  "dateTime" : "03/30/14 17:50:00",
  "value" : "10"
},{
  "dateTime" : "03/30/14 18:14:00",
  "value" : "10"
},{
  "dateTime" : "03/30/14 18:15:00",
  "value" : "10"
},{
  "dateTime" : "03/30/14 19:38:00",
  "value" : "10"
},{
  "dateTime" : "03/30/14 20:30:00",
  "value" : "10"
},{
  "dateTime" : "03/30/14 20:31:00",
  "value" : "10"
},{
  "dateTime" : "03/30/14 20:54:00",
  "value" : "10"
},{
  "dateTime" : "03/30/14 20:55:00",
  "value" : "20"
},{
  "dateTime" : "03/30/14 20:56:00",
  "value" : "10"
},{
  "dateTime" : "03/30/14 21:37:00",
  "value" : "10"
},{
  "dateTime" : "03/30/14 21:38:00",
  "value" : "10"
},{
  "dateTime" : "03/30/14 22:01:00",
  "value" : "10"
},{
  "dateTime" : "03/31/14 08:47:00",
  "value" : "10"
},{
  "dateTime" : "03/31/14 12:58:00",
  "value" : "10"
},{
  "dateTime" : "03/31/14 14:42:00",
  "value" : "10"
},{
  "dateTime" : "03/31/14 18:11:00",
  "value" : "10"
},{
  "dateTime" : "03/31/14 21:13:00",
  "value" : "10"
},{
  "dateTime" : "04/01/14 05:35:00",
  "value" : "10"
},{
  "dateTime" : "04/01/14 07:43:00",
  "value" : "10"
},{
  "dateTime" : "04/01/14 08:27:00",
  "value" : "10"
},{
  "dateTime" : "04/01/14 08:53:00",
  "value" : "10"
},{
  "dateTime" : "04/01/14 09:12:00",
  "value" : "10"
},{
  "dateTime" : "04/01/14 10:17:00",
  "value" : "10"
},{
  "dateTime" : "04/01/14 10:47:00",
  "value" : "10"
},{
  "dateTime" : "04/01/14 11:13:00",
  "value" : "10"
},{
  "dateTime" : "04/01/14 12:42:00",
  "value" : "10"
},{
  "dateTime" : "04/01/14 12:47:00",
  "value" : "10"
},{
  "dateTime" : "04/01/14 12:55:00",
  "value" : "10"
},{
  "dateTime" : "04/01/14 13:52:00",
  "value" : "10"
},{
  "dateTime" : "04/01/14 14:13:00",
  "value" : "20"
},{
  "dateTime" : "04/01/14 15:21:00",
  "value" : "10"
},{
  "dateTime" : "04/01/14 16:10:00",
  "value" : "10"
},{
  "dateTime" : "04/01/14 16:11:00",
  "value" : "10"
},{
  "dateTime" : "04/01/14 16:42:00",
  "value" : "10"
},{
  "dateTime" : "04/01/14 17:14:00",
  "value" : "10"
},{
  "dateTime" : "04/01/14 17:46:00",
  "value" : "10"
},{
  "dateTime" : "04/01/14 18:13:00",
  "value" : "10"
},{
  "dateTime" : "04/01/14 18:44:00",
  "value" : "10"
},{
  "dateTime" : "04/01/14 19:55:00",
  "value" : "20"
},{
  "dateTime" : "04/01/14 20:15:00",
  "value" : "20"
},{
  "dateTime" : "04/01/14 21:22:00",
  "value" : "10"
},{
  "dateTime" : "04/01/14 22:19:00",
  "value" : "10"
},{
  "dateTime" : "04/02/14 07:46:00",
  "value" : "10"
},{
  "dateTime" : "04/02/14 08:07:00",
  "value" : "10"
},{
  "dateTime" : "04/02/14 08:45:00",
  "value" : "10"
},{
  "dateTime" : "04/02/14 09:49:00",
  "value" : "10"
},{
  "dateTime" : "04/02/14 12:03:00",
  "value" : "10"
},{
  "dateTime" : "04/02/14 14:07:00",
  "value" : "10"
},{
  "dateTime" : "04/02/14 15:01:00",
  "value" : "10"
},{
  "dateTime" : "04/02/14 15:35:00",
  "value" : "10"
},{
  "dateTime" : "04/02/14 15:58:00",
  "value" : "10"
},{
  "dateTime" : "04/02/14 15:59:00",
  "value" : "10"
},{
  "dateTime" : "04/02/14 16:39:00",
  "value" : "10"
},{
  "dateTime" : "04/02/14 19:25:00",
  "value" : "10"
},{
  "dateTime" : "04/02/14 21:20:00",
  "value" : "10"
},{
  "dateTime" : "04/02/14 23:49:00",
  "value" : "10"
},{
  "dateTime" : "04/03/14 08:47:00",
  "value" : "10"
},{
  "dateTime" : "04/03/14 08:50:00",
  "value" : "10"
},{
  "dateTime" : "04/03/14 09:15:00",
  "value" : "10"
},{
  "dateTime" : "04/03/14 16:18:00",
  "value" : "10"
},{
  "dateTime" : "04/03/14 16:19:00",
  "value" : "10"
},{
  "dateTime" : "04/03/14 17:09:00",
  "value" : "20"
},{
  "dateTime" : "04/03/14 20:27:00",
  "value" : "10"
},{
  "dateTime" : "04/04/14 08:53:00",
  "value" : "10"
},{
  "dateTime" : "04/04/14 08:59:00",
  "value" : "10"
},{
  "dateTime" : "04/04/14 09:07:00",
  "value" : "10"
},{
  "dateTime" : "04/04/14 09:45:00",
  "value" : "10"
},{
  "dateTime" : "04/04/14 09:52:00",
  "value" : "10"
},{
  "dateTime" : "04/04/14 10:31:00",
  "value" : "10"
},{
  "dateTime" : "04/04/14 11:14:00",
  "value" : "10"
},{
  "dateTime" : "04/04/14 11:34:00",
  "value" : "10"
},{
  "dateTime" : "04/04/14 12:06:00",
  "value" : "10"
},{
  "dateTime" : "04/04/14 12:07:00",
  "value" : "10"
},{
  "dateTime" : "04/04/14 12:20:00",
  "value" : "10"
},{
  "dateTime" : "04/04/14 13:01:00",
  "value" : "30"
},{
  "dateTime" : "04/04/14 13:02:00",
  "value" : "10"
},{
  "dateTime" : "04/04/14 13:03:00",
  "value" : "10"
},{
  "dateTime" : "04/04/14 13:12:00",
  "value" : "10"
},{
  "dateTime" : "04/04/14 13:37:00",
  "value" : "10"
},{
  "dateTime" : "04/04/14 13:55:00",
  "value" : "10"
},{
  "dateTime" : "04/04/14 14:23:00",
  "value" : "10"
},{
  "dateTime" : "04/04/14 14:24:00",
  "value" : "10"
},{
  "dateTime" : "04/04/14 14:53:00",
  "value" : "10"
},{
  "dateTime" : "04/04/14 14:54:00",
  "value" : "10"
},{
  "dateTime" : "04/04/14 15:02:00",
  "value" : "10"
},{
  "dateTime" : "04/04/14 19:13:00",
  "value" : "10"
},{
  "dateTime" : "04/05/14 00:15:00",
  "value" : "10"
},{
  "dateTime" : "04/05/14 15:39:00",
  "value" : "10"
},{
  "dateTime" : "04/05/14 15:40:00",
  "value" : "10"
},{
  "dateTime" : "04/05/14 17:37:00",
  "value" : "10"
},{
  "dateTime" : "04/05/14 18:59:00",
  "value" : "10"
},{
  "dateTime" : "04/06/14 12:50:00",
  "value" : "10"
},{
  "dateTime" : "04/06/14 12:51:00",
  "value" : "10"
},{
  "dateTime" : "04/06/14 16:07:00",
  "value" : "10"
},{
  "dateTime" : "04/06/14 16:25:00",
  "value" : "10"
},{
  "dateTime" : "04/06/14 16:48:00",
  "value" : "10"
},{
  "dateTime" : "04/06/14 17:44:00",
  "value" : "10"
},{
  "dateTime" : "04/07/14 13:25:00",
  "value" : "10"
},{
  "dateTime" : "04/07/14 13:26:00",
  "value" : "10"
},{
  "dateTime" : "04/07/14 14:38:00",
  "value" : "10"
},{
  "dateTime" : "04/07/14 14:39:00",
  "value" : "10"
},{
  "dateTime" : "04/07/14 18:17:00",
  "value" : "10"
},{
  "dateTime" : "04/07/14 18:46:00",
  "value" : "10"
},{
  "dateTime" : "04/08/14 07:21:00",
  "value" : "10"
},{
  "dateTime" : "04/08/14 19:04:00",
  "value" : "10"
},{
  "dateTime" : "04/09/14 13:21:00",
  "value" : "10"
},{
  "dateTime" : "04/09/14 13:22:00",
  "value" : "10"
},{
  "dateTime" : "04/09/14 13:23:00",
  "value" : "10"
},{
  "dateTime" : "04/09/14 13:24:00",
  "value" : "10"
},{
  "dateTime" : "04/09/14 13:25:00",
  "value" : "10"
},{
  "dateTime" : "04/09/14 17:34:00",
  "value" : "10"
},{
  "dateTime" : "04/09/14 18:48:00",
  "value" : "20"
},{
  "dateTime" : "04/09/14 21:32:00",
  "value" : "10"
},{
  "dateTime" : "04/10/14 12:39:00",
  "value" : "10"
},{
  "dateTime" : "04/10/14 15:20:00",
  "value" : "10"
},{
  "dateTime" : "04/10/14 15:21:00",
  "value" : "20"
},{
  "dateTime" : "04/10/14 15:22:00",
  "value" : "10"
},{
  "dateTime" : "04/10/14 15:23:00",
  "value" : "10"
},{
  "dateTime" : "04/10/14 16:49:00",
  "value" : "10"
},{
  "dateTime" : "04/10/14 17:23:00",
  "value" : "10"
},{
  "dateTime" : "04/10/14 17:24:00",
  "value" : "10"
},{
  "dateTime" : "04/10/14 18:22:00",
  "value" : "10"
},{
  "dateTime" : "04/10/14 18:36:00",
  "value" : "10"
},{
  "dateTime" : "04/10/14 19:37:00",
  "value" : "10"
},{
  "dateTime" : "04/11/14 10:33:00",
  "value" : "10"
},{
  "dateTime" : "04/11/14 11:58:00",
  "value" : "10"
},{
  "dateTime" : "04/11/14 15:32:00",
  "value" : "10"
},{
  "dateTime" : "04/11/14 17:22:00",
  "value" : "10"
},{
  "dateTime" : "04/11/14 17:58:00",
  "value" : "10"
},{
  "dateTime" : "04/12/14 10:58:00",
  "value" : "10"
},{
  "dateTime" : "04/12/14 10:59:00",
  "value" : "10"
},{
  "dateTime" : "04/12/14 11:00:00",
  "value" : "10"
},{
  "dateTime" : "04/12/14 11:01:00",
  "value" : "20"
},{
  "dateTime" : "04/12/14 13:21:00",
  "value" : "10"
},{
  "dateTime" : "04/12/14 15:49:00",
  "value" : "10"
},{
  "dateTime" : "04/12/14 15:50:00",
  "value" : "10"
},{
  "dateTime" : "04/13/14 00:37:00",
  "value" : "10"
},{
  "dateTime" : "04/13/14 00:46:00",
  "value" : "10"
},{
  "dateTime" : "04/13/14 00:47:00",
  "value" : "10"
},{
  "dateTime" : "04/13/14 00:48:00",
  "value" : "10"
},{
  "dateTime" : "04/13/14 07:52:00",
  "value" : "10"
},{
  "dateTime" : "04/13/14 07:53:00",
  "value" : "10"
},{
  "dateTime" : "04/13/14 08:54:00",
  "value" : "10"
},{
  "dateTime" : "04/13/14 08:55:00",
  "value" : "10"
},{
  "dateTime" : "04/13/14 11:07:00",
  "value" : "10"
},{
  "dateTime" : "04/13/14 11:58:00",
  "value" : "10"
},{
  "dateTime" : "04/13/14 11:59:00",
  "value" : "10"
},{
  "dateTime" : "04/13/14 12:12:00",
  "value" : "10"
},{
  "dateTime" : "04/13/14 13:35:00",
  "value" : "10"
},{
  "dateTime" : "04/13/14 13:36:00",
  "value" : "10"
},{
  "dateTime" : "04/13/14 13:37:00",
  "value" : "10"
},{
  "dateTime" : "04/13/14 13:38:00",
  "value" : "10"
},{
  "dateTime" : "04/13/14 16:44:00",
  "value" : "10"
},{
  "dateTime" : "04/13/14 17:01:00",
  "value" : "10"
},{
  "dateTime" : "04/13/14 17:59:00",
  "value" : "20"
},{
  "dateTime" : "04/13/14 18:00:00",
  "value" : "20"
},{
  "dateTime" : "04/13/14 18:57:00",
  "value" : "10"
},{
  "dateTime" : "04/13/14 20:21:00",
  "value" : "10"
},{
  "dateTime" : "04/13/14 21:07:00",
  "value" : "10"
},{
  "dateTime" : "04/13/14 21:19:00",
  "value" : "10"
},{
  "dateTime" : "04/13/14 21:37:00",
  "value" : "10"
},{
  "dateTime" : "04/14/14 06:21:00",
  "value" : "10"
},{
  "dateTime" : "04/14/14 08:09:00",
  "value" : "10"
},{
  "dateTime" : "04/14/14 08:14:00",
  "value" : "10"
},{
  "dateTime" : "04/14/14 09:10:00",
  "value" : "10"
},{
  "dateTime" : "04/14/14 09:41:00",
  "value" : "10"
},{
  "dateTime" : "04/14/14 12:09:00",
  "value" : "10"
},{
  "dateTime" : "04/14/14 12:10:00",
  "value" : "10"
},{
  "dateTime" : "04/14/14 12:57:00",
  "value" : "10"
},{
  "dateTime" : "04/14/14 13:36:00",
  "value" : "10"
},{
  "dateTime" : "04/14/14 13:37:00",
  "value" : "10"
},{
  "dateTime" : "04/14/14 13:56:00",
  "value" : "10"
},{
  "dateTime" : "04/14/14 14:31:00",
  "value" : "10"
},{
  "dateTime" : "04/14/14 14:48:00",
  "value" : "10"
},{
  "dateTime" : "04/14/14 15:19:00",
  "value" : "10"
},{
  "dateTime" : "04/14/14 15:24:00",
  "value" : "10"
},{
  "dateTime" : "04/14/14 15:43:00",
  "value" : "10"
},{
  "dateTime" : "04/14/14 17:09:00",
  "value" : "10"
},{
  "dateTime" : "04/14/14 17:10:00",
  "value" : "10"
},{
  "dateTime" : "04/14/14 19:52:00",
  "value" : "10"
},{
  "dateTime" : "04/14/14 20:43:00",
  "value" : "10"
}]