[{
  "dateTime" : "06/09/15 15:51:00",
  "value" : "10"
},{
  "dateTime" : "06/09/15 17:54:00",
  "value" : "10"
},{
  "dateTime" : "06/09/15 19:05:00",
  "value" : "10"
},{
  "dateTime" : "06/09/15 20:09:00",
  "value" : "10"
},{
  "dateTime" : "06/09/15 21:16:00",
  "value" : "10"
},{
  "dateTime" : "06/09/15 21:37:00",
  "value" : "10"
},{
  "dateTime" : "06/09/15 21:56:00",
  "value" : "10"
},{
  "dateTime" : "06/09/15 22:13:00",
  "value" : "10"
},{
  "dateTime" : "06/09/15 23:57:00",
  "value" : "10"
},{
  "dateTime" : "06/10/15 05:55:00",
  "value" : "10"
},{
  "dateTime" : "06/10/15 09:11:00",
  "value" : "10"
},{
  "dateTime" : "06/10/15 11:03:00",
  "value" : "10"
},{
  "dateTime" : "06/10/15 12:17:00",
  "value" : "10"
},{
  "dateTime" : "06/10/15 12:38:00",
  "value" : "10"
},{
  "dateTime" : "06/10/15 14:15:00",
  "value" : "10"
},{
  "dateTime" : "06/10/15 14:16:00",
  "value" : "10"
},{
  "dateTime" : "06/10/15 14:22:00",
  "value" : "20"
},{
  "dateTime" : "06/10/15 16:13:00",
  "value" : "10"
},{
  "dateTime" : "06/10/15 18:18:00",
  "value" : "10"
},{
  "dateTime" : "06/10/15 20:19:00",
  "value" : "10"
},{
  "dateTime" : "06/10/15 21:45:00",
  "value" : "10"
},{
  "dateTime" : "06/11/15 12:22:00",
  "value" : "10"
},{
  "dateTime" : "06/11/15 18:00:00",
  "value" : "10"
},{
  "dateTime" : "06/11/15 18:21:00",
  "value" : "10"
},{
  "dateTime" : "06/11/15 18:39:00",
  "value" : "10"
},{
  "dateTime" : "06/11/15 19:05:00",
  "value" : "10"
},{
  "dateTime" : "06/11/15 20:49:00",
  "value" : "10"
},{
  "dateTime" : "06/11/15 21:35:00",
  "value" : "10"
},{
  "dateTime" : "06/12/15 08:02:00",
  "value" : "10"
},{
  "dateTime" : "06/12/15 11:31:00",
  "value" : "10"
},{
  "dateTime" : "06/12/15 12:21:00",
  "value" : "10"
},{
  "dateTime" : "06/12/15 13:17:00",
  "value" : "10"
},{
  "dateTime" : "06/12/15 13:38:00",
  "value" : "10"
},{
  "dateTime" : "06/12/15 14:10:00",
  "value" : "10"
},{
  "dateTime" : "06/12/15 16:11:00",
  "value" : "10"
},{
  "dateTime" : "06/12/15 16:33:00",
  "value" : "10"
},{
  "dateTime" : "06/12/15 17:35:00",
  "value" : "10"
},{
  "dateTime" : "06/12/15 21:00:00",
  "value" : "10"
},{
  "dateTime" : "06/13/15 00:56:00",
  "value" : "10"
},{
  "dateTime" : "06/13/15 07:14:00",
  "value" : "10"
},{
  "dateTime" : "06/13/15 10:56:00",
  "value" : "10"
},{
  "dateTime" : "06/13/15 15:11:00",
  "value" : "10"
},{
  "dateTime" : "06/13/15 20:39:00",
  "value" : "10"
},{
  "dateTime" : "06/13/15 20:40:00",
  "value" : "10"
},{
  "dateTime" : "06/13/15 20:41:00",
  "value" : "10"
},{
  "dateTime" : "06/13/15 20:42:00",
  "value" : "10"
},{
  "dateTime" : "06/13/15 20:43:00",
  "value" : "10"
},{
  "dateTime" : "06/14/15 09:51:00",
  "value" : "10"
},{
  "dateTime" : "06/14/15 11:42:00",
  "value" : "20"
},{
  "dateTime" : "06/14/15 11:43:00",
  "value" : "10"
},{
  "dateTime" : "06/14/15 13:31:00",
  "value" : "10"
},{
  "dateTime" : "06/14/15 13:32:00",
  "value" : "10"
},{
  "dateTime" : "06/14/15 13:33:00",
  "value" : "10"
},{
  "dateTime" : "06/14/15 15:58:00",
  "value" : "10"
},{
  "dateTime" : "06/14/15 17:00:00",
  "value" : "10"
},{
  "dateTime" : "06/14/15 17:49:00",
  "value" : "10"
},{
  "dateTime" : "06/14/15 18:22:00",
  "value" : "10"
},{
  "dateTime" : "06/14/15 19:34:00",
  "value" : "10"
},{
  "dateTime" : "06/14/15 19:35:00",
  "value" : "10"
},{
  "dateTime" : "06/14/15 19:42:00",
  "value" : "10"
},{
  "dateTime" : "06/14/15 22:50:00",
  "value" : "10"
},{
  "dateTime" : "06/14/15 23:57:00",
  "value" : "10"
},{
  "dateTime" : "06/15/15 01:09:00",
  "value" : "10"
},{
  "dateTime" : "06/15/15 08:18:00",
  "value" : "10"
},{
  "dateTime" : "06/15/15 08:19:00",
  "value" : "10"
},{
  "dateTime" : "06/15/15 15:49:00",
  "value" : "10"
},{
  "dateTime" : "06/15/15 17:35:00",
  "value" : "10"
},{
  "dateTime" : "06/15/15 18:16:00",
  "value" : "10"
},{
  "dateTime" : "06/15/15 19:28:00",
  "value" : "10"
},{
  "dateTime" : "06/15/15 20:18:00",
  "value" : "10"
},{
  "dateTime" : "06/15/15 21:06:00",
  "value" : "10"
},{
  "dateTime" : "06/15/15 21:38:00",
  "value" : "10"
},{
  "dateTime" : "06/15/15 22:00:00",
  "value" : "10"
},{
  "dateTime" : "06/15/15 22:08:00",
  "value" : "10"
},{
  "dateTime" : "06/15/15 23:19:00",
  "value" : "10"
},{
  "dateTime" : "06/16/15 05:19:00",
  "value" : "10"
},{
  "dateTime" : "06/16/15 08:19:00",
  "value" : "10"
},{
  "dateTime" : "06/16/15 15:49:00",
  "value" : "10"
},{
  "dateTime" : "06/16/15 16:14:00",
  "value" : "10"
},{
  "dateTime" : "06/16/15 16:35:00",
  "value" : "10"
},{
  "dateTime" : "06/16/15 16:36:00",
  "value" : "10"
},{
  "dateTime" : "06/16/15 20:04:00",
  "value" : "10"
},{
  "dateTime" : "06/16/15 21:53:00",
  "value" : "10"
},{
  "dateTime" : "06/17/15 07:31:00",
  "value" : "10"
},{
  "dateTime" : "06/17/15 08:06:00",
  "value" : "10"
},{
  "dateTime" : "06/17/15 08:39:00",
  "value" : "10"
},{
  "dateTime" : "06/17/15 11:28:00",
  "value" : "10"
},{
  "dateTime" : "06/17/15 15:50:00",
  "value" : "10"
},{
  "dateTime" : "06/17/15 17:28:00",
  "value" : "10"
},{
  "dateTime" : "06/17/15 17:29:00",
  "value" : "10"
},{
  "dateTime" : "06/17/15 20:30:00",
  "value" : "10"
},{
  "dateTime" : "06/17/15 20:31:00",
  "value" : "10"
},{
  "dateTime" : "06/17/15 20:47:00",
  "value" : "10"
},{
  "dateTime" : "06/17/15 20:48:00",
  "value" : "10"
},{
  "dateTime" : "06/17/15 20:52:00",
  "value" : "10"
},{
  "dateTime" : "06/17/15 20:53:00",
  "value" : "10"
},{
  "dateTime" : "06/17/15 22:22:00",
  "value" : "10"
},{
  "dateTime" : "06/17/15 23:46:00",
  "value" : "10"
},{
  "dateTime" : "06/18/15 02:41:00",
  "value" : "10"
},{
  "dateTime" : "06/18/15 10:47:00",
  "value" : "10"
},{
  "dateTime" : "06/18/15 10:48:00",
  "value" : "10"
},{
  "dateTime" : "06/18/15 12:03:00",
  "value" : "20"
},{
  "dateTime" : "06/18/15 12:04:00",
  "value" : "10"
},{
  "dateTime" : "06/18/15 13:55:00",
  "value" : "10"
},{
  "dateTime" : "06/18/15 16:45:00",
  "value" : "10"
},{
  "dateTime" : "06/18/15 20:11:00",
  "value" : "10"
},{
  "dateTime" : "06/18/15 20:27:00",
  "value" : "10"
},{
  "dateTime" : "06/18/15 20:28:00",
  "value" : "10"
},{
  "dateTime" : "06/18/15 20:44:00",
  "value" : "10"
},{
  "dateTime" : "06/19/15 08:45:00",
  "value" : "10"
},{
  "dateTime" : "06/19/15 09:23:00",
  "value" : "10"
},{
  "dateTime" : "06/19/15 14:07:00",
  "value" : "10"
},{
  "dateTime" : "06/19/15 16:26:00",
  "value" : "10"
},{
  "dateTime" : "06/19/15 16:27:00",
  "value" : "10"
},{
  "dateTime" : "06/19/15 17:33:00",
  "value" : "10"
},{
  "dateTime" : "06/19/15 17:34:00",
  "value" : "10"
},{
  "dateTime" : "06/19/15 17:35:00",
  "value" : "10"
},{
  "dateTime" : "06/20/15 06:23:00",
  "value" : "10"
},{
  "dateTime" : "06/20/15 13:20:00",
  "value" : "10"
},{
  "dateTime" : "06/20/15 14:33:00",
  "value" : "10"
},{
  "dateTime" : "06/20/15 16:44:00",
  "value" : "10"
},{
  "dateTime" : "06/20/15 17:19:00",
  "value" : "10"
},{
  "dateTime" : "06/20/15 22:18:00",
  "value" : "10"
},{
  "dateTime" : "06/20/15 22:19:00",
  "value" : "20"
},{
  "dateTime" : "06/21/15 08:22:00",
  "value" : "10"
},{
  "dateTime" : "06/21/15 09:55:00",
  "value" : "10"
},{
  "dateTime" : "06/21/15 10:18:00",
  "value" : "10"
},{
  "dateTime" : "06/21/15 15:37:00",
  "value" : "10"
},{
  "dateTime" : "06/21/15 17:00:00",
  "value" : "10"
},{
  "dateTime" : "06/21/15 19:03:00",
  "value" : "10"
},{
  "dateTime" : "06/21/15 19:07:00",
  "value" : "10"
},{
  "dateTime" : "06/21/15 20:41:00",
  "value" : "10"
},{
  "dateTime" : "06/21/15 20:42:00",
  "value" : "10"
},{
  "dateTime" : "06/21/15 22:22:00",
  "value" : "10"
},{
  "dateTime" : "06/22/15 00:49:00",
  "value" : "10"
},{
  "dateTime" : "06/22/15 05:25:00",
  "value" : "10"
},{
  "dateTime" : "06/22/15 09:02:00",
  "value" : "10"
},{
  "dateTime" : "06/22/15 10:27:00",
  "value" : "10"
},{
  "dateTime" : "06/22/15 11:55:00",
  "value" : "10"
},{
  "dateTime" : "06/22/15 12:47:00",
  "value" : "10"
},{
  "dateTime" : "06/22/15 13:56:00",
  "value" : "10"
},{
  "dateTime" : "06/22/15 13:57:00",
  "value" : "10"
},{
  "dateTime" : "06/22/15 19:10:00",
  "value" : "10"
},{
  "dateTime" : "06/22/15 20:25:00",
  "value" : "10"
},{
  "dateTime" : "06/22/15 21:02:00",
  "value" : "10"
},{
  "dateTime" : "06/23/15 06:39:00",
  "value" : "10"
},{
  "dateTime" : "06/23/15 09:30:00",
  "value" : "10"
},{
  "dateTime" : "06/23/15 11:07:00",
  "value" : "10"
},{
  "dateTime" : "06/23/15 11:33:00",
  "value" : "10"
},{
  "dateTime" : "06/23/15 14:11:00",
  "value" : "10"
},{
  "dateTime" : "06/23/15 14:12:00",
  "value" : "10"
},{
  "dateTime" : "06/23/15 15:03:00",
  "value" : "10"
},{
  "dateTime" : "06/23/15 15:49:00",
  "value" : "10"
},{
  "dateTime" : "06/23/15 15:50:00",
  "value" : "10"
},{
  "dateTime" : "06/23/15 17:32:00",
  "value" : "10"
},{
  "dateTime" : "06/23/15 18:11:00",
  "value" : "10"
},{
  "dateTime" : "06/23/15 19:51:00",
  "value" : "10"
},{
  "dateTime" : "06/23/15 22:38:00",
  "value" : "10"
},{
  "dateTime" : "06/24/15 00:40:00",
  "value" : "10"
},{
  "dateTime" : "06/24/15 06:35:00",
  "value" : "10"
},{
  "dateTime" : "06/24/15 07:59:00",
  "value" : "10"
},{
  "dateTime" : "06/24/15 09:14:00",
  "value" : "10"
},{
  "dateTime" : "06/24/15 13:47:00",
  "value" : "10"
},{
  "dateTime" : "06/24/15 15:12:00",
  "value" : "10"
},{
  "dateTime" : "06/24/15 15:13:00",
  "value" : "10"
},{
  "dateTime" : "06/24/15 15:20:00",
  "value" : "10"
},{
  "dateTime" : "06/24/15 15:30:00",
  "value" : "10"
},{
  "dateTime" : "06/24/15 20:30:00",
  "value" : "10"
},{
  "dateTime" : "06/24/15 20:59:00",
  "value" : "10"
},{
  "dateTime" : "06/25/15 12:22:00",
  "value" : "10"
},{
  "dateTime" : "06/25/15 12:23:00",
  "value" : "10"
},{
  "dateTime" : "06/25/15 13:59:00",
  "value" : "10"
},{
  "dateTime" : "06/25/15 16:39:00",
  "value" : "10"
},{
  "dateTime" : "06/25/15 18:03:00",
  "value" : "10"
},{
  "dateTime" : "06/25/15 21:02:00",
  "value" : "10"
},{
  "dateTime" : "06/25/15 21:18:00",
  "value" : "10"
},{
  "dateTime" : "06/26/15 05:47:00",
  "value" : "10"
},{
  "dateTime" : "06/26/15 08:40:00",
  "value" : "10"
},{
  "dateTime" : "06/26/15 11:21:00",
  "value" : "10"
},{
  "dateTime" : "06/26/15 15:48:00",
  "value" : "10"
},{
  "dateTime" : "06/26/15 18:27:00",
  "value" : "10"
},{
  "dateTime" : "06/26/15 18:31:00",
  "value" : "10"
},{
  "dateTime" : "06/26/15 19:49:00",
  "value" : "10"
},{
  "dateTime" : "06/26/15 21:47:00",
  "value" : "10"
},{
  "dateTime" : "06/26/15 23:22:00",
  "value" : "10"
},{
  "dateTime" : "06/27/15 01:37:00",
  "value" : "10"
},{
  "dateTime" : "06/27/15 12:15:00",
  "value" : "10"
},{
  "dateTime" : "06/27/15 12:16:00",
  "value" : "10"
},{
  "dateTime" : "06/27/15 13:07:00",
  "value" : "10"
},{
  "dateTime" : "06/27/15 13:36:00",
  "value" : "10"
},{
  "dateTime" : "06/27/15 13:52:00",
  "value" : "10"
},{
  "dateTime" : "06/27/15 15:14:00",
  "value" : "10"
},{
  "dateTime" : "06/27/15 16:04:00",
  "value" : "10"
},{
  "dateTime" : "06/27/15 18:03:00",
  "value" : "10"
},{
  "dateTime" : "06/27/15 18:04:00",
  "value" : "10"
},{
  "dateTime" : "06/27/15 18:52:00",
  "value" : "10"
},{
  "dateTime" : "06/27/15 19:22:00",
  "value" : "10"
},{
  "dateTime" : "06/27/15 19:23:00",
  "value" : "10"
},{
  "dateTime" : "06/27/15 20:33:00",
  "value" : "10"
},{
  "dateTime" : "06/27/15 21:12:00",
  "value" : "10"
},{
  "dateTime" : "06/27/15 21:45:00",
  "value" : "10"
},{
  "dateTime" : "06/27/15 22:17:00",
  "value" : "10"
},{
  "dateTime" : "06/27/15 22:18:00",
  "value" : "10"
},{
  "dateTime" : "06/27/15 23:16:00",
  "value" : "10"
},{
  "dateTime" : "06/28/15 07:34:00",
  "value" : "10"
},{
  "dateTime" : "06/28/15 07:55:00",
  "value" : "10"
},{
  "dateTime" : "06/28/15 12:23:00",
  "value" : "10"
},{
  "dateTime" : "06/28/15 15:51:00",
  "value" : "10"
},{
  "dateTime" : "06/28/15 15:52:00",
  "value" : "10"
},{
  "dateTime" : "06/28/15 16:26:00",
  "value" : "10"
},{
  "dateTime" : "06/28/15 19:20:00",
  "value" : "10"
},{
  "dateTime" : "06/28/15 19:39:00",
  "value" : "10"
},{
  "dateTime" : "06/29/15 08:28:00",
  "value" : "10"
},{
  "dateTime" : "06/29/15 08:29:00",
  "value" : "10"
},{
  "dateTime" : "06/29/15 08:53:00",
  "value" : "10"
},{
  "dateTime" : "06/29/15 08:54:00",
  "value" : "10"
},{
  "dateTime" : "06/29/15 13:52:00",
  "value" : "10"
},{
  "dateTime" : "06/29/15 15:13:00",
  "value" : "10"
},{
  "dateTime" : "06/29/15 15:55:00",
  "value" : "10"
},{
  "dateTime" : "06/29/15 16:18:00",
  "value" : "20"
},{
  "dateTime" : "06/29/15 17:26:00",
  "value" : "10"
},{
  "dateTime" : "06/29/15 17:59:00",
  "value" : "10"
},{
  "dateTime" : "06/29/15 18:57:00",
  "value" : "10"
},{
  "dateTime" : "06/29/15 20:20:00",
  "value" : "10"
},{
  "dateTime" : "06/29/15 20:21:00",
  "value" : "10"
},{
  "dateTime" : "06/30/15 06:18:00",
  "value" : "10"
},{
  "dateTime" : "06/30/15 08:05:00",
  "value" : "10"
},{
  "dateTime" : "06/30/15 08:27:00",
  "value" : "10"
},{
  "dateTime" : "06/30/15 11:58:00",
  "value" : "10"
},{
  "dateTime" : "06/30/15 12:30:00",
  "value" : "10"
},{
  "dateTime" : "06/30/15 12:46:00",
  "value" : "10"
},{
  "dateTime" : "06/30/15 13:23:00",
  "value" : "10"
},{
  "dateTime" : "06/30/15 15:57:00",
  "value" : "10"
},{
  "dateTime" : "06/30/15 21:06:00",
  "value" : "10"
},{
  "dateTime" : "07/01/15 06:59:00",
  "value" : "10"
},{
  "dateTime" : "07/01/15 07:53:00",
  "value" : "10"
},{
  "dateTime" : "07/01/15 08:41:00",
  "value" : "10"
},{
  "dateTime" : "07/01/15 09:39:00",
  "value" : "10"
},{
  "dateTime" : "07/01/15 09:40:00",
  "value" : "10"
},{
  "dateTime" : "07/01/15 10:59:00",
  "value" : "10"
},{
  "dateTime" : "07/01/15 11:46:00",
  "value" : "10"
},{
  "dateTime" : "07/01/15 16:20:00",
  "value" : "10"
},{
  "dateTime" : "07/01/15 16:21:00",
  "value" : "10"
},{
  "dateTime" : "07/01/15 18:03:00",
  "value" : "10"
},{
  "dateTime" : "07/01/15 19:45:00",
  "value" : "10"
},{
  "dateTime" : "07/01/15 19:46:00",
  "value" : "10"
},{
  "dateTime" : "07/01/15 19:47:00",
  "value" : "10"
},{
  "dateTime" : "07/01/15 19:48:00",
  "value" : "10"
},{
  "dateTime" : "07/01/15 20:36:00",
  "value" : "10"
},{
  "dateTime" : "07/01/15 20:51:00",
  "value" : "10"
},{
  "dateTime" : "07/02/15 05:38:00",
  "value" : "10"
},{
  "dateTime" : "07/02/15 09:49:00",
  "value" : "10"
},{
  "dateTime" : "07/02/15 15:00:00",
  "value" : "10"
},{
  "dateTime" : "07/02/15 17:11:00",
  "value" : "10"
},{
  "dateTime" : "07/02/15 19:05:00",
  "value" : "10"
},{
  "dateTime" : "07/02/15 20:01:00",
  "value" : "10"
},{
  "dateTime" : "07/02/15 21:00:00",
  "value" : "10"
},{
  "dateTime" : "07/02/15 21:18:00",
  "value" : "10"
},{
  "dateTime" : "07/02/15 22:50:00",
  "value" : "10"
},{
  "dateTime" : "07/03/15 02:23:00",
  "value" : "10"
},{
  "dateTime" : "07/03/15 10:51:00",
  "value" : "10"
},{
  "dateTime" : "07/03/15 11:45:00",
  "value" : "10"
},{
  "dateTime" : "07/03/15 14:34:00",
  "value" : "10"
},{
  "dateTime" : "07/03/15 14:35:00",
  "value" : "10"
},{
  "dateTime" : "07/03/15 14:51:00",
  "value" : "10"
},{
  "dateTime" : "07/03/15 17:36:00",
  "value" : "10"
},{
  "dateTime" : "07/03/15 17:37:00",
  "value" : "10"
},{
  "dateTime" : "07/03/15 18:34:00",
  "value" : "10"
},{
  "dateTime" : "07/03/15 19:51:00",
  "value" : "10"
},{
  "dateTime" : "07/04/15 01:37:00",
  "value" : "10"
},{
  "dateTime" : "07/04/15 01:45:00",
  "value" : "10"
},{
  "dateTime" : "07/04/15 08:18:00",
  "value" : "10"
},{
  "dateTime" : "07/04/15 13:40:00",
  "value" : "10"
},{
  "dateTime" : "07/04/15 14:04:00",
  "value" : "10"
},{
  "dateTime" : "07/04/15 15:06:00",
  "value" : "10"
},{
  "dateTime" : "07/04/15 17:27:00",
  "value" : "10"
},{
  "dateTime" : "07/04/15 19:00:00",
  "value" : "10"
},{
  "dateTime" : "07/04/15 21:32:00",
  "value" : "10"
},{
  "dateTime" : "07/04/15 21:33:00",
  "value" : "10"
},{
  "dateTime" : "07/04/15 21:58:00",
  "value" : "10"
},{
  "dateTime" : "07/04/15 22:48:00",
  "value" : "10"
},{
  "dateTime" : "07/05/15 08:06:00",
  "value" : "10"
},{
  "dateTime" : "07/05/15 19:51:00",
  "value" : "10"
},{
  "dateTime" : "07/05/15 21:43:00",
  "value" : "10"
},{
  "dateTime" : "07/06/15 16:11:00",
  "value" : "10"
},{
  "dateTime" : "07/06/15 17:05:00",
  "value" : "10"
},{
  "dateTime" : "07/06/15 17:06:00",
  "value" : "10"
},{
  "dateTime" : "07/06/15 17:18:00",
  "value" : "10"
},{
  "dateTime" : "07/06/15 17:19:00",
  "value" : "10"
},{
  "dateTime" : "07/06/15 17:20:00",
  "value" : "10"
},{
  "dateTime" : "07/06/15 17:21:00",
  "value" : "10"
},{
  "dateTime" : "07/06/15 20:09:00",
  "value" : "10"
},{
  "dateTime" : "07/06/15 20:10:00",
  "value" : "10"
},{
  "dateTime" : "07/06/15 21:09:00",
  "value" : "10"
},{
  "dateTime" : "07/06/15 21:27:00",
  "value" : "10"
},{
  "dateTime" : "07/06/15 21:28:00",
  "value" : "10"
},{
  "dateTime" : "07/07/15 08:36:00",
  "value" : "10"
},{
  "dateTime" : "07/07/15 09:32:00",
  "value" : "10"
},{
  "dateTime" : "07/07/15 11:49:00",
  "value" : "10"
},{
  "dateTime" : "07/07/15 14:25:00",
  "value" : "10"
},{
  "dateTime" : "07/07/15 15:44:00",
  "value" : "10"
},{
  "dateTime" : "07/07/15 18:36:00",
  "value" : "10"
},{
  "dateTime" : "07/07/15 19:06:00",
  "value" : "10"
},{
  "dateTime" : "07/07/15 20:56:00",
  "value" : "10"
},{
  "dateTime" : "07/07/15 23:56:00",
  "value" : "10"
},{
  "dateTime" : "07/08/15 01:30:00",
  "value" : "10"
},{
  "dateTime" : "07/08/15 03:20:00",
  "value" : "10"
},{
  "dateTime" : "07/08/15 03:41:00",
  "value" : "10"
},{
  "dateTime" : "07/08/15 12:11:00",
  "value" : "10"
},{
  "dateTime" : "07/08/15 14:36:00",
  "value" : "10"
},{
  "dateTime" : "07/08/15 14:37:00",
  "value" : "10"
},{
  "dateTime" : "07/08/15 17:59:00",
  "value" : "10"
},{
  "dateTime" : "07/08/15 21:24:00",
  "value" : "10"
},{
  "dateTime" : "07/08/15 22:05:00",
  "value" : "10"
}]