[{
  "dateTime" : "01/05/16 05:15:00",
  "value" : "10"
},{
  "dateTime" : "01/05/16 08:45:00",
  "value" : "10"
},{
  "dateTime" : "01/05/16 09:49:00",
  "value" : "10"
},{
  "dateTime" : "01/05/16 09:50:00",
  "value" : "10"
},{
  "dateTime" : "01/05/16 11:16:00",
  "value" : "10"
},{
  "dateTime" : "01/05/16 11:17:00",
  "value" : "10"
},{
  "dateTime" : "01/05/16 14:59:00",
  "value" : "10"
},{
  "dateTime" : "01/05/16 17:27:00",
  "value" : "10"
},{
  "dateTime" : "01/05/16 18:28:00",
  "value" : "10"
},{
  "dateTime" : "01/05/16 21:14:00",
  "value" : "10"
},{
  "dateTime" : "01/05/16 22:01:00",
  "value" : "10"
},{
  "dateTime" : "01/05/16 22:02:00",
  "value" : "10"
},{
  "dateTime" : "01/06/16 08:29:00",
  "value" : "10"
},{
  "dateTime" : "01/06/16 09:42:00",
  "value" : "10"
},{
  "dateTime" : "01/06/16 12:10:00",
  "value" : "10"
},{
  "dateTime" : "01/06/16 16:37:00",
  "value" : "10"
},{
  "dateTime" : "01/06/16 17:45:00",
  "value" : "10"
},{
  "dateTime" : "01/06/16 19:56:00",
  "value" : "10"
},{
  "dateTime" : "01/07/16 08:31:00",
  "value" : "10"
},{
  "dateTime" : "01/07/16 14:02:00",
  "value" : "10"
},{
  "dateTime" : "01/07/16 16:01:00",
  "value" : "10"
},{
  "dateTime" : "01/07/16 18:02:00",
  "value" : "10"
},{
  "dateTime" : "01/07/16 18:03:00",
  "value" : "30"
},{
  "dateTime" : "01/07/16 20:04:00",
  "value" : "10"
},{
  "dateTime" : "01/07/16 20:38:00",
  "value" : "10"
},{
  "dateTime" : "01/08/16 08:41:00",
  "value" : "10"
},{
  "dateTime" : "01/08/16 08:42:00",
  "value" : "10"
},{
  "dateTime" : "01/08/16 10:42:00",
  "value" : "10"
},{
  "dateTime" : "01/08/16 11:01:00",
  "value" : "10"
},{
  "dateTime" : "01/08/16 11:09:00",
  "value" : "10"
},{
  "dateTime" : "01/08/16 11:47:00",
  "value" : "10"
},{
  "dateTime" : "01/08/16 11:48:00",
  "value" : "10"
},{
  "dateTime" : "01/08/16 12:03:00",
  "value" : "10"
},{
  "dateTime" : "01/08/16 12:04:00",
  "value" : "10"
},{
  "dateTime" : "01/08/16 12:22:00",
  "value" : "10"
},{
  "dateTime" : "01/08/16 12:23:00",
  "value" : "10"
},{
  "dateTime" : "01/08/16 12:24:00",
  "value" : "10"
},{
  "dateTime" : "01/08/16 12:25:00",
  "value" : "10"
},{
  "dateTime" : "01/08/16 12:57:00",
  "value" : "10"
},{
  "dateTime" : "01/08/16 12:58:00",
  "value" : "10"
},{
  "dateTime" : "01/08/16 13:25:00",
  "value" : "10"
},{
  "dateTime" : "01/08/16 13:33:00",
  "value" : "10"
},{
  "dateTime" : "01/08/16 13:41:00",
  "value" : "10"
},{
  "dateTime" : "01/08/16 13:42:00",
  "value" : "10"
},{
  "dateTime" : "01/08/16 13:43:00",
  "value" : "10"
},{
  "dateTime" : "01/08/16 13:49:00",
  "value" : "10"
},{
  "dateTime" : "01/08/16 15:48:00",
  "value" : "10"
},{
  "dateTime" : "01/08/16 15:49:00",
  "value" : "10"
},{
  "dateTime" : "01/08/16 16:32:00",
  "value" : "10"
},{
  "dateTime" : "01/08/16 17:05:00",
  "value" : "10"
},{
  "dateTime" : "01/08/16 17:55:00",
  "value" : "10"
},{
  "dateTime" : "01/08/16 18:49:00",
  "value" : "10"
},{
  "dateTime" : "01/08/16 19:28:00",
  "value" : "10"
},{
  "dateTime" : "01/08/16 20:03:00",
  "value" : "10"
},{
  "dateTime" : "01/08/16 20:35:00",
  "value" : "10"
},{
  "dateTime" : "01/08/16 23:57:00",
  "value" : "10"
},{
  "dateTime" : "01/09/16 10:11:00",
  "value" : "10"
},{
  "dateTime" : "01/09/16 11:02:00",
  "value" : "10"
},{
  "dateTime" : "01/09/16 11:07:00",
  "value" : "10"
},{
  "dateTime" : "01/09/16 11:08:00",
  "value" : "10"
},{
  "dateTime" : "01/09/16 11:31:00",
  "value" : "10"
},{
  "dateTime" : "01/09/16 11:56:00",
  "value" : "10"
},{
  "dateTime" : "01/09/16 14:02:00",
  "value" : "10"
},{
  "dateTime" : "01/09/16 16:04:00",
  "value" : "10"
},{
  "dateTime" : "01/09/16 17:09:00",
  "value" : "10"
},{
  "dateTime" : "01/09/16 18:33:00",
  "value" : "10"
},{
  "dateTime" : "01/09/16 19:15:00",
  "value" : "10"
},{
  "dateTime" : "01/09/16 21:54:00",
  "value" : "10"
},{
  "dateTime" : "01/10/16 00:37:00",
  "value" : "10"
},{
  "dateTime" : "01/10/16 14:29:00",
  "value" : "10"
},{
  "dateTime" : "01/10/16 14:56:00",
  "value" : "10"
},{
  "dateTime" : "01/10/16 14:57:00",
  "value" : "10"
},{
  "dateTime" : "01/10/16 17:19:00",
  "value" : "10"
},{
  "dateTime" : "01/10/16 17:20:00",
  "value" : "10"
},{
  "dateTime" : "01/10/16 17:56:00",
  "value" : "10"
},{
  "dateTime" : "01/10/16 17:57:00",
  "value" : "10"
},{
  "dateTime" : "01/10/16 18:31:00",
  "value" : "20"
},{
  "dateTime" : "01/10/16 19:19:00",
  "value" : "20"
},{
  "dateTime" : "01/10/16 19:20:00",
  "value" : "10"
},{
  "dateTime" : "01/10/16 21:35:00",
  "value" : "10"
},{
  "dateTime" : "01/11/16 00:24:00",
  "value" : "10"
},{
  "dateTime" : "01/11/16 06:01:00",
  "value" : "10"
},{
  "dateTime" : "01/11/16 08:08:00",
  "value" : "10"
},{
  "dateTime" : "01/11/16 08:47:00",
  "value" : "10"
},{
  "dateTime" : "01/11/16 08:48:00",
  "value" : "10"
},{
  "dateTime" : "01/11/16 08:49:00",
  "value" : "10"
},{
  "dateTime" : "01/11/16 12:57:00",
  "value" : "10"
},{
  "dateTime" : "01/11/16 14:02:00",
  "value" : "10"
},{
  "dateTime" : "01/11/16 14:03:00",
  "value" : "10"
},{
  "dateTime" : "01/11/16 14:52:00",
  "value" : "20"
},{
  "dateTime" : "01/11/16 18:16:00",
  "value" : "10"
},{
  "dateTime" : "01/11/16 19:49:00",
  "value" : "10"
},{
  "dateTime" : "01/11/16 19:50:00",
  "value" : "10"
},{
  "dateTime" : "01/11/16 20:57:00",
  "value" : "10"
},{
  "dateTime" : "01/12/16 08:24:00",
  "value" : "10"
},{
  "dateTime" : "01/12/16 08:53:00",
  "value" : "10"
},{
  "dateTime" : "01/12/16 14:44:00",
  "value" : "10"
},{
  "dateTime" : "01/12/16 15:19:00",
  "value" : "10"
},{
  "dateTime" : "01/12/16 16:15:00",
  "value" : "10"
},{
  "dateTime" : "01/12/16 16:45:00",
  "value" : "10"
},{
  "dateTime" : "01/12/16 16:46:00",
  "value" : "10"
},{
  "dateTime" : "01/12/16 17:11:00",
  "value" : "10"
},{
  "dateTime" : "01/12/16 17:45:00",
  "value" : "10"
},{
  "dateTime" : "01/12/16 17:46:00",
  "value" : "10"
},{
  "dateTime" : "01/12/16 17:47:00",
  "value" : "10"
},{
  "dateTime" : "01/12/16 17:48:00",
  "value" : "10"
},{
  "dateTime" : "01/12/16 18:01:00",
  "value" : "10"
},{
  "dateTime" : "01/12/16 19:21:00",
  "value" : "10"
},{
  "dateTime" : "01/12/16 19:49:00",
  "value" : "10"
},{
  "dateTime" : "01/13/16 01:05:00",
  "value" : "10"
},{
  "dateTime" : "01/13/16 09:44:00",
  "value" : "10"
},{
  "dateTime" : "01/13/16 13:28:00",
  "value" : "10"
},{
  "dateTime" : "01/13/16 13:29:00",
  "value" : "10"
},{
  "dateTime" : "01/13/16 14:11:00",
  "value" : "10"
},{
  "dateTime" : "01/13/16 14:12:00",
  "value" : "10"
},{
  "dateTime" : "01/13/16 14:54:00",
  "value" : "30"
},{
  "dateTime" : "01/13/16 22:39:00",
  "value" : "10"
},{
  "dateTime" : "01/13/16 23:29:00",
  "value" : "10"
},{
  "dateTime" : "01/14/16 14:08:00",
  "value" : "10"
},{
  "dateTime" : "01/14/16 16:32:00",
  "value" : "10"
},{
  "dateTime" : "01/14/16 17:04:00",
  "value" : "10"
},{
  "dateTime" : "01/14/16 17:05:00",
  "value" : "10"
},{
  "dateTime" : "01/14/16 21:47:00",
  "value" : "10"
},{
  "dateTime" : "01/14/16 21:50:00",
  "value" : "10"
},{
  "dateTime" : "01/14/16 22:07:00",
  "value" : "10"
},{
  "dateTime" : "01/14/16 22:24:00",
  "value" : "10"
},{
  "dateTime" : "01/14/16 22:41:00",
  "value" : "10"
},{
  "dateTime" : "01/14/16 22:43:00",
  "value" : "10"
},{
  "dateTime" : "01/14/16 22:48:00",
  "value" : "10"
},{
  "dateTime" : "01/15/16 08:45:00",
  "value" : "10"
},{
  "dateTime" : "01/15/16 10:09:00",
  "value" : "10"
},{
  "dateTime" : "01/15/16 12:48:00",
  "value" : "10"
},{
  "dateTime" : "01/15/16 14:18:00",
  "value" : "10"
},{
  "dateTime" : "01/15/16 14:56:00",
  "value" : "20"
},{
  "dateTime" : "01/15/16 15:21:00",
  "value" : "10"
},{
  "dateTime" : "01/15/16 15:22:00",
  "value" : "10"
},{
  "dateTime" : "01/15/16 16:24:00",
  "value" : "10"
},{
  "dateTime" : "01/15/16 17:03:00",
  "value" : "10"
},{
  "dateTime" : "01/15/16 17:30:00",
  "value" : "10"
},{
  "dateTime" : "01/15/16 18:05:00",
  "value" : "10"
},{
  "dateTime" : "01/15/16 18:06:00",
  "value" : "10"
},{
  "dateTime" : "01/15/16 18:41:00",
  "value" : "10"
},{
  "dateTime" : "01/15/16 21:16:00",
  "value" : "10"
},{
  "dateTime" : "01/15/16 21:17:00",
  "value" : "10"
},{
  "dateTime" : "01/15/16 21:18:00",
  "value" : "10"
},{
  "dateTime" : "01/15/16 21:19:00",
  "value" : "10"
},{
  "dateTime" : "01/15/16 22:01:00",
  "value" : "10"
},{
  "dateTime" : "01/15/16 22:02:00",
  "value" : "10"
},{
  "dateTime" : "01/16/16 01:54:00",
  "value" : "10"
},{
  "dateTime" : "01/16/16 07:54:00",
  "value" : "10"
},{
  "dateTime" : "01/16/16 11:28:00",
  "value" : "10"
},{
  "dateTime" : "01/16/16 12:01:00",
  "value" : "10"
},{
  "dateTime" : "01/16/16 12:02:00",
  "value" : "10"
},{
  "dateTime" : "01/16/16 12:03:00",
  "value" : "20"
},{
  "dateTime" : "01/16/16 12:09:00",
  "value" : "20"
},{
  "dateTime" : "01/16/16 12:52:00",
  "value" : "20"
},{
  "dateTime" : "01/16/16 14:08:00",
  "value" : "20"
},{
  "dateTime" : "01/16/16 14:26:00",
  "value" : "10"
},{
  "dateTime" : "01/16/16 14:27:00",
  "value" : "10"
},{
  "dateTime" : "01/16/16 15:51:00",
  "value" : "10"
},{
  "dateTime" : "01/16/16 18:02:00",
  "value" : "10"
},{
  "dateTime" : "01/16/16 18:03:00",
  "value" : "10"
},{
  "dateTime" : "01/16/16 22:09:00",
  "value" : "10"
},{
  "dateTime" : "01/16/16 22:10:00",
  "value" : "10"
},{
  "dateTime" : "01/16/16 22:11:00",
  "value" : "10"
},{
  "dateTime" : "01/17/16 10:59:00",
  "value" : "10"
},{
  "dateTime" : "01/17/16 11:07:00",
  "value" : "10"
},{
  "dateTime" : "01/17/16 11:45:00",
  "value" : "10"
},{
  "dateTime" : "01/17/16 12:27:00",
  "value" : "10"
},{
  "dateTime" : "01/17/16 12:52:00",
  "value" : "10"
},{
  "dateTime" : "01/17/16 12:53:00",
  "value" : "10"
},{
  "dateTime" : "01/17/16 13:29:00",
  "value" : "10"
},{
  "dateTime" : "01/17/16 13:30:00",
  "value" : "10"
},{
  "dateTime" : "01/17/16 14:51:00",
  "value" : "10"
},{
  "dateTime" : "01/17/16 15:53:00",
  "value" : "10"
},{
  "dateTime" : "01/17/16 16:30:00",
  "value" : "10"
},{
  "dateTime" : "01/17/16 19:54:00",
  "value" : "10"
},{
  "dateTime" : "01/17/16 19:55:00",
  "value" : "10"
},{
  "dateTime" : "01/17/16 20:02:00",
  "value" : "10"
},{
  "dateTime" : "01/17/16 20:03:00",
  "value" : "10"
},{
  "dateTime" : "01/17/16 20:04:00",
  "value" : "10"
},{
  "dateTime" : "01/17/16 20:54:00",
  "value" : "10"
},{
  "dateTime" : "01/17/16 21:41:00",
  "value" : "10"
},{
  "dateTime" : "01/17/16 22:42:00",
  "value" : "10"
},{
  "dateTime" : "01/18/16 08:27:00",
  "value" : "10"
},{
  "dateTime" : "01/18/16 09:36:00",
  "value" : "10"
},{
  "dateTime" : "01/18/16 10:19:00",
  "value" : "10"
},{
  "dateTime" : "01/18/16 10:20:00",
  "value" : "10"
},{
  "dateTime" : "01/18/16 10:21:00",
  "value" : "10"
},{
  "dateTime" : "01/18/16 11:35:00",
  "value" : "10"
},{
  "dateTime" : "01/18/16 17:19:00",
  "value" : "10"
},{
  "dateTime" : "01/18/16 20:24:00",
  "value" : "10"
},{
  "dateTime" : "01/18/16 23:45:00",
  "value" : "10"
},{
  "dateTime" : "01/19/16 11:40:00",
  "value" : "10"
},{
  "dateTime" : "01/19/16 12:16:00",
  "value" : "10"
},{
  "dateTime" : "01/19/16 18:37:00",
  "value" : "10"
},{
  "dateTime" : "01/19/16 18:38:00",
  "value" : "10"
},{
  "dateTime" : "01/19/16 19:43:00",
  "value" : "10"
},{
  "dateTime" : "01/19/16 21:03:00",
  "value" : "10"
},{
  "dateTime" : "01/20/16 07:26:00",
  "value" : "10"
},{
  "dateTime" : "01/20/16 07:35:00",
  "value" : "10"
},{
  "dateTime" : "01/20/16 07:36:00",
  "value" : "10"
},{
  "dateTime" : "01/20/16 08:06:00",
  "value" : "10"
},{
  "dateTime" : "01/20/16 10:12:00",
  "value" : "10"
},{
  "dateTime" : "01/20/16 11:51:00",
  "value" : "30"
},{
  "dateTime" : "01/20/16 11:52:00",
  "value" : "20"
},{
  "dateTime" : "01/20/16 13:16:00",
  "value" : "20"
},{
  "dateTime" : "01/20/16 14:05:00",
  "value" : "10"
},{
  "dateTime" : "01/20/16 20:40:00",
  "value" : "10"
},{
  "dateTime" : "01/21/16 00:27:00",
  "value" : "10"
},{
  "dateTime" : "01/21/16 08:37:00",
  "value" : "10"
},{
  "dateTime" : "01/21/16 09:44:00",
  "value" : "10"
},{
  "dateTime" : "01/21/16 09:45:00",
  "value" : "10"
},{
  "dateTime" : "01/21/16 11:40:00",
  "value" : "10"
},{
  "dateTime" : "01/21/16 16:21:00",
  "value" : "10"
},{
  "dateTime" : "01/21/16 17:03:00",
  "value" : "10"
},{
  "dateTime" : "01/21/16 17:04:00",
  "value" : "10"
},{
  "dateTime" : "01/21/16 17:37:00",
  "value" : "10"
},{
  "dateTime" : "01/21/16 18:42:00",
  "value" : "10"
},{
  "dateTime" : "01/21/16 19:08:00",
  "value" : "10"
},{
  "dateTime" : "01/21/16 20:06:00",
  "value" : "10"
},{
  "dateTime" : "01/21/16 20:44:00",
  "value" : "10"
},{
  "dateTime" : "01/21/16 21:26:00",
  "value" : "10"
},{
  "dateTime" : "01/22/16 08:37:00",
  "value" : "10"
},{
  "dateTime" : "01/22/16 09:13:00",
  "value" : "10"
},{
  "dateTime" : "01/22/16 13:14:00",
  "value" : "10"
},{
  "dateTime" : "01/22/16 15:51:00",
  "value" : "10"
},{
  "dateTime" : "01/22/16 15:52:00",
  "value" : "10"
},{
  "dateTime" : "01/22/16 15:53:00",
  "value" : "10"
},{
  "dateTime" : "01/22/16 16:19:00",
  "value" : "10"
},{
  "dateTime" : "01/22/16 18:06:00",
  "value" : "10"
},{
  "dateTime" : "01/22/16 20:05:00",
  "value" : "10"
},{
  "dateTime" : "01/22/16 20:13:00",
  "value" : "10"
},{
  "dateTime" : "01/22/16 20:14:00",
  "value" : "10"
},{
  "dateTime" : "01/23/16 08:23:00",
  "value" : "10"
},{
  "dateTime" : "01/23/16 08:42:00",
  "value" : "10"
},{
  "dateTime" : "01/23/16 08:43:00",
  "value" : "10"
},{
  "dateTime" : "01/23/16 09:14:00",
  "value" : "10"
},{
  "dateTime" : "01/23/16 10:21:00",
  "value" : "10"
},{
  "dateTime" : "01/23/16 11:13:00",
  "value" : "10"
},{
  "dateTime" : "01/23/16 11:58:00",
  "value" : "10"
},{
  "dateTime" : "01/23/16 11:59:00",
  "value" : "10"
},{
  "dateTime" : "01/23/16 12:00:00",
  "value" : "10"
},{
  "dateTime" : "01/23/16 14:15:00",
  "value" : "10"
},{
  "dateTime" : "01/23/16 15:39:00",
  "value" : "10"
},{
  "dateTime" : "01/23/16 15:40:00",
  "value" : "10"
},{
  "dateTime" : "01/23/16 15:41:00",
  "value" : "10"
},{
  "dateTime" : "01/23/16 15:42:00",
  "value" : "10"
},{
  "dateTime" : "01/23/16 16:36:00",
  "value" : "10"
},{
  "dateTime" : "01/23/16 18:38:00",
  "value" : "10"
},{
  "dateTime" : "01/23/16 20:01:00",
  "value" : "10"
},{
  "dateTime" : "01/23/16 21:13:00",
  "value" : "10"
},{
  "dateTime" : "01/23/16 21:14:00",
  "value" : "10"
},{
  "dateTime" : "01/23/16 22:07:00",
  "value" : "20"
},{
  "dateTime" : "01/23/16 22:35:00",
  "value" : "10"
},{
  "dateTime" : "01/23/16 22:36:00",
  "value" : "10"
},{
  "dateTime" : "01/23/16 22:37:00",
  "value" : "10"
},{
  "dateTime" : "01/23/16 22:38:00",
  "value" : "10"
},{
  "dateTime" : "01/24/16 09:14:00",
  "value" : "10"
},{
  "dateTime" : "01/24/16 10:10:00",
  "value" : "20"
},{
  "dateTime" : "01/24/16 10:11:00",
  "value" : "10"
},{
  "dateTime" : "01/24/16 12:56:00",
  "value" : "10"
},{
  "dateTime" : "01/24/16 13:54:00",
  "value" : "10"
},{
  "dateTime" : "01/24/16 21:14:00",
  "value" : "10"
},{
  "dateTime" : "01/25/16 08:41:00",
  "value" : "10"
},{
  "dateTime" : "01/25/16 08:42:00",
  "value" : "10"
},{
  "dateTime" : "01/25/16 09:19:00",
  "value" : "10"
},{
  "dateTime" : "01/25/16 10:31:00",
  "value" : "10"
},{
  "dateTime" : "01/25/16 10:32:00",
  "value" : "10"
},{
  "dateTime" : "01/25/16 11:30:00",
  "value" : "20"
},{
  "dateTime" : "01/25/16 14:23:00",
  "value" : "20"
},{
  "dateTime" : "01/25/16 17:39:00",
  "value" : "20"
},{
  "dateTime" : "01/25/16 17:40:00",
  "value" : "20"
},{
  "dateTime" : "01/25/16 19:22:00",
  "value" : "10"
},{
  "dateTime" : "01/25/16 20:05:00",
  "value" : "10"
},{
  "dateTime" : "01/26/16 10:12:00",
  "value" : "10"
},{
  "dateTime" : "01/26/16 11:57:00",
  "value" : "20"
},{
  "dateTime" : "01/26/16 11:58:00",
  "value" : "10"
},{
  "dateTime" : "01/26/16 12:48:00",
  "value" : "10"
},{
  "dateTime" : "01/26/16 15:21:00",
  "value" : "10"
},{
  "dateTime" : "01/26/16 15:22:00",
  "value" : "10"
},{
  "dateTime" : "01/26/16 15:23:00",
  "value" : "10"
},{
  "dateTime" : "01/26/16 15:41:00",
  "value" : "10"
},{
  "dateTime" : "01/26/16 16:00:00",
  "value" : "10"
},{
  "dateTime" : "01/26/16 16:26:00",
  "value" : "10"
},{
  "dateTime" : "01/26/16 16:27:00",
  "value" : "10"
},{
  "dateTime" : "01/26/16 17:18:00",
  "value" : "10"
},{
  "dateTime" : "01/26/16 17:36:00",
  "value" : "10"
},{
  "dateTime" : "01/26/16 17:37:00",
  "value" : "10"
},{
  "dateTime" : "01/26/16 17:56:00",
  "value" : "10"
},{
  "dateTime" : "01/26/16 19:53:00",
  "value" : "10"
},{
  "dateTime" : "01/26/16 19:54:00",
  "value" : "10"
},{
  "dateTime" : "01/26/16 20:20:00",
  "value" : "10"
},{
  "dateTime" : "01/26/16 20:53:00",
  "value" : "10"
},{
  "dateTime" : "01/26/16 20:54:00",
  "value" : "10"
},{
  "dateTime" : "01/26/16 21:32:00",
  "value" : "10"
},{
  "dateTime" : "01/26/16 21:33:00",
  "value" : "10"
},{
  "dateTime" : "01/26/16 21:50:00",
  "value" : "10"
},{
  "dateTime" : "01/26/16 23:07:00",
  "value" : "10"
},{
  "dateTime" : "01/27/16 01:14:00",
  "value" : "10"
},{
  "dateTime" : "01/27/16 02:12:00",
  "value" : "10"
},{
  "dateTime" : "01/27/16 08:56:00",
  "value" : "10"
},{
  "dateTime" : "01/27/16 09:26:00",
  "value" : "10"
},{
  "dateTime" : "01/27/16 09:27:00",
  "value" : "10"
},{
  "dateTime" : "01/27/16 09:28:00",
  "value" : "20"
},{
  "dateTime" : "01/27/16 11:14:00",
  "value" : "10"
},{
  "dateTime" : "01/27/16 13:36:00",
  "value" : "20"
},{
  "dateTime" : "01/27/16 14:00:00",
  "value" : "20"
},{
  "dateTime" : "01/27/16 14:01:00",
  "value" : "10"
},{
  "dateTime" : "01/27/16 21:21:00",
  "value" : "10"
},{
  "dateTime" : "01/27/16 22:40:00",
  "value" : "10"
},{
  "dateTime" : "01/28/16 08:09:00",
  "value" : "10"
},{
  "dateTime" : "01/28/16 08:42:00",
  "value" : "10"
},{
  "dateTime" : "01/28/16 10:54:00",
  "value" : "10"
},{
  "dateTime" : "01/28/16 12:07:00",
  "value" : "10"
},{
  "dateTime" : "01/28/16 12:08:00",
  "value" : "10"
},{
  "dateTime" : "01/28/16 12:46:00",
  "value" : "10"
},{
  "dateTime" : "01/28/16 13:27:00",
  "value" : "10"
},{
  "dateTime" : "01/28/16 13:28:00",
  "value" : "10"
},{
  "dateTime" : "01/28/16 14:58:00",
  "value" : "10"
},{
  "dateTime" : "01/28/16 17:02:00",
  "value" : "10"
},{
  "dateTime" : "01/28/16 17:03:00",
  "value" : "10"
},{
  "dateTime" : "01/28/16 19:05:00",
  "value" : "10"
},{
  "dateTime" : "01/28/16 20:24:00",
  "value" : "10"
},{
  "dateTime" : "01/28/16 20:25:00",
  "value" : "10"
},{
  "dateTime" : "01/29/16 02:13:00",
  "value" : "10"
},{
  "dateTime" : "01/29/16 08:42:00",
  "value" : "10"
},{
  "dateTime" : "01/29/16 09:26:00",
  "value" : "10"
},{
  "dateTime" : "01/29/16 10:07:00",
  "value" : "10"
},{
  "dateTime" : "01/29/16 11:25:00",
  "value" : "10"
},{
  "dateTime" : "01/29/16 12:15:00",
  "value" : "10"
},{
  "dateTime" : "01/29/16 13:09:00",
  "value" : "10"
},{
  "dateTime" : "01/29/16 13:40:00",
  "value" : "10"
},{
  "dateTime" : "01/29/16 13:48:00",
  "value" : "10"
},{
  "dateTime" : "01/29/16 14:14:00",
  "value" : "10"
},{
  "dateTime" : "01/29/16 16:54:00",
  "value" : "10"
},{
  "dateTime" : "01/29/16 16:55:00",
  "value" : "10"
},{
  "dateTime" : "01/29/16 21:50:00",
  "value" : "10"
},{
  "dateTime" : "01/29/16 21:51:00",
  "value" : "10"
},{
  "dateTime" : "01/30/16 09:31:00",
  "value" : "10"
},{
  "dateTime" : "01/30/16 12:41:00",
  "value" : "10"
},{
  "dateTime" : "01/30/16 13:01:00",
  "value" : "10"
},{
  "dateTime" : "01/30/16 14:15:00",
  "value" : "10"
},{
  "dateTime" : "01/30/16 14:16:00",
  "value" : "10"
},{
  "dateTime" : "01/30/16 15:09:00",
  "value" : "10"
},{
  "dateTime" : "01/30/16 16:19:00",
  "value" : "10"
},{
  "dateTime" : "01/30/16 17:57:00",
  "value" : "10"
},{
  "dateTime" : "01/30/16 21:38:00",
  "value" : "10"
},{
  "dateTime" : "01/30/16 21:39:00",
  "value" : "10"
},{
  "dateTime" : "01/31/16 07:58:00",
  "value" : "10"
},{
  "dateTime" : "01/31/16 10:29:00",
  "value" : "10"
},{
  "dateTime" : "01/31/16 10:30:00",
  "value" : "10"
},{
  "dateTime" : "01/31/16 11:42:00",
  "value" : "10"
},{
  "dateTime" : "01/31/16 15:46:00",
  "value" : "10"
},{
  "dateTime" : "01/31/16 17:17:00",
  "value" : "10"
},{
  "dateTime" : "01/31/16 18:29:00",
  "value" : "10"
},{
  "dateTime" : "01/31/16 19:51:00",
  "value" : "10"
},{
  "dateTime" : "01/31/16 20:50:00",
  "value" : "10"
},{
  "dateTime" : "02/01/16 07:38:00",
  "value" : "10"
},{
  "dateTime" : "02/01/16 08:07:00",
  "value" : "10"
},{
  "dateTime" : "02/01/16 08:48:00",
  "value" : "10"
},{
  "dateTime" : "02/01/16 09:10:00",
  "value" : "10"
},{
  "dateTime" : "02/01/16 10:25:00",
  "value" : "10"
},{
  "dateTime" : "02/01/16 11:01:00",
  "value" : "10"
},{
  "dateTime" : "02/01/16 13:55:00",
  "value" : "10"
},{
  "dateTime" : "02/01/16 14:35:00",
  "value" : "20"
},{
  "dateTime" : "02/01/16 17:38:00",
  "value" : "20"
},{
  "dateTime" : "02/01/16 18:10:00",
  "value" : "10"
},{
  "dateTime" : "02/01/16 18:41:00",
  "value" : "10"
},{
  "dateTime" : "02/01/16 19:04:00",
  "value" : "10"
},{
  "dateTime" : "02/01/16 19:51:00",
  "value" : "10"
},{
  "dateTime" : "02/01/16 21:24:00",
  "value" : "10"
},{
  "dateTime" : "02/01/16 21:25:00",
  "value" : "10"
},{
  "dateTime" : "02/02/16 08:33:00",
  "value" : "10"
},{
  "dateTime" : "02/02/16 08:34:00",
  "value" : "10"
},{
  "dateTime" : "02/02/16 09:22:00",
  "value" : "10"
},{
  "dateTime" : "02/02/16 09:47:00",
  "value" : "10"
},{
  "dateTime" : "02/02/16 10:29:00",
  "value" : "10"
},{
  "dateTime" : "02/02/16 10:45:00",
  "value" : "10"
},{
  "dateTime" : "02/02/16 11:26:00",
  "value" : "10"
},{
  "dateTime" : "02/02/16 11:47:00",
  "value" : "10"
},{
  "dateTime" : "02/02/16 11:48:00",
  "value" : "20"
},{
  "dateTime" : "02/02/16 16:20:00",
  "value" : "10"
},{
  "dateTime" : "02/02/16 16:21:00",
  "value" : "10"
},{
  "dateTime" : "02/02/16 16:39:00",
  "value" : "10"
},{
  "dateTime" : "02/02/16 19:45:00",
  "value" : "20"
},{
  "dateTime" : "02/02/16 21:03:00",
  "value" : "20"
},{
  "dateTime" : "02/02/16 21:09:00",
  "value" : "10"
},{
  "dateTime" : "02/03/16 08:35:00",
  "value" : "10"
},{
  "dateTime" : "02/03/16 08:36:00",
  "value" : "10"
},{
  "dateTime" : "02/03/16 09:23:00",
  "value" : "10"
},{
  "dateTime" : "02/03/16 09:24:00",
  "value" : "20"
},{
  "dateTime" : "02/03/16 11:30:00",
  "value" : "20"
},{
  "dateTime" : "02/03/16 11:31:00",
  "value" : "10"
},{
  "dateTime" : "02/03/16 11:32:00",
  "value" : "20"
},{
  "dateTime" : "02/03/16 11:33:00",
  "value" : "20"
},{
  "dateTime" : "02/03/16 11:39:00",
  "value" : "20"
},{
  "dateTime" : "02/03/16 11:40:00",
  "value" : "10"
},{
  "dateTime" : "02/03/16 11:41:00",
  "value" : "10"
},{
  "dateTime" : "02/03/16 11:42:00",
  "value" : "30"
},{
  "dateTime" : "02/03/16 14:42:00",
  "value" : "10"
},{
  "dateTime" : "02/03/16 14:43:00",
  "value" : "30"
},{
  "dateTime" : "02/03/16 20:49:00",
  "value" : "10"
},{
  "dateTime" : "02/03/16 20:50:00",
  "value" : "20"
},{
  "dateTime" : "02/03/16 21:32:00",
  "value" : "10"
},{
  "dateTime" : "02/03/16 22:38:00",
  "value" : "10"
},{
  "dateTime" : "02/03/16 22:39:00",
  "value" : "10"
}]