[{
  "dateTime" : "01/15/14 08:24:00",
  "value" : "10"
},{
  "dateTime" : "01/15/14 09:00:00",
  "value" : "10"
},{
  "dateTime" : "01/15/14 09:27:00",
  "value" : "10"
},{
  "dateTime" : "01/15/14 11:33:00",
  "value" : "10"
},{
  "dateTime" : "01/15/14 14:17:00",
  "value" : "10"
},{
  "dateTime" : "01/15/14 15:58:00",
  "value" : "10"
},{
  "dateTime" : "01/15/14 16:33:00",
  "value" : "10"
},{
  "dateTime" : "01/15/14 18:06:00",
  "value" : "10"
},{
  "dateTime" : "01/15/14 18:07:00",
  "value" : "10"
},{
  "dateTime" : "01/15/14 19:16:00",
  "value" : "10"
},{
  "dateTime" : "01/15/14 20:05:00",
  "value" : "10"
},{
  "dateTime" : "01/15/14 21:50:00",
  "value" : "10"
},{
  "dateTime" : "01/15/14 23:31:00",
  "value" : "10"
},{
  "dateTime" : "01/16/14 05:31:00",
  "value" : "10"
},{
  "dateTime" : "01/16/14 08:41:00",
  "value" : "10"
},{
  "dateTime" : "01/16/14 09:35:00",
  "value" : "10"
},{
  "dateTime" : "01/16/14 10:46:00",
  "value" : "10"
},{
  "dateTime" : "01/16/14 10:47:00",
  "value" : "10"
},{
  "dateTime" : "01/16/14 10:48:00",
  "value" : "10"
},{
  "dateTime" : "01/16/14 12:36:00",
  "value" : "10"
},{
  "dateTime" : "01/16/14 13:09:00",
  "value" : "10"
},{
  "dateTime" : "01/16/14 13:10:00",
  "value" : "10"
},{
  "dateTime" : "01/16/14 13:11:00",
  "value" : "10"
},{
  "dateTime" : "01/16/14 15:18:00",
  "value" : "10"
},{
  "dateTime" : "01/16/14 15:19:00",
  "value" : "10"
},{
  "dateTime" : "01/16/14 15:28:00",
  "value" : "10"
},{
  "dateTime" : "01/16/14 16:29:00",
  "value" : "10"
},{
  "dateTime" : "01/16/14 16:30:00",
  "value" : "10"
},{
  "dateTime" : "01/16/14 16:31:00",
  "value" : "10"
},{
  "dateTime" : "01/16/14 16:32:00",
  "value" : "10"
},{
  "dateTime" : "01/16/14 16:35:00",
  "value" : "10"
},{
  "dateTime" : "01/16/14 16:36:00",
  "value" : "10"
},{
  "dateTime" : "01/16/14 16:37:00",
  "value" : "10"
},{
  "dateTime" : "01/16/14 19:14:00",
  "value" : "10"
},{
  "dateTime" : "01/16/14 19:57:00",
  "value" : "10"
},{
  "dateTime" : "01/16/14 19:58:00",
  "value" : "10"
},{
  "dateTime" : "01/16/14 20:23:00",
  "value" : "10"
},{
  "dateTime" : "01/16/14 23:34:00",
  "value" : "10"
},{
  "dateTime" : "01/17/14 06:29:00",
  "value" : "10"
},{
  "dateTime" : "01/17/14 08:40:00",
  "value" : "10"
},{
  "dateTime" : "01/17/14 09:02:00",
  "value" : "10"
},{
  "dateTime" : "01/17/14 09:03:00",
  "value" : "10"
},{
  "dateTime" : "01/17/14 09:04:00",
  "value" : "10"
},{
  "dateTime" : "01/17/14 13:54:00",
  "value" : "10"
},{
  "dateTime" : "01/17/14 17:31:00",
  "value" : "10"
},{
  "dateTime" : "01/17/14 19:21:00",
  "value" : "10"
},{
  "dateTime" : "01/17/14 19:31:00",
  "value" : "10"
},{
  "dateTime" : "01/17/14 23:10:00",
  "value" : "10"
},{
  "dateTime" : "01/18/14 09:12:00",
  "value" : "10"
},{
  "dateTime" : "01/18/14 10:44:00",
  "value" : "10"
},{
  "dateTime" : "01/18/14 11:09:00",
  "value" : "10"
},{
  "dateTime" : "01/18/14 12:03:00",
  "value" : "10"
},{
  "dateTime" : "01/18/14 13:11:00",
  "value" : "10"
},{
  "dateTime" : "01/18/14 18:26:00",
  "value" : "10"
},{
  "dateTime" : "01/18/14 19:52:00",
  "value" : "10"
},{
  "dateTime" : "01/18/14 20:38:00",
  "value" : "10"
},{
  "dateTime" : "01/18/14 22:39:00",
  "value" : "10"
},{
  "dateTime" : "01/19/14 09:58:00",
  "value" : "10"
},{
  "dateTime" : "01/19/14 12:04:00",
  "value" : "10"
},{
  "dateTime" : "01/19/14 13:20:00",
  "value" : "10"
},{
  "dateTime" : "01/19/14 13:21:00",
  "value" : "10"
},{
  "dateTime" : "01/19/14 16:09:00",
  "value" : "10"
},{
  "dateTime" : "01/19/14 16:53:00",
  "value" : "10"
},{
  "dateTime" : "01/19/14 18:18:00",
  "value" : "10"
},{
  "dateTime" : "01/19/14 18:46:00",
  "value" : "10"
},{
  "dateTime" : "01/19/14 19:07:00",
  "value" : "10"
},{
  "dateTime" : "01/19/14 19:54:00",
  "value" : "10"
},{
  "dateTime" : "01/19/14 20:26:00",
  "value" : "10"
},{
  "dateTime" : "01/19/14 20:27:00",
  "value" : "10"
},{
  "dateTime" : "01/19/14 20:49:00",
  "value" : "10"
},{
  "dateTime" : "01/19/14 22:57:00",
  "value" : "10"
},{
  "dateTime" : "01/19/14 22:58:00",
  "value" : "10"
},{
  "dateTime" : "01/20/14 07:58:00",
  "value" : "10"
},{
  "dateTime" : "01/20/14 07:59:00",
  "value" : "10"
},{
  "dateTime" : "01/20/14 08:24:00",
  "value" : "10"
},{
  "dateTime" : "01/20/14 09:46:00",
  "value" : "10"
},{
  "dateTime" : "01/20/14 09:54:00",
  "value" : "10"
},{
  "dateTime" : "01/20/14 12:03:00",
  "value" : "10"
},{
  "dateTime" : "01/20/14 14:26:00",
  "value" : "10"
},{
  "dateTime" : "01/20/14 16:24:00",
  "value" : "10"
},{
  "dateTime" : "01/20/14 17:01:00",
  "value" : "10"
},{
  "dateTime" : "01/20/14 18:00:00",
  "value" : "10"
},{
  "dateTime" : "01/20/14 20:29:00",
  "value" : "10"
},{
  "dateTime" : "01/20/14 23:11:00",
  "value" : "10"
},{
  "dateTime" : "01/21/14 07:22:00",
  "value" : "10"
},{
  "dateTime" : "01/21/14 08:42:00",
  "value" : "10"
},{
  "dateTime" : "01/21/14 09:11:00",
  "value" : "10"
},{
  "dateTime" : "01/21/14 09:23:00",
  "value" : "10"
},{
  "dateTime" : "01/21/14 10:15:00",
  "value" : "10"
},{
  "dateTime" : "01/21/14 10:32:00",
  "value" : "10"
},{
  "dateTime" : "01/21/14 11:54:00",
  "value" : "10"
},{
  "dateTime" : "01/21/14 12:31:00",
  "value" : "10"
},{
  "dateTime" : "01/21/14 12:34:00",
  "value" : "10"
},{
  "dateTime" : "01/21/14 13:13:00",
  "value" : "10"
},{
  "dateTime" : "01/21/14 15:32:00",
  "value" : "10"
},{
  "dateTime" : "01/21/14 15:55:00",
  "value" : "10"
},{
  "dateTime" : "01/21/14 17:32:00",
  "value" : "10"
},{
  "dateTime" : "01/21/14 17:33:00",
  "value" : "10"
},{
  "dateTime" : "01/21/14 17:34:00",
  "value" : "10"
},{
  "dateTime" : "01/21/14 18:11:00",
  "value" : "10"
},{
  "dateTime" : "01/21/14 21:03:00",
  "value" : "10"
},{
  "dateTime" : "01/21/14 23:03:00",
  "value" : "10"
},{
  "dateTime" : "01/22/14 06:33:00",
  "value" : "10"
},{
  "dateTime" : "01/22/14 08:13:00",
  "value" : "10"
},{
  "dateTime" : "01/22/14 08:14:00",
  "value" : "10"
},{
  "dateTime" : "01/22/14 08:47:00",
  "value" : "10"
},{
  "dateTime" : "01/22/14 09:08:00",
  "value" : "10"
},{
  "dateTime" : "01/22/14 11:04:00",
  "value" : "10"
},{
  "dateTime" : "01/22/14 11:12:00",
  "value" : "10"
},{
  "dateTime" : "01/22/14 13:24:00",
  "value" : "10"
},{
  "dateTime" : "01/22/14 14:28:00",
  "value" : "10"
},{
  "dateTime" : "01/22/14 14:29:00",
  "value" : "10"
},{
  "dateTime" : "01/22/14 16:43:00",
  "value" : "10"
},{
  "dateTime" : "01/22/14 17:33:00",
  "value" : "10"
},{
  "dateTime" : "01/22/14 20:33:00",
  "value" : "10"
},{
  "dateTime" : "01/22/14 20:45:00",
  "value" : "10"
},{
  "dateTime" : "01/22/14 20:46:00",
  "value" : "10"
},{
  "dateTime" : "01/22/14 20:56:00",
  "value" : "10"
},{
  "dateTime" : "01/22/14 20:57:00",
  "value" : "10"
},{
  "dateTime" : "01/22/14 22:28:00",
  "value" : "10"
},{
  "dateTime" : "01/23/14 05:24:00",
  "value" : "10"
},{
  "dateTime" : "01/23/14 08:11:00",
  "value" : "10"
},{
  "dateTime" : "01/23/14 08:34:00",
  "value" : "10"
},{
  "dateTime" : "01/23/14 09:24:00",
  "value" : "10"
},{
  "dateTime" : "01/23/14 09:25:00",
  "value" : "10"
},{
  "dateTime" : "01/23/14 09:26:00",
  "value" : "10"
},{
  "dateTime" : "01/23/14 09:50:00",
  "value" : "10"
},{
  "dateTime" : "01/23/14 11:11:00",
  "value" : "10"
},{
  "dateTime" : "01/23/14 16:03:00",
  "value" : "10"
},{
  "dateTime" : "01/23/14 19:02:00",
  "value" : "10"
},{
  "dateTime" : "01/23/14 20:38:00",
  "value" : "10"
},{
  "dateTime" : "01/23/14 20:39:00",
  "value" : "10"
},{
  "dateTime" : "01/23/14 21:05:00",
  "value" : "10"
},{
  "dateTime" : "01/24/14 08:33:00",
  "value" : "10"
},{
  "dateTime" : "01/24/14 13:34:00",
  "value" : "10"
},{
  "dateTime" : "01/24/14 13:58:00",
  "value" : "10"
},{
  "dateTime" : "01/24/14 14:06:00",
  "value" : "10"
},{
  "dateTime" : "01/24/14 14:47:00",
  "value" : "10"
},{
  "dateTime" : "01/24/14 17:03:00",
  "value" : "10"
},{
  "dateTime" : "01/24/14 17:41:00",
  "value" : "10"
},{
  "dateTime" : "01/24/14 17:42:00",
  "value" : "10"
},{
  "dateTime" : "01/24/14 21:03:00",
  "value" : "10"
},{
  "dateTime" : "01/24/14 22:52:00",
  "value" : "10"
},{
  "dateTime" : "01/25/14 02:06:00",
  "value" : "10"
},{
  "dateTime" : "01/25/14 10:04:00",
  "value" : "10"
},{
  "dateTime" : "01/25/14 10:50:00",
  "value" : "10"
},{
  "dateTime" : "01/25/14 14:20:00",
  "value" : "10"
},{
  "dateTime" : "01/25/14 17:57:00",
  "value" : "10"
},{
  "dateTime" : "01/25/14 17:58:00",
  "value" : "20"
},{
  "dateTime" : "01/25/14 17:59:00",
  "value" : "10"
},{
  "dateTime" : "01/25/14 20:42:00",
  "value" : "10"
},{
  "dateTime" : "01/26/14 08:01:00",
  "value" : "10"
},{
  "dateTime" : "01/26/14 08:26:00",
  "value" : "10"
},{
  "dateTime" : "01/26/14 10:12:00",
  "value" : "10"
},{
  "dateTime" : "01/26/14 10:13:00",
  "value" : "10"
},{
  "dateTime" : "01/26/14 10:52:00",
  "value" : "10"
},{
  "dateTime" : "01/26/14 11:26:00",
  "value" : "10"
},{
  "dateTime" : "01/26/14 11:49:00",
  "value" : "10"
},{
  "dateTime" : "01/26/14 13:21:00",
  "value" : "10"
},{
  "dateTime" : "01/26/14 16:00:00",
  "value" : "10"
},{
  "dateTime" : "01/26/14 17:40:00",
  "value" : "10"
},{
  "dateTime" : "01/26/14 17:41:00",
  "value" : "10"
},{
  "dateTime" : "01/26/14 18:06:00",
  "value" : "10"
},{
  "dateTime" : "01/26/14 19:26:00",
  "value" : "10"
},{
  "dateTime" : "01/26/14 19:27:00",
  "value" : "10"
},{
  "dateTime" : "01/26/14 23:28:00",
  "value" : "10"
},{
  "dateTime" : "01/27/14 08:22:00",
  "value" : "10"
},{
  "dateTime" : "01/27/14 08:23:00",
  "value" : "10"
},{
  "dateTime" : "01/27/14 09:10:00",
  "value" : "10"
},{
  "dateTime" : "01/27/14 09:46:00",
  "value" : "10"
},{
  "dateTime" : "01/27/14 10:38:00",
  "value" : "10"
},{
  "dateTime" : "01/27/14 12:27:00",
  "value" : "10"
},{
  "dateTime" : "01/27/14 12:28:00",
  "value" : "10"
},{
  "dateTime" : "01/27/14 12:29:00",
  "value" : "10"
},{
  "dateTime" : "01/27/14 12:30:00",
  "value" : "10"
},{
  "dateTime" : "01/27/14 13:03:00",
  "value" : "10"
},{
  "dateTime" : "01/27/14 13:31:00",
  "value" : "20"
},{
  "dateTime" : "01/27/14 15:07:00",
  "value" : "10"
},{
  "dateTime" : "01/27/14 15:53:00",
  "value" : "10"
},{
  "dateTime" : "01/27/14 17:05:00",
  "value" : "10"
},{
  "dateTime" : "01/27/14 18:14:00",
  "value" : "10"
},{
  "dateTime" : "01/27/14 18:57:00",
  "value" : "10"
},{
  "dateTime" : "01/27/14 18:58:00",
  "value" : "10"
},{
  "dateTime" : "01/27/14 20:14:00",
  "value" : "10"
},{
  "dateTime" : "01/27/14 20:31:00",
  "value" : "10"
},{
  "dateTime" : "01/27/14 22:53:00",
  "value" : "10"
},{
  "dateTime" : "01/28/14 08:09:00",
  "value" : "10"
},{
  "dateTime" : "01/28/14 09:15:00",
  "value" : "10"
},{
  "dateTime" : "01/28/14 13:59:00",
  "value" : "10"
},{
  "dateTime" : "01/28/14 14:23:00",
  "value" : "10"
},{
  "dateTime" : "01/28/14 15:53:00",
  "value" : "10"
},{
  "dateTime" : "01/28/14 18:02:00",
  "value" : "10"
},{
  "dateTime" : "01/28/14 19:00:00",
  "value" : "10"
},{
  "dateTime" : "01/28/14 19:01:00",
  "value" : "10"
},{
  "dateTime" : "01/28/14 19:02:00",
  "value" : "20"
},{
  "dateTime" : "01/28/14 19:08:00",
  "value" : "10"
},{
  "dateTime" : "01/28/14 19:38:00",
  "value" : "10"
},{
  "dateTime" : "01/28/14 19:55:00",
  "value" : "10"
},{
  "dateTime" : "01/28/14 21:36:00",
  "value" : "10"
},{
  "dateTime" : "01/28/14 22:03:00",
  "value" : "20"
},{
  "dateTime" : "01/28/14 22:04:00",
  "value" : "20"
},{
  "dateTime" : "01/29/14 08:19:00",
  "value" : "10"
},{
  "dateTime" : "01/29/14 10:00:00",
  "value" : "10"
},{
  "dateTime" : "01/29/14 10:10:00",
  "value" : "10"
},{
  "dateTime" : "01/29/14 12:30:00",
  "value" : "10"
},{
  "dateTime" : "01/29/14 16:13:00",
  "value" : "10"
},{
  "dateTime" : "01/29/14 17:03:00",
  "value" : "10"
},{
  "dateTime" : "01/29/14 19:29:00",
  "value" : "10"
},{
  "dateTime" : "01/29/14 20:56:00",
  "value" : "10"
},{
  "dateTime" : "01/29/14 21:17:00",
  "value" : "10"
},{
  "dateTime" : "01/29/14 21:22:00",
  "value" : "10"
},{
  "dateTime" : "01/29/14 21:50:00",
  "value" : "10"
},{
  "dateTime" : "01/30/14 07:48:00",
  "value" : "10"
},{
  "dateTime" : "01/30/14 08:41:00",
  "value" : "10"
},{
  "dateTime" : "01/30/14 09:05:00",
  "value" : "10"
},{
  "dateTime" : "01/30/14 09:06:00",
  "value" : "10"
},{
  "dateTime" : "01/30/14 09:07:00",
  "value" : "10"
},{
  "dateTime" : "01/30/14 09:08:00",
  "value" : "10"
},{
  "dateTime" : "01/30/14 10:59:00",
  "value" : "10"
},{
  "dateTime" : "01/30/14 11:59:00",
  "value" : "10"
},{
  "dateTime" : "01/30/14 13:22:00",
  "value" : "10"
},{
  "dateTime" : "01/30/14 14:02:00",
  "value" : "10"
},{
  "dateTime" : "01/30/14 15:54:00",
  "value" : "10"
},{
  "dateTime" : "01/30/14 16:16:00",
  "value" : "20"
},{
  "dateTime" : "01/30/14 16:17:00",
  "value" : "10"
},{
  "dateTime" : "01/30/14 18:04:00",
  "value" : "10"
},{
  "dateTime" : "01/30/14 20:04:00",
  "value" : "10"
},{
  "dateTime" : "01/30/14 20:20:00",
  "value" : "10"
},{
  "dateTime" : "01/30/14 20:21:00",
  "value" : "10"
},{
  "dateTime" : "01/30/14 20:22:00",
  "value" : "10"
},{
  "dateTime" : "01/31/14 08:15:00",
  "value" : "10"
},{
  "dateTime" : "01/31/14 08:33:00",
  "value" : "10"
},{
  "dateTime" : "01/31/14 08:41:00",
  "value" : "10"
},{
  "dateTime" : "01/31/14 10:15:00",
  "value" : "10"
},{
  "dateTime" : "01/31/14 11:01:00",
  "value" : "10"
},{
  "dateTime" : "01/31/14 12:02:00",
  "value" : "10"
},{
  "dateTime" : "01/31/14 12:03:00",
  "value" : "10"
},{
  "dateTime" : "01/31/14 13:40:00",
  "value" : "10"
},{
  "dateTime" : "01/31/14 14:04:00",
  "value" : "10"
},{
  "dateTime" : "01/31/14 15:19:00",
  "value" : "10"
},{
  "dateTime" : "01/31/14 15:20:00",
  "value" : "10"
},{
  "dateTime" : "01/31/14 15:21:00",
  "value" : "20"
},{
  "dateTime" : "01/31/14 15:39:00",
  "value" : "10"
},{
  "dateTime" : "01/31/14 17:01:00",
  "value" : "10"
},{
  "dateTime" : "01/31/14 20:25:00",
  "value" : "10"
},{
  "dateTime" : "01/31/14 21:15:00",
  "value" : "10"
},{
  "dateTime" : "01/31/14 21:16:00",
  "value" : "10"
},{
  "dateTime" : "02/01/14 01:43:00",
  "value" : "10"
},{
  "dateTime" : "02/01/14 06:34:00",
  "value" : "10"
},{
  "dateTime" : "02/01/14 07:57:00",
  "value" : "10"
},{
  "dateTime" : "02/01/14 07:58:00",
  "value" : "10"
},{
  "dateTime" : "02/01/14 13:04:00",
  "value" : "10"
},{
  "dateTime" : "02/01/14 17:46:00",
  "value" : "10"
},{
  "dateTime" : "02/01/14 19:06:00",
  "value" : "10"
},{
  "dateTime" : "02/01/14 19:07:00",
  "value" : "10"
},{
  "dateTime" : "02/01/14 20:52:00",
  "value" : "10"
},{
  "dateTime" : "02/01/14 21:25:00",
  "value" : "10"
},{
  "dateTime" : "02/02/14 08:39:00",
  "value" : "10"
},{
  "dateTime" : "02/02/14 09:03:00",
  "value" : "10"
},{
  "dateTime" : "02/02/14 09:31:00",
  "value" : "10"
},{
  "dateTime" : "02/02/14 10:01:00",
  "value" : "10"
},{
  "dateTime" : "02/02/14 10:02:00",
  "value" : "10"
},{
  "dateTime" : "02/02/14 10:03:00",
  "value" : "10"
},{
  "dateTime" : "02/02/14 10:55:00",
  "value" : "10"
},{
  "dateTime" : "02/02/14 11:30:00",
  "value" : "10"
},{
  "dateTime" : "02/02/14 11:31:00",
  "value" : "10"
},{
  "dateTime" : "02/02/14 11:38:00",
  "value" : "10"
},{
  "dateTime" : "02/02/14 11:50:00",
  "value" : "10"
},{
  "dateTime" : "02/02/14 12:11:00",
  "value" : "10"
},{
  "dateTime" : "02/02/14 12:12:00",
  "value" : "10"
},{
  "dateTime" : "02/02/14 13:29:00",
  "value" : "10"
},{
  "dateTime" : "02/02/14 14:31:00",
  "value" : "10"
},{
  "dateTime" : "02/02/14 14:32:00",
  "value" : "10"
},{
  "dateTime" : "02/02/14 15:54:00",
  "value" : "20"
},{
  "dateTime" : "02/02/14 15:55:00",
  "value" : "10"
},{
  "dateTime" : "02/02/14 16:37:00",
  "value" : "10"
},{
  "dateTime" : "02/02/14 17:12:00",
  "value" : "10"
},{
  "dateTime" : "02/02/14 17:53:00",
  "value" : "10"
},{
  "dateTime" : "02/02/14 18:07:00",
  "value" : "20"
},{
  "dateTime" : "02/02/14 18:49:00",
  "value" : "10"
},{
  "dateTime" : "02/02/14 19:16:00",
  "value" : "10"
},{
  "dateTime" : "02/02/14 20:05:00",
  "value" : "10"
},{
  "dateTime" : "02/02/14 21:39:00",
  "value" : "10"
},{
  "dateTime" : "02/02/14 21:40:00",
  "value" : "10"
},{
  "dateTime" : "02/02/14 23:59:00",
  "value" : "10"
},{
  "dateTime" : "02/03/14 05:24:00",
  "value" : "10"
},{
  "dateTime" : "02/03/14 07:36:00",
  "value" : "20"
},{
  "dateTime" : "02/03/14 07:37:00",
  "value" : "10"
},{
  "dateTime" : "02/03/14 08:17:00",
  "value" : "10"
},{
  "dateTime" : "02/03/14 10:30:00",
  "value" : "10"
},{
  "dateTime" : "02/03/14 11:27:00",
  "value" : "10"
},{
  "dateTime" : "02/03/14 11:59:00",
  "value" : "10"
},{
  "dateTime" : "02/03/14 12:59:00",
  "value" : "10"
},{
  "dateTime" : "02/03/14 15:53:00",
  "value" : "10"
},{
  "dateTime" : "02/03/14 16:55:00",
  "value" : "10"
},{
  "dateTime" : "02/03/14 17:07:00",
  "value" : "10"
},{
  "dateTime" : "02/03/14 19:26:00",
  "value" : "10"
},{
  "dateTime" : "02/03/14 20:08:00",
  "value" : "10"
},{
  "dateTime" : "02/04/14 07:36:00",
  "value" : "10"
},{
  "dateTime" : "02/04/14 08:56:00",
  "value" : "10"
},{
  "dateTime" : "02/04/14 09:21:00",
  "value" : "10"
},{
  "dateTime" : "02/04/14 09:50:00",
  "value" : "10"
},{
  "dateTime" : "02/04/14 14:56:00",
  "value" : "10"
},{
  "dateTime" : "02/04/14 14:57:00",
  "value" : "10"
},{
  "dateTime" : "02/04/14 14:58:00",
  "value" : "10"
},{
  "dateTime" : "02/04/14 16:01:00",
  "value" : "10"
},{
  "dateTime" : "02/04/14 17:00:00",
  "value" : "10"
},{
  "dateTime" : "02/04/14 18:15:00",
  "value" : "10"
},{
  "dateTime" : "02/04/14 18:35:00",
  "value" : "10"
},{
  "dateTime" : "02/04/14 19:01:00",
  "value" : "10"
},{
  "dateTime" : "02/04/14 19:02:00",
  "value" : "10"
},{
  "dateTime" : "02/04/14 19:18:00",
  "value" : "10"
},{
  "dateTime" : "02/04/14 19:19:00",
  "value" : "10"
},{
  "dateTime" : "02/04/14 19:47:00",
  "value" : "10"
},{
  "dateTime" : "02/04/14 20:45:00",
  "value" : "10"
},{
  "dateTime" : "02/04/14 23:50:00",
  "value" : "10"
},{
  "dateTime" : "02/05/14 07:31:00",
  "value" : "10"
},{
  "dateTime" : "02/05/14 08:21:00",
  "value" : "10"
},{
  "dateTime" : "02/05/14 10:01:00",
  "value" : "10"
},{
  "dateTime" : "02/05/14 10:35:00",
  "value" : "10"
},{
  "dateTime" : "02/05/14 11:13:00",
  "value" : "10"
},{
  "dateTime" : "02/05/14 12:21:00",
  "value" : "10"
},{
  "dateTime" : "02/05/14 14:01:00",
  "value" : "10"
},{
  "dateTime" : "02/05/14 14:48:00",
  "value" : "10"
},{
  "dateTime" : "02/05/14 18:02:00",
  "value" : "10"
},{
  "dateTime" : "02/05/14 18:16:00",
  "value" : "10"
},{
  "dateTime" : "02/05/14 19:38:00",
  "value" : "10"
},{
  "dateTime" : "02/05/14 19:39:00",
  "value" : "10"
},{
  "dateTime" : "02/05/14 20:28:00",
  "value" : "10"
},{
  "dateTime" : "02/05/14 21:49:00",
  "value" : "10"
},{
  "dateTime" : "02/06/14 07:34:00",
  "value" : "10"
},{
  "dateTime" : "02/06/14 08:35:00",
  "value" : "10"
},{
  "dateTime" : "02/06/14 09:03:00",
  "value" : "10"
},{
  "dateTime" : "02/06/14 09:15:00",
  "value" : "10"
},{
  "dateTime" : "02/06/14 09:55:00",
  "value" : "10"
},{
  "dateTime" : "02/06/14 09:56:00",
  "value" : "10"
},{
  "dateTime" : "02/06/14 10:33:00",
  "value" : "10"
},{
  "dateTime" : "02/06/14 10:34:00",
  "value" : "10"
},{
  "dateTime" : "02/06/14 10:35:00",
  "value" : "10"
},{
  "dateTime" : "02/06/14 10:36:00",
  "value" : "10"
},{
  "dateTime" : "02/06/14 10:49:00",
  "value" : "10"
},{
  "dateTime" : "02/06/14 10:51:00",
  "value" : "10"
},{
  "dateTime" : "02/06/14 16:06:00",
  "value" : "10"
},{
  "dateTime" : "02/06/14 18:04:00",
  "value" : "10"
},{
  "dateTime" : "02/06/14 18:36:00",
  "value" : "10"
},{
  "dateTime" : "02/06/14 19:18:00",
  "value" : "10"
},{
  "dateTime" : "02/06/14 19:19:00",
  "value" : "10"
},{
  "dateTime" : "02/06/14 19:52:00",
  "value" : "10"
},{
  "dateTime" : "02/06/14 20:47:00",
  "value" : "10"
},{
  "dateTime" : "02/07/14 05:19:00",
  "value" : "10"
},{
  "dateTime" : "02/07/14 08:03:00",
  "value" : "10"
},{
  "dateTime" : "02/07/14 09:05:00",
  "value" : "10"
},{
  "dateTime" : "02/07/14 09:06:00",
  "value" : "20"
},{
  "dateTime" : "02/07/14 09:27:00",
  "value" : "10"
},{
  "dateTime" : "02/07/14 10:51:00",
  "value" : "10"
},{
  "dateTime" : "02/07/14 14:30:00",
  "value" : "10"
},{
  "dateTime" : "02/07/14 14:37:00",
  "value" : "10"
},{
  "dateTime" : "02/07/14 15:50:00",
  "value" : "10"
},{
  "dateTime" : "02/07/14 16:14:00",
  "value" : "10"
},{
  "dateTime" : "02/07/14 16:30:00",
  "value" : "10"
},{
  "dateTime" : "02/07/14 19:51:00",
  "value" : "10"
},{
  "dateTime" : "02/07/14 21:04:00",
  "value" : "10"
},{
  "dateTime" : "02/08/14 06:19:00",
  "value" : "10"
},{
  "dateTime" : "02/08/14 10:24:00",
  "value" : "10"
},{
  "dateTime" : "02/08/14 11:07:00",
  "value" : "10"
},{
  "dateTime" : "02/08/14 12:02:00",
  "value" : "10"
},{
  "dateTime" : "02/08/14 17:19:00",
  "value" : "10"
},{
  "dateTime" : "02/08/14 17:36:00",
  "value" : "10"
},{
  "dateTime" : "02/08/14 17:37:00",
  "value" : "10"
},{
  "dateTime" : "02/08/14 17:38:00",
  "value" : "10"
},{
  "dateTime" : "02/08/14 17:52:00",
  "value" : "10"
},{
  "dateTime" : "02/08/14 19:27:00",
  "value" : "10"
},{
  "dateTime" : "02/08/14 20:55:00",
  "value" : "20"
},{
  "dateTime" : "02/08/14 21:03:00",
  "value" : "10"
},{
  "dateTime" : "02/08/14 21:05:00",
  "value" : "10"
},{
  "dateTime" : "02/08/14 21:13:00",
  "value" : "10"
},{
  "dateTime" : "02/08/14 22:15:00",
  "value" : "10"
},{
  "dateTime" : "02/08/14 22:16:00",
  "value" : "10"
},{
  "dateTime" : "02/09/14 04:31:00",
  "value" : "10"
},{
  "dateTime" : "02/09/14 09:40:00",
  "value" : "10"
},{
  "dateTime" : "02/09/14 10:39:00",
  "value" : "10"
},{
  "dateTime" : "02/09/14 11:08:00",
  "value" : "10"
},{
  "dateTime" : "02/09/14 11:38:00",
  "value" : "10"
},{
  "dateTime" : "02/09/14 11:54:00",
  "value" : "10"
},{
  "dateTime" : "02/09/14 11:55:00",
  "value" : "10"
},{
  "dateTime" : "02/09/14 12:24:00",
  "value" : "10"
},{
  "dateTime" : "02/09/14 12:49:00",
  "value" : "10"
},{
  "dateTime" : "02/09/14 12:50:00",
  "value" : "10"
},{
  "dateTime" : "02/09/14 13:01:00",
  "value" : "30"
},{
  "dateTime" : "02/09/14 13:02:00",
  "value" : "10"
},{
  "dateTime" : "02/09/14 13:17:00",
  "value" : "20"
},{
  "dateTime" : "02/09/14 13:33:00",
  "value" : "10"
},{
  "dateTime" : "02/09/14 14:19:00",
  "value" : "10"
},{
  "dateTime" : "02/09/14 15:28:00",
  "value" : "10"
},{
  "dateTime" : "02/09/14 15:37:00",
  "value" : "10"
},{
  "dateTime" : "02/09/14 16:33:00",
  "value" : "10"
},{
  "dateTime" : "02/09/14 16:34:00",
  "value" : "10"
},{
  "dateTime" : "02/09/14 16:56:00",
  "value" : "10"
},{
  "dateTime" : "02/09/14 17:04:00",
  "value" : "10"
},{
  "dateTime" : "02/09/14 17:46:00",
  "value" : "10"
},{
  "dateTime" : "02/09/14 18:01:00",
  "value" : "10"
},{
  "dateTime" : "02/09/14 18:35:00",
  "value" : "10"
},{
  "dateTime" : "02/09/14 18:36:00",
  "value" : "10"
},{
  "dateTime" : "02/09/14 18:40:00",
  "value" : "10"
},{
  "dateTime" : "02/09/14 19:45:00",
  "value" : "10"
},{
  "dateTime" : "02/09/14 19:46:00",
  "value" : "20"
},{
  "dateTime" : "02/09/14 22:41:00",
  "value" : "10"
},{
  "dateTime" : "02/10/14 01:18:00",
  "value" : "10"
},{
  "dateTime" : "02/10/14 02:30:00",
  "value" : "10"
},{
  "dateTime" : "02/10/14 08:03:00",
  "value" : "10"
},{
  "dateTime" : "02/10/14 08:55:00",
  "value" : "10"
},{
  "dateTime" : "02/10/14 08:56:00",
  "value" : "10"
},{
  "dateTime" : "02/10/14 09:12:00",
  "value" : "10"
},{
  "dateTime" : "02/10/14 10:30:00",
  "value" : "10"
},{
  "dateTime" : "02/10/14 10:31:00",
  "value" : "10"
},{
  "dateTime" : "02/10/14 11:57:00",
  "value" : "10"
},{
  "dateTime" : "02/10/14 12:37:00",
  "value" : "10"
},{
  "dateTime" : "02/10/14 12:38:00",
  "value" : "10"
},{
  "dateTime" : "02/10/14 13:44:00",
  "value" : "10"
},{
  "dateTime" : "02/10/14 13:58:00",
  "value" : "50"
},{
  "dateTime" : "02/10/14 15:44:00",
  "value" : "10"
},{
  "dateTime" : "02/10/14 15:45:00",
  "value" : "10"
},{
  "dateTime" : "02/10/14 15:46:00",
  "value" : "10"
},{
  "dateTime" : "02/10/14 17:07:00",
  "value" : "10"
},{
  "dateTime" : "02/10/14 19:53:00",
  "value" : "10"
},{
  "dateTime" : "02/10/14 19:54:00",
  "value" : "10"
},{
  "dateTime" : "02/10/14 23:30:00",
  "value" : "10"
},{
  "dateTime" : "02/11/14 08:55:00",
  "value" : "10"
},{
  "dateTime" : "02/11/14 09:03:00",
  "value" : "10"
},{
  "dateTime" : "02/11/14 09:04:00",
  "value" : "10"
},{
  "dateTime" : "02/11/14 15:19:00",
  "value" : "10"
},{
  "dateTime" : "02/11/14 16:17:00",
  "value" : "10"
},{
  "dateTime" : "02/11/14 17:14:00",
  "value" : "10"
},{
  "dateTime" : "02/11/14 20:44:00",
  "value" : "10"
},{
  "dateTime" : "02/11/14 20:49:00",
  "value" : "10"
},{
  "dateTime" : "02/11/14 22:39:00",
  "value" : "10"
},{
  "dateTime" : "02/11/14 23:19:00",
  "value" : "10"
},{
  "dateTime" : "02/12/14 08:25:00",
  "value" : "10"
},{
  "dateTime" : "02/12/14 09:23:00",
  "value" : "10"
},{
  "dateTime" : "02/12/14 12:29:00",
  "value" : "10"
},{
  "dateTime" : "02/12/14 12:30:00",
  "value" : "10"
},{
  "dateTime" : "02/12/14 13:47:00",
  "value" : "10"
},{
  "dateTime" : "02/12/14 15:23:00",
  "value" : "10"
},{
  "dateTime" : "02/12/14 15:33:00",
  "value" : "10"
},{
  "dateTime" : "02/12/14 15:34:00",
  "value" : "10"
},{
  "dateTime" : "02/12/14 15:58:00",
  "value" : "10"
},{
  "dateTime" : "02/12/14 18:51:00",
  "value" : "10"
},{
  "dateTime" : "02/12/14 20:07:00",
  "value" : "10"
},{
  "dateTime" : "02/12/14 21:03:00",
  "value" : "10"
},{
  "dateTime" : "02/12/14 21:36:00",
  "value" : "10"
},{
  "dateTime" : "02/13/14 07:19:00",
  "value" : "10"
},{
  "dateTime" : "02/13/14 08:39:00",
  "value" : "10"
},{
  "dateTime" : "02/13/14 09:57:00",
  "value" : "10"
},{
  "dateTime" : "02/13/14 14:48:00",
  "value" : "10"
},{
  "dateTime" : "02/13/14 16:13:00",
  "value" : "10"
},{
  "dateTime" : "02/13/14 17:01:00",
  "value" : "30"
},{
  "dateTime" : "02/13/14 17:02:00",
  "value" : "50"
},{
  "dateTime" : "02/13/14 17:35:00",
  "value" : "20"
},{
  "dateTime" : "02/13/14 17:36:00",
  "value" : "10"
},{
  "dateTime" : "02/13/14 17:37:00",
  "value" : "10"
},{
  "dateTime" : "02/13/14 17:38:00",
  "value" : "20"
},{
  "dateTime" : "02/13/14 17:39:00",
  "value" : "10"
},{
  "dateTime" : "02/13/14 17:55:00",
  "value" : "10"
},{
  "dateTime" : "02/13/14 17:56:00",
  "value" : "10"
},{
  "dateTime" : "02/13/14 19:49:00",
  "value" : "10"
}]