[{
  "dateTime" : "10/22/12 17:08:00",
  "value" : "10"
},{
  "dateTime" : "10/22/12 18:26:00",
  "value" : "10"
},{
  "dateTime" : "10/22/12 20:05:00",
  "value" : "10"
},{
  "dateTime" : "10/22/12 20:09:00",
  "value" : "10"
},{
  "dateTime" : "10/22/12 22:36:00",
  "value" : "10"
},{
  "dateTime" : "10/23/12 07:04:00",
  "value" : "10"
},{
  "dateTime" : "10/23/12 08:14:00",
  "value" : "10"
},{
  "dateTime" : "10/23/12 08:43:00",
  "value" : "10"
},{
  "dateTime" : "10/23/12 08:44:00",
  "value" : "50"
},{
  "dateTime" : "10/23/12 08:45:00",
  "value" : "40"
},{
  "dateTime" : "10/23/12 15:07:00",
  "value" : "10"
},{
  "dateTime" : "10/23/12 17:52:00",
  "value" : "10"
},{
  "dateTime" : "10/23/12 19:02:00",
  "value" : "10"
},{
  "dateTime" : "10/23/12 19:43:00",
  "value" : "10"
},{
  "dateTime" : "10/24/12 01:02:00",
  "value" : "10"
},{
  "dateTime" : "10/24/12 08:30:00",
  "value" : "10"
},{
  "dateTime" : "10/24/12 11:52:00",
  "value" : "10"
},{
  "dateTime" : "10/24/12 19:54:00",
  "value" : "10"
},{
  "dateTime" : "10/24/12 23:55:00",
  "value" : "10"
},{
  "dateTime" : "10/25/12 07:34:00",
  "value" : "10"
},{
  "dateTime" : "10/25/12 07:57:00",
  "value" : "10"
},{
  "dateTime" : "10/25/12 16:47:00",
  "value" : "10"
},{
  "dateTime" : "10/25/12 16:48:00",
  "value" : "10"
},{
  "dateTime" : "10/25/12 19:13:00",
  "value" : "10"
},{
  "dateTime" : "10/25/12 20:02:00",
  "value" : "10"
},{
  "dateTime" : "10/25/12 20:16:00",
  "value" : "10"
},{
  "dateTime" : "10/25/12 22:37:00",
  "value" : "10"
},{
  "dateTime" : "10/26/12 03:08:00",
  "value" : "10"
},{
  "dateTime" : "10/26/12 09:11:00",
  "value" : "10"
},{
  "dateTime" : "10/26/12 09:33:00",
  "value" : "20"
},{
  "dateTime" : "10/26/12 09:34:00",
  "value" : "40"
},{
  "dateTime" : "10/26/12 09:35:00",
  "value" : "40"
},{
  "dateTime" : "10/26/12 17:40:00",
  "value" : "10"
},{
  "dateTime" : "10/26/12 18:32:00",
  "value" : "10"
},{
  "dateTime" : "10/26/12 19:00:00",
  "value" : "10"
},{
  "dateTime" : "10/26/12 21:55:00",
  "value" : "10"
},{
  "dateTime" : "10/26/12 23:09:00",
  "value" : "10"
},{
  "dateTime" : "10/27/12 00:21:00",
  "value" : "10"
},{
  "dateTime" : "10/27/12 01:59:00",
  "value" : "10"
},{
  "dateTime" : "10/27/12 11:02:00",
  "value" : "10"
},{
  "dateTime" : "10/27/12 11:37:00",
  "value" : "10"
},{
  "dateTime" : "10/27/12 15:10:00",
  "value" : "10"
},{
  "dateTime" : "10/27/12 15:42:00",
  "value" : "10"
},{
  "dateTime" : "10/27/12 19:23:00",
  "value" : "10"
},{
  "dateTime" : "10/27/12 21:30:00",
  "value" : "10"
},{
  "dateTime" : "10/27/12 23:53:00",
  "value" : "10"
},{
  "dateTime" : "10/28/12 08:48:00",
  "value" : "10"
},{
  "dateTime" : "10/28/12 09:44:00",
  "value" : "10"
},{
  "dateTime" : "10/28/12 14:28:00",
  "value" : "10"
},{
  "dateTime" : "10/28/12 15:25:00",
  "value" : "10"
},{
  "dateTime" : "10/28/12 15:28:00",
  "value" : "10"
},{
  "dateTime" : "10/28/12 16:01:00",
  "value" : "10"
},{
  "dateTime" : "10/28/12 16:16:00",
  "value" : "10"
},{
  "dateTime" : "10/28/12 16:29:00",
  "value" : "10"
},{
  "dateTime" : "10/28/12 16:34:00",
  "value" : "10"
},{
  "dateTime" : "10/28/12 16:47:00",
  "value" : "10"
},{
  "dateTime" : "10/28/12 17:06:00",
  "value" : "10"
},{
  "dateTime" : "10/28/12 20:00:00",
  "value" : "10"
},{
  "dateTime" : "10/28/12 20:54:00",
  "value" : "10"
},{
  "dateTime" : "10/28/12 21:47:00",
  "value" : "10"
},{
  "dateTime" : "10/29/12 07:06:00",
  "value" : "10"
},{
  "dateTime" : "10/29/12 07:59:00",
  "value" : "10"
},{
  "dateTime" : "10/29/12 08:16:00",
  "value" : "10"
},{
  "dateTime" : "10/29/12 08:37:00",
  "value" : "10"
},{
  "dateTime" : "10/29/12 18:55:00",
  "value" : "10"
},{
  "dateTime" : "10/29/12 19:10:00",
  "value" : "10"
},{
  "dateTime" : "10/29/12 19:14:00",
  "value" : "10"
},{
  "dateTime" : "10/29/12 20:09:00",
  "value" : "10"
},{
  "dateTime" : "10/29/12 20:28:00",
  "value" : "10"
},{
  "dateTime" : "10/29/12 23:21:00",
  "value" : "10"
},{
  "dateTime" : "10/30/12 08:31:00",
  "value" : "10"
},{
  "dateTime" : "10/30/12 08:47:00",
  "value" : "10"
},{
  "dateTime" : "10/30/12 09:28:00",
  "value" : "20"
},{
  "dateTime" : "10/30/12 09:29:00",
  "value" : "40"
},{
  "dateTime" : "10/30/12 09:30:00",
  "value" : "40"
},{
  "dateTime" : "10/30/12 09:31:00",
  "value" : "20"
},{
  "dateTime" : "10/30/12 09:36:00",
  "value" : "10"
},{
  "dateTime" : "10/30/12 12:46:00",
  "value" : "10"
},{
  "dateTime" : "10/30/12 13:57:00",
  "value" : "10"
},{
  "dateTime" : "10/30/12 13:58:00",
  "value" : "20"
},{
  "dateTime" : "10/30/12 13:59:00",
  "value" : "10"
},{
  "dateTime" : "10/30/12 14:08:00",
  "value" : "10"
},{
  "dateTime" : "10/30/12 14:20:00",
  "value" : "10"
},{
  "dateTime" : "10/30/12 14:34:00",
  "value" : "10"
},{
  "dateTime" : "10/30/12 14:42:00",
  "value" : "10"
},{
  "dateTime" : "10/30/12 15:00:00",
  "value" : "30"
},{
  "dateTime" : "10/30/12 15:01:00",
  "value" : "40"
},{
  "dateTime" : "10/30/12 15:02:00",
  "value" : "50"
},{
  "dateTime" : "10/30/12 18:30:00",
  "value" : "10"
},{
  "dateTime" : "10/30/12 20:01:00",
  "value" : "10"
},{
  "dateTime" : "10/30/12 22:51:00",
  "value" : "10"
},{
  "dateTime" : "10/30/12 23:51:00",
  "value" : "10"
},{
  "dateTime" : "10/31/12 00:32:00",
  "value" : "10"
},{
  "dateTime" : "10/31/12 00:47:00",
  "value" : "10"
},{
  "dateTime" : "10/31/12 08:09:00",
  "value" : "10"
},{
  "dateTime" : "10/31/12 08:39:00",
  "value" : "10"
},{
  "dateTime" : "10/31/12 17:58:00",
  "value" : "10"
},{
  "dateTime" : "10/31/12 19:28:00",
  "value" : "10"
},{
  "dateTime" : "10/31/12 19:33:00",
  "value" : "10"
},{
  "dateTime" : "10/31/12 19:39:00",
  "value" : "10"
},{
  "dateTime" : "10/31/12 20:44:00",
  "value" : "10"
},{
  "dateTime" : "11/01/12 08:25:00",
  "value" : "10"
},{
  "dateTime" : "11/01/12 08:36:00",
  "value" : "10"
},{
  "dateTime" : "11/01/12 08:48:00",
  "value" : "10"
},{
  "dateTime" : "11/01/12 09:11:00",
  "value" : "10"
},{
  "dateTime" : "11/01/12 09:12:00",
  "value" : "50"
},{
  "dateTime" : "11/01/12 09:13:00",
  "value" : "30"
},{
  "dateTime" : "11/01/12 09:14:00",
  "value" : "10"
},{
  "dateTime" : "11/01/12 14:28:00",
  "value" : "10"
},{
  "dateTime" : "11/01/12 15:42:00",
  "value" : "30"
},{
  "dateTime" : "11/01/12 15:43:00",
  "value" : "40"
},{
  "dateTime" : "11/01/12 15:44:00",
  "value" : "40"
},{
  "dateTime" : "11/01/12 19:06:00",
  "value" : "10"
},{
  "dateTime" : "11/01/12 20:04:00",
  "value" : "10"
},{
  "dateTime" : "11/01/12 21:39:00",
  "value" : "10"
},{
  "dateTime" : "11/01/12 23:33:00",
  "value" : "10"
},{
  "dateTime" : "11/02/12 00:10:00",
  "value" : "10"
},{
  "dateTime" : "11/02/12 07:54:00",
  "value" : "10"
},{
  "dateTime" : "11/02/12 14:18:00",
  "value" : "10"
},{
  "dateTime" : "11/02/12 17:29:00",
  "value" : "10"
},{
  "dateTime" : "11/02/12 19:13:00",
  "value" : "10"
},{
  "dateTime" : "11/02/12 19:49:00",
  "value" : "10"
},{
  "dateTime" : "11/02/12 20:46:00",
  "value" : "10"
},{
  "dateTime" : "11/03/12 01:02:00",
  "value" : "10"
},{
  "dateTime" : "11/03/12 04:01:00",
  "value" : "10"
},{
  "dateTime" : "11/03/12 09:22:00",
  "value" : "10"
},{
  "dateTime" : "11/03/12 10:08:00",
  "value" : "10"
},{
  "dateTime" : "11/03/12 10:15:00",
  "value" : "10"
},{
  "dateTime" : "11/03/12 10:45:00",
  "value" : "10"
},{
  "dateTime" : "11/03/12 11:38:00",
  "value" : "10"
},{
  "dateTime" : "11/03/12 12:40:00",
  "value" : "10"
},{
  "dateTime" : "11/03/12 17:30:00",
  "value" : "10"
},{
  "dateTime" : "11/03/12 19:16:00",
  "value" : "10"
},{
  "dateTime" : "11/03/12 20:48:00",
  "value" : "10"
},{
  "dateTime" : "11/03/12 21:15:00",
  "value" : "10"
},{
  "dateTime" : "11/03/12 23:04:00",
  "value" : "10"
},{
  "dateTime" : "11/04/12 01:39:00",
  "value" : "10"
},{
  "dateTime" : "11/04/12 06:30:00",
  "value" : "10"
},{
  "dateTime" : "11/04/12 11:06:00",
  "value" : "10"
},{
  "dateTime" : "11/04/12 12:06:00",
  "value" : "10"
},{
  "dateTime" : "11/04/12 13:09:00",
  "value" : "10"
},{
  "dateTime" : "11/04/12 13:23:00",
  "value" : "10"
},{
  "dateTime" : "11/04/12 13:38:00",
  "value" : "10"
},{
  "dateTime" : "11/04/12 13:58:00",
  "value" : "10"
},{
  "dateTime" : "11/04/12 14:51:00",
  "value" : "10"
},{
  "dateTime" : "11/04/12 16:46:00",
  "value" : "10"
},{
  "dateTime" : "11/04/12 17:44:00",
  "value" : "10"
},{
  "dateTime" : "11/04/12 20:43:00",
  "value" : "10"
},{
  "dateTime" : "11/04/12 22:56:00",
  "value" : "10"
},{
  "dateTime" : "11/05/12 08:16:00",
  "value" : "10"
},{
  "dateTime" : "11/05/12 08:25:00",
  "value" : "10"
},{
  "dateTime" : "11/05/12 09:24:00",
  "value" : "30"
},{
  "dateTime" : "11/05/12 09:25:00",
  "value" : "40"
},{
  "dateTime" : "11/05/12 09:26:00",
  "value" : "40"
},{
  "dateTime" : "11/05/12 14:23:00",
  "value" : "10"
},{
  "dateTime" : "11/05/12 15:54:00",
  "value" : "40"
},{
  "dateTime" : "11/05/12 15:55:00",
  "value" : "40"
},{
  "dateTime" : "11/05/12 15:56:00",
  "value" : "20"
},{
  "dateTime" : "11/05/12 19:07:00",
  "value" : "10"
},{
  "dateTime" : "11/05/12 19:08:00",
  "value" : "10"
},{
  "dateTime" : "11/05/12 20:02:00",
  "value" : "10"
},{
  "dateTime" : "11/05/12 20:08:00",
  "value" : "10"
},{
  "dateTime" : "11/05/12 23:14:00",
  "value" : "10"
},{
  "dateTime" : "11/06/12 08:31:00",
  "value" : "10"
},{
  "dateTime" : "11/06/12 09:40:00",
  "value" : "10"
},{
  "dateTime" : "11/06/12 09:41:00",
  "value" : "40"
},{
  "dateTime" : "11/06/12 09:42:00",
  "value" : "40"
},{
  "dateTime" : "11/06/12 09:43:00",
  "value" : "20"
},{
  "dateTime" : "11/06/12 18:04:00",
  "value" : "10"
},{
  "dateTime" : "11/06/12 19:10:00",
  "value" : "10"
},{
  "dateTime" : "11/06/12 19:37:00",
  "value" : "10"
},{
  "dateTime" : "11/06/12 21:53:00",
  "value" : "10"
},{
  "dateTime" : "11/06/12 23:34:00",
  "value" : "10"
},{
  "dateTime" : "11/07/12 07:30:00",
  "value" : "10"
},{
  "dateTime" : "11/07/12 08:09:00",
  "value" : "20"
},{
  "dateTime" : "11/07/12 08:48:00",
  "value" : "10"
},{
  "dateTime" : "11/07/12 09:23:00",
  "value" : "20"
},{
  "dateTime" : "11/07/12 09:24:00",
  "value" : "40"
},{
  "dateTime" : "11/07/12 09:25:00",
  "value" : "40"
},{
  "dateTime" : "11/07/12 09:26:00",
  "value" : "10"
},{
  "dateTime" : "11/07/12 12:43:00",
  "value" : "10"
},{
  "dateTime" : "11/07/12 15:25:00",
  "value" : "10"
},{
  "dateTime" : "11/07/12 19:37:00",
  "value" : "10"
},{
  "dateTime" : "11/07/12 19:49:00",
  "value" : "10"
},{
  "dateTime" : "11/07/12 19:57:00",
  "value" : "10"
},{
  "dateTime" : "11/07/12 20:18:00",
  "value" : "10"
},{
  "dateTime" : "11/07/12 20:36:00",
  "value" : "10"
},{
  "dateTime" : "11/07/12 23:15:00",
  "value" : "10"
},{
  "dateTime" : "11/08/12 08:46:00",
  "value" : "10"
},{
  "dateTime" : "11/08/12 14:35:00",
  "value" : "10"
},{
  "dateTime" : "11/08/12 18:58:00",
  "value" : "10"
},{
  "dateTime" : "11/08/12 19:32:00",
  "value" : "10"
},{
  "dateTime" : "11/08/12 20:00:00",
  "value" : "10"
},{
  "dateTime" : "11/08/12 20:02:00",
  "value" : "10"
},{
  "dateTime" : "11/08/12 20:32:00",
  "value" : "10"
},{
  "dateTime" : "11/08/12 21:22:00",
  "value" : "10"
},{
  "dateTime" : "11/09/12 07:33:00",
  "value" : "10"
},{
  "dateTime" : "11/09/12 12:33:00",
  "value" : "10"
},{
  "dateTime" : "11/09/12 17:58:00",
  "value" : "10"
},{
  "dateTime" : "11/09/12 19:58:00",
  "value" : "10"
},{
  "dateTime" : "11/09/12 20:56:00",
  "value" : "10"
},{
  "dateTime" : "11/09/12 23:50:00",
  "value" : "10"
},{
  "dateTime" : "11/10/12 10:23:00",
  "value" : "10"
},{
  "dateTime" : "11/10/12 12:27:00",
  "value" : "10"
},{
  "dateTime" : "11/10/12 13:35:00",
  "value" : "10"
},{
  "dateTime" : "11/10/12 15:24:00",
  "value" : "10"
},{
  "dateTime" : "11/10/12 20:05:00",
  "value" : "10"
},{
  "dateTime" : "11/10/12 22:24:00",
  "value" : "10"
},{
  "dateTime" : "11/10/12 22:52:00",
  "value" : "10"
},{
  "dateTime" : "11/10/12 22:55:00",
  "value" : "10"
},{
  "dateTime" : "11/11/12 00:23:00",
  "value" : "10"
},{
  "dateTime" : "11/11/12 10:05:00",
  "value" : "10"
},{
  "dateTime" : "11/11/12 11:11:00",
  "value" : "10"
},{
  "dateTime" : "11/11/12 11:12:00",
  "value" : "10"
},{
  "dateTime" : "11/11/12 12:30:00",
  "value" : "10"
},{
  "dateTime" : "11/11/12 12:46:00",
  "value" : "10"
},{
  "dateTime" : "11/11/12 13:58:00",
  "value" : "10"
},{
  "dateTime" : "11/11/12 14:23:00",
  "value" : "10"
},{
  "dateTime" : "11/11/12 14:25:00",
  "value" : "10"
},{
  "dateTime" : "11/11/12 15:30:00",
  "value" : "10"
},{
  "dateTime" : "11/11/12 16:56:00",
  "value" : "10"
},{
  "dateTime" : "11/11/12 18:07:00",
  "value" : "10"
},{
  "dateTime" : "11/11/12 19:10:00",
  "value" : "10"
},{
  "dateTime" : "11/11/12 21:13:00",
  "value" : "10"
},{
  "dateTime" : "11/11/12 23:33:00",
  "value" : "10"
},{
  "dateTime" : "11/11/12 23:56:00",
  "value" : "10"
},{
  "dateTime" : "11/12/12 08:34:00",
  "value" : "10"
},{
  "dateTime" : "11/12/12 09:09:00",
  "value" : "10"
},{
  "dateTime" : "11/12/12 15:56:00",
  "value" : "10"
},{
  "dateTime" : "11/12/12 18:03:00",
  "value" : "10"
},{
  "dateTime" : "11/12/12 18:29:00",
  "value" : "10"
},{
  "dateTime" : "11/12/12 19:57:00",
  "value" : "10"
},{
  "dateTime" : "11/13/12 07:40:00",
  "value" : "10"
},{
  "dateTime" : "11/13/12 08:07:00",
  "value" : "10"
},{
  "dateTime" : "11/13/12 08:38:00",
  "value" : "10"
},{
  "dateTime" : "11/13/12 08:47:00",
  "value" : "10"
},{
  "dateTime" : "11/13/12 09:24:00",
  "value" : "40"
},{
  "dateTime" : "11/13/12 09:25:00",
  "value" : "40"
},{
  "dateTime" : "11/13/12 09:26:00",
  "value" : "30"
},{
  "dateTime" : "11/13/12 17:24:00",
  "value" : "10"
},{
  "dateTime" : "11/13/12 17:59:00",
  "value" : "10"
},{
  "dateTime" : "11/13/12 19:59:00",
  "value" : "10"
},{
  "dateTime" : "11/13/12 21:40:00",
  "value" : "10"
},{
  "dateTime" : "11/14/12 00:16:00",
  "value" : "10"
},{
  "dateTime" : "11/14/12 09:17:00",
  "value" : "10"
},{
  "dateTime" : "11/14/12 18:07:00",
  "value" : "10"
},{
  "dateTime" : "11/14/12 18:28:00",
  "value" : "10"
},{
  "dateTime" : "11/14/12 19:12:00",
  "value" : "10"
},{
  "dateTime" : "11/14/12 19:37:00",
  "value" : "10"
},{
  "dateTime" : "11/14/12 19:40:00",
  "value" : "10"
},{
  "dateTime" : "11/14/12 20:30:00",
  "value" : "10"
},{
  "dateTime" : "11/14/12 22:36:00",
  "value" : "10"
},{
  "dateTime" : "11/14/12 23:37:00",
  "value" : "10"
},{
  "dateTime" : "11/15/12 08:19:00",
  "value" : "10"
},{
  "dateTime" : "11/15/12 08:30:00",
  "value" : "10"
},{
  "dateTime" : "11/15/12 08:47:00",
  "value" : "10"
},{
  "dateTime" : "11/15/12 08:55:00",
  "value" : "20"
},{
  "dateTime" : "11/15/12 11:41:00",
  "value" : "50"
},{
  "dateTime" : "11/15/12 11:42:00",
  "value" : "50"
},{
  "dateTime" : "11/15/12 11:43:00",
  "value" : "10"
},{
  "dateTime" : "11/15/12 14:10:00",
  "value" : "10"
},{
  "dateTime" : "11/15/12 19:33:00",
  "value" : "10"
},{
  "dateTime" : "11/15/12 21:20:00",
  "value" : "10"
},{
  "dateTime" : "11/15/12 22:45:00",
  "value" : "10"
},{
  "dateTime" : "11/15/12 22:55:00",
  "value" : "10"
},{
  "dateTime" : "11/15/12 23:12:00",
  "value" : "10"
},{
  "dateTime" : "11/16/12 07:23:00",
  "value" : "10"
},{
  "dateTime" : "11/16/12 08:11:00",
  "value" : "10"
},{
  "dateTime" : "11/16/12 08:49:00",
  "value" : "10"
},{
  "dateTime" : "11/16/12 08:59:00",
  "value" : "10"
},{
  "dateTime" : "11/16/12 09:07:00",
  "value" : "10"
},{
  "dateTime" : "11/16/12 14:55:00",
  "value" : "10"
},{
  "dateTime" : "11/16/12 17:48:00",
  "value" : "20"
},{
  "dateTime" : "11/16/12 19:03:00",
  "value" : "10"
},{
  "dateTime" : "11/17/12 01:33:00",
  "value" : "10"
},{
  "dateTime" : "11/17/12 10:15:00",
  "value" : "10"
},{
  "dateTime" : "11/17/12 10:41:00",
  "value" : "10"
},{
  "dateTime" : "11/17/12 10:55:00",
  "value" : "10"
},{
  "dateTime" : "11/17/12 11:59:00",
  "value" : "10"
},{
  "dateTime" : "11/17/12 21:06:00",
  "value" : "10"
},{
  "dateTime" : "11/17/12 21:11:00",
  "value" : "10"
},{
  "dateTime" : "11/17/12 21:12:00",
  "value" : "10"
},{
  "dateTime" : "11/17/12 21:30:00",
  "value" : "10"
},{
  "dateTime" : "11/17/12 23:50:00",
  "value" : "10"
},{
  "dateTime" : "11/18/12 07:57:00",
  "value" : "10"
},{
  "dateTime" : "11/18/12 09:03:00",
  "value" : "10"
},{
  "dateTime" : "11/18/12 10:35:00",
  "value" : "10"
},{
  "dateTime" : "11/18/12 12:04:00",
  "value" : "10"
},{
  "dateTime" : "11/18/12 15:10:00",
  "value" : "10"
},{
  "dateTime" : "11/18/12 16:54:00",
  "value" : "10"
},{
  "dateTime" : "11/18/12 20:17:00",
  "value" : "10"
},{
  "dateTime" : "11/18/12 20:23:00",
  "value" : "10"
},{
  "dateTime" : "11/18/12 20:42:00",
  "value" : "10"
},{
  "dateTime" : "11/18/12 21:54:00",
  "value" : "10"
},{
  "dateTime" : "11/18/12 22:45:00",
  "value" : "10"
},{
  "dateTime" : "11/19/12 08:50:00",
  "value" : "10"
},{
  "dateTime" : "11/19/12 09:03:00",
  "value" : "10"
},{
  "dateTime" : "11/19/12 09:39:00",
  "value" : "40"
},{
  "dateTime" : "11/19/12 09:40:00",
  "value" : "40"
},{
  "dateTime" : "11/19/12 09:41:00",
  "value" : "30"
},{
  "dateTime" : "11/19/12 12:26:00",
  "value" : "40"
},{
  "dateTime" : "11/19/12 12:27:00",
  "value" : "40"
},{
  "dateTime" : "11/19/12 12:28:00",
  "value" : "30"
},{
  "dateTime" : "11/19/12 16:22:00",
  "value" : "30"
},{
  "dateTime" : "11/19/12 16:23:00",
  "value" : "30"
},{
  "dateTime" : "11/19/12 16:24:00",
  "value" : "50"
},{
  "dateTime" : "11/19/12 18:39:00",
  "value" : "10"
},{
  "dateTime" : "11/19/12 19:36:00",
  "value" : "10"
},{
  "dateTime" : "11/19/12 19:44:00",
  "value" : "10"
},{
  "dateTime" : "11/19/12 19:48:00",
  "value" : "10"
},{
  "dateTime" : "11/19/12 23:38:00",
  "value" : "10"
},{
  "dateTime" : "11/20/12 08:32:00",
  "value" : "10"
},{
  "dateTime" : "11/20/12 08:45:00",
  "value" : "10"
},{
  "dateTime" : "11/20/12 08:48:00",
  "value" : "10"
},{
  "dateTime" : "11/20/12 09:25:00",
  "value" : "10"
},{
  "dateTime" : "11/20/12 09:26:00",
  "value" : "60"
},{
  "dateTime" : "11/20/12 09:27:00",
  "value" : "40"
},{
  "dateTime" : "11/20/12 12:42:00",
  "value" : "30"
},{
  "dateTime" : "11/20/12 12:43:00",
  "value" : "50"
},{
  "dateTime" : "11/20/12 12:44:00",
  "value" : "20"
},{
  "dateTime" : "11/20/12 19:04:00",
  "value" : "10"
},{
  "dateTime" : "11/20/12 19:51:00",
  "value" : "10"
},{
  "dateTime" : "11/20/12 20:10:00",
  "value" : "10"
},{
  "dateTime" : "11/20/12 20:31:00",
  "value" : "10"
},{
  "dateTime" : "11/20/12 21:12:00",
  "value" : "10"
},{
  "dateTime" : "11/20/12 22:07:00",
  "value" : "10"
},{
  "dateTime" : "11/20/12 23:33:00",
  "value" : "10"
}]