[{
  "encodedId" : "228TM5",
  "badgeType" : "DAILY_STEPS",
  "value" : 30000,
  "timesAchieved" : 1,
  "dateTime" : "2010-05-08",
  "name" : "Trail Shoe (30,000 steps in a day)",
  "shortName" : "Trail Shoe",
  "earnedMessage" : "Congrats on earning your first Trail Shoe badge!",
  "description" : "30,000 steps in a day",
  "category" : "Daily Steps",
  "shareText" : "I took 30,000 steps and earned the Trail Shoe badge! #Fitbit"
},{
  "encodedId" : "228TLX",
  "badgeType" : "DAILY_STEPS",
  "value" : 25000,
  "timesAchieved" : 8,
  "dateTime" : "2018-09-11",
  "name" : "Classics (25,000 steps in a day)",
  "shortName" : "Classics",
  "earnedMessage" : "Congrats on earning your first Classics badge!",
  "description" : "25,000 steps in a day",
  "category" : "Daily Steps",
  "shareText" : "I took 25,000 steps and earned the Classics badge! #Fitbit"
},{
  "encodedId" : "228TPP",
  "badgeType" : "DAILY_STEPS",
  "value" : 20000,
  "timesAchieved" : 76,
  "dateTime" : "2019-02-06",
  "name" : "High Tops (20,000 steps in a day)",
  "shortName" : "High Tops",
  "earnedMessage" : "Congrats on earning your first High Tops badge!",
  "description" : "20,000 steps in a day",
  "category" : "Daily Steps",
  "shareText" : "I took 20,000 steps and earned the High Tops badge! #Fitbit"
},{
  "encodedId" : "228TMK",
  "badgeType" : "DAILY_STEPS",
  "value" : 15000,
  "timesAchieved" : 417,
  "dateTime" : "2019-05-18",
  "name" : "Urban Boot (15,000 steps in a day)",
  "shortName" : "Urban Boot",
  "earnedMessage" : "Congrats on earning your first Urban Boot badge!",
  "description" : "15,000 steps in a day",
  "category" : "Daily Steps",
  "shareText" : "I took 15,000 steps and earned the Urban Boot badge! #Fitbit"
},{
  "encodedId" : "228TQB",
  "badgeType" : "DAILY_STEPS",
  "value" : 10000,
  "timesAchieved" : 1100,
  "dateTime" : "2019-05-21",
  "name" : "Sneakers (10,000 steps in a day)",
  "shortName" : "Sneakers",
  "earnedMessage" : "Congrats on earning your first Sneakers badge!",
  "description" : "10,000 steps in a day",
  "category" : "Daily Steps",
  "shareText" : "I took 10,000 steps and earned the Sneakers badge! #Fitbit"
},{
  "encodedId" : "228TQ4",
  "badgeType" : "DAILY_STEPS",
  "value" : 5000,
  "timesAchieved" : 2467,
  "dateTime" : "2019-05-22",
  "name" : "Boat Shoe (5,000 steps in a day)",
  "shortName" : "Boat Shoe",
  "earnedMessage" : "Congrats on earning your first Boat Shoe badge!",
  "description" : "5,000 steps in a day",
  "category" : "Daily Steps",
  "shareText" : "I took 5,000 steps and earned the Boat Shoe badge! #Fitbit"
},{
  "encodedId" : "228TT7",
  "badgeType" : "DAILY_FLOORS",
  "value" : 50,
  "timesAchieved" : 2,
  "dateTime" : "2016-09-04",
  "name" : "Lighthouse (50 floors in a day)",
  "shortName" : "Lighthouse",
  "earnedMessage" : "Congrats on earning your first Lighthouse badge!",
  "description" : "50 floors in a day",
  "category" : "Daily Climb",
  "shareText" : "I climbed 50 flights of stairs and earned the Lighthouse badge! #Fitbit"
},{
  "encodedId" : "228TSZ",
  "badgeType" : "DAILY_FLOORS",
  "value" : 25,
  "timesAchieved" : 161,
  "dateTime" : "2016-11-10",
  "name" : "Redwood Forest (25 floors in a day)",
  "shortName" : "Redwood Forest",
  "earnedMessage" : "Congrats on earning your first Redwood Forest badge!",
  "description" : "25 floors in a day",
  "category" : "Daily Climb",
  "shareText" : "I climbed 25 flights of stairs and earned the Redwood Forest badge! #Fitbit"
},{
  "encodedId" : "228TTM",
  "badgeType" : "DAILY_FLOORS",
  "value" : 10,
  "timesAchieved" : 1171,
  "dateTime" : "2016-11-28",
  "name" : "Happy Hill (10 floors in a day)",
  "shortName" : "Happy Hill",
  "earnedMessage" : "Congrats on earning your first Happy Hill badge!",
  "description" : "10 floors in a day",
  "category" : "Daily Climb",
  "shareText" : "I climbed 10 flights of stairs and earned the Happy Hill badge! #Fitbit"
},{
  "encodedId" : "22B8L5",
  "badgeType" : "LIFETIME_DISTANCE",
  "value" : 12430,
  "unit" : "MILES",
  "timesAchieved" : 1,
  "dateTime" : "2018-03-26",
  "name" : "Pole to Pole (12,430 lifetime miles)",
  "shortName" : "Pole to Pole",
  "earnedMessage" : "Whoa! You've earned the Pole to Pole badge!",
  "description" : "12,430 lifetime miles",
  "category" : "Lifetime Distance",
  "shareText" : "I covered 12,430 miles with my #Fitbit and earned the Pole to Pole badge."
},{
  "encodedId" : "22B8LR",
  "badgeType" : "LIFETIME_DISTANCE",
  "value" : 7900,
  "unit" : "MILES",
  "timesAchieved" : 1,
  "dateTime" : "2015-03-05",
  "name" : "Earth (7,900 lifetime miles)",
  "shortName" : "Earth",
  "earnedMessage" : "Whoa! You've earned the Earth badge!",
  "description" : "7,900 lifetime miles",
  "category" : "Lifetime Distance",
  "shareText" : "I covered 7,900 miles with my #Fitbit and earned the Earth badge."
},{
  "encodedId" : "22B8LQ",
  "badgeType" : "LIFETIME_DISTANCE",
  "value" : 5772,
  "unit" : "MILES",
  "timesAchieved" : 1,
  "dateTime" : "2013-10-20",
  "name" : "Russian Railway (5,772 lifetime miles)",
  "shortName" : "Russian Railway",
  "earnedMessage" : "Whoa! You've earned the Russian Railway badge!",
  "description" : "5,772 lifetime miles",
  "category" : "Lifetime Distance",
  "shareText" : "I covered 5,772 miles with my #Fitbit and earned the Russian Railway badge."
},{
  "encodedId" : "22B8MN",
  "badgeType" : "LIFETIME_DISTANCE",
  "value" : 5500,
  "unit" : "MILES",
  "timesAchieved" : 1,
  "dateTime" : "2013-08-14",
  "name" : "Great Wall (5,500 lifetime miles)",
  "shortName" : "Great Wall",
  "earnedMessage" : "Whoa! You've earned the Great Wall badge!",
  "description" : "5,500 lifetime miles",
  "category" : "Lifetime Distance",
  "shareText" : "I covered 5,500 miles with my #Fitbit and earned the Great Wall badge."
},{
  "encodedId" : "23B3XB",
  "badgeType" : "LIFETIME_DISTANCE",
  "value" : 5000,
  "unit" : "MILES",
  "timesAchieved" : 1,
  "dateTime" : "2013-04-14",
  "name" : "Africa (5,000 lifetime miles)",
  "shortName" : "Africa",
  "earnedMessage" : "Whoa! You've earned the Africa badge!",
  "description" : "5,000 lifetime miles",
  "category" : "Lifetime Distance",
  "shareText" : "I covered 5,000 miles with my #Fitbit and earned the Africa badge."
},{
  "encodedId" : "22B8MQ",
  "badgeType" : "LIFETIME_DISTANCE",
  "value" : 4132,
  "unit" : "MILES",
  "timesAchieved" : 1,
  "dateTime" : "2012-07-19",
  "name" : "Nile (4,132 lifetime miles)",
  "shortName" : "Nile",
  "earnedMessage" : "Whoa! You've earned the Nile badge!",
  "description" : "4,132 lifetime miles",
  "category" : "Lifetime Distance",
  "shareText" : "I covered 4,132 miles with my #Fitbit and earned the Nile badge."
},{
  "encodedId" : "22B8MP",
  "badgeType" : "LIFETIME_DISTANCE",
  "value" : 2983,
  "unit" : "MILES",
  "timesAchieved" : 1,
  "dateTime" : "2011-11-13",
  "name" : "Sahara (2,983 lifetime miles)",
  "shortName" : "Sahara",
  "earnedMessage" : "Whoa! You've earned the Sahara badge!",
  "description" : "2,983 lifetime miles",
  "category" : "Lifetime Distance",
  "shareText" : "I covered 2,983 miles with my #Fitbit and earned the Sahara badge."
},{
  "encodedId" : "22B8MJ",
  "badgeType" : "LIFETIME_DISTANCE",
  "value" : 2500,
  "unit" : "MILES",
  "timesAchieved" : 1,
  "dateTime" : "2011-08-13",
  "name" : "Monarch Migration (2,500 lifetime miles)",
  "shortName" : "Monarch Migration",
  "earnedMessage" : "Whoa! You've earned the Monarch Migration badge!",
  "description" : "2,500 lifetime miles",
  "category" : "Lifetime Distance",
  "shareText" : "I covered 2,500 miles with my #Fitbit and earned the Monarch Migration badge."
},{
  "encodedId" : "22B8MH",
  "badgeType" : "LIFETIME_DISTANCE",
  "value" : 1997,
  "unit" : "MILES",
  "timesAchieved" : 1,
  "dateTime" : "2011-05-09",
  "name" : "India (1,997 lifetime miles)",
  "shortName" : "India",
  "earnedMessage" : "Whoa! You've earned the India badge!",
  "description" : "1,997 lifetime miles",
  "category" : "Lifetime Distance",
  "shareText" : "I covered 1,997 miles with my #Fitbit and earned the India badge."
},{
  "encodedId" : "22B8ML",
  "badgeType" : "LIFETIME_DISTANCE",
  "value" : 1869,
  "unit" : "MILES",
  "timesAchieved" : 1,
  "dateTime" : "2011-04-19",
  "name" : "Japan (1,869 lifetime miles)",
  "shortName" : "Japan",
  "earnedMessage" : "Whoa! You've earned the Japan badge!",
  "description" : "1,869 lifetime miles",
  "category" : "Lifetime Distance",
  "shareText" : "I covered 1,869 miles with my #Fitbit and earned the Japan badge."
},{
  "encodedId" : "22B8MK",
  "badgeType" : "LIFETIME_DISTANCE",
  "value" : 1600,
  "unit" : "MILES",
  "timesAchieved" : 1,
  "dateTime" : "2011-02-25",
  "name" : "Great Barrier Reef (1,600 lifetime miles)",
  "shortName" : "Great Barrier Reef",
  "earnedMessage" : "Whoa! You've earned the Great Barrier Reef badge!",
  "description" : "1,600 lifetime miles",
  "category" : "Lifetime Distance",
  "shareText" : "I covered 1,600 miles with my #Fitbit and earned the Great Barrier Reef badge."
},{
  "encodedId" : "22B8MD",
  "badgeType" : "LIFETIME_DISTANCE",
  "value" : 990,
  "unit" : "MILES",
  "timesAchieved" : 1,
  "dateTime" : "2010-09-15",
  "name" : "New Zealand (990 lifetime miles)",
  "shortName" : "New Zealand",
  "earnedMessage" : "Whoa! You've earned the New Zealand badge!",
  "description" : "990 lifetime miles",
  "category" : "Lifetime Distance",
  "shareText" : "I covered 990 miles with my #Fitbit and earned the New Zealand badge."
},{
  "encodedId" : "22B8MC",
  "badgeType" : "LIFETIME_DISTANCE",
  "value" : 736,
  "unit" : "MILES",
  "timesAchieved" : 1,
  "dateTime" : "2010-07-28",
  "name" : "Italy (736 lifetime miles)",
  "shortName" : "Italy",
  "earnedMessage" : "Whoa! You've earned the Italy badge!",
  "description" : "736 lifetime miles",
  "category" : "Lifetime Distance",
  "shareText" : "I covered 736 miles with my #Fitbit and earned the Italy badge."
},{
  "encodedId" : "22B8MG",
  "badgeType" : "LIFETIME_DISTANCE",
  "value" : 500,
  "unit" : "MILES",
  "timesAchieved" : 1,
  "dateTime" : "2010-06-14",
  "name" : "Serengeti (500 lifetime miles)",
  "shortName" : "Serengeti",
  "earnedMessage" : "Whoa! You've earned the Serengeti badge!",
  "description" : "500 lifetime miles",
  "category" : "Lifetime Distance",
  "shareText" : "I covered 500 miles with my #Fitbit and earned the Serengeti badge."
},{
  "encodedId" : "22B8M8",
  "badgeType" : "LIFETIME_DISTANCE",
  "value" : 250,
  "unit" : "MILES",
  "timesAchieved" : 1,
  "dateTime" : "2010-05-07",
  "name" : "London Underground (250 lifetime miles)",
  "shortName" : "London Underground",
  "earnedMessage" : "Whoa! You've earned the London Underground badge!",
  "description" : "250 lifetime miles",
  "category" : "Lifetime Distance",
  "shareText" : "I covered 250 miles with my #Fitbit and earned the London Underground badge."
},{
  "encodedId" : "22B8M7",
  "badgeType" : "LIFETIME_DISTANCE",
  "value" : 70,
  "unit" : "MILES",
  "timesAchieved" : 1,
  "dateTime" : "2010-02-18",
  "name" : "Penguin March (70 lifetime miles)",
  "shortName" : "Penguin March",
  "earnedMessage" : "Whoa! You've earned the Penguin March badge!",
  "description" : "70 lifetime miles",
  "category" : "Lifetime Distance",
  "shareText" : "I covered 70 miles with my #Fitbit and earned the Penguin March badge."
},{
  "encodedId" : "22B8MB",
  "badgeType" : "LIFETIME_DISTANCE",
  "value" : 26,
  "unit" : "MILES",
  "timesAchieved" : 1,
  "dateTime" : "2010-02-09",
  "name" : "Marathon (26 lifetime miles)",
  "shortName" : "Marathon",
  "earnedMessage" : "Whoa! You've earned the Marathon badge!",
  "description" : "26 lifetime miles",
  "category" : "Lifetime Distance",
  "shareText" : "I covered 26 miles with my #Fitbit and earned the Marathon badge."
},{
  "encodedId" : "228TJQ",
  "badgeType" : "LIFETIME_FLOORS",
  "value" : 20000,
  "timesAchieved" : 1,
  "dateTime" : "2016-02-02",
  "name" : "Shooting Star (20,000 lifetime floors)",
  "shortName" : "Shooting Star",
  "earnedMessage" : "Yipee! You've earned the Shooting Star badge!",
  "description" : "20,000 lifetime floors",
  "category" : "Lifetime Climb",
  "shareText" : "I climbed 20,000 floors with my #Fitbit and earned the Shooting Star badge."
},{
  "encodedId" : "228TKC",
  "badgeType" : "LIFETIME_FLOORS",
  "value" : 14000,
  "timesAchieved" : 1,
  "dateTime" : "2014-11-22",
  "name" : "Spaceship (14,000 lifetime floors)",
  "shortName" : "Spaceship",
  "earnedMessage" : "Yipee! You've earned the Spaceship badge!",
  "description" : "14,000 lifetime floors",
  "category" : "Lifetime Climb",
  "shareText" : "I climbed 14,000 floors with my #Fitbit and earned the Spaceship badge."
},{
  "encodedId" : "228TK5",
  "badgeType" : "LIFETIME_FLOORS",
  "value" : 8000,
  "timesAchieved" : 1,
  "dateTime" : "2013-10-22",
  "name" : "Cloud (8,000 lifetime floors)",
  "shortName" : "Cloud",
  "earnedMessage" : "Yipee! You've earned the Cloud badge!",
  "description" : "8,000 lifetime floors",
  "category" : "Lifetime Climb",
  "shareText" : "I climbed 8,000 floors with my #Fitbit and earned the Cloud badge."
},{
  "encodedId" : "228TKR",
  "badgeType" : "LIFETIME_FLOORS",
  "value" : 4000,
  "timesAchieved" : 1,
  "dateTime" : "2013-01-01",
  "name" : "747 (4,000 lifetime floors)",
  "shortName" : "747",
  "earnedMessage" : "Yipee! You've earned the 747 badge!",
  "description" : "4,000 lifetime floors",
  "category" : "Lifetime Climb",
  "shareText" : "I climbed 4,000 floors with my #Fitbit and earned the 747 badge."
},{
  "encodedId" : "228T9T",
  "badgeType" : "LIFETIME_FLOORS",
  "value" : 2000,
  "timesAchieved" : 1,
  "dateTime" : "2012-08-24",
  "name" : "Hot Air Balloon (2,000 lifetime floors)",
  "shortName" : "Hot Air Balloon",
  "earnedMessage" : "Yipee! You've earned the Hot Air Balloon badge!",
  "description" : "2,000 lifetime floors",
  "category" : "Lifetime Climb",
  "shareText" : "I climbed 2,000 floors with my #Fitbit and earned the Hot Air Balloon badge."
},{
  "encodedId" : "228T9C",
  "badgeType" : "LIFETIME_FLOORS",
  "value" : 1000,
  "timesAchieved" : 1,
  "dateTime" : "2012-06-14",
  "name" : "Skydiver (1,000 lifetime floors)",
  "shortName" : "Skydiver",
  "earnedMessage" : "Yipee! You've earned the Skydiver badge!",
  "description" : "1,000 lifetime floors",
  "category" : "Lifetime Climb",
  "shareText" : "I climbed 1,000 floors with my #Fitbit and earned the Skydiver badge."
},{
  "encodedId" : "228TB8",
  "badgeType" : "LIFETIME_FLOORS",
  "value" : 500,
  "timesAchieved" : 1,
  "dateTime" : "2012-05-12",
  "name" : "Helicopter (500 lifetime floors)",
  "shortName" : "Helicopter",
  "earnedMessage" : "Yipee! You've earned the Helicopter badge!",
  "description" : "500 lifetime floors",
  "category" : "Lifetime Climb",
  "shareText" : "I climbed 500 floors with my #Fitbit and earned the Helicopter badge."
},{
  "encodedId" : "2297TY",
  "badgeType" : "GOAL_BASED_WEIGHT_LOSS",
  "value" : 5,
  "unit" : "POUNDS",
  "timesAchieved" : 58,
  "dateTime" : "2019-03-07",
  "name" : "-5 lb Weight Loss",
  "shortName" : "-5 lb Weight Loss",
  "earnedMessage" : "You've lost 5 lbs! Congrats on progress towards your weight goal.",
  "description" : "-5 pounds",
  "category" : "Weight Goal",
  "shareText" : "I lost 5 pounds on #Fitbit."
},{
  "encodedId" : "2297TZ",
  "badgeType" : "GOAL_BASED_WEIGHT_LOSS",
  "value" : 10,
  "unit" : "POUNDS",
  "timesAchieved" : 12,
  "dateTime" : "2017-04-26",
  "name" : "-10 lb Weight Loss",
  "shortName" : "-10 lb Weight Loss",
  "earnedMessage" : "You've lost 10 lbs! Congrats on progress towards your weight goal.",
  "description" : "-10 pounds",
  "category" : "Weight Goal",
  "shareText" : "I lost 10 pounds on #Fitbit."
},{
  "encodedId" : "2297TW",
  "badgeType" : "GOAL_BASED_WEIGHT_LOSS",
  "value" : 15,
  "unit" : "POUNDS",
  "timesAchieved" : 12,
  "dateTime" : "2017-04-26",
  "name" : "-15 lb Weight Loss",
  "shortName" : "-15 lb Weight Loss",
  "earnedMessage" : "You've lost 15 lbs! Congrats on progress towards your weight goal.",
  "description" : "-15 pounds",
  "category" : "Weight Goal",
  "shareText" : "I lost 15 pounds on #Fitbit."
},{
  "encodedId" : "2297TX",
  "badgeType" : "GOAL_BASED_WEIGHT_LOSS",
  "value" : 20,
  "unit" : "POUNDS",
  "timesAchieved" : 11,
  "dateTime" : "2017-04-26",
  "name" : "-20 lb Weight Loss",
  "shortName" : "-20 lb Weight Loss",
  "earnedMessage" : "You've lost 20 lbs! Congrats on progress towards your weight goal.",
  "description" : "-20 pounds",
  "category" : "Weight Goal",
  "shareText" : "I lost 20 pounds on #Fitbit."
},{
  "encodedId" : "22984Z",
  "badgeType" : "GOAL_BASED_WEIGHT_LOSS_ACHIEVEMENT",
  "timesAchieved" : 12,
  "dateTime" : "2017-04-26",
  "name" : "Weight Goal Met",
  "shortName" : "Weight Goal Met",
  "earnedMessage" : "You nailed it! You achieved your weight loss goal!",
  "description" : "Weight Goal",
  "category" : "Weight Goal",
  "shareText" : "I reached my weight goal. #Fitbit"
}]