[{
  "dateTime" : "12/01/10 00:34:00",
  "value" : "2437.8"
},{
  "dateTime" : "12/01/10 00:36:00",
  "value" : "2581.2"
},{
  "dateTime" : "12/01/10 00:37:00",
  "value" : "2724.6"
},{
  "dateTime" : "12/01/10 00:38:00",
  "value" : "1864.2"
},{
  "dateTime" : "12/01/10 00:40:00",
  "value" : "1434"
},{
  "dateTime" : "12/01/10 00:41:00",
  "value" : "3011.4"
},{
  "dateTime" : "12/01/10 00:42:00",
  "value" : "2007.6"
},{
  "dateTime" : "12/01/10 00:43:00",
  "value" : "2724.6"
},{
  "dateTime" : "12/01/10 00:44:00",
  "value" : "3298.2"
},{
  "dateTime" : "12/01/10 00:59:00",
  "value" : "2151"
},{
  "dateTime" : "12/01/10 01:00:00",
  "value" : "8532.3"
},{
  "dateTime" : "12/01/10 01:01:00",
  "value" : "2939.7"
},{
  "dateTime" : "12/01/10 01:09:00",
  "value" : "1075.5"
},{
  "dateTime" : "12/01/10 01:11:00",
  "value" : "1362.3"
},{
  "dateTime" : "12/01/10 01:13:00",
  "value" : "501.9"
},{
  "dateTime" : "12/01/10 01:17:00",
  "value" : "4947.3"
},{
  "dateTime" : "12/01/10 01:18:00",
  "value" : "8819.1"
},{
  "dateTime" : "12/01/10 01:19:00",
  "value" : "8173.8"
},{
  "dateTime" : "12/01/10 01:20:00",
  "value" : "7600.2"
},{
  "dateTime" : "12/01/10 01:21:00",
  "value" : "16764"
},{
  "dateTime" : "12/01/10 01:22:00",
  "value" : "7241.7"
},{
  "dateTime" : "12/01/10 01:23:00",
  "value" : "7887"
},{
  "dateTime" : "12/01/10 01:24:00",
  "value" : "645.3"
},{
  "dateTime" : "12/01/10 01:28:00",
  "value" : "2294.4"
},{
  "dateTime" : "12/01/10 01:29:00",
  "value" : "7887"
},{
  "dateTime" : "12/01/10 01:30:00",
  "value" : "16764"
},{
  "dateTime" : "12/01/10 01:31:00",
  "value" : "8030.4"
},{
  "dateTime" : "12/01/10 01:32:00",
  "value" : "16484.6"
},{
  "dateTime" : "12/01/10 01:33:00",
  "value" : "8245.5"
},{
  "dateTime" : "12/01/10 01:34:00",
  "value" : "6094.5"
},{
  "dateTime" : "12/01/10 01:40:00",
  "value" : "7098.3"
},{
  "dateTime" : "12/01/10 01:41:00",
  "value" : "8102.1"
},{
  "dateTime" : "12/01/10 01:42:00",
  "value" : "6596.4"
},{
  "dateTime" : "12/01/10 01:43:00",
  "value" : "2868"
},{
  "dateTime" : "12/01/10 01:49:00",
  "value" : "3441.6"
},{
  "dateTime" : "12/01/10 01:50:00",
  "value" : "8604"
},{
  "dateTime" : "12/01/10 01:51:00",
  "value" : "7887"
},{
  "dateTime" : "12/01/10 01:52:00",
  "value" : "8388.9"
},{
  "dateTime" : "12/01/10 01:53:00",
  "value" : "7098.3"
},{
  "dateTime" : "12/01/10 01:56:00",
  "value" : "1362.3"
},{
  "dateTime" : "12/01/10 01:57:00",
  "value" : "8675.7"
},{
  "dateTime" : "12/01/10 01:58:00",
  "value" : "16065.5"
},{
  "dateTime" : "12/01/10 01:59:00",
  "value" : "3800.1"
},{
  "dateTime" : "12/01/10 02:00:00",
  "value" : "8890.8"
},{
  "dateTime" : "12/01/10 02:01:00",
  "value" : "2939.7"
},{
  "dateTime" : "12/01/10 02:03:00",
  "value" : "1720.8"
},{
  "dateTime" : "12/01/10 02:04:00",
  "value" : "9392.7"
},{
  "dateTime" : "12/01/10 02:05:00",
  "value" : "16205.2"
},{
  "dateTime" : "12/01/10 02:06:00",
  "value" : "7743.6"
},{
  "dateTime" : "12/01/10 02:07:00",
  "value" : "6453"
},{
  "dateTime" : "12/01/10 02:08:00",
  "value" : "4086.9"
},{
  "dateTime" : "12/01/10 02:11:00",
  "value" : "6309.6"
},{
  "dateTime" : "12/01/10 02:12:00",
  "value" : "7600.2"
},{
  "dateTime" : "12/01/10 02:13:00",
  "value" : "645.3"
},{
  "dateTime" : "12/01/10 02:27:00",
  "value" : "2366.1"
},{
  "dateTime" : "12/01/10 02:28:00",
  "value" : "1792.5"
},{
  "dateTime" : "12/01/10 02:29:00",
  "value" : "932.1"
},{
  "dateTime" : "12/01/10 02:46:00",
  "value" : "788.7"
},{
  "dateTime" : "12/01/10 02:47:00",
  "value" : "645.3"
},{
  "dateTime" : "12/01/10 02:48:00",
  "value" : "645.3"
},{
  "dateTime" : "12/01/10 02:49:00",
  "value" : "1075.5"
},{
  "dateTime" : "12/01/10 02:51:00",
  "value" : "501.9"
},{
  "dateTime" : "12/01/10 02:56:00",
  "value" : "1003.8"
},{
  "dateTime" : "12/01/10 02:57:00",
  "value" : "1434"
},{
  "dateTime" : "12/01/10 03:07:00",
  "value" : "3011.4"
},{
  "dateTime" : "12/01/10 03:08:00",
  "value" : "1147.2"
},{
  "dateTime" : "12/01/10 03:09:00",
  "value" : "1720.8"
},{
  "dateTime" : "12/01/10 03:26:00",
  "value" : "788.7"
},{
  "dateTime" : "12/01/10 03:27:00",
  "value" : "1147.2"
},{
  "dateTime" : "12/01/10 03:28:00",
  "value" : "1864.2"
},{
  "dateTime" : "12/01/10 03:52:00",
  "value" : "1720.8"
},{
  "dateTime" : "12/01/10 03:53:00",
  "value" : "1434"
},{
  "dateTime" : "12/01/10 04:18:00",
  "value" : "2509.5"
},{
  "dateTime" : "12/01/10 04:19:00",
  "value" : "1649.1"
},{
  "dateTime" : "12/01/10 04:20:00",
  "value" : "3513.3"
},{
  "dateTime" : "12/01/10 04:21:00",
  "value" : "286.8"
},{
  "dateTime" : "12/01/10 04:33:00",
  "value" : "1362.3"
},{
  "dateTime" : "12/01/10 04:34:00",
  "value" : "1362.3"
},{
  "dateTime" : "12/01/10 04:35:00",
  "value" : "1434"
},{
  "dateTime" : "12/01/10 04:38:00",
  "value" : "1720.8"
},{
  "dateTime" : "12/01/10 05:03:00",
  "value" : "501.9"
},{
  "dateTime" : "12/01/10 05:08:00",
  "value" : "1577.4"
},{
  "dateTime" : "12/01/10 05:09:00",
  "value" : "1792.5"
},{
  "dateTime" : "12/01/10 05:10:00",
  "value" : "430.2"
},{
  "dateTime" : "12/01/10 05:16:00",
  "value" : "573.6"
},{
  "dateTime" : "12/01/10 12:32:00",
  "value" : "932.1"
},{
  "dateTime" : "12/01/10 12:33:00",
  "value" : "1362.3"
},{
  "dateTime" : "12/01/10 12:34:00",
  "value" : "1147.2"
},{
  "dateTime" : "12/01/10 12:37:00",
  "value" : "1434"
},{
  "dateTime" : "12/01/10 12:44:00",
  "value" : "1434"
},{
  "dateTime" : "12/01/10 12:47:00",
  "value" : "2222.7"
},{
  "dateTime" : "12/01/10 12:48:00",
  "value" : "573.6"
},{
  "dateTime" : "12/01/10 12:49:00",
  "value" : "430.2"
},{
  "dateTime" : "12/01/10 12:51:00",
  "value" : "1649.1"
},{
  "dateTime" : "12/01/10 12:57:00",
  "value" : "501.9"
},{
  "dateTime" : "12/01/10 12:58:00",
  "value" : "1003.8"
},{
  "dateTime" : "12/01/10 12:59:00",
  "value" : "573.6"
},{
  "dateTime" : "12/01/10 13:00:00",
  "value" : "2652.9"
},{
  "dateTime" : "12/01/10 13:01:00",
  "value" : "1577.4"
},{
  "dateTime" : "12/01/10 13:02:00",
  "value" : "1864.2"
},{
  "dateTime" : "12/01/10 13:03:00",
  "value" : "573.6"
},{
  "dateTime" : "12/01/10 13:04:00",
  "value" : "3943.5"
},{
  "dateTime" : "12/01/10 13:05:00",
  "value" : "573.6"
},{
  "dateTime" : "12/01/10 13:06:00",
  "value" : "1362.3"
},{
  "dateTime" : "12/01/10 13:08:00",
  "value" : "5664.3"
},{
  "dateTime" : "12/01/10 13:09:00",
  "value" : "2151"
},{
  "dateTime" : "12/01/10 13:10:00",
  "value" : "3871.8"
},{
  "dateTime" : "12/01/10 13:11:00",
  "value" : "4302"
},{
  "dateTime" : "12/01/10 13:12:00",
  "value" : "2509.5"
},{
  "dateTime" : "12/01/10 13:13:00",
  "value" : "1864.2"
},{
  "dateTime" : "12/01/10 13:36:00",
  "value" : "3728.4"
},{
  "dateTime" : "12/01/10 13:38:00",
  "value" : "4158.6"
},{
  "dateTime" : "12/01/10 14:07:00",
  "value" : "4947.3"
},{
  "dateTime" : "12/01/10 14:08:00",
  "value" : "7098.3"
},{
  "dateTime" : "12/01/10 14:09:00",
  "value" : "6381.3"
},{
  "dateTime" : "12/01/10 14:10:00",
  "value" : "6022.8"
},{
  "dateTime" : "12/01/10 14:11:00",
  "value" : "5592.6"
},{
  "dateTime" : "12/01/10 14:12:00",
  "value" : "1362.3"
},{
  "dateTime" : "12/01/10 14:46:00",
  "value" : "2939.7"
},{
  "dateTime" : "12/01/10 14:49:00",
  "value" : "1147.2"
},{
  "dateTime" : "12/01/10 14:54:00",
  "value" : "2294.4"
},{
  "dateTime" : "12/01/10 14:55:00",
  "value" : "1434"
},{
  "dateTime" : "12/01/10 15:00:00",
  "value" : "1147.2"
},{
  "dateTime" : "12/01/10 15:21:00",
  "value" : "1003.8"
},{
  "dateTime" : "12/01/10 15:22:00",
  "value" : "717"
},{
  "dateTime" : "12/01/10 15:24:00",
  "value" : "2724.6"
},{
  "dateTime" : "12/01/10 15:25:00",
  "value" : "2509.5"
},{
  "dateTime" : "12/01/10 15:26:00",
  "value" : "430.2"
},{
  "dateTime" : "12/01/10 15:51:00",
  "value" : "1505.7"
},{
  "dateTime" : "12/01/10 15:52:00",
  "value" : "4086.9"
},{
  "dateTime" : "12/01/10 15:56:00",
  "value" : "430.2"
},{
  "dateTime" : "12/01/10 15:57:00",
  "value" : "5377.5"
},{
  "dateTime" : "12/01/10 16:53:00",
  "value" : "430.2"
},{
  "dateTime" : "12/01/10 16:54:00",
  "value" : "788.7"
},{
  "dateTime" : "12/01/10 17:04:00",
  "value" : "932.1"
},{
  "dateTime" : "12/01/10 17:05:00",
  "value" : "4230.3"
},{
  "dateTime" : "12/01/10 17:06:00",
  "value" : "1290.6"
},{
  "dateTime" : "12/01/10 17:07:00",
  "value" : "6309.6"
},{
  "dateTime" : "12/01/10 17:08:00",
  "value" : "7098.3"
},{
  "dateTime" : "12/01/10 17:09:00",
  "value" : "1720.8"
},{
  "dateTime" : "12/01/10 17:25:00",
  "value" : "5090.7"
},{
  "dateTime" : "12/01/10 18:08:00",
  "value" : "1505.7"
},{
  "dateTime" : "12/01/10 18:09:00",
  "value" : "3226.5"
},{
  "dateTime" : "12/01/10 18:15:00",
  "value" : "2222.7"
},{
  "dateTime" : "12/01/10 18:16:00",
  "value" : "8532.3"
},{
  "dateTime" : "12/01/10 18:17:00",
  "value" : "3943.5"
},{
  "dateTime" : "12/01/10 18:18:00",
  "value" : "4158.6"
},{
  "dateTime" : "12/01/10 18:19:00",
  "value" : "645.3"
},{
  "dateTime" : "12/01/10 18:51:00",
  "value" : "3298.2"
},{
  "dateTime" : "12/01/10 18:52:00",
  "value" : "3513.3"
},{
  "dateTime" : "12/01/10 18:53:00",
  "value" : "2796.3"
},{
  "dateTime" : "12/01/10 18:54:00",
  "value" : "358.5"
},{
  "dateTime" : "12/01/10 19:10:00",
  "value" : "3441.6"
},{
  "dateTime" : "12/01/10 19:38:00",
  "value" : "2007.6"
},{
  "dateTime" : "12/01/10 19:39:00",
  "value" : "1075.5"
},{
  "dateTime" : "12/01/10 20:34:00",
  "value" : "645.3"
},{
  "dateTime" : "12/01/10 20:35:00",
  "value" : "573.6"
},{
  "dateTime" : "12/01/10 20:57:00",
  "value" : "2151"
},{
  "dateTime" : "12/01/10 21:41:00",
  "value" : "4158.6"
},{
  "dateTime" : "12/01/10 21:42:00",
  "value" : "1505.7"
},{
  "dateTime" : "12/01/10 21:43:00",
  "value" : "8460.6"
},{
  "dateTime" : "12/01/10 21:44:00",
  "value" : "1577.4"
},{
  "dateTime" : "12/01/10 22:12:00",
  "value" : "2724.6"
},{
  "dateTime" : "12/01/10 22:13:00",
  "value" : "143.4"
},{
  "dateTime" : "12/01/10 22:14:00",
  "value" : "2724.6"
},{
  "dateTime" : "12/01/10 22:16:00",
  "value" : "860.4"
},{
  "dateTime" : "12/01/10 22:42:00",
  "value" : "1075.5"
},{
  "dateTime" : "12/01/10 22:43:00",
  "value" : "932.1"
},{
  "dateTime" : "12/01/10 22:44:00",
  "value" : "3513.3"
},{
  "dateTime" : "12/01/10 22:45:00",
  "value" : "2652.9"
},{
  "dateTime" : "12/01/10 22:55:00",
  "value" : "1577.4"
},{
  "dateTime" : "12/01/10 22:56:00",
  "value" : "1362.3"
},{
  "dateTime" : "12/01/10 22:58:00",
  "value" : "430.2"
},{
  "dateTime" : "12/01/10 22:59:00",
  "value" : "3226.5"
},{
  "dateTime" : "12/01/10 23:00:00",
  "value" : "143.4"
},{
  "dateTime" : "12/01/10 23:03:00",
  "value" : "1577.4"
},{
  "dateTime" : "12/01/10 23:04:00",
  "value" : "717"
},{
  "dateTime" : "12/01/10 23:05:00",
  "value" : "1075.5"
},{
  "dateTime" : "12/01/10 23:07:00",
  "value" : "2007.6"
},{
  "dateTime" : "12/01/10 23:09:00",
  "value" : "430.2"
},{
  "dateTime" : "12/01/10 23:11:00",
  "value" : "2366.1"
},{
  "dateTime" : "12/01/10 23:21:00",
  "value" : "1649.1"
},{
  "dateTime" : "12/01/10 23:22:00",
  "value" : "717"
},{
  "dateTime" : "12/01/10 23:23:00",
  "value" : "501.9"
},{
  "dateTime" : "12/01/10 23:24:00",
  "value" : "788.7"
},{
  "dateTime" : "12/01/10 23:25:00",
  "value" : "860.4"
},{
  "dateTime" : "12/01/10 23:30:00",
  "value" : "1075.5"
},{
  "dateTime" : "12/01/10 23:31:00",
  "value" : "2151"
},{
  "dateTime" : "12/01/10 23:33:00",
  "value" : "2151"
},{
  "dateTime" : "12/01/10 23:56:00",
  "value" : "860.4"
},{
  "dateTime" : "12/01/10 23:58:00",
  "value" : "3656.7"
},{
  "dateTime" : "12/01/10 23:59:00",
  "value" : "1003.8"
},{
  "dateTime" : "12/02/10 00:08:00",
  "value" : "2079.3"
},{
  "dateTime" : "12/02/10 00:10:00",
  "value" : "2007.6"
},{
  "dateTime" : "12/02/10 00:12:00",
  "value" : "1003.8"
},{
  "dateTime" : "12/02/10 00:13:00",
  "value" : "1218.9"
},{
  "dateTime" : "12/02/10 00:16:00",
  "value" : "2007.6"
},{
  "dateTime" : "12/02/10 00:22:00",
  "value" : "645.3"
},{
  "dateTime" : "12/02/10 00:31:00",
  "value" : "788.7"
},{
  "dateTime" : "12/02/10 00:44:00",
  "value" : "1003.8"
},{
  "dateTime" : "12/02/10 00:45:00",
  "value" : "2939.7"
},{
  "dateTime" : "12/02/10 00:47:00",
  "value" : "1864.2"
},{
  "dateTime" : "12/02/10 00:48:00",
  "value" : "1434"
},{
  "dateTime" : "12/02/10 00:51:00",
  "value" : "1075.5"
},{
  "dateTime" : "12/02/10 00:52:00",
  "value" : "215.1"
},{
  "dateTime" : "12/02/10 00:55:00",
  "value" : "5019"
},{
  "dateTime" : "12/02/10 00:56:00",
  "value" : "1434"
},{
  "dateTime" : "12/02/10 00:58:00",
  "value" : "3011.4"
},{
  "dateTime" : "12/02/10 00:59:00",
  "value" : "3154.8"
},{
  "dateTime" : "12/02/10 01:00:00",
  "value" : "573.6"
},{
  "dateTime" : "12/02/10 01:01:00",
  "value" : "3871.8"
},{
  "dateTime" : "12/02/10 01:02:00",
  "value" : "1147.2"
},{
  "dateTime" : "12/02/10 01:04:00",
  "value" : "1434"
},{
  "dateTime" : "12/02/10 01:05:00",
  "value" : "2796.3"
},{
  "dateTime" : "12/02/10 01:06:00",
  "value" : "3800.1"
},{
  "dateTime" : "12/02/10 01:07:00",
  "value" : "8173.8"
},{
  "dateTime" : "12/02/10 01:08:00",
  "value" : "7313.4"
},{
  "dateTime" : "12/02/10 01:09:00",
  "value" : "1864.2"
},{
  "dateTime" : "12/02/10 01:10:00",
  "value" : "1864.2"
},{
  "dateTime" : "12/02/10 01:11:00",
  "value" : "1218.9"
},{
  "dateTime" : "12/02/10 01:12:00",
  "value" : "932.1"
},{
  "dateTime" : "12/02/10 01:16:00",
  "value" : "1218.9"
},{
  "dateTime" : "12/02/10 01:18:00",
  "value" : "2868"
},{
  "dateTime" : "12/02/10 01:19:00",
  "value" : "4230.3"
},{
  "dateTime" : "12/02/10 01:20:00",
  "value" : "7385.1"
},{
  "dateTime" : "12/02/10 01:21:00",
  "value" : "4015.2"
},{
  "dateTime" : "12/02/10 01:22:00",
  "value" : "1935.9"
},{
  "dateTime" : "12/02/10 01:36:00",
  "value" : "573.6"
},{
  "dateTime" : "12/02/10 01:37:00",
  "value" : "2079.3"
},{
  "dateTime" : "12/02/10 02:08:00",
  "value" : "2222.7"
},{
  "dateTime" : "12/02/10 02:09:00",
  "value" : "1720.8"
},{
  "dateTime" : "12/02/10 02:10:00",
  "value" : "1434"
},{
  "dateTime" : "12/02/10 02:37:00",
  "value" : "1290.6"
},{
  "dateTime" : "12/02/10 02:39:00",
  "value" : "358.5"
},{
  "dateTime" : "12/02/10 02:43:00",
  "value" : "2868"
},{
  "dateTime" : "12/02/10 03:11:00",
  "value" : "2294.4"
},{
  "dateTime" : "12/02/10 03:13:00",
  "value" : "2151"
},{
  "dateTime" : "12/02/10 03:16:00",
  "value" : "717"
},{
  "dateTime" : "12/02/10 03:17:00",
  "value" : "932.1"
},{
  "dateTime" : "12/02/10 03:36:00",
  "value" : "1218.9"
},{
  "dateTime" : "12/02/10 03:48:00",
  "value" : "645.3"
},{
  "dateTime" : "12/02/10 03:49:00",
  "value" : "1003.8"
},{
  "dateTime" : "12/02/10 03:54:00",
  "value" : "573.6"
},{
  "dateTime" : "12/02/10 03:55:00",
  "value" : "2151"
}]