[{
  "dateTime" : "02/03/10 12:00:00",
  "value" : "17018"
},{
  "dateTime" : "02/03/10 12:01:00",
  "value" : "17018"
},{
  "dateTime" : "02/03/10 12:02:00",
  "value" : "17018"
},{
  "dateTime" : "02/03/10 12:03:00",
  "value" : "17018"
},{
  "dateTime" : "02/03/10 12:04:00",
  "value" : "17018"
},{
  "dateTime" : "02/03/10 12:05:00",
  "value" : "17018"
},{
  "dateTime" : "02/03/10 12:06:00",
  "value" : "17018"
},{
  "dateTime" : "02/03/10 12:07:00",
  "value" : "17018"
},{
  "dateTime" : "02/03/10 12:08:00",
  "value" : "17018"
},{
  "dateTime" : "02/03/10 12:09:00",
  "value" : "17018"
},{
  "dateTime" : "02/03/10 12:10:00",
  "value" : "17018"
},{
  "dateTime" : "02/03/10 12:11:00",
  "value" : "17018"
},{
  "dateTime" : "02/03/10 12:12:00",
  "value" : "17018"
},{
  "dateTime" : "02/03/10 12:13:00",
  "value" : "17018"
},{
  "dateTime" : "02/03/10 12:14:00",
  "value" : "17018"
},{
  "dateTime" : "02/03/10 12:15:00",
  "value" : "17018"
},{
  "dateTime" : "02/03/10 12:16:00",
  "value" : "17018"
},{
  "dateTime" : "02/03/10 12:17:00",
  "value" : "17018"
},{
  "dateTime" : "02/03/10 12:18:00",
  "value" : "17018"
},{
  "dateTime" : "02/03/10 12:19:00",
  "value" : "17018"
},{
  "dateTime" : "02/03/10 12:20:00",
  "value" : "17018"
},{
  "dateTime" : "02/03/10 12:21:00",
  "value" : "17018"
},{
  "dateTime" : "02/03/10 12:22:00",
  "value" : "17018"
},{
  "dateTime" : "02/03/10 12:23:00",
  "value" : "17018"
},{
  "dateTime" : "02/03/10 12:24:00",
  "value" : "17018"
},{
  "dateTime" : "02/03/10 12:25:00",
  "value" : "17018"
},{
  "dateTime" : "02/03/10 12:26:00",
  "value" : "17018"
},{
  "dateTime" : "02/03/10 12:27:00",
  "value" : "17018"
},{
  "dateTime" : "02/03/10 12:28:00",
  "value" : "17018"
},{
  "dateTime" : "02/03/10 12:29:00",
  "value" : "17018"
},{
  "dateTime" : "02/03/10 12:30:00",
  "value" : "17018"
},{
  "dateTime" : "02/03/10 12:31:00",
  "value" : "17018"
},{
  "dateTime" : "02/03/10 12:32:00",
  "value" : "17018"
},{
  "dateTime" : "02/03/10 12:33:00",
  "value" : "17018"
},{
  "dateTime" : "02/03/10 12:34:00",
  "value" : "17018"
},{
  "dateTime" : "02/03/10 12:35:00",
  "value" : "17018"
},{
  "dateTime" : "02/03/10 12:36:00",
  "value" : "17018"
},{
  "dateTime" : "02/03/10 12:37:00",
  "value" : "17018"
},{
  "dateTime" : "02/03/10 12:38:00",
  "value" : "17018"
},{
  "dateTime" : "02/03/10 12:39:00",
  "value" : "17050"
},{
  "dateTime" : "02/03/10 23:43:00",
  "value" : "1935.9"
},{
  "dateTime" : "02/03/10 23:44:00",
  "value" : "2151"
},{
  "dateTime" : "02/03/10 23:45:00",
  "value" : "3083.1"
},{
  "dateTime" : "02/03/10 23:50:00",
  "value" : "1577.4"
},{
  "dateTime" : "02/03/10 23:51:00",
  "value" : "358.5"
},{
  "dateTime" : "02/03/10 23:54:00",
  "value" : "1864.2"
},{
  "dateTime" : "02/03/10 23:55:00",
  "value" : "143.4"
},{
  "dateTime" : "02/04/10 00:07:00",
  "value" : "1434"
},{
  "dateTime" : "02/04/10 00:08:00",
  "value" : "717"
},{
  "dateTime" : "02/04/10 00:15:00",
  "value" : "1792.5"
},{
  "dateTime" : "02/04/10 00:32:00",
  "value" : "1720.8"
},{
  "dateTime" : "02/04/10 00:46:00",
  "value" : "860.4"
},{
  "dateTime" : "02/04/10 00:47:00",
  "value" : "3513.3"
},{
  "dateTime" : "02/04/10 00:48:00",
  "value" : "4445.4"
},{
  "dateTime" : "02/04/10 00:49:00",
  "value" : "1505.7"
},{
  "dateTime" : "02/04/10 00:50:00",
  "value" : "1075.5"
},{
  "dateTime" : "02/04/10 00:51:00",
  "value" : "2151"
},{
  "dateTime" : "02/04/10 00:52:00",
  "value" : "4517.1"
},{
  "dateTime" : "02/04/10 00:59:00",
  "value" : "2222.7"
},{
  "dateTime" : "02/04/10 01:00:00",
  "value" : "71.7"
},{
  "dateTime" : "02/04/10 01:01:00",
  "value" : "4803.9"
},{
  "dateTime" : "02/04/10 01:02:00",
  "value" : "3800.1"
},{
  "dateTime" : "02/04/10 01:03:00",
  "value" : "2652.9"
},{
  "dateTime" : "02/04/10 01:10:00",
  "value" : "501.9"
},{
  "dateTime" : "02/04/10 01:11:00",
  "value" : "430.2"
},{
  "dateTime" : "02/04/10 01:14:00",
  "value" : "573.6"
},{
  "dateTime" : "02/04/10 01:15:00",
  "value" : "2294.4"
},{
  "dateTime" : "02/04/10 01:16:00",
  "value" : "1290.6"
},{
  "dateTime" : "02/04/10 01:17:00",
  "value" : "573.6"
},{
  "dateTime" : "02/04/10 01:19:00",
  "value" : "5162.4"
},{
  "dateTime" : "02/04/10 01:20:00",
  "value" : "2007.6"
},{
  "dateTime" : "02/04/10 01:23:00",
  "value" : "2294.4"
},{
  "dateTime" : "02/04/10 01:24:00",
  "value" : "3011.4"
},{
  "dateTime" : "02/04/10 01:25:00",
  "value" : "430.2"
},{
  "dateTime" : "02/04/10 01:29:00",
  "value" : "3298.2"
},{
  "dateTime" : "02/04/10 01:30:00",
  "value" : "286.8"
},{
  "dateTime" : "02/04/10 01:31:00",
  "value" : "1218.9"
},{
  "dateTime" : "02/04/10 01:35:00",
  "value" : "1003.8"
},{
  "dateTime" : "02/04/10 01:36:00",
  "value" : "3513.3"
},{
  "dateTime" : "02/04/10 01:38:00",
  "value" : "1577.4"
},{
  "dateTime" : "02/04/10 01:39:00",
  "value" : "1147.2"
},{
  "dateTime" : "02/04/10 01:40:00",
  "value" : "2079.3"
},{
  "dateTime" : "02/04/10 01:41:00",
  "value" : "1218.9"
},{
  "dateTime" : "02/04/10 01:42:00",
  "value" : "2652.9"
},{
  "dateTime" : "02/04/10 01:43:00",
  "value" : "1577.4"
},{
  "dateTime" : "02/04/10 01:44:00",
  "value" : "3513.3"
},{
  "dateTime" : "02/04/10 01:45:00",
  "value" : "717"
},{
  "dateTime" : "02/04/10 01:46:00",
  "value" : "645.3"
},{
  "dateTime" : "02/04/10 02:03:00",
  "value" : "1577.4"
},{
  "dateTime" : "02/04/10 02:05:00",
  "value" : "1003.8"
},{
  "dateTime" : "02/04/10 02:06:00",
  "value" : "3441.6"
},{
  "dateTime" : "02/04/10 02:07:00",
  "value" : "3011.4"
},{
  "dateTime" : "02/04/10 02:08:00",
  "value" : "860.4"
},{
  "dateTime" : "02/04/10 02:09:00",
  "value" : "71.7"
},{
  "dateTime" : "02/04/10 02:13:00",
  "value" : "1147.2"
},{
  "dateTime" : "02/04/10 02:14:00",
  "value" : "1075.5"
},{
  "dateTime" : "02/04/10 02:23:00",
  "value" : "1577.4"
},{
  "dateTime" : "02/04/10 02:24:00",
  "value" : "286.8"
},{
  "dateTime" : "02/04/10 02:37:00",
  "value" : "1003.8"
},{
  "dateTime" : "02/04/10 02:38:00",
  "value" : "71.7"
},{
  "dateTime" : "02/04/10 02:39:00",
  "value" : "1218.9"
},{
  "dateTime" : "02/04/10 02:40:00",
  "value" : "932.1"
},{
  "dateTime" : "02/04/10 02:56:00",
  "value" : "1505.7"
},{
  "dateTime" : "02/04/10 02:57:00",
  "value" : "1649.1"
},{
  "dateTime" : "02/04/10 02:58:00",
  "value" : "501.9"
},{
  "dateTime" : "02/04/10 03:23:00",
  "value" : "3011.4"
},{
  "dateTime" : "02/04/10 03:24:00",
  "value" : "788.7"
},{
  "dateTime" : "02/04/10 03:25:00",
  "value" : "1290.6"
},{
  "dateTime" : "02/04/10 03:26:00",
  "value" : "1147.2"
},{
  "dateTime" : "02/04/10 03:27:00",
  "value" : "2222.7"
},{
  "dateTime" : "02/04/10 03:29:00",
  "value" : "1935.9"
},{
  "dateTime" : "02/04/10 03:33:00",
  "value" : "2366.1"
},{
  "dateTime" : "02/04/10 03:34:00",
  "value" : "430.2"
},{
  "dateTime" : "02/04/10 08:04:00",
  "value" : "501.9"
},{
  "dateTime" : "02/04/10 10:40:00",
  "value" : "573.6"
},{
  "dateTime" : "02/04/10 10:43:00",
  "value" : "2151"
},{
  "dateTime" : "02/04/10 10:44:00",
  "value" : "1864.2"
},{
  "dateTime" : "02/04/10 10:46:00",
  "value" : "860.4"
},{
  "dateTime" : "02/04/10 11:03:00",
  "value" : "286.8"
},{
  "dateTime" : "02/04/10 11:04:00",
  "value" : "1792.5"
},{
  "dateTime" : "02/04/10 11:07:00",
  "value" : "3298.2"
},{
  "dateTime" : "02/04/10 11:08:00",
  "value" : "3298.2"
},{
  "dateTime" : "02/04/10 11:10:00",
  "value" : "286.8"
},{
  "dateTime" : "02/04/10 11:25:00",
  "value" : "860.4"
},{
  "dateTime" : "02/04/10 11:31:00",
  "value" : "1577.4"
},{
  "dateTime" : "02/04/10 11:53:00",
  "value" : "1434"
},{
  "dateTime" : "02/04/10 11:58:00",
  "value" : "1075.5"
},{
  "dateTime" : "02/04/10 11:59:00",
  "value" : "2509.5"
},{
  "dateTime" : "02/04/10 12:00:00",
  "value" : "2007.6"
},{
  "dateTime" : "02/04/10 12:02:00",
  "value" : "860.4"
},{
  "dateTime" : "02/04/10 12:03:00",
  "value" : "4015.2"
},{
  "dateTime" : "02/04/10 12:04:00",
  "value" : "2868"
},{
  "dateTime" : "02/04/10 12:05:00",
  "value" : "430.2"
},{
  "dateTime" : "02/04/10 12:06:00",
  "value" : "717"
},{
  "dateTime" : "02/04/10 12:08:00",
  "value" : "1290.6"
},{
  "dateTime" : "02/04/10 12:09:00",
  "value" : "1075.5"
},{
  "dateTime" : "02/04/10 12:11:00",
  "value" : "860.4"
},{
  "dateTime" : "02/04/10 12:18:00",
  "value" : "645.3"
},{
  "dateTime" : "02/04/10 12:24:00",
  "value" : "860.4"
},{
  "dateTime" : "02/04/10 12:27:00",
  "value" : "1577.4"
},{
  "dateTime" : "02/04/10 12:28:00",
  "value" : "358.5"
},{
  "dateTime" : "02/04/10 12:39:00",
  "value" : "932.1"
},{
  "dateTime" : "02/04/10 12:40:00",
  "value" : "1075.5"
},{
  "dateTime" : "02/04/10 12:41:00",
  "value" : "860.4"
},{
  "dateTime" : "02/04/10 12:42:00",
  "value" : "573.6"
},{
  "dateTime" : "02/04/10 12:43:00",
  "value" : "4803.9"
},{
  "dateTime" : "02/04/10 12:44:00",
  "value" : "717"
},{
  "dateTime" : "02/04/10 12:45:00",
  "value" : "645.3"
},{
  "dateTime" : "02/04/10 12:54:00",
  "value" : "932.1"
},{
  "dateTime" : "02/04/10 12:55:00",
  "value" : "2581.2"
},{
  "dateTime" : "02/04/10 12:56:00",
  "value" : "2509.5"
},{
  "dateTime" : "02/04/10 12:59:00",
  "value" : "2366.1"
},{
  "dateTime" : "02/04/10 13:00:00",
  "value" : "2652.9"
},{
  "dateTime" : "02/04/10 13:01:00",
  "value" : "2294.4"
},{
  "dateTime" : "02/04/10 13:02:00",
  "value" : "1577.4"
},{
  "dateTime" : "02/04/10 13:03:00",
  "value" : "430.2"
},{
  "dateTime" : "02/04/10 13:04:00",
  "value" : "2222.7"
},{
  "dateTime" : "02/04/10 13:05:00",
  "value" : "1720.8"
},{
  "dateTime" : "02/04/10 13:06:00",
  "value" : "1792.5"
},{
  "dateTime" : "02/04/10 13:08:00",
  "value" : "1075.5"
},{
  "dateTime" : "02/04/10 13:09:00",
  "value" : "501.9"
},{
  "dateTime" : "02/04/10 13:10:00",
  "value" : "2939.7"
},{
  "dateTime" : "02/04/10 13:11:00",
  "value" : "1434"
},{
  "dateTime" : "02/04/10 13:12:00",
  "value" : "358.5"
},{
  "dateTime" : "02/04/10 13:13:00",
  "value" : "1434"
},{
  "dateTime" : "02/04/10 13:32:00",
  "value" : "1003.8"
},{
  "dateTime" : "02/04/10 13:33:00",
  "value" : "2079.3"
},{
  "dateTime" : "02/04/10 13:35:00",
  "value" : "2437.8"
},{
  "dateTime" : "02/04/10 14:08:00",
  "value" : "6166.2"
},{
  "dateTime" : "02/04/10 14:09:00",
  "value" : "5090.7"
},{
  "dateTime" : "02/04/10 14:10:00",
  "value" : "2724.6"
},{
  "dateTime" : "02/04/10 14:11:00",
  "value" : "1720.8"
},{
  "dateTime" : "02/04/10 14:12:00",
  "value" : "2581.2"
},{
  "dateTime" : "02/04/10 14:13:00",
  "value" : "4732.2"
},{
  "dateTime" : "02/04/10 14:14:00",
  "value" : "1935.9"
},{
  "dateTime" : "02/04/10 14:15:00",
  "value" : "1075.5"
},{
  "dateTime" : "02/04/10 15:22:00",
  "value" : "717"
},{
  "dateTime" : "02/04/10 15:23:00",
  "value" : "3226.5"
},{
  "dateTime" : "02/04/10 15:39:00",
  "value" : "1505.7"
},{
  "dateTime" : "02/04/10 15:40:00",
  "value" : "4086.9"
},{
  "dateTime" : "02/04/10 15:42:00",
  "value" : "430.2"
},{
  "dateTime" : "02/04/10 15:43:00",
  "value" : "1075.5"
},{
  "dateTime" : "02/04/10 15:44:00",
  "value" : "5377.5"
},{
  "dateTime" : "02/04/10 15:45:00",
  "value" : "788.7"
},{
  "dateTime" : "02/04/10 16:30:00",
  "value" : "3585"
},{
  "dateTime" : "02/04/10 16:33:00",
  "value" : "645.3"
},{
  "dateTime" : "02/04/10 16:44:00",
  "value" : "717"
},{
  "dateTime" : "02/04/10 16:46:00",
  "value" : "788.7"
},{
  "dateTime" : "02/04/10 17:01:00",
  "value" : "430.2"
},{
  "dateTime" : "02/04/10 17:27:00",
  "value" : "573.6"
},{
  "dateTime" : "02/04/10 17:41:00",
  "value" : "645.3"
},{
  "dateTime" : "02/04/10 18:27:00",
  "value" : "1147.2"
},{
  "dateTime" : "02/04/10 18:38:00",
  "value" : "1290.6"
},{
  "dateTime" : "02/04/10 18:54:00",
  "value" : "1505.7"
},{
  "dateTime" : "02/04/10 18:57:00",
  "value" : "1649.1"
},{
  "dateTime" : "02/04/10 19:00:00",
  "value" : "2509.5"
},{
  "dateTime" : "02/04/10 19:01:00",
  "value" : "3011.4"
},{
  "dateTime" : "02/04/10 19:02:00",
  "value" : "5377.5"
},{
  "dateTime" : "02/04/10 19:03:00",
  "value" : "2079.3"
},{
  "dateTime" : "02/04/10 19:04:00",
  "value" : "2796.3"
},{
  "dateTime" : "02/04/10 19:42:00",
  "value" : "860.4"
},{
  "dateTime" : "02/04/10 19:43:00",
  "value" : "1003.8"
},{
  "dateTime" : "02/04/10 19:44:00",
  "value" : "1003.8"
},{
  "dateTime" : "02/04/10 19:54:00",
  "value" : "501.9"
},{
  "dateTime" : "02/04/10 21:20:00",
  "value" : "501.9"
},{
  "dateTime" : "02/04/10 21:23:00",
  "value" : "1003.8"
},{
  "dateTime" : "02/04/10 21:51:00",
  "value" : "5664.3"
},{
  "dateTime" : "02/04/10 21:52:00",
  "value" : "1362.3"
},{
  "dateTime" : "02/04/10 21:55:00",
  "value" : "2868"
},{
  "dateTime" : "02/04/10 21:56:00",
  "value" : "2437.8"
},{
  "dateTime" : "02/04/10 21:57:00",
  "value" : "1147.2"
},{
  "dateTime" : "02/04/10 22:13:00",
  "value" : "573.6"
},{
  "dateTime" : "02/04/10 22:14:00",
  "value" : "4302"
},{
  "dateTime" : "02/04/10 22:15:00",
  "value" : "1003.8"
},{
  "dateTime" : "02/04/10 22:16:00",
  "value" : "4015.2"
},{
  "dateTime" : "02/04/10 22:17:00",
  "value" : "1935.9"
},{
  "dateTime" : "02/04/10 22:18:00",
  "value" : "8532.3"
},{
  "dateTime" : "02/04/10 22:19:00",
  "value" : "1720.8"
},{
  "dateTime" : "02/04/10 22:36:00",
  "value" : "1147.2"
},{
  "dateTime" : "02/04/10 22:37:00",
  "value" : "1505.7"
},{
  "dateTime" : "02/04/10 22:38:00",
  "value" : "573.6"
},{
  "dateTime" : "02/04/10 22:41:00",
  "value" : "501.9"
},{
  "dateTime" : "02/04/10 22:42:00",
  "value" : "2724.6"
},{
  "dateTime" : "02/04/10 22:44:00",
  "value" : "1505.7"
},{
  "dateTime" : "02/04/10 22:45:00",
  "value" : "2509.5"
},{
  "dateTime" : "02/04/10 22:46:00",
  "value" : "717"
},{
  "dateTime" : "02/04/10 22:48:00",
  "value" : "1434"
},{
  "dateTime" : "02/04/10 22:49:00",
  "value" : "1864.2"
},{
  "dateTime" : "02/04/10 22:50:00",
  "value" : "860.4"
},{
  "dateTime" : "02/04/10 22:53:00",
  "value" : "430.2"
},{
  "dateTime" : "02/04/10 22:54:00",
  "value" : "2868"
},{
  "dateTime" : "02/04/10 22:56:00",
  "value" : "2366.1"
},{
  "dateTime" : "02/04/10 22:58:00",
  "value" : "2581.2"
},{
  "dateTime" : "02/04/10 23:00:00",
  "value" : "645.3"
},{
  "dateTime" : "02/04/10 23:01:00",
  "value" : "3011.4"
},{
  "dateTime" : "02/04/10 23:03:00",
  "value" : "1505.7"
},{
  "dateTime" : "02/04/10 23:04:00",
  "value" : "430.2"
},{
  "dateTime" : "02/04/10 23:05:00",
  "value" : "2939.7"
},{
  "dateTime" : "02/04/10 23:07:00",
  "value" : "860.4"
},{
  "dateTime" : "02/04/10 23:11:00",
  "value" : "1147.2"
},{
  "dateTime" : "02/04/10 23:12:00",
  "value" : "3011.4"
},{
  "dateTime" : "02/04/10 23:15:00",
  "value" : "3800.1"
},{
  "dateTime" : "02/04/10 23:16:00",
  "value" : "1218.9"
},{
  "dateTime" : "02/04/10 23:17:00",
  "value" : "215.1"
},{
  "dateTime" : "02/04/10 23:19:00",
  "value" : "860.4"
},{
  "dateTime" : "02/04/10 23:20:00",
  "value" : "4230.3"
},{
  "dateTime" : "02/04/10 23:22:00",
  "value" : "860.4"
},{
  "dateTime" : "02/04/10 23:24:00",
  "value" : "645.3"
},{
  "dateTime" : "02/04/10 23:25:00",
  "value" : "1649.1"
},{
  "dateTime" : "02/04/10 23:27:00",
  "value" : "2437.8"
},{
  "dateTime" : "02/04/10 23:32:00",
  "value" : "501.9"
},{
  "dateTime" : "02/04/10 23:33:00",
  "value" : "717"
},{
  "dateTime" : "02/04/10 23:35:00",
  "value" : "1218.9"
},{
  "dateTime" : "02/04/10 23:37:00",
  "value" : "1720.8"
},{
  "dateTime" : "02/04/10 23:38:00",
  "value" : "3441.6"
},{
  "dateTime" : "02/04/10 23:39:00",
  "value" : "860.4"
},{
  "dateTime" : "02/04/10 23:40:00",
  "value" : "860.4"
},{
  "dateTime" : "02/04/10 23:41:00",
  "value" : "1147.2"
},{
  "dateTime" : "02/04/10 23:43:00",
  "value" : "430.2"
},{
  "dateTime" : "02/04/10 23:47:00",
  "value" : "1720.8"
},{
  "dateTime" : "02/04/10 23:48:00",
  "value" : "1792.5"
},{
  "dateTime" : "02/04/10 23:49:00",
  "value" : "860.4"
},{
  "dateTime" : "02/04/10 23:52:00",
  "value" : "788.7"
},{
  "dateTime" : "02/04/10 23:53:00",
  "value" : "2007.6"
},{
  "dateTime" : "02/04/10 23:54:00",
  "value" : "501.9"
},{
  "dateTime" : "02/04/10 23:55:00",
  "value" : "645.3"
},{
  "dateTime" : "02/05/10 00:03:00",
  "value" : "573.6"
},{
  "dateTime" : "02/05/10 00:06:00",
  "value" : "2509.5"
},{
  "dateTime" : "02/05/10 00:07:00",
  "value" : "3585"
},{
  "dateTime" : "02/05/10 00:09:00",
  "value" : "1577.4"
},{
  "dateTime" : "02/05/10 00:22:00",
  "value" : "1577.4"
},{
  "dateTime" : "02/05/10 00:23:00",
  "value" : "645.3"
},{
  "dateTime" : "02/05/10 00:24:00",
  "value" : "1649.1"
},{
  "dateTime" : "02/05/10 00:27:00",
  "value" : "1362.3"
},{
  "dateTime" : "02/05/10 00:28:00",
  "value" : "1290.6"
},{
  "dateTime" : "02/05/10 00:36:00",
  "value" : "1362.3"
},{
  "dateTime" : "02/05/10 00:40:00",
  "value" : "1864.2"
},{
  "dateTime" : "02/05/10 00:41:00",
  "value" : "1505.7"
},{
  "dateTime" : "02/05/10 00:44:00",
  "value" : "1075.5"
},{
  "dateTime" : "02/05/10 00:45:00",
  "value" : "1003.8"
},{
  "dateTime" : "02/05/10 00:46:00",
  "value" : "1649.1"
},{
  "dateTime" : "02/05/10 00:48:00",
  "value" : "1147.2"
},{
  "dateTime" : "02/05/10 01:13:00",
  "value" : "1147.2"
},{
  "dateTime" : "02/05/10 01:14:00",
  "value" : "1075.5"
},{
  "dateTime" : "02/05/10 01:47:00",
  "value" : "932.1"
},{
  "dateTime" : "02/05/10 01:48:00",
  "value" : "2939.7"
},{
  "dateTime" : "02/05/10 01:49:00",
  "value" : "1362.3"
},{
  "dateTime" : "02/05/10 02:04:00",
  "value" : "2437.8"
},{
  "dateTime" : "02/05/10 02:05:00",
  "value" : "4158.6"
},{
  "dateTime" : "02/05/10 02:07:00",
  "value" : "1864.2"
},{
  "dateTime" : "02/05/10 02:32:00",
  "value" : "1362.3"
},{
  "dateTime" : "02/05/10 02:34:00",
  "value" : "1362.3"
},{
  "dateTime" : "02/05/10 02:35:00",
  "value" : "788.7"
},{
  "dateTime" : "02/05/10 03:15:00",
  "value" : "2007.6"
},{
  "dateTime" : "02/05/10 03:16:00",
  "value" : "4803.9"
},{
  "dateTime" : "02/05/10 03:17:00",
  "value" : "3083.1"
},{
  "dateTime" : "02/05/10 03:18:00",
  "value" : "2151"
},{
  "dateTime" : "02/05/10 03:19:00",
  "value" : "501.9"
},{
  "dateTime" : "02/05/10 03:21:00",
  "value" : "1577.4"
},{
  "dateTime" : "02/05/10 03:22:00",
  "value" : "3513.3"
},{
  "dateTime" : "02/05/10 03:23:00",
  "value" : "6453"
},{
  "dateTime" : "02/05/10 03:24:00",
  "value" : "2509.5"
},{
  "dateTime" : "02/05/10 04:22:00",
  "value" : "2868"
},{
  "dateTime" : "02/05/10 04:23:00",
  "value" : "1505.7"
},{
  "dateTime" : "02/05/10 04:24:00",
  "value" : "3513.3"
},{
  "dateTime" : "02/05/10 04:25:00",
  "value" : "1362.3"
},{
  "dateTime" : "02/05/10 04:26:00",
  "value" : "1290.6"
}]