[{
  "logId" : 149455904,
  "activityName" : "Elliptical Trainer (MyFitnessPal)",
  "activityTypeId" : 5493232,
  "activityLevel" : [{
    "minutes" : 0,
    "name" : "sedentary"
  },{
    "minutes" : 0,
    "name" : "lightly"
  },{
    "minutes" : 0,
    "name" : "fairly"
  },{
    "minutes" : 66,
    "name" : "very"
  }],
  "calories" : 852,
  "distance" : 0.0,
  "distanceUnit" : "Mile",
  "duration" : 3960000,
  "activeDuration" : 3960000,
  "steps" : 0,
  "source" : {
    "type" : "app",
    "name" : "MyFitnessPal",
    "id" : "228VC7",
    "url" : "http://www.myfitnesspal.com"
  },
  "logType" : "manual",
  "manualValuesSpecified" : {
    "calories" : true,
    "distance" : true,
    "steps" : true
  },
  "speed" : 0.0,
  "lastModified" : "08/26/15 17:51:27",
  "startTime" : "02/02/15 15:35:00",
  "originalStartTime" : "02/02/15 15:35:00",
  "originalDuration" : 3960000,
  "hasGps" : false,
  "shouldFetchDetails" : false
},{
  "logId" : 149479773,
  "activityName" : "Workout",
  "activityTypeId" : 3000,
  "activityLevel" : [{
    "minutes" : 0,
    "name" : "sedentary"
  },{
    "minutes" : 0,
    "name" : "lightly"
  },{
    "minutes" : 0,
    "name" : "fairly"
  },{
    "minutes" : 65,
    "name" : "very"
  }],
  "calories" : 848,
  "duration" : 3903000,
  "activeDuration" : 3903000,
  "steps" : 7631,
  "source" : {
    "type" : "tracker",
    "name" : "Force",
    "id" : "7159965",
    "url" : "https://www.fitbit.com/"
  },
  "logType" : "tracker",
  "manualValuesSpecified" : {
    "calories" : false,
    "distance" : false,
    "steps" : false
  },
  "lastModified" : "08/26/15 17:51:27",
  "startTime" : "02/02/15 20:35:40",
  "originalStartTime" : "02/02/15 20:35:40",
  "originalDuration" : 3903000,
  "hasGps" : false,
  "shouldFetchDetails" : false
},{
  "logId" : 151636787,
  "activityName" : "Workout",
  "activityTypeId" : 3000,
  "activityLevel" : [{
    "minutes" : 0,
    "name" : "sedentary"
  },{
    "minutes" : 0,
    "name" : "lightly"
  },{
    "minutes" : 2,
    "name" : "fairly"
  },{
    "minutes" : 69,
    "name" : "very"
  }],
  "calories" : 940,
  "duration" : 4262000,
  "activeDuration" : 4262000,
  "steps" : 9099,
  "source" : {
    "type" : "tracker",
    "name" : "Force",
    "id" : "7159965",
    "url" : "https://www.fitbit.com/"
  },
  "logType" : "tracker",
  "manualValuesSpecified" : {
    "calories" : false,
    "distance" : false,
    "steps" : false
  },
  "lastModified" : "08/26/15 17:51:27",
  "startTime" : "02/05/15 19:33:42",
  "originalStartTime" : "02/05/15 19:33:42",
  "originalDuration" : 4262000,
  "hasGps" : false,
  "shouldFetchDetails" : false
},{
  "logId" : 151591670,
  "activityName" : "Elliptical Trainer (MyFitnessPal)",
  "activityTypeId" : 5493232,
  "activityLevel" : [{
    "minutes" : 0,
    "name" : "sedentary"
  },{
    "minutes" : 0,
    "name" : "lightly"
  },{
    "minutes" : 0,
    "name" : "fairly"
  },{
    "minutes" : 65,
    "name" : "very"
  }],
  "calories" : 737,
  "distance" : 0.0,
  "distanceUnit" : "Mile",
  "duration" : 3900000,
  "activeDuration" : 3900000,
  "steps" : 0,
  "source" : {
    "type" : "app",
    "name" : "MyFitnessPal",
    "id" : "228VC7",
    "url" : "http://www.myfitnesspal.com"
  },
  "logType" : "manual",
  "manualValuesSpecified" : {
    "calories" : true,
    "distance" : true,
    "steps" : true
  },
  "speed" : 0.0,
  "lastModified" : "08/26/15 17:51:27",
  "startTime" : "02/05/15 15:40:00",
  "originalStartTime" : "02/05/15 15:40:00",
  "originalDuration" : 3900000,
  "hasGps" : false,
  "shouldFetchDetails" : false
},{
  "logId" : 153728533,
  "activityName" : "Elliptical Trainer (MyFitnessPal)",
  "activityTypeId" : 5493232,
  "activityLevel" : [{
    "minutes" : 0,
    "name" : "sedentary"
  },{
    "minutes" : 0,
    "name" : "lightly"
  },{
    "minutes" : 0,
    "name" : "fairly"
  },{
    "minutes" : 66,
    "name" : "very"
  }],
  "calories" : 774,
  "distance" : 0.0,
  "distanceUnit" : "Mile",
  "duration" : 3960000,
  "activeDuration" : 3960000,
  "steps" : 0,
  "source" : {
    "type" : "app",
    "name" : "MyFitnessPal",
    "id" : "228VC7",
    "url" : "http://www.myfitnesspal.com"
  },
  "logType" : "manual",
  "manualValuesSpecified" : {
    "calories" : true,
    "distance" : true,
    "steps" : true
  },
  "speed" : 0.0,
  "lastModified" : "08/26/15 17:51:27",
  "startTime" : "02/09/15 09:38:00",
  "originalStartTime" : "02/09/15 09:38:00",
  "originalDuration" : 3960000,
  "hasGps" : false,
  "shouldFetchDetails" : false
},{
  "logId" : 153712059,
  "activityName" : "Workout",
  "activityTypeId" : 3000,
  "activityLevel" : [{
    "minutes" : 2,
    "name" : "sedentary"
  },{
    "minutes" : 4,
    "name" : "lightly"
  },{
    "minutes" : 1,
    "name" : "fairly"
  },{
    "minutes" : 66,
    "name" : "very"
  }],
  "calories" : 804,
  "duration" : 4409000,
  "activeDuration" : 4409000,
  "steps" : 8593,
  "source" : {
    "type" : "tracker",
    "name" : "Force",
    "id" : "7159965",
    "url" : "https://www.fitbit.com/"
  },
  "logType" : "tracker",
  "manualValuesSpecified" : {
    "calories" : false,
    "distance" : false,
    "steps" : false
  },
  "lastModified" : "08/26/15 17:51:27",
  "startTime" : "02/09/15 14:38:43",
  "originalStartTime" : "02/09/15 14:38:43",
  "originalDuration" : 4409000,
  "hasGps" : false,
  "shouldFetchDetails" : false
},{
  "logId" : 158775697,
  "activityName" : "Elliptical Trainer (MyFitnessPal)",
  "activityTypeId" : 5493232,
  "activityLevel" : [{
    "minutes" : 0,
    "name" : "sedentary"
  },{
    "minutes" : 0,
    "name" : "lightly"
  },{
    "minutes" : 0,
    "name" : "fairly"
  },{
    "minutes" : 66,
    "name" : "very"
  }],
  "calories" : 740,
  "distance" : 0.0,
  "distanceUnit" : "Mile",
  "duration" : 3960000,
  "activeDuration" : 3960000,
  "steps" : 0,
  "source" : {
    "type" : "app",
    "name" : "MyFitnessPal",
    "id" : "228VC7",
    "url" : "http://www.myfitnesspal.com"
  },
  "logType" : "manual",
  "manualValuesSpecified" : {
    "calories" : true,
    "distance" : true,
    "steps" : true
  },
  "speed" : 0.0,
  "lastModified" : "08/26/15 17:51:27",
  "startTime" : "02/17/15 12:27:00",
  "originalStartTime" : "02/17/15 12:27:00",
  "originalDuration" : 3960000,
  "hasGps" : false,
  "shouldFetchDetails" : false
},{
  "logId" : 158788241,
  "activityName" : "Workout",
  "activityTypeId" : 3000,
  "activityLevel" : [{
    "minutes" : 0,
    "name" : "sedentary"
  },{
    "minutes" : 0,
    "name" : "lightly"
  },{
    "minutes" : 0,
    "name" : "fairly"
  },{
    "minutes" : 65,
    "name" : "very"
  }],
  "calories" : 725,
  "duration" : 3934000,
  "activeDuration" : 3934000,
  "steps" : 9101,
  "source" : {
    "type" : "tracker",
    "name" : "Force",
    "id" : "7159965",
    "url" : "https://www.fitbit.com/"
  },
  "logType" : "tracker",
  "manualValuesSpecified" : {
    "calories" : false,
    "distance" : false,
    "steps" : false
  },
  "lastModified" : "08/26/15 17:51:27",
  "startTime" : "02/17/15 17:27:17",
  "originalStartTime" : "02/17/15 17:27:17",
  "originalDuration" : 3934000,
  "hasGps" : false,
  "shouldFetchDetails" : false
},{
  "logId" : 159161253,
  "activityName" : "Workout",
  "activityTypeId" : 3000,
  "activityLevel" : [{
    "minutes" : 10,
    "name" : "sedentary"
  },{
    "minutes" : 1,
    "name" : "lightly"
  },{
    "minutes" : 20,
    "name" : "fairly"
  },{
    "minutes" : 15,
    "name" : "very"
  }],
  "calories" : 260,
  "duration" : 2789000,
  "activeDuration" : 2789000,
  "steps" : 2945,
  "source" : {
    "type" : "tracker",
    "name" : "Force",
    "id" : "7159965",
    "url" : "https://www.fitbit.com/"
  },
  "logType" : "tracker",
  "manualValuesSpecified" : {
    "calories" : false,
    "distance" : false,
    "steps" : false
  },
  "lastModified" : "08/26/15 17:51:27",
  "startTime" : "02/17/15 23:19:26",
  "originalStartTime" : "02/17/15 23:19:26",
  "originalDuration" : 2789000,
  "hasGps" : false,
  "shouldFetchDetails" : false
},{
  "logId" : 162299218,
  "activityName" : "Elliptical Trainer (MyFitnessPal)",
  "activityTypeId" : 5493232,
  "activityLevel" : [{
    "minutes" : 0,
    "name" : "sedentary"
  },{
    "minutes" : 0,
    "name" : "lightly"
  },{
    "minutes" : 0,
    "name" : "fairly"
  },{
    "minutes" : 66,
    "name" : "very"
  }],
  "calories" : 735,
  "distance" : 0.0,
  "distanceUnit" : "Mile",
  "duration" : 3960000,
  "activeDuration" : 3960000,
  "steps" : 0,
  "source" : {
    "type" : "app",
    "name" : "MyFitnessPal",
    "id" : "228VC7",
    "url" : "http://www.myfitnesspal.com"
  },
  "logType" : "manual",
  "manualValuesSpecified" : {
    "calories" : true,
    "distance" : true,
    "steps" : true
  },
  "speed" : 0.0,
  "lastModified" : "08/26/15 17:51:27",
  "startTime" : "02/23/15 14:03:00",
  "originalStartTime" : "02/23/15 14:03:00",
  "originalDuration" : 3960000,
  "hasGps" : false,
  "shouldFetchDetails" : false
},{
  "logId" : 162114469,
  "activityName" : "Workout",
  "activityTypeId" : 3000,
  "activityLevel" : [{
    "minutes" : 0,
    "name" : "sedentary"
  },{
    "minutes" : 0,
    "name" : "lightly"
  },{
    "minutes" : 0,
    "name" : "fairly"
  },{
    "minutes" : 66,
    "name" : "very"
  }],
  "calories" : 739,
  "duration" : 3929000,
  "activeDuration" : 3929000,
  "steps" : 9197,
  "source" : {
    "type" : "tracker",
    "name" : "Force",
    "id" : "7159965",
    "url" : "https://www.fitbit.com/"
  },
  "logType" : "tracker",
  "manualValuesSpecified" : {
    "calories" : false,
    "distance" : false,
    "steps" : false
  },
  "lastModified" : "08/26/15 17:51:27",
  "startTime" : "02/23/15 19:03:32",
  "originalStartTime" : "02/23/15 19:03:32",
  "originalDuration" : 3929000,
  "hasGps" : false,
  "shouldFetchDetails" : false
},{
  "logId" : 163018655,
  "activityName" : "Elliptical Trainer (MyFitnessPal)",
  "activityTypeId" : 5493232,
  "activityLevel" : [{
    "minutes" : 0,
    "name" : "sedentary"
  },{
    "minutes" : 0,
    "name" : "lightly"
  },{
    "minutes" : 0,
    "name" : "fairly"
  },{
    "minutes" : 66,
    "name" : "very"
  }],
  "calories" : 768,
  "distance" : 0.0,
  "distanceUnit" : "Mile",
  "duration" : 3960000,
  "activeDuration" : 3960000,
  "steps" : 0,
  "source" : {
    "type" : "app",
    "name" : "MyFitnessPal",
    "id" : "228VC7",
    "url" : "http://www.myfitnesspal.com"
  },
  "logType" : "manual",
  "manualValuesSpecified" : {
    "calories" : true,
    "distance" : true,
    "steps" : true
  },
  "speed" : 0.0,
  "lastModified" : "08/26/15 17:51:27",
  "startTime" : "02/24/15 13:04:00",
  "originalStartTime" : "02/24/15 13:04:00",
  "originalDuration" : 3960000,
  "hasGps" : false,
  "shouldFetchDetails" : false
},{
  "logId" : 162831854,
  "activityName" : "Workout",
  "activityTypeId" : 3000,
  "activityLevel" : [{
    "minutes" : 0,
    "name" : "sedentary"
  },{
    "minutes" : 1,
    "name" : "lightly"
  },{
    "minutes" : 3,
    "name" : "fairly"
  },{
    "minutes" : 66,
    "name" : "very"
  }],
  "calories" : 790,
  "duration" : 4241000,
  "activeDuration" : 4241000,
  "steps" : 8757,
  "source" : {
    "type" : "tracker",
    "name" : "Force",
    "id" : "7159965",
    "url" : "https://www.fitbit.com/"
  },
  "logType" : "tracker",
  "manualValuesSpecified" : {
    "calories" : false,
    "distance" : false,
    "steps" : false
  },
  "lastModified" : "08/26/15 17:51:27",
  "startTime" : "02/24/15 18:04:20",
  "originalStartTime" : "02/24/15 18:04:20",
  "originalDuration" : 4241000,
  "hasGps" : false,
  "shouldFetchDetails" : false
},{
  "logId" : 163746405,
  "activityName" : "Elliptical Trainer (MyFitnessPal)",
  "activityTypeId" : 5493232,
  "activityLevel" : [{
    "minutes" : 0,
    "name" : "sedentary"
  },{
    "minutes" : 0,
    "name" : "lightly"
  },{
    "minutes" : 0,
    "name" : "fairly"
  },{
    "minutes" : 66,
    "name" : "very"
  }],
  "calories" : 765,
  "distance" : 0.0,
  "distanceUnit" : "Mile",
  "duration" : 3960000,
  "activeDuration" : 3960000,
  "steps" : 0,
  "source" : {
    "type" : "app",
    "name" : "MyFitnessPal",
    "id" : "228VC7",
    "url" : "http://www.myfitnesspal.com"
  },
  "logType" : "manual",
  "manualValuesSpecified" : {
    "calories" : true,
    "distance" : true,
    "steps" : true
  },
  "speed" : 0.0,
  "lastModified" : "08/26/15 17:51:27",
  "startTime" : "02/25/15 13:41:00",
  "originalStartTime" : "02/25/15 13:41:00",
  "originalDuration" : 3960000,
  "hasGps" : false,
  "shouldFetchDetails" : false
},{
  "logId" : 163709791,
  "activityName" : "Workout",
  "activityTypeId" : 3000,
  "activityLevel" : [{
    "minutes" : 0,
    "name" : "sedentary"
  },{
    "minutes" : 0,
    "name" : "lightly"
  },{
    "minutes" : 0,
    "name" : "fairly"
  },{
    "minutes" : 65,
    "name" : "very"
  }],
  "calories" : 755,
  "duration" : 3928000,
  "activeDuration" : 3928000,
  "steps" : 8509,
  "source" : {
    "type" : "tracker",
    "name" : "Force",
    "id" : "7159965",
    "url" : "https://www.fitbit.com/"
  },
  "logType" : "tracker",
  "manualValuesSpecified" : {
    "calories" : false,
    "distance" : false,
    "steps" : false
  },
  "lastModified" : "08/26/15 17:51:27",
  "startTime" : "02/25/15 18:41:28",
  "originalStartTime" : "02/25/15 18:41:28",
  "originalDuration" : 3928000,
  "hasGps" : false,
  "shouldFetchDetails" : false
},{
  "logId" : 164475215,
  "activityName" : "Elliptical Trainer (MyFitnessPal)",
  "activityTypeId" : 5493232,
  "activityLevel" : [{
    "minutes" : 0,
    "name" : "sedentary"
  },{
    "minutes" : 0,
    "name" : "lightly"
  },{
    "minutes" : 0,
    "name" : "fairly"
  },{
    "minutes" : 66,
    "name" : "very"
  }],
  "calories" : 773,
  "distance" : 0.0,
  "distanceUnit" : "Mile",
  "duration" : 3960000,
  "activeDuration" : 3960000,
  "steps" : 0,
  "source" : {
    "type" : "app",
    "name" : "MyFitnessPal",
    "id" : "228VC7",
    "url" : "http://www.myfitnesspal.com"
  },
  "logType" : "manual",
  "manualValuesSpecified" : {
    "calories" : true,
    "distance" : true,
    "steps" : true
  },
  "speed" : 0.0,
  "lastModified" : "08/26/15 17:51:27",
  "startTime" : "02/26/15 12:54:00",
  "originalStartTime" : "02/26/15 12:54:00",
  "originalDuration" : 3960000,
  "hasGps" : false,
  "shouldFetchDetails" : false
},{
  "logId" : 165052902,
  "activityName" : "Workout",
  "activityTypeId" : 3000,
  "activityLevel" : [{
    "minutes" : 0,
    "name" : "sedentary"
  },{
    "minutes" : 1,
    "name" : "lightly"
  },{
    "minutes" : 0,
    "name" : "fairly"
  },{
    "minutes" : 66,
    "name" : "very"
  }],
  "calories" : 777,
  "duration" : 4079000,
  "activeDuration" : 4079000,
  "steps" : 8918,
  "source" : {
    "type" : "tracker",
    "name" : "Force",
    "id" : "7159965",
    "url" : "https://www.fitbit.com/"
  },
  "logType" : "tracker",
  "manualValuesSpecified" : {
    "calories" : false,
    "distance" : false,
    "steps" : false
  },
  "lastModified" : "08/26/15 17:51:27",
  "startTime" : "02/26/15 17:54:13",
  "originalStartTime" : "02/26/15 17:54:13",
  "originalDuration" : 4079000,
  "hasGps" : false,
  "shouldFetchDetails" : false
},{
  "logId" : 165093538,
  "activityName" : "Elliptical Trainer (MyFitnessPal)",
  "activityTypeId" : 5493232,
  "activityLevel" : [{
    "minutes" : 0,
    "name" : "sedentary"
  },{
    "minutes" : 0,
    "name" : "lightly"
  },{
    "minutes" : 0,
    "name" : "fairly"
  },{
    "minutes" : 36,
    "name" : "very"
  }],
  "calories" : 412,
  "distance" : 0.0,
  "distanceUnit" : "Mile",
  "duration" : 2160000,
  "activeDuration" : 2160000,
  "steps" : 0,
  "source" : {
    "type" : "app",
    "name" : "MyFitnessPal",
    "id" : "228VC7",
    "url" : "http://www.myfitnesspal.com"
  },
  "logType" : "manual",
  "manualValuesSpecified" : {
    "calories" : true,
    "distance" : true,
    "steps" : true
  },
  "speed" : 0.0,
  "lastModified" : "08/26/15 17:51:27",
  "startTime" : "02/27/15 11:14:00",
  "originalStartTime" : "02/27/15 11:14:00",
  "originalDuration" : 2160000,
  "hasGps" : false,
  "shouldFetchDetails" : false
},{
  "logId" : 164972785,
  "activityName" : "Workout",
  "activityTypeId" : 3000,
  "activityLevel" : [{
    "minutes" : 0,
    "name" : "sedentary"
  },{
    "minutes" : 0,
    "name" : "lightly"
  },{
    "minutes" : 0,
    "name" : "fairly"
  },{
    "minutes" : 36,
    "name" : "very"
  }],
  "calories" : 415,
  "duration" : 2132000,
  "activeDuration" : 2132000,
  "steps" : 4659,
  "source" : {
    "type" : "tracker",
    "name" : "Force",
    "id" : "7159965",
    "url" : "https://www.fitbit.com/"
  },
  "logType" : "tracker",
  "manualValuesSpecified" : {
    "calories" : false,
    "distance" : false,
    "steps" : false
  },
  "lastModified" : "08/26/15 17:51:27",
  "startTime" : "02/27/15 16:14:59",
  "originalStartTime" : "02/27/15 16:14:59",
  "originalDuration" : 2132000,
  "hasGps" : false,
  "shouldFetchDetails" : false
},{
  "logId" : 166606564,
  "activityName" : "Elliptical Trainer (MyFitnessPal)",
  "activityTypeId" : 5493232,
  "activityLevel" : [{
    "minutes" : 0,
    "name" : "sedentary"
  },{
    "minutes" : 0,
    "name" : "lightly"
  },{
    "minutes" : 0,
    "name" : "fairly"
  },{
    "minutes" : 66,
    "name" : "very"
  }],
  "calories" : 790,
  "distance" : 0.0,
  "distanceUnit" : "Mile",
  "duration" : 3960000,
  "activeDuration" : 3960000,
  "steps" : 0,
  "source" : {
    "type" : "app",
    "name" : "MyFitnessPal",
    "id" : "228VC7",
    "url" : "http://www.myfitnesspal.com"
  },
  "logType" : "manual",
  "manualValuesSpecified" : {
    "calories" : true,
    "distance" : true,
    "steps" : true
  },
  "speed" : 0.0,
  "lastModified" : "08/26/15 17:51:27",
  "startTime" : "03/02/15 14:12:00",
  "originalStartTime" : "03/02/15 14:12:00",
  "originalDuration" : 3960000,
  "hasGps" : false,
  "shouldFetchDetails" : false
},{
  "logId" : 166551794,
  "activityName" : "Workout",
  "activityTypeId" : 3000,
  "activityLevel" : [{
    "minutes" : 0,
    "name" : "sedentary"
  },{
    "minutes" : 0,
    "name" : "lightly"
  },{
    "minutes" : 0,
    "name" : "fairly"
  },{
    "minutes" : 65,
    "name" : "very"
  }],
  "calories" : 779,
  "duration" : 3901000,
  "activeDuration" : 3901000,
  "steps" : 9015,
  "source" : {
    "type" : "tracker",
    "name" : "Force",
    "id" : "7159965",
    "url" : "https://www.fitbit.com/"
  },
  "logType" : "tracker",
  "manualValuesSpecified" : {
    "calories" : false,
    "distance" : false,
    "steps" : false
  },
  "lastModified" : "08/26/15 17:51:27",
  "startTime" : "03/02/15 19:12:52",
  "originalStartTime" : "03/02/15 19:12:52",
  "originalDuration" : 3901000,
  "hasGps" : false,
  "shouldFetchDetails" : false
},{
  "logId" : 167072906,
  "activityName" : "Elliptical Trainer (MyFitnessPal)",
  "activityTypeId" : 5493232,
  "activityLevel" : [{
    "minutes" : 0,
    "name" : "sedentary"
  },{
    "minutes" : 0,
    "name" : "lightly"
  },{
    "minutes" : 0,
    "name" : "fairly"
  },{
    "minutes" : 66,
    "name" : "very"
  }],
  "calories" : 697,
  "distance" : 0.0,
  "distanceUnit" : "Mile",
  "duration" : 3960000,
  "activeDuration" : 3960000,
  "steps" : 0,
  "source" : {
    "type" : "app",
    "name" : "MyFitnessPal",
    "id" : "228VC7",
    "url" : "http://www.myfitnesspal.com"
  },
  "logType" : "manual",
  "manualValuesSpecified" : {
    "calories" : true,
    "distance" : true,
    "steps" : true
  },
  "speed" : 0.0,
  "lastModified" : "08/26/15 17:51:27",
  "startTime" : "03/03/15 09:25:00",
  "originalStartTime" : "03/03/15 09:25:00",
  "originalDuration" : 3960000,
  "hasGps" : false,
  "shouldFetchDetails" : false
},{
  "logId" : 167087393,
  "activityName" : "Workout",
  "activityTypeId" : 3000,
  "activityLevel" : [{
    "minutes" : 1,
    "name" : "sedentary"
  },{
    "minutes" : 2,
    "name" : "lightly"
  },{
    "minutes" : 0,
    "name" : "fairly"
  },{
    "minutes" : 67,
    "name" : "very"
  }],
  "calories" : 723,
  "duration" : 4241000,
  "activeDuration" : 4241000,
  "steps" : 9352,
  "source" : {
    "type" : "tracker",
    "name" : "Force",
    "id" : "7159965",
    "url" : "https://www.fitbit.com/"
  },
  "logType" : "tracker",
  "manualValuesSpecified" : {
    "calories" : false,
    "distance" : false,
    "steps" : false
  },
  "lastModified" : "08/26/15 17:51:27",
  "startTime" : "03/03/15 14:25:51",
  "originalStartTime" : "03/03/15 14:25:51",
  "originalDuration" : 4241000,
  "hasGps" : false,
  "shouldFetchDetails" : false
},{
  "logId" : 168515605,
  "activityName" : "Elliptical Trainer (MyFitnessPal)",
  "activityTypeId" : 5493232,
  "activityLevel" : [{
    "minutes" : 0,
    "name" : "sedentary"
  },{
    "minutes" : 0,
    "name" : "lightly"
  },{
    "minutes" : 0,
    "name" : "fairly"
  },{
    "minutes" : 66,
    "name" : "very"
  }],
  "calories" : 784,
  "distance" : 0.0,
  "distanceUnit" : "Mile",
  "duration" : 3960000,
  "activeDuration" : 3960000,
  "steps" : 0,
  "source" : {
    "type" : "app",
    "name" : "MyFitnessPal",
    "id" : "228VC7",
    "url" : "http://www.myfitnesspal.com"
  },
  "logType" : "manual",
  "manualValuesSpecified" : {
    "calories" : true,
    "distance" : true,
    "steps" : true
  },
  "speed" : 0.0,
  "lastModified" : "08/26/15 17:51:27",
  "startTime" : "03/05/15 10:19:00",
  "originalStartTime" : "03/05/15 10:19:00",
  "originalDuration" : 3960000,
  "hasGps" : false,
  "shouldFetchDetails" : false
},{
  "logId" : 168484121,
  "activityName" : "Workout",
  "activityTypeId" : 3000,
  "activityLevel" : [{
    "minutes" : 0,
    "name" : "sedentary"
  },{
    "minutes" : 0,
    "name" : "lightly"
  },{
    "minutes" : 0,
    "name" : "fairly"
  },{
    "minutes" : 65,
    "name" : "very"
  }],
  "calories" : 773,
  "duration" : 3913000,
  "activeDuration" : 3913000,
  "steps" : 9220,
  "source" : {
    "type" : "tracker",
    "name" : "Force",
    "id" : "7159965",
    "url" : "https://www.fitbit.com/"
  },
  "logType" : "tracker",
  "manualValuesSpecified" : {
    "calories" : false,
    "distance" : false,
    "steps" : false
  },
  "lastModified" : "08/26/15 17:51:27",
  "startTime" : "03/05/15 15:19:41",
  "originalStartTime" : "03/05/15 15:19:41",
  "originalDuration" : 3913000,
  "hasGps" : false,
  "shouldFetchDetails" : false
},{
  "logId" : 169192190,
  "activityName" : "Elliptical Trainer (MyFitnessPal)",
  "activityTypeId" : 5493232,
  "activityLevel" : [{
    "minutes" : 0,
    "name" : "sedentary"
  },{
    "minutes" : 0,
    "name" : "lightly"
  },{
    "minutes" : 0,
    "name" : "fairly"
  },{
    "minutes" : 66,
    "name" : "very"
  }],
  "calories" : 761,
  "distance" : 0.0,
  "distanceUnit" : "Mile",
  "duration" : 3960000,
  "activeDuration" : 3960000,
  "steps" : 0,
  "source" : {
    "type" : "app",
    "name" : "MyFitnessPal",
    "id" : "228VC7",
    "url" : "http://www.myfitnesspal.com"
  },
  "logType" : "manual",
  "manualValuesSpecified" : {
    "calories" : true,
    "distance" : true,
    "steps" : true
  },
  "speed" : 0.0,
  "lastModified" : "08/26/15 17:51:27",
  "startTime" : "03/06/15 14:08:00",
  "originalStartTime" : "03/06/15 14:08:00",
  "originalDuration" : 3960000,
  "hasGps" : false,
  "shouldFetchDetails" : false
},{
  "logId" : 169385913,
  "activityName" : "Workout",
  "activityTypeId" : 3000,
  "activityLevel" : [{
    "minutes" : 0,
    "name" : "sedentary"
  },{
    "minutes" : 0,
    "name" : "lightly"
  },{
    "minutes" : 0,
    "name" : "fairly"
  },{
    "minutes" : 66,
    "name" : "very"
  }],
  "calories" : 761,
  "duration" : 3944000,
  "activeDuration" : 3944000,
  "steps" : 8534,
  "source" : {
    "type" : "tracker",
    "name" : "Force",
    "id" : "7159965",
    "url" : "https://www.fitbit.com/"
  },
  "logType" : "tracker",
  "manualValuesSpecified" : {
    "calories" : false,
    "distance" : false,
    "steps" : false
  },
  "lastModified" : "08/26/15 17:51:27",
  "startTime" : "03/06/15 19:08:26",
  "originalStartTime" : "03/06/15 19:08:26",
  "originalDuration" : 3944000,
  "hasGps" : false,
  "shouldFetchDetails" : false
},{
  "logId" : 169678418,
  "activityName" : "Elliptical Trainer (MyFitnessPal)",
  "activityTypeId" : 5493232,
  "activityLevel" : [{
    "minutes" : 0,
    "name" : "sedentary"
  },{
    "minutes" : 0,
    "name" : "lightly"
  },{
    "minutes" : 0,
    "name" : "fairly"
  },{
    "minutes" : 31,
    "name" : "very"
  }],
  "calories" : 366,
  "distance" : 0.0,
  "distanceUnit" : "Mile",
  "duration" : 1860000,
  "activeDuration" : 1860000,
  "steps" : 0,
  "source" : {
    "type" : "app",
    "name" : "MyFitnessPal",
    "id" : "228VC7",
    "url" : "http://www.myfitnesspal.com"
  },
  "logType" : "manual",
  "manualValuesSpecified" : {
    "calories" : true,
    "distance" : true,
    "steps" : true
  },
  "speed" : 0.0,
  "lastModified" : "08/26/15 17:51:27",
  "startTime" : "03/07/15 11:00:00",
  "originalStartTime" : "03/07/15 11:00:00",
  "originalDuration" : 1860000,
  "hasGps" : false,
  "shouldFetchDetails" : false
},{
  "logId" : 169692974,
  "activityName" : "Bicycling, 10-12 mph, light (cycling, biking, bike riding) (MyFitnessPal)",
  "activityTypeId" : 8215245,
  "activityLevel" : [{
    "minutes" : 0,
    "name" : "sedentary"
  },{
    "minutes" : 0,
    "name" : "lightly"
  },{
    "minutes" : 0,
    "name" : "fairly"
  },{
    "minutes" : 25,
    "name" : "very"
  }],
  "calories" : 343,
  "distance" : 0.0,
  "distanceUnit" : "Mile",
  "duration" : 1500000,
  "activeDuration" : 1500000,
  "steps" : 0,
  "source" : {
    "type" : "app",
    "name" : "MyFitnessPal",
    "id" : "228VC7",
    "url" : "http://www.myfitnesspal.com"
  },
  "logType" : "manual",
  "manualValuesSpecified" : {
    "calories" : true,
    "distance" : true,
    "steps" : true
  },
  "speed" : 0.0,
  "lastModified" : "08/26/15 17:51:27",
  "startTime" : "03/07/15 11:37:00",
  "originalStartTime" : "03/07/15 11:37:00",
  "originalDuration" : 1500000,
  "hasGps" : false,
  "shouldFetchDetails" : false
},{
  "logId" : 170705443,
  "activityName" : "Elliptical Trainer (MyFitnessPal)",
  "activityTypeId" : 5493232,
  "activityLevel" : [{
    "minutes" : 0,
    "name" : "sedentary"
  },{
    "minutes" : 0,
    "name" : "lightly"
  },{
    "minutes" : 0,
    "name" : "fairly"
  },{
    "minutes" : 66,
    "name" : "very"
  }],
  "calories" : 825,
  "distance" : 0.0,
  "distanceUnit" : "Mile",
  "duration" : 3960000,
  "activeDuration" : 3960000,
  "steps" : 0,
  "source" : {
    "type" : "app",
    "name" : "MyFitnessPal",
    "id" : "228VC7",
    "url" : "http://www.myfitnesspal.com"
  },
  "logType" : "manual",
  "manualValuesSpecified" : {
    "calories" : true,
    "distance" : true,
    "steps" : true
  },
  "speed" : 0.0,
  "lastModified" : "08/26/15 17:51:27",
  "startTime" : "03/09/15 11:38:00",
  "originalStartTime" : "03/09/15 11:38:00",
  "originalDuration" : 3960000,
  "hasGps" : false,
  "shouldFetchDetails" : false
},{
  "logId" : 170728857,
  "activityName" : "Workout",
  "activityTypeId" : 3000,
  "activityLevel" : [{
    "minutes" : 43,
    "name" : "sedentary"
  },{
    "minutes" : 15,
    "name" : "lightly"
  },{
    "minutes" : 5,
    "name" : "fairly"
  },{
    "minutes" : 67,
    "name" : "very"
  }],
  "calories" : 978,
  "duration" : 7826000,
  "activeDuration" : 7826000,
  "steps" : 10061,
  "source" : {
    "type" : "tracker",
    "name" : "Force",
    "id" : "7159965",
    "url" : "https://www.fitbit.com/"
  },
  "logType" : "tracker",
  "manualValuesSpecified" : {
    "calories" : false,
    "distance" : false,
    "steps" : false
  },
  "lastModified" : "08/26/15 17:51:27",
  "startTime" : "03/09/15 15:38:11",
  "originalStartTime" : "03/09/15 15:38:11",
  "originalDuration" : 7826000,
  "hasGps" : false,
  "shouldFetchDetails" : false
},{
  "logId" : 171503613,
  "activityName" : "Elliptical Trainer (MyFitnessPal)",
  "activityTypeId" : 5493232,
  "activityLevel" : [{
    "minutes" : 0,
    "name" : "sedentary"
  },{
    "minutes" : 0,
    "name" : "lightly"
  },{
    "minutes" : 0,
    "name" : "fairly"
  },{
    "minutes" : 66,
    "name" : "very"
  }],
  "calories" : 719,
  "distance" : 0.0,
  "distanceUnit" : "Mile",
  "duration" : 3960000,
  "activeDuration" : 3960000,
  "steps" : 0,
  "source" : {
    "type" : "app",
    "name" : "MyFitnessPal",
    "id" : "228VC7",
    "url" : "http://www.myfitnesspal.com"
  },
  "logType" : "manual",
  "manualValuesSpecified" : {
    "calories" : true,
    "distance" : true,
    "steps" : true
  },
  "speed" : 0.0,
  "lastModified" : "08/26/15 17:51:27",
  "startTime" : "03/10/15 13:15:00",
  "originalStartTime" : "03/10/15 13:15:00",
  "originalDuration" : 3960000,
  "hasGps" : false,
  "shouldFetchDetails" : false
},{
  "logId" : 171788941,
  "activityName" : "Workout",
  "activityTypeId" : 3000,
  "activityLevel" : [{
    "minutes" : 0,
    "name" : "sedentary"
  },{
    "minutes" : 0,
    "name" : "lightly"
  },{
    "minutes" : 0,
    "name" : "fairly"
  },{
    "minutes" : 67,
    "name" : "very"
  }],
  "calories" : 728,
  "duration" : 4029000,
  "activeDuration" : 4029000,
  "steps" : 8671,
  "source" : {
    "type" : "tracker",
    "name" : "Force",
    "id" : "7159965",
    "url" : "https://www.fitbit.com/"
  },
  "logType" : "tracker",
  "manualValuesSpecified" : {
    "calories" : false,
    "distance" : false,
    "steps" : false
  },
  "lastModified" : "08/26/15 17:51:27",
  "startTime" : "03/10/15 17:15:53",
  "originalStartTime" : "03/10/15 17:15:53",
  "originalDuration" : 4029000,
  "hasGps" : false,
  "shouldFetchDetails" : false
},{
  "logId" : 171788942,
  "activityName" : "Workout",
  "activityTypeId" : 3000,
  "activityLevel" : [{
    "minutes" : 10,
    "name" : "sedentary"
  },{
    "minutes" : 21,
    "name" : "lightly"
  },{
    "minutes" : 2,
    "name" : "fairly"
  },{
    "minutes" : 14,
    "name" : "very"
  }],
  "calories" : 272,
  "duration" : 2867000,
  "activeDuration" : 2867000,
  "steps" : 2966,
  "source" : {
    "type" : "tracker",
    "name" : "Force",
    "id" : "7159965",
    "url" : "https://www.fitbit.com/"
  },
  "logType" : "tracker",
  "manualValuesSpecified" : {
    "calories" : false,
    "distance" : false,
    "steps" : false
  },
  "lastModified" : "08/26/15 17:51:27",
  "startTime" : "03/10/15 23:56:09",
  "originalStartTime" : "03/10/15 23:56:09",
  "originalDuration" : 2867000,
  "hasGps" : false,
  "shouldFetchDetails" : false
},{
  "logId" : 173015549,
  "activityName" : "Elliptical Trainer (MyFitnessPal)",
  "activityTypeId" : 5493232,
  "activityLevel" : [{
    "minutes" : 0,
    "name" : "sedentary"
  },{
    "minutes" : 0,
    "name" : "lightly"
  },{
    "minutes" : 0,
    "name" : "fairly"
  },{
    "minutes" : 66,
    "name" : "very"
  }],
  "calories" : 825,
  "distance" : 0.0,
  "distanceUnit" : "Mile",
  "duration" : 3960000,
  "activeDuration" : 3960000,
  "steps" : 0,
  "source" : {
    "type" : "app",
    "name" : "MyFitnessPal",
    "id" : "228VC7",
    "url" : "http://www.myfitnesspal.com"
  },
  "logType" : "manual",
  "manualValuesSpecified" : {
    "calories" : true,
    "distance" : true,
    "steps" : true
  },
  "speed" : 0.0,
  "lastModified" : "08/26/15 17:51:27",
  "startTime" : "03/12/15 11:21:00",
  "originalStartTime" : "03/12/15 11:21:00",
  "originalDuration" : 3960000,
  "hasGps" : false,
  "shouldFetchDetails" : false
},{
  "logId" : 173020747,
  "activityName" : "Workout",
  "activityTypeId" : 3000,
  "activityLevel" : [{
    "minutes" : 1,
    "name" : "sedentary"
  },{
    "minutes" : 0,
    "name" : "lightly"
  },{
    "minutes" : 0,
    "name" : "fairly"
  },{
    "minutes" : 66,
    "name" : "very"
  }],
  "calories" : 822,
  "duration" : 4029000,
  "activeDuration" : 4029000,
  "steps" : 9178,
  "source" : {
    "type" : "tracker",
    "name" : "Force",
    "id" : "7159965",
    "url" : "https://www.fitbit.com/"
  },
  "logType" : "tracker",
  "manualValuesSpecified" : {
    "calories" : false,
    "distance" : false,
    "steps" : false
  },
  "lastModified" : "08/26/15 17:51:27",
  "startTime" : "03/12/15 15:21:02",
  "originalStartTime" : "03/12/15 15:21:02",
  "originalDuration" : 4029000,
  "hasGps" : false,
  "shouldFetchDetails" : false
},{
  "logId" : 173736481,
  "activityName" : "Elliptical Trainer (MyFitnessPal)",
  "activityTypeId" : 5493232,
  "activityLevel" : [{
    "minutes" : 0,
    "name" : "sedentary"
  },{
    "minutes" : 0,
    "name" : "lightly"
  },{
    "minutes" : 0,
    "name" : "fairly"
  },{
    "minutes" : 66,
    "name" : "very"
  }],
  "calories" : 827,
  "distance" : 0.0,
  "distanceUnit" : "Mile",
  "duration" : 3960000,
  "activeDuration" : 3960000,
  "steps" : 0,
  "source" : {
    "type" : "app",
    "name" : "MyFitnessPal",
    "id" : "228VC7",
    "url" : "http://www.myfitnesspal.com"
  },
  "logType" : "manual",
  "manualValuesSpecified" : {
    "calories" : true,
    "distance" : true,
    "steps" : true
  },
  "speed" : 0.0,
  "lastModified" : "08/26/15 17:51:27",
  "startTime" : "03/13/15 11:07:00",
  "originalStartTime" : "03/13/15 11:07:00",
  "originalDuration" : 3960000,
  "hasGps" : false,
  "shouldFetchDetails" : false
},{
  "logId" : 173664056,
  "activityName" : "Workout",
  "activityTypeId" : 3000,
  "activityLevel" : [{
    "minutes" : 0,
    "name" : "sedentary"
  },{
    "minutes" : 0,
    "name" : "lightly"
  },{
    "minutes" : 0,
    "name" : "fairly"
  },{
    "minutes" : 66,
    "name" : "very"
  }],
  "calories" : 829,
  "duration" : 3940000,
  "activeDuration" : 3940000,
  "steps" : 9185,
  "source" : {
    "type" : "tracker",
    "name" : "Force",
    "id" : "7159965",
    "url" : "https://www.fitbit.com/"
  },
  "logType" : "tracker",
  "manualValuesSpecified" : {
    "calories" : false,
    "distance" : false,
    "steps" : false
  },
  "lastModified" : "08/26/15 17:51:27",
  "startTime" : "03/13/15 15:07:58",
  "originalStartTime" : "03/13/15 15:07:58",
  "originalDuration" : 3940000,
  "hasGps" : false,
  "shouldFetchDetails" : false
},{
  "logId" : 174283202,
  "activityName" : "Elliptical Trainer (MyFitnessPal)",
  "activityTypeId" : 5493232,
  "activityLevel" : [{
    "minutes" : 0,
    "name" : "sedentary"
  },{
    "minutes" : 0,
    "name" : "lightly"
  },{
    "minutes" : 0,
    "name" : "fairly"
  },{
    "minutes" : 46,
    "name" : "very"
  }],
  "calories" : 577,
  "distance" : 0.0,
  "distanceUnit" : "Mile",
  "duration" : 2760000,
  "activeDuration" : 2760000,
  "steps" : 0,
  "source" : {
    "type" : "app",
    "name" : "MyFitnessPal",
    "id" : "228VC7",
    "url" : "http://www.myfitnesspal.com"
  },
  "logType" : "manual",
  "manualValuesSpecified" : {
    "calories" : true,
    "distance" : true,
    "steps" : true
  },
  "speed" : 0.0,
  "lastModified" : "08/26/15 17:51:27",
  "startTime" : "03/14/15 11:08:00",
  "originalStartTime" : "03/14/15 11:08:00",
  "originalDuration" : 2760000,
  "hasGps" : false,
  "shouldFetchDetails" : false
},{
  "logId" : 174223149,
  "activityName" : "Workout",
  "activityTypeId" : 3000,
  "activityLevel" : [{
    "minutes" : 0,
    "name" : "sedentary"
  },{
    "minutes" : 0,
    "name" : "lightly"
  },{
    "minutes" : 1,
    "name" : "fairly"
  },{
    "minutes" : 46,
    "name" : "very"
  }],
  "calories" : 579,
  "duration" : 2837000,
  "activeDuration" : 2837000,
  "steps" : 6152,
  "source" : {
    "type" : "tracker",
    "name" : "Force",
    "id" : "7159965",
    "url" : "https://www.fitbit.com/"
  },
  "logType" : "tracker",
  "manualValuesSpecified" : {
    "calories" : false,
    "distance" : false,
    "steps" : false
  },
  "lastModified" : "08/26/15 17:51:27",
  "startTime" : "03/14/15 15:08:39",
  "originalStartTime" : "03/14/15 15:08:39",
  "originalDuration" : 2837000,
  "hasGps" : false,
  "shouldFetchDetails" : false
},{
  "logId" : 176589277,
  "activityName" : "Elliptical Trainer (MyFitnessPal)",
  "activityTypeId" : 5493232,
  "activityLevel" : [{
    "minutes" : 0,
    "name" : "sedentary"
  },{
    "minutes" : 0,
    "name" : "lightly"
  },{
    "minutes" : 0,
    "name" : "fairly"
  },{
    "minutes" : 66,
    "name" : "very"
  }],
  "calories" : 825,
  "distance" : 0.0,
  "distanceUnit" : "Mile",
  "duration" : 3960000,
  "activeDuration" : 3960000,
  "steps" : 0,
  "source" : {
    "type" : "app",
    "name" : "MyFitnessPal",
    "id" : "228VC7",
    "url" : "http://www.myfitnesspal.com"
  },
  "logType" : "manual",
  "manualValuesSpecified" : {
    "calories" : true,
    "distance" : true,
    "steps" : true
  },
  "speed" : 0.0,
  "lastModified" : "08/26/15 17:51:27",
  "startTime" : "03/17/15 14:40:00",
  "originalStartTime" : "03/17/15 14:40:00",
  "originalDuration" : 3960000,
  "hasGps" : false,
  "shouldFetchDetails" : false
},{
  "logId" : 177206018,
  "activityName" : "Workout",
  "activityTypeId" : 3000,
  "activityLevel" : [{
    "minutes" : 203,
    "name" : "sedentary"
  },{
    "minutes" : 44,
    "name" : "lightly"
  },{
    "minutes" : 2,
    "name" : "fairly"
  },{
    "minutes" : 69,
    "name" : "very"
  }],
  "calories" : 1285,
  "duration" : 19097000,
  "activeDuration" : 19097000,
  "steps" : 10212,
  "source" : {
    "type" : "tracker",
    "name" : "Force",
    "id" : "7159965",
    "url" : "https://www.fitbit.com/"
  },
  "logType" : "tracker",
  "manualValuesSpecified" : {
    "calories" : false,
    "distance" : false,
    "steps" : false
  },
  "lastModified" : "08/26/15 17:51:27",
  "startTime" : "03/17/15 18:40:26",
  "originalStartTime" : "03/17/15 18:40:26",
  "originalDuration" : 19097000,
  "hasGps" : false,
  "shouldFetchDetails" : false
},{
  "logId" : 177206019,
  "activityName" : "Workout",
  "activityTypeId" : 3000,
  "activityLevel" : [{
    "minutes" : 16,
    "name" : "sedentary"
  },{
    "minutes" : 21,
    "name" : "lightly"
  },{
    "minutes" : 16,
    "name" : "fairly"
  },{
    "minutes" : 10,
    "name" : "very"
  }],
  "calories" : 317,
  "duration" : 3794000,
  "activeDuration" : 3794000,
  "steps" : 3259,
  "source" : {
    "type" : "tracker",
    "name" : "Force",
    "id" : "7159965",
    "url" : "https://www.fitbit.com/"
  },
  "logType" : "tracker",
  "manualValuesSpecified" : {
    "calories" : false,
    "distance" : false,
    "steps" : false
  },
  "lastModified" : "08/26/15 17:51:27",
  "startTime" : "03/18/15 01:36:27",
  "originalStartTime" : "03/18/15 01:36:27",
  "originalDuration" : 3794000,
  "hasGps" : false,
  "shouldFetchDetails" : false
},{
  "logId" : 177210595,
  "activityName" : "Elliptical Trainer (MyFitnessPal)",
  "activityTypeId" : 5493232,
  "activityLevel" : [{
    "minutes" : 0,
    "name" : "sedentary"
  },{
    "minutes" : 0,
    "name" : "lightly"
  },{
    "minutes" : 0,
    "name" : "fairly"
  },{
    "minutes" : 66,
    "name" : "very"
  }],
  "calories" : 819,
  "distance" : 0.0,
  "distanceUnit" : "Mile",
  "duration" : 3960000,
  "activeDuration" : 3960000,
  "steps" : 0,
  "source" : {
    "type" : "app",
    "name" : "MyFitnessPal",
    "id" : "228VC7",
    "url" : "http://www.myfitnesspal.com"
  },
  "logType" : "manual",
  "manualValuesSpecified" : {
    "calories" : true,
    "distance" : true,
    "steps" : true
  },
  "speed" : 0.0,
  "lastModified" : "08/26/15 17:51:27",
  "startTime" : "03/18/15 14:01:00",
  "originalStartTime" : "03/18/15 14:01:00",
  "originalDuration" : 3960000,
  "hasGps" : false,
  "shouldFetchDetails" : false
},{
  "logId" : 177092219,
  "activityName" : "Workout",
  "activityTypeId" : 3000,
  "activityLevel" : [{
    "minutes" : 0,
    "name" : "sedentary"
  },{
    "minutes" : 1,
    "name" : "lightly"
  },{
    "minutes" : 2,
    "name" : "fairly"
  },{
    "minutes" : 66,
    "name" : "very"
  }],
  "calories" : 833,
  "duration" : 4172000,
  "activeDuration" : 4172000,
  "steps" : 8982,
  "source" : {
    "type" : "tracker",
    "name" : "Force",
    "id" : "7159965",
    "url" : "https://www.fitbit.com/"
  },
  "logType" : "tracker",
  "manualValuesSpecified" : {
    "calories" : false,
    "distance" : false,
    "steps" : false
  },
  "lastModified" : "08/26/15 17:51:27",
  "startTime" : "03/18/15 18:01:46",
  "originalStartTime" : "03/18/15 18:01:46",
  "originalDuration" : 4172000,
  "hasGps" : false,
  "shouldFetchDetails" : false
},{
  "logId" : 178556942,
  "activityName" : "Elliptical Trainer (MyFitnessPal)",
  "activityTypeId" : 5493232,
  "activityLevel" : [{
    "minutes" : 0,
    "name" : "sedentary"
  },{
    "minutes" : 0,
    "name" : "lightly"
  },{
    "minutes" : 0,
    "name" : "fairly"
  },{
    "minutes" : 66,
    "name" : "very"
  }],
  "calories" : 830,
  "distance" : 0.0,
  "distanceUnit" : "Mile",
  "duration" : 3960000,
  "activeDuration" : 3960000,
  "steps" : 0,
  "source" : {
    "type" : "app",
    "name" : "MyFitnessPal",
    "id" : "228VC7",
    "url" : "http://www.myfitnesspal.com"
  },
  "logType" : "manual",
  "manualValuesSpecified" : {
    "calories" : true,
    "distance" : true,
    "steps" : true
  },
  "speed" : 0.0,
  "lastModified" : "08/26/15 17:51:27",
  "startTime" : "03/20/15 09:19:00",
  "originalStartTime" : "03/20/15 09:19:00",
  "originalDuration" : 3960000,
  "hasGps" : false,
  "shouldFetchDetails" : false
},{
  "logId" : 178463215,
  "activityName" : "Workout",
  "activityTypeId" : 3000,
  "activityLevel" : [{
    "minutes" : 0,
    "name" : "sedentary"
  },{
    "minutes" : 0,
    "name" : "lightly"
  },{
    "minutes" : 0,
    "name" : "fairly"
  },{
    "minutes" : 66,
    "name" : "very"
  }],
  "calories" : 826,
  "duration" : 3973000,
  "activeDuration" : 3973000,
  "steps" : 9078,
  "source" : {
    "type" : "tracker",
    "name" : "Force",
    "id" : "7159965",
    "url" : "https://www.fitbit.com/"
  },
  "logType" : "tracker",
  "manualValuesSpecified" : {
    "calories" : false,
    "distance" : false,
    "steps" : false
  },
  "lastModified" : "08/26/15 17:51:27",
  "startTime" : "03/20/15 13:19:12",
  "originalStartTime" : "03/20/15 13:19:12",
  "originalDuration" : 3973000,
  "hasGps" : false,
  "shouldFetchDetails" : false
},{
  "logId" : 179322427,
  "activityName" : "Elliptical Trainer (MyFitnessPal)",
  "activityTypeId" : 5493232,
  "activityLevel" : [{
    "minutes" : 0,
    "name" : "sedentary"
  },{
    "minutes" : 0,
    "name" : "lightly"
  },{
    "minutes" : 0,
    "name" : "fairly"
  },{
    "minutes" : 66,
    "name" : "very"
  }],
  "calories" : 816,
  "distance" : 0.0,
  "distanceUnit" : "Mile",
  "duration" : 3960000,
  "activeDuration" : 3960000,
  "steps" : 0,
  "source" : {
    "type" : "app",
    "name" : "MyFitnessPal",
    "id" : "228VC7",
    "url" : "http://www.myfitnesspal.com"
  },
  "logType" : "manual",
  "manualValuesSpecified" : {
    "calories" : true,
    "distance" : true,
    "steps" : true
  },
  "speed" : 0.0,
  "lastModified" : "08/26/15 17:51:27",
  "startTime" : "03/21/15 11:28:00",
  "originalStartTime" : "03/21/15 11:28:00",
  "originalDuration" : 3960000,
  "hasGps" : false,
  "shouldFetchDetails" : false
},{
  "logId" : 179272591,
  "activityName" : "Workout",
  "activityTypeId" : 3000,
  "activityLevel" : [{
    "minutes" : 2,
    "name" : "sedentary"
  },{
    "minutes" : 4,
    "name" : "lightly"
  },{
    "minutes" : 0,
    "name" : "fairly"
  },{
    "minutes" : 66,
    "name" : "very"
  }],
  "calories" : 826,
  "duration" : 4343000,
  "activeDuration" : 4343000,
  "steps" : 8960,
  "source" : {
    "type" : "tracker",
    "name" : "Force",
    "id" : "7159965",
    "url" : "https://www.fitbit.com/"
  },
  "logType" : "tracker",
  "manualValuesSpecified" : {
    "calories" : false,
    "distance" : false,
    "steps" : false
  },
  "lastModified" : "08/26/15 17:51:27",
  "startTime" : "03/21/15 15:28:11",
  "originalStartTime" : "03/21/15 15:28:11",
  "originalDuration" : 4343000,
  "hasGps" : false,
  "shouldFetchDetails" : false
},{
  "logId" : 179774500,
  "activityName" : "Elliptical Trainer (MyFitnessPal)",
  "activityTypeId" : 5493232,
  "activityLevel" : [{
    "minutes" : 0,
    "name" : "sedentary"
  },{
    "minutes" : 0,
    "name" : "lightly"
  },{
    "minutes" : 0,
    "name" : "fairly"
  },{
    "minutes" : 36,
    "name" : "very"
  }],
  "calories" : 429,
  "distance" : 0.0,
  "distanceUnit" : "Mile",
  "duration" : 2160000,
  "activeDuration" : 2160000,
  "steps" : 0,
  "source" : {
    "type" : "app",
    "name" : "MyFitnessPal",
    "id" : "228VC7",
    "url" : "http://www.myfitnesspal.com"
  },
  "logType" : "manual",
  "manualValuesSpecified" : {
    "calories" : true,
    "distance" : true,
    "steps" : true
  },
  "speed" : 0.0,
  "lastModified" : "08/26/15 17:51:27",
  "startTime" : "03/22/15 12:30:00",
  "originalStartTime" : "03/22/15 12:30:00",
  "originalDuration" : 2160000,
  "hasGps" : false,
  "shouldFetchDetails" : false
},{
  "logId" : 179759752,
  "activityName" : "Workout",
  "activityTypeId" : 3000,
  "activityLevel" : [{
    "minutes" : 42,
    "name" : "sedentary"
  },{
    "minutes" : 81,
    "name" : "lightly"
  },{
    "minutes" : 0,
    "name" : "fairly"
  },{
    "minutes" : 37,
    "name" : "very"
  }],
  "calories" : 821,
  "duration" : 9633000,
  "activeDuration" : 9633000,
  "steps" : 7049,
  "source" : {
    "type" : "tracker",
    "name" : "Force",
    "id" : "7159965",
    "url" : "https://www.fitbit.com/"
  },
  "logType" : "tracker",
  "manualValuesSpecified" : {
    "calories" : false,
    "distance" : false,
    "steps" : false
  },
  "lastModified" : "08/26/15 17:51:27",
  "startTime" : "03/22/15 16:30:54",
  "originalStartTime" : "03/22/15 16:30:54",
  "originalDuration" : 9633000,
  "hasGps" : false,
  "shouldFetchDetails" : false
},{
  "logId" : 181435556,
  "activityName" : "Workout",
  "activityTypeId" : 3000,
  "activityLevel" : [{
    "minutes" : 9,
    "name" : "sedentary"
  },{
    "minutes" : 13,
    "name" : "lightly"
  },{
    "minutes" : 5,
    "name" : "fairly"
  },{
    "minutes" : 20,
    "name" : "very"
  }],
  "calories" : 283,
  "duration" : 2836000,
  "activeDuration" : 2836000,
  "steps" : 3141,
  "source" : {
    "type" : "tracker",
    "name" : "Force",
    "id" : "7159965",
    "url" : "https://www.fitbit.com/"
  },
  "logType" : "tracker",
  "manualValuesSpecified" : {
    "calories" : false,
    "distance" : false,
    "steps" : false
  },
  "lastModified" : "08/26/15 17:51:27",
  "startTime" : "03/24/15 22:16:15",
  "originalStartTime" : "03/24/15 22:16:15",
  "originalDuration" : 2836000,
  "hasGps" : false,
  "shouldFetchDetails" : false
},{
  "logId" : 183814275,
  "activityName" : "Running (jogging), 6 mph (10 min mile) (MyFitnessPal)",
  "activityTypeId" : 8682712,
  "activityLevel" : [{
    "minutes" : 0,
    "name" : "sedentary"
  },{
    "minutes" : 0,
    "name" : "lightly"
  },{
    "minutes" : 0,
    "name" : "fairly"
  },{
    "minutes" : 41,
    "name" : "very"
  }],
  "calories" : 575,
  "distance" : 0.0,
  "distanceUnit" : "Mile",
  "duration" : 2460000,
  "activeDuration" : 2460000,
  "steps" : 0,
  "source" : {
    "type" : "app",
    "name" : "MyFitnessPal",
    "id" : "228VC7",
    "url" : "http://www.myfitnesspal.com"
  },
  "logType" : "manual",
  "manualValuesSpecified" : {
    "calories" : true,
    "distance" : true,
    "steps" : true
  },
  "speed" : 0.0,
  "lastModified" : "08/26/15 17:51:27",
  "startTime" : "03/28/15 10:54:00",
  "originalStartTime" : "03/28/15 10:54:00",
  "originalDuration" : 2460000,
  "hasGps" : false,
  "shouldFetchDetails" : false
},{
  "logId" : 183874192,
  "activityName" : "Workout",
  "activityTypeId" : 3000,
  "activityLevel" : [{
    "minutes" : 0,
    "name" : "sedentary"
  },{
    "minutes" : 0,
    "name" : "lightly"
  },{
    "minutes" : 0,
    "name" : "fairly"
  },{
    "minutes" : 40,
    "name" : "very"
  }],
  "calories" : 564,
  "duration" : 2396000,
  "activeDuration" : 2396000,
  "steps" : 6546,
  "source" : {
    "type" : "tracker",
    "name" : "Force",
    "id" : "7159965",
    "url" : "https://www.fitbit.com/"
  },
  "logType" : "tracker",
  "manualValuesSpecified" : {
    "calories" : false,
    "distance" : false,
    "steps" : false
  },
  "lastModified" : "08/26/15 17:51:27",
  "startTime" : "03/28/15 14:54:51",
  "originalStartTime" : "03/28/15 14:54:51",
  "originalDuration" : 2396000,
  "hasGps" : false,
  "shouldFetchDetails" : false
},{
  "logId" : 189201625,
  "activityName" : "Elliptical Trainer (MyFitnessPal)",
  "activityTypeId" : 5493232,
  "activityLevel" : [{
    "minutes" : 0,
    "name" : "sedentary"
  },{
    "minutes" : 0,
    "name" : "lightly"
  },{
    "minutes" : 0,
    "name" : "fairly"
  },{
    "minutes" : 66,
    "name" : "very"
  }],
  "calories" : 813,
  "distance" : 0.0,
  "distanceUnit" : "Mile",
  "duration" : 3960000,
  "activeDuration" : 3960000,
  "steps" : 0,
  "source" : {
    "type" : "app",
    "name" : "MyFitnessPal",
    "id" : "228VC7",
    "url" : "http://www.myfitnesspal.com"
  },
  "logType" : "manual",
  "manualValuesSpecified" : {
    "calories" : true,
    "distance" : true,
    "steps" : true
  },
  "speed" : 0.0,
  "lastModified" : "08/26/15 17:51:27",
  "startTime" : "04/06/15 09:24:00",
  "originalStartTime" : "04/06/15 09:24:00",
  "originalDuration" : 3960000,
  "hasGps" : false,
  "shouldFetchDetails" : false
},{
  "logId" : 189201086,
  "activityName" : "Workout",
  "activityTypeId" : 3000,
  "activityLevel" : [{
    "minutes" : 0,
    "name" : "sedentary"
  },{
    "minutes" : 0,
    "name" : "lightly"
  },{
    "minutes" : 0,
    "name" : "fairly"
  },{
    "minutes" : 66,
    "name" : "very"
  }],
  "calories" : 819,
  "duration" : 3961000,
  "activeDuration" : 3961000,
  "steps" : 9363,
  "source" : {
    "type" : "tracker",
    "name" : "Charge",
    "id" : "26369300",
    "url" : "https://www.fitbit.com/"
  },
  "logType" : "tracker",
  "manualValuesSpecified" : {
    "calories" : false,
    "distance" : false,
    "steps" : false
  },
  "lastModified" : "08/26/15 17:51:27",
  "startTime" : "04/06/15 13:24:22",
  "originalStartTime" : "04/06/15 13:24:22",
  "originalDuration" : 3961000,
  "hasGps" : false,
  "shouldFetchDetails" : false
},{
  "logId" : 190141580,
  "activityName" : "Aerobics, general (MyFitnessPal)",
  "activityTypeId" : 8886341,
  "activityLevel" : [{
    "minutes" : 59,
    "name" : "sedentary"
  },{
    "minutes" : 0,
    "name" : "lightly"
  },{
    "minutes" : 0,
    "name" : "fairly"
  },{
    "minutes" : 0,
    "name" : "very"
  }],
  "calories" : 105,
  "distance" : 0.0,
  "distanceUnit" : "Mile",
  "duration" : 3540000,
  "activeDuration" : 3540000,
  "steps" : 0,
  "source" : {
    "type" : "app",
    "name" : "MyFitnessPal",
    "id" : "228VC7",
    "url" : "http://www.myfitnesspal.com"
  },
  "logType" : "manual",
  "manualValuesSpecified" : {
    "calories" : true,
    "distance" : true,
    "steps" : true
  },
  "speed" : 0.0,
  "lastModified" : "08/26/15 17:51:27",
  "startTime" : "04/07/15 10:02:00",
  "originalStartTime" : "04/07/15 10:02:00",
  "originalDuration" : 3540000,
  "hasGps" : false,
  "shouldFetchDetails" : false
},{
  "logId" : 195393842,
  "activityName" : "Elliptical Trainer (MyFitnessPal)",
  "activityTypeId" : 5493232,
  "activityLevel" : [{
    "minutes" : 0,
    "name" : "sedentary"
  },{
    "minutes" : 0,
    "name" : "lightly"
  },{
    "minutes" : 0,
    "name" : "fairly"
  },{
    "minutes" : 66,
    "name" : "very"
  }],
  "calories" : 733,
  "distance" : 0.0,
  "distanceUnit" : "Mile",
  "duration" : 3960000,
  "activeDuration" : 3960000,
  "steps" : 0,
  "source" : {
    "type" : "app",
    "name" : "MyFitnessPal",
    "id" : "228VC7",
    "url" : "http://www.myfitnesspal.com"
  },
  "logType" : "manual",
  "manualValuesSpecified" : {
    "calories" : true,
    "distance" : true,
    "steps" : true
  },
  "speed" : 0.0,
  "lastModified" : "08/26/15 17:51:27",
  "startTime" : "04/14/15 09:27:00",
  "originalStartTime" : "04/14/15 09:27:00",
  "originalDuration" : 3960000,
  "hasGps" : false,
  "shouldFetchDetails" : false
},{
  "logId" : 195425886,
  "activityName" : "Workout",
  "activityTypeId" : 3000,
  "activityLevel" : [{
    "minutes" : 0,
    "name" : "sedentary"
  },{
    "minutes" : 1,
    "name" : "lightly"
  },{
    "minutes" : 0,
    "name" : "fairly"
  },{
    "minutes" : 66,
    "name" : "very"
  }],
  "calories" : 736,
  "duration" : 4045000,
  "activeDuration" : 4045000,
  "steps" : 9425,
  "source" : {
    "type" : "tracker",
    "name" : "Charge",
    "id" : "26369300",
    "url" : "https://www.fitbit.com/"
  },
  "logType" : "tracker",
  "manualValuesSpecified" : {
    "calories" : false,
    "distance" : false,
    "steps" : false
  },
  "lastModified" : "08/26/15 17:51:27",
  "startTime" : "04/14/15 13:27:05",
  "originalStartTime" : "04/14/15 13:27:05",
  "originalDuration" : 4045000,
  "hasGps" : false,
  "shouldFetchDetails" : false
},{
  "logId" : 196503538,
  "activityName" : "Elliptical Trainer (MyFitnessPal)",
  "activityTypeId" : 5493232,
  "activityLevel" : [{
    "minutes" : 0,
    "name" : "sedentary"
  },{
    "minutes" : 0,
    "name" : "lightly"
  },{
    "minutes" : 0,
    "name" : "fairly"
  },{
    "minutes" : 66,
    "name" : "very"
  }],
  "calories" : 811,
  "distance" : 0.0,
  "distanceUnit" : "Mile",
  "duration" : 3960000,
  "activeDuration" : 3960000,
  "steps" : 0,
  "source" : {
    "type" : "app",
    "name" : "MyFitnessPal",
    "id" : "228VC7",
    "url" : "http://www.myfitnesspal.com"
  },
  "logType" : "manual",
  "manualValuesSpecified" : {
    "calories" : true,
    "distance" : true,
    "steps" : true
  },
  "speed" : 0.0,
  "lastModified" : "08/26/15 17:51:27",
  "startTime" : "04/15/15 11:39:00",
  "originalStartTime" : "04/15/15 11:39:00",
  "originalDuration" : 3960000,
  "hasGps" : false,
  "shouldFetchDetails" : false
},{
  "logId" : 196344274,
  "activityName" : "Workout",
  "activityTypeId" : 3000,
  "activityLevel" : [{
    "minutes" : 0,
    "name" : "sedentary"
  },{
    "minutes" : 2,
    "name" : "lightly"
  },{
    "minutes" : 1,
    "name" : "fairly"
  },{
    "minutes" : 66,
    "name" : "very"
  }],
  "calories" : 823,
  "duration" : 4181000,
  "activeDuration" : 4181000,
  "steps" : 9258,
  "source" : {
    "type" : "tracker",
    "name" : "Charge",
    "id" : "26369300",
    "url" : "https://www.fitbit.com/"
  },
  "logType" : "tracker",
  "manualValuesSpecified" : {
    "calories" : false,
    "distance" : false,
    "steps" : false
  },
  "lastModified" : "08/26/15 17:51:27",
  "startTime" : "04/15/15 15:39:13",
  "originalStartTime" : "04/15/15 15:39:13",
  "originalDuration" : 4181000,
  "hasGps" : false,
  "shouldFetchDetails" : false
},{
  "logId" : 200113423,
  "activityName" : "Elliptical Trainer (MyFitnessPal)",
  "activityTypeId" : 5493232,
  "activityLevel" : [{
    "minutes" : 0,
    "name" : "sedentary"
  },{
    "minutes" : 0,
    "name" : "lightly"
  },{
    "minutes" : 0,
    "name" : "fairly"
  },{
    "minutes" : 66,
    "name" : "very"
  }],
  "calories" : 863,
  "distance" : 0.0,
  "distanceUnit" : "Mile",
  "duration" : 3960000,
  "activeDuration" : 3960000,
  "steps" : 0,
  "source" : {
    "type" : "app",
    "name" : "MyFitnessPal",
    "id" : "228VC7",
    "url" : "http://www.myfitnesspal.com"
  },
  "logType" : "manual",
  "manualValuesSpecified" : {
    "calories" : true,
    "distance" : true,
    "steps" : true
  },
  "speed" : 0.0,
  "lastModified" : "08/26/15 17:51:27",
  "startTime" : "04/20/15 09:27:00",
  "originalStartTime" : "04/20/15 09:27:00",
  "originalDuration" : 3960000,
  "hasGps" : false,
  "shouldFetchDetails" : false
},{
  "logId" : 199943993,
  "activityName" : "Workout",
  "activityTypeId" : 3000,
  "activityLevel" : [{
    "minutes" : 0,
    "name" : "sedentary"
  },{
    "minutes" : 0,
    "name" : "lightly"
  },{
    "minutes" : 0,
    "name" : "fairly"
  },{
    "minutes" : 67,
    "name" : "very"
  }],
  "calories" : 873,
  "duration" : 4032000,
  "activeDuration" : 4032000,
  "steps" : 8394,
  "source" : {
    "type" : "tracker",
    "name" : "Charge",
    "id" : "26369300",
    "url" : "https://www.fitbit.com/"
  },
  "logType" : "tracker",
  "manualValuesSpecified" : {
    "calories" : false,
    "distance" : false,
    "steps" : false
  },
  "lastModified" : "08/26/15 17:51:27",
  "startTime" : "04/20/15 13:27:54",
  "originalStartTime" : "04/20/15 13:27:54",
  "originalDuration" : 4032000,
  "hasGps" : false,
  "shouldFetchDetails" : false
},{
  "logId" : 201279967,
  "activityName" : "Elliptical Trainer (MyFitnessPal)",
  "activityTypeId" : 5493232,
  "activityLevel" : [{
    "minutes" : 0,
    "name" : "sedentary"
  },{
    "minutes" : 0,
    "name" : "lightly"
  },{
    "minutes" : 0,
    "name" : "fairly"
  },{
    "minutes" : 66,
    "name" : "very"
  }],
  "calories" : 869,
  "distance" : 0.0,
  "distanceUnit" : "Mile",
  "duration" : 3960000,
  "activeDuration" : 3960000,
  "steps" : 0,
  "source" : {
    "type" : "app",
    "name" : "MyFitnessPal",
    "id" : "228VC7",
    "url" : "http://www.myfitnesspal.com"
  },
  "logType" : "manual",
  "manualValuesSpecified" : {
    "calories" : true,
    "distance" : true,
    "steps" : true
  },
  "speed" : 0.0,
  "lastModified" : "08/26/15 17:51:27",
  "startTime" : "04/21/15 14:51:00",
  "originalStartTime" : "04/21/15 14:51:00",
  "originalDuration" : 3960000,
  "hasGps" : false,
  "shouldFetchDetails" : false
},{
  "logId" : 201336470,
  "activityName" : "Workout",
  "activityTypeId" : 3000,
  "activityLevel" : [{
    "minutes" : 2,
    "name" : "sedentary"
  },{
    "minutes" : 3,
    "name" : "lightly"
  },{
    "minutes" : 0,
    "name" : "fairly"
  },{
    "minutes" : 66,
    "name" : "very"
  }],
  "calories" : 879,
  "duration" : 4269000,
  "activeDuration" : 4269000,
  "steps" : 9125,
  "source" : {
    "type" : "tracker",
    "name" : "Charge",
    "id" : "26369300",
    "url" : "https://www.fitbit.com/"
  },
  "logType" : "tracker",
  "manualValuesSpecified" : {
    "calories" : false,
    "distance" : false,
    "steps" : false
  },
  "lastModified" : "08/26/15 17:51:27",
  "startTime" : "04/21/15 18:51:21",
  "originalStartTime" : "04/21/15 18:51:21",
  "originalDuration" : 4269000,
  "hasGps" : false,
  "shouldFetchDetails" : false
},{
  "logId" : 204658687,
  "activityName" : "Elliptical Trainer (MyFitnessPal)",
  "activityTypeId" : 5493232,
  "activityLevel" : [{
    "minutes" : 0,
    "name" : "sedentary"
  },{
    "minutes" : 0,
    "name" : "lightly"
  },{
    "minutes" : 0,
    "name" : "fairly"
  },{
    "minutes" : 66,
    "name" : "very"
  }],
  "calories" : 869,
  "distance" : 0.0,
  "distanceUnit" : "Mile",
  "duration" : 3960000,
  "activeDuration" : 3960000,
  "steps" : 0,
  "source" : {
    "type" : "app",
    "name" : "MyFitnessPal",
    "id" : "228VC7",
    "url" : "http://www.myfitnesspal.com"
  },
  "logType" : "manual",
  "manualValuesSpecified" : {
    "calories" : true,
    "distance" : true,
    "steps" : true
  },
  "speed" : 0.0,
  "lastModified" : "08/26/15 17:51:27",
  "startTime" : "04/25/15 11:29:00",
  "originalStartTime" : "04/25/15 11:29:00",
  "originalDuration" : 3960000,
  "hasGps" : false,
  "shouldFetchDetails" : false
},{
  "logId" : 204581766,
  "activityName" : "Workout",
  "activityTypeId" : 3000,
  "activityLevel" : [{
    "minutes" : 0,
    "name" : "sedentary"
  },{
    "minutes" : 0,
    "name" : "lightly"
  },{
    "minutes" : 0,
    "name" : "fairly"
  },{
    "minutes" : 66,
    "name" : "very"
  }],
  "calories" : 872,
  "duration" : 3926000,
  "activeDuration" : 3926000,
  "steps" : 8798,
  "source" : {
    "type" : "tracker",
    "name" : "Charge",
    "id" : "26369300",
    "url" : "https://www.fitbit.com/"
  },
  "logType" : "tracker",
  "manualValuesSpecified" : {
    "calories" : false,
    "distance" : false,
    "steps" : false
  },
  "lastModified" : "08/26/15 17:51:27",
  "startTime" : "04/25/15 15:29:59",
  "originalStartTime" : "04/25/15 15:29:59",
  "originalDuration" : 3926000,
  "hasGps" : false,
  "shouldFetchDetails" : false
},{
  "logId" : 205730718,
  "activityName" : "Elliptical Trainer (MyFitnessPal)",
  "activityTypeId" : 5493232,
  "activityLevel" : [{
    "minutes" : 0,
    "name" : "sedentary"
  },{
    "minutes" : 0,
    "name" : "lightly"
  },{
    "minutes" : 0,
    "name" : "fairly"
  },{
    "minutes" : 66,
    "name" : "very"
  }],
  "calories" : 868,
  "distance" : 0.0,
  "distanceUnit" : "Mile",
  "duration" : 3960000,
  "activeDuration" : 3960000,
  "steps" : 0,
  "source" : {
    "type" : "app",
    "name" : "MyFitnessPal",
    "id" : "228VC7",
    "url" : "http://www.myfitnesspal.com"
  },
  "logType" : "manual",
  "manualValuesSpecified" : {
    "calories" : true,
    "distance" : true,
    "steps" : true
  },
  "speed" : 0.0,
  "lastModified" : "08/26/15 17:51:27",
  "startTime" : "04/27/15 10:42:00",
  "originalStartTime" : "04/27/15 10:42:00",
  "originalDuration" : 3960000,
  "hasGps" : false,
  "shouldFetchDetails" : false
},{
  "logId" : 205683946,
  "activityName" : "Workout",
  "activityTypeId" : 3000,
  "activityLevel" : [{
    "minutes" : 0,
    "name" : "sedentary"
  },{
    "minutes" : 1,
    "name" : "lightly"
  },{
    "minutes" : 1,
    "name" : "fairly"
  },{
    "minutes" : 67,
    "name" : "very"
  }],
  "calories" : 893,
  "duration" : 4126000,
  "activeDuration" : 4126000,
  "steps" : 9070,
  "source" : {
    "type" : "tracker",
    "name" : "Charge",
    "id" : "26369300",
    "url" : "https://www.fitbit.com/"
  },
  "logType" : "tracker",
  "manualValuesSpecified" : {
    "calories" : false,
    "distance" : false,
    "steps" : false
  },
  "lastModified" : "08/26/15 17:51:27",
  "startTime" : "04/27/15 14:42:54",
  "originalStartTime" : "04/27/15 14:42:54",
  "originalDuration" : 4126000,
  "hasGps" : false,
  "shouldFetchDetails" : false
},{
  "logId" : 209291894,
  "activityName" : "Elliptical Trainer (MyFitnessPal)",
  "activityTypeId" : 5493232,
  "activityLevel" : [{
    "minutes" : 0,
    "name" : "sedentary"
  },{
    "minutes" : 0,
    "name" : "lightly"
  },{
    "minutes" : 0,
    "name" : "fairly"
  },{
    "minutes" : 66,
    "name" : "very"
  }],
  "calories" : 864,
  "distance" : 0.0,
  "distanceUnit" : "Mile",
  "duration" : 3960000,
  "activeDuration" : 3960000,
  "steps" : 0,
  "source" : {
    "type" : "app",
    "name" : "MyFitnessPal",
    "id" : "228VC7",
    "url" : "http://www.myfitnesspal.com"
  },
  "logType" : "manual",
  "manualValuesSpecified" : {
    "calories" : true,
    "distance" : true,
    "steps" : true
  },
  "speed" : 0.0,
  "lastModified" : "08/26/15 17:51:27",
  "startTime" : "05/01/15 09:45:00",
  "originalStartTime" : "05/01/15 09:45:00",
  "originalDuration" : 3960000,
  "hasGps" : false,
  "shouldFetchDetails" : false
},{
  "logId" : 212205388,
  "activityName" : "Aerobics, general (MyFitnessPal)",
  "activityTypeId" : 8886341,
  "activityLevel" : [{
    "minutes" : 0,
    "name" : "sedentary"
  },{
    "minutes" : 0,
    "name" : "lightly"
  },{
    "minutes" : 71,
    "name" : "fairly"
  },{
    "minutes" : 0,
    "name" : "very"
  }],
  "calories" : 520,
  "distance" : 0.0,
  "distanceUnit" : "Mile",
  "duration" : 4260000,
  "activeDuration" : 4260000,
  "steps" : 0,
  "source" : {
    "type" : "app",
    "name" : "MyFitnessPal",
    "id" : "228VC7",
    "url" : "http://www.myfitnesspal.com"
  },
  "logType" : "manual",
  "manualValuesSpecified" : {
    "calories" : true,
    "distance" : true,
    "steps" : true
  },
  "speed" : 0.0,
  "lastModified" : "08/26/15 17:51:27",
  "startTime" : "05/05/15 13:10:00",
  "originalStartTime" : "05/05/15 13:10:00",
  "originalDuration" : 4260000,
  "hasGps" : false,
  "shouldFetchDetails" : false
},{
  "logId" : 217154649,
  "activityName" : "Aerobics, general (MyFitnessPal)",
  "activityTypeId" : 8886341,
  "activityLevel" : [{
    "minutes" : 0,
    "name" : "sedentary"
  },{
    "minutes" : 0,
    "name" : "lightly"
  },{
    "minutes" : 65,
    "name" : "fairly"
  },{
    "minutes" : 1,
    "name" : "very"
  }],
  "calories" : 487,
  "distance" : 0.0,
  "distanceUnit" : "Mile",
  "duration" : 3960000,
  "activeDuration" : 3960000,
  "steps" : 0,
  "source" : {
    "type" : "app",
    "name" : "MyFitnessPal",
    "id" : "228VC7",
    "url" : "http://www.myfitnesspal.com"
  },
  "logType" : "manual",
  "manualValuesSpecified" : {
    "calories" : true,
    "distance" : true,
    "steps" : true
  },
  "speed" : 0.0,
  "lastModified" : "08/26/15 17:51:27",
  "startTime" : "05/11/15 12:57:00",
  "originalStartTime" : "05/11/15 12:57:00",
  "originalDuration" : 3960000,
  "hasGps" : false,
  "shouldFetchDetails" : false
},{
  "logId" : 221691360,
  "activityName" : "Aerobics, general (MyFitnessPal)",
  "activityTypeId" : 8886341,
  "activityLevel" : [{
    "minutes" : 0,
    "name" : "sedentary"
  },{
    "minutes" : 0,
    "name" : "lightly"
  },{
    "minutes" : 78,
    "name" : "fairly"
  },{
    "minutes" : 0,
    "name" : "very"
  }],
  "calories" : 577,
  "distance" : 0.0,
  "distanceUnit" : "Mile",
  "duration" : 4680000,
  "activeDuration" : 4680000,
  "steps" : 0,
  "source" : {
    "type" : "app",
    "name" : "MyFitnessPal",
    "id" : "228VC7",
    "url" : "http://www.myfitnesspal.com"
  },
  "logType" : "manual",
  "manualValuesSpecified" : {
    "calories" : true,
    "distance" : true,
    "steps" : true
  },
  "speed" : 0.0,
  "lastModified" : "08/26/15 17:51:27",
  "startTime" : "05/17/15 14:20:00",
  "originalStartTime" : "05/17/15 14:20:00",
  "originalDuration" : 4680000,
  "hasGps" : false,
  "shouldFetchDetails" : false
},{
  "logId" : 222311793,
  "activityName" : "Aerobics, general (MyFitnessPal)",
  "activityTypeId" : 8886341,
  "activityLevel" : [{
    "minutes" : 0,
    "name" : "sedentary"
  },{
    "minutes" : 0,
    "name" : "lightly"
  },{
    "minutes" : 60,
    "name" : "fairly"
  },{
    "minutes" : 1,
    "name" : "very"
  }],
  "calories" : 439,
  "distance" : 0.0,
  "distanceUnit" : "Mile",
  "duration" : 3660000,
  "activeDuration" : 3660000,
  "steps" : 0,
  "source" : {
    "type" : "app",
    "name" : "MyFitnessPal",
    "id" : "228VC7",
    "url" : "http://www.myfitnesspal.com"
  },
  "logType" : "manual",
  "manualValuesSpecified" : {
    "calories" : true,
    "distance" : true,
    "steps" : true
  },
  "speed" : 0.0,
  "lastModified" : "08/26/15 17:51:27",
  "startTime" : "05/18/15 15:39:00",
  "originalStartTime" : "05/18/15 15:39:00",
  "originalDuration" : 3660000,
  "hasGps" : false,
  "shouldFetchDetails" : false
},{
  "logId" : 226160228,
  "activityName" : "Aerobics, general (MyFitnessPal)",
  "activityTypeId" : 8886341,
  "activityLevel" : [{
    "minutes" : 0,
    "name" : "sedentary"
  },{
    "minutes" : 0,
    "name" : "lightly"
  },{
    "minutes" : 74,
    "name" : "fairly"
  },{
    "minutes" : 1,
    "name" : "very"
  }],
  "calories" : 552,
  "distance" : 0.0,
  "distanceUnit" : "Mile",
  "duration" : 4500000,
  "activeDuration" : 4500000,
  "steps" : 0,
  "source" : {
    "type" : "app",
    "name" : "MyFitnessPal",
    "id" : "228VC7",
    "url" : "http://www.myfitnesspal.com"
  },
  "logType" : "manual",
  "manualValuesSpecified" : {
    "calories" : true,
    "distance" : true,
    "steps" : true
  },
  "speed" : 0.0,
  "lastModified" : "08/26/15 17:51:27",
  "startTime" : "05/22/15 14:29:00",
  "originalStartTime" : "05/22/15 14:29:00",
  "originalDuration" : 4500000,
  "hasGps" : false,
  "shouldFetchDetails" : false
},{
  "logId" : 241542676,
  "activityName" : "Running (jogging), 6 mph (10 min mile) (MyFitnessPal)",
  "activityTypeId" : 8682712,
  "activityLevel" : [{
    "minutes" : 0,
    "name" : "sedentary"
  },{
    "minutes" : 2,
    "name" : "lightly"
  },{
    "minutes" : 0,
    "name" : "fairly"
  },{
    "minutes" : 0,
    "name" : "very"
  }],
  "calories" : 22,
  "distance" : 0.0,
  "distanceUnit" : "Mile",
  "duration" : 120000,
  "activeDuration" : 120000,
  "steps" : 0,
  "source" : {
    "type" : "app",
    "name" : "MyFitnessPal",
    "id" : "228VC7",
    "url" : "http://www.myfitnesspal.com"
  },
  "logType" : "manual",
  "manualValuesSpecified" : {
    "calories" : true,
    "distance" : true,
    "steps" : true
  },
  "speed" : 0.0,
  "lastModified" : "08/26/15 17:51:27",
  "startTime" : "05/26/15 11:50:00",
  "originalStartTime" : "05/26/15 11:50:00",
  "originalDuration" : 120000,
  "hasGps" : false,
  "shouldFetchDetails" : false
},{
  "logId" : 241583481,
  "activityName" : "Running (jogging), 6 mph (10 min mile) (MyFitnessPal)",
  "activityTypeId" : 8682712,
  "activityLevel" : [{
    "minutes" : 0,
    "name" : "sedentary"
  },{
    "minutes" : 2,
    "name" : "lightly"
  },{
    "minutes" : 0,
    "name" : "fairly"
  },{
    "minutes" : 0,
    "name" : "very"
  }],
  "calories" : 16,
  "distance" : 0.0,
  "distanceUnit" : "Mile",
  "duration" : 120000,
  "activeDuration" : 120000,
  "steps" : 0,
  "source" : {
    "type" : "app",
    "name" : "MyFitnessPal",
    "id" : "228VC7",
    "url" : "http://www.myfitnesspal.com"
  },
  "logType" : "manual",
  "manualValuesSpecified" : {
    "calories" : true,
    "distance" : true,
    "steps" : true
  },
  "speed" : 0.0,
  "lastModified" : "08/26/15 17:51:27",
  "startTime" : "05/26/15 12:20:00",
  "originalStartTime" : "05/26/15 12:20:00",
  "originalDuration" : 120000,
  "hasGps" : false,
  "shouldFetchDetails" : false
},{
  "logId" : 241544143,
  "activityName" : "Running (jogging), 5 mph (12 min mile) (MyFitnessPal)",
  "activityTypeId" : 10292513,
  "activityLevel" : [{
    "minutes" : 0,
    "name" : "sedentary"
  },{
    "minutes" : 2,
    "name" : "lightly"
  },{
    "minutes" : 0,
    "name" : "fairly"
  },{
    "minutes" : 0,
    "name" : "very"
  }],
  "calories" : 15,
  "distance" : 0.0,
  "distanceUnit" : "Mile",
  "duration" : 120000,
  "activeDuration" : 120000,
  "steps" : 0,
  "source" : {
    "type" : "app",
    "name" : "MyFitnessPal",
    "id" : "228VC7",
    "url" : "http://www.myfitnesspal.com"
  },
  "logType" : "manual",
  "manualValuesSpecified" : {
    "calories" : true,
    "distance" : true,
    "steps" : true
  },
  "speed" : 0.0,
  "lastModified" : "08/26/15 17:51:27",
  "startTime" : "05/26/15 12:30:00",
  "originalStartTime" : "05/26/15 12:30:00",
  "originalDuration" : 120000,
  "hasGps" : false,
  "shouldFetchDetails" : false
},{
  "logId" : 228939623,
  "activityName" : "Aerobics, general (MyFitnessPal)",
  "activityTypeId" : 8886341,
  "activityLevel" : [{
    "minutes" : 0,
    "name" : "sedentary"
  },{
    "minutes" : 0,
    "name" : "lightly"
  },{
    "minutes" : 67,
    "name" : "fairly"
  },{
    "minutes" : 1,
    "name" : "very"
  }],
  "calories" : 497,
  "distance" : 0.0,
  "distanceUnit" : "Mile",
  "duration" : 4080000,
  "activeDuration" : 4080000,
  "steps" : 0,
  "source" : {
    "type" : "app",
    "name" : "MyFitnessPal",
    "id" : "228VC7",
    "url" : "http://www.myfitnesspal.com"
  },
  "logType" : "manual",
  "manualValuesSpecified" : {
    "calories" : true,
    "distance" : true,
    "steps" : true
  },
  "speed" : 0.0,
  "lastModified" : "08/26/15 17:51:27",
  "startTime" : "05/26/15 15:45:00",
  "originalStartTime" : "05/26/15 15:45:00",
  "originalDuration" : 4080000,
  "hasGps" : false,
  "shouldFetchDetails" : false
},{
  "logId" : 250843993,
  "activityName" : "Elliptical Trainer (MyFitnessPal)",
  "activityTypeId" : 5493232,
  "activityLevel" : [{
    "minutes" : 0,
    "name" : "sedentary"
  },{
    "minutes" : 0,
    "name" : "lightly"
  },{
    "minutes" : 0,
    "name" : "fairly"
  },{
    "minutes" : 66,
    "name" : "very"
  }],
  "calories" : 766,
  "distance" : 0.0,
  "distanceUnit" : "Mile",
  "duration" : 3960000,
  "activeDuration" : 3960000,
  "steps" : 0,
  "source" : {
    "type" : "app",
    "name" : "MyFitnessPal",
    "id" : "228VC7",
    "url" : "http://www.myfitnesspal.com"
  },
  "logType" : "manual",
  "manualValuesSpecified" : {
    "calories" : true,
    "distance" : true,
    "steps" : true
  },
  "speed" : 0.0,
  "lastModified" : "08/26/15 17:51:27",
  "startTime" : "06/19/15 14:44:00",
  "originalStartTime" : "06/19/15 14:44:00",
  "originalDuration" : 3960000,
  "hasGps" : false,
  "shouldFetchDetails" : false
},{
  "logId" : 252835317,
  "activityName" : "Elliptical Trainer (MyFitnessPal)",
  "activityTypeId" : 5493232,
  "activityLevel" : [{
    "minutes" : 0,
    "name" : "sedentary"
  },{
    "minutes" : 0,
    "name" : "lightly"
  },{
    "minutes" : 0,
    "name" : "fairly"
  },{
    "minutes" : 66,
    "name" : "very"
  }],
  "calories" : 773,
  "distance" : 0.0,
  "distanceUnit" : "Mile",
  "duration" : 3960000,
  "activeDuration" : 3960000,
  "steps" : 0,
  "source" : {
    "type" : "app",
    "name" : "MyFitnessPal",
    "id" : "228VC7",
    "url" : "http://www.myfitnesspal.com"
  },
  "logType" : "manual",
  "manualValuesSpecified" : {
    "calories" : true,
    "distance" : true,
    "steps" : true
  },
  "speed" : 0.0,
  "lastModified" : "08/26/15 17:51:27",
  "startTime" : "06/22/15 14:42:00",
  "originalStartTime" : "06/22/15 14:42:00",
  "originalDuration" : 3960000,
  "hasGps" : false,
  "shouldFetchDetails" : false
},{
  "logId" : 253929994,
  "activityName" : "Elliptical Trainer (MyFitnessPal)",
  "activityTypeId" : 5493232,
  "activityLevel" : [{
    "minutes" : 0,
    "name" : "sedentary"
  },{
    "minutes" : 0,
    "name" : "lightly"
  },{
    "minutes" : 0,
    "name" : "fairly"
  },{
    "minutes" : 66,
    "name" : "very"
  }],
  "calories" : 768,
  "distance" : 0.0,
  "distanceUnit" : "Mile",
  "duration" : 3960000,
  "activeDuration" : 3960000,
  "steps" : 0,
  "source" : {
    "type" : "app",
    "name" : "MyFitnessPal",
    "id" : "228VC7",
    "url" : "http://www.myfitnesspal.com"
  },
  "logType" : "manual",
  "manualValuesSpecified" : {
    "calories" : true,
    "distance" : true,
    "steps" : true
  },
  "speed" : 0.0,
  "lastModified" : "08/26/15 17:51:27",
  "startTime" : "06/23/15 11:58:00",
  "originalStartTime" : "06/23/15 11:58:00",
  "originalDuration" : 3960000,
  "hasGps" : false,
  "shouldFetchDetails" : false
},{
  "logId" : 255907120,
  "activityName" : "Elliptical Trainer (MyFitnessPal)",
  "activityTypeId" : 5493232,
  "activityLevel" : [{
    "minutes" : 0,
    "name" : "sedentary"
  },{
    "minutes" : 0,
    "name" : "lightly"
  },{
    "minutes" : 0,
    "name" : "fairly"
  },{
    "minutes" : 66,
    "name" : "very"
  }],
  "calories" : 788,
  "distance" : 0.0,
  "distanceUnit" : "Mile",
  "duration" : 3960000,
  "activeDuration" : 3960000,
  "steps" : 0,
  "source" : {
    "type" : "app",
    "name" : "MyFitnessPal",
    "id" : "228VC7",
    "url" : "http://www.myfitnesspal.com"
  },
  "logType" : "manual",
  "manualValuesSpecified" : {
    "calories" : true,
    "distance" : true,
    "steps" : true
  },
  "speed" : 0.0,
  "lastModified" : "08/26/15 17:51:27",
  "startTime" : "06/25/15 14:46:00",
  "originalStartTime" : "06/25/15 14:46:00",
  "originalDuration" : 3960000,
  "hasGps" : false,
  "shouldFetchDetails" : false
},{
  "logId" : 256956546,
  "activityName" : "Elliptical Trainer (MyFitnessPal)",
  "activityTypeId" : 5493232,
  "activityLevel" : [{
    "minutes" : 0,
    "name" : "sedentary"
  },{
    "minutes" : 0,
    "name" : "lightly"
  },{
    "minutes" : 0,
    "name" : "fairly"
  },{
    "minutes" : 36,
    "name" : "very"
  }],
  "calories" : 367,
  "distance" : 0.0,
  "distanceUnit" : "Mile",
  "duration" : 2160000,
  "activeDuration" : 2160000,
  "steps" : 0,
  "source" : {
    "type" : "app",
    "name" : "MyFitnessPal",
    "id" : "228VC7",
    "url" : "http://www.myfitnesspal.com"
  },
  "logType" : "manual",
  "manualValuesSpecified" : {
    "calories" : true,
    "distance" : true,
    "steps" : true
  },
  "speed" : 0.0,
  "lastModified" : "08/26/15 17:51:27",
  "startTime" : "06/26/15 09:23:00",
  "originalStartTime" : "06/26/15 09:23:00",
  "originalDuration" : 2160000,
  "hasGps" : false,
  "shouldFetchDetails" : false
},{
  "logId" : 257128291,
  "activityName" : "Bicycling, 10-12 mph, light (cycling, biking, bike riding) (MyFitnessPal)",
  "activityTypeId" : 8215245,
  "activityLevel" : [{
    "minutes" : 0,
    "name" : "sedentary"
  },{
    "minutes" : 0,
    "name" : "lightly"
  },{
    "minutes" : 0,
    "name" : "fairly"
  },{
    "minutes" : 16,
    "name" : "very"
  }],
  "calories" : 123,
  "distance" : 0.0,
  "distanceUnit" : "Mile",
  "duration" : 960000,
  "activeDuration" : 960000,
  "steps" : 0,
  "source" : {
    "type" : "app",
    "name" : "MyFitnessPal",
    "id" : "228VC7",
    "url" : "http://www.myfitnesspal.com"
  },
  "logType" : "manual",
  "manualValuesSpecified" : {
    "calories" : true,
    "distance" : true,
    "steps" : true
  },
  "speed" : 0.0,
  "lastModified" : "08/26/15 17:51:27",
  "startTime" : "06/26/15 10:09:00",
  "originalStartTime" : "06/26/15 10:09:00",
  "originalDuration" : 960000,
  "hasGps" : false,
  "shouldFetchDetails" : false
},{
  "logId" : 258817168,
  "activityName" : "Elliptical Trainer (MyFitnessPal)",
  "activityTypeId" : 5493232,
  "activityLevel" : [{
    "minutes" : 0,
    "name" : "sedentary"
  },{
    "minutes" : 0,
    "name" : "lightly"
  },{
    "minutes" : 0,
    "name" : "fairly"
  },{
    "minutes" : 66,
    "name" : "very"
  }],
  "calories" : 816,
  "distance" : 0.0,
  "distanceUnit" : "Mile",
  "duration" : 3960000,
  "activeDuration" : 3960000,
  "steps" : 0,
  "source" : {
    "type" : "app",
    "name" : "MyFitnessPal",
    "id" : "228VC7",
    "url" : "http://www.myfitnesspal.com"
  },
  "logType" : "manual",
  "manualValuesSpecified" : {
    "calories" : true,
    "distance" : true,
    "steps" : true
  },
  "speed" : 0.0,
  "lastModified" : "08/26/15 17:51:27",
  "startTime" : "06/29/15 09:19:00",
  "originalStartTime" : "06/29/15 09:19:00",
  "originalDuration" : 3960000,
  "hasGps" : false,
  "shouldFetchDetails" : false
},{
  "logId" : 269723478,
  "activityName" : "Elliptical Trainer (MyFitnessPal)",
  "activityTypeId" : 5493232,
  "activityLevel" : [{
    "minutes" : 0,
    "name" : "sedentary"
  },{
    "minutes" : 0,
    "name" : "lightly"
  },{
    "minutes" : 0,
    "name" : "fairly"
  },{
    "minutes" : 66,
    "name" : "very"
  }],
  "calories" : 817,
  "distance" : 0.0,
  "distanceUnit" : "Mile",
  "duration" : 3960000,
  "activeDuration" : 3960000,
  "steps" : 0,
  "source" : {
    "type" : "app",
    "name" : "MyFitnessPal",
    "id" : "228VC7",
    "url" : "http://www.myfitnesspal.com"
  },
  "logType" : "manual",
  "manualValuesSpecified" : {
    "calories" : true,
    "distance" : true,
    "steps" : true
  },
  "speed" : 0.0,
  "lastModified" : "08/26/15 17:51:27",
  "startTime" : "07/07/15 09:35:00",
  "originalStartTime" : "07/07/15 09:35:00",
  "originalDuration" : 3960000,
  "hasGps" : false,
  "shouldFetchDetails" : false
},{
  "logId" : 269827566,
  "activityName" : "Elliptical Trainer (MyFitnessPal)",
  "activityTypeId" : 5493232,
  "activityLevel" : [{
    "minutes" : 0,
    "name" : "sedentary"
  },{
    "minutes" : 0,
    "name" : "lightly"
  },{
    "minutes" : 0,
    "name" : "fairly"
  },{
    "minutes" : 66,
    "name" : "very"
  }],
  "calories" : 822,
  "distance" : 0.0,
  "distanceUnit" : "Mile",
  "duration" : 3960000,
  "activeDuration" : 3960000,
  "steps" : 0,
  "source" : {
    "type" : "app",
    "name" : "MyFitnessPal",
    "id" : "228VC7",
    "url" : "http://www.myfitnesspal.com"
  },
  "logType" : "manual",
  "manualValuesSpecified" : {
    "calories" : true,
    "distance" : true,
    "steps" : true
  },
  "speed" : 0.0,
  "lastModified" : "08/26/15 17:51:27",
  "startTime" : "07/12/15 14:15:00",
  "originalStartTime" : "07/12/15 14:15:00",
  "originalDuration" : 3960000,
  "hasGps" : false,
  "shouldFetchDetails" : false
},{
  "logId" : 278182819,
  "activityName" : "Elliptical Trainer (MyFitnessPal)",
  "activityTypeId" : 5493232,
  "activityLevel" : [{
    "minutes" : 0,
    "name" : "sedentary"
  },{
    "minutes" : 0,
    "name" : "lightly"
  },{
    "minutes" : 0,
    "name" : "fairly"
  },{
    "minutes" : 66,
    "name" : "very"
  }],
  "calories" : 751,
  "distance" : 0.0,
  "distanceUnit" : "Mile",
  "duration" : 3960000,
  "activeDuration" : 3960000,
  "steps" : 0,
  "source" : {
    "type" : "app",
    "name" : "MyFitnessPal",
    "id" : "228VC7",
    "url" : "http://www.myfitnesspal.com"
  },
  "logType" : "manual",
  "manualValuesSpecified" : {
    "calories" : true,
    "distance" : true,
    "steps" : true
  },
  "speed" : 0.0,
  "lastModified" : "08/26/15 17:51:27",
  "startTime" : "07/14/15 09:32:00",
  "originalStartTime" : "07/14/15 09:32:00",
  "originalDuration" : 3960000,
  "hasGps" : false,
  "shouldFetchDetails" : false
},{
  "logId" : 278220968,
  "activityName" : "Elliptical Trainer (MyFitnessPal)",
  "activityTypeId" : 5493232,
  "activityLevel" : [{
    "minutes" : 0,
    "name" : "sedentary"
  },{
    "minutes" : 0,
    "name" : "lightly"
  },{
    "minutes" : 0,
    "name" : "fairly"
  },{
    "minutes" : 66,
    "name" : "very"
  }],
  "calories" : 828,
  "distance" : 0.0,
  "distanceUnit" : "Mile",
  "duration" : 3960000,
  "activeDuration" : 3960000,
  "steps" : 0,
  "source" : {
    "type" : "app",
    "name" : "MyFitnessPal",
    "id" : "228VC7",
    "url" : "http://www.myfitnesspal.com"
  },
  "logType" : "manual",
  "manualValuesSpecified" : {
    "calories" : true,
    "distance" : true,
    "steps" : true
  },
  "speed" : 0.0,
  "lastModified" : "08/26/15 17:51:27",
  "startTime" : "07/21/15 09:27:00",
  "originalStartTime" : "07/21/15 09:27:00",
  "originalDuration" : 3960000,
  "hasGps" : false,
  "shouldFetchDetails" : false
},{
  "logId" : 280572486,
  "activityName" : "Elliptical Trainer (MyFitnessPal)",
  "activityTypeId" : 5493232,
  "activityLevel" : [{
    "minutes" : 0,
    "name" : "sedentary"
  },{
    "minutes" : 0,
    "name" : "lightly"
  },{
    "minutes" : 0,
    "name" : "fairly"
  },{
    "minutes" : 66,
    "name" : "very"
  }],
  "calories" : 770,
  "distance" : 0.0,
  "distanceUnit" : "Mile",
  "duration" : 3960000,
  "activeDuration" : 3960000,
  "steps" : 0,
  "source" : {
    "type" : "app",
    "name" : "MyFitnessPal",
    "id" : "228VC7",
    "url" : "http://www.myfitnesspal.com"
  },
  "logType" : "manual",
  "manualValuesSpecified" : {
    "calories" : true,
    "distance" : true,
    "steps" : true
  },
  "speed" : 0.0,
  "lastModified" : "08/26/15 17:51:27",
  "startTime" : "07/23/15 14:35:00",
  "originalStartTime" : "07/23/15 14:35:00",
  "originalDuration" : 3960000,
  "hasGps" : false,
  "shouldFetchDetails" : false
},{
  "logId" : 281612418,
  "activityName" : "Elliptical Trainer (MyFitnessPal)",
  "activityTypeId" : 5493232,
  "activityLevel" : [{
    "minutes" : 0,
    "name" : "sedentary"
  },{
    "minutes" : 0,
    "name" : "lightly"
  },{
    "minutes" : 0,
    "name" : "fairly"
  },{
    "minutes" : 66,
    "name" : "very"
  }],
  "calories" : 808,
  "distance" : 0.0,
  "distanceUnit" : "Mile",
  "duration" : 3960000,
  "activeDuration" : 3960000,
  "steps" : 0,
  "source" : {
    "type" : "app",
    "name" : "MyFitnessPal",
    "id" : "228VC7",
    "url" : "http://www.myfitnesspal.com"
  },
  "logType" : "manual",
  "manualValuesSpecified" : {
    "calories" : true,
    "distance" : true,
    "steps" : true
  },
  "speed" : 0.0,
  "lastModified" : "08/26/15 17:51:27",
  "startTime" : "07/24/15 09:22:00",
  "originalStartTime" : "07/24/15 09:22:00",
  "originalDuration" : 3960000,
  "hasGps" : false,
  "shouldFetchDetails" : false
},{
  "logId" : 297950661,
  "activityName" : "Elliptical Trainer (MyFitnessPal)",
  "activityTypeId" : 5493232,
  "activityLevel" : [{
    "minutes" : 0,
    "name" : "sedentary"
  },{
    "minutes" : 0,
    "name" : "lightly"
  },{
    "minutes" : 0,
    "name" : "fairly"
  },{
    "minutes" : 66,
    "name" : "very"
  }],
  "calories" : 820,
  "distance" : 0.0,
  "distanceUnit" : "Mile",
  "duration" : 3960000,
  "activeDuration" : 3960000,
  "steps" : 0,
  "source" : {
    "type" : "app",
    "name" : "MyFitnessPal",
    "id" : "228VC7",
    "url" : "http://www.myfitnesspal.com"
  },
  "logType" : "manual",
  "manualValuesSpecified" : {
    "calories" : true,
    "distance" : true,
    "steps" : true
  },
  "speed" : 0.0,
  "lastModified" : "08/26/15 17:51:27",
  "startTime" : "08/10/15 12:34:00",
  "originalStartTime" : "08/10/15 12:34:00",
  "originalDuration" : 3960000,
  "hasGps" : false,
  "shouldFetchDetails" : false
},{
  "logId" : 298761787,
  "activityName" : "Elliptical Trainer (MyFitnessPal)",
  "activityTypeId" : 5493232,
  "activityLevel" : [{
    "minutes" : 0,
    "name" : "sedentary"
  },{
    "minutes" : 0,
    "name" : "lightly"
  },{
    "minutes" : 0,
    "name" : "fairly"
  },{
    "minutes" : 66,
    "name" : "very"
  }],
  "calories" : 797,
  "distance" : 0.0,
  "distanceUnit" : "Mile",
  "duration" : 3960000,
  "activeDuration" : 3960000,
  "steps" : 0,
  "source" : {
    "type" : "app",
    "name" : "MyFitnessPal",
    "id" : "228VC7",
    "url" : "http://www.myfitnesspal.com"
  },
  "logType" : "manual",
  "manualValuesSpecified" : {
    "calories" : true,
    "distance" : true,
    "steps" : true
  },
  "speed" : 0.0,
  "lastModified" : "08/26/15 17:51:27",
  "startTime" : "08/11/15 09:24:00",
  "originalStartTime" : "08/11/15 09:24:00",
  "originalDuration" : 3960000,
  "hasGps" : false,
  "shouldFetchDetails" : false
},{
  "logId" : 302583547,
  "activityName" : "Elliptical Trainer (MyFitnessPal)",
  "activityTypeId" : 5493232,
  "activityLevel" : [{
    "minutes" : 0,
    "name" : "sedentary"
  },{
    "minutes" : 0,
    "name" : "lightly"
  },{
    "minutes" : 0,
    "name" : "fairly"
  },{
    "minutes" : 66,
    "name" : "very"
  }],
  "calories" : 824,
  "distance" : 0.0,
  "distanceUnit" : "Mile",
  "duration" : 3960000,
  "activeDuration" : 3960000,
  "steps" : 0,
  "source" : {
    "type" : "app",
    "name" : "MyFitnessPal",
    "id" : "228VC7",
    "url" : "http://www.myfitnesspal.com"
  },
  "logType" : "manual",
  "manualValuesSpecified" : {
    "calories" : true,
    "distance" : true,
    "steps" : true
  },
  "speed" : 0.0,
  "lastModified" : "08/26/15 17:51:27",
  "startTime" : "08/14/15 14:28:00",
  "originalStartTime" : "08/14/15 14:28:00",
  "originalDuration" : 3960000,
  "hasGps" : false,
  "shouldFetchDetails" : false
},{
  "logId" : 311293462,
  "activityName" : "Elliptical Trainer (MyFitnessPal)",
  "activityTypeId" : 5493232,
  "activityLevel" : [{
    "minutes" : 0,
    "name" : "sedentary"
  },{
    "minutes" : 0,
    "name" : "lightly"
  },{
    "minutes" : 0,
    "name" : "fairly"
  },{
    "minutes" : 36,
    "name" : "very"
  }],
  "calories" : 436,
  "distance" : 0.0,
  "distanceUnit" : "Mile",
  "duration" : 2160000,
  "activeDuration" : 2160000,
  "steps" : 0,
  "source" : {
    "type" : "app",
    "name" : "MyFitnessPal",
    "id" : "228VC7",
    "url" : "http://www.myfitnesspal.com"
  },
  "logType" : "manual",
  "manualValuesSpecified" : {
    "calories" : true,
    "distance" : true,
    "steps" : true
  },
  "speed" : 0.0,
  "lastModified" : "08/26/15 17:51:27",
  "startTime" : "08/24/15 09:39:00",
  "originalStartTime" : "08/24/15 09:39:00",
  "originalDuration" : 2160000,
  "hasGps" : false,
  "shouldFetchDetails" : false
},{
  "logId" : 311304047,
  "activityName" : "Workout",
  "activityTypeId" : 3000,
  "activityLevel" : [{
    "minutes" : 0,
    "name" : "sedentary"
  },{
    "minutes" : 0,
    "name" : "lightly"
  },{
    "minutes" : 0,
    "name" : "fairly"
  },{
    "minutes" : 36,
    "name" : "very"
  }],
  "calories" : 421,
  "duration" : 2165000,
  "activeDuration" : 2165000,
  "steps" : 5251,
  "source" : {
    "type" : "tracker",
    "name" : "Charge",
    "id" : "26369300",
    "url" : "https://www.fitbit.com/"
  },
  "logType" : "tracker",
  "manualValuesSpecified" : {
    "calories" : false,
    "distance" : false,
    "steps" : false
  },
  "lastModified" : "08/26/15 17:51:27",
  "startTime" : "08/24/15 13:39:09",
  "originalStartTime" : "08/24/15 13:39:09",
  "originalDuration" : 2165000,
  "hasGps" : false,
  "shouldFetchDetails" : false
},{
  "logId" : 313872858,
  "activityName" : "Elliptical Trainer (MyFitnessPal)",
  "activityTypeId" : 5493232,
  "activityLevel" : [{
    "minutes" : 0,
    "name" : "sedentary"
  },{
    "minutes" : 0,
    "name" : "lightly"
  },{
    "minutes" : 0,
    "name" : "fairly"
  },{
    "minutes" : 36,
    "name" : "very"
  }],
  "calories" : 431,
  "distance" : 0.0,
  "distanceUnit" : "Mile",
  "duration" : 2160000,
  "activeDuration" : 2160000,
  "steps" : 0,
  "source" : {
    "type" : "app",
    "name" : "MyFitnessPal",
    "id" : "228VC7",
    "url" : "http://www.myfitnesspal.com"
  },
  "logType" : "manual",
  "manualValuesSpecified" : {
    "calories" : true,
    "distance" : true,
    "steps" : true
  },
  "speed" : 0.0,
  "lastModified" : "08/26/15 17:51:27",
  "startTime" : "08/25/15 15:31:00",
  "originalStartTime" : "08/25/15 15:31:00",
  "originalDuration" : 2160000,
  "hasGps" : false,
  "shouldFetchDetails" : false
},{
  "logId" : 313845063,
  "activityName" : "Elliptical Trainer (MyFitnessPal)",
  "activityTypeId" : 5493232,
  "activityLevel" : [{
    "minutes" : 0,
    "name" : "sedentary"
  },{
    "minutes" : 0,
    "name" : "lightly"
  },{
    "minutes" : 0,
    "name" : "fairly"
  },{
    "minutes" : 35,
    "name" : "very"
  }],
  "calories" : 430,
  "distance" : 0.0,
  "distanceUnit" : "Mile",
  "duration" : 2100000,
  "activeDuration" : 2100000,
  "steps" : 0,
  "source" : {
    "type" : "app",
    "name" : "MyFitnessPal",
    "id" : "228VC7",
    "url" : "http://www.myfitnesspal.com"
  },
  "logType" : "manual",
  "manualValuesSpecified" : {
    "calories" : true,
    "distance" : true,
    "steps" : true
  },
  "speed" : 0.0,
  "lastModified" : "08/26/15 17:51:27",
  "startTime" : "08/26/15 09:21:00",
  "originalStartTime" : "08/26/15 09:21:00",
  "originalDuration" : 2100000,
  "hasGps" : false,
  "shouldFetchDetails" : false
},{
  "logId" : 320114060,
  "activityName" : "Elliptical Trainer (MyFitnessPal)",
  "activityTypeId" : 5493232,
  "activityLevel" : [{
    "minutes" : 0,
    "name" : "sedentary"
  },{
    "minutes" : 66,
    "name" : "lightly"
  },{
    "minutes" : 0,
    "name" : "fairly"
  },{
    "minutes" : 0,
    "name" : "very"
  }],
  "calories" : 155,
  "distance" : 0.0,
  "distanceUnit" : "Mile",
  "duration" : 3960000,
  "activeDuration" : 3960000,
  "steps" : 0,
  "source" : {
    "type" : "app",
    "name" : "MyFitnessPal",
    "id" : "228VC7",
    "url" : "http://www.myfitnesspal.com"
  },
  "logType" : "manual",
  "manualValuesSpecified" : {
    "calories" : true,
    "distance" : true,
    "steps" : true
  },
  "speed" : 0.0,
  "lastModified" : "09/01/15 20:37:21",
  "startTime" : "09/01/15 15:25:00",
  "originalStartTime" : "09/01/15 15:25:00",
  "originalDuration" : 3960000,
  "hasGps" : false,
  "shouldFetchDetails" : false
}]