[{
  "logId" : 130778,
  "activityName" : "Run",
  "activityTypeId" : 90009,
  "activityLevel" : [{
    "minutes" : 0,
    "name" : "sedentary"
  },{
    "minutes" : 0,
    "name" : "lightly"
  },{
    "minutes" : 0,
    "name" : "fairly"
  },{
    "minutes" : 40,
    "name" : "very"
  }],
  "calories" : 467,
  "distance" : 4.229997,
  "distanceUnit" : "Mile",
  "duration" : 2400000,
  "activeDuration" : 2400000,
  "steps" : 4872,
  "logType" : "manual",
  "manualValuesSpecified" : {
    "calories" : true,
    "distance" : true,
    "steps" : true
  },
  "speed" : 6.3449955000000005,
  "pace" : 567.3762889193539,
  "lastModified" : "08/26/15 17:51:27",
  "startTime" : "02/03/10 12:00:00",
  "originalStartTime" : "02/03/10 12:00:00",
  "originalDuration" : 2400000,
  "elevationGain" : 0.0,
  "hasGps" : false,
  "shouldFetchDetails" : false
},{
  "logId" : 135434,
  "activityName" : "Run",
  "activityTypeId" : 90009,
  "activityLevel" : [{
    "minutes" : 0,
    "name" : "sedentary"
  },{
    "minutes" : 0,
    "name" : "lightly"
  },{
    "minutes" : 0,
    "name" : "fairly"
  },{
    "minutes" : 30,
    "name" : "very"
  }],
  "calories" : 385,
  "distance" : 3.279995,
  "distanceUnit" : "Mile",
  "duration" : 1800000,
  "activeDuration" : 1800000,
  "steps" : 3778,
  "logType" : "manual",
  "manualValuesSpecified" : {
    "calories" : true,
    "distance" : true,
    "steps" : true
  },
  "speed" : 6.55999,
  "pace" : 548.781324361775,
  "lastModified" : "08/26/15 17:51:27",
  "startTime" : "02/05/10 12:15:00",
  "originalStartTime" : "02/05/10 12:15:00",
  "originalDuration" : 1800000,
  "elevationGain" : 0.0,
  "hasGps" : false,
  "shouldFetchDetails" : false
},{
  "logId" : 140514,
  "activityName" : "Shoveling snow, by hand",
  "activityTypeId" : 8200,
  "activityLevel" : [{
    "minutes" : 0,
    "name" : "sedentary"
  },{
    "minutes" : 0,
    "name" : "lightly"
  },{
    "minutes" : 0,
    "name" : "fairly"
  },{
    "minutes" : 90,
    "name" : "very"
  }],
  "calories" : 634,
  "duration" : 5400000,
  "activeDuration" : 5400000,
  "steps" : 5103,
  "logType" : "manual",
  "manualValuesSpecified" : {
    "calories" : true,
    "distance" : true,
    "steps" : true
  },
  "lastModified" : "08/26/15 17:51:27",
  "startTime" : "02/06/10 10:43:00",
  "originalStartTime" : "02/06/10 10:43:00",
  "originalDuration" : 5400000,
  "hasGps" : false,
  "shouldFetchDetails" : false
},{
  "logId" : 145512,
  "activityName" : "Soccer",
  "activityTypeId" : 15605,
  "activityLevel" : [{
    "minutes" : 0,
    "name" : "sedentary"
  },{
    "minutes" : 0,
    "name" : "lightly"
  },{
    "minutes" : 0,
    "name" : "fairly"
  },{
    "minutes" : 40,
    "name" : "very"
  }],
  "calories" : 470,
  "duration" : 2400000,
  "activeDuration" : 2400000,
  "steps" : 0,
  "logType" : "manual",
  "manualValuesSpecified" : {
    "calories" : true,
    "distance" : true,
    "steps" : true
  },
  "lastModified" : "08/26/15 17:51:27",
  "startTime" : "02/09/10 21:35:00",
  "originalStartTime" : "02/09/10 21:35:00",
  "originalDuration" : 2400000,
  "hasGps" : false,
  "shouldFetchDetails" : false
},{
  "logId" : 154617,
  "activityName" : "Run",
  "activityTypeId" : 90009,
  "activityLevel" : [{
    "minutes" : 0,
    "name" : "sedentary"
  },{
    "minutes" : 0,
    "name" : "lightly"
  },{
    "minutes" : 0,
    "name" : "fairly"
  },{
    "minutes" : 60,
    "name" : "very"
  }],
  "calories" : 1263,
  "distance" : 10.769997,
  "distanceUnit" : "Mile",
  "duration" : 3600000,
  "activeDuration" : 3600000,
  "steps" : 12407,
  "logType" : "manual",
  "manualValuesSpecified" : {
    "calories" : true,
    "distance" : true,
    "steps" : true
  },
  "speed" : 10.769997,
  "pace" : 334.26193154928455,
  "lastModified" : "08/26/15 17:51:27",
  "startTime" : "02/16/10 11:50:00",
  "originalStartTime" : "02/16/10 11:50:00",
  "originalDuration" : 3600000,
  "elevationGain" : 0.0,
  "hasGps" : false,
  "shouldFetchDetails" : false
},{
  "logId" : 155905,
  "activityName" : "Soccer",
  "activityTypeId" : 15605,
  "activityLevel" : [{
    "minutes" : 0,
    "name" : "sedentary"
  },{
    "minutes" : 0,
    "name" : "lightly"
  },{
    "minutes" : 0,
    "name" : "fairly"
  },{
    "minutes" : 40,
    "name" : "very"
  }],
  "calories" : 468,
  "duration" : 2400000,
  "activeDuration" : 2400000,
  "steps" : 0,
  "logType" : "manual",
  "manualValuesSpecified" : {
    "calories" : true,
    "distance" : true,
    "steps" : true
  },
  "lastModified" : "08/26/15 17:51:27",
  "startTime" : "02/16/10 19:05:00",
  "originalStartTime" : "02/16/10 19:05:00",
  "originalDuration" : 2400000,
  "hasGps" : false,
  "shouldFetchDetails" : false
},{
  "logId" : 159225,
  "activityName" : "Run",
  "activityTypeId" : 90009,
  "activityLevel" : [{
    "minutes" : 0,
    "name" : "sedentary"
  },{
    "minutes" : 0,
    "name" : "lightly"
  },{
    "minutes" : 0,
    "name" : "fairly"
  },{
    "minutes" : 60,
    "name" : "very"
  }],
  "calories" : 1248,
  "distance" : 10.869994,
  "distanceUnit" : "Mile",
  "duration" : 3600000,
  "activeDuration" : 3600000,
  "steps" : 12522,
  "logType" : "manual",
  "manualValuesSpecified" : {
    "calories" : true,
    "distance" : true,
    "steps" : true
  },
  "speed" : 10.869994,
  "pace" : 331.1869353377748,
  "lastModified" : "08/26/15 17:51:27",
  "startTime" : "02/18/10 12:15:00",
  "originalStartTime" : "02/18/10 12:15:00",
  "originalDuration" : 3600000,
  "elevationGain" : 0.0,
  "hasGps" : false,
  "shouldFetchDetails" : false
},{
  "logId" : 163934,
  "activityName" : "Run",
  "activityTypeId" : 90009,
  "activityLevel" : [{
    "minutes" : 0,
    "name" : "sedentary"
  },{
    "minutes" : 0,
    "name" : "lightly"
  },{
    "minutes" : 0,
    "name" : "fairly"
  },{
    "minutes" : 61,
    "name" : "very"
  }],
  "calories" : 1056,
  "distance" : 9.119995,
  "distanceUnit" : "Mile",
  "duration" : 3601000,
  "activeDuration" : 3601000,
  "steps" : 10506,
  "logType" : "manual",
  "manualValuesSpecified" : {
    "calories" : true,
    "distance" : true,
    "steps" : true
  },
  "speed" : 9.117462371563454,
  "pace" : 394.8467077010459,
  "lastModified" : "08/26/15 17:51:27",
  "startTime" : "02/22/10 12:05:00",
  "originalStartTime" : "02/22/10 12:05:00",
  "originalDuration" : 3601000,
  "elevationGain" : 0.0,
  "hasGps" : false,
  "shouldFetchDetails" : false
},{
  "logId" : 165856,
  "activityName" : "Run",
  "activityTypeId" : 90009,
  "activityLevel" : [{
    "minutes" : 0,
    "name" : "sedentary"
  },{
    "minutes" : 0,
    "name" : "lightly"
  },{
    "minutes" : 0,
    "name" : "fairly"
  },{
    "minutes" : 60,
    "name" : "very"
  }],
  "calories" : 1263,
  "distance" : 10.969998,
  "distanceUnit" : "Mile",
  "duration" : 3600000,
  "activeDuration" : 3600000,
  "steps" : 12637,
  "logType" : "manual",
  "manualValuesSpecified" : {
    "calories" : true,
    "distance" : true,
    "steps" : true
  },
  "speed" : 10.969998,
  "pace" : 328.1677900032434,
  "lastModified" : "08/26/15 17:51:27",
  "startTime" : "02/23/10 12:00:00",
  "originalStartTime" : "02/23/10 12:00:00",
  "originalDuration" : 3600000,
  "elevationGain" : 0.0,
  "hasGps" : false,
  "shouldFetchDetails" : false
},{
  "logId" : 172282,
  "activityName" : "Run",
  "activityTypeId" : 90009,
  "activityLevel" : [{
    "minutes" : 0,
    "name" : "sedentary"
  },{
    "minutes" : 0,
    "name" : "lightly"
  },{
    "minutes" : 0,
    "name" : "fairly"
  },{
    "minutes" : 60,
    "name" : "very"
  }],
  "calories" : 1264,
  "distance" : 11.759997,
  "distanceUnit" : "Mile",
  "duration" : 3600000,
  "activeDuration" : 3600000,
  "steps" : 13547,
  "logType" : "manual",
  "manualValuesSpecified" : {
    "calories" : true,
    "distance" : true,
    "steps" : true
  },
  "speed" : 11.759997,
  "pace" : 306.12252707207324,
  "lastModified" : "08/26/15 17:51:27",
  "startTime" : "02/26/10 12:08:00",
  "originalStartTime" : "02/26/10 12:08:00",
  "originalDuration" : 3600000,
  "elevationGain" : 0.0,
  "hasGps" : false,
  "shouldFetchDetails" : false
},{
  "logId" : 341596,
  "activityName" : "Walk",
  "activityTypeId" : 90013,
  "activityLevel" : [{
    "minutes" : 0,
    "name" : "sedentary"
  },{
    "minutes" : 22,
    "name" : "lightly"
  },{
    "minutes" : 0,
    "name" : "fairly"
  },{
    "minutes" : 0,
    "name" : "very"
  }],
  "calories" : 76,
  "distance" : 0.829997,
  "distanceUnit" : "Mile",
  "duration" : 1320000,
  "activeDuration" : 1320000,
  "steps" : 1862,
  "logType" : "manual",
  "manualValuesSpecified" : {
    "calories" : true,
    "distance" : true,
    "steps" : true
  },
  "speed" : 2.263628181818182,
  "pace" : 1590.367194098292,
  "lastModified" : "08/26/15 17:51:27",
  "startTime" : "06/17/10 07:29:00",
  "originalStartTime" : "06/17/10 07:29:00",
  "originalDuration" : 1320000,
  "elevationGain" : 0.0,
  "hasGps" : false,
  "shouldFetchDetails" : false
},{
  "logId" : 429515,
  "activityName" : "Bike",
  "activityTypeId" : 90001,
  "activityLevel" : [{
    "minutes" : 0,
    "name" : "sedentary"
  },{
    "minutes" : 5,
    "name" : "lightly"
  },{
    "minutes" : 0,
    "name" : "fairly"
  },{
    "minutes" : 0,
    "name" : "very"
  }],
  "calories" : 23,
  "distance" : 0.0,
  "distanceUnit" : "Mile",
  "duration" : 300000,
  "activeDuration" : 300000,
  "logType" : "manual",
  "manualValuesSpecified" : {
    "calories" : true,
    "distance" : true,
    "steps" : true
  },
  "speed" : 0.0,
  "lastModified" : "08/26/15 17:51:27",
  "startTime" : "07/25/10 15:52:00",
  "originalStartTime" : "07/25/10 15:52:00",
  "originalDuration" : 300000,
  "elevationGain" : 0.0,
  "hasGps" : false,
  "shouldFetchDetails" : false
},{
  "logId" : 429516,
  "activityName" : "Bike",
  "activityTypeId" : 90001,
  "activityLevel" : [{
    "minutes" : 0,
    "name" : "sedentary"
  },{
    "minutes" : 5,
    "name" : "lightly"
  },{
    "minutes" : 0,
    "name" : "fairly"
  },{
    "minutes" : 0,
    "name" : "very"
  }],
  "calories" : 23,
  "distance" : 0.0,
  "distanceUnit" : "Mile",
  "duration" : 300000,
  "activeDuration" : 300000,
  "logType" : "manual",
  "manualValuesSpecified" : {
    "calories" : true,
    "distance" : true,
    "steps" : true
  },
  "speed" : 0.0,
  "lastModified" : "08/26/15 17:51:27",
  "startTime" : "07/25/10 16:44:00",
  "originalStartTime" : "07/25/10 16:44:00",
  "originalDuration" : 300000,
  "elevationGain" : 0.0,
  "hasGps" : false,
  "shouldFetchDetails" : false
},{
  "logId" : 434096,
  "activityName" : "Soccer",
  "activityTypeId" : 15605,
  "activityLevel" : [{
    "minutes" : 0,
    "name" : "sedentary"
  },{
    "minutes" : 0,
    "name" : "lightly"
  },{
    "minutes" : 0,
    "name" : "fairly"
  },{
    "minutes" : 43,
    "name" : "very"
  }],
  "calories" : 492,
  "duration" : 2580000,
  "activeDuration" : 2580000,
  "steps" : 3736,
  "logType" : "manual",
  "manualValuesSpecified" : {
    "calories" : true,
    "distance" : true,
    "steps" : true
  },
  "lastModified" : "08/26/15 17:51:27",
  "startTime" : "07/25/10 18:15:00",
  "originalStartTime" : "07/25/10 18:15:00",
  "originalDuration" : 2580000,
  "hasGps" : false,
  "shouldFetchDetails" : false
},{
  "logId" : 450445,
  "activityName" : "Weights",
  "activityTypeId" : 2050,
  "activityLevel" : [{
    "minutes" : 0,
    "name" : "sedentary"
  },{
    "minutes" : 0,
    "name" : "lightly"
  },{
    "minutes" : 33,
    "name" : "fairly"
  },{
    "minutes" : 5,
    "name" : "very"
  }],
  "calories" : 264,
  "duration" : 2280000,
  "activeDuration" : 2280000,
  "steps" : 1813,
  "logType" : "manual",
  "manualValuesSpecified" : {
    "calories" : true,
    "distance" : true,
    "steps" : true
  },
  "lastModified" : "08/26/15 17:51:27",
  "startTime" : "08/04/10 12:07:00",
  "originalStartTime" : "08/04/10 12:07:00",
  "originalDuration" : 2280000,
  "hasGps" : false,
  "shouldFetchDetails" : false
},{
  "logId" : 2434119,
  "activityName" : "Run",
  "activityTypeId" : 90009,
  "activityLevel" : [{
    "minutes" : 0,
    "name" : "sedentary"
  },{
    "minutes" : 0,
    "name" : "lightly"
  },{
    "minutes" : 62,
    "name" : "fairly"
  },{
    "minutes" : 0,
    "name" : "very"
  }],
  "calories" : 397,
  "distance" : 5.894327,
  "distanceUnit" : "Mile",
  "duration" : 3713000,
  "activeDuration" : 3713000,
  "steps" : 6790,
  "logType" : "manual",
  "manualValuesSpecified" : {
    "calories" : true,
    "distance" : true,
    "steps" : true
  },
  "speed" : 5.714941341233503,
  "pace" : 629.9277254214095,
  "lastModified" : "08/26/15 17:51:27",
  "startTime" : "11/02/11 14:48:00",
  "originalStartTime" : "11/02/11 14:48:00",
  "originalDuration" : 3713000,
  "elevationGain" : 0.0,
  "hasGps" : false,
  "shouldFetchDetails" : false
},{
  "logId" : 2534384,
  "activityName" : "Run",
  "activityTypeId" : 90009,
  "activityLevel" : [{
    "minutes" : 0,
    "name" : "sedentary"
  },{
    "minutes" : 0,
    "name" : "lightly"
  },{
    "minutes" : 0,
    "name" : "fairly"
  },{
    "minutes" : 61,
    "name" : "very"
  }],
  "calories" : 497,
  "distance" : 5.438551,
  "distanceUnit" : "Mile",
  "duration" : 3613000,
  "activeDuration" : 3613000,
  "steps" : 6265,
  "logType" : "manual",
  "manualValuesSpecified" : {
    "calories" : true,
    "distance" : true,
    "steps" : true
  },
  "speed" : 5.418982452255744,
  "pace" : 664.3313632620159,
  "lastModified" : "08/26/15 17:51:27",
  "startTime" : "12/13/11 12:03:00",
  "originalStartTime" : "12/13/11 12:03:00",
  "originalDuration" : 3613000,
  "elevationGain" : 0.0,
  "hasGps" : false,
  "shouldFetchDetails" : false
},{
  "logId" : 2615174,
  "activityName" : "Run",
  "activityTypeId" : 90009,
  "activityLevel" : [{
    "minutes" : 0,
    "name" : "sedentary"
  },{
    "minutes" : 0,
    "name" : "lightly"
  },{
    "minutes" : 0,
    "name" : "fairly"
  },{
    "minutes" : 34,
    "name" : "very"
  }],
  "calories" : 239,
  "distance" : 2.717182,
  "distanceUnit" : "Mile",
  "duration" : 2010000,
  "activeDuration" : 2010000,
  "steps" : 3130,
  "logType" : "manual",
  "manualValuesSpecified" : {
    "calories" : true,
    "distance" : true,
    "steps" : true
  },
  "speed" : 4.8665946268656715,
  "pace" : 739.7369775009549,
  "lastModified" : "08/26/15 17:51:27",
  "startTime" : "01/03/12 12:33:00",
  "originalStartTime" : "01/03/12 12:33:00",
  "originalDuration" : 2010000,
  "elevationGain" : 0.0,
  "hasGps" : false,
  "shouldFetchDetails" : false
},{
  "logId" : 2615175,
  "activityName" : "Run",
  "activityTypeId" : 90009,
  "activityLevel" : [{
    "minutes" : 0,
    "name" : "sedentary"
  },{
    "minutes" : 0,
    "name" : "lightly"
  },{
    "minutes" : 37,
    "name" : "fairly"
  },{
    "minutes" : 0,
    "name" : "very"
  }],
  "calories" : 244,
  "distance" : 2.77162,
  "distanceUnit" : "Mile",
  "duration" : 2161000,
  "activeDuration" : 2161000,
  "steps" : 3192,
  "logType" : "manual",
  "manualValuesSpecified" : {
    "calories" : true,
    "distance" : true,
    "steps" : true
  },
  "speed" : 4.617229060620083,
  "pace" : 779.688413274547,
  "lastModified" : "08/26/15 17:51:27",
  "startTime" : "01/04/12 12:02:00",
  "originalStartTime" : "01/04/12 12:02:00",
  "originalDuration" : 2161000,
  "elevationGain" : 0.0,
  "hasGps" : false,
  "shouldFetchDetails" : false
},{
  "logId" : 4209304,
  "activityName" : "Swimming laps, freestyle, fast, vigorous effort",
  "activityTypeId" : 18230,
  "activityLevel" : [{
    "minutes" : 0,
    "name" : "sedentary"
  },{
    "minutes" : 0,
    "name" : "lightly"
  },{
    "minutes" : 0,
    "name" : "fairly"
  },{
    "minutes" : 25,
    "name" : "very"
  }],
  "calories" : 276,
  "duration" : 1500000,
  "activeDuration" : 1500000,
  "steps" : 1249,
  "logType" : "manual",
  "manualValuesSpecified" : {
    "calories" : true,
    "distance" : true,
    "steps" : true
  },
  "lastModified" : "08/26/15 17:51:27",
  "startTime" : "04/01/12 14:45:00",
  "originalStartTime" : "04/01/12 14:45:00",
  "originalDuration" : 1500000,
  "hasGps" : false,
  "shouldFetchDetails" : false
},{
  "logId" : 5726377,
  "activityName" : "Bike",
  "activityTypeId" : 90001,
  "activityLevel" : [{
    "minutes" : 0,
    "name" : "sedentary"
  },{
    "minutes" : 0,
    "name" : "lightly"
  },{
    "minutes" : 0,
    "name" : "fairly"
  },{
    "minutes" : 30,
    "name" : "very"
  }],
  "calories" : 210,
  "distance" : 5.129997,
  "distanceUnit" : "Mile",
  "duration" : 1800000,
  "activeDuration" : 1800000,
  "logType" : "manual",
  "manualValuesSpecified" : {
    "calories" : true,
    "distance" : true,
    "steps" : true
  },
  "speed" : 10.259994,
  "lastModified" : "08/26/15 17:51:27",
  "startTime" : "05/30/12 14:38:00",
  "originalStartTime" : "05/30/12 14:38:00",
  "originalDuration" : 1800000,
  "elevationGain" : 0.0,
  "hasGps" : false,
  "shouldFetchDetails" : false
},{
  "logId" : 6758863,
  "activityName" : "Bike",
  "activityTypeId" : 90001,
  "activityLevel" : [{
    "minutes" : 0,
    "name" : "sedentary"
  },{
    "minutes" : 0,
    "name" : "lightly"
  },{
    "minutes" : 20,
    "name" : "fairly"
  },{
    "minutes" : 0,
    "name" : "very"
  }],
  "calories" : 93,
  "distance" : 0.0,
  "distanceUnit" : "Mile",
  "duration" : 1200000,
  "activeDuration" : 1200000,
  "logType" : "manual",
  "manualValuesSpecified" : {
    "calories" : true,
    "distance" : true,
    "steps" : true
  },
  "speed" : 0.0,
  "lastModified" : "08/26/15 17:51:27",
  "startTime" : "07/04/12 09:25:00",
  "originalStartTime" : "07/04/12 09:25:00",
  "originalDuration" : 1200000,
  "elevationGain" : 0.0,
  "hasGps" : false,
  "shouldFetchDetails" : false
},{
  "logId" : 6758861,
  "activityName" : "Swimming, leisurely, not lap swimming, general",
  "activityTypeId" : 18310,
  "activityLevel" : [{
    "minutes" : 0,
    "name" : "sedentary"
  },{
    "minutes" : 0,
    "name" : "lightly"
  },{
    "minutes" : 75,
    "name" : "fairly"
  },{
    "minutes" : 0,
    "name" : "very"
  }],
  "calories" : 520,
  "duration" : 4500000,
  "activeDuration" : 4500000,
  "steps" : 168,
  "logType" : "manual",
  "manualValuesSpecified" : {
    "calories" : true,
    "distance" : true,
    "steps" : true
  },
  "lastModified" : "08/26/15 17:51:27",
  "startTime" : "07/04/12 09:45:00",
  "originalStartTime" : "07/04/12 09:45:00",
  "originalDuration" : 4500000,
  "hasGps" : false,
  "shouldFetchDetails" : false
},{
  "logId" : 6751858,
  "activityName" : "Swimming laps, freestyle, fast, vigorous effort",
  "activityTypeId" : 18230,
  "activityLevel" : [{
    "minutes" : 0,
    "name" : "sedentary"
  },{
    "minutes" : 0,
    "name" : "lightly"
  },{
    "minutes" : 0,
    "name" : "fairly"
  },{
    "minutes" : 20,
    "name" : "very"
  }],
  "calories" : 231,
  "duration" : 1200000,
  "activeDuration" : 1200000,
  "steps" : 0,
  "logType" : "manual",
  "manualValuesSpecified" : {
    "calories" : true,
    "distance" : true,
    "steps" : true
  },
  "lastModified" : "08/26/15 17:51:27",
  "startTime" : "07/04/12 11:30:00",
  "originalStartTime" : "07/04/12 11:30:00",
  "originalDuration" : 1200000,
  "hasGps" : false,
  "shouldFetchDetails" : false
},{
  "logId" : 6758862,
  "activityName" : "Bike",
  "activityTypeId" : 90001,
  "activityLevel" : [{
    "minutes" : 0,
    "name" : "sedentary"
  },{
    "minutes" : 0,
    "name" : "lightly"
  },{
    "minutes" : 20,
    "name" : "fairly"
  },{
    "minutes" : 0,
    "name" : "very"
  }],
  "calories" : 93,
  "distance" : 0.0,
  "distanceUnit" : "Mile",
  "duration" : 1200000,
  "activeDuration" : 1200000,
  "logType" : "manual",
  "manualValuesSpecified" : {
    "calories" : true,
    "distance" : true,
    "steps" : true
  },
  "speed" : 0.0,
  "lastModified" : "08/26/15 17:51:27",
  "startTime" : "07/04/12 12:15:00",
  "originalStartTime" : "07/04/12 12:15:00",
  "originalDuration" : 1200000,
  "elevationGain" : 0.0,
  "hasGps" : false,
  "shouldFetchDetails" : false
},{
  "logId" : 6758865,
  "activityName" : "Bike",
  "activityTypeId" : 90001,
  "activityLevel" : [{
    "minutes" : 0,
    "name" : "sedentary"
  },{
    "minutes" : 0,
    "name" : "lightly"
  },{
    "minutes" : 30,
    "name" : "fairly"
  },{
    "minutes" : 0,
    "name" : "very"
  }],
  "calories" : 139,
  "distance" : 2.999999,
  "distanceUnit" : "Mile",
  "duration" : 1800000,
  "activeDuration" : 1800000,
  "logType" : "manual",
  "manualValuesSpecified" : {
    "calories" : true,
    "distance" : true,
    "steps" : true
  },
  "speed" : 5.999998,
  "lastModified" : "08/26/15 17:51:27",
  "startTime" : "07/04/12 13:00:00",
  "originalStartTime" : "07/04/12 13:00:00",
  "originalDuration" : 1800000,
  "elevationGain" : 10.0,
  "hasGps" : false,
  "shouldFetchDetails" : false
},{
  "logId" : 7470785,
  "activityName" : "Walk",
  "activityTypeId" : 90013,
  "activityLevel" : [{
    "minutes" : 0,
    "name" : "sedentary"
  },{
    "minutes" : 270,
    "name" : "lightly"
  },{
    "minutes" : 0,
    "name" : "fairly"
  },{
    "minutes" : 0,
    "name" : "very"
  }],
  "calories" : 625,
  "distance" : 4.1,
  "distanceUnit" : "Mile",
  "duration" : 16200000,
  "activeDuration" : 16200000,
  "steps" : 9202,
  "logType" : "manual",
  "manualValuesSpecified" : {
    "calories" : true,
    "distance" : true,
    "steps" : true
  },
  "speed" : 0.911111111111111,
  "pace" : 3951.219512195122,
  "lastModified" : "08/26/15 17:51:27",
  "startTime" : "07/28/12 18:20:00",
  "originalStartTime" : "07/28/12 18:20:00",
  "originalDuration" : 16200000,
  "elevationGain" : 10.0,
  "hasGps" : false,
  "shouldFetchDetails" : false
},{
  "logId" : 13661775,
  "activityName" : "Weights",
  "activityTypeId" : 2050,
  "activityLevel" : [{
    "minutes" : 0,
    "name" : "sedentary"
  },{
    "minutes" : 0,
    "name" : "lightly"
  },{
    "minutes" : 0,
    "name" : "fairly"
  },{
    "minutes" : 50,
    "name" : "very"
  }],
  "calories" : 349,
  "duration" : 3000000,
  "activeDuration" : 3000000,
  "steps" : 581,
  "logType" : "manual",
  "manualValuesSpecified" : {
    "calories" : true,
    "distance" : true,
    "steps" : true
  },
  "lastModified" : "08/26/15 17:51:27",
  "startTime" : "12/28/12 12:50:00",
  "originalStartTime" : "12/28/12 12:50:00",
  "originalDuration" : 3000000,
  "hasGps" : false,
  "shouldFetchDetails" : false
},{
  "logId" : 15191696,
  "activityName" : "Stretching",
  "activityTypeId" : 2100,
  "activityLevel" : [{
    "minutes" : 0,
    "name" : "sedentary"
  },{
    "minutes" : 0,
    "name" : "lightly"
  },{
    "minutes" : 59,
    "name" : "fairly"
  },{
    "minutes" : 0,
    "name" : "very"
  }],
  "calories" : 299,
  "duration" : 3505000,
  "activeDuration" : 3505000,
  "steps" : 73,
  "logType" : "manual",
  "manualValuesSpecified" : {
    "calories" : true,
    "distance" : true,
    "steps" : true
  },
  "lastModified" : "08/26/15 17:51:27",
  "startTime" : "01/10/13 15:58:00",
  "originalStartTime" : "01/10/13 15:58:00",
  "originalDuration" : 3505000,
  "hasGps" : false,
  "shouldFetchDetails" : false
},{
  "logId" : 19711819,
  "activityName" : "Swimming, crawl, slow (50 yards/minute), moderate or light effort",
  "activityTypeId" : 18290,
  "activityLevel" : [{
    "minutes" : 0,
    "name" : "sedentary"
  },{
    "minutes" : 0,
    "name" : "lightly"
  },{
    "minutes" : 0,
    "name" : "fairly"
  },{
    "minutes" : 25,
    "name" : "very"
  }],
  "calories" : 232,
  "duration" : 1500000,
  "activeDuration" : 1500000,
  "steps" : 0,
  "logType" : "manual",
  "manualValuesSpecified" : {
    "calories" : true,
    "distance" : true,
    "steps" : true
  },
  "lastModified" : "08/26/15 17:51:27",
  "startTime" : "03/12/13 11:22:00",
  "originalStartTime" : "03/12/13 11:22:00",
  "originalDuration" : 1500000,
  "hasGps" : false,
  "shouldFetchDetails" : false
},{
  "logId" : 20288244,
  "activityName" : "Swimming, crawl, slow (50 yards/minute), moderate or light effort",
  "activityTypeId" : 18290,
  "activityLevel" : [{
    "minutes" : 0,
    "name" : "sedentary"
  },{
    "minutes" : 0,
    "name" : "lightly"
  },{
    "minutes" : 0,
    "name" : "fairly"
  },{
    "minutes" : 25,
    "name" : "very"
  }],
  "calories" : 233,
  "duration" : 1500000,
  "activeDuration" : 1500000,
  "steps" : 0,
  "logType" : "manual",
  "manualValuesSpecified" : {
    "calories" : true,
    "distance" : true,
    "steps" : true
  },
  "lastModified" : "08/26/15 17:51:27",
  "startTime" : "03/19/13 11:30:00",
  "originalStartTime" : "03/19/13 11:30:00",
  "originalDuration" : 1500000,
  "hasGps" : false,
  "shouldFetchDetails" : false
},{
  "logId" : 29468382,
  "activityName" : "Swim",
  "activityTypeId" : 90024,
  "activityLevel" : [{
    "minutes" : 0,
    "name" : "sedentary"
  },{
    "minutes" : 0,
    "name" : "lightly"
  },{
    "minutes" : 0,
    "name" : "fairly"
  },{
    "minutes" : 20,
    "name" : "very"
  }],
  "calories" : 187,
  "distance" : 0.559234,
  "distanceUnit" : "Mile",
  "duration" : 1200000,
  "activeDuration" : 1200000,
  "logType" : "manual",
  "manualValuesSpecified" : {
    "calories" : true,
    "distance" : true,
    "steps" : true
  },
  "speed" : 1.677702,
  "pace" : 2145.79228015464,
  "lastModified" : "08/26/15 17:51:27",
  "startTime" : "07/11/13 10:25:00",
  "originalStartTime" : "07/11/13 10:25:00",
  "originalDuration" : 1200000,
  "hasGps" : false,
  "shouldFetchDetails" : false
},{
  "logId" : 30176642,
  "activityName" : "Swim",
  "activityTypeId" : 90024,
  "activityLevel" : [{
    "minutes" : 0,
    "name" : "sedentary"
  },{
    "minutes" : 0,
    "name" : "lightly"
  },{
    "minutes" : 0,
    "name" : "fairly"
  },{
    "minutes" : 25,
    "name" : "very"
  }],
  "calories" : 232,
  "distance" : 0.621371,
  "distanceUnit" : "Mile",
  "duration" : 1500000,
  "activeDuration" : 1500000,
  "logType" : "manual",
  "manualValuesSpecified" : {
    "calories" : true,
    "distance" : true,
    "steps" : true
  },
  "speed" : 1.4912904,
  "pace" : 2414.016746838845,
  "lastModified" : "08/26/15 17:51:27",
  "startTime" : "07/18/13 10:18:00",
  "originalStartTime" : "07/18/13 10:18:00",
  "originalDuration" : 1500000,
  "hasGps" : false,
  "shouldFetchDetails" : false
},{
  "logId" : 63444262,
  "activityName" : "Soccer",
  "activityTypeId" : 15605,
  "activityLevel" : [{
    "minutes" : 0,
    "name" : "sedentary"
  },{
    "minutes" : 0,
    "name" : "lightly"
  },{
    "minutes" : 0,
    "name" : "fairly"
  },{
    "minutes" : 45,
    "name" : "very"
  }],
  "calories" : 529,
  "duration" : 2700000,
  "activeDuration" : 2700000,
  "steps" : 4333,
  "logType" : "manual",
  "manualValuesSpecified" : {
    "calories" : true,
    "distance" : true,
    "steps" : true
  },
  "lastModified" : "08/26/15 17:51:27",
  "startTime" : "03/30/14 16:35:00",
  "originalStartTime" : "03/30/14 16:35:00",
  "originalDuration" : 2700000,
  "hasGps" : false,
  "shouldFetchDetails" : false
},{
  "logId" : 79953914,
  "activityName" : "Swim",
  "activityTypeId" : 90024,
  "activityLevel" : [{
    "minutes" : 0,
    "name" : "sedentary"
  },{
    "minutes" : 0,
    "name" : "lightly"
  },{
    "minutes" : 0,
    "name" : "fairly"
  },{
    "minutes" : 39,
    "name" : "very"
  }],
  "calories" : 369,
  "distance" : 0.799997,
  "distanceUnit" : "Mile",
  "duration" : 2340000,
  "activeDuration" : 2340000,
  "source" : {
    "type" : "app",
    "name" : "Fitbit for iPhone",
    "id" : "228TSL",
    "url" : "https://www.fitbit.com/iphone"
  },
  "logType" : "manual",
  "manualValuesSpecified" : {
    "calories" : true,
    "distance" : true,
    "steps" : true
  },
  "speed" : 1.2307646153846152,
  "pace" : 2925.010968791133,
  "lastModified" : "08/26/15 17:51:27",
  "startTime" : "06/21/14 15:55:00",
  "originalStartTime" : "06/21/14 15:55:00",
  "originalDuration" : 2340000,
  "hasGps" : false,
  "shouldFetchDetails" : false
},{
  "logId" : 106293811,
  "activityName" : "Running (jogging), 6.7 mph (9 min mile) (MyFitnessPal)",
  "activityTypeId" : 5479837,
  "activityLevel" : [{
    "minutes" : 0,
    "name" : "sedentary"
  },{
    "minutes" : 0,
    "name" : "lightly"
  },{
    "minutes" : 0,
    "name" : "fairly"
  },{
    "minutes" : 29,
    "name" : "very"
  }],
  "calories" : 436,
  "distance" : 0.0,
  "distanceUnit" : "Mile",
  "duration" : 1740000,
  "activeDuration" : 1740000,
  "steps" : 0,
  "source" : {
    "type" : "app",
    "name" : "MyFitnessPal",
    "id" : "228VC7",
    "url" : "http://www.myfitnesspal.com"
  },
  "logType" : "manual",
  "manualValuesSpecified" : {
    "calories" : true,
    "distance" : true,
    "steps" : true
  },
  "speed" : 0.0,
  "lastModified" : "08/26/15 17:51:27",
  "startTime" : "09/29/14 15:14:00",
  "originalStartTime" : "09/29/14 15:14:00",
  "originalDuration" : 1740000,
  "hasGps" : false,
  "shouldFetchDetails" : false
},{
  "logId" : 106547445,
  "activityName" : "Elliptical Trainer (MyFitnessPal)",
  "activityTypeId" : 5493232,
  "activityLevel" : [{
    "minutes" : 0,
    "name" : "sedentary"
  },{
    "minutes" : 0,
    "name" : "lightly"
  },{
    "minutes" : 0,
    "name" : "fairly"
  },{
    "minutes" : 65,
    "name" : "very"
  }],
  "calories" : 958,
  "distance" : 0.0,
  "distanceUnit" : "Mile",
  "duration" : 3900000,
  "activeDuration" : 3900000,
  "steps" : 0,
  "source" : {
    "type" : "app",
    "name" : "MyFitnessPal",
    "id" : "228VC7",
    "url" : "http://www.myfitnesspal.com"
  },
  "logType" : "manual",
  "manualValuesSpecified" : {
    "calories" : true,
    "distance" : true,
    "steps" : true
  },
  "speed" : 0.0,
  "lastModified" : "08/26/15 17:51:27",
  "startTime" : "09/30/14 13:10:00",
  "originalStartTime" : "09/30/14 13:10:00",
  "originalDuration" : 3900000,
  "hasGps" : false,
  "shouldFetchDetails" : false
},{
  "logId" : 106824918,
  "activityName" : "Bicycling, &lt;10 mph, leisure (cycling, biking, bike riding) (MyFitnessPal)",
  "activityTypeId" : 5504853,
  "activityLevel" : [{
    "minutes" : 0,
    "name" : "sedentary"
  },{
    "minutes" : 0,
    "name" : "lightly"
  },{
    "minutes" : 16,
    "name" : "fairly"
  },{
    "minutes" : 0,
    "name" : "very"
  }],
  "calories" : 114,
  "distance" : 0.0,
  "distanceUnit" : "Mile",
  "duration" : 960000,
  "activeDuration" : 960000,
  "steps" : 0,
  "source" : {
    "type" : "app",
    "name" : "MyFitnessPal",
    "id" : "228VC7",
    "url" : "http://www.myfitnesspal.com"
  },
  "logType" : "manual",
  "manualValuesSpecified" : {
    "calories" : true,
    "distance" : true,
    "steps" : true
  },
  "speed" : 0.0,
  "lastModified" : "08/26/15 17:51:27",
  "startTime" : "10/01/14 09:42:00",
  "originalStartTime" : "10/01/14 09:42:00",
  "originalDuration" : 960000,
  "hasGps" : false,
  "shouldFetchDetails" : false
},{
  "logId" : 108328318,
  "activityName" : "Bicycling, &lt;10 mph, leisure (cycling, biking, bike riding) (MyFitnessPal)",
  "activityTypeId" : 5504853,
  "activityLevel" : [{
    "minutes" : 0,
    "name" : "sedentary"
  },{
    "minutes" : 0,
    "name" : "lightly"
  },{
    "minutes" : 8,
    "name" : "fairly"
  },{
    "minutes" : 0,
    "name" : "very"
  }],
  "calories" : 54,
  "distance" : 0.0,
  "distanceUnit" : "Mile",
  "duration" : 480000,
  "activeDuration" : 480000,
  "steps" : 0,
  "source" : {
    "type" : "app",
    "name" : "MyFitnessPal",
    "id" : "228VC7",
    "url" : "http://www.myfitnesspal.com"
  },
  "logType" : "manual",
  "manualValuesSpecified" : {
    "calories" : true,
    "distance" : true,
    "steps" : true
  },
  "speed" : 0.0,
  "lastModified" : "08/26/15 17:51:27",
  "startTime" : "10/01/14 10:58:00",
  "originalStartTime" : "10/01/14 10:58:00",
  "originalDuration" : 480000,
  "hasGps" : false,
  "shouldFetchDetails" : false
},{
  "logId" : 108337853,
  "activityName" : "Elliptical Trainer (MyFitnessPal)",
  "activityTypeId" : 5493232,
  "activityLevel" : [{
    "minutes" : 0,
    "name" : "sedentary"
  },{
    "minutes" : 0,
    "name" : "lightly"
  },{
    "minutes" : 0,
    "name" : "fairly"
  },{
    "minutes" : 44,
    "name" : "very"
  }],
  "calories" : 572,
  "distance" : 0.0,
  "distanceUnit" : "Mile",
  "duration" : 2640000,
  "activeDuration" : 2640000,
  "steps" : 0,
  "source" : {
    "type" : "app",
    "name" : "MyFitnessPal",
    "id" : "228VC7",
    "url" : "http://www.myfitnesspal.com"
  },
  "logType" : "manual",
  "manualValuesSpecified" : {
    "calories" : true,
    "distance" : true,
    "steps" : true
  },
  "speed" : 0.0,
  "lastModified" : "08/26/15 17:51:27",
  "startTime" : "10/07/14 16:06:00",
  "originalStartTime" : "10/07/14 16:06:00",
  "originalDuration" : 2640000,
  "hasGps" : false,
  "shouldFetchDetails" : false
},{
  "logId" : 114118268,
  "activityName" : "Workout",
  "activityTypeId" : 3000,
  "activityLevel" : [{
    "minutes" : 15,
    "name" : "sedentary"
  },{
    "minutes" : 4,
    "name" : "lightly"
  },{
    "minutes" : 0,
    "name" : "fairly"
  },{
    "minutes" : 0,
    "name" : "very"
  }],
  "calories" : 35,
  "duration" : 1185000,
  "activeDuration" : 1185000,
  "steps" : 84,
  "source" : {
    "type" : "tracker",
    "name" : "Force",
    "id" : "7159965",
    "url" : "https://www.fitbit.com/"
  },
  "logType" : "tracker",
  "manualValuesSpecified" : {
    "calories" : false,
    "distance" : false,
    "steps" : false
  },
  "lastModified" : "08/26/15 17:51:27",
  "startTime" : "10/25/14 23:21:07",
  "originalStartTime" : "10/25/14 23:21:07",
  "originalDuration" : 1185000,
  "hasGps" : false,
  "shouldFetchDetails" : false
},{
  "logId" : 114118269,
  "activityName" : "Workout",
  "activityTypeId" : 3000,
  "activityLevel" : [{
    "minutes" : 0,
    "name" : "sedentary"
  },{
    "minutes" : 1,
    "name" : "lightly"
  },{
    "minutes" : 2,
    "name" : "fairly"
  },{
    "minutes" : 65,
    "name" : "very"
  }],
  "calories" : 915,
  "duration" : 4105000,
  "activeDuration" : 4105000,
  "steps" : 8925,
  "source" : {
    "type" : "tracker",
    "name" : "Force",
    "id" : "7159965",
    "url" : "https://www.fitbit.com/"
  },
  "logType" : "tracker",
  "manualValuesSpecified" : {
    "calories" : false,
    "distance" : false,
    "steps" : false
  },
  "lastModified" : "08/26/15 17:51:27",
  "startTime" : "10/31/14 16:14:05",
  "originalStartTime" : "10/31/14 16:14:05",
  "originalDuration" : 4105000,
  "hasGps" : false,
  "shouldFetchDetails" : false
},{
  "logId" : 114240666,
  "activityName" : "Elliptical Trainer (MyFitnessPal)",
  "activityTypeId" : 5493232,
  "activityLevel" : [{
    "minutes" : 0,
    "name" : "sedentary"
  },{
    "minutes" : 0,
    "name" : "lightly"
  },{
    "minutes" : 0,
    "name" : "fairly"
  },{
    "minutes" : 65,
    "name" : "very"
  }],
  "calories" : 1047,
  "distance" : 0.0,
  "distanceUnit" : "Mile",
  "duration" : 3900000,
  "activeDuration" : 3900000,
  "steps" : 0,
  "source" : {
    "type" : "app",
    "name" : "MyFitnessPal",
    "id" : "228VC7",
    "url" : "http://www.myfitnesspal.com"
  },
  "logType" : "manual",
  "manualValuesSpecified" : {
    "calories" : true,
    "distance" : true,
    "steps" : true
  },
  "speed" : 0.0,
  "lastModified" : "08/26/15 17:51:27",
  "startTime" : "10/31/14 13:22:00",
  "originalStartTime" : "10/31/14 13:22:00",
  "originalDuration" : 3900000,
  "hasGps" : false,
  "shouldFetchDetails" : false
},{
  "logId" : 115003097,
  "activityName" : "Workout",
  "activityTypeId" : 3000,
  "activityLevel" : [{
    "minutes" : 0,
    "name" : "sedentary"
  },{
    "minutes" : 0,
    "name" : "lightly"
  },{
    "minutes" : 2,
    "name" : "fairly"
  },{
    "minutes" : 65,
    "name" : "very"
  }],
  "calories" : 764,
  "duration" : 4013000,
  "activeDuration" : 4013000,
  "steps" : 8033,
  "source" : {
    "type" : "tracker",
    "name" : "Force",
    "id" : "7159965",
    "url" : "https://www.fitbit.com/"
  },
  "logType" : "tracker",
  "manualValuesSpecified" : {
    "calories" : false,
    "distance" : false,
    "steps" : false
  },
  "lastModified" : "08/26/15 17:51:27",
  "startTime" : "11/03/14 16:12:21",
  "originalStartTime" : "11/03/14 16:12:21",
  "originalDuration" : 4013000,
  "hasGps" : false,
  "shouldFetchDetails" : false
},{
  "logId" : 114799464,
  "activityName" : "Elliptical Trainer (MyFitnessPal)",
  "activityTypeId" : 5493232,
  "activityLevel" : [{
    "minutes" : 0,
    "name" : "sedentary"
  },{
    "minutes" : 0,
    "name" : "lightly"
  },{
    "minutes" : 0,
    "name" : "fairly"
  },{
    "minutes" : 40,
    "name" : "very"
  }],
  "calories" : 486,
  "distance" : 0.0,
  "distanceUnit" : "Mile",
  "duration" : 2400000,
  "activeDuration" : 2400000,
  "steps" : 0,
  "source" : {
    "type" : "app",
    "name" : "MyFitnessPal",
    "id" : "228VC7",
    "url" : "http://www.myfitnesspal.com"
  },
  "logType" : "manual",
  "manualValuesSpecified" : {
    "calories" : true,
    "distance" : true,
    "steps" : true
  },
  "speed" : 0.0,
  "lastModified" : "08/26/15 17:51:27",
  "startTime" : "11/03/14 12:18:00",
  "originalStartTime" : "11/03/14 12:18:00",
  "originalDuration" : 2400000,
  "hasGps" : false,
  "shouldFetchDetails" : false
},{
  "logId" : 114798481,
  "activityName" : "Elliptical Trainer (MyFitnessPal)",
  "activityTypeId" : 5493232,
  "activityLevel" : [{
    "minutes" : 0,
    "name" : "sedentary"
  },{
    "minutes" : 0,
    "name" : "lightly"
  },{
    "minutes" : 0,
    "name" : "fairly"
  },{
    "minutes" : 25,
    "name" : "very"
  }],
  "calories" : 297,
  "distance" : 0.0,
  "distanceUnit" : "Mile",
  "duration" : 1500000,
  "activeDuration" : 1500000,
  "steps" : 0,
  "source" : {
    "type" : "app",
    "name" : "MyFitnessPal",
    "id" : "228VC7",
    "url" : "http://www.myfitnesspal.com"
  },
  "logType" : "manual",
  "manualValuesSpecified" : {
    "calories" : true,
    "distance" : true,
    "steps" : true
  },
  "speed" : 0.0,
  "lastModified" : "08/26/15 17:51:27",
  "startTime" : "11/03/14 12:19:00",
  "originalStartTime" : "11/03/14 12:19:00",
  "originalDuration" : 1500000,
  "hasGps" : false,
  "shouldFetchDetails" : false
},{
  "logId" : 115161563,
  "activityName" : "Elliptical Trainer (MyFitnessPal)",
  "activityTypeId" : 5493232,
  "activityLevel" : [{
    "minutes" : 0,
    "name" : "sedentary"
  },{
    "minutes" : 0,
    "name" : "lightly"
  },{
    "minutes" : 0,
    "name" : "fairly"
  },{
    "minutes" : 66,
    "name" : "very"
  }],
  "calories" : 797,
  "distance" : 0.0,
  "distanceUnit" : "Mile",
  "duration" : 3960000,
  "activeDuration" : 3960000,
  "steps" : 0,
  "source" : {
    "type" : "app",
    "name" : "MyFitnessPal",
    "id" : "228VC7",
    "url" : "http://www.myfitnesspal.com"
  },
  "logType" : "manual",
  "manualValuesSpecified" : {
    "calories" : true,
    "distance" : true,
    "steps" : true
  },
  "speed" : 0.0,
  "lastModified" : "08/26/15 17:51:27",
  "startTime" : "11/04/14 14:35:00",
  "originalStartTime" : "11/04/14 14:35:00",
  "originalDuration" : 3960000,
  "hasGps" : false,
  "shouldFetchDetails" : false
},{
  "logId" : 115194664,
  "activityName" : "Workout",
  "activityTypeId" : 3000,
  "activityLevel" : [{
    "minutes" : 0,
    "name" : "sedentary"
  },{
    "minutes" : 7,
    "name" : "lightly"
  },{
    "minutes" : 0,
    "name" : "fairly"
  },{
    "minutes" : 32,
    "name" : "very"
  }],
  "calories" : 426,
  "duration" : 2340000,
  "activeDuration" : 2340000,
  "steps" : 4225,
  "source" : {
    "type" : "tracker",
    "name" : "Force",
    "id" : "7159965",
    "url" : "https://www.fitbit.com/"
  },
  "logType" : "tracker",
  "manualValuesSpecified" : {
    "calories" : false,
    "distance" : false,
    "steps" : false
  },
  "lastModified" : "08/26/15 17:51:27",
  "startTime" : "11/04/14 20:09:41",
  "originalStartTime" : "11/04/14 20:09:41",
  "originalDuration" : 2340000,
  "hasGps" : false,
  "shouldFetchDetails" : false
},{
  "logId" : 115221238,
  "activityName" : "Workout",
  "activityTypeId" : 3000,
  "activityLevel" : [{
    "minutes" : 62,
    "name" : "sedentary"
  },{
    "minutes" : 40,
    "name" : "lightly"
  },{
    "minutes" : 2,
    "name" : "fairly"
  },{
    "minutes" : 4,
    "name" : "very"
  }],
  "calories" : 352,
  "duration" : 6535000,
  "activeDuration" : 6535000,
  "steps" : 2917,
  "source" : {
    "type" : "tracker",
    "name" : "Force",
    "id" : "7159965",
    "url" : "https://www.fitbit.com/"
  },
  "logType" : "tracker",
  "manualValuesSpecified" : {
    "calories" : false,
    "distance" : false,
    "steps" : false
  },
  "lastModified" : "08/26/15 17:51:27",
  "startTime" : "11/05/14 02:11:23",
  "originalStartTime" : "11/05/14 02:11:23",
  "originalDuration" : 6535000,
  "hasGps" : false,
  "shouldFetchDetails" : false
},{
  "logId" : 115373754,
  "activityName" : "Elliptical Trainer (MyFitnessPal)",
  "activityTypeId" : 5493232,
  "activityLevel" : [{
    "minutes" : 0,
    "name" : "sedentary"
  },{
    "minutes" : 0,
    "name" : "lightly"
  },{
    "minutes" : 0,
    "name" : "fairly"
  },{
    "minutes" : 36,
    "name" : "very"
  }],
  "calories" : 422,
  "distance" : 0.0,
  "distanceUnit" : "Mile",
  "duration" : 2160000,
  "activeDuration" : 2160000,
  "steps" : 0,
  "source" : {
    "type" : "app",
    "name" : "MyFitnessPal",
    "id" : "228VC7",
    "url" : "http://www.myfitnesspal.com"
  },
  "logType" : "manual",
  "manualValuesSpecified" : {
    "calories" : true,
    "distance" : true,
    "steps" : true
  },
  "speed" : 0.0,
  "lastModified" : "08/26/15 17:51:27",
  "startTime" : "11/05/14 08:31:00",
  "originalStartTime" : "11/05/14 08:31:00",
  "originalDuration" : 2160000,
  "hasGps" : false,
  "shouldFetchDetails" : false
},{
  "logId" : 115377395,
  "activityName" : "Bicycling, &lt;10 mph, leisure (cycling, biking, bike riding) (MyFitnessPal)",
  "activityTypeId" : 5504853,
  "activityLevel" : [{
    "minutes" : 0,
    "name" : "sedentary"
  },{
    "minutes" : 0,
    "name" : "lightly"
  },{
    "minutes" : 0,
    "name" : "fairly"
  },{
    "minutes" : 17,
    "name" : "very"
  }],
  "calories" : 132,
  "distance" : 0.0,
  "distanceUnit" : "Mile",
  "duration" : 1020000,
  "activeDuration" : 1020000,
  "steps" : 0,
  "source" : {
    "type" : "app",
    "name" : "MyFitnessPal",
    "id" : "228VC7",
    "url" : "http://www.myfitnesspal.com"
  },
  "logType" : "manual",
  "manualValuesSpecified" : {
    "calories" : true,
    "distance" : true,
    "steps" : true
  },
  "speed" : 0.0,
  "lastModified" : "08/26/15 17:51:27",
  "startTime" : "11/05/14 09:44:00",
  "originalStartTime" : "11/05/14 09:44:00",
  "originalDuration" : 1020000,
  "hasGps" : false,
  "shouldFetchDetails" : false
},{
  "logId" : 115388837,
  "activityName" : "Bicycling, &lt;10 mph, leisure (cycling, biking, bike riding) (MyFitnessPal)",
  "activityTypeId" : 5504853,
  "activityLevel" : [{
    "minutes" : 0,
    "name" : "sedentary"
  },{
    "minutes" : 8,
    "name" : "lightly"
  },{
    "minutes" : 0,
    "name" : "fairly"
  },{
    "minutes" : 0,
    "name" : "very"
  }],
  "calories" : 55,
  "distance" : 0.0,
  "distanceUnit" : "Mile",
  "duration" : 480000,
  "activeDuration" : 480000,
  "steps" : 0,
  "source" : {
    "type" : "app",
    "name" : "MyFitnessPal",
    "id" : "228VC7",
    "url" : "http://www.myfitnesspal.com"
  },
  "logType" : "manual",
  "manualValuesSpecified" : {
    "calories" : true,
    "distance" : true,
    "steps" : true
  },
  "speed" : 0.0,
  "lastModified" : "08/26/15 17:51:27",
  "startTime" : "11/05/14 10:57:00",
  "originalStartTime" : "11/05/14 10:57:00",
  "originalDuration" : 480000,
  "hasGps" : false,
  "shouldFetchDetails" : false
},{
  "logId" : 115988705,
  "activityName" : "Elliptical Trainer (MyFitnessPal)",
  "activityTypeId" : 5493232,
  "activityLevel" : [{
    "minutes" : 0,
    "name" : "sedentary"
  },{
    "minutes" : 0,
    "name" : "lightly"
  },{
    "minutes" : 0,
    "name" : "fairly"
  },{
    "minutes" : 65,
    "name" : "very"
  }],
  "calories" : 806,
  "distance" : 0.0,
  "distanceUnit" : "Mile",
  "duration" : 3900000,
  "activeDuration" : 3900000,
  "steps" : 0,
  "source" : {
    "type" : "app",
    "name" : "MyFitnessPal",
    "id" : "228VC7",
    "url" : "http://www.myfitnesspal.com"
  },
  "logType" : "manual",
  "manualValuesSpecified" : {
    "calories" : true,
    "distance" : true,
    "steps" : true
  },
  "speed" : 0.0,
  "lastModified" : "08/26/15 17:51:27",
  "startTime" : "11/07/14 11:45:00",
  "originalStartTime" : "11/07/14 11:45:00",
  "originalDuration" : 3900000,
  "hasGps" : false,
  "shouldFetchDetails" : false
},{
  "logId" : 117042381,
  "activityName" : "Elliptical Trainer (MyFitnessPal)",
  "activityTypeId" : 5493232,
  "activityLevel" : [{
    "minutes" : 0,
    "name" : "sedentary"
  },{
    "minutes" : 0,
    "name" : "lightly"
  },{
    "minutes" : 0,
    "name" : "fairly"
  },{
    "minutes" : 36,
    "name" : "very"
  }],
  "calories" : 541,
  "distance" : 0.0,
  "distanceUnit" : "Mile",
  "duration" : 2160000,
  "activeDuration" : 2160000,
  "steps" : 0,
  "source" : {
    "type" : "app",
    "name" : "MyFitnessPal",
    "id" : "228VC7",
    "url" : "http://www.myfitnesspal.com"
  },
  "logType" : "manual",
  "manualValuesSpecified" : {
    "calories" : true,
    "distance" : true,
    "steps" : true
  },
  "speed" : 0.0,
  "lastModified" : "08/26/15 17:51:27",
  "startTime" : "11/12/14 08:41:00",
  "originalStartTime" : "11/12/14 08:41:00",
  "originalDuration" : 2160000,
  "hasGps" : false,
  "shouldFetchDetails" : false
},{
  "logId" : 117323718,
  "activityName" : "Elliptical Trainer (MyFitnessPal)",
  "activityTypeId" : 5493232,
  "activityLevel" : [{
    "minutes" : 0,
    "name" : "sedentary"
  },{
    "minutes" : 0,
    "name" : "lightly"
  },{
    "minutes" : 0,
    "name" : "fairly"
  },{
    "minutes" : 66,
    "name" : "very"
  }],
  "calories" : 803,
  "distance" : 0.0,
  "distanceUnit" : "Mile",
  "duration" : 3960000,
  "activeDuration" : 3960000,
  "steps" : 0,
  "source" : {
    "type" : "app",
    "name" : "MyFitnessPal",
    "id" : "228VC7",
    "url" : "http://www.myfitnesspal.com"
  },
  "logType" : "manual",
  "manualValuesSpecified" : {
    "calories" : true,
    "distance" : true,
    "steps" : true
  },
  "speed" : 0.0,
  "lastModified" : "08/26/15 17:51:27",
  "startTime" : "11/13/14 09:23:00",
  "originalStartTime" : "11/13/14 09:23:00",
  "originalDuration" : 3960000,
  "hasGps" : false,
  "shouldFetchDetails" : false
},{
  "logId" : 118020300,
  "activityName" : "Elliptical Trainer (MyFitnessPal)",
  "activityTypeId" : 5493232,
  "activityLevel" : [{
    "minutes" : 0,
    "name" : "sedentary"
  },{
    "minutes" : 0,
    "name" : "lightly"
  },{
    "minutes" : 0,
    "name" : "fairly"
  },{
    "minutes" : 66,
    "name" : "very"
  }],
  "calories" : 719,
  "distance" : 0.0,
  "distanceUnit" : "Mile",
  "duration" : 3960000,
  "activeDuration" : 3960000,
  "steps" : 0,
  "source" : {
    "type" : "app",
    "name" : "MyFitnessPal",
    "id" : "228VC7",
    "url" : "http://www.myfitnesspal.com"
  },
  "logType" : "manual",
  "manualValuesSpecified" : {
    "calories" : true,
    "distance" : true,
    "steps" : true
  },
  "speed" : 0.0,
  "lastModified" : "08/26/15 17:51:27",
  "startTime" : "11/16/14 14:29:00",
  "originalStartTime" : "11/16/14 14:29:00",
  "originalDuration" : 3960000,
  "hasGps" : false,
  "shouldFetchDetails" : false
},{
  "logId" : 117678094,
  "activityName" : "Workout",
  "activityTypeId" : 3000,
  "activityLevel" : [{
    "minutes" : 6,
    "name" : "sedentary"
  },{
    "minutes" : 11,
    "name" : "lightly"
  },{
    "minutes" : 1,
    "name" : "fairly"
  },{
    "minutes" : 66,
    "name" : "very"
  }],
  "calories" : 798,
  "duration" : 5070000,
  "activeDuration" : 5070000,
  "steps" : 9363,
  "source" : {
    "type" : "tracker",
    "name" : "Force",
    "id" : "7159965",
    "url" : "https://www.fitbit.com/"
  },
  "logType" : "tracker",
  "manualValuesSpecified" : {
    "calories" : false,
    "distance" : false,
    "steps" : false
  },
  "lastModified" : "08/26/15 17:51:27",
  "startTime" : "11/16/14 19:29:46",
  "originalStartTime" : "11/16/14 19:29:46",
  "originalDuration" : 5070000,
  "hasGps" : false,
  "shouldFetchDetails" : false
},{
  "logId" : 118153167,
  "activityName" : "Elliptical Trainer (MyFitnessPal)",
  "activityTypeId" : 5493232,
  "activityLevel" : [{
    "minutes" : 0,
    "name" : "sedentary"
  },{
    "minutes" : 0,
    "name" : "lightly"
  },{
    "minutes" : 0,
    "name" : "fairly"
  },{
    "minutes" : 66,
    "name" : "very"
  }],
  "calories" : 847,
  "distance" : 0.0,
  "distanceUnit" : "Mile",
  "duration" : 3960000,
  "activeDuration" : 3960000,
  "steps" : 0,
  "source" : {
    "type" : "app",
    "name" : "MyFitnessPal",
    "id" : "228VC7",
    "url" : "http://www.myfitnesspal.com"
  },
  "logType" : "manual",
  "manualValuesSpecified" : {
    "calories" : true,
    "distance" : true,
    "steps" : true
  },
  "speed" : 0.0,
  "lastModified" : "08/26/15 17:51:27",
  "startTime" : "11/17/14 09:18:00",
  "originalStartTime" : "11/17/14 09:18:00",
  "originalDuration" : 3960000,
  "hasGps" : false,
  "shouldFetchDetails" : false
},{
  "logId" : 117710382,
  "activityName" : "Workout",
  "activityTypeId" : 3000,
  "activityLevel" : [{
    "minutes" : 0,
    "name" : "sedentary"
  },{
    "minutes" : 7,
    "name" : "lightly"
  },{
    "minutes" : 0,
    "name" : "fairly"
  },{
    "minutes" : 67,
    "name" : "very"
  }],
  "calories" : 896,
  "duration" : 4395000,
  "activeDuration" : 4395000,
  "steps" : 8234,
  "source" : {
    "type" : "tracker",
    "name" : "Force",
    "id" : "7159965",
    "url" : "https://www.fitbit.com/"
  },
  "logType" : "tracker",
  "manualValuesSpecified" : {
    "calories" : false,
    "distance" : false,
    "steps" : false
  },
  "lastModified" : "08/26/15 17:51:27",
  "startTime" : "11/17/14 14:18:54",
  "originalStartTime" : "11/17/14 14:18:54",
  "originalDuration" : 4395000,
  "hasGps" : false,
  "shouldFetchDetails" : false
},{
  "logId" : 118465079,
  "activityName" : "Elliptical Trainer (MyFitnessPal)",
  "activityTypeId" : 5493232,
  "activityLevel" : [{
    "minutes" : 0,
    "name" : "sedentary"
  },{
    "minutes" : 0,
    "name" : "lightly"
  },{
    "minutes" : 0,
    "name" : "fairly"
  },{
    "minutes" : 36,
    "name" : "very"
  }],
  "calories" : 456,
  "distance" : 0.0,
  "distanceUnit" : "Mile",
  "duration" : 2160000,
  "activeDuration" : 2160000,
  "steps" : 0,
  "source" : {
    "type" : "app",
    "name" : "MyFitnessPal",
    "id" : "228VC7",
    "url" : "http://www.myfitnesspal.com"
  },
  "logType" : "manual",
  "manualValuesSpecified" : {
    "calories" : true,
    "distance" : true,
    "steps" : true
  },
  "speed" : 0.0,
  "lastModified" : "08/26/15 17:51:27",
  "startTime" : "11/18/14 09:17:00",
  "originalStartTime" : "11/18/14 09:17:00",
  "originalDuration" : 2160000,
  "hasGps" : false,
  "shouldFetchDetails" : false
},{
  "logId" : 118363133,
  "activityName" : "Workout",
  "activityTypeId" : 3000,
  "activityLevel" : [{
    "minutes" : 6,
    "name" : "sedentary"
  },{
    "minutes" : 23,
    "name" : "lightly"
  },{
    "minutes" : 0,
    "name" : "fairly"
  },{
    "minutes" : 37,
    "name" : "very"
  }],
  "calories" : 575,
  "duration" : 3974000,
  "activeDuration" : 3974000,
  "steps" : 5606,
  "source" : {
    "type" : "tracker",
    "name" : "Force",
    "id" : "7159965",
    "url" : "https://www.fitbit.com/"
  },
  "logType" : "tracker",
  "manualValuesSpecified" : {
    "calories" : false,
    "distance" : false,
    "steps" : false
  },
  "lastModified" : "08/26/15 17:51:27",
  "startTime" : "11/18/14 14:17:29",
  "originalStartTime" : "11/18/14 14:17:29",
  "originalDuration" : 3974000,
  "hasGps" : false,
  "shouldFetchDetails" : false
},{
  "logId" : 118599839,
  "activityName" : "Workout",
  "activityTypeId" : 3000,
  "activityLevel" : [{
    "minutes" : 13,
    "name" : "sedentary"
  },{
    "minutes" : 12,
    "name" : "lightly"
  },{
    "minutes" : 8,
    "name" : "fairly"
  },{
    "minutes" : 14,
    "name" : "very"
  }],
  "calories" : 250,
  "duration" : 2851000,
  "activeDuration" : 2851000,
  "steps" : 2694,
  "source" : {
    "type" : "tracker",
    "name" : "Force",
    "id" : "7159965",
    "url" : "https://www.fitbit.com/"
  },
  "logType" : "tracker",
  "manualValuesSpecified" : {
    "calories" : false,
    "distance" : false,
    "steps" : false
  },
  "lastModified" : "08/26/15 17:51:27",
  "startTime" : "11/18/14 23:26:12",
  "originalStartTime" : "11/18/14 23:26:12",
  "originalDuration" : 2851000,
  "hasGps" : false,
  "shouldFetchDetails" : false
},{
  "logId" : 118806803,
  "activityName" : "Elliptical Trainer (MyFitnessPal)",
  "activityTypeId" : 5493232,
  "activityLevel" : [{
    "minutes" : 0,
    "name" : "sedentary"
  },{
    "minutes" : 0,
    "name" : "lightly"
  },{
    "minutes" : 0,
    "name" : "fairly"
  },{
    "minutes" : 56,
    "name" : "very"
  }],
  "calories" : 774,
  "distance" : 0.0,
  "distanceUnit" : "Mile",
  "duration" : 3360000,
  "activeDuration" : 3360000,
  "steps" : 0,
  "source" : {
    "type" : "app",
    "name" : "MyFitnessPal",
    "id" : "228VC7",
    "url" : "http://www.myfitnesspal.com"
  },
  "logType" : "manual",
  "manualValuesSpecified" : {
    "calories" : true,
    "distance" : true,
    "steps" : true
  },
  "speed" : 0.0,
  "lastModified" : "08/26/15 17:51:27",
  "startTime" : "11/19/14 14:12:00",
  "originalStartTime" : "11/19/14 14:12:00",
  "originalDuration" : 3360000,
  "hasGps" : false,
  "shouldFetchDetails" : false
},{
  "logId" : 118817452,
  "activityName" : "Workout",
  "activityTypeId" : 3000,
  "activityLevel" : [{
    "minutes" : 1,
    "name" : "sedentary"
  },{
    "minutes" : 3,
    "name" : "lightly"
  },{
    "minutes" : 0,
    "name" : "fairly"
  },{
    "minutes" : 56,
    "name" : "very"
  }],
  "calories" : 782,
  "duration" : 3617000,
  "activeDuration" : 3617000,
  "steps" : 6786,
  "source" : {
    "type" : "tracker",
    "name" : "Force",
    "id" : "7159965",
    "url" : "https://www.fitbit.com/"
  },
  "logType" : "tracker",
  "manualValuesSpecified" : {
    "calories" : false,
    "distance" : false,
    "steps" : false
  },
  "lastModified" : "08/26/15 17:51:27",
  "startTime" : "11/19/14 19:12:00",
  "originalStartTime" : "11/19/14 19:12:00",
  "originalDuration" : 3617000,
  "hasGps" : false,
  "shouldFetchDetails" : false
},{
  "logId" : 119059585,
  "activityName" : "Elliptical Trainer (MyFitnessPal)",
  "activityTypeId" : 5493232,
  "activityLevel" : [{
    "minutes" : 0,
    "name" : "sedentary"
  },{
    "minutes" : 0,
    "name" : "lightly"
  },{
    "minutes" : 0,
    "name" : "fairly"
  },{
    "minutes" : 36,
    "name" : "very"
  }],
  "calories" : 442,
  "distance" : 0.0,
  "distanceUnit" : "Mile",
  "duration" : 2160000,
  "activeDuration" : 2160000,
  "steps" : 0,
  "source" : {
    "type" : "app",
    "name" : "MyFitnessPal",
    "id" : "228VC7",
    "url" : "http://www.myfitnesspal.com"
  },
  "logType" : "manual",
  "manualValuesSpecified" : {
    "calories" : true,
    "distance" : true,
    "steps" : true
  },
  "speed" : 0.0,
  "lastModified" : "08/26/15 17:51:27",
  "startTime" : "11/20/14 09:57:00",
  "originalStartTime" : "11/20/14 09:57:00",
  "originalDuration" : 2160000,
  "hasGps" : false,
  "shouldFetchDetails" : false
},{
  "logId" : 118943814,
  "activityName" : "Workout",
  "activityTypeId" : 3000,
  "activityLevel" : [{
    "minutes" : 0,
    "name" : "sedentary"
  },{
    "minutes" : 2,
    "name" : "lightly"
  },{
    "minutes" : 1,
    "name" : "fairly"
  },{
    "minutes" : 37,
    "name" : "very"
  }],
  "calories" : 463,
  "duration" : 2417000,
  "activeDuration" : 2417000,
  "steps" : 4317,
  "source" : {
    "type" : "tracker",
    "name" : "Force",
    "id" : "7159965",
    "url" : "https://www.fitbit.com/"
  },
  "logType" : "tracker",
  "manualValuesSpecified" : {
    "calories" : false,
    "distance" : false,
    "steps" : false
  },
  "lastModified" : "08/26/15 17:51:27",
  "startTime" : "11/20/14 14:57:15",
  "originalStartTime" : "11/20/14 14:57:15",
  "originalDuration" : 2417000,
  "hasGps" : false,
  "shouldFetchDetails" : false
},{
  "logId" : 119571807,
  "activityName" : "Elliptical Trainer (MyFitnessPal)",
  "activityTypeId" : 5493232,
  "activityLevel" : [{
    "minutes" : 34,
    "name" : "sedentary"
  },{
    "minutes" : 0,
    "name" : "lightly"
  },{
    "minutes" : 0,
    "name" : "fairly"
  },{
    "minutes" : 0,
    "name" : "very"
  }],
  "calories" : 56,
  "distance" : 0.0,
  "distanceUnit" : "Mile",
  "duration" : 2040000,
  "activeDuration" : 2040000,
  "steps" : 0,
  "source" : {
    "type" : "app",
    "name" : "MyFitnessPal",
    "id" : "228VC7",
    "url" : "http://www.myfitnesspal.com"
  },
  "logType" : "manual",
  "manualValuesSpecified" : {
    "calories" : true,
    "distance" : true,
    "steps" : true
  },
  "speed" : 0.0,
  "lastModified" : "08/26/15 17:51:27",
  "startTime" : "11/22/14 14:34:00",
  "originalStartTime" : "11/22/14 14:34:00",
  "originalDuration" : 2040000,
  "hasGps" : false,
  "shouldFetchDetails" : false
},{
  "logId" : 119451548,
  "activityName" : "Workout",
  "activityTypeId" : 3000,
  "activityLevel" : [{
    "minutes" : 33,
    "name" : "sedentary"
  },{
    "minutes" : 0,
    "name" : "lightly"
  },{
    "minutes" : 0,
    "name" : "fairly"
  },{
    "minutes" : 0,
    "name" : "very"
  }],
  "calories" : 54,
  "duration" : 1989000,
  "activeDuration" : 1989000,
  "steps" : 3971,
  "source" : {
    "type" : "tracker",
    "name" : "Force",
    "id" : "7159965",
    "url" : "https://www.fitbit.com/"
  },
  "logType" : "tracker",
  "manualValuesSpecified" : {
    "calories" : false,
    "distance" : false,
    "steps" : false
  },
  "lastModified" : "08/26/15 17:51:27",
  "startTime" : "11/22/14 19:34:46",
  "originalStartTime" : "11/22/14 19:34:46",
  "originalDuration" : 1989000,
  "hasGps" : false,
  "shouldFetchDetails" : false
},{
  "logId" : 120149789,
  "activityName" : "Elliptical Trainer (MyFitnessPal)",
  "activityTypeId" : 5493232,
  "activityLevel" : [{
    "minutes" : 0,
    "name" : "sedentary"
  },{
    "minutes" : 0,
    "name" : "lightly"
  },{
    "minutes" : 0,
    "name" : "fairly"
  },{
    "minutes" : 36,
    "name" : "very"
  }],
  "calories" : 449,
  "distance" : 0.0,
  "distanceUnit" : "Mile",
  "duration" : 2160000,
  "activeDuration" : 2160000,
  "steps" : 0,
  "source" : {
    "type" : "app",
    "name" : "MyFitnessPal",
    "id" : "228VC7",
    "url" : "http://www.myfitnesspal.com"
  },
  "logType" : "manual",
  "manualValuesSpecified" : {
    "calories" : true,
    "distance" : true,
    "steps" : true
  },
  "speed" : 0.0,
  "lastModified" : "08/26/15 17:51:27",
  "startTime" : "11/25/14 09:57:00",
  "originalStartTime" : "11/25/14 09:57:00",
  "originalDuration" : 2160000,
  "hasGps" : false,
  "shouldFetchDetails" : false
},{
  "logId" : 119988296,
  "activityName" : "Workout",
  "activityTypeId" : 3000,
  "activityLevel" : [{
    "minutes" : 0,
    "name" : "sedentary"
  },{
    "minutes" : 0,
    "name" : "lightly"
  },{
    "minutes" : 0,
    "name" : "fairly"
  },{
    "minutes" : 35,
    "name" : "very"
  }],
  "calories" : 440,
  "duration" : 2102000,
  "activeDuration" : 2102000,
  "steps" : 4540,
  "source" : {
    "type" : "tracker",
    "name" : "Force",
    "id" : "7159965",
    "url" : "https://www.fitbit.com/"
  },
  "logType" : "tracker",
  "manualValuesSpecified" : {
    "calories" : false,
    "distance" : false,
    "steps" : false
  },
  "lastModified" : "08/26/15 17:51:27",
  "startTime" : "11/25/14 14:57:43",
  "originalStartTime" : "11/25/14 14:57:43",
  "originalDuration" : 2102000,
  "hasGps" : false,
  "shouldFetchDetails" : false
},{
  "logId" : 121259305,
  "activityName" : "Elliptical Trainer (MyFitnessPal)",
  "activityTypeId" : 5493232,
  "activityLevel" : [{
    "minutes" : 0,
    "name" : "sedentary"
  },{
    "minutes" : 0,
    "name" : "lightly"
  },{
    "minutes" : 0,
    "name" : "fairly"
  },{
    "minutes" : 66,
    "name" : "very"
  }],
  "calories" : 847,
  "distance" : 0.0,
  "distanceUnit" : "Mile",
  "duration" : 3960000,
  "activeDuration" : 3960000,
  "steps" : 0,
  "source" : {
    "type" : "app",
    "name" : "MyFitnessPal",
    "id" : "228VC7",
    "url" : "http://www.myfitnesspal.com"
  },
  "logType" : "manual",
  "manualValuesSpecified" : {
    "calories" : true,
    "distance" : true,
    "steps" : true
  },
  "speed" : 0.0,
  "lastModified" : "08/26/15 17:51:27",
  "startTime" : "12/01/14 09:52:00",
  "originalStartTime" : "12/01/14 09:52:00",
  "originalDuration" : 3960000,
  "hasGps" : false,
  "shouldFetchDetails" : false
},{
  "logId" : 121551418,
  "activityName" : "Elliptical Trainer (MyFitnessPal)",
  "activityTypeId" : 5493232,
  "activityLevel" : [{
    "minutes" : 0,
    "name" : "sedentary"
  },{
    "minutes" : 0,
    "name" : "lightly"
  },{
    "minutes" : 0,
    "name" : "fairly"
  },{
    "minutes" : 36,
    "name" : "very"
  }],
  "calories" : 402,
  "distance" : 0.0,
  "distanceUnit" : "Mile",
  "duration" : 2160000,
  "activeDuration" : 2160000,
  "steps" : 0,
  "source" : {
    "type" : "app",
    "name" : "MyFitnessPal",
    "id" : "228VC7",
    "url" : "http://www.myfitnesspal.com"
  },
  "logType" : "manual",
  "manualValuesSpecified" : {
    "calories" : true,
    "distance" : true,
    "steps" : true
  },
  "speed" : 0.0,
  "lastModified" : "08/26/15 17:51:27",
  "startTime" : "12/02/14 09:29:00",
  "originalStartTime" : "12/02/14 09:29:00",
  "originalDuration" : 2160000,
  "hasGps" : false,
  "shouldFetchDetails" : false
},{
  "logId" : 121560608,
  "activityName" : "Workout",
  "activityTypeId" : 3000,
  "activityLevel" : [{
    "minutes" : 0,
    "name" : "sedentary"
  },{
    "minutes" : 7,
    "name" : "lightly"
  },{
    "minutes" : 1,
    "name" : "fairly"
  },{
    "minutes" : 37,
    "name" : "very"
  }],
  "calories" : 454,
  "duration" : 2714000,
  "activeDuration" : 2714000,
  "steps" : 4877,
  "source" : {
    "type" : "tracker",
    "name" : "Force",
    "id" : "7159965",
    "url" : "https://www.fitbit.com/"
  },
  "logType" : "tracker",
  "manualValuesSpecified" : {
    "calories" : false,
    "distance" : false,
    "steps" : false
  },
  "lastModified" : "08/26/15 17:51:27",
  "startTime" : "12/02/14 14:29:48",
  "originalStartTime" : "12/02/14 14:29:48",
  "originalDuration" : 2714000,
  "hasGps" : false,
  "shouldFetchDetails" : false
},{
  "logId" : 122018215,
  "activityName" : "Workout",
  "activityTypeId" : 3000,
  "activityLevel" : [{
    "minutes" : 0,
    "name" : "sedentary"
  },{
    "minutes" : 0,
    "name" : "lightly"
  },{
    "minutes" : 0,
    "name" : "fairly"
  },{
    "minutes" : 36,
    "name" : "very"
  }],
  "calories" : 451,
  "duration" : 2107000,
  "activeDuration" : 2107000,
  "steps" : 4457,
  "source" : {
    "type" : "tracker",
    "name" : "Force",
    "id" : "7159965",
    "url" : "https://www.fitbit.com/"
  },
  "logType" : "tracker",
  "manualValuesSpecified" : {
    "calories" : false,
    "distance" : false,
    "steps" : false
  },
  "lastModified" : "08/26/15 17:51:27",
  "startTime" : "12/04/14 14:36:57",
  "originalStartTime" : "12/04/14 14:36:57",
  "originalDuration" : 2107000,
  "hasGps" : false,
  "shouldFetchDetails" : false
},{
  "logId" : 122148401,
  "activityName" : "Elliptical Trainer (MyFitnessPal)",
  "activityTypeId" : 5493232,
  "activityLevel" : [{
    "minutes" : 0,
    "name" : "sedentary"
  },{
    "minutes" : 0,
    "name" : "lightly"
  },{
    "minutes" : 0,
    "name" : "fairly"
  },{
    "minutes" : 36,
    "name" : "very"
  }],
  "calories" : 447,
  "distance" : 0.0,
  "distanceUnit" : "Mile",
  "duration" : 2160000,
  "activeDuration" : 2160000,
  "steps" : 0,
  "source" : {
    "type" : "app",
    "name" : "MyFitnessPal",
    "id" : "228VC7",
    "url" : "http://www.myfitnesspal.com"
  },
  "logType" : "manual",
  "manualValuesSpecified" : {
    "calories" : true,
    "distance" : true,
    "steps" : true
  },
  "speed" : 0.0,
  "lastModified" : "08/26/15 17:51:27",
  "startTime" : "12/04/14 09:37:00",
  "originalStartTime" : "12/04/14 09:37:00",
  "originalDuration" : 2160000,
  "hasGps" : false,
  "shouldFetchDetails" : false
},{
  "logId" : 122854073,
  "activityName" : "Elliptical Trainer (MyFitnessPal)",
  "activityTypeId" : 5493232,
  "activityLevel" : [{
    "minutes" : 0,
    "name" : "sedentary"
  },{
    "minutes" : 0,
    "name" : "lightly"
  },{
    "minutes" : 0,
    "name" : "fairly"
  },{
    "minutes" : 66,
    "name" : "very"
  }],
  "calories" : 847,
  "distance" : 0.0,
  "distanceUnit" : "Mile",
  "duration" : 3960000,
  "activeDuration" : 3960000,
  "steps" : 0,
  "source" : {
    "type" : "app",
    "name" : "MyFitnessPal",
    "id" : "228VC7",
    "url" : "http://www.myfitnesspal.com"
  },
  "logType" : "manual",
  "manualValuesSpecified" : {
    "calories" : true,
    "distance" : true,
    "steps" : true
  },
  "speed" : 0.0,
  "lastModified" : "08/26/15 17:51:27",
  "startTime" : "12/06/14 14:48:00",
  "originalStartTime" : "12/06/14 14:48:00",
  "originalDuration" : 3960000,
  "hasGps" : false,
  "shouldFetchDetails" : false
},{
  "logId" : 122862948,
  "activityName" : "Workout",
  "activityTypeId" : 3000,
  "activityLevel" : [{
    "minutes" : 0,
    "name" : "sedentary"
  },{
    "minutes" : 0,
    "name" : "lightly"
  },{
    "minutes" : 0,
    "name" : "fairly"
  },{
    "minutes" : 65,
    "name" : "very"
  }],
  "calories" : 842,
  "duration" : 3904000,
  "activeDuration" : 3904000,
  "steps" : 8196,
  "source" : {
    "type" : "tracker",
    "name" : "Force",
    "id" : "7159965",
    "url" : "https://www.fitbit.com/"
  },
  "logType" : "tracker",
  "manualValuesSpecified" : {
    "calories" : false,
    "distance" : false,
    "steps" : false
  },
  "lastModified" : "08/26/15 17:51:27",
  "startTime" : "12/06/14 19:48:30",
  "originalStartTime" : "12/06/14 19:48:30",
  "originalDuration" : 3904000,
  "hasGps" : false,
  "shouldFetchDetails" : false
},{
  "logId" : 123310517,
  "activityName" : "Workout",
  "activityTypeId" : 3000,
  "activityLevel" : [{
    "minutes" : 0,
    "name" : "sedentary"
  },{
    "minutes" : 0,
    "name" : "lightly"
  },{
    "minutes" : 8,
    "name" : "fairly"
  },{
    "minutes" : 61,
    "name" : "very"
  }],
  "calories" : 641,
  "duration" : 4153000,
  "activeDuration" : 4153000,
  "steps" : 7733,
  "source" : {
    "type" : "tracker",
    "name" : "Force",
    "id" : "7159965",
    "url" : "https://www.fitbit.com/"
  },
  "logType" : "tracker",
  "manualValuesSpecified" : {
    "calories" : false,
    "distance" : false,
    "steps" : false
  },
  "lastModified" : "08/26/15 17:51:27",
  "startTime" : "12/08/14 20:39:13",
  "originalStartTime" : "12/08/14 20:39:13",
  "originalDuration" : 4153000,
  "hasGps" : false,
  "shouldFetchDetails" : false
},{
  "logId" : 123274383,
  "activityName" : "Elliptical Trainer (MyFitnessPal)",
  "activityTypeId" : 5493232,
  "activityLevel" : [{
    "minutes" : 0,
    "name" : "sedentary"
  },{
    "minutes" : 0,
    "name" : "lightly"
  },{
    "minutes" : 0,
    "name" : "fairly"
  },{
    "minutes" : 65,
    "name" : "very"
  }],
  "calories" : 832,
  "distance" : 0.0,
  "distanceUnit" : "Mile",
  "duration" : 3900000,
  "activeDuration" : 3900000,
  "steps" : 0,
  "source" : {
    "type" : "app",
    "name" : "MyFitnessPal",
    "id" : "228VC7",
    "url" : "http://www.myfitnesspal.com"
  },
  "logType" : "manual",
  "manualValuesSpecified" : {
    "calories" : true,
    "distance" : true,
    "steps" : true
  },
  "speed" : 0.0,
  "lastModified" : "08/26/15 17:51:27",
  "startTime" : "12/08/14 16:49:00",
  "originalStartTime" : "12/08/14 16:49:00",
  "originalDuration" : 3900000,
  "hasGps" : false,
  "shouldFetchDetails" : false
},{
  "logId" : 123481702,
  "activityName" : "Elliptical Trainer (MyFitnessPal)",
  "activityTypeId" : 5493232,
  "activityLevel" : [{
    "minutes" : 0,
    "name" : "sedentary"
  },{
    "minutes" : 0,
    "name" : "lightly"
  },{
    "minutes" : 0,
    "name" : "fairly"
  },{
    "minutes" : 36,
    "name" : "very"
  }],
  "calories" : 447,
  "distance" : 0.0,
  "distanceUnit" : "Mile",
  "duration" : 2160000,
  "activeDuration" : 2160000,
  "steps" : 0,
  "source" : {
    "type" : "app",
    "name" : "MyFitnessPal",
    "id" : "228VC7",
    "url" : "http://www.myfitnesspal.com"
  },
  "logType" : "manual",
  "manualValuesSpecified" : {
    "calories" : true,
    "distance" : true,
    "steps" : true
  },
  "speed" : 0.0,
  "lastModified" : "08/26/15 17:51:27",
  "startTime" : "12/09/14 09:28:00",
  "originalStartTime" : "12/09/14 09:28:00",
  "originalDuration" : 2160000,
  "hasGps" : false,
  "shouldFetchDetails" : false
},{
  "logId" : 123291125,
  "activityName" : "Workout",
  "activityTypeId" : 3000,
  "activityLevel" : [{
    "minutes" : 1,
    "name" : "sedentary"
  },{
    "minutes" : 0,
    "name" : "lightly"
  },{
    "minutes" : 1,
    "name" : "fairly"
  },{
    "minutes" : 36,
    "name" : "very"
  }],
  "calories" : 460,
  "duration" : 2283000,
  "activeDuration" : 2283000,
  "steps" : 4512,
  "source" : {
    "type" : "tracker",
    "name" : "Force",
    "id" : "7159965",
    "url" : "https://www.fitbit.com/"
  },
  "logType" : "tracker",
  "manualValuesSpecified" : {
    "calories" : false,
    "distance" : false,
    "steps" : false
  },
  "lastModified" : "08/26/15 17:51:27",
  "startTime" : "12/09/14 14:28:17",
  "originalStartTime" : "12/09/14 14:28:17",
  "originalDuration" : 2283000,
  "hasGps" : false,
  "shouldFetchDetails" : false
},{
  "logId" : 123667549,
  "activityName" : "Workout",
  "activityTypeId" : 3000,
  "activityLevel" : [{
    "minutes" : 4,
    "name" : "sedentary"
  },{
    "minutes" : 13,
    "name" : "lightly"
  },{
    "minutes" : 6,
    "name" : "fairly"
  },{
    "minutes" : 26,
    "name" : "very"
  }],
  "calories" : 326,
  "duration" : 2947000,
  "activeDuration" : 2947000,
  "steps" : 3832,
  "source" : {
    "type" : "tracker",
    "name" : "Force",
    "id" : "7159965",
    "url" : "https://www.fitbit.com/"
  },
  "logType" : "tracker",
  "manualValuesSpecified" : {
    "calories" : false,
    "distance" : false,
    "steps" : false
  },
  "lastModified" : "08/26/15 17:51:27",
  "startTime" : "12/10/14 01:24:47",
  "originalStartTime" : "12/10/14 01:24:47",
  "originalDuration" : 2947000,
  "hasGps" : false,
  "shouldFetchDetails" : false
},{
  "logId" : 124919148,
  "activityName" : "Elliptical Trainer (MyFitnessPal)",
  "activityTypeId" : 5493232,
  "activityLevel" : [{
    "minutes" : 0,
    "name" : "sedentary"
  },{
    "minutes" : 0,
    "name" : "lightly"
  },{
    "minutes" : 0,
    "name" : "fairly"
  },{
    "minutes" : 66,
    "name" : "very"
  }],
  "calories" : 773,
  "distance" : 0.0,
  "distanceUnit" : "Mile",
  "duration" : 3960000,
  "activeDuration" : 3960000,
  "steps" : 0,
  "source" : {
    "type" : "app",
    "name" : "MyFitnessPal",
    "id" : "228VC7",
    "url" : "http://www.myfitnesspal.com"
  },
  "logType" : "manual",
  "manualValuesSpecified" : {
    "calories" : true,
    "distance" : true,
    "steps" : true
  },
  "speed" : 0.0,
  "lastModified" : "08/26/15 17:51:27",
  "startTime" : "12/15/14 13:18:00",
  "originalStartTime" : "12/15/14 13:18:00",
  "originalDuration" : 3960000,
  "hasGps" : false,
  "shouldFetchDetails" : false
},{
  "logId" : 127228310,
  "activityName" : "Running (jogging), 5.2 mph (11.5 min mile) (MyFitnessPal)",
  "activityTypeId" : 6290580,
  "activityLevel" : [{
    "minutes" : 0,
    "name" : "sedentary"
  },{
    "minutes" : 0,
    "name" : "lightly"
  },{
    "minutes" : 0,
    "name" : "fairly"
  },{
    "minutes" : 71,
    "name" : "very"
  }],
  "calories" : 850,
  "distance" : 0.0,
  "distanceUnit" : "Mile",
  "duration" : 4260000,
  "activeDuration" : 4260000,
  "steps" : 0,
  "source" : {
    "type" : "app",
    "name" : "MyFitnessPal",
    "id" : "228VC7",
    "url" : "http://www.myfitnesspal.com"
  },
  "logType" : "manual",
  "manualValuesSpecified" : {
    "calories" : true,
    "distance" : true,
    "steps" : true
  },
  "speed" : 0.0,
  "lastModified" : "08/26/15 17:51:27",
  "startTime" : "12/23/14 07:42:00",
  "originalStartTime" : "12/23/14 07:42:00",
  "originalDuration" : 4260000,
  "hasGps" : false,
  "shouldFetchDetails" : false
},{
  "logId" : 129352190,
  "activityName" : "Elliptical Trainer (MyFitnessPal)",
  "activityTypeId" : 5493232,
  "activityLevel" : [{
    "minutes" : 0,
    "name" : "sedentary"
  },{
    "minutes" : 0,
    "name" : "lightly"
  },{
    "minutes" : 0,
    "name" : "fairly"
  },{
    "minutes" : 66,
    "name" : "very"
  }],
  "calories" : 847,
  "distance" : 0.0,
  "distanceUnit" : "Mile",
  "duration" : 3960000,
  "activeDuration" : 3960000,
  "steps" : 0,
  "source" : {
    "type" : "app",
    "name" : "MyFitnessPal",
    "id" : "228VC7",
    "url" : "http://www.myfitnesspal.com"
  },
  "logType" : "manual",
  "manualValuesSpecified" : {
    "calories" : true,
    "distance" : true,
    "steps" : true
  },
  "speed" : 0.0,
  "lastModified" : "08/26/15 17:51:27",
  "startTime" : "12/29/14 15:38:00",
  "originalStartTime" : "12/29/14 15:38:00",
  "originalDuration" : 3960000,
  "hasGps" : false,
  "shouldFetchDetails" : false
},{
  "logId" : 131588421,
  "activityName" : "Elliptical Trainer (MyFitnessPal)",
  "activityTypeId" : 5493232,
  "activityLevel" : [{
    "minutes" : 0,
    "name" : "sedentary"
  },{
    "minutes" : 0,
    "name" : "lightly"
  },{
    "minutes" : 0,
    "name" : "fairly"
  },{
    "minutes" : 66,
    "name" : "very"
  }],
  "calories" : 850,
  "distance" : 0.0,
  "distanceUnit" : "Mile",
  "duration" : 3960000,
  "activeDuration" : 3960000,
  "steps" : 0,
  "source" : {
    "type" : "app",
    "name" : "MyFitnessPal",
    "id" : "228VC7",
    "url" : "http://www.myfitnesspal.com"
  },
  "logType" : "manual",
  "manualValuesSpecified" : {
    "calories" : true,
    "distance" : true,
    "steps" : true
  },
  "speed" : 0.0,
  "lastModified" : "08/26/15 17:51:27",
  "startTime" : "01/03/15 12:56:00",
  "originalStartTime" : "01/03/15 12:56:00",
  "originalDuration" : 3960000,
  "hasGps" : false,
  "shouldFetchDetails" : false
},{
  "logId" : 137788866,
  "activityName" : "Elliptical Trainer (MyFitnessPal)",
  "activityTypeId" : 5493232,
  "activityLevel" : [{
    "minutes" : 0,
    "name" : "sedentary"
  },{
    "minutes" : 0,
    "name" : "lightly"
  },{
    "minutes" : 0,
    "name" : "fairly"
  },{
    "minutes" : 66,
    "name" : "very"
  }],
  "calories" : 647,
  "distance" : 0.0,
  "distanceUnit" : "Mile",
  "duration" : 3960000,
  "activeDuration" : 3960000,
  "steps" : 0,
  "source" : {
    "type" : "app",
    "name" : "MyFitnessPal",
    "id" : "228VC7",
    "url" : "http://www.myfitnesspal.com"
  },
  "logType" : "manual",
  "manualValuesSpecified" : {
    "calories" : true,
    "distance" : true,
    "steps" : true
  },
  "speed" : 0.0,
  "lastModified" : "08/26/15 17:51:27",
  "startTime" : "01/14/15 14:32:00",
  "originalStartTime" : "01/14/15 14:32:00",
  "originalDuration" : 3960000,
  "hasGps" : false,
  "shouldFetchDetails" : false
},{
  "logId" : 137949972,
  "activityName" : "Workout",
  "activityTypeId" : 3000,
  "activityLevel" : [{
    "minutes" : 0,
    "name" : "sedentary"
  },{
    "minutes" : 0,
    "name" : "lightly"
  },{
    "minutes" : 0,
    "name" : "fairly"
  },{
    "minutes" : 65,
    "name" : "very"
  }],
  "calories" : 644,
  "duration" : 3906000,
  "activeDuration" : 3906000,
  "steps" : 8426,
  "source" : {
    "type" : "tracker",
    "name" : "Force",
    "id" : "7159965",
    "url" : "https://www.fitbit.com/"
  },
  "logType" : "tracker",
  "manualValuesSpecified" : {
    "calories" : false,
    "distance" : false,
    "steps" : false
  },
  "lastModified" : "08/26/15 17:51:27",
  "startTime" : "01/14/15 19:32:03",
  "originalStartTime" : "01/14/15 19:32:03",
  "originalDuration" : 3906000,
  "hasGps" : false,
  "shouldFetchDetails" : false
},{
  "logId" : 139188732,
  "activityName" : "Workout",
  "activityTypeId" : 3000,
  "activityLevel" : [{
    "minutes" : 0,
    "name" : "sedentary"
  },{
    "minutes" : 11,
    "name" : "lightly"
  },{
    "minutes" : 14,
    "name" : "fairly"
  },{
    "minutes" : 5,
    "name" : "very"
  }],
  "calories" : 171,
  "duration" : 1853000,
  "activeDuration" : 1853000,
  "steps" : 1868,
  "source" : {
    "type" : "tracker",
    "name" : "Force",
    "id" : "7159965",
    "url" : "https://www.fitbit.com/"
  },
  "logType" : "tracker",
  "manualValuesSpecified" : {
    "calories" : false,
    "distance" : false,
    "steps" : false
  },
  "lastModified" : "08/26/15 17:51:27",
  "startTime" : "01/16/15 22:26:00",
  "originalStartTime" : "01/16/15 22:26:00",
  "originalDuration" : 1853000,
  "hasGps" : false,
  "shouldFetchDetails" : false
},{
  "logId" : 141290784,
  "activityName" : "Workout",
  "activityTypeId" : 3000,
  "activityLevel" : [{
    "minutes" : 12,
    "name" : "sedentary"
  },{
    "minutes" : 23,
    "name" : "lightly"
  },{
    "minutes" : 3,
    "name" : "fairly"
  },{
    "minutes" : 7,
    "name" : "very"
  }],
  "calories" : 230,
  "duration" : 2747000,
  "activeDuration" : 2747000,
  "steps" : 2358,
  "source" : {
    "type" : "tracker",
    "name" : "Force",
    "id" : "7159965",
    "url" : "https://www.fitbit.com/"
  },
  "logType" : "tracker",
  "manualValuesSpecified" : {
    "calories" : false,
    "distance" : false,
    "steps" : false
  },
  "lastModified" : "08/26/15 17:51:27",
  "startTime" : "01/20/15 23:22:56",
  "originalStartTime" : "01/20/15 23:22:56",
  "originalDuration" : 2747000,
  "hasGps" : false,
  "shouldFetchDetails" : false
},{
  "logId" : 143346062,
  "activityName" : "Elliptical Trainer (MyFitnessPal)",
  "activityTypeId" : 5493232,
  "activityLevel" : [{
    "minutes" : 0,
    "name" : "sedentary"
  },{
    "minutes" : 0,
    "name" : "lightly"
  },{
    "minutes" : 0,
    "name" : "fairly"
  },{
    "minutes" : 66,
    "name" : "very"
  }],
  "calories" : 806,
  "distance" : 0.0,
  "distanceUnit" : "Mile",
  "duration" : 3960000,
  "activeDuration" : 3960000,
  "steps" : 0,
  "source" : {
    "type" : "app",
    "name" : "MyFitnessPal",
    "id" : "228VC7",
    "url" : "http://www.myfitnesspal.com"
  },
  "logType" : "manual",
  "manualValuesSpecified" : {
    "calories" : true,
    "distance" : true,
    "steps" : true
  },
  "speed" : 0.0,
  "lastModified" : "08/26/15 17:51:27",
  "startTime" : "01/23/15 09:30:00",
  "originalStartTime" : "01/23/15 09:30:00",
  "originalDuration" : 3960000,
  "hasGps" : false,
  "shouldFetchDetails" : false
},{
  "logId" : 143221543,
  "activityName" : "Workout",
  "activityTypeId" : 3000,
  "activityLevel" : [{
    "minutes" : 0,
    "name" : "sedentary"
  },{
    "minutes" : 0,
    "name" : "lightly"
  },{
    "minutes" : 0,
    "name" : "fairly"
  },{
    "minutes" : 65,
    "name" : "very"
  }],
  "calories" : 802,
  "duration" : 3909000,
  "activeDuration" : 3909000,
  "steps" : 7461,
  "source" : {
    "type" : "tracker",
    "name" : "Force",
    "id" : "7159965",
    "url" : "https://www.fitbit.com/"
  },
  "logType" : "tracker",
  "manualValuesSpecified" : {
    "calories" : false,
    "distance" : false,
    "steps" : false
  },
  "lastModified" : "08/26/15 17:51:27",
  "startTime" : "01/23/15 14:30:01",
  "originalStartTime" : "01/23/15 14:30:01",
  "originalDuration" : 3909000,
  "hasGps" : false,
  "shouldFetchDetails" : false
},{
  "logId" : 145096231,
  "activityName" : "Elliptical Trainer (MyFitnessPal)",
  "activityTypeId" : 5493232,
  "activityLevel" : [{
    "minutes" : 0,
    "name" : "sedentary"
  },{
    "minutes" : 0,
    "name" : "lightly"
  },{
    "minutes" : 0,
    "name" : "fairly"
  },{
    "minutes" : 66,
    "name" : "very"
  }],
  "calories" : 813,
  "distance" : 0.0,
  "distanceUnit" : "Mile",
  "duration" : 3960000,
  "activeDuration" : 3960000,
  "steps" : 0,
  "source" : {
    "type" : "app",
    "name" : "MyFitnessPal",
    "id" : "228VC7",
    "url" : "http://www.myfitnesspal.com"
  },
  "logType" : "manual",
  "manualValuesSpecified" : {
    "calories" : true,
    "distance" : true,
    "steps" : true
  },
  "speed" : 0.0,
  "lastModified" : "08/26/15 17:51:27",
  "startTime" : "01/26/15 14:35:00",
  "originalStartTime" : "01/26/15 14:35:00",
  "originalDuration" : 3960000,
  "hasGps" : false,
  "shouldFetchDetails" : false
},{
  "logId" : 144948552,
  "activityName" : "Workout",
  "activityTypeId" : 3000,
  "activityLevel" : [{
    "minutes" : 0,
    "name" : "sedentary"
  },{
    "minutes" : 0,
    "name" : "lightly"
  },{
    "minutes" : 0,
    "name" : "fairly"
  },{
    "minutes" : 65,
    "name" : "very"
  }],
  "calories" : 809,
  "duration" : 3903000,
  "activeDuration" : 3903000,
  "steps" : 8130,
  "source" : {
    "type" : "tracker",
    "name" : "Force",
    "id" : "7159965",
    "url" : "https://www.fitbit.com/"
  },
  "logType" : "tracker",
  "manualValuesSpecified" : {
    "calories" : false,
    "distance" : false,
    "steps" : false
  },
  "lastModified" : "08/26/15 17:51:27",
  "startTime" : "01/26/15 19:35:33",
  "originalStartTime" : "01/26/15 19:35:33",
  "originalDuration" : 3903000,
  "hasGps" : false,
  "shouldFetchDetails" : false
},{
  "logId" : 146670755,
  "activityName" : "Elliptical Trainer (MyFitnessPal)",
  "activityTypeId" : 5493232,
  "activityLevel" : [{
    "minutes" : 0,
    "name" : "sedentary"
  },{
    "minutes" : 0,
    "name" : "lightly"
  },{
    "minutes" : 0,
    "name" : "fairly"
  },{
    "minutes" : 66,
    "name" : "very"
  }],
  "calories" : 818,
  "distance" : 0.0,
  "distanceUnit" : "Mile",
  "duration" : 3960000,
  "activeDuration" : 3960000,
  "steps" : 0,
  "source" : {
    "type" : "app",
    "name" : "MyFitnessPal",
    "id" : "228VC7",
    "url" : "http://www.myfitnesspal.com"
  },
  "logType" : "manual",
  "manualValuesSpecified" : {
    "calories" : true,
    "distance" : true,
    "steps" : true
  },
  "speed" : 0.0,
  "lastModified" : "08/26/15 17:51:27",
  "startTime" : "01/28/15 13:28:00",
  "originalStartTime" : "01/28/15 13:28:00",
  "originalDuration" : 3960000,
  "hasGps" : false,
  "shouldFetchDetails" : false
},{
  "logId" : 146542681,
  "activityName" : "Workout",
  "activityTypeId" : 3000,
  "activityLevel" : [{
    "minutes" : 0,
    "name" : "sedentary"
  },{
    "minutes" : 0,
    "name" : "lightly"
  },{
    "minutes" : 0,
    "name" : "fairly"
  },{
    "minutes" : 66,
    "name" : "very"
  }],
  "calories" : 829,
  "duration" : 3935000,
  "activeDuration" : 3935000,
  "steps" : 8798,
  "source" : {
    "type" : "tracker",
    "name" : "Force",
    "id" : "7159965",
    "url" : "https://www.fitbit.com/"
  },
  "logType" : "tracker",
  "manualValuesSpecified" : {
    "calories" : false,
    "distance" : false,
    "steps" : false
  },
  "lastModified" : "08/26/15 17:51:27",
  "startTime" : "01/28/15 18:28:41",
  "originalStartTime" : "01/28/15 18:28:41",
  "originalDuration" : 3935000,
  "hasGps" : false,
  "shouldFetchDetails" : false
},{
  "logId" : 148030234,
  "activityName" : "Elliptical Trainer (MyFitnessPal)",
  "activityTypeId" : 5493232,
  "activityLevel" : [{
    "minutes" : 0,
    "name" : "sedentary"
  },{
    "minutes" : 0,
    "name" : "lightly"
  },{
    "minutes" : 0,
    "name" : "fairly"
  },{
    "minutes" : 66,
    "name" : "very"
  }],
  "calories" : 853,
  "distance" : 0.0,
  "distanceUnit" : "Mile",
  "duration" : 3960000,
  "activeDuration" : 3960000,
  "steps" : 0,
  "source" : {
    "type" : "app",
    "name" : "MyFitnessPal",
    "id" : "228VC7",
    "url" : "http://www.myfitnesspal.com"
  },
  "logType" : "manual",
  "manualValuesSpecified" : {
    "calories" : true,
    "distance" : true,
    "steps" : true
  },
  "speed" : 0.0,
  "lastModified" : "08/26/15 17:51:27",
  "startTime" : "01/30/15 14:30:00",
  "originalStartTime" : "01/30/15 14:30:00",
  "originalDuration" : 3960000,
  "hasGps" : false,
  "shouldFetchDetails" : false
},{
  "logId" : 147926141,
  "activityName" : "Workout",
  "activityTypeId" : 3000,
  "activityLevel" : [{
    "minutes" : 0,
    "name" : "sedentary"
  },{
    "minutes" : 0,
    "name" : "lightly"
  },{
    "minutes" : 0,
    "name" : "fairly"
  },{
    "minutes" : 65,
    "name" : "very"
  }],
  "calories" : 849,
  "duration" : 3901000,
  "activeDuration" : 3901000,
  "steps" : 7557,
  "source" : {
    "type" : "tracker",
    "name" : "Force",
    "id" : "7159965",
    "url" : "https://www.fitbit.com/"
  },
  "logType" : "tracker",
  "manualValuesSpecified" : {
    "calories" : false,
    "distance" : false,
    "steps" : false
  },
  "lastModified" : "08/26/15 17:51:27",
  "startTime" : "01/30/15 19:30:45",
  "originalStartTime" : "01/30/15 19:30:45",
  "originalDuration" : 3901000,
  "hasGps" : false,
  "shouldFetchDetails" : false
},{
  "logId" : 148371585,
  "activityName" : "Elliptical Trainer (MyFitnessPal)",
  "activityTypeId" : 5493232,
  "activityLevel" : [{
    "minutes" : 0,
    "name" : "sedentary"
  },{
    "minutes" : 0,
    "name" : "lightly"
  },{
    "minutes" : 0,
    "name" : "fairly"
  },{
    "minutes" : 66,
    "name" : "very"
  }],
  "calories" : 851,
  "distance" : 0.0,
  "distanceUnit" : "Mile",
  "duration" : 3960000,
  "activeDuration" : 3960000,
  "steps" : 0,
  "source" : {
    "type" : "app",
    "name" : "MyFitnessPal",
    "id" : "228VC7",
    "url" : "http://www.myfitnesspal.com"
  },
  "logType" : "manual",
  "manualValuesSpecified" : {
    "calories" : true,
    "distance" : true,
    "steps" : true
  },
  "speed" : 0.0,
  "lastModified" : "08/26/15 17:51:27",
  "startTime" : "01/31/15 10:39:00",
  "originalStartTime" : "01/31/15 10:39:00",
  "originalDuration" : 3960000,
  "hasGps" : false,
  "shouldFetchDetails" : false
},{
  "logId" : 148100093,
  "activityName" : "Workout",
  "activityTypeId" : 3000,
  "activityLevel" : [{
    "minutes" : 0,
    "name" : "sedentary"
  },{
    "minutes" : 0,
    "name" : "lightly"
  },{
    "minutes" : 0,
    "name" : "fairly"
  },{
    "minutes" : 65,
    "name" : "very"
  }],
  "calories" : 847,
  "duration" : 3904000,
  "activeDuration" : 3904000,
  "steps" : 7890,
  "source" : {
    "type" : "tracker",
    "name" : "Force",
    "id" : "7159965",
    "url" : "https://www.fitbit.com/"
  },
  "logType" : "tracker",
  "manualValuesSpecified" : {
    "calories" : false,
    "distance" : false,
    "steps" : false
  },
  "lastModified" : "08/26/15 17:51:27",
  "startTime" : "01/31/15 15:39:11",
  "originalStartTime" : "01/31/15 15:39:11",
  "originalDuration" : 3904000,
  "hasGps" : false,
  "shouldFetchDetails" : false
}]