[{
  "logId" : 14254517697,
  "activityName" : "Elliptical Trainer (MyFitnessPal)",
  "activityTypeId" : 5493232,
  "activityLevel" : [{
    "minutes" : 0,
    "name" : "sedentary"
  },{
    "minutes" : 0,
    "name" : "lightly"
  },{
    "minutes" : 0,
    "name" : "fairly"
  },{
    "minutes" : 35,
    "name" : "very"
  }],
  "calories" : 430,
  "distance" : 0.0,
  "distanceUnit" : "Mile",
  "duration" : 2100000,
  "activeDuration" : 2100000,
  "steps" : 4461,
  "source" : {
    "type" : "app",
    "name" : "MyFitnessPal",
    "id" : "228VC7",
    "url" : "http://www.myfitnesspal.com"
  },
  "logType" : "manual",
  "manualValuesSpecified" : {
    "calories" : true,
    "distance" : true,
    "steps" : false
  },
  "speed" : 0.0,
  "lastModified" : "05/17/18 14:39:17",
  "startTime" : "05/17/18 13:38:00",
  "originalStartTime" : "05/17/18 13:38:00",
  "originalDuration" : 2100000,
  "hasGps" : false,
  "shouldFetchDetails" : false
},{
  "logId" : 14292904217,
  "activityName" : "Sport",
  "activityTypeId" : 15000,
  "activityLevel" : [{
    "minutes" : 1,
    "name" : "sedentary"
  },{
    "minutes" : 1,
    "name" : "lightly"
  },{
    "minutes" : 8,
    "name" : "fairly"
  },{
    "minutes" : 11,
    "name" : "very"
  }],
  "calories" : 154,
  "duration" : 1280000,
  "activeDuration" : 1280000,
  "steps" : 1832,
  "logType" : "auto_detected",
  "manualValuesSpecified" : {
    "calories" : false,
    "distance" : false,
    "steps" : false
  },
  "lastModified" : "05/18/18 12:45:53",
  "startTime" : "05/17/18 21:13:32",
  "originalStartTime" : "05/17/18 21:13:32",
  "originalDuration" : 1280000,
  "hasGps" : false,
  "shouldFetchDetails" : false
},{
  "logId" : 14387377673,
  "activityName" : "Sport",
  "activityTypeId" : 15000,
  "activityLevel" : [{
    "minutes" : 1,
    "name" : "sedentary"
  },{
    "minutes" : 4,
    "name" : "lightly"
  },{
    "minutes" : 9,
    "name" : "fairly"
  },{
    "minutes" : 14,
    "name" : "very"
  }],
  "calories" : 180,
  "duration" : 1690000,
  "activeDuration" : 1690000,
  "steps" : 2027,
  "logType" : "auto_detected",
  "manualValuesSpecified" : {
    "calories" : false,
    "distance" : false,
    "steps" : false
  },
  "lastModified" : "05/22/18 19:48:20",
  "startTime" : "05/18/18 21:59:12",
  "originalStartTime" : "05/18/18 21:59:12",
  "originalDuration" : 1690000,
  "hasGps" : false,
  "shouldFetchDetails" : false
},{
  "logId" : 14387377676,
  "activityName" : "Sport",
  "activityTypeId" : 15000,
  "activityLevel" : [{
    "minutes" : 1,
    "name" : "sedentary"
  },{
    "minutes" : 3,
    "name" : "lightly"
  },{
    "minutes" : 20,
    "name" : "fairly"
  },{
    "minutes" : 6,
    "name" : "very"
  }],
  "calories" : 175,
  "duration" : 1843000,
  "activeDuration" : 1843000,
  "steps" : 1983,
  "logType" : "auto_detected",
  "manualValuesSpecified" : {
    "calories" : false,
    "distance" : false,
    "steps" : false
  },
  "lastModified" : "05/22/18 19:48:20",
  "startTime" : "05/20/18 18:06:14",
  "originalStartTime" : "05/20/18 18:06:14",
  "originalDuration" : 1843000,
  "hasGps" : false,
  "shouldFetchDetails" : false
},{
  "logId" : 14387377678,
  "activityName" : "Walk",
  "activityTypeId" : 90013,
  "activityLevel" : [{
    "minutes" : 2,
    "name" : "sedentary"
  },{
    "minutes" : 9,
    "name" : "lightly"
  },{
    "minutes" : 48,
    "name" : "fairly"
  },{
    "minutes" : 6,
    "name" : "very"
  }],
  "calories" : 377,
  "duration" : 3943000,
  "activeDuration" : 3943000,
  "steps" : 4176,
  "logType" : "auto_detected",
  "manualValuesSpecified" : {
    "calories" : false,
    "distance" : false,
    "steps" : false
  },
  "lastModified" : "05/22/18 19:48:21",
  "startTime" : "05/21/18 17:06:04",
  "originalStartTime" : "05/21/18 17:06:04",
  "originalDuration" : 3943000,
  "elevationGain" : 0.0,
  "hasGps" : false,
  "shouldFetchDetails" : false
},{
  "logId" : 14374135546,
  "activityName" : "Elliptical Trainer (MyFitnessPal)",
  "activityTypeId" : 5493232,
  "activityLevel" : [{
    "minutes" : 0,
    "name" : "sedentary"
  },{
    "minutes" : 0,
    "name" : "lightly"
  },{
    "minutes" : 0,
    "name" : "fairly"
  },{
    "minutes" : 16,
    "name" : "very"
  }],
  "calories" : 183,
  "distance" : 0.0,
  "distanceUnit" : "Mile",
  "duration" : 960000,
  "activeDuration" : 960000,
  "steps" : 1989,
  "source" : {
    "type" : "app",
    "name" : "MyFitnessPal",
    "id" : "228VC7",
    "url" : "http://www.myfitnesspal.com"
  },
  "logType" : "manual",
  "manualValuesSpecified" : {
    "calories" : true,
    "distance" : true,
    "steps" : false
  },
  "speed" : 0.0,
  "lastModified" : "05/22/18 18:49:35",
  "startTime" : "05/22/18 18:31:00",
  "originalStartTime" : "05/22/18 18:31:00",
  "originalDuration" : 960000,
  "hasGps" : false,
  "shouldFetchDetails" : false
},{
  "logId" : 14373518946,
  "activityName" : "Aerobics, general (MyFitnessPal)",
  "activityTypeId" : 8886341,
  "activityLevel" : [{
    "minutes" : 0,
    "name" : "sedentary"
  },{
    "minutes" : 0,
    "name" : "lightly"
  },{
    "minutes" : 0,
    "name" : "fairly"
  },{
    "minutes" : 36,
    "name" : "very"
  }],
  "calories" : 360,
  "distance" : 0.0,
  "distanceUnit" : "Mile",
  "duration" : 2160000,
  "activeDuration" : 2160000,
  "steps" : 890,
  "source" : {
    "type" : "app",
    "name" : "MyFitnessPal",
    "id" : "228VC7",
    "url" : "http://www.myfitnesspal.com"
  },
  "logType" : "manual",
  "manualValuesSpecified" : {
    "calories" : true,
    "distance" : true,
    "steps" : false
  },
  "speed" : 0.0,
  "lastModified" : "05/22/18 19:57:03",
  "startTime" : "05/22/18 18:50:00",
  "originalStartTime" : "05/22/18 18:50:00",
  "originalDuration" : 2160000,
  "hasGps" : false,
  "shouldFetchDetails" : false
},{
  "logId" : 14375003327,
  "activityName" : "Elliptical Trainer (MyFitnessPal)",
  "activityTypeId" : 5493232,
  "activityLevel" : [{
    "minutes" : 0,
    "name" : "sedentary"
  },{
    "minutes" : 0,
    "name" : "lightly"
  },{
    "minutes" : 0,
    "name" : "fairly"
  },{
    "minutes" : 16,
    "name" : "very"
  }],
  "calories" : 183,
  "distance" : 0.0,
  "distanceUnit" : "Mile",
  "duration" : 960000,
  "activeDuration" : 960000,
  "steps" : 1958,
  "source" : {
    "type" : "app",
    "name" : "MyFitnessPal",
    "id" : "228VC7",
    "url" : "http://www.myfitnesspal.com"
  },
  "logType" : "manual",
  "manualValuesSpecified" : {
    "calories" : true,
    "distance" : true,
    "steps" : false
  },
  "speed" : 0.0,
  "lastModified" : "05/22/18 19:46:32",
  "startTime" : "05/22/18 19:28:00",
  "originalStartTime" : "05/22/18 19:28:00",
  "originalDuration" : 960000,
  "hasGps" : false,
  "shouldFetchDetails" : false
},{
  "logId" : 14400656100,
  "activityName" : "Sport",
  "activityTypeId" : 15000,
  "activityLevel" : [{
    "minutes" : 0,
    "name" : "sedentary"
  },{
    "minutes" : 5,
    "name" : "lightly"
  },{
    "minutes" : 17,
    "name" : "fairly"
  },{
    "minutes" : 7,
    "name" : "very"
  }],
  "calories" : 174,
  "duration" : 1791000,
  "activeDuration" : 1791000,
  "steps" : 1942,
  "logType" : "auto_detected",
  "manualValuesSpecified" : {
    "calories" : false,
    "distance" : false,
    "steps" : false
  },
  "lastModified" : "05/23/18 12:58:51",
  "startTime" : "05/23/18 00:14:02",
  "originalStartTime" : "05/23/18 00:14:02",
  "originalDuration" : 1791000,
  "hasGps" : false,
  "shouldFetchDetails" : false
},{
  "logId" : 14430047471,
  "activityName" : "Outdoor Bike",
  "activityTypeId" : 1071,
  "activityLevel" : [{
    "minutes" : 0,
    "name" : "sedentary"
  },{
    "minutes" : 1,
    "name" : "lightly"
  },{
    "minutes" : 10,
    "name" : "fairly"
  },{
    "minutes" : 47,
    "name" : "very"
  }],
  "calories" : 504,
  "duration" : 3481000,
  "activeDuration" : 3481000,
  "logType" : "auto_detected",
  "manualValuesSpecified" : {
    "calories" : false,
    "distance" : false,
    "steps" : false
  },
  "lastModified" : "05/24/18 16:34:34",
  "startTime" : "05/24/18 13:21:14",
  "originalStartTime" : "05/24/18 13:21:14",
  "originalDuration" : 3481000,
  "elevationGain" : 0.0,
  "hasGps" : false,
  "shouldFetchDetails" : false
},{
  "logId" : 14484611620,
  "activityName" : "Outdoor Bike",
  "activityTypeId" : 1071,
  "activityLevel" : [{
    "minutes" : 2,
    "name" : "sedentary"
  },{
    "minutes" : 15,
    "name" : "lightly"
  },{
    "minutes" : 0,
    "name" : "fairly"
  },{
    "minutes" : 0,
    "name" : "very"
  }],
  "calories" : 68,
  "duration" : 1024000,
  "activeDuration" : 1024000,
  "logType" : "auto_detected",
  "manualValuesSpecified" : {
    "calories" : false,
    "distance" : false,
    "steps" : false
  },
  "lastModified" : "05/27/18 03:05:05",
  "startTime" : "05/25/18 19:51:39",
  "originalStartTime" : "05/25/18 19:51:39",
  "originalDuration" : 1024000,
  "elevationGain" : 0.0,
  "hasGps" : false,
  "shouldFetchDetails" : false
},{
  "logId" : 14556434568,
  "activityName" : "Walk",
  "activityTypeId" : 90013,
  "activityLevel" : [{
    "minutes" : 0,
    "name" : "sedentary"
  },{
    "minutes" : 6,
    "name" : "lightly"
  },{
    "minutes" : 36,
    "name" : "fairly"
  },{
    "minutes" : 9,
    "name" : "very"
  }],
  "calories" : 305,
  "duration" : 3072000,
  "activeDuration" : 3072000,
  "steps" : 3434,
  "logType" : "auto_detected",
  "manualValuesSpecified" : {
    "calories" : false,
    "distance" : false,
    "steps" : false
  },
  "lastModified" : "05/30/18 14:43:08",
  "startTime" : "05/28/18 16:47:45",
  "originalStartTime" : "05/28/18 16:47:45",
  "originalDuration" : 3072000,
  "elevationGain" : 0.0,
  "hasGps" : false,
  "shouldFetchDetails" : false
},{
  "logId" : 14556434572,
  "activityName" : "Walk",
  "activityTypeId" : 90013,
  "activityLevel" : [{
    "minutes" : 6,
    "name" : "sedentary"
  },{
    "minutes" : 23,
    "name" : "lightly"
  },{
    "minutes" : 25,
    "name" : "fairly"
  },{
    "minutes" : 12,
    "name" : "very"
  }],
  "calories" : 361,
  "duration" : 3993000,
  "activeDuration" : 3993000,
  "steps" : 3730,
  "logType" : "auto_detected",
  "manualValuesSpecified" : {
    "calories" : false,
    "distance" : false,
    "steps" : false
  },
  "lastModified" : "05/30/18 14:43:08",
  "startTime" : "05/28/18 18:45:31",
  "originalStartTime" : "05/28/18 18:45:31",
  "originalDuration" : 3993000,
  "elevationGain" : 0.0,
  "hasGps" : false,
  "shouldFetchDetails" : false
},{
  "logId" : 14556434575,
  "activityName" : "Walk",
  "activityTypeId" : 90013,
  "activityLevel" : [{
    "minutes" : 0,
    "name" : "sedentary"
  },{
    "minutes" : 1,
    "name" : "lightly"
  },{
    "minutes" : 16,
    "name" : "fairly"
  },{
    "minutes" : 2,
    "name" : "very"
  }],
  "calories" : 112,
  "duration" : 1177000,
  "activeDuration" : 1177000,
  "steps" : 1295,
  "logType" : "auto_detected",
  "manualValuesSpecified" : {
    "calories" : false,
    "distance" : false,
    "steps" : false
  },
  "lastModified" : "05/30/18 14:43:08",
  "startTime" : "05/28/18 22:39:20",
  "originalStartTime" : "05/28/18 22:39:20",
  "originalDuration" : 1177000,
  "elevationGain" : 0.0,
  "hasGps" : false,
  "shouldFetchDetails" : false
},{
  "logId" : 14657475319,
  "activityName" : "Walk",
  "activityTypeId" : 90013,
  "activityLevel" : [{
    "minutes" : 0,
    "name" : "sedentary"
  },{
    "minutes" : 2,
    "name" : "lightly"
  },{
    "minutes" : 19,
    "name" : "fairly"
  },{
    "minutes" : 4,
    "name" : "very"
  }],
  "calories" : 158,
  "duration" : 1485000,
  "activeDuration" : 1485000,
  "steps" : 1795,
  "logType" : "auto_detected",
  "manualValuesSpecified" : {
    "calories" : false,
    "distance" : false,
    "steps" : false
  },
  "lastModified" : "06/04/18 11:37:17",
  "startTime" : "05/31/18 18:09:16",
  "originalStartTime" : "05/31/18 18:09:16",
  "originalDuration" : 1485000,
  "elevationGain" : 0.0,
  "hasGps" : false,
  "shouldFetchDetails" : false
},{
  "logId" : 14657475321,
  "activityName" : "Sport",
  "activityTypeId" : 15000,
  "activityLevel" : [{
    "minutes" : 0,
    "name" : "sedentary"
  },{
    "minutes" : 3,
    "name" : "lightly"
  },{
    "minutes" : 23,
    "name" : "fairly"
  },{
    "minutes" : 6,
    "name" : "very"
  }],
  "calories" : 201,
  "duration" : 1946000,
  "activeDuration" : 1946000,
  "steps" : 2278,
  "logType" : "auto_detected",
  "manualValuesSpecified" : {
    "calories" : false,
    "distance" : false,
    "steps" : false
  },
  "lastModified" : "06/04/18 11:37:17",
  "startTime" : "06/02/18 18:45:06",
  "originalStartTime" : "06/02/18 18:45:06",
  "originalDuration" : 1946000,
  "hasGps" : false,
  "shouldFetchDetails" : false
},{
  "logId" : 14657475324,
  "activityName" : "Walk",
  "activityTypeId" : 90013,
  "activityLevel" : [{
    "minutes" : 2,
    "name" : "sedentary"
  },{
    "minutes" : 4,
    "name" : "lightly"
  },{
    "minutes" : 3,
    "name" : "fairly"
  },{
    "minutes" : 12,
    "name" : "very"
  }],
  "calories" : 145,
  "duration" : 1280000,
  "activeDuration" : 1280000,
  "steps" : 1645,
  "logType" : "auto_detected",
  "manualValuesSpecified" : {
    "calories" : false,
    "distance" : false,
    "steps" : false
  },
  "lastModified" : "06/04/18 11:37:17",
  "startTime" : "06/03/18 00:46:04",
  "originalStartTime" : "06/03/18 00:46:04",
  "originalDuration" : 1280000,
  "elevationGain" : 0.0,
  "hasGps" : false,
  "shouldFetchDetails" : false
},{
  "logId" : 14656951679,
  "activityName" : "Elliptical Trainer (MyFitnessPal)",
  "activityTypeId" : 5493232,
  "activityLevel" : [{
    "minutes" : 0,
    "name" : "sedentary"
  },{
    "minutes" : 0,
    "name" : "lightly"
  },{
    "minutes" : 0,
    "name" : "fairly"
  },{
    "minutes" : 16,
    "name" : "very"
  }],
  "calories" : 186,
  "distance" : 0.0,
  "distanceUnit" : "Mile",
  "duration" : 960000,
  "activeDuration" : 960000,
  "steps" : 2217,
  "source" : {
    "type" : "app",
    "name" : "MyFitnessPal",
    "id" : "228VC7",
    "url" : "http://www.myfitnesspal.com"
  },
  "logType" : "manual",
  "manualValuesSpecified" : {
    "calories" : true,
    "distance" : true,
    "steps" : false
  },
  "speed" : 0.0,
  "lastModified" : "06/04/18 13:44:57",
  "startTime" : "06/04/18 13:26:00",
  "originalStartTime" : "06/04/18 13:26:00",
  "originalDuration" : 960000,
  "hasGps" : false,
  "shouldFetchDetails" : false
},{
  "logId" : 14653703646,
  "activityName" : "Aerobics, general (MyFitnessPal)",
  "activityTypeId" : 8886341,
  "activityLevel" : [{
    "minutes" : 0,
    "name" : "sedentary"
  },{
    "minutes" : 0,
    "name" : "lightly"
  },{
    "minutes" : 0,
    "name" : "fairly"
  },{
    "minutes" : 39,
    "name" : "very"
  }],
  "calories" : 390,
  "distance" : 0.0,
  "distanceUnit" : "Mile",
  "duration" : 2340000,
  "activeDuration" : 2340000,
  "steps" : 844,
  "source" : {
    "type" : "app",
    "name" : "MyFitnessPal",
    "id" : "228VC7",
    "url" : "http://www.myfitnesspal.com"
  },
  "logType" : "manual",
  "manualValuesSpecified" : {
    "calories" : true,
    "distance" : true,
    "steps" : false
  },
  "speed" : 0.0,
  "lastModified" : "06/04/18 14:26:01",
  "startTime" : "06/04/18 13:45:00",
  "originalStartTime" : "06/04/18 13:45:00",
  "originalDuration" : 2340000,
  "hasGps" : false,
  "shouldFetchDetails" : false
},{
  "logId" : 14654445896,
  "activityName" : "Elliptical Trainer (MyFitnessPal)",
  "activityTypeId" : 5493232,
  "activityLevel" : [{
    "minutes" : 0,
    "name" : "sedentary"
  },{
    "minutes" : 0,
    "name" : "lightly"
  },{
    "minutes" : 0,
    "name" : "fairly"
  },{
    "minutes" : 16,
    "name" : "very"
  }],
  "calories" : 185,
  "distance" : 0.0,
  "distanceUnit" : "Mile",
  "duration" : 960000,
  "activeDuration" : 960000,
  "steps" : 2267,
  "source" : {
    "type" : "app",
    "name" : "MyFitnessPal",
    "id" : "228VC7",
    "url" : "http://www.myfitnesspal.com"
  },
  "logType" : "manual",
  "manualValuesSpecified" : {
    "calories" : true,
    "distance" : true,
    "steps" : false
  },
  "speed" : 0.0,
  "lastModified" : "06/04/18 14:48:40",
  "startTime" : "06/04/18 14:31:00",
  "originalStartTime" : "06/04/18 14:31:00",
  "originalDuration" : 960000,
  "hasGps" : false,
  "shouldFetchDetails" : false
},{
  "logId" : 14668906190,
  "activityName" : "Sport",
  "activityTypeId" : 15000,
  "activityLevel" : [{
    "minutes" : 0,
    "name" : "sedentary"
  },{
    "minutes" : 3,
    "name" : "lightly"
  },{
    "minutes" : 15,
    "name" : "fairly"
  },{
    "minutes" : 1,
    "name" : "very"
  }],
  "calories" : 101,
  "duration" : 1177000,
  "activeDuration" : 1177000,
  "steps" : 1049,
  "logType" : "auto_detected",
  "manualValuesSpecified" : {
    "calories" : false,
    "distance" : false,
    "steps" : false
  },
  "lastModified" : "06/04/18 22:05:07",
  "startTime" : "06/04/18 20:04:48",
  "originalStartTime" : "06/04/18 20:04:48",
  "originalDuration" : 1177000,
  "hasGps" : false,
  "shouldFetchDetails" : false
},{
  "logId" : 14732582083,
  "activityName" : "Outdoor Bike",
  "activityTypeId" : 1071,
  "activityLevel" : [{
    "minutes" : 0,
    "name" : "sedentary"
  },{
    "minutes" : 0,
    "name" : "lightly"
  },{
    "minutes" : 5,
    "name" : "fairly"
  },{
    "minutes" : 44,
    "name" : "very"
  }],
  "calories" : 436,
  "duration" : 2969000,
  "activeDuration" : 2969000,
  "logType" : "auto_detected",
  "manualValuesSpecified" : {
    "calories" : false,
    "distance" : false,
    "steps" : false
  },
  "lastModified" : "06/07/18 15:09:16",
  "startTime" : "06/06/18 18:23:15",
  "originalStartTime" : "06/06/18 18:23:15",
  "originalDuration" : 2969000,
  "elevationGain" : 0.0,
  "hasGps" : false,
  "shouldFetchDetails" : false
},{
  "logId" : 14879353630,
  "activityName" : "Walk",
  "activityTypeId" : 90013,
  "activityLevel" : [{
    "minutes" : 0,
    "name" : "sedentary"
  },{
    "minutes" : 60,
    "name" : "lightly"
  },{
    "minutes" : 0,
    "name" : "fairly"
  },{
    "minutes" : 0,
    "name" : "very"
  }],
  "calories" : 150,
  "distance" : 0.035642,
  "distanceUnit" : "Mile",
  "duration" : 3600000,
  "activeDuration" : 3600000,
  "steps" : 80,
  "source" : {
    "type" : "app",
    "name" : "Sync Solver - Health to FB",
    "id" : "229KD7",
    "url" : "http://syncsolver.com"
  },
  "logType" : "manual",
  "manualValuesSpecified" : {
    "calories" : false,
    "distance" : false,
    "steps" : true
  },
  "speed" : 0.035642,
  "pace" : 101004.43297233601,
  "lastModified" : "06/14/18 18:50:53",
  "startTime" : "06/10/18 04:00:00",
  "originalStartTime" : "06/10/18 04:00:00",
  "originalDuration" : 3600000,
  "elevationGain" : 0.0,
  "hasGps" : false,
  "shouldFetchDetails" : false
},{
  "logId" : 14879266832,
  "activityName" : "Walk",
  "activityTypeId" : 90013,
  "activityLevel" : [{
    "minutes" : 0,
    "name" : "sedentary"
  },{
    "minutes" : 60,
    "name" : "lightly"
  },{
    "minutes" : 0,
    "name" : "fairly"
  },{
    "minutes" : 0,
    "name" : "very"
  }],
  "calories" : 150,
  "distance" : 0.011582,
  "distanceUnit" : "Mile",
  "duration" : 3600000,
  "activeDuration" : 3600000,
  "steps" : 26,
  "source" : {
    "type" : "app",
    "name" : "Sync Solver - Health to FB",
    "id" : "229KD7",
    "url" : "http://syncsolver.com"
  },
  "logType" : "manual",
  "manualValuesSpecified" : {
    "calories" : false,
    "distance" : false,
    "steps" : true
  },
  "speed" : 0.011582,
  "pace" : 310827.14557071315,
  "lastModified" : "06/14/18 18:50:54",
  "startTime" : "06/10/18 05:00:00",
  "originalStartTime" : "06/10/18 05:00:00",
  "originalDuration" : 3600000,
  "elevationGain" : 0.0,
  "hasGps" : false,
  "shouldFetchDetails" : false
},{
  "logId" : 14881734268,
  "activityName" : "Walk",
  "activityTypeId" : 90013,
  "activityLevel" : [{
    "minutes" : 0,
    "name" : "sedentary"
  },{
    "minutes" : 60,
    "name" : "lightly"
  },{
    "minutes" : 0,
    "name" : "fairly"
  },{
    "minutes" : 0,
    "name" : "very"
  }],
  "calories" : 150,
  "distance" : 4.41E-4,
  "distanceUnit" : "Mile",
  "duration" : 3600000,
  "activeDuration" : 3600000,
  "steps" : 1,
  "source" : {
    "type" : "app",
    "name" : "Sync Solver - Health to FB",
    "id" : "229KD7",
    "url" : "http://syncsolver.com"
  },
  "logType" : "manual",
  "manualValuesSpecified" : {
    "calories" : false,
    "distance" : false,
    "steps" : true
  },
  "speed" : 4.41E-4,
  "pace" : 8163265.306122449,
  "lastModified" : "06/14/18 18:50:54",
  "startTime" : "06/10/18 07:00:00",
  "originalStartTime" : "06/10/18 07:00:00",
  "originalDuration" : 3600000,
  "elevationGain" : 0.0,
  "hasGps" : false,
  "shouldFetchDetails" : false
},{
  "logId" : 14882476448,
  "activityName" : "Walk",
  "activityTypeId" : 90013,
  "activityLevel" : [{
    "minutes" : 0,
    "name" : "sedentary"
  },{
    "minutes" : 60,
    "name" : "lightly"
  },{
    "minutes" : 0,
    "name" : "fairly"
  },{
    "minutes" : 0,
    "name" : "very"
  }],
  "calories" : 150,
  "distance" : 0.002225,
  "distanceUnit" : "Mile",
  "duration" : 3600000,
  "activeDuration" : 3600000,
  "steps" : 5,
  "source" : {
    "type" : "app",
    "name" : "Sync Solver - Health to FB",
    "id" : "229KD7",
    "url" : "http://syncsolver.com"
  },
  "logType" : "manual",
  "manualValuesSpecified" : {
    "calories" : false,
    "distance" : false,
    "steps" : true
  },
  "speed" : 0.002225,
  "pace" : 1617977.5280898877,
  "lastModified" : "06/14/18 18:50:55",
  "startTime" : "06/10/18 08:00:00",
  "originalStartTime" : "06/10/18 08:00:00",
  "originalDuration" : 3600000,
  "elevationGain" : 0.0,
  "hasGps" : false,
  "shouldFetchDetails" : false
},{
  "logId" : 14995366829,
  "activityName" : "Walk",
  "activityTypeId" : 90013,
  "activityLevel" : [{
    "minutes" : 0,
    "name" : "sedentary"
  },{
    "minutes" : 60,
    "name" : "lightly"
  },{
    "minutes" : 0,
    "name" : "fairly"
  },{
    "minutes" : 0,
    "name" : "very"
  }],
  "calories" : 150,
  "distance" : 0.003113,
  "distanceUnit" : "Mile",
  "duration" : 3600000,
  "activeDuration" : 3600000,
  "steps" : 7,
  "source" : {
    "type" : "app",
    "name" : "Sync Solver - Health to FB",
    "id" : "229KD7",
    "url" : "http://syncsolver.com"
  },
  "logType" : "manual",
  "manualValuesSpecified" : {
    "calories" : false,
    "distance" : false,
    "steps" : true
  },
  "speed" : 0.003113,
  "pace" : 1156440.732412464,
  "lastModified" : "06/19/18 18:32:39",
  "startTime" : "06/10/18 09:00:00",
  "originalStartTime" : "06/10/18 09:00:00",
  "originalDuration" : 3600000,
  "elevationGain" : 0.0,
  "hasGps" : false,
  "shouldFetchDetails" : false
},{
  "logId" : 14995434338,
  "activityName" : "Walk",
  "activityTypeId" : 90013,
  "activityLevel" : [{
    "minutes" : 0,
    "name" : "sedentary"
  },{
    "minutes" : 60,
    "name" : "lightly"
  },{
    "minutes" : 0,
    "name" : "fairly"
  },{
    "minutes" : 0,
    "name" : "very"
  }],
  "calories" : 150,
  "distance" : 0.007127,
  "distanceUnit" : "Mile",
  "duration" : 3600000,
  "activeDuration" : 3600000,
  "steps" : 16,
  "source" : {
    "type" : "app",
    "name" : "Sync Solver - Health to FB",
    "id" : "229KD7",
    "url" : "http://syncsolver.com"
  },
  "logType" : "manual",
  "manualValuesSpecified" : {
    "calories" : false,
    "distance" : false,
    "steps" : true
  },
  "speed" : 0.007127,
  "pace" : 505121.3694401572,
  "lastModified" : "06/19/18 18:32:39",
  "startTime" : "06/10/18 10:00:00",
  "originalStartTime" : "06/10/18 10:00:00",
  "originalDuration" : 3600000,
  "elevationGain" : 0.0,
  "hasGps" : false,
  "shouldFetchDetails" : false
},{
  "logId" : 14996735563,
  "activityName" : "Walk",
  "activityTypeId" : 90013,
  "activityLevel" : [{
    "minutes" : 0,
    "name" : "sedentary"
  },{
    "minutes" : 60,
    "name" : "lightly"
  },{
    "minutes" : 0,
    "name" : "fairly"
  },{
    "minutes" : 0,
    "name" : "very"
  }],
  "calories" : 150,
  "distance" : 0.001336,
  "distanceUnit" : "Mile",
  "duration" : 3600000,
  "activeDuration" : 3600000,
  "steps" : 3,
  "source" : {
    "type" : "app",
    "name" : "Sync Solver - Health to FB",
    "id" : "229KD7",
    "url" : "http://syncsolver.com"
  },
  "logType" : "manual",
  "manualValuesSpecified" : {
    "calories" : false,
    "distance" : false,
    "steps" : true
  },
  "speed" : 0.001336,
  "pace" : 2694610.778443114,
  "lastModified" : "06/19/18 18:32:40",
  "startTime" : "06/10/18 11:00:00",
  "originalStartTime" : "06/10/18 11:00:00",
  "originalDuration" : 3600000,
  "elevationGain" : 0.0,
  "hasGps" : false,
  "shouldFetchDetails" : false
},{
  "logId" : 14996003015,
  "activityName" : "Walk",
  "activityTypeId" : 90013,
  "activityLevel" : [{
    "minutes" : 0,
    "name" : "sedentary"
  },{
    "minutes" : 60,
    "name" : "lightly"
  },{
    "minutes" : 0,
    "name" : "fairly"
  },{
    "minutes" : 0,
    "name" : "very"
  }],
  "calories" : 150,
  "distance" : 0.030292,
  "distanceUnit" : "Mile",
  "duration" : 3600000,
  "activeDuration" : 3600000,
  "steps" : 68,
  "source" : {
    "type" : "app",
    "name" : "Sync Solver - Health to FB",
    "id" : "229KD7",
    "url" : "http://syncsolver.com"
  },
  "logType" : "manual",
  "manualValuesSpecified" : {
    "calories" : false,
    "distance" : false,
    "steps" : true
  },
  "speed" : 0.030292,
  "pace" : 118843.25894625644,
  "lastModified" : "06/19/18 18:32:40",
  "startTime" : "06/10/18 12:00:00",
  "originalStartTime" : "06/10/18 12:00:00",
  "originalDuration" : 3600000,
  "elevationGain" : 0.0,
  "hasGps" : false,
  "shouldFetchDetails" : false
},{
  "logId" : 14798619090,
  "activityName" : "Elliptical Trainer (MyFitnessPal)",
  "activityTypeId" : 5493232,
  "activityLevel" : [{
    "minutes" : 0,
    "name" : "sedentary"
  },{
    "minutes" : 0,
    "name" : "lightly"
  },{
    "minutes" : 0,
    "name" : "fairly"
  },{
    "minutes" : 16,
    "name" : "very"
  }],
  "calories" : 186,
  "distance" : 0.0,
  "distanceUnit" : "Mile",
  "duration" : 960000,
  "activeDuration" : 960000,
  "steps" : 2103,
  "source" : {
    "type" : "app",
    "name" : "MyFitnessPal",
    "id" : "228VC7",
    "url" : "http://www.myfitnesspal.com"
  },
  "logType" : "manual",
  "manualValuesSpecified" : {
    "calories" : true,
    "distance" : true,
    "steps" : false
  },
  "speed" : 0.0,
  "lastModified" : "06/11/18 17:44:05",
  "startTime" : "06/11/18 17:26:00",
  "originalStartTime" : "06/11/18 17:26:00",
  "originalDuration" : 960000,
  "hasGps" : false,
  "shouldFetchDetails" : false
},{
  "logId" : 14815397380,
  "activityName" : "Aerobics, general (MyFitnessPal)",
  "activityTypeId" : 8886341,
  "activityLevel" : [{
    "minutes" : 0,
    "name" : "sedentary"
  },{
    "minutes" : 0,
    "name" : "lightly"
  },{
    "minutes" : 0,
    "name" : "fairly"
  },{
    "minutes" : 44,
    "name" : "very"
  }],
  "calories" : 440,
  "distance" : 0.0,
  "distanceUnit" : "Mile",
  "duration" : 2640000,
  "activeDuration" : 2640000,
  "steps" : 1110,
  "source" : {
    "type" : "app",
    "name" : "MyFitnessPal",
    "id" : "228VC7",
    "url" : "http://www.myfitnesspal.com"
  },
  "logType" : "manual",
  "manualValuesSpecified" : {
    "calories" : true,
    "distance" : true,
    "steps" : false
  },
  "speed" : 0.0,
  "lastModified" : "06/11/18 19:31:32",
  "startTime" : "06/11/18 17:46:00",
  "originalStartTime" : "06/11/18 17:46:00",
  "originalDuration" : 2640000,
  "hasGps" : false,
  "shouldFetchDetails" : false
},{
  "logId" : 14933915461,
  "activityName" : "Sport",
  "activityTypeId" : 15000,
  "activityLevel" : [{
    "minutes" : 0,
    "name" : "sedentary"
  },{
    "minutes" : 2,
    "name" : "lightly"
  },{
    "minutes" : 12,
    "name" : "fairly"
  },{
    "minutes" : 49,
    "name" : "very"
  }],
  "calories" : 491,
  "duration" : 3839000,
  "activeDuration" : 3839000,
  "steps" : 5894,
  "logType" : "auto_detected",
  "manualValuesSpecified" : {
    "calories" : false,
    "distance" : false,
    "steps" : false
  },
  "lastModified" : "06/16/18 21:41:57",
  "startTime" : "06/15/18 20:58:24",
  "originalStartTime" : "06/15/18 20:58:24",
  "originalDuration" : 3839000,
  "hasGps" : false,
  "shouldFetchDetails" : false
},{
  "logId" : 14995487336,
  "activityName" : "Elliptical Trainer (MyFitnessPal)",
  "activityTypeId" : 5493232,
  "activityLevel" : [{
    "minutes" : 0,
    "name" : "sedentary"
  },{
    "minutes" : 0,
    "name" : "lightly"
  },{
    "minutes" : 0,
    "name" : "fairly"
  },{
    "minutes" : 16,
    "name" : "very"
  }],
  "calories" : 185,
  "distance" : 0.0,
  "distanceUnit" : "Mile",
  "duration" : 960000,
  "activeDuration" : 960000,
  "steps" : 2128,
  "source" : {
    "type" : "app",
    "name" : "MyFitnessPal",
    "id" : "228VC7",
    "url" : "http://www.myfitnesspal.com"
  },
  "logType" : "manual",
  "manualValuesSpecified" : {
    "calories" : true,
    "distance" : true,
    "steps" : false
  },
  "speed" : 0.0,
  "lastModified" : "06/20/18 16:50:51",
  "startTime" : "06/20/18 16:32:00",
  "originalStartTime" : "06/20/18 16:32:00",
  "originalDuration" : 960000,
  "hasGps" : false,
  "shouldFetchDetails" : false
},{
  "logId" : 14996827342,
  "activityName" : "Aerobics, general (MyFitnessPal)",
  "activityTypeId" : 8886341,
  "activityLevel" : [{
    "minutes" : 0,
    "name" : "sedentary"
  },{
    "minutes" : 0,
    "name" : "lightly"
  },{
    "minutes" : 0,
    "name" : "fairly"
  },{
    "minutes" : 37,
    "name" : "very"
  }],
  "calories" : 370,
  "distance" : 0.0,
  "distanceUnit" : "Mile",
  "duration" : 2220000,
  "activeDuration" : 2220000,
  "steps" : 399,
  "source" : {
    "type" : "app",
    "name" : "MyFitnessPal",
    "id" : "228VC7",
    "url" : "http://www.myfitnesspal.com"
  },
  "logType" : "manual",
  "manualValuesSpecified" : {
    "calories" : true,
    "distance" : true,
    "steps" : false
  },
  "speed" : 0.0,
  "lastModified" : "06/20/18 17:28:58",
  "startTime" : "06/20/18 16:52:00",
  "originalStartTime" : "06/20/18 16:52:00",
  "originalDuration" : 2220000,
  "hasGps" : false,
  "shouldFetchDetails" : false
},{
  "logId" : 15043862830,
  "activityName" : "Sport",
  "activityTypeId" : 15000,
  "activityLevel" : [{
    "minutes" : 0,
    "name" : "sedentary"
  },{
    "minutes" : 1,
    "name" : "lightly"
  },{
    "minutes" : 10,
    "name" : "fairly"
  },{
    "minutes" : 6,
    "name" : "very"
  }],
  "calories" : 115,
  "duration" : 1024000,
  "activeDuration" : 1024000,
  "steps" : 1335,
  "logType" : "auto_detected",
  "manualValuesSpecified" : {
    "calories" : false,
    "distance" : false,
    "steps" : false
  },
  "lastModified" : "06/21/18 17:58:22",
  "startTime" : "06/21/18 01:12:16",
  "originalStartTime" : "06/21/18 01:12:16",
  "originalDuration" : 1024000,
  "hasGps" : false,
  "shouldFetchDetails" : false
},{
  "logId" : 15097288503,
  "activityName" : "Walk",
  "activityTypeId" : 90013,
  "activityLevel" : [{
    "minutes" : 1,
    "name" : "sedentary"
  },{
    "minutes" : 0,
    "name" : "lightly"
  },{
    "minutes" : 9,
    "name" : "fairly"
  },{
    "minutes" : 18,
    "name" : "very"
  }],
  "calories" : 204,
  "duration" : 1689000,
  "activeDuration" : 1689000,
  "steps" : 2415,
  "logType" : "auto_detected",
  "manualValuesSpecified" : {
    "calories" : false,
    "distance" : false,
    "steps" : false
  },
  "lastModified" : "06/24/18 12:59:13",
  "startTime" : "06/23/18 21:53:53",
  "originalStartTime" : "06/23/18 21:53:53",
  "originalDuration" : 1689000,
  "elevationGain" : 0.0,
  "hasGps" : false,
  "shouldFetchDetails" : false
},{
  "logId" : 15097288505,
  "activityName" : "Walk",
  "activityTypeId" : 90013,
  "activityLevel" : [{
    "minutes" : 0,
    "name" : "sedentary"
  },{
    "minutes" : 1,
    "name" : "lightly"
  },{
    "minutes" : 12,
    "name" : "fairly"
  },{
    "minutes" : 12,
    "name" : "very"
  }],
  "calories" : 174,
  "duration" : 1536000,
  "activeDuration" : 1536000,
  "steps" : 2054,
  "logType" : "auto_detected",
  "manualValuesSpecified" : {
    "calories" : false,
    "distance" : false,
    "steps" : false
  },
  "lastModified" : "06/24/18 12:59:13",
  "startTime" : "06/23/18 23:31:09",
  "originalStartTime" : "06/23/18 23:31:09",
  "originalDuration" : 1536000,
  "elevationGain" : 0.0,
  "hasGps" : false,
  "shouldFetchDetails" : false
},{
  "logId" : 15154409044,
  "activityName" : "Walk",
  "activityTypeId" : 90013,
  "activityLevel" : [{
    "minutes" : 0,
    "name" : "sedentary"
  },{
    "minutes" : 2,
    "name" : "lightly"
  },{
    "minutes" : 3,
    "name" : "fairly"
  },{
    "minutes" : 16,
    "name" : "very"
  }],
  "calories" : 157,
  "duration" : 1229000,
  "activeDuration" : 1229000,
  "steps" : 1847,
  "logType" : "auto_detected",
  "manualValuesSpecified" : {
    "calories" : false,
    "distance" : false,
    "steps" : false
  },
  "lastModified" : "06/27/18 02:19:33",
  "startTime" : "06/26/18 23:40:59",
  "originalStartTime" : "06/26/18 23:40:59",
  "originalDuration" : 1229000,
  "elevationGain" : 0.0,
  "hasGps" : false,
  "shouldFetchDetails" : false
},{
  "logId" : 15181869344,
  "activityName" : "Walk",
  "activityTypeId" : 90013,
  "activityLevel" : [{
    "minutes" : 4,
    "name" : "sedentary"
  },{
    "minutes" : 14,
    "name" : "lightly"
  },{
    "minutes" : 11,
    "name" : "fairly"
  },{
    "minutes" : 17,
    "name" : "very"
  }],
  "calories" : 294,
  "duration" : 2765000,
  "activeDuration" : 2765000,
  "steps" : 3258,
  "logType" : "auto_detected",
  "manualValuesSpecified" : {
    "calories" : false,
    "distance" : false,
    "steps" : false
  },
  "lastModified" : "06/28/18 01:00:21",
  "startTime" : "06/27/18 21:43:39",
  "originalStartTime" : "06/27/18 21:43:39",
  "originalDuration" : 2765000,
  "elevationGain" : 0.0,
  "hasGps" : false,
  "shouldFetchDetails" : false
},{
  "logId" : 15181869345,
  "activityName" : "Walk",
  "activityTypeId" : 90013,
  "activityLevel" : [{
    "minutes" : 0,
    "name" : "sedentary"
  },{
    "minutes" : 2,
    "name" : "lightly"
  },{
    "minutes" : 2,
    "name" : "fairly"
  },{
    "minutes" : 16,
    "name" : "very"
  }],
  "calories" : 158,
  "duration" : 1177000,
  "activeDuration" : 1177000,
  "steps" : 1880,
  "logType" : "auto_detected",
  "manualValuesSpecified" : {
    "calories" : false,
    "distance" : false,
    "steps" : false
  },
  "lastModified" : "06/28/18 01:00:21",
  "startTime" : "06/28/18 00:32:37",
  "originalStartTime" : "06/28/18 00:32:37",
  "originalDuration" : 1177000,
  "elevationGain" : 0.0,
  "hasGps" : false,
  "shouldFetchDetails" : false
},{
  "logId" : 15210978084,
  "activityName" : "Sport",
  "activityTypeId" : 15000,
  "activityLevel" : [{
    "minutes" : 0,
    "name" : "sedentary"
  },{
    "minutes" : 1,
    "name" : "lightly"
  },{
    "minutes" : 1,
    "name" : "fairly"
  },{
    "minutes" : 18,
    "name" : "very"
  }],
  "calories" : 172,
  "duration" : 1229000,
  "activeDuration" : 1229000,
  "steps" : 2099,
  "logType" : "auto_detected",
  "manualValuesSpecified" : {
    "calories" : false,
    "distance" : false,
    "steps" : false
  },
  "lastModified" : "06/29/18 08:04:43",
  "startTime" : "06/28/18 21:08:17",
  "originalStartTime" : "06/28/18 21:08:17",
  "originalDuration" : 1229000,
  "hasGps" : false,
  "shouldFetchDetails" : false
},{
  "logId" : 15277373266,
  "activityName" : "Outdoor Bike",
  "activityTypeId" : 1071,
  "activityLevel" : [{
    "minutes" : 0,
    "name" : "sedentary"
  },{
    "minutes" : 3,
    "name" : "lightly"
  },{
    "minutes" : 11,
    "name" : "fairly"
  },{
    "minutes" : 23,
    "name" : "very"
  }],
  "calories" : 290,
  "duration" : 2253000,
  "activeDuration" : 2253000,
  "logType" : "auto_detected",
  "manualValuesSpecified" : {
    "calories" : false,
    "distance" : false,
    "steps" : false
  },
  "lastModified" : "07/02/18 12:34:22",
  "startTime" : "06/30/18 16:12:12",
  "originalStartTime" : "06/30/18 16:12:12",
  "originalDuration" : 2253000,
  "elevationGain" : 0.0,
  "hasGps" : false,
  "shouldFetchDetails" : false
},{
  "logId" : 15277373267,
  "activityName" : "Aerobic Workout",
  "activityTypeId" : 3001,
  "activityLevel" : [{
    "minutes" : 0,
    "name" : "sedentary"
  },{
    "minutes" : 1,
    "name" : "lightly"
  },{
    "minutes" : 9,
    "name" : "fairly"
  },{
    "minutes" : 7,
    "name" : "very"
  }],
  "calories" : 116,
  "duration" : 1024000,
  "activeDuration" : 1024000,
  "steps" : 1368,
  "logType" : "auto_detected",
  "manualValuesSpecified" : {
    "calories" : false,
    "distance" : false,
    "steps" : false
  },
  "lastModified" : "07/02/18 12:34:22",
  "startTime" : "06/30/18 17:11:56",
  "originalStartTime" : "06/30/18 17:11:56",
  "originalDuration" : 1024000,
  "hasGps" : false,
  "shouldFetchDetails" : false
},{
  "logId" : 15277373269,
  "activityName" : "Sport",
  "activityTypeId" : 15000,
  "activityLevel" : [{
    "minutes" : 0,
    "name" : "sedentary"
  },{
    "minutes" : 4,
    "name" : "lightly"
  },{
    "minutes" : 5,
    "name" : "fairly"
  },{
    "minutes" : 12,
    "name" : "very"
  }],
  "calories" : 152,
  "duration" : 1229000,
  "activeDuration" : 1229000,
  "steps" : 1749,
  "logType" : "auto_detected",
  "manualValuesSpecified" : {
    "calories" : false,
    "distance" : false,
    "steps" : false
  },
  "lastModified" : "07/02/18 12:34:22",
  "startTime" : "07/01/18 01:43:56",
  "originalStartTime" : "07/01/18 01:43:56",
  "originalDuration" : 1229000,
  "hasGps" : false,
  "shouldFetchDetails" : false
},{
  "logId" : 15426749363,
  "activityName" : "Outdoor Bike",
  "activityTypeId" : 1071,
  "activityLevel" : [{
    "minutes" : 13,
    "name" : "sedentary"
  },{
    "minutes" : 10,
    "name" : "lightly"
  },{
    "minutes" : 0,
    "name" : "fairly"
  },{
    "minutes" : 0,
    "name" : "very"
  }],
  "calories" : 60,
  "duration" : 1434000,
  "activeDuration" : 1434000,
  "logType" : "auto_detected",
  "manualValuesSpecified" : {
    "calories" : false,
    "distance" : false,
    "steps" : false
  },
  "lastModified" : "07/09/18 18:05:55",
  "startTime" : "07/03/18 17:15:11",
  "originalStartTime" : "07/03/18 17:15:11",
  "originalDuration" : 1434000,
  "elevationGain" : 0.0,
  "hasGps" : false,
  "shouldFetchDetails" : false
},{
  "logId" : 15426749366,
  "activityName" : "Walk",
  "activityTypeId" : 90013,
  "activityLevel" : [{
    "minutes" : 0,
    "name" : "sedentary"
  },{
    "minutes" : 5,
    "name" : "lightly"
  },{
    "minutes" : 4,
    "name" : "fairly"
  },{
    "minutes" : 10,
    "name" : "very"
  }],
  "calories" : 126,
  "duration" : 1178000,
  "activeDuration" : 1178000,
  "steps" : 1397,
  "logType" : "auto_detected",
  "manualValuesSpecified" : {
    "calories" : false,
    "distance" : false,
    "steps" : false
  },
  "lastModified" : "07/09/18 18:05:55",
  "startTime" : "07/04/18 01:32:40",
  "originalStartTime" : "07/04/18 01:32:40",
  "originalDuration" : 1178000,
  "elevationGain" : 0.0,
  "hasGps" : false,
  "shouldFetchDetails" : false
},{
  "logId" : 15426749370,
  "activityName" : "Outdoor Bike",
  "activityTypeId" : 1071,
  "activityLevel" : [{
    "minutes" : 0,
    "name" : "sedentary"
  },{
    "minutes" : 2,
    "name" : "lightly"
  },{
    "minutes" : 18,
    "name" : "fairly"
  },{
    "minutes" : 42,
    "name" : "very"
  }],
  "calories" : 510,
  "duration" : 3686000,
  "activeDuration" : 3686000,
  "logType" : "auto_detected",
  "manualValuesSpecified" : {
    "calories" : false,
    "distance" : false,
    "steps" : false
  },
  "lastModified" : "07/09/18 18:05:55",
  "startTime" : "07/07/18 17:04:57",
  "originalStartTime" : "07/07/18 17:04:57",
  "originalDuration" : 3686000,
  "elevationGain" : 0.0,
  "hasGps" : false,
  "shouldFetchDetails" : false
},{
  "logId" : 15426749371,
  "activityName" : "Walk",
  "activityTypeId" : 90013,
  "activityLevel" : [{
    "minutes" : 0,
    "name" : "sedentary"
  },{
    "minutes" : 2,
    "name" : "lightly"
  },{
    "minutes" : 8,
    "name" : "fairly"
  },{
    "minutes" : 25,
    "name" : "very"
  }],
  "calories" : 248,
  "duration" : 2099000,
  "activeDuration" : 2099000,
  "steps" : 2934,
  "logType" : "auto_detected",
  "manualValuesSpecified" : {
    "calories" : false,
    "distance" : false,
    "steps" : false
  },
  "lastModified" : "07/09/18 18:05:55",
  "startTime" : "07/08/18 01:08:47",
  "originalStartTime" : "07/08/18 01:08:47",
  "originalDuration" : 2099000,
  "elevationGain" : 0.0,
  "hasGps" : false,
  "shouldFetchDetails" : false
},{
  "logId" : 15426749374,
  "activityName" : "Walk",
  "activityTypeId" : 90013,
  "activityLevel" : [{
    "minutes" : 0,
    "name" : "sedentary"
  },{
    "minutes" : 1,
    "name" : "lightly"
  },{
    "minutes" : 3,
    "name" : "fairly"
  },{
    "minutes" : 13,
    "name" : "very"
  }],
  "calories" : 132,
  "duration" : 1075000,
  "activeDuration" : 1075000,
  "steps" : 1584,
  "logType" : "auto_detected",
  "manualValuesSpecified" : {
    "calories" : false,
    "distance" : false,
    "steps" : false
  },
  "lastModified" : "07/09/18 18:05:55",
  "startTime" : "07/08/18 03:11:40",
  "originalStartTime" : "07/08/18 03:11:40",
  "originalDuration" : 1075000,
  "elevationGain" : 0.0,
  "hasGps" : false,
  "shouldFetchDetails" : false
},{
  "logId" : 15393717544,
  "activityName" : "Aerobics, general (MyFitnessPal)",
  "activityTypeId" : 8886341,
  "activityLevel" : [{
    "minutes" : 0,
    "name" : "sedentary"
  },{
    "minutes" : 0,
    "name" : "lightly"
  },{
    "minutes" : 0,
    "name" : "fairly"
  },{
    "minutes" : 42,
    "name" : "very"
  }],
  "calories" : 420,
  "distance" : 0.0,
  "distanceUnit" : "Mile",
  "duration" : 2520000,
  "activeDuration" : 2520000,
  "steps" : 797,
  "source" : {
    "type" : "app",
    "name" : "MyFitnessPal",
    "id" : "228VC7",
    "url" : "http://www.myfitnesspal.com"
  },
  "logType" : "manual",
  "manualValuesSpecified" : {
    "calories" : true,
    "distance" : true,
    "steps" : false
  },
  "speed" : 0.0,
  "lastModified" : "07/09/18 19:18:02",
  "startTime" : "07/09/18 18:28:00",
  "originalStartTime" : "07/09/18 18:28:00",
  "originalDuration" : 2520000,
  "hasGps" : false,
  "shouldFetchDetails" : false
},{
  "logId" : 15428539794,
  "activityName" : "Elliptical Trainer (MyFitnessPal)",
  "activityTypeId" : 5493232,
  "activityLevel" : [{
    "minutes" : 0,
    "name" : "sedentary"
  },{
    "minutes" : 0,
    "name" : "lightly"
  },{
    "minutes" : 0,
    "name" : "fairly"
  },{
    "minutes" : 36,
    "name" : "very"
  }],
  "calories" : 405,
  "distance" : 0.0,
  "distanceUnit" : "Mile",
  "duration" : 2160000,
  "activeDuration" : 2160000,
  "steps" : 4543,
  "source" : {
    "type" : "app",
    "name" : "MyFitnessPal",
    "id" : "228VC7",
    "url" : "http://www.myfitnesspal.com"
  },
  "logType" : "manual",
  "manualValuesSpecified" : {
    "calories" : true,
    "distance" : true,
    "steps" : false
  },
  "speed" : 0.0,
  "lastModified" : "07/10/18 14:26:44",
  "startTime" : "07/10/18 13:48:00",
  "originalStartTime" : "07/10/18 13:48:00",
  "originalDuration" : 2160000,
  "hasGps" : false,
  "shouldFetchDetails" : false
},{
  "logId" : 15468420631,
  "activityName" : "Aerobics, general (MyFitnessPal)",
  "activityTypeId" : 8886341,
  "activityLevel" : [{
    "minutes" : 0,
    "name" : "sedentary"
  },{
    "minutes" : 0,
    "name" : "lightly"
  },{
    "minutes" : 0,
    "name" : "fairly"
  },{
    "minutes" : 43,
    "name" : "very"
  }],
  "calories" : 430,
  "distance" : 0.0,
  "distanceUnit" : "Mile",
  "duration" : 2580000,
  "activeDuration" : 2580000,
  "steps" : 776,
  "source" : {
    "type" : "app",
    "name" : "MyFitnessPal",
    "id" : "228VC7",
    "url" : "http://www.myfitnesspal.com"
  },
  "logType" : "manual",
  "manualValuesSpecified" : {
    "calories" : true,
    "distance" : true,
    "steps" : false
  },
  "speed" : 0.0,
  "lastModified" : "07/11/18 18:36:48",
  "startTime" : "07/11/18 17:42:00",
  "originalStartTime" : "07/11/18 17:42:00",
  "originalDuration" : 2580000,
  "hasGps" : false,
  "shouldFetchDetails" : false
},{
  "logId" : 15516929473,
  "activityName" : "Walk",
  "activityTypeId" : 90013,
  "activityLevel" : [{
    "minutes" : 5,
    "name" : "sedentary"
  },{
    "minutes" : 12,
    "name" : "lightly"
  },{
    "minutes" : 2,
    "name" : "fairly"
  },{
    "minutes" : 7,
    "name" : "very"
  }],
  "calories" : 150,
  "duration" : 1587000,
  "activeDuration" : 1587000,
  "steps" : 1618,
  "logType" : "auto_detected",
  "manualValuesSpecified" : {
    "calories" : false,
    "distance" : false,
    "steps" : false
  },
  "lastModified" : "07/13/18 15:44:17",
  "startTime" : "07/11/18 18:26:01",
  "originalStartTime" : "07/11/18 18:26:01",
  "originalDuration" : 1587000,
  "elevationGain" : 0.0,
  "hasGps" : false,
  "shouldFetchDetails" : false
},{
  "logId" : 15511560122,
  "activityName" : "Aerobics, general (MyFitnessPal)",
  "activityTypeId" : 8886341,
  "activityLevel" : [{
    "minutes" : 0,
    "name" : "sedentary"
  },{
    "minutes" : 0,
    "name" : "lightly"
  },{
    "minutes" : 0,
    "name" : "fairly"
  },{
    "minutes" : 42,
    "name" : "very"
  }],
  "calories" : 420,
  "distance" : 0.0,
  "distanceUnit" : "Mile",
  "duration" : 2520000,
  "activeDuration" : 2520000,
  "steps" : 951,
  "source" : {
    "type" : "app",
    "name" : "MyFitnessPal",
    "id" : "228VC7",
    "url" : "http://www.myfitnesspal.com"
  },
  "logType" : "manual",
  "manualValuesSpecified" : {
    "calories" : true,
    "distance" : true,
    "steps" : false
  },
  "speed" : 0.0,
  "lastModified" : "07/13/18 16:38:10",
  "startTime" : "07/13/18 15:46:00",
  "originalStartTime" : "07/13/18 15:46:00",
  "originalDuration" : 2520000,
  "hasGps" : false,
  "shouldFetchDetails" : false
},{
  "logId" : 15613156425,
  "activityName" : "Walk",
  "activityTypeId" : 90013,
  "activityLevel" : [{
    "minutes" : 0,
    "name" : "sedentary"
  },{
    "minutes" : 2,
    "name" : "lightly"
  },{
    "minutes" : 3,
    "name" : "fairly"
  },{
    "minutes" : 11,
    "name" : "very"
  }],
  "calories" : 112,
  "duration" : 922000,
  "activeDuration" : 922000,
  "steps" : 1289,
  "logType" : "auto_detected",
  "manualValuesSpecified" : {
    "calories" : false,
    "distance" : false,
    "steps" : false
  },
  "lastModified" : "07/18/18 12:08:15",
  "startTime" : "07/18/18 02:59:45",
  "originalStartTime" : "07/18/18 02:59:45",
  "originalDuration" : 922000,
  "elevationGain" : 0.0,
  "hasGps" : false,
  "shouldFetchDetails" : false
},{
  "logId" : 15660309954,
  "activityName" : "Walk",
  "activityTypeId" : 90013,
  "activityLevel" : [{
    "minutes" : 1,
    "name" : "sedentary"
  },{
    "minutes" : 4,
    "name" : "lightly"
  },{
    "minutes" : 6,
    "name" : "fairly"
  },{
    "minutes" : 18,
    "name" : "very"
  }],
  "calories" : 218,
  "duration" : 1792000,
  "activeDuration" : 1792000,
  "steps" : 2541,
  "logType" : "auto_detected",
  "manualValuesSpecified" : {
    "calories" : false,
    "distance" : false,
    "steps" : false
  },
  "lastModified" : "07/20/18 14:19:12",
  "startTime" : "07/19/18 19:43:42",
  "originalStartTime" : "07/19/18 19:43:42",
  "originalDuration" : 1792000,
  "elevationGain" : 0.0,
  "hasGps" : false,
  "shouldFetchDetails" : false
},{
  "logId" : 15790064629,
  "activityName" : "Walk",
  "activityTypeId" : 90013,
  "activityLevel" : [{
    "minutes" : 1,
    "name" : "sedentary"
  },{
    "minutes" : 5,
    "name" : "lightly"
  },{
    "minutes" : 3,
    "name" : "fairly"
  },{
    "minutes" : 20,
    "name" : "very"
  }],
  "calories" : 210,
  "duration" : 1740000,
  "activeDuration" : 1740000,
  "steps" : 2459,
  "logType" : "auto_detected",
  "manualValuesSpecified" : {
    "calories" : false,
    "distance" : false,
    "steps" : false
  },
  "lastModified" : "07/26/18 17:28:58",
  "startTime" : "07/25/18 18:57:05",
  "originalStartTime" : "07/25/18 18:57:05",
  "originalDuration" : 1740000,
  "elevationGain" : 0.0,
  "hasGps" : false,
  "shouldFetchDetails" : false
},{
  "logId" : 16014815066,
  "activityName" : "Outdoor Bike",
  "activityTypeId" : 1071,
  "activityLevel" : [{
    "minutes" : 1,
    "name" : "sedentary"
  },{
    "minutes" : 9,
    "name" : "lightly"
  },{
    "minutes" : 7,
    "name" : "fairly"
  },{
    "minutes" : 1,
    "name" : "very"
  }],
  "calories" : 86,
  "duration" : 1127000,
  "activeDuration" : 1127000,
  "logType" : "auto_detected",
  "manualValuesSpecified" : {
    "calories" : false,
    "distance" : false,
    "steps" : false
  },
  "lastModified" : "08/06/18 16:26:35",
  "startTime" : "08/06/18 15:56:13",
  "originalStartTime" : "08/06/18 15:56:13",
  "originalDuration" : 1127000,
  "elevationGain" : 0.0,
  "hasGps" : false,
  "shouldFetchDetails" : false
},{
  "logId" : 16008328452,
  "activityName" : "Aerobics, general (MyFitnessPal)",
  "activityTypeId" : 8886341,
  "activityLevel" : [{
    "minutes" : 0,
    "name" : "sedentary"
  },{
    "minutes" : 0,
    "name" : "lightly"
  },{
    "minutes" : 54,
    "name" : "fairly"
  },{
    "minutes" : 0,
    "name" : "very"
  }],
  "calories" : 328,
  "distance" : 0.0,
  "distanceUnit" : "Mile",
  "duration" : 3240000,
  "activeDuration" : 3240000,
  "steps" : 889,
  "source" : {
    "type" : "app",
    "name" : "MyFitnessPal",
    "id" : "228VC7",
    "url" : "http://www.myfitnesspal.com"
  },
  "logType" : "manual",
  "manualValuesSpecified" : {
    "calories" : true,
    "distance" : true,
    "steps" : false
  },
  "speed" : 0.0,
  "lastModified" : "08/06/18 17:24:05",
  "startTime" : "08/06/18 16:30:00",
  "originalStartTime" : "08/06/18 16:30:00",
  "originalDuration" : 3240000,
  "hasGps" : false,
  "shouldFetchDetails" : false
},{
  "logId" : 16060944198,
  "activityName" : "Aerobics, general (MyFitnessPal)",
  "activityTypeId" : 8886341,
  "activityLevel" : [{
    "minutes" : 0,
    "name" : "sedentary"
  },{
    "minutes" : 0,
    "name" : "lightly"
  },{
    "minutes" : 44,
    "name" : "fairly"
  },{
    "minutes" : 0,
    "name" : "very"
  }],
  "calories" : 267,
  "distance" : 0.0,
  "distanceUnit" : "Mile",
  "duration" : 2640000,
  "activeDuration" : 2640000,
  "steps" : 784,
  "source" : {
    "type" : "app",
    "name" : "MyFitnessPal",
    "id" : "228VC7",
    "url" : "http://www.myfitnesspal.com"
  },
  "logType" : "manual",
  "manualValuesSpecified" : {
    "calories" : true,
    "distance" : true,
    "steps" : false
  },
  "speed" : 0.0,
  "lastModified" : "08/08/18 19:47:34",
  "startTime" : "08/08/18 18:27:00",
  "originalStartTime" : "08/08/18 18:27:00",
  "originalDuration" : 2640000,
  "hasGps" : false,
  "shouldFetchDetails" : false
},{
  "logId" : 16070485987,
  "activityName" : "Walk",
  "activityTypeId" : 90013,
  "activityLevel" : [{
    "minutes" : 2,
    "name" : "sedentary"
  },{
    "minutes" : 4,
    "name" : "lightly"
  },{
    "minutes" : 13,
    "name" : "fairly"
  },{
    "minutes" : 90,
    "name" : "very"
  }],
  "calories" : 862,
  "duration" : 6554000,
  "activeDuration" : 6554000,
  "steps" : 10367,
  "logType" : "auto_detected",
  "manualValuesSpecified" : {
    "calories" : false,
    "distance" : false,
    "steps" : false
  },
  "lastModified" : "08/09/18 02:24:18",
  "startTime" : "08/08/18 21:37:34",
  "originalStartTime" : "08/08/18 21:37:34",
  "originalDuration" : 6554000,
  "elevationGain" : 0.0,
  "hasGps" : false,
  "shouldFetchDetails" : false
},{
  "logId" : 16089598953,
  "activityName" : "Outdoor Bike",
  "activityTypeId" : 1071,
  "activityLevel" : [{
    "minutes" : 0,
    "name" : "sedentary"
  },{
    "minutes" : 0,
    "name" : "lightly"
  },{
    "minutes" : 3,
    "name" : "fairly"
  },{
    "minutes" : 31,
    "name" : "very"
  }],
  "calories" : 293,
  "duration" : 1997000,
  "activeDuration" : 1997000,
  "logType" : "auto_detected",
  "manualValuesSpecified" : {
    "calories" : false,
    "distance" : false,
    "steps" : false
  },
  "lastModified" : "08/09/18 21:21:08",
  "startTime" : "08/09/18 19:07:48",
  "originalStartTime" : "08/09/18 19:07:48",
  "originalDuration" : 1997000,
  "elevationGain" : 0.0,
  "hasGps" : false,
  "shouldFetchDetails" : false
},{
  "logId" : 16100132427,
  "activityName" : "Walk",
  "activityTypeId" : 90013,
  "activityLevel" : [{
    "minutes" : 0,
    "name" : "sedentary"
  },{
    "minutes" : 0,
    "name" : "lightly"
  },{
    "minutes" : 6,
    "name" : "fairly"
  },{
    "minutes" : 87,
    "name" : "very"
  }],
  "calories" : 801,
  "duration" : 5631000,
  "activeDuration" : 5631000,
  "steps" : 9777,
  "logType" : "auto_detected",
  "manualValuesSpecified" : {
    "calories" : false,
    "distance" : false,
    "steps" : false
  },
  "lastModified" : "08/10/18 13:07:06",
  "startTime" : "08/09/18 21:33:44",
  "originalStartTime" : "08/09/18 21:33:44",
  "originalDuration" : 5631000,
  "elevationGain" : 0.0,
  "hasGps" : false,
  "shouldFetchDetails" : false
},{
  "logId" : 16147687014,
  "activityName" : "Walk",
  "activityTypeId" : 90013,
  "activityLevel" : [{
    "minutes" : 1,
    "name" : "sedentary"
  },{
    "minutes" : 4,
    "name" : "lightly"
  },{
    "minutes" : 10,
    "name" : "fairly"
  },{
    "minutes" : 22,
    "name" : "very"
  }],
  "calories" : 266,
  "duration" : 2253000,
  "activeDuration" : 2253000,
  "steps" : 3090,
  "logType" : "auto_detected",
  "manualValuesSpecified" : {
    "calories" : false,
    "distance" : false,
    "steps" : false
  },
  "lastModified" : "08/13/18 01:39:18",
  "startTime" : "08/12/18 23:19:07",
  "originalStartTime" : "08/12/18 23:19:07",
  "originalDuration" : 2253000,
  "elevationGain" : 0.0,
  "hasGps" : false,
  "shouldFetchDetails" : false
},{
  "logId" : 16165813924,
  "activityName" : "Aerobics, general (MyFitnessPal)",
  "activityTypeId" : 8886341,
  "activityLevel" : [{
    "minutes" : 0,
    "name" : "sedentary"
  },{
    "minutes" : 0,
    "name" : "lightly"
  },{
    "minutes" : 42,
    "name" : "fairly"
  },{
    "minutes" : 0,
    "name" : "very"
  }],
  "calories" : 216,
  "distance" : 0.0,
  "distanceUnit" : "Mile",
  "duration" : 2520000,
  "activeDuration" : 2520000,
  "steps" : 789,
  "source" : {
    "type" : "app",
    "name" : "MyFitnessPal",
    "id" : "228VC7",
    "url" : "http://www.myfitnesspal.com"
  },
  "logType" : "manual",
  "manualValuesSpecified" : {
    "calories" : true,
    "distance" : true,
    "steps" : false
  },
  "speed" : 0.0,
  "lastModified" : "08/14/18 14:12:40",
  "startTime" : "08/14/18 13:31:00",
  "originalStartTime" : "08/14/18 13:31:00",
  "originalDuration" : 2520000,
  "hasGps" : false,
  "shouldFetchDetails" : false
},{
  "logId" : 16197367913,
  "activityName" : "Walk",
  "activityTypeId" : 90013,
  "activityLevel" : [{
    "minutes" : 0,
    "name" : "sedentary"
  },{
    "minutes" : 1,
    "name" : "lightly"
  },{
    "minutes" : 14,
    "name" : "fairly"
  },{
    "minutes" : 2,
    "name" : "very"
  }],
  "calories" : 103,
  "duration" : 1074000,
  "activeDuration" : 1074000,
  "steps" : 1149,
  "logType" : "auto_detected",
  "manualValuesSpecified" : {
    "calories" : false,
    "distance" : false,
    "steps" : false
  },
  "lastModified" : "08/14/18 21:55:16",
  "startTime" : "08/14/18 15:28:57",
  "originalStartTime" : "08/14/18 15:28:57",
  "originalDuration" : 1074000,
  "elevationGain" : 0.0,
  "hasGps" : false,
  "shouldFetchDetails" : false
},{
  "logId" : 16197367915,
  "activityName" : "Walk",
  "activityTypeId" : 90013,
  "activityLevel" : [{
    "minutes" : 1,
    "name" : "sedentary"
  },{
    "minutes" : 1,
    "name" : "lightly"
  },{
    "minutes" : 1,
    "name" : "fairly"
  },{
    "minutes" : 12,
    "name" : "very"
  }],
  "calories" : 117,
  "duration" : 921000,
  "activeDuration" : 921000,
  "steps" : 1388,
  "logType" : "auto_detected",
  "manualValuesSpecified" : {
    "calories" : false,
    "distance" : false,
    "steps" : false
  },
  "lastModified" : "08/14/18 21:55:16",
  "startTime" : "08/14/18 17:51:27",
  "originalStartTime" : "08/14/18 17:51:27",
  "originalDuration" : 921000,
  "elevationGain" : 0.0,
  "hasGps" : false,
  "shouldFetchDetails" : false
},{
  "logId" : 16197367916,
  "activityName" : "Walk",
  "activityTypeId" : 90013,
  "activityLevel" : [{
    "minutes" : 0,
    "name" : "sedentary"
  },{
    "minutes" : 7,
    "name" : "lightly"
  },{
    "minutes" : 3,
    "name" : "fairly"
  },{
    "minutes" : 12,
    "name" : "very"
  }],
  "calories" : 165,
  "duration" : 1331000,
  "activeDuration" : 1331000,
  "steps" : 1871,
  "logType" : "auto_detected",
  "manualValuesSpecified" : {
    "calories" : false,
    "distance" : false,
    "steps" : false
  },
  "lastModified" : "08/14/18 21:55:16",
  "startTime" : "08/14/18 19:21:54",
  "originalStartTime" : "08/14/18 19:21:54",
  "originalDuration" : 1331000,
  "elevationGain" : 0.0,
  "hasGps" : false,
  "shouldFetchDetails" : false
},{
  "logId" : 16199698258,
  "activityName" : "Walk",
  "activityTypeId" : 90013,
  "activityLevel" : [{
    "minutes" : 1,
    "name" : "sedentary"
  },{
    "minutes" : 0,
    "name" : "lightly"
  },{
    "minutes" : 5,
    "name" : "fairly"
  },{
    "minutes" : 85,
    "name" : "very"
  }],
  "calories" : 776,
  "duration" : 5479000,
  "activeDuration" : 5479000,
  "steps" : 9443,
  "logType" : "auto_detected",
  "manualValuesSpecified" : {
    "calories" : false,
    "distance" : false,
    "steps" : false
  },
  "lastModified" : "08/15/18 00:44:29",
  "startTime" : "08/14/18 21:34:10",
  "originalStartTime" : "08/14/18 21:34:10",
  "originalDuration" : 5479000,
  "elevationGain" : 0.0,
  "hasGps" : false,
  "shouldFetchDetails" : false
},{
  "logId" : 16283885376,
  "activityName" : "Sport",
  "activityTypeId" : 15000,
  "activityLevel" : [{
    "minutes" : 0,
    "name" : "sedentary"
  },{
    "minutes" : 3,
    "name" : "lightly"
  },{
    "minutes" : 21,
    "name" : "fairly"
  },{
    "minutes" : 15,
    "name" : "very"
  }],
  "calories" : 265,
  "duration" : 2355000,
  "activeDuration" : 2355000,
  "steps" : 3002,
  "logType" : "auto_detected",
  "manualValuesSpecified" : {
    "calories" : false,
    "distance" : false,
    "steps" : false
  },
  "lastModified" : "08/18/18 22:40:26",
  "startTime" : "08/18/18 20:25:04",
  "originalStartTime" : "08/18/18 20:25:04",
  "originalDuration" : 2355000,
  "hasGps" : false,
  "shouldFetchDetails" : false
},{
  "logId" : 16283885378,
  "activityName" : "Outdoor Bike",
  "activityTypeId" : 1071,
  "activityLevel" : [{
    "minutes" : 0,
    "name" : "sedentary"
  },{
    "minutes" : 2,
    "name" : "lightly"
  },{
    "minutes" : 9,
    "name" : "fairly"
  },{
    "minutes" : 39,
    "name" : "very"
  }],
  "calories" : 423,
  "duration" : 2970000,
  "activeDuration" : 2970000,
  "logType" : "auto_detected",
  "manualValuesSpecified" : {
    "calories" : false,
    "distance" : false,
    "steps" : false
  },
  "lastModified" : "08/18/18 22:40:27",
  "startTime" : "08/18/18 21:08:35",
  "originalStartTime" : "08/18/18 21:08:35",
  "originalDuration" : 2970000,
  "elevationGain" : 0.0,
  "hasGps" : false,
  "shouldFetchDetails" : false
},{
  "logId" : 16284691881,
  "activityName" : "Walk",
  "activityTypeId" : 90013,
  "activityLevel" : [{
    "minutes" : 1,
    "name" : "sedentary"
  },{
    "minutes" : 0,
    "name" : "lightly"
  },{
    "minutes" : 4,
    "name" : "fairly"
  },{
    "minutes" : 18,
    "name" : "very"
  }],
  "calories" : 178,
  "duration" : 1433000,
  "activeDuration" : 1433000,
  "steps" : 2118,
  "logType" : "auto_detected",
  "manualValuesSpecified" : {
    "calories" : false,
    "distance" : false,
    "steps" : false
  },
  "lastModified" : "08/18/18 23:39:44",
  "startTime" : "08/18/18 22:46:44",
  "originalStartTime" : "08/18/18 22:46:44",
  "originalDuration" : 1433000,
  "elevationGain" : 0.0,
  "hasGps" : false,
  "shouldFetchDetails" : false
},{
  "logId" : 16334011631,
  "activityName" : "Walk",
  "activityTypeId" : 90013,
  "activityLevel" : [{
    "minutes" : 0,
    "name" : "sedentary"
  },{
    "minutes" : 5,
    "name" : "lightly"
  },{
    "minutes" : 3,
    "name" : "fairly"
  },{
    "minutes" : 21,
    "name" : "very"
  }],
  "calories" : 207,
  "duration" : 1792000,
  "activeDuration" : 1792000,
  "steps" : 2340,
  "logType" : "auto_detected",
  "manualValuesSpecified" : {
    "calories" : false,
    "distance" : false,
    "steps" : false
  },
  "lastModified" : "08/21/18 12:02:51",
  "startTime" : "08/19/18 00:13:45",
  "originalStartTime" : "08/19/18 00:13:45",
  "originalDuration" : 1792000,
  "elevationGain" : 0.0,
  "hasGps" : false,
  "shouldFetchDetails" : false
},{
  "logId" : 16317888946,
  "activityName" : "Aerobics, general (MyFitnessPal)",
  "activityTypeId" : 8886341,
  "activityLevel" : [{
    "minutes" : 0,
    "name" : "sedentary"
  },{
    "minutes" : 0,
    "name" : "lightly"
  },{
    "minutes" : 42,
    "name" : "fairly"
  },{
    "minutes" : 0,
    "name" : "very"
  }],
  "calories" : 229,
  "distance" : 0.0,
  "distanceUnit" : "Mile",
  "duration" : 2520000,
  "activeDuration" : 2520000,
  "steps" : 1089,
  "source" : {
    "type" : "app",
    "name" : "MyFitnessPal",
    "id" : "228VC7",
    "url" : "http://www.myfitnesspal.com"
  },
  "logType" : "manual",
  "manualValuesSpecified" : {
    "calories" : true,
    "distance" : true,
    "steps" : false
  },
  "speed" : 0.0,
  "lastModified" : "08/22/18 14:21:46",
  "startTime" : "08/22/18 13:36:00",
  "originalStartTime" : "08/22/18 13:36:00",
  "originalDuration" : 2520000,
  "hasGps" : false,
  "shouldFetchDetails" : false
},{
  "logId" : 16378283276,
  "activityName" : "Sport",
  "activityTypeId" : 15000,
  "activityLevel" : [{
    "minutes" : 0,
    "name" : "sedentary"
  },{
    "minutes" : 7,
    "name" : "lightly"
  },{
    "minutes" : 33,
    "name" : "fairly"
  },{
    "minutes" : 9,
    "name" : "very"
  }],
  "calories" : 283,
  "duration" : 2919000,
  "activeDuration" : 2919000,
  "steps" : 3063,
  "logType" : "auto_detected",
  "manualValuesSpecified" : {
    "calories" : false,
    "distance" : false,
    "steps" : false
  },
  "lastModified" : "08/23/18 12:15:50",
  "startTime" : "08/22/18 21:44:26",
  "originalStartTime" : "08/22/18 21:44:26",
  "originalDuration" : 2919000,
  "hasGps" : false,
  "shouldFetchDetails" : false
},{
  "logId" : 16414902612,
  "activityName" : "Walk",
  "activityTypeId" : 90013,
  "activityLevel" : [{
    "minutes" : 1,
    "name" : "sedentary"
  },{
    "minutes" : 1,
    "name" : "lightly"
  },{
    "minutes" : 1,
    "name" : "fairly"
  },{
    "minutes" : 80,
    "name" : "very"
  }],
  "calories" : 731,
  "duration" : 5018000,
  "activeDuration" : 5018000,
  "steps" : 8909,
  "logType" : "auto_detected",
  "manualValuesSpecified" : {
    "calories" : false,
    "distance" : false,
    "steps" : false
  },
  "lastModified" : "08/25/18 00:35:03",
  "startTime" : "08/23/18 21:44:01",
  "originalStartTime" : "08/23/18 21:44:01",
  "originalDuration" : 5018000,
  "elevationGain" : 0.0,
  "hasGps" : false,
  "shouldFetchDetails" : false
},{
  "logId" : 16512829102,
  "activityName" : "Walk",
  "activityTypeId" : 90013,
  "activityLevel" : [{
    "minutes" : 0,
    "name" : "sedentary"
  },{
    "minutes" : 1,
    "name" : "lightly"
  },{
    "minutes" : 1,
    "name" : "fairly"
  },{
    "minutes" : 51,
    "name" : "very"
  }],
  "calories" : 453,
  "duration" : 3226000,
  "activeDuration" : 3226000,
  "steps" : 5477,
  "logType" : "auto_detected",
  "manualValuesSpecified" : {
    "calories" : false,
    "distance" : false,
    "steps" : false
  },
  "lastModified" : "08/29/18 17:26:17",
  "startTime" : "08/28/18 21:54:34",
  "originalStartTime" : "08/28/18 21:54:34",
  "originalDuration" : 3226000,
  "elevationGain" : 0.0,
  "hasGps" : false,
  "shouldFetchDetails" : false
},{
  "logId" : 16515308905,
  "activityName" : "Elliptical",
  "activityTypeId" : 20047,
  "activityLevel" : [{
    "minutes" : 0,
    "name" : "sedentary"
  },{
    "minutes" : 1,
    "name" : "lightly"
  },{
    "minutes" : 1,
    "name" : "fairly"
  },{
    "minutes" : 69,
    "name" : "very"
  }],
  "calories" : 1017,
  "duration" : 4250000,
  "activeDuration" : 4250000,
  "steps" : 9493,
  "logType" : "auto_detected",
  "manualValuesSpecified" : {
    "calories" : false,
    "distance" : false,
    "steps" : false
  },
  "lastModified" : "08/29/18 19:44:42",
  "startTime" : "08/29/18 18:30:12",
  "originalStartTime" : "08/29/18 18:30:12",
  "originalDuration" : 4250000,
  "hasGps" : false,
  "shouldFetchDetails" : false
},{
  "logId" : 16489311497,
  "activityName" : "Elliptical Trainer (MyFitnessPal)",
  "activityTypeId" : 5493232,
  "activityLevel" : [{
    "minutes" : 0,
    "name" : "sedentary"
  },{
    "minutes" : 0,
    "name" : "lightly"
  },{
    "minutes" : 0,
    "name" : "fairly"
  },{
    "minutes" : 65,
    "name" : "very"
  }],
  "calories" : 755,
  "distance" : 0.0,
  "distanceUnit" : "Mile",
  "duration" : 3900000,
  "activeDuration" : 3900000,
  "steps" : 1509,
  "source" : {
    "type" : "app",
    "name" : "MyFitnessPal",
    "id" : "228VC7",
    "url" : "http://www.myfitnesspal.com"
  },
  "logType" : "manual",
  "manualValuesSpecified" : {
    "calories" : true,
    "distance" : true,
    "steps" : false
  },
  "speed" : 0.0,
  "lastModified" : "08/29/18 19:42:28",
  "startTime" : "08/29/18 19:40:00",
  "originalStartTime" : "08/29/18 19:40:00",
  "originalDuration" : 3900000,
  "hasGps" : false,
  "shouldFetchDetails" : false
},{
  "logId" : 16519336433,
  "activityName" : "Walk",
  "activityTypeId" : 90013,
  "activityLevel" : [{
    "minutes" : 0,
    "name" : "sedentary"
  },{
    "minutes" : 2,
    "name" : "lightly"
  },{
    "minutes" : 3,
    "name" : "fairly"
  },{
    "minutes" : 59,
    "name" : "very"
  }],
  "calories" : 552,
  "duration" : 3892000,
  "activeDuration" : 3892000,
  "steps" : 6660,
  "logType" : "auto_detected",
  "manualValuesSpecified" : {
    "calories" : false,
    "distance" : false,
    "steps" : false
  },
  "lastModified" : "08/30/18 00:18:56",
  "startTime" : "08/29/18 21:37:05",
  "originalStartTime" : "08/29/18 21:37:05",
  "originalDuration" : 3892000,
  "elevationGain" : 0.0,
  "hasGps" : false,
  "shouldFetchDetails" : false
},{
  "logId" : 16572216186,
  "activityName" : "Walk",
  "activityTypeId" : 90013,
  "activityLevel" : [{
    "minutes" : 0,
    "name" : "sedentary"
  },{
    "minutes" : 1,
    "name" : "lightly"
  },{
    "minutes" : 6,
    "name" : "fairly"
  },{
    "minutes" : 17,
    "name" : "very"
  }],
  "calories" : 179,
  "duration" : 1485000,
  "activeDuration" : 1485000,
  "steps" : 2097,
  "logType" : "auto_detected",
  "manualValuesSpecified" : {
    "calories" : false,
    "distance" : false,
    "steps" : false
  },
  "lastModified" : "09/01/18 14:04:35",
  "startTime" : "08/30/18 22:44:05",
  "originalStartTime" : "08/30/18 22:44:05",
  "originalDuration" : 1485000,
  "elevationGain" : 0.0,
  "hasGps" : false,
  "shouldFetchDetails" : false
},{
  "logId" : 16583996094,
  "activityName" : "Sport",
  "activityTypeId" : 15000,
  "activityLevel" : [{
    "minutes" : 2,
    "name" : "sedentary"
  },{
    "minutes" : 21,
    "name" : "lightly"
  },{
    "minutes" : 0,
    "name" : "fairly"
  },{
    "minutes" : 0,
    "name" : "very"
  }],
  "calories" : 88,
  "duration" : 1383000,
  "activeDuration" : 1383000,
  "steps" : 630,
  "logType" : "auto_detected",
  "manualValuesSpecified" : {
    "calories" : false,
    "distance" : false,
    "steps" : false
  },
  "lastModified" : "09/02/18 04:33:41",
  "startTime" : "09/02/18 00:57:12",
  "originalStartTime" : "09/02/18 00:57:12",
  "originalDuration" : 1383000,
  "hasGps" : false,
  "shouldFetchDetails" : false
},{
  "logId" : 16671961426,
  "activityName" : "Outdoor Bike",
  "activityTypeId" : 1071,
  "activityLevel" : [{
    "minutes" : 0,
    "name" : "sedentary"
  },{
    "minutes" : 1,
    "name" : "lightly"
  },{
    "minutes" : 8,
    "name" : "fairly"
  },{
    "minutes" : 55,
    "name" : "very"
  }],
  "calories" : 571,
  "duration" : 3841000,
  "activeDuration" : 3841000,
  "logType" : "auto_detected",
  "manualValuesSpecified" : {
    "calories" : false,
    "distance" : false,
    "steps" : false
  },
  "lastModified" : "09/06/18 12:15:16",
  "startTime" : "09/05/18 13:24:18",
  "originalStartTime" : "09/05/18 13:24:18",
  "originalDuration" : 3841000,
  "elevationGain" : 0.0,
  "hasGps" : false,
  "shouldFetchDetails" : false
},{
  "logId" : 16793691027,
  "activityName" : "Walk",
  "activityTypeId" : 90013,
  "activityLevel" : [{
    "minutes" : 0,
    "name" : "sedentary"
  },{
    "minutes" : 1,
    "name" : "lightly"
  },{
    "minutes" : 9,
    "name" : "fairly"
  },{
    "minutes" : 24,
    "name" : "very"
  }],
  "calories" : 272,
  "duration" : 2048000,
  "activeDuration" : 2048000,
  "steps" : 3257,
  "logType" : "auto_detected",
  "manualValuesSpecified" : {
    "calories" : false,
    "distance" : false,
    "steps" : false
  },
  "lastModified" : "09/11/18 21:50:27",
  "startTime" : "09/11/18 13:33:38",
  "originalStartTime" : "09/11/18 13:33:38",
  "originalDuration" : 2048000,
  "elevationGain" : 0.0,
  "hasGps" : false,
  "shouldFetchDetails" : false
},{
  "logId" : 16793691030,
  "activityName" : "Outdoor Bike",
  "activityTypeId" : 1071,
  "activityLevel" : [{
    "minutes" : 0,
    "name" : "sedentary"
  },{
    "minutes" : 4,
    "name" : "lightly"
  },{
    "minutes" : 14,
    "name" : "fairly"
  },{
    "minutes" : 3,
    "name" : "very"
  }],
  "calories" : 119,
  "duration" : 1280000,
  "activeDuration" : 1280000,
  "logType" : "auto_detected",
  "manualValuesSpecified" : {
    "calories" : false,
    "distance" : false,
    "steps" : false
  },
  "lastModified" : "09/11/18 21:50:27",
  "startTime" : "09/11/18 18:26:20",
  "originalStartTime" : "09/11/18 18:26:20",
  "originalDuration" : 1280000,
  "elevationGain" : 0.0,
  "hasGps" : false,
  "shouldFetchDetails" : false
},{
  "logId" : 16884703404,
  "activityName" : "Walk",
  "activityTypeId" : 90013,
  "activityLevel" : [{
    "minutes" : 1,
    "name" : "sedentary"
  },{
    "minutes" : 1,
    "name" : "lightly"
  },{
    "minutes" : 2,
    "name" : "fairly"
  },{
    "minutes" : 25,
    "name" : "very"
  }],
  "calories" : 234,
  "duration" : 1746000,
  "activeDuration" : 1746000,
  "steps" : 2796,
  "logType" : "auto_detected",
  "manualValuesSpecified" : {
    "calories" : false,
    "distance" : false,
    "steps" : false
  },
  "lastModified" : "09/16/18 00:16:17",
  "startTime" : "09/11/18 21:35:46",
  "originalStartTime" : "09/11/18 21:35:46",
  "originalDuration" : 1746000,
  "elevationGain" : 0.0,
  "hasGps" : false,
  "shouldFetchDetails" : false
},{
  "logId" : 16884703405,
  "activityName" : "Walk",
  "activityTypeId" : 90013,
  "activityLevel" : [{
    "minutes" : 0,
    "name" : "sedentary"
  },{
    "minutes" : 2,
    "name" : "lightly"
  },{
    "minutes" : 3,
    "name" : "fairly"
  },{
    "minutes" : 12,
    "name" : "very"
  }],
  "calories" : 142,
  "duration" : 1024000,
  "activeDuration" : 1024000,
  "steps" : 1633,
  "logType" : "auto_detected",
  "manualValuesSpecified" : {
    "calories" : false,
    "distance" : false,
    "steps" : false
  },
  "lastModified" : "09/16/18 00:16:17",
  "startTime" : "09/11/18 23:57:30",
  "originalStartTime" : "09/11/18 23:57:30",
  "originalDuration" : 1024000,
  "elevationGain" : 0.0,
  "hasGps" : false,
  "shouldFetchDetails" : false
},{
  "logId" : 16933610960,
  "activityName" : "Walk",
  "activityTypeId" : 90013,
  "activityLevel" : [{
    "minutes" : 0,
    "name" : "sedentary"
  },{
    "minutes" : 2,
    "name" : "lightly"
  },{
    "minutes" : 4,
    "name" : "fairly"
  },{
    "minutes" : 21,
    "name" : "very"
  }],
  "calories" : 225,
  "duration" : 1587000,
  "activeDuration" : 1587000,
  "steps" : 2672,
  "logType" : "auto_detected",
  "manualValuesSpecified" : {
    "calories" : false,
    "distance" : false,
    "steps" : false
  },
  "lastModified" : "09/18/18 11:04:38",
  "startTime" : "09/17/18 16:33:43",
  "originalStartTime" : "09/17/18 16:33:43",
  "originalDuration" : 1587000,
  "elevationGain" : 0.0,
  "hasGps" : false,
  "shouldFetchDetails" : false
},{
  "logId" : 16933610962,
  "activityName" : "Outdoor Bike",
  "activityTypeId" : 1071,
  "activityLevel" : [{
    "minutes" : 1,
    "name" : "sedentary"
  },{
    "minutes" : 3,
    "name" : "lightly"
  },{
    "minutes" : 12,
    "name" : "fairly"
  },{
    "minutes" : 10,
    "name" : "very"
  }],
  "calories" : 180,
  "duration" : 1588000,
  "activeDuration" : 1588000,
  "logType" : "auto_detected",
  "manualValuesSpecified" : {
    "calories" : false,
    "distance" : false,
    "steps" : false
  },
  "lastModified" : "09/18/18 11:04:38",
  "startTime" : "09/17/18 19:08:10",
  "originalStartTime" : "09/17/18 19:08:10",
  "originalDuration" : 1588000,
  "elevationGain" : 0.0,
  "hasGps" : false,
  "shouldFetchDetails" : false
},{
  "logId" : 16933610967,
  "activityName" : "Outdoor Bike",
  "activityTypeId" : 1071,
  "activityLevel" : [{
    "minutes" : 0,
    "name" : "sedentary"
  },{
    "minutes" : 1,
    "name" : "lightly"
  },{
    "minutes" : 1,
    "name" : "fairly"
  },{
    "minutes" : 16,
    "name" : "very"
  }],
  "calories" : 157,
  "duration" : 1126000,
  "activeDuration" : 1126000,
  "logType" : "auto_detected",
  "manualValuesSpecified" : {
    "calories" : false,
    "distance" : false,
    "steps" : false
  },
  "lastModified" : "09/18/18 11:04:38",
  "startTime" : "09/17/18 20:31:48",
  "originalStartTime" : "09/17/18 20:31:48",
  "originalDuration" : 1126000,
  "elevationGain" : 0.0,
  "hasGps" : false,
  "shouldFetchDetails" : false
},{
  "logId" : 16933610969,
  "activityName" : "Walk",
  "activityTypeId" : 90013,
  "activityLevel" : [{
    "minutes" : 0,
    "name" : "sedentary"
  },{
    "minutes" : 2,
    "name" : "lightly"
  },{
    "minutes" : 16,
    "name" : "fairly"
  },{
    "minutes" : 5,
    "name" : "very"
  }],
  "calories" : 142,
  "duration" : 1434000,
  "activeDuration" : 1434000,
  "steps" : 1546,
  "logType" : "auto_detected",
  "manualValuesSpecified" : {
    "calories" : false,
    "distance" : false,
    "steps" : false
  },
  "lastModified" : "09/18/18 11:04:38",
  "startTime" : "09/18/18 00:22:12",
  "originalStartTime" : "09/18/18 00:22:12",
  "originalDuration" : 1434000,
  "elevationGain" : 0.0,
  "hasGps" : false,
  "shouldFetchDetails" : false
},{
  "logId" : 16939094437,
  "activityName" : "Walk",
  "activityTypeId" : 90013,
  "activityLevel" : [{
    "minutes" : 0,
    "name" : "sedentary"
  },{
    "minutes" : 1,
    "name" : "lightly"
  },{
    "minutes" : 5,
    "name" : "fairly"
  },{
    "minutes" : 24,
    "name" : "very"
  }],
  "calories" : 242,
  "duration" : 1844000,
  "activeDuration" : 1844000,
  "steps" : 2878,
  "logType" : "auto_detected",
  "manualValuesSpecified" : {
    "calories" : false,
    "distance" : false,
    "steps" : false
  },
  "lastModified" : "09/18/18 16:38:15",
  "startTime" : "09/18/18 13:50:19",
  "originalStartTime" : "09/18/18 13:50:19",
  "originalDuration" : 1844000,
  "elevationGain" : 0.0,
  "hasGps" : false,
  "shouldFetchDetails" : false
},{
  "logId" : 17035275645,
  "activityName" : "Walk",
  "activityTypeId" : 90013,
  "activityLevel" : [{
    "minutes" : 0,
    "name" : "sedentary"
  },{
    "minutes" : 3,
    "name" : "lightly"
  },{
    "minutes" : 34,
    "name" : "fairly"
  },{
    "minutes" : 4,
    "name" : "very"
  }],
  "calories" : 242,
  "duration" : 2458000,
  "activeDuration" : 2458000,
  "steps" : 2725,
  "logType" : "auto_detected",
  "manualValuesSpecified" : {
    "calories" : false,
    "distance" : false,
    "steps" : false
  },
  "lastModified" : "09/22/18 22:38:38",
  "startTime" : "09/22/18 17:56:57",
  "originalStartTime" : "09/22/18 17:56:57",
  "originalDuration" : 2458000,
  "elevationGain" : 0.0,
  "hasGps" : false,
  "shouldFetchDetails" : false
},{
  "logId" : 17181252144,
  "activityName" : "Outdoor Bike",
  "activityTypeId" : 1071,
  "activityLevel" : [{
    "minutes" : 0,
    "name" : "sedentary"
  },{
    "minutes" : 0,
    "name" : "lightly"
  },{
    "minutes" : 4,
    "name" : "fairly"
  },{
    "minutes" : 12,
    "name" : "very"
  }],
  "calories" : 126,
  "duration" : 974000,
  "activeDuration" : 974000,
  "logType" : "auto_detected",
  "manualValuesSpecified" : {
    "calories" : false,
    "distance" : false,
    "steps" : false
  },
  "lastModified" : "09/30/18 10:08:21",
  "startTime" : "09/28/18 00:19:21",
  "originalStartTime" : "09/28/18 00:19:21",
  "originalDuration" : 974000,
  "elevationGain" : 0.0,
  "hasGps" : false,
  "shouldFetchDetails" : false
},{
  "logId" : 17201087487,
  "activityName" : "Sport",
  "activityTypeId" : 15000,
  "activityLevel" : [{
    "minutes" : 0,
    "name" : "sedentary"
  },{
    "minutes" : 3,
    "name" : "lightly"
  },{
    "minutes" : 20,
    "name" : "fairly"
  },{
    "minutes" : 15,
    "name" : "very"
  }],
  "calories" : 254,
  "duration" : 2253000,
  "activeDuration" : 2253000,
  "steps" : 2911,
  "logType" : "auto_detected",
  "manualValuesSpecified" : {
    "calories" : false,
    "distance" : false,
    "steps" : false
  },
  "lastModified" : "10/01/18 12:50:58",
  "startTime" : "10/01/18 08:06:00",
  "originalStartTime" : "10/01/18 08:06:00",
  "originalDuration" : 2253000,
  "hasGps" : false,
  "shouldFetchDetails" : false
},{
  "logId" : 17239334542,
  "activityName" : "Swim",
  "activityTypeId" : 90024,
  "activityLevel" : [{
    "minutes" : 0,
    "name" : "sedentary"
  },{
    "minutes" : 2,
    "name" : "lightly"
  },{
    "minutes" : 1,
    "name" : "fairly"
  },{
    "minutes" : 35,
    "name" : "very"
  }],
  "calories" : 427,
  "distance" : 0.0,
  "distanceUnit" : "Mile",
  "duration" : 2304000,
  "activeDuration" : 2304000,
  "logType" : "auto_detected",
  "swimLengths" : 88,
  "manualValuesSpecified" : {
    "calories" : false,
    "distance" : false,
    "steps" : false
  },
  "speed" : 0.0,
  "lastModified" : "10/03/18 05:18:27",
  "startTime" : "10/02/18 10:52:51",
  "originalStartTime" : "10/02/18 10:52:51",
  "originalDuration" : 2304000,
  "hasGps" : false,
  "shouldFetchDetails" : false
},{
  "logId" : 17292778100,
  "activityName" : "Walk",
  "activityTypeId" : 90013,
  "activityLevel" : [{
    "minutes" : 2,
    "name" : "sedentary"
  },{
    "minutes" : 7,
    "name" : "lightly"
  },{
    "minutes" : 11,
    "name" : "fairly"
  },{
    "minutes" : 2,
    "name" : "very"
  }],
  "calories" : 133,
  "duration" : 1331000,
  "activeDuration" : 1331000,
  "steps" : 1462,
  "logType" : "auto_detected",
  "manualValuesSpecified" : {
    "calories" : false,
    "distance" : false,
    "steps" : false
  },
  "lastModified" : "10/05/18 16:14:56",
  "startTime" : "10/03/18 07:09:46",
  "originalStartTime" : "10/03/18 07:09:46",
  "originalDuration" : 1331000,
  "elevationGain" : 0.0,
  "hasGps" : false,
  "shouldFetchDetails" : false
},{
  "logId" : 17292778103,
  "activityName" : "Swim",
  "activityTypeId" : 90024,
  "activityLevel" : [{
    "minutes" : 9,
    "name" : "sedentary"
  },{
    "minutes" : 0,
    "name" : "lightly"
  },{
    "minutes" : 3,
    "name" : "fairly"
  },{
    "minutes" : 7,
    "name" : "very"
  }],
  "calories" : 118,
  "distance" : 0.0,
  "distanceUnit" : "Mile",
  "duration" : 1177000,
  "activeDuration" : 1177000,
  "logType" : "auto_detected",
  "swimLengths" : 22,
  "manualValuesSpecified" : {
    "calories" : false,
    "distance" : false,
    "steps" : false
  },
  "speed" : 0.0,
  "lastModified" : "10/05/18 16:14:57",
  "startTime" : "10/03/18 13:51:42",
  "originalStartTime" : "10/03/18 13:51:42",
  "originalDuration" : 1177000,
  "hasGps" : false,
  "shouldFetchDetails" : false
},{
  "logId" : 17292778110,
  "activityName" : "Sport",
  "activityTypeId" : 15000,
  "activityLevel" : [{
    "minutes" : 0,
    "name" : "sedentary"
  },{
    "minutes" : 2,
    "name" : "lightly"
  },{
    "minutes" : 11,
    "name" : "fairly"
  },{
    "minutes" : 8,
    "name" : "very"
  }],
  "calories" : 139,
  "duration" : 1280000,
  "activeDuration" : 1280000,
  "steps" : 1563,
  "logType" : "auto_detected",
  "manualValuesSpecified" : {
    "calories" : false,
    "distance" : false,
    "steps" : false
  },
  "lastModified" : "10/05/18 16:14:57",
  "startTime" : "10/05/18 13:01:29",
  "originalStartTime" : "10/05/18 13:01:29",
  "originalDuration" : 1280000,
  "hasGps" : false,
  "shouldFetchDetails" : false
}]