[{
  "logId" : 11367263217,
  "activityName" : "Walk",
  "activityTypeId" : 90013,
  "activityLevel" : [{
    "minutes" : 0,
    "name" : "sedentary"
  },{
    "minutes" : 60,
    "name" : "lightly"
  },{
    "minutes" : 0,
    "name" : "fairly"
  },{
    "minutes" : 0,
    "name" : "very"
  }],
  "calories" : 153,
  "distance" : 0.286023,
  "distanceUnit" : "Mile",
  "duration" : 3600000,
  "activeDuration" : 3600000,
  "steps" : 642,
  "source" : {
    "type" : "app",
    "name" : "Sync Solver - Health to FB",
    "id" : "229KD7",
    "url" : "http://syncsolver.com"
  },
  "logType" : "manual",
  "manualValuesSpecified" : {
    "calories" : false,
    "distance" : false,
    "steps" : true
  },
  "speed" : 0.286023,
  "pace" : 12586.400394373877,
  "lastModified" : "12/17/17 15:45:45",
  "startTime" : "09/24/16 08:00:00",
  "originalStartTime" : "09/24/16 08:00:00",
  "originalDuration" : 3600000,
  "elevationGain" : 0.0,
  "hasGps" : false,
  "shouldFetchDetails" : false
},{
  "logId" : 11366482458,
  "activityName" : "Walk",
  "activityTypeId" : 90013,
  "activityLevel" : [{
    "minutes" : 0,
    "name" : "sedentary"
  },{
    "minutes" : 60,
    "name" : "lightly"
  },{
    "minutes" : 0,
    "name" : "fairly"
  },{
    "minutes" : 0,
    "name" : "very"
  }],
  "calories" : 153,
  "distance" : 0.002672,
  "distanceUnit" : "Mile",
  "duration" : 3600000,
  "activeDuration" : 3600000,
  "steps" : 6,
  "source" : {
    "type" : "app",
    "name" : "Sync Solver - Health to FB",
    "id" : "229KD7",
    "url" : "http://syncsolver.com"
  },
  "logType" : "manual",
  "manualValuesSpecified" : {
    "calories" : false,
    "distance" : false,
    "steps" : true
  },
  "speed" : 0.002672,
  "pace" : 1347305.389221557,
  "lastModified" : "12/17/17 15:45:45",
  "startTime" : "09/24/16 10:00:00",
  "originalStartTime" : "09/24/16 10:00:00",
  "originalDuration" : 3600000,
  "elevationGain" : 0.0,
  "hasGps" : false,
  "shouldFetchDetails" : false
},{
  "logId" : 11368159768,
  "activityName" : "Walk",
  "activityTypeId" : 90013,
  "activityLevel" : [{
    "minutes" : 0,
    "name" : "sedentary"
  },{
    "minutes" : 60,
    "name" : "lightly"
  },{
    "minutes" : 0,
    "name" : "fairly"
  },{
    "minutes" : 0,
    "name" : "very"
  }],
  "calories" : 153,
  "distance" : 0.004455,
  "distanceUnit" : "Mile",
  "duration" : 3600000,
  "activeDuration" : 3600000,
  "steps" : 10,
  "source" : {
    "type" : "app",
    "name" : "Sync Solver - Health to FB",
    "id" : "229KD7",
    "url" : "http://syncsolver.com"
  },
  "logType" : "manual",
  "manualValuesSpecified" : {
    "calories" : false,
    "distance" : false,
    "steps" : true
  },
  "speed" : 0.004455,
  "pace" : 808080.8080808081,
  "lastModified" : "12/17/17 15:45:45",
  "startTime" : "09/24/16 11:00:00",
  "originalStartTime" : "09/24/16 11:00:00",
  "originalDuration" : 3600000,
  "elevationGain" : 0.0,
  "hasGps" : false,
  "shouldFetchDetails" : false
},{
  "logId" : 11366443974,
  "activityName" : "Walk",
  "activityTypeId" : 90013,
  "activityLevel" : [{
    "minutes" : 0,
    "name" : "sedentary"
  },{
    "minutes" : 60,
    "name" : "lightly"
  },{
    "minutes" : 0,
    "name" : "fairly"
  },{
    "minutes" : 0,
    "name" : "very"
  }],
  "calories" : 153,
  "distance" : 0.022276,
  "distanceUnit" : "Mile",
  "duration" : 3600000,
  "activeDuration" : 3600000,
  "steps" : 50,
  "source" : {
    "type" : "app",
    "name" : "Sync Solver - Health to FB",
    "id" : "229KD7",
    "url" : "http://syncsolver.com"
  },
  "logType" : "manual",
  "manualValuesSpecified" : {
    "calories" : false,
    "distance" : false,
    "steps" : true
  },
  "speed" : 0.022276,
  "pace" : 161608.90644639972,
  "lastModified" : "12/17/17 15:45:46",
  "startTime" : "09/24/16 12:00:00",
  "originalStartTime" : "09/24/16 12:00:00",
  "originalDuration" : 3600000,
  "elevationGain" : 0.0,
  "hasGps" : false,
  "shouldFetchDetails" : false
},{
  "logId" : 11367995794,
  "activityName" : "Walk",
  "activityTypeId" : 90013,
  "activityLevel" : [{
    "minutes" : 0,
    "name" : "sedentary"
  },{
    "minutes" : 60,
    "name" : "lightly"
  },{
    "minutes" : 0,
    "name" : "fairly"
  },{
    "minutes" : 0,
    "name" : "very"
  }],
  "calories" : 153,
  "distance" : 0.139001,
  "distanceUnit" : "Mile",
  "duration" : 3600000,
  "activeDuration" : 3600000,
  "steps" : 312,
  "source" : {
    "type" : "app",
    "name" : "Sync Solver - Health to FB",
    "id" : "229KD7",
    "url" : "http://syncsolver.com"
  },
  "logType" : "manual",
  "manualValuesSpecified" : {
    "calories" : false,
    "distance" : false,
    "steps" : true
  },
  "speed" : 0.139001,
  "pace" : 25899.094251120492,
  "lastModified" : "12/17/17 15:45:46",
  "startTime" : "09/24/16 13:00:00",
  "originalStartTime" : "09/24/16 13:00:00",
  "originalDuration" : 3600000,
  "elevationGain" : 0.0,
  "hasGps" : false,
  "shouldFetchDetails" : false
},{
  "logId" : 11367330915,
  "activityName" : "Walk",
  "activityTypeId" : 90013,
  "activityLevel" : [{
    "minutes" : 0,
    "name" : "sedentary"
  },{
    "minutes" : 60,
    "name" : "lightly"
  },{
    "minutes" : 0,
    "name" : "fairly"
  },{
    "minutes" : 0,
    "name" : "very"
  }],
  "calories" : 153,
  "distance" : 0.867875,
  "distanceUnit" : "Mile",
  "duration" : 3600000,
  "activeDuration" : 3600000,
  "steps" : 1948,
  "source" : {
    "type" : "app",
    "name" : "Sync Solver - Health to FB",
    "id" : "229KD7",
    "url" : "http://syncsolver.com"
  },
  "logType" : "manual",
  "manualValuesSpecified" : {
    "calories" : false,
    "distance" : false,
    "steps" : true
  },
  "speed" : 0.867875,
  "pace" : 4148.062797061789,
  "lastModified" : "12/17/17 15:45:46",
  "startTime" : "09/24/16 14:00:00",
  "originalStartTime" : "09/24/16 14:00:00",
  "originalDuration" : 3600000,
  "elevationGain" : 20.0,
  "hasGps" : false,
  "shouldFetchDetails" : false
},{
  "logId" : 11366443975,
  "activityName" : "Walk",
  "activityTypeId" : 90013,
  "activityLevel" : [{
    "minutes" : 0,
    "name" : "sedentary"
  },{
    "minutes" : 60,
    "name" : "lightly"
  },{
    "minutes" : 0,
    "name" : "fairly"
  },{
    "minutes" : 0,
    "name" : "very"
  }],
  "calories" : 153,
  "distance" : 0.336814,
  "distanceUnit" : "Mile",
  "duration" : 3600000,
  "activeDuration" : 3600000,
  "steps" : 756,
  "source" : {
    "type" : "app",
    "name" : "Sync Solver - Health to FB",
    "id" : "229KD7",
    "url" : "http://syncsolver.com"
  },
  "logType" : "manual",
  "manualValuesSpecified" : {
    "calories" : false,
    "distance" : false,
    "steps" : true
  },
  "speed" : 0.336814,
  "pace" : 10688.39181269187,
  "lastModified" : "12/17/17 15:45:47",
  "startTime" : "09/24/16 15:00:00",
  "originalStartTime" : "09/24/16 15:00:00",
  "originalDuration" : 3600000,
  "elevationGain" : 0.0,
  "hasGps" : false,
  "shouldFetchDetails" : false
},{
  "logId" : 11366415049,
  "activityName" : "Walk",
  "activityTypeId" : 90013,
  "activityLevel" : [{
    "minutes" : 0,
    "name" : "sedentary"
  },{
    "minutes" : 60,
    "name" : "lightly"
  },{
    "minutes" : 0,
    "name" : "fairly"
  },{
    "minutes" : 0,
    "name" : "very"
  }],
  "calories" : 153,
  "distance" : 0.839361,
  "distanceUnit" : "Mile",
  "duration" : 3600000,
  "activeDuration" : 3600000,
  "steps" : 1884,
  "source" : {
    "type" : "app",
    "name" : "Sync Solver - Health to FB",
    "id" : "229KD7",
    "url" : "http://syncsolver.com"
  },
  "logType" : "manual",
  "manualValuesSpecified" : {
    "calories" : false,
    "distance" : false,
    "steps" : true
  },
  "speed" : 0.839361,
  "pace" : 4288.976971767809,
  "lastModified" : "12/17/17 15:45:47",
  "startTime" : "09/24/16 16:00:00",
  "originalStartTime" : "09/24/16 16:00:00",
  "originalDuration" : 3600000,
  "elevationGain" : 0.0,
  "hasGps" : false,
  "shouldFetchDetails" : false
},{
  "logId" : 11366492253,
  "activityName" : "Walk",
  "activityTypeId" : 90013,
  "activityLevel" : [{
    "minutes" : 0,
    "name" : "sedentary"
  },{
    "minutes" : 60,
    "name" : "lightly"
  },{
    "minutes" : 0,
    "name" : "fairly"
  },{
    "minutes" : 0,
    "name" : "very"
  }],
  "calories" : 153,
  "distance" : 0.638875,
  "distanceUnit" : "Mile",
  "duration" : 3600000,
  "activeDuration" : 3600000,
  "steps" : 1434,
  "source" : {
    "type" : "app",
    "name" : "Sync Solver - Health to FB",
    "id" : "229KD7",
    "url" : "http://syncsolver.com"
  },
  "logType" : "manual",
  "manualValuesSpecified" : {
    "calories" : false,
    "distance" : false,
    "steps" : true
  },
  "speed" : 0.638875,
  "pace" : 5634.905106632753,
  "lastModified" : "12/17/17 15:45:47",
  "startTime" : "09/24/16 17:00:00",
  "originalStartTime" : "09/24/16 17:00:00",
  "originalDuration" : 3600000,
  "elevationGain" : 0.0,
  "hasGps" : false,
  "shouldFetchDetails" : false
},{
  "logId" : 11367446427,
  "activityName" : "Walk",
  "activityTypeId" : 90013,
  "activityLevel" : [{
    "minutes" : 0,
    "name" : "sedentary"
  },{
    "minutes" : 60,
    "name" : "lightly"
  },{
    "minutes" : 0,
    "name" : "fairly"
  },{
    "minutes" : 0,
    "name" : "very"
  }],
  "calories" : 153,
  "distance" : 0.09712,
  "distanceUnit" : "Mile",
  "duration" : 3600000,
  "activeDuration" : 3600000,
  "steps" : 218,
  "source" : {
    "type" : "app",
    "name" : "Sync Solver - Health to FB",
    "id" : "229KD7",
    "url" : "http://syncsolver.com"
  },
  "logType" : "manual",
  "manualValuesSpecified" : {
    "calories" : false,
    "distance" : false,
    "steps" : true
  },
  "speed" : 0.09712,
  "pace" : 37067.545304777595,
  "lastModified" : "12/17/17 15:45:47",
  "startTime" : "09/24/16 18:00:00",
  "originalStartTime" : "09/24/16 18:00:00",
  "originalDuration" : 3600000,
  "elevationGain" : 20.0,
  "hasGps" : false,
  "shouldFetchDetails" : false
},{
  "logId" : 11367909157,
  "activityName" : "Walk",
  "activityTypeId" : 90013,
  "activityLevel" : [{
    "minutes" : 0,
    "name" : "sedentary"
  },{
    "minutes" : 60,
    "name" : "lightly"
  },{
    "minutes" : 0,
    "name" : "fairly"
  },{
    "minutes" : 0,
    "name" : "very"
  }],
  "calories" : 153,
  "distance" : 0.096232,
  "distanceUnit" : "Mile",
  "duration" : 3600000,
  "activeDuration" : 3600000,
  "steps" : 216,
  "source" : {
    "type" : "app",
    "name" : "Sync Solver - Health to FB",
    "id" : "229KD7",
    "url" : "http://syncsolver.com"
  },
  "logType" : "manual",
  "manualValuesSpecified" : {
    "calories" : false,
    "distance" : false,
    "steps" : true
  },
  "speed" : 0.096232,
  "pace" : 37409.59348241749,
  "lastModified" : "12/17/17 15:45:48",
  "startTime" : "09/24/16 19:00:00",
  "originalStartTime" : "09/24/16 19:00:00",
  "originalDuration" : 3600000,
  "elevationGain" : 0.0,
  "hasGps" : false,
  "shouldFetchDetails" : false
},{
  "logId" : 11367475370,
  "activityName" : "Walk",
  "activityTypeId" : 90013,
  "activityLevel" : [{
    "minutes" : 0,
    "name" : "sedentary"
  },{
    "minutes" : 60,
    "name" : "lightly"
  },{
    "minutes" : 0,
    "name" : "fairly"
  },{
    "minutes" : 0,
    "name" : "very"
  }],
  "calories" : 153,
  "distance" : 0.101576,
  "distanceUnit" : "Mile",
  "duration" : 3600000,
  "activeDuration" : 3600000,
  "steps" : 228,
  "source" : {
    "type" : "app",
    "name" : "Sync Solver - Health to FB",
    "id" : "229KD7",
    "url" : "http://syncsolver.com"
  },
  "logType" : "manual",
  "manualValuesSpecified" : {
    "calories" : false,
    "distance" : false,
    "steps" : true
  },
  "speed" : 0.101576,
  "pace" : 35441.44286051823,
  "lastModified" : "12/17/17 15:45:48",
  "startTime" : "09/24/16 20:00:00",
  "originalStartTime" : "09/24/16 20:00:00",
  "originalDuration" : 3600000,
  "elevationGain" : 0.0,
  "hasGps" : false,
  "shouldFetchDetails" : false
},{
  "logId" : 11367475371,
  "activityName" : "Walk",
  "activityTypeId" : 90013,
  "activityLevel" : [{
    "minutes" : 0,
    "name" : "sedentary"
  },{
    "minutes" : 60,
    "name" : "lightly"
  },{
    "minutes" : 0,
    "name" : "fairly"
  },{
    "minutes" : 0,
    "name" : "very"
  }],
  "calories" : 153,
  "distance" : 0.048113,
  "distanceUnit" : "Mile",
  "duration" : 3600000,
  "activeDuration" : 3600000,
  "steps" : 108,
  "source" : {
    "type" : "app",
    "name" : "Sync Solver - Health to FB",
    "id" : "229KD7",
    "url" : "http://syncsolver.com"
  },
  "logType" : "manual",
  "manualValuesSpecified" : {
    "calories" : false,
    "distance" : false,
    "steps" : true
  },
  "speed" : 0.048113,
  "pace" : 74823.85218132313,
  "lastModified" : "12/17/17 15:45:48",
  "startTime" : "09/24/16 21:00:00",
  "originalStartTime" : "09/24/16 21:00:00",
  "originalDuration" : 3600000,
  "elevationGain" : 0.0,
  "hasGps" : false,
  "shouldFetchDetails" : false
},{
  "logId" : 11368680203,
  "activityName" : "Walk",
  "activityTypeId" : 90013,
  "activityLevel" : [{
    "minutes" : 0,
    "name" : "sedentary"
  },{
    "minutes" : 60,
    "name" : "lightly"
  },{
    "minutes" : 0,
    "name" : "fairly"
  },{
    "minutes" : 0,
    "name" : "very"
  }],
  "calories" : 153,
  "distance" : 0.092665,
  "distanceUnit" : "Mile",
  "duration" : 3600000,
  "activeDuration" : 3600000,
  "steps" : 208,
  "source" : {
    "type" : "app",
    "name" : "Sync Solver - Health to FB",
    "id" : "229KD7",
    "url" : "http://syncsolver.com"
  },
  "logType" : "manual",
  "manualValuesSpecified" : {
    "calories" : false,
    "distance" : false,
    "steps" : true
  },
  "speed" : 0.092665,
  "pace" : 38849.619597474775,
  "lastModified" : "12/17/17 15:45:48",
  "startTime" : "09/24/16 22:00:00",
  "originalStartTime" : "09/24/16 22:00:00",
  "originalDuration" : 3600000,
  "elevationGain" : 10.0,
  "hasGps" : false,
  "shouldFetchDetails" : false
},{
  "logId" : 11366251333,
  "activityName" : "Walk",
  "activityTypeId" : 90013,
  "activityLevel" : [{
    "minutes" : 0,
    "name" : "sedentary"
  },{
    "minutes" : 60,
    "name" : "lightly"
  },{
    "minutes" : 0,
    "name" : "fairly"
  },{
    "minutes" : 0,
    "name" : "very"
  }],
  "calories" : 153,
  "distance" : 0.18712,
  "distanceUnit" : "Mile",
  "duration" : 3600000,
  "activeDuration" : 3600000,
  "steps" : 420,
  "source" : {
    "type" : "app",
    "name" : "Sync Solver - Health to FB",
    "id" : "229KD7",
    "url" : "http://syncsolver.com"
  },
  "logType" : "manual",
  "manualValuesSpecified" : {
    "calories" : false,
    "distance" : false,
    "steps" : true
  },
  "speed" : 0.18712,
  "pace" : 19238.991021804188,
  "lastModified" : "12/17/17 15:45:49",
  "startTime" : "09/24/16 23:00:00",
  "originalStartTime" : "09/24/16 23:00:00",
  "originalDuration" : 3600000,
  "elevationGain" : 0.0,
  "hasGps" : false,
  "shouldFetchDetails" : false
},{
  "logId" : 11367244689,
  "activityName" : "Walk",
  "activityTypeId" : 90013,
  "activityLevel" : [{
    "minutes" : 0,
    "name" : "sedentary"
  },{
    "minutes" : 60,
    "name" : "lightly"
  },{
    "minutes" : 0,
    "name" : "fairly"
  },{
    "minutes" : 0,
    "name" : "very"
  }],
  "calories" : 153,
  "distance" : 0.089993,
  "distanceUnit" : "Mile",
  "duration" : 3600000,
  "activeDuration" : 3600000,
  "steps" : 202,
  "source" : {
    "type" : "app",
    "name" : "Sync Solver - Health to FB",
    "id" : "229KD7",
    "url" : "http://syncsolver.com"
  },
  "logType" : "manual",
  "manualValuesSpecified" : {
    "calories" : false,
    "distance" : false,
    "steps" : true
  },
  "speed" : 0.089993,
  "pace" : 40003.11135310524,
  "lastModified" : "12/18/17 13:15:07",
  "startTime" : "09/25/16 00:00:00",
  "originalStartTime" : "09/25/16 00:00:00",
  "originalDuration" : 3600000,
  "elevationGain" : 0.0,
  "hasGps" : false,
  "shouldFetchDetails" : false
},{
  "logId" : 11366492998,
  "activityName" : "Walk",
  "activityTypeId" : 90013,
  "activityLevel" : [{
    "minutes" : 0,
    "name" : "sedentary"
  },{
    "minutes" : 60,
    "name" : "lightly"
  },{
    "minutes" : 0,
    "name" : "fairly"
  },{
    "minutes" : 0,
    "name" : "very"
  }],
  "calories" : 153,
  "distance" : 0.376911,
  "distanceUnit" : "Mile",
  "duration" : 3600000,
  "activeDuration" : 3600000,
  "steps" : 846,
  "source" : {
    "type" : "app",
    "name" : "Sync Solver - Health to FB",
    "id" : "229KD7",
    "url" : "http://syncsolver.com"
  },
  "logType" : "manual",
  "manualValuesSpecified" : {
    "calories" : false,
    "distance" : false,
    "steps" : true
  },
  "speed" : 0.376911,
  "pace" : 9551.32644045942,
  "lastModified" : "12/18/17 13:15:08",
  "startTime" : "09/25/16 01:00:00",
  "originalStartTime" : "09/25/16 01:00:00",
  "originalDuration" : 3600000,
  "elevationGain" : 60.0,
  "hasGps" : false,
  "shouldFetchDetails" : false
},{
  "logId" : 11368054571,
  "activityName" : "Walk",
  "activityTypeId" : 90013,
  "activityLevel" : [{
    "minutes" : 0,
    "name" : "sedentary"
  },{
    "minutes" : 60,
    "name" : "lightly"
  },{
    "minutes" : 0,
    "name" : "fairly"
  },{
    "minutes" : 0,
    "name" : "very"
  }],
  "calories" : 153,
  "distance" : 0.032075,
  "distanceUnit" : "Mile",
  "duration" : 3600000,
  "activeDuration" : 3600000,
  "steps" : 72,
  "source" : {
    "type" : "app",
    "name" : "Sync Solver - Health to FB",
    "id" : "229KD7",
    "url" : "http://syncsolver.com"
  },
  "logType" : "manual",
  "manualValuesSpecified" : {
    "calories" : false,
    "distance" : false,
    "steps" : true
  },
  "speed" : 0.032075,
  "pace" : 112236.9446609509,
  "lastModified" : "12/18/17 13:15:08",
  "startTime" : "09/25/16 02:00:00",
  "originalStartTime" : "09/25/16 02:00:00",
  "originalDuration" : 3600000,
  "elevationGain" : 0.0,
  "hasGps" : false,
  "shouldFetchDetails" : false
},{
  "logId" : 11367235175,
  "activityName" : "Walk",
  "activityTypeId" : 90013,
  "activityLevel" : [{
    "minutes" : 0,
    "name" : "sedentary"
  },{
    "minutes" : 60,
    "name" : "lightly"
  },{
    "minutes" : 0,
    "name" : "fairly"
  },{
    "minutes" : 0,
    "name" : "very"
  }],
  "calories" : 153,
  "distance" : 0.007568,
  "distanceUnit" : "Mile",
  "duration" : 3600000,
  "activeDuration" : 3600000,
  "steps" : 17,
  "source" : {
    "type" : "app",
    "name" : "Sync Solver - Health to FB",
    "id" : "229KD7",
    "url" : "http://syncsolver.com"
  },
  "logType" : "manual",
  "manualValuesSpecified" : {
    "calories" : false,
    "distance" : false,
    "steps" : true
  },
  "speed" : 0.007568,
  "pace" : 475687.1035940803,
  "lastModified" : "12/18/17 13:15:09",
  "startTime" : "09/25/16 03:00:00",
  "originalStartTime" : "09/25/16 03:00:00",
  "originalDuration" : 3600000,
  "elevationGain" : 0.0,
  "hasGps" : false,
  "shouldFetchDetails" : false
},{
  "logId" : 11367996523,
  "activityName" : "Walk",
  "activityTypeId" : 90013,
  "activityLevel" : [{
    "minutes" : 0,
    "name" : "sedentary"
  },{
    "minutes" : 60,
    "name" : "lightly"
  },{
    "minutes" : 0,
    "name" : "fairly"
  },{
    "minutes" : 0,
    "name" : "very"
  }],
  "calories" : 153,
  "distance" : 0.006232,
  "distanceUnit" : "Mile",
  "duration" : 3600000,
  "activeDuration" : 3600000,
  "steps" : 14,
  "source" : {
    "type" : "app",
    "name" : "Sync Solver - Health to FB",
    "id" : "229KD7",
    "url" : "http://syncsolver.com"
  },
  "logType" : "manual",
  "manualValuesSpecified" : {
    "calories" : false,
    "distance" : false,
    "steps" : true
  },
  "speed" : 0.006232,
  "pace" : 577663.6713735559,
  "lastModified" : "12/18/17 13:15:09",
  "startTime" : "09/25/16 05:00:00",
  "originalStartTime" : "09/25/16 05:00:00",
  "originalDuration" : 3600000,
  "elevationGain" : 0.0,
  "hasGps" : false,
  "shouldFetchDetails" : false
},{
  "logId" : 11368680939,
  "activityName" : "Walk",
  "activityTypeId" : 90013,
  "activityLevel" : [{
    "minutes" : 0,
    "name" : "sedentary"
  },{
    "minutes" : 60,
    "name" : "lightly"
  },{
    "minutes" : 0,
    "name" : "fairly"
  },{
    "minutes" : 0,
    "name" : "very"
  }],
  "calories" : 153,
  "distance" : 0.002672,
  "distanceUnit" : "Mile",
  "duration" : 3600000,
  "activeDuration" : 3600000,
  "steps" : 6,
  "source" : {
    "type" : "app",
    "name" : "Sync Solver - Health to FB",
    "id" : "229KD7",
    "url" : "http://syncsolver.com"
  },
  "logType" : "manual",
  "manualValuesSpecified" : {
    "calories" : false,
    "distance" : false,
    "steps" : true
  },
  "speed" : 0.002672,
  "pace" : 1347305.389221557,
  "lastModified" : "12/18/17 13:15:10",
  "startTime" : "09/25/16 06:00:00",
  "originalStartTime" : "09/25/16 06:00:00",
  "originalDuration" : 3600000,
  "elevationGain" : 0.0,
  "hasGps" : false,
  "shouldFetchDetails" : false
},{
  "logId" : 11367427853,
  "activityName" : "Walk",
  "activityTypeId" : 90013,
  "activityLevel" : [{
    "minutes" : 0,
    "name" : "sedentary"
  },{
    "minutes" : 60,
    "name" : "lightly"
  },{
    "minutes" : 0,
    "name" : "fairly"
  },{
    "minutes" : 0,
    "name" : "very"
  }],
  "calories" : 153,
  "distance" : 0.006232,
  "distanceUnit" : "Mile",
  "duration" : 3600000,
  "activeDuration" : 3600000,
  "steps" : 14,
  "source" : {
    "type" : "app",
    "name" : "Sync Solver - Health to FB",
    "id" : "229KD7",
    "url" : "http://syncsolver.com"
  },
  "logType" : "manual",
  "manualValuesSpecified" : {
    "calories" : false,
    "distance" : false,
    "steps" : true
  },
  "speed" : 0.006232,
  "pace" : 577663.6713735559,
  "lastModified" : "12/18/17 13:15:10",
  "startTime" : "09/25/16 07:00:00",
  "originalStartTime" : "09/25/16 07:00:00",
  "originalDuration" : 3600000,
  "elevationGain" : 0.0,
  "hasGps" : false,
  "shouldFetchDetails" : false
},{
  "logId" : 11368160568,
  "activityName" : "Walk",
  "activityTypeId" : 90013,
  "activityLevel" : [{
    "minutes" : 0,
    "name" : "sedentary"
  },{
    "minutes" : 60,
    "name" : "lightly"
  },{
    "minutes" : 0,
    "name" : "fairly"
  },{
    "minutes" : 0,
    "name" : "very"
  }],
  "calories" : 153,
  "distance" : 0.00356,
  "distanceUnit" : "Mile",
  "duration" : 3600000,
  "activeDuration" : 3600000,
  "steps" : 8,
  "source" : {
    "type" : "app",
    "name" : "Sync Solver - Health to FB",
    "id" : "229KD7",
    "url" : "http://syncsolver.com"
  },
  "logType" : "manual",
  "manualValuesSpecified" : {
    "calories" : false,
    "distance" : false,
    "steps" : true
  },
  "speed" : 0.00356,
  "pace" : 1011235.9550561798,
  "lastModified" : "12/18/17 13:15:10",
  "startTime" : "09/25/16 08:00:00",
  "originalStartTime" : "09/25/16 08:00:00",
  "originalDuration" : 3600000,
  "elevationGain" : 0.0,
  "hasGps" : false,
  "shouldFetchDetails" : false
},{
  "logId" : 11367967708,
  "activityName" : "Walk",
  "activityTypeId" : 90013,
  "activityLevel" : [{
    "minutes" : 0,
    "name" : "sedentary"
  },{
    "minutes" : 60,
    "name" : "lightly"
  },{
    "minutes" : 0,
    "name" : "fairly"
  },{
    "minutes" : 0,
    "name" : "very"
  }],
  "calories" : 153,
  "distance" : 0.005344,
  "distanceUnit" : "Mile",
  "duration" : 3600000,
  "activeDuration" : 3600000,
  "steps" : 12,
  "source" : {
    "type" : "app",
    "name" : "Sync Solver - Health to FB",
    "id" : "229KD7",
    "url" : "http://syncsolver.com"
  },
  "logType" : "manual",
  "manualValuesSpecified" : {
    "calories" : false,
    "distance" : false,
    "steps" : true
  },
  "speed" : 0.005344,
  "pace" : 673652.6946107785,
  "lastModified" : "12/18/17 13:15:11",
  "startTime" : "09/25/16 09:00:00",
  "originalStartTime" : "09/25/16 09:00:00",
  "originalDuration" : 3600000,
  "elevationGain" : 0.0,
  "hasGps" : false,
  "shouldFetchDetails" : false
},{
  "logId" : 11368121897,
  "activityName" : "Walk",
  "activityTypeId" : 90013,
  "activityLevel" : [{
    "minutes" : 0,
    "name" : "sedentary"
  },{
    "minutes" : 60,
    "name" : "lightly"
  },{
    "minutes" : 0,
    "name" : "fairly"
  },{
    "minutes" : 0,
    "name" : "very"
  }],
  "calories" : 153,
  "distance" : 0.004455,
  "distanceUnit" : "Mile",
  "duration" : 3600000,
  "activeDuration" : 3600000,
  "steps" : 10,
  "source" : {
    "type" : "app",
    "name" : "Sync Solver - Health to FB",
    "id" : "229KD7",
    "url" : "http://syncsolver.com"
  },
  "logType" : "manual",
  "manualValuesSpecified" : {
    "calories" : false,
    "distance" : false,
    "steps" : true
  },
  "speed" : 0.004455,
  "pace" : 808080.8080808081,
  "lastModified" : "12/18/17 13:15:11",
  "startTime" : "09/25/16 10:00:00",
  "originalStartTime" : "09/25/16 10:00:00",
  "originalDuration" : 3600000,
  "elevationGain" : 0.0,
  "hasGps" : false,
  "shouldFetchDetails" : false
},{
  "logId" : 11366386985,
  "activityName" : "Walk",
  "activityTypeId" : 90013,
  "activityLevel" : [{
    "minutes" : 0,
    "name" : "sedentary"
  },{
    "minutes" : 60,
    "name" : "lightly"
  },{
    "minutes" : 0,
    "name" : "fairly"
  },{
    "minutes" : 0,
    "name" : "very"
  }],
  "calories" : 153,
  "distance" : 0.007127,
  "distanceUnit" : "Mile",
  "duration" : 3600000,
  "activeDuration" : 3600000,
  "steps" : 16,
  "source" : {
    "type" : "app",
    "name" : "Sync Solver - Health to FB",
    "id" : "229KD7",
    "url" : "http://syncsolver.com"
  },
  "logType" : "manual",
  "manualValuesSpecified" : {
    "calories" : false,
    "distance" : false,
    "steps" : true
  },
  "speed" : 0.007127,
  "pace" : 505121.3694401572,
  "lastModified" : "12/18/17 13:15:12",
  "startTime" : "09/25/16 11:00:00",
  "originalStartTime" : "09/25/16 11:00:00",
  "originalDuration" : 3600000,
  "elevationGain" : 0.0,
  "hasGps" : false,
  "shouldFetchDetails" : false
},{
  "logId" : 11368083447,
  "activityName" : "Walk",
  "activityTypeId" : 90013,
  "activityLevel" : [{
    "minutes" : 0,
    "name" : "sedentary"
  },{
    "minutes" : 60,
    "name" : "lightly"
  },{
    "minutes" : 0,
    "name" : "fairly"
  },{
    "minutes" : 0,
    "name" : "very"
  }],
  "calories" : 153,
  "distance" : 0.369784,
  "distanceUnit" : "Mile",
  "duration" : 3600000,
  "activeDuration" : 3600000,
  "steps" : 830,
  "source" : {
    "type" : "app",
    "name" : "Sync Solver - Health to FB",
    "id" : "229KD7",
    "url" : "http://syncsolver.com"
  },
  "logType" : "manual",
  "manualValuesSpecified" : {
    "calories" : false,
    "distance" : false,
    "steps" : true
  },
  "speed" : 0.369784,
  "pace" : 9735.413106029466,
  "lastModified" : "12/18/17 13:15:12",
  "startTime" : "09/25/16 12:00:00",
  "originalStartTime" : "09/25/16 12:00:00",
  "originalDuration" : 3600000,
  "elevationGain" : 0.0,
  "hasGps" : false,
  "shouldFetchDetails" : false
},{
  "logId" : 11368719690,
  "activityName" : "Walk",
  "activityTypeId" : 90013,
  "activityLevel" : [{
    "minutes" : 0,
    "name" : "sedentary"
  },{
    "minutes" : 60,
    "name" : "lightly"
  },{
    "minutes" : 0,
    "name" : "fairly"
  },{
    "minutes" : 0,
    "name" : "very"
  }],
  "calories" : 153,
  "distance" : 0.155038,
  "distanceUnit" : "Mile",
  "duration" : 3600000,
  "activeDuration" : 3600000,
  "steps" : 348,
  "source" : {
    "type" : "app",
    "name" : "Sync Solver - Health to FB",
    "id" : "229KD7",
    "url" : "http://syncsolver.com"
  },
  "logType" : "manual",
  "manualValuesSpecified" : {
    "calories" : false,
    "distance" : false,
    "steps" : true
  },
  "speed" : 0.155038,
  "pace" : 23220.113778557512,
  "lastModified" : "12/18/17 13:15:12",
  "startTime" : "09/25/16 13:00:00",
  "originalStartTime" : "09/25/16 13:00:00",
  "originalDuration" : 3600000,
  "elevationGain" : 10.0,
  "hasGps" : false,
  "shouldFetchDetails" : false
},{
  "logId" : 11367215756,
  "activityName" : "Walk",
  "activityTypeId" : 90013,
  "activityLevel" : [{
    "minutes" : 0,
    "name" : "sedentary"
  },{
    "minutes" : 60,
    "name" : "lightly"
  },{
    "minutes" : 0,
    "name" : "fairly"
  },{
    "minutes" : 0,
    "name" : "very"
  }],
  "calories" : 153,
  "distance" : 0.106926,
  "distanceUnit" : "Mile",
  "duration" : 3600000,
  "activeDuration" : 3600000,
  "steps" : 240,
  "source" : {
    "type" : "app",
    "name" : "Sync Solver - Health to FB",
    "id" : "229KD7",
    "url" : "http://syncsolver.com"
  },
  "logType" : "manual",
  "manualValuesSpecified" : {
    "calories" : false,
    "distance" : false,
    "steps" : true
  },
  "speed" : 0.106926,
  "pace" : 33668.14432411201,
  "lastModified" : "12/18/17 13:15:12",
  "startTime" : "09/25/16 14:00:00",
  "originalStartTime" : "09/25/16 14:00:00",
  "originalDuration" : 3600000,
  "elevationGain" : 0.0,
  "hasGps" : false,
  "shouldFetchDetails" : false
},{
  "logId" : 11380640620,
  "activityName" : "Walk",
  "activityTypeId" : 90013,
  "activityLevel" : [{
    "minutes" : 0,
    "name" : "sedentary"
  },{
    "minutes" : 60,
    "name" : "lightly"
  },{
    "minutes" : 0,
    "name" : "fairly"
  },{
    "minutes" : 0,
    "name" : "very"
  }],
  "calories" : 153,
  "distance" : 0.130979,
  "distanceUnit" : "Mile",
  "duration" : 3600000,
  "activeDuration" : 3600000,
  "steps" : 294,
  "source" : {
    "type" : "app",
    "name" : "Sync Solver - Health to FB",
    "id" : "229KD7",
    "url" : "http://syncsolver.com"
  },
  "logType" : "manual",
  "manualValuesSpecified" : {
    "calories" : false,
    "distance" : false,
    "steps" : true
  },
  "speed" : 0.130979,
  "pace" : 27485.32207453103,
  "lastModified" : "12/18/17 13:15:13",
  "startTime" : "09/25/16 15:00:00",
  "originalStartTime" : "09/25/16 15:00:00",
  "originalDuration" : 3600000,
  "elevationGain" : 0.0,
  "hasGps" : false,
  "shouldFetchDetails" : false
},{
  "logId" : 11368815844,
  "activityName" : "Walk",
  "activityTypeId" : 90013,
  "activityLevel" : [{
    "minutes" : 0,
    "name" : "sedentary"
  },{
    "minutes" : 60,
    "name" : "lightly"
  },{
    "minutes" : 0,
    "name" : "fairly"
  },{
    "minutes" : 0,
    "name" : "very"
  }],
  "calories" : 153,
  "distance" : 0.356419,
  "distanceUnit" : "Mile",
  "duration" : 3600000,
  "activeDuration" : 3600000,
  "steps" : 800,
  "source" : {
    "type" : "app",
    "name" : "Sync Solver - Health to FB",
    "id" : "229KD7",
    "url" : "http://syncsolver.com"
  },
  "logType" : "manual",
  "manualValuesSpecified" : {
    "calories" : false,
    "distance" : false,
    "steps" : true
  },
  "speed" : 0.356419,
  "pace" : 10100.471635911666,
  "lastModified" : "12/18/17 13:15:13",
  "startTime" : "09/25/16 16:00:00",
  "originalStartTime" : "09/25/16 16:00:00",
  "originalDuration" : 3600000,
  "elevationGain" : 0.0,
  "hasGps" : false,
  "shouldFetchDetails" : false
},{
  "logId" : 11366358157,
  "activityName" : "Walk",
  "activityTypeId" : 90013,
  "activityLevel" : [{
    "minutes" : 0,
    "name" : "sedentary"
  },{
    "minutes" : 60,
    "name" : "lightly"
  },{
    "minutes" : 0,
    "name" : "fairly"
  },{
    "minutes" : 0,
    "name" : "very"
  }],
  "calories" : 153,
  "distance" : 0.175531,
  "distanceUnit" : "Mile",
  "duration" : 3600000,
  "activeDuration" : 3600000,
  "steps" : 394,
  "source" : {
    "type" : "app",
    "name" : "Sync Solver - Health to FB",
    "id" : "229KD7",
    "url" : "http://syncsolver.com"
  },
  "logType" : "manual",
  "manualValuesSpecified" : {
    "calories" : false,
    "distance" : false,
    "steps" : true
  },
  "speed" : 0.175531,
  "pace" : 20509.197805515836,
  "lastModified" : "12/18/17 13:15:13",
  "startTime" : "09/25/16 17:00:00",
  "originalStartTime" : "09/25/16 17:00:00",
  "originalDuration" : 3600000,
  "elevationGain" : 0.0,
  "hasGps" : false,
  "shouldFetchDetails" : false
},{
  "logId" : 11366386986,
  "activityName" : "Walk",
  "activityTypeId" : 90013,
  "activityLevel" : [{
    "minutes" : 0,
    "name" : "sedentary"
  },{
    "minutes" : 60,
    "name" : "lightly"
  },{
    "minutes" : 0,
    "name" : "fairly"
  },{
    "minutes" : 0,
    "name" : "very"
  }],
  "calories" : 153,
  "distance" : 0.089105,
  "distanceUnit" : "Mile",
  "duration" : 3600000,
  "activeDuration" : 3600000,
  "steps" : 200,
  "source" : {
    "type" : "app",
    "name" : "Sync Solver - Health to FB",
    "id" : "229KD7",
    "url" : "http://syncsolver.com"
  },
  "logType" : "manual",
  "manualValuesSpecified" : {
    "calories" : false,
    "distance" : false,
    "steps" : true
  },
  "speed" : 0.089105,
  "pace" : 40401.7731889344,
  "lastModified" : "12/18/17 13:15:14",
  "startTime" : "09/25/16 18:00:00",
  "originalStartTime" : "09/25/16 18:00:00",
  "originalDuration" : 3600000,
  "elevationGain" : 0.0,
  "hasGps" : false,
  "shouldFetchDetails" : false
},{
  "logId" : 11367283398,
  "activityName" : "Walk",
  "activityTypeId" : 90013,
  "activityLevel" : [{
    "minutes" : 0,
    "name" : "sedentary"
  },{
    "minutes" : 60,
    "name" : "lightly"
  },{
    "minutes" : 0,
    "name" : "fairly"
  },{
    "minutes" : 0,
    "name" : "very"
  }],
  "calories" : 153,
  "distance" : 0.119396,
  "distanceUnit" : "Mile",
  "duration" : 3600000,
  "activeDuration" : 3600000,
  "steps" : 268,
  "source" : {
    "type" : "app",
    "name" : "Sync Solver - Health to FB",
    "id" : "229KD7",
    "url" : "http://syncsolver.com"
  },
  "logType" : "manual",
  "manualValuesSpecified" : {
    "calories" : false,
    "distance" : false,
    "steps" : true
  },
  "speed" : 0.119396,
  "pace" : 30151.763878186874,
  "lastModified" : "12/18/17 15:44:50",
  "startTime" : "09/25/16 19:00:00",
  "originalStartTime" : "09/25/16 19:00:00",
  "originalDuration" : 3600000,
  "elevationGain" : 0.0,
  "hasGps" : false,
  "shouldFetchDetails" : false
},{
  "logId" : 11367264111,
  "activityName" : "Walk",
  "activityTypeId" : 90013,
  "activityLevel" : [{
    "minutes" : 0,
    "name" : "sedentary"
  },{
    "minutes" : 60,
    "name" : "lightly"
  },{
    "minutes" : 0,
    "name" : "fairly"
  },{
    "minutes" : 0,
    "name" : "very"
  }],
  "calories" : 153,
  "distance" : 0.428591,
  "distanceUnit" : "Mile",
  "duration" : 3600000,
  "activeDuration" : 3600000,
  "steps" : 962,
  "source" : {
    "type" : "app",
    "name" : "Sync Solver - Health to FB",
    "id" : "229KD7",
    "url" : "http://syncsolver.com"
  },
  "logType" : "manual",
  "manualValuesSpecified" : {
    "calories" : false,
    "distance" : false,
    "steps" : true
  },
  "speed" : 0.428591,
  "pace" : 8399.616417516934,
  "lastModified" : "12/18/17 15:44:50",
  "startTime" : "09/25/16 20:00:00",
  "originalStartTime" : "09/25/16 20:00:00",
  "originalDuration" : 3600000,
  "elevationGain" : 20.0,
  "hasGps" : false,
  "shouldFetchDetails" : false
},{
  "logId" : 11368083571,
  "activityName" : "Walk",
  "activityTypeId" : 90013,
  "activityLevel" : [{
    "minutes" : 0,
    "name" : "sedentary"
  },{
    "minutes" : 60,
    "name" : "lightly"
  },{
    "minutes" : 0,
    "name" : "fairly"
  },{
    "minutes" : 0,
    "name" : "very"
  }],
  "calories" : 153,
  "distance" : 0.883024,
  "distanceUnit" : "Mile",
  "duration" : 3600000,
  "activeDuration" : 3600000,
  "steps" : 1982,
  "source" : {
    "type" : "app",
    "name" : "Sync Solver - Health to FB",
    "id" : "229KD7",
    "url" : "http://syncsolver.com"
  },
  "logType" : "manual",
  "manualValuesSpecified" : {
    "calories" : false,
    "distance" : false,
    "steps" : true
  },
  "speed" : 0.883024,
  "pace" : 4076.899382123249,
  "lastModified" : "12/18/17 15:44:51",
  "startTime" : "09/25/16 21:00:00",
  "originalStartTime" : "09/25/16 21:00:00",
  "originalDuration" : 3600000,
  "elevationGain" : 30.0,
  "hasGps" : false,
  "shouldFetchDetails" : false
},{
  "logId" : 11366348501,
  "activityName" : "Walk",
  "activityTypeId" : 90013,
  "activityLevel" : [{
    "minutes" : 0,
    "name" : "sedentary"
  },{
    "minutes" : 60,
    "name" : "lightly"
  },{
    "minutes" : 0,
    "name" : "fairly"
  },{
    "minutes" : 0,
    "name" : "very"
  }],
  "calories" : 153,
  "distance" : 0.432157,
  "distanceUnit" : "Mile",
  "duration" : 3600000,
  "activeDuration" : 3600000,
  "steps" : 970,
  "source" : {
    "type" : "app",
    "name" : "Sync Solver - Health to FB",
    "id" : "229KD7",
    "url" : "http://syncsolver.com"
  },
  "logType" : "manual",
  "manualValuesSpecified" : {
    "calories" : false,
    "distance" : false,
    "steps" : true
  },
  "speed" : 0.432157,
  "pace" : 8330.30588420412,
  "lastModified" : "12/18/17 15:44:51",
  "startTime" : "09/25/16 22:00:00",
  "originalStartTime" : "09/25/16 22:00:00",
  "originalDuration" : 3600000,
  "elevationGain" : 40.0,
  "hasGps" : false,
  "shouldFetchDetails" : false
},{
  "logId" : 11367302790,
  "activityName" : "Walk",
  "activityTypeId" : 90013,
  "activityLevel" : [{
    "minutes" : 0,
    "name" : "sedentary"
  },{
    "minutes" : 60,
    "name" : "lightly"
  },{
    "minutes" : 0,
    "name" : "fairly"
  },{
    "minutes" : 0,
    "name" : "very"
  }],
  "calories" : 153,
  "distance" : 0.464233,
  "distanceUnit" : "Mile",
  "duration" : 3600000,
  "activeDuration" : 3600000,
  "steps" : 1042,
  "source" : {
    "type" : "app",
    "name" : "Sync Solver - Health to FB",
    "id" : "229KD7",
    "url" : "http://syncsolver.com"
  },
  "logType" : "manual",
  "manualValuesSpecified" : {
    "calories" : false,
    "distance" : false,
    "steps" : true
  },
  "speed" : 0.464233,
  "pace" : 7754.726613575511,
  "lastModified" : "12/18/17 15:44:52",
  "startTime" : "09/25/16 23:00:00",
  "originalStartTime" : "09/25/16 23:00:00",
  "originalDuration" : 3600000,
  "elevationGain" : 10.0,
  "hasGps" : false,
  "shouldFetchDetails" : false
},{
  "logId" : 11366444874,
  "activityName" : "Walk",
  "activityTypeId" : 90013,
  "activityLevel" : [{
    "minutes" : 0,
    "name" : "sedentary"
  },{
    "minutes" : 60,
    "name" : "lightly"
  },{
    "minutes" : 0,
    "name" : "fairly"
  },{
    "minutes" : 0,
    "name" : "very"
  }],
  "calories" : 153,
  "distance" : 0.767188,
  "distanceUnit" : "Mile",
  "duration" : 3600000,
  "activeDuration" : 3600000,
  "steps" : 1722,
  "source" : {
    "type" : "app",
    "name" : "Sync Solver - Health to FB",
    "id" : "229KD7",
    "url" : "http://syncsolver.com"
  },
  "logType" : "manual",
  "manualValuesSpecified" : {
    "calories" : false,
    "distance" : false,
    "steps" : true
  },
  "speed" : 0.767188,
  "pace" : 4692.461300228888,
  "lastModified" : "12/18/17 15:44:52",
  "startTime" : "09/26/16 00:00:00",
  "originalStartTime" : "09/26/16 00:00:00",
  "originalDuration" : 3600000,
  "elevationGain" : 20.0,
  "hasGps" : false,
  "shouldFetchDetails" : false
},{
  "logId" : 11367273789,
  "activityName" : "Walk",
  "activityTypeId" : 90013,
  "activityLevel" : [{
    "minutes" : 0,
    "name" : "sedentary"
  },{
    "minutes" : 60,
    "name" : "lightly"
  },{
    "minutes" : 0,
    "name" : "fairly"
  },{
    "minutes" : 0,
    "name" : "very"
  }],
  "calories" : 153,
  "distance" : 0.3778,
  "distanceUnit" : "Mile",
  "duration" : 3600000,
  "activeDuration" : 3600000,
  "steps" : 848,
  "source" : {
    "type" : "app",
    "name" : "Sync Solver - Health to FB",
    "id" : "229KD7",
    "url" : "http://syncsolver.com"
  },
  "logType" : "manual",
  "manualValuesSpecified" : {
    "calories" : false,
    "distance" : false,
    "steps" : true
  },
  "speed" : 0.3778,
  "pace" : 9528.851244044467,
  "lastModified" : "12/18/17 15:44:53",
  "startTime" : "09/26/16 01:00:00",
  "originalStartTime" : "09/26/16 01:00:00",
  "originalDuration" : 3600000,
  "elevationGain" : 0.0,
  "hasGps" : false,
  "shouldFetchDetails" : false
},{
  "logId" : 11368815953,
  "activityName" : "Walk",
  "activityTypeId" : 90013,
  "activityLevel" : [{
    "minutes" : 0,
    "name" : "sedentary"
  },{
    "minutes" : 60,
    "name" : "lightly"
  },{
    "minutes" : 0,
    "name" : "fairly"
  },{
    "minutes" : 0,
    "name" : "very"
  }],
  "calories" : 153,
  "distance" : 0.13009,
  "distanceUnit" : "Mile",
  "duration" : 3600000,
  "activeDuration" : 3600000,
  "steps" : 292,
  "source" : {
    "type" : "app",
    "name" : "Sync Solver - Health to FB",
    "id" : "229KD7",
    "url" : "http://syncsolver.com"
  },
  "logType" : "manual",
  "manualValuesSpecified" : {
    "calories" : false,
    "distance" : false,
    "steps" : true
  },
  "speed" : 0.13009,
  "pace" : 27673.149358136674,
  "lastModified" : "12/18/17 15:44:53",
  "startTime" : "09/26/16 02:00:00",
  "originalStartTime" : "09/26/16 02:00:00",
  "originalDuration" : 3600000,
  "elevationGain" : 0.0,
  "hasGps" : false,
  "shouldFetchDetails" : false
},{
  "logId" : 11366415913,
  "activityName" : "Walk",
  "activityTypeId" : 90013,
  "activityLevel" : [{
    "minutes" : 0,
    "name" : "sedentary"
  },{
    "minutes" : 60,
    "name" : "lightly"
  },{
    "minutes" : 0,
    "name" : "fairly"
  },{
    "minutes" : 0,
    "name" : "very"
  }],
  "calories" : 153,
  "distance" : 0.078411,
  "distanceUnit" : "Mile",
  "duration" : 3600000,
  "activeDuration" : 3600000,
  "steps" : 176,
  "source" : {
    "type" : "app",
    "name" : "Sync Solver - Health to FB",
    "id" : "229KD7",
    "url" : "http://syncsolver.com"
  },
  "logType" : "manual",
  "manualValuesSpecified" : {
    "calories" : false,
    "distance" : false,
    "steps" : true
  },
  "speed" : 0.078411,
  "pace" : 45911.925622680494,
  "lastModified" : "12/18/17 15:44:54",
  "startTime" : "09/26/16 03:00:00",
  "originalStartTime" : "09/26/16 03:00:00",
  "originalDuration" : 3600000,
  "elevationGain" : 0.0,
  "hasGps" : false,
  "shouldFetchDetails" : false
},{
  "logId" : 11367427959,
  "activityName" : "Walk",
  "activityTypeId" : 90013,
  "activityLevel" : [{
    "minutes" : 0,
    "name" : "sedentary"
  },{
    "minutes" : 60,
    "name" : "lightly"
  },{
    "minutes" : 0,
    "name" : "fairly"
  },{
    "minutes" : 0,
    "name" : "very"
  }],
  "calories" : 153,
  "distance" : 0.006232,
  "distanceUnit" : "Mile",
  "duration" : 3600000,
  "activeDuration" : 3600000,
  "steps" : 14,
  "source" : {
    "type" : "app",
    "name" : "Sync Solver - Health to FB",
    "id" : "229KD7",
    "url" : "http://syncsolver.com"
  },
  "logType" : "manual",
  "manualValuesSpecified" : {
    "calories" : false,
    "distance" : false,
    "steps" : true
  },
  "speed" : 0.006232,
  "pace" : 577663.6713735559,
  "lastModified" : "12/18/17 15:44:54",
  "startTime" : "09/26/16 11:00:00",
  "originalStartTime" : "09/26/16 11:00:00",
  "originalDuration" : 3600000,
  "elevationGain" : 0.0,
  "hasGps" : false,
  "shouldFetchDetails" : false
},{
  "logId" : 4297309642,
  "activityName" : "Running (jogging), 6.7 mph (9 min mile) (MyFitnessPal)",
  "activityTypeId" : 5479837,
  "activityLevel" : [{
    "minutes" : 0,
    "name" : "sedentary"
  },{
    "minutes" : 11,
    "name" : "lightly"
  },{
    "minutes" : 0,
    "name" : "fairly"
  },{
    "minutes" : 0,
    "name" : "very"
  }],
  "calories" : 118,
  "distance" : 0.0,
  "distanceUnit" : "Mile",
  "duration" : 660000,
  "activeDuration" : 660000,
  "steps" : 0,
  "source" : {
    "type" : "app",
    "name" : "MyFitnessPal",
    "id" : "228VC7",
    "url" : "http://www.myfitnesspal.com"
  },
  "logType" : "manual",
  "manualValuesSpecified" : {
    "calories" : true,
    "distance" : true,
    "steps" : true
  },
  "speed" : 0.0,
  "lastModified" : "10/03/16 23:09:00",
  "startTime" : "09/26/16 11:10:00",
  "originalStartTime" : "09/26/16 11:10:00",
  "originalDuration" : 660000,
  "hasGps" : false,
  "shouldFetchDetails" : false
},{
  "logId" : 11367264112,
  "activityName" : "Walk",
  "activityTypeId" : 90013,
  "activityLevel" : [{
    "minutes" : 0,
    "name" : "sedentary"
  },{
    "minutes" : 60,
    "name" : "lightly"
  },{
    "minutes" : 0,
    "name" : "fairly"
  },{
    "minutes" : 0,
    "name" : "very"
  }],
  "calories" : 153,
  "distance" : 0.412553,
  "distanceUnit" : "Mile",
  "duration" : 3600000,
  "activeDuration" : 3600000,
  "steps" : 926,
  "source" : {
    "type" : "app",
    "name" : "Sync Solver - Health to FB",
    "id" : "229KD7",
    "url" : "http://syncsolver.com"
  },
  "logType" : "manual",
  "manualValuesSpecified" : {
    "calories" : false,
    "distance" : false,
    "steps" : true
  },
  "speed" : 0.412553,
  "pace" : 8726.151549013097,
  "lastModified" : "12/18/17 15:44:55",
  "startTime" : "09/26/16 12:00:00",
  "originalStartTime" : "09/26/16 12:00:00",
  "originalDuration" : 3600000,
  "elevationGain" : 20.0,
  "hasGps" : false,
  "shouldFetchDetails" : false
},{
  "logId" : 11417433163,
  "activityName" : "Walk",
  "activityTypeId" : 90013,
  "activityLevel" : [{
    "minutes" : 0,
    "name" : "sedentary"
  },{
    "minutes" : 60,
    "name" : "lightly"
  },{
    "minutes" : 0,
    "name" : "fairly"
  },{
    "minutes" : 0,
    "name" : "very"
  }],
  "calories" : 153,
  "distance" : 0.108703,
  "distanceUnit" : "Mile",
  "duration" : 3600000,
  "activeDuration" : 3600000,
  "steps" : 244,
  "source" : {
    "type" : "app",
    "name" : "Sync Solver - Health to FB",
    "id" : "229KD7",
    "url" : "http://syncsolver.com"
  },
  "logType" : "manual",
  "manualValuesSpecified" : {
    "calories" : false,
    "distance" : false,
    "steps" : true
  },
  "speed" : 0.108703,
  "pace" : 33117.76123934022,
  "lastModified" : "12/19/17 13:18:12",
  "startTime" : "09/26/16 13:00:00",
  "originalStartTime" : "09/26/16 13:00:00",
  "originalDuration" : 3600000,
  "elevationGain" : 0.0,
  "hasGps" : false,
  "shouldFetchDetails" : false
},{
  "logId" : 11419534502,
  "activityName" : "Walk",
  "activityTypeId" : 90013,
  "activityLevel" : [{
    "minutes" : 0,
    "name" : "sedentary"
  },{
    "minutes" : 60,
    "name" : "lightly"
  },{
    "minutes" : 0,
    "name" : "fairly"
  },{
    "minutes" : 0,
    "name" : "very"
  }],
  "calories" : 153,
  "distance" : 0.363546,
  "distanceUnit" : "Mile",
  "duration" : 3600000,
  "activeDuration" : 3600000,
  "steps" : 816,
  "source" : {
    "type" : "app",
    "name" : "Sync Solver - Health to FB",
    "id" : "229KD7",
    "url" : "http://syncsolver.com"
  },
  "logType" : "manual",
  "manualValuesSpecified" : {
    "calories" : false,
    "distance" : false,
    "steps" : true
  },
  "speed" : 0.363546,
  "pace" : 9902.460761499233,
  "lastModified" : "12/19/17 13:18:13",
  "startTime" : "09/26/16 14:00:00",
  "originalStartTime" : "09/26/16 14:00:00",
  "originalDuration" : 3600000,
  "elevationGain" : 0.0,
  "hasGps" : false,
  "shouldFetchDetails" : false
},{
  "logId" : 11417173052,
  "activityName" : "Walk",
  "activityTypeId" : 90013,
  "activityLevel" : [{
    "minutes" : 0,
    "name" : "sedentary"
  },{
    "minutes" : 60,
    "name" : "lightly"
  },{
    "minutes" : 0,
    "name" : "fairly"
  },{
    "minutes" : 0,
    "name" : "very"
  }],
  "calories" : 153,
  "distance" : 1.412308,
  "distanceUnit" : "Mile",
  "duration" : 3600000,
  "activeDuration" : 3600000,
  "steps" : 3170,
  "source" : {
    "type" : "app",
    "name" : "Sync Solver - Health to FB",
    "id" : "229KD7",
    "url" : "http://syncsolver.com"
  },
  "logType" : "manual",
  "manualValuesSpecified" : {
    "calories" : false,
    "distance" : false,
    "steps" : true
  },
  "speed" : 1.412308,
  "pace" : 2549.019052501296,
  "lastModified" : "12/19/17 13:18:13",
  "startTime" : "09/26/16 15:00:00",
  "originalStartTime" : "09/26/16 15:00:00",
  "originalDuration" : 3600000,
  "elevationGain" : 30.0,
  "hasGps" : false,
  "shouldFetchDetails" : false
},{
  "logId" : 11420045304,
  "activityName" : "Walk",
  "activityTypeId" : 90013,
  "activityLevel" : [{
    "minutes" : 0,
    "name" : "sedentary"
  },{
    "minutes" : 60,
    "name" : "lightly"
  },{
    "minutes" : 0,
    "name" : "fairly"
  },{
    "minutes" : 0,
    "name" : "very"
  }],
  "calories" : 153,
  "distance" : 0.203157,
  "distanceUnit" : "Mile",
  "duration" : 3600000,
  "activeDuration" : 3600000,
  "steps" : 456,
  "source" : {
    "type" : "app",
    "name" : "Sync Solver - Health to FB",
    "id" : "229KD7",
    "url" : "http://syncsolver.com"
  },
  "logType" : "manual",
  "manualValuesSpecified" : {
    "calories" : false,
    "distance" : false,
    "steps" : true
  },
  "speed" : 0.203157,
  "pace" : 17720.285296593276,
  "lastModified" : "12/19/17 13:18:13",
  "startTime" : "09/26/16 16:00:00",
  "originalStartTime" : "09/26/16 16:00:00",
  "originalDuration" : 3600000,
  "elevationGain" : 10.0,
  "hasGps" : false,
  "shouldFetchDetails" : false
},{
  "logId" : 11417037978,
  "activityName" : "Walk",
  "activityTypeId" : 90013,
  "activityLevel" : [{
    "minutes" : 0,
    "name" : "sedentary"
  },{
    "minutes" : 60,
    "name" : "lightly"
  },{
    "minutes" : 0,
    "name" : "fairly"
  },{
    "minutes" : 0,
    "name" : "very"
  }],
  "calories" : 153,
  "distance" : 0.037419,
  "distanceUnit" : "Mile",
  "duration" : 3600000,
  "activeDuration" : 3600000,
  "steps" : 84,
  "source" : {
    "type" : "app",
    "name" : "Sync Solver - Health to FB",
    "id" : "229KD7",
    "url" : "http://syncsolver.com"
  },
  "logType" : "manual",
  "manualValuesSpecified" : {
    "calories" : false,
    "distance" : false,
    "steps" : true
  },
  "speed" : 0.037419,
  "pace" : 96207.80886715304,
  "lastModified" : "12/19/17 13:18:14",
  "startTime" : "09/26/16 17:00:00",
  "originalStartTime" : "09/26/16 17:00:00",
  "originalDuration" : 3600000,
  "elevationGain" : 0.0,
  "hasGps" : false,
  "shouldFetchDetails" : false
},{
  "logId" : 11419524816,
  "activityName" : "Walk",
  "activityTypeId" : 90013,
  "activityLevel" : [{
    "minutes" : 0,
    "name" : "sedentary"
  },{
    "minutes" : 60,
    "name" : "lightly"
  },{
    "minutes" : 0,
    "name" : "fairly"
  },{
    "minutes" : 0,
    "name" : "very"
  }],
  "calories" : 153,
  "distance" : 0.588979,
  "distanceUnit" : "Mile",
  "duration" : 3600000,
  "activeDuration" : 3600000,
  "steps" : 1322,
  "source" : {
    "type" : "app",
    "name" : "Sync Solver - Health to FB",
    "id" : "229KD7",
    "url" : "http://syncsolver.com"
  },
  "logType" : "manual",
  "manualValuesSpecified" : {
    "calories" : false,
    "distance" : false,
    "steps" : true
  },
  "speed" : 0.588979,
  "pace" : 6112.272254189029,
  "lastModified" : "12/19/17 13:18:15",
  "startTime" : "09/26/16 18:00:00",
  "originalStartTime" : "09/26/16 18:00:00",
  "originalDuration" : 3600000,
  "elevationGain" : 20.0,
  "hasGps" : false,
  "shouldFetchDetails" : false
},{
  "logId" : 11418936938,
  "activityName" : "Walk",
  "activityTypeId" : 90013,
  "activityLevel" : [{
    "minutes" : 0,
    "name" : "sedentary"
  },{
    "minutes" : 60,
    "name" : "lightly"
  },{
    "minutes" : 0,
    "name" : "fairly"
  },{
    "minutes" : 0,
    "name" : "very"
  }],
  "calories" : 153,
  "distance" : 0.065045,
  "distanceUnit" : "Mile",
  "duration" : 3600000,
  "activeDuration" : 3600000,
  "steps" : 146,
  "source" : {
    "type" : "app",
    "name" : "Sync Solver - Health to FB",
    "id" : "229KD7",
    "url" : "http://syncsolver.com"
  },
  "logType" : "manual",
  "manualValuesSpecified" : {
    "calories" : false,
    "distance" : false,
    "steps" : true
  },
  "speed" : 0.065045,
  "pace" : 55346.29871627335,
  "lastModified" : "12/19/17 13:18:15",
  "startTime" : "09/26/16 19:00:00",
  "originalStartTime" : "09/26/16 19:00:00",
  "originalDuration" : 3600000,
  "elevationGain" : 0.0,
  "hasGps" : false,
  "shouldFetchDetails" : false
},{
  "logId" : 11418985117,
  "activityName" : "Walk",
  "activityTypeId" : 90013,
  "activityLevel" : [{
    "minutes" : 0,
    "name" : "sedentary"
  },{
    "minutes" : 60,
    "name" : "lightly"
  },{
    "minutes" : 0,
    "name" : "fairly"
  },{
    "minutes" : 0,
    "name" : "very"
  }],
  "calories" : 153,
  "distance" : 0.066828,
  "distanceUnit" : "Mile",
  "duration" : 3600000,
  "activeDuration" : 3600000,
  "steps" : 150,
  "source" : {
    "type" : "app",
    "name" : "Sync Solver - Health to FB",
    "id" : "229KD7",
    "url" : "http://syncsolver.com"
  },
  "logType" : "manual",
  "manualValuesSpecified" : {
    "calories" : false,
    "distance" : false,
    "steps" : true
  },
  "speed" : 0.066828,
  "pace" : 53869.635482133235,
  "lastModified" : "12/19/17 13:18:15",
  "startTime" : "09/26/16 20:00:00",
  "originalStartTime" : "09/26/16 20:00:00",
  "originalDuration" : 3600000,
  "elevationGain" : 0.0,
  "hasGps" : false,
  "shouldFetchDetails" : false
},{
  "logId" : 11418975441,
  "activityName" : "Walk",
  "activityTypeId" : 90013,
  "activityLevel" : [{
    "minutes" : 0,
    "name" : "sedentary"
  },{
    "minutes" : 60,
    "name" : "lightly"
  },{
    "minutes" : 0,
    "name" : "fairly"
  },{
    "minutes" : 0,
    "name" : "very"
  }],
  "calories" : 153,
  "distance" : 0.083755,
  "distanceUnit" : "Mile",
  "duration" : 3600000,
  "activeDuration" : 3600000,
  "steps" : 188,
  "source" : {
    "type" : "app",
    "name" : "Sync Solver - Health to FB",
    "id" : "229KD7",
    "url" : "http://syncsolver.com"
  },
  "logType" : "manual",
  "manualValuesSpecified" : {
    "calories" : false,
    "distance" : false,
    "steps" : true
  },
  "speed" : 0.083755,
  "pace" : 42982.50850695481,
  "lastModified" : "12/19/17 13:18:16",
  "startTime" : "09/26/16 21:00:00",
  "originalStartTime" : "09/26/16 21:00:00",
  "originalDuration" : 3600000,
  "elevationGain" : 50.0,
  "hasGps" : false,
  "shouldFetchDetails" : false
},{
  "logId" : 11417327132,
  "activityName" : "Walk",
  "activityTypeId" : 90013,
  "activityLevel" : [{
    "minutes" : 0,
    "name" : "sedentary"
  },{
    "minutes" : 60,
    "name" : "lightly"
  },{
    "minutes" : 0,
    "name" : "fairly"
  },{
    "minutes" : 0,
    "name" : "very"
  }],
  "calories" : 153,
  "distance" : 0.429479,
  "distanceUnit" : "Mile",
  "duration" : 3600000,
  "activeDuration" : 3600000,
  "steps" : 964,
  "source" : {
    "type" : "app",
    "name" : "Sync Solver - Health to FB",
    "id" : "229KD7",
    "url" : "http://syncsolver.com"
  },
  "logType" : "manual",
  "manualValuesSpecified" : {
    "calories" : false,
    "distance" : false,
    "steps" : true
  },
  "speed" : 0.429479,
  "pace" : 8382.249190298013,
  "lastModified" : "12/19/17 13:18:16",
  "startTime" : "09/26/16 22:00:00",
  "originalStartTime" : "09/26/16 22:00:00",
  "originalDuration" : 3600000,
  "elevationGain" : 0.0,
  "hasGps" : false,
  "shouldFetchDetails" : false
},{
  "logId" : 11418879048,
  "activityName" : "Walk",
  "activityTypeId" : 90013,
  "activityLevel" : [{
    "minutes" : 0,
    "name" : "sedentary"
  },{
    "minutes" : 60,
    "name" : "lightly"
  },{
    "minutes" : 0,
    "name" : "fairly"
  },{
    "minutes" : 0,
    "name" : "very"
  }],
  "calories" : 153,
  "distance" : 0.061478,
  "distanceUnit" : "Mile",
  "duration" : 3600000,
  "activeDuration" : 3600000,
  "steps" : 138,
  "source" : {
    "type" : "app",
    "name" : "Sync Solver - Health to FB",
    "id" : "229KD7",
    "url" : "http://syncsolver.com"
  },
  "logType" : "manual",
  "manualValuesSpecified" : {
    "calories" : false,
    "distance" : false,
    "steps" : true
  },
  "speed" : 0.061478,
  "pace" : 58557.53277595237,
  "lastModified" : "12/19/17 13:18:17",
  "startTime" : "09/26/16 23:00:00",
  "originalStartTime" : "09/26/16 23:00:00",
  "originalDuration" : 3600000,
  "elevationGain" : 0.0,
  "hasGps" : false,
  "shouldFetchDetails" : false
},{
  "logId" : 11419013958,
  "activityName" : "Walk",
  "activityTypeId" : 90013,
  "activityLevel" : [{
    "minutes" : 0,
    "name" : "sedentary"
  },{
    "minutes" : 60,
    "name" : "lightly"
  },{
    "minutes" : 0,
    "name" : "fairly"
  },{
    "minutes" : 0,
    "name" : "very"
  }],
  "calories" : 153,
  "distance" : 0.030292,
  "distanceUnit" : "Mile",
  "duration" : 3600000,
  "activeDuration" : 3600000,
  "steps" : 68,
  "source" : {
    "type" : "app",
    "name" : "Sync Solver - Health to FB",
    "id" : "229KD7",
    "url" : "http://syncsolver.com"
  },
  "logType" : "manual",
  "manualValuesSpecified" : {
    "calories" : false,
    "distance" : false,
    "steps" : true
  },
  "speed" : 0.030292,
  "pace" : 118843.25894625644,
  "lastModified" : "12/19/17 13:18:17",
  "startTime" : "09/27/16 00:00:00",
  "originalStartTime" : "09/27/16 00:00:00",
  "originalDuration" : 3600000,
  "elevationGain" : 0.0,
  "hasGps" : false,
  "shouldFetchDetails" : false
},{
  "logId" : 11419390219,
  "activityName" : "Walk",
  "activityTypeId" : 90013,
  "activityLevel" : [{
    "minutes" : 0,
    "name" : "sedentary"
  },{
    "minutes" : 60,
    "name" : "lightly"
  },{
    "minutes" : 0,
    "name" : "fairly"
  },{
    "minutes" : 0,
    "name" : "very"
  }],
  "calories" : 153,
  "distance" : 0.482942,
  "distanceUnit" : "Mile",
  "duration" : 3600000,
  "activeDuration" : 3600000,
  "steps" : 1084,
  "source" : {
    "type" : "app",
    "name" : "Sync Solver - Health to FB",
    "id" : "229KD7",
    "url" : "http://syncsolver.com"
  },
  "logType" : "manual",
  "manualValuesSpecified" : {
    "calories" : false,
    "distance" : false,
    "steps" : true
  },
  "speed" : 0.482942,
  "pace" : 7454.311283756642,
  "lastModified" : "12/19/17 15:48:07",
  "startTime" : "09/27/16 01:00:00",
  "originalStartTime" : "09/27/16 01:00:00",
  "originalDuration" : 3600000,
  "elevationGain" : 10.0,
  "hasGps" : false,
  "shouldFetchDetails" : false
},{
  "logId" : 11419544496,
  "activityName" : "Walk",
  "activityTypeId" : 90013,
  "activityLevel" : [{
    "minutes" : 0,
    "name" : "sedentary"
  },{
    "minutes" : 60,
    "name" : "lightly"
  },{
    "minutes" : 0,
    "name" : "fairly"
  },{
    "minutes" : 0,
    "name" : "very"
  }],
  "calories" : 153,
  "distance" : 0.08821,
  "distanceUnit" : "Mile",
  "duration" : 3600000,
  "activeDuration" : 3600000,
  "steps" : 198,
  "source" : {
    "type" : "app",
    "name" : "Sync Solver - Health to FB",
    "id" : "229KD7",
    "url" : "http://syncsolver.com"
  },
  "logType" : "manual",
  "manualValuesSpecified" : {
    "calories" : false,
    "distance" : false,
    "steps" : true
  },
  "speed" : 0.08821,
  "pace" : 40811.699353814765,
  "lastModified" : "12/19/17 15:48:07",
  "startTime" : "09/27/16 02:00:00",
  "originalStartTime" : "09/27/16 02:00:00",
  "originalDuration" : 3600000,
  "elevationGain" : 0.0,
  "hasGps" : false,
  "shouldFetchDetails" : false
},{
  "logId" : 11418995044,
  "activityName" : "Walk",
  "activityTypeId" : 90013,
  "activityLevel" : [{
    "minutes" : 0,
    "name" : "sedentary"
  },{
    "minutes" : 60,
    "name" : "lightly"
  },{
    "minutes" : 0,
    "name" : "fairly"
  },{
    "minutes" : 0,
    "name" : "very"
  }],
  "calories" : 153,
  "distance" : 0.099792,
  "distanceUnit" : "Mile",
  "duration" : 3600000,
  "activeDuration" : 3600000,
  "steps" : 224,
  "source" : {
    "type" : "app",
    "name" : "Sync Solver - Health to FB",
    "id" : "229KD7",
    "url" : "http://syncsolver.com"
  },
  "logType" : "manual",
  "manualValuesSpecified" : {
    "calories" : false,
    "distance" : false,
    "steps" : true
  },
  "speed" : 0.099792,
  "pace" : 36075.03607503607,
  "lastModified" : "12/19/17 15:48:08",
  "startTime" : "09/27/16 03:00:00",
  "originalStartTime" : "09/27/16 03:00:00",
  "originalDuration" : 3600000,
  "elevationGain" : 10.0,
  "hasGps" : false,
  "shouldFetchDetails" : false
},{
  "logId" : 11419496156,
  "activityName" : "Walk",
  "activityTypeId" : 90013,
  "activityLevel" : [{
    "minutes" : 0,
    "name" : "sedentary"
  },{
    "minutes" : 60,
    "name" : "lightly"
  },{
    "minutes" : 0,
    "name" : "fairly"
  },{
    "minutes" : 0,
    "name" : "very"
  }],
  "calories" : 153,
  "distance" : 4.41E-4,
  "distanceUnit" : "Mile",
  "duration" : 3600000,
  "activeDuration" : 3600000,
  "steps" : 1,
  "source" : {
    "type" : "app",
    "name" : "Sync Solver - Health to FB",
    "id" : "229KD7",
    "url" : "http://syncsolver.com"
  },
  "logType" : "manual",
  "manualValuesSpecified" : {
    "calories" : false,
    "distance" : false,
    "steps" : true
  },
  "speed" : 4.41E-4,
  "pace" : 8163265.306122449,
  "lastModified" : "12/19/17 15:48:08",
  "startTime" : "09/27/16 04:00:00",
  "originalStartTime" : "09/27/16 04:00:00",
  "originalDuration" : 3600000,
  "elevationGain" : 0.0,
  "hasGps" : false,
  "shouldFetchDetails" : false
},{
  "logId" : 11418879373,
  "activityName" : "Walk",
  "activityTypeId" : 90013,
  "activityLevel" : [{
    "minutes" : 0,
    "name" : "sedentary"
  },{
    "minutes" : 60,
    "name" : "lightly"
  },{
    "minutes" : 0,
    "name" : "fairly"
  },{
    "minutes" : 0,
    "name" : "very"
  }],
  "calories" : 153,
  "distance" : 0.00356,
  "distanceUnit" : "Mile",
  "duration" : 3600000,
  "activeDuration" : 3600000,
  "steps" : 8,
  "source" : {
    "type" : "app",
    "name" : "Sync Solver - Health to FB",
    "id" : "229KD7",
    "url" : "http://syncsolver.com"
  },
  "logType" : "manual",
  "manualValuesSpecified" : {
    "calories" : false,
    "distance" : false,
    "steps" : true
  },
  "speed" : 0.00356,
  "pace" : 1011235.9550561798,
  "lastModified" : "12/19/17 15:48:09",
  "startTime" : "09/27/16 05:00:00",
  "originalStartTime" : "09/27/16 05:00:00",
  "originalDuration" : 3600000,
  "elevationGain" : 0.0,
  "hasGps" : false,
  "shouldFetchDetails" : false
},{
  "logId" : 11419997571,
  "activityName" : "Walk",
  "activityTypeId" : 90013,
  "activityLevel" : [{
    "minutes" : 0,
    "name" : "sedentary"
  },{
    "minutes" : 60,
    "name" : "lightly"
  },{
    "minutes" : 0,
    "name" : "fairly"
  },{
    "minutes" : 0,
    "name" : "very"
  }],
  "calories" : 153,
  "distance" : 0.00356,
  "distanceUnit" : "Mile",
  "duration" : 3600000,
  "activeDuration" : 3600000,
  "steps" : 8,
  "source" : {
    "type" : "app",
    "name" : "Sync Solver - Health to FB",
    "id" : "229KD7",
    "url" : "http://syncsolver.com"
  },
  "logType" : "manual",
  "manualValuesSpecified" : {
    "calories" : false,
    "distance" : false,
    "steps" : true
  },
  "speed" : 0.00356,
  "pace" : 1011235.9550561798,
  "lastModified" : "12/19/17 15:48:09",
  "startTime" : "09/27/16 06:00:00",
  "originalStartTime" : "09/27/16 06:00:00",
  "originalDuration" : 3600000,
  "elevationGain" : 0.0,
  "hasGps" : false,
  "shouldFetchDetails" : false
},{
  "logId" : 11418966171,
  "activityName" : "Walk",
  "activityTypeId" : 90013,
  "activityLevel" : [{
    "minutes" : 0,
    "name" : "sedentary"
  },{
    "minutes" : 60,
    "name" : "lightly"
  },{
    "minutes" : 0,
    "name" : "fairly"
  },{
    "minutes" : 0,
    "name" : "very"
  }],
  "calories" : 153,
  "distance" : 0.001777,
  "distanceUnit" : "Mile",
  "duration" : 3600000,
  "activeDuration" : 3600000,
  "steps" : 4,
  "source" : {
    "type" : "app",
    "name" : "Sync Solver - Health to FB",
    "id" : "229KD7",
    "url" : "http://syncsolver.com"
  },
  "logType" : "manual",
  "manualValuesSpecified" : {
    "calories" : false,
    "distance" : false,
    "steps" : true
  },
  "speed" : 0.001777,
  "pace" : 2025886.3252673044,
  "lastModified" : "12/19/17 15:48:10",
  "startTime" : "09/27/16 07:00:00",
  "originalStartTime" : "09/27/16 07:00:00",
  "originalDuration" : 3600000,
  "elevationGain" : 0.0,
  "hasGps" : false,
  "shouldFetchDetails" : false
},{
  "logId" : 11419746817,
  "activityName" : "Walk",
  "activityTypeId" : 90013,
  "activityLevel" : [{
    "minutes" : 0,
    "name" : "sedentary"
  },{
    "minutes" : 60,
    "name" : "lightly"
  },{
    "minutes" : 0,
    "name" : "fairly"
  },{
    "minutes" : 0,
    "name" : "very"
  }],
  "calories" : 153,
  "distance" : 0.00891,
  "distanceUnit" : "Mile",
  "duration" : 3600000,
  "activeDuration" : 3600000,
  "steps" : 20,
  "source" : {
    "type" : "app",
    "name" : "Sync Solver - Health to FB",
    "id" : "229KD7",
    "url" : "http://syncsolver.com"
  },
  "logType" : "manual",
  "manualValuesSpecified" : {
    "calories" : false,
    "distance" : false,
    "steps" : true
  },
  "speed" : 0.00891,
  "pace" : 404040.4040404041,
  "lastModified" : "12/19/17 15:48:10",
  "startTime" : "09/27/16 08:00:00",
  "originalStartTime" : "09/27/16 08:00:00",
  "originalDuration" : 3600000,
  "elevationGain" : 0.0,
  "hasGps" : false,
  "shouldFetchDetails" : false
},{
  "logId" : 11418995045,
  "activityName" : "Walk",
  "activityTypeId" : 90013,
  "activityLevel" : [{
    "minutes" : 0,
    "name" : "sedentary"
  },{
    "minutes" : 60,
    "name" : "lightly"
  },{
    "minutes" : 0,
    "name" : "fairly"
  },{
    "minutes" : 0,
    "name" : "very"
  }],
  "calories" : 153,
  "distance" : 0.002672,
  "distanceUnit" : "Mile",
  "duration" : 3600000,
  "activeDuration" : 3600000,
  "steps" : 6,
  "source" : {
    "type" : "app",
    "name" : "Sync Solver - Health to FB",
    "id" : "229KD7",
    "url" : "http://syncsolver.com"
  },
  "logType" : "manual",
  "manualValuesSpecified" : {
    "calories" : false,
    "distance" : false,
    "steps" : true
  },
  "speed" : 0.002672,
  "pace" : 1347305.389221557,
  "lastModified" : "12/19/17 15:48:11",
  "startTime" : "09/27/16 09:00:00",
  "originalStartTime" : "09/27/16 09:00:00",
  "originalDuration" : 3600000,
  "elevationGain" : 0.0,
  "hasGps" : false,
  "shouldFetchDetails" : false
},{
  "logId" : 11419033747,
  "activityName" : "Walk",
  "activityTypeId" : 90013,
  "activityLevel" : [{
    "minutes" : 0,
    "name" : "sedentary"
  },{
    "minutes" : 60,
    "name" : "lightly"
  },{
    "minutes" : 0,
    "name" : "fairly"
  },{
    "minutes" : 0,
    "name" : "very"
  }],
  "calories" : 153,
  "distance" : 0.007127,
  "distanceUnit" : "Mile",
  "duration" : 3600000,
  "activeDuration" : 3600000,
  "steps" : 16,
  "source" : {
    "type" : "app",
    "name" : "Sync Solver - Health to FB",
    "id" : "229KD7",
    "url" : "http://syncsolver.com"
  },
  "logType" : "manual",
  "manualValuesSpecified" : {
    "calories" : false,
    "distance" : false,
    "steps" : true
  },
  "speed" : 0.007127,
  "pace" : 505121.3694401572,
  "lastModified" : "12/19/17 15:48:11",
  "startTime" : "09/27/16 10:00:00",
  "originalStartTime" : "09/27/16 10:00:00",
  "originalDuration" : 3600000,
  "elevationGain" : 0.0,
  "hasGps" : false,
  "shouldFetchDetails" : false
},{
  "logId" : 11419650570,
  "activityName" : "Walk",
  "activityTypeId" : 90013,
  "activityLevel" : [{
    "minutes" : 0,
    "name" : "sedentary"
  },{
    "minutes" : 60,
    "name" : "lightly"
  },{
    "minutes" : 0,
    "name" : "fairly"
  },{
    "minutes" : 0,
    "name" : "very"
  }],
  "calories" : 153,
  "distance" : 0.005344,
  "distanceUnit" : "Mile",
  "duration" : 3600000,
  "activeDuration" : 3600000,
  "steps" : 12,
  "source" : {
    "type" : "app",
    "name" : "Sync Solver - Health to FB",
    "id" : "229KD7",
    "url" : "http://syncsolver.com"
  },
  "logType" : "manual",
  "manualValuesSpecified" : {
    "calories" : false,
    "distance" : false,
    "steps" : true
  },
  "speed" : 0.005344,
  "pace" : 673652.6946107785,
  "lastModified" : "12/19/17 15:48:12",
  "startTime" : "09/27/16 11:00:00",
  "originalStartTime" : "09/27/16 11:00:00",
  "originalDuration" : 3600000,
  "elevationGain" : 0.0,
  "hasGps" : false,
  "shouldFetchDetails" : false
},{
  "logId" : 11418917914,
  "activityName" : "Walk",
  "activityTypeId" : 90013,
  "activityLevel" : [{
    "minutes" : 0,
    "name" : "sedentary"
  },{
    "minutes" : 60,
    "name" : "lightly"
  },{
    "minutes" : 0,
    "name" : "fairly"
  },{
    "minutes" : 0,
    "name" : "very"
  }],
  "calories" : 153,
  "distance" : 0.237016,
  "distanceUnit" : "Mile",
  "duration" : 3600000,
  "activeDuration" : 3600000,
  "steps" : 532,
  "source" : {
    "type" : "app",
    "name" : "Sync Solver - Health to FB",
    "id" : "229KD7",
    "url" : "http://syncsolver.com"
  },
  "logType" : "manual",
  "manualValuesSpecified" : {
    "calories" : false,
    "distance" : false,
    "steps" : true
  },
  "speed" : 0.237016,
  "pace" : 15188.84801026091,
  "lastModified" : "12/19/17 15:48:12",
  "startTime" : "09/27/16 12:00:00",
  "originalStartTime" : "09/27/16 12:00:00",
  "originalDuration" : 3600000,
  "elevationGain" : 10.0,
  "hasGps" : false,
  "shouldFetchDetails" : false
},{
  "logId" : 11419130037,
  "activityName" : "Walk",
  "activityTypeId" : 90013,
  "activityLevel" : [{
    "minutes" : 0,
    "name" : "sedentary"
  },{
    "minutes" : 60,
    "name" : "lightly"
  },{
    "minutes" : 0,
    "name" : "fairly"
  },{
    "minutes" : 0,
    "name" : "very"
  }],
  "calories" : 153,
  "distance" : 0.22365,
  "distanceUnit" : "Mile",
  "duration" : 3600000,
  "activeDuration" : 3600000,
  "steps" : 502,
  "source" : {
    "type" : "app",
    "name" : "Sync Solver - Health to FB",
    "id" : "229KD7",
    "url" : "http://syncsolver.com"
  },
  "logType" : "manual",
  "manualValuesSpecified" : {
    "calories" : false,
    "distance" : false,
    "steps" : true
  },
  "speed" : 0.22365,
  "pace" : 16096.579476861169,
  "lastModified" : "12/19/17 15:48:12",
  "startTime" : "09/27/16 13:00:00",
  "originalStartTime" : "09/27/16 13:00:00",
  "originalDuration" : 3600000,
  "elevationGain" : 10.0,
  "hasGps" : false,
  "shouldFetchDetails" : false
},{
  "logId" : 11420286716,
  "activityName" : "Walk",
  "activityTypeId" : 90013,
  "activityLevel" : [{
    "minutes" : 0,
    "name" : "sedentary"
  },{
    "minutes" : 60,
    "name" : "lightly"
  },{
    "minutes" : 0,
    "name" : "fairly"
  },{
    "minutes" : 0,
    "name" : "very"
  }],
  "calories" : 153,
  "distance" : 0.631748,
  "distanceUnit" : "Mile",
  "duration" : 3600000,
  "activeDuration" : 3600000,
  "steps" : 1418,
  "source" : {
    "type" : "app",
    "name" : "Sync Solver - Health to FB",
    "id" : "229KD7",
    "url" : "http://syncsolver.com"
  },
  "logType" : "manual",
  "manualValuesSpecified" : {
    "calories" : false,
    "distance" : false,
    "steps" : true
  },
  "speed" : 0.631748,
  "pace" : 5698.474708269753,
  "lastModified" : "12/19/17 15:48:13",
  "startTime" : "09/27/16 14:00:00",
  "originalStartTime" : "09/27/16 14:00:00",
  "originalDuration" : 3600000,
  "elevationGain" : 0.0,
  "hasGps" : false,
  "shouldFetchDetails" : false
},{
  "logId" : 11419708386,
  "activityName" : "Walk",
  "activityTypeId" : 90013,
  "activityLevel" : [{
    "minutes" : 0,
    "name" : "sedentary"
  },{
    "minutes" : 60,
    "name" : "lightly"
  },{
    "minutes" : 0,
    "name" : "fairly"
  },{
    "minutes" : 0,
    "name" : "very"
  }],
  "calories" : 153,
  "distance" : 0.065045,
  "distanceUnit" : "Mile",
  "duration" : 3600000,
  "activeDuration" : 3600000,
  "steps" : 146,
  "source" : {
    "type" : "app",
    "name" : "Sync Solver - Health to FB",
    "id" : "229KD7",
    "url" : "http://syncsolver.com"
  },
  "logType" : "manual",
  "manualValuesSpecified" : {
    "calories" : false,
    "distance" : false,
    "steps" : true
  },
  "speed" : 0.065045,
  "pace" : 55346.29871627335,
  "lastModified" : "12/19/17 15:48:13",
  "startTime" : "09/27/16 15:00:00",
  "originalStartTime" : "09/27/16 15:00:00",
  "originalDuration" : 3600000,
  "elevationGain" : 0.0,
  "hasGps" : false,
  "shouldFetchDetails" : false
},{
  "logId" : 11420199475,
  "activityName" : "Walk",
  "activityTypeId" : 90013,
  "activityLevel" : [{
    "minutes" : 0,
    "name" : "sedentary"
  },{
    "minutes" : 60,
    "name" : "lightly"
  },{
    "minutes" : 0,
    "name" : "fairly"
  },{
    "minutes" : 0,
    "name" : "very"
  }],
  "calories" : 153,
  "distance" : 0.376911,
  "distanceUnit" : "Mile",
  "duration" : 3600000,
  "activeDuration" : 3600000,
  "steps" : 846,
  "source" : {
    "type" : "app",
    "name" : "Sync Solver - Health to FB",
    "id" : "229KD7",
    "url" : "http://syncsolver.com"
  },
  "logType" : "manual",
  "manualValuesSpecified" : {
    "calories" : false,
    "distance" : false,
    "steps" : true
  },
  "speed" : 0.376911,
  "pace" : 9551.32644045942,
  "lastModified" : "12/19/17 15:48:14",
  "startTime" : "09/27/16 16:00:00",
  "originalStartTime" : "09/27/16 16:00:00",
  "originalDuration" : 3600000,
  "elevationGain" : 0.0,
  "hasGps" : false,
  "shouldFetchDetails" : false
},{
  "logId" : 11418850415,
  "activityName" : "Walk",
  "activityTypeId" : 90013,
  "activityLevel" : [{
    "minutes" : 0,
    "name" : "sedentary"
  },{
    "minutes" : 60,
    "name" : "lightly"
  },{
    "minutes" : 0,
    "name" : "fairly"
  },{
    "minutes" : 0,
    "name" : "very"
  }],
  "calories" : 153,
  "distance" : 0.086427,
  "distanceUnit" : "Mile",
  "duration" : 3600000,
  "activeDuration" : 3600000,
  "steps" : 194,
  "source" : {
    "type" : "app",
    "name" : "Sync Solver - Health to FB",
    "id" : "229KD7",
    "url" : "http://syncsolver.com"
  },
  "logType" : "manual",
  "manualValuesSpecified" : {
    "calories" : false,
    "distance" : false,
    "steps" : true
  },
  "speed" : 0.086427,
  "pace" : 41653.64990107258,
  "lastModified" : "12/19/17 15:48:14",
  "startTime" : "09/27/16 17:00:00",
  "originalStartTime" : "09/27/16 17:00:00",
  "originalDuration" : 3600000,
  "elevationGain" : 0.0,
  "hasGps" : false,
  "shouldFetchDetails" : false
},{
  "logId" : 11417115536,
  "activityName" : "Walk",
  "activityTypeId" : 90013,
  "activityLevel" : [{
    "minutes" : 0,
    "name" : "sedentary"
  },{
    "minutes" : 60,
    "name" : "lightly"
  },{
    "minutes" : 0,
    "name" : "fairly"
  },{
    "minutes" : 0,
    "name" : "very"
  }],
  "calories" : 153,
  "distance" : 0.269091,
  "distanceUnit" : "Mile",
  "duration" : 3600000,
  "activeDuration" : 3600000,
  "steps" : 604,
  "source" : {
    "type" : "app",
    "name" : "Sync Solver - Health to FB",
    "id" : "229KD7",
    "url" : "http://syncsolver.com"
  },
  "logType" : "manual",
  "manualValuesSpecified" : {
    "calories" : false,
    "distance" : false,
    "steps" : true
  },
  "speed" : 0.269091,
  "pace" : 13378.373858657478,
  "lastModified" : "12/19/17 15:48:15",
  "startTime" : "09/27/16 18:00:00",
  "originalStartTime" : "09/27/16 18:00:00",
  "originalDuration" : 3600000,
  "elevationGain" : 20.0,
  "hasGps" : false,
  "shouldFetchDetails" : false
},{
  "logId" : 11435137067,
  "activityName" : "Walk",
  "activityTypeId" : 90013,
  "activityLevel" : [{
    "minutes" : 0,
    "name" : "sedentary"
  },{
    "minutes" : 60,
    "name" : "lightly"
  },{
    "minutes" : 0,
    "name" : "fairly"
  },{
    "minutes" : 0,
    "name" : "very"
  }],
  "calories" : 153,
  "distance" : 0.325232,
  "distanceUnit" : "Mile",
  "duration" : 3600000,
  "activeDuration" : 3600000,
  "steps" : 730,
  "source" : {
    "type" : "app",
    "name" : "Sync Solver - Health to FB",
    "id" : "229KD7",
    "url" : "http://syncsolver.com"
  },
  "logType" : "manual",
  "manualValuesSpecified" : {
    "calories" : false,
    "distance" : false,
    "steps" : true
  },
  "speed" : 0.325232,
  "pace" : 11069.021498499533,
  "lastModified" : "12/20/17 15:58:39",
  "startTime" : "09/27/16 19:00:00",
  "originalStartTime" : "09/27/16 19:00:00",
  "originalDuration" : 3600000,
  "elevationGain" : 20.0,
  "hasGps" : false,
  "shouldFetchDetails" : false
},{
  "logId" : 11434549186,
  "activityName" : "Walk",
  "activityTypeId" : 90013,
  "activityLevel" : [{
    "minutes" : 0,
    "name" : "sedentary"
  },{
    "minutes" : 60,
    "name" : "lightly"
  },{
    "minutes" : 0,
    "name" : "fairly"
  },{
    "minutes" : 0,
    "name" : "very"
  }],
  "calories" : 153,
  "distance" : 0.18712,
  "distanceUnit" : "Mile",
  "duration" : 3600000,
  "activeDuration" : 3600000,
  "steps" : 420,
  "source" : {
    "type" : "app",
    "name" : "Sync Solver - Health to FB",
    "id" : "229KD7",
    "url" : "http://syncsolver.com"
  },
  "logType" : "manual",
  "manualValuesSpecified" : {
    "calories" : false,
    "distance" : false,
    "steps" : true
  },
  "speed" : 0.18712,
  "pace" : 19238.991021804188,
  "lastModified" : "12/20/17 15:58:40",
  "startTime" : "09/27/16 20:00:00",
  "originalStartTime" : "09/27/16 20:00:00",
  "originalDuration" : 3600000,
  "elevationGain" : 0.0,
  "hasGps" : false,
  "shouldFetchDetails" : false
},{
  "logId" : 11435965941,
  "activityName" : "Walk",
  "activityTypeId" : 90013,
  "activityLevel" : [{
    "minutes" : 0,
    "name" : "sedentary"
  },{
    "minutes" : 60,
    "name" : "lightly"
  },{
    "minutes" : 0,
    "name" : "fairly"
  },{
    "minutes" : 0,
    "name" : "very"
  }],
  "calories" : 153,
  "distance" : 0.254837,
  "distanceUnit" : "Mile",
  "duration" : 3600000,
  "activeDuration" : 3600000,
  "steps" : 572,
  "source" : {
    "type" : "app",
    "name" : "Sync Solver - Health to FB",
    "id" : "229KD7",
    "url" : "http://syncsolver.com"
  },
  "logType" : "manual",
  "manualValuesSpecified" : {
    "calories" : false,
    "distance" : false,
    "steps" : true
  },
  "speed" : 0.254837,
  "pace" : 14126.677052390352,
  "lastModified" : "12/20/17 15:58:40",
  "startTime" : "09/27/16 21:00:00",
  "originalStartTime" : "09/27/16 21:00:00",
  "originalDuration" : 3600000,
  "elevationGain" : 0.0,
  "hasGps" : false,
  "shouldFetchDetails" : false
},{
  "logId" : 11434423825,
  "activityName" : "Walk",
  "activityTypeId" : 90013,
  "activityLevel" : [{
    "minutes" : 0,
    "name" : "sedentary"
  },{
    "minutes" : 60,
    "name" : "lightly"
  },{
    "minutes" : 0,
    "name" : "fairly"
  },{
    "minutes" : 0,
    "name" : "very"
  }],
  "calories" : 153,
  "distance" : 0.051679,
  "distanceUnit" : "Mile",
  "duration" : 3600000,
  "activeDuration" : 3600000,
  "steps" : 116,
  "source" : {
    "type" : "app",
    "name" : "Sync Solver - Health to FB",
    "id" : "229KD7",
    "url" : "http://syncsolver.com"
  },
  "logType" : "manual",
  "manualValuesSpecified" : {
    "calories" : false,
    "distance" : false,
    "steps" : true
  },
  "speed" : 0.051679,
  "pace" : 69660.79064997387,
  "lastModified" : "12/20/17 15:58:41",
  "startTime" : "09/27/16 22:00:00",
  "originalStartTime" : "09/27/16 22:00:00",
  "originalDuration" : 3600000,
  "elevationGain" : 10.0,
  "hasGps" : false,
  "shouldFetchDetails" : false
},{
  "logId" : 11435223914,
  "activityName" : "Walk",
  "activityTypeId" : 90013,
  "activityLevel" : [{
    "minutes" : 0,
    "name" : "sedentary"
  },{
    "minutes" : 60,
    "name" : "lightly"
  },{
    "minutes" : 0,
    "name" : "fairly"
  },{
    "minutes" : 0,
    "name" : "very"
  }],
  "calories" : 153,
  "distance" : 0.124746,
  "distanceUnit" : "Mile",
  "duration" : 3600000,
  "activeDuration" : 3600000,
  "steps" : 280,
  "source" : {
    "type" : "app",
    "name" : "Sync Solver - Health to FB",
    "id" : "229KD7",
    "url" : "http://syncsolver.com"
  },
  "logType" : "manual",
  "manualValuesSpecified" : {
    "calories" : false,
    "distance" : false,
    "steps" : true
  },
  "speed" : 0.124746,
  "pace" : 28858.640758020298,
  "lastModified" : "12/20/17 15:58:41",
  "startTime" : "09/27/16 23:00:00",
  "originalStartTime" : "09/27/16 23:00:00",
  "originalDuration" : 3600000,
  "elevationGain" : 20.0,
  "hasGps" : false,
  "shouldFetchDetails" : false
},{
  "logId" : 11433643198,
  "activityName" : "Walk",
  "activityTypeId" : 90013,
  "activityLevel" : [{
    "minutes" : 0,
    "name" : "sedentary"
  },{
    "minutes" : 60,
    "name" : "lightly"
  },{
    "minutes" : 0,
    "name" : "fairly"
  },{
    "minutes" : 0,
    "name" : "very"
  }],
  "calories" : 153,
  "distance" : 0.572942,
  "distanceUnit" : "Mile",
  "duration" : 3600000,
  "activeDuration" : 3600000,
  "steps" : 1286,
  "source" : {
    "type" : "app",
    "name" : "Sync Solver - Health to FB",
    "id" : "229KD7",
    "url" : "http://syncsolver.com"
  },
  "logType" : "manual",
  "manualValuesSpecified" : {
    "calories" : false,
    "distance" : false,
    "steps" : true
  },
  "speed" : 0.572942,
  "pace" : 6283.35852494668,
  "lastModified" : "12/20/17 15:58:41",
  "startTime" : "09/28/16 00:00:00",
  "originalStartTime" : "09/28/16 00:00:00",
  "originalDuration" : 3600000,
  "elevationGain" : 10.0,
  "hasGps" : false,
  "shouldFetchDetails" : false
},{
  "logId" : 11433556481,
  "activityName" : "Walk",
  "activityTypeId" : 90013,
  "activityLevel" : [{
    "minutes" : 0,
    "name" : "sedentary"
  },{
    "minutes" : 60,
    "name" : "lightly"
  },{
    "minutes" : 0,
    "name" : "fairly"
  },{
    "minutes" : 0,
    "name" : "very"
  }],
  "calories" : 153,
  "distance" : 0.286023,
  "distanceUnit" : "Mile",
  "duration" : 3600000,
  "activeDuration" : 3600000,
  "steps" : 642,
  "source" : {
    "type" : "app",
    "name" : "Sync Solver - Health to FB",
    "id" : "229KD7",
    "url" : "http://syncsolver.com"
  },
  "logType" : "manual",
  "manualValuesSpecified" : {
    "calories" : false,
    "distance" : false,
    "steps" : true
  },
  "speed" : 0.286023,
  "pace" : 12586.400394373877,
  "lastModified" : "12/20/17 15:58:42",
  "startTime" : "09/28/16 01:00:00",
  "originalStartTime" : "09/28/16 01:00:00",
  "originalDuration" : 3600000,
  "elevationGain" : 0.0,
  "hasGps" : false,
  "shouldFetchDetails" : false
},{
  "logId" : 11434992593,
  "activityName" : "Walk",
  "activityTypeId" : 90013,
  "activityLevel" : [{
    "minutes" : 0,
    "name" : "sedentary"
  },{
    "minutes" : 60,
    "name" : "lightly"
  },{
    "minutes" : 0,
    "name" : "fairly"
  },{
    "minutes" : 0,
    "name" : "very"
  }],
  "calories" : 153,
  "distance" : 0.063262,
  "distanceUnit" : "Mile",
  "duration" : 3600000,
  "activeDuration" : 3600000,
  "steps" : 142,
  "source" : {
    "type" : "app",
    "name" : "Sync Solver - Health to FB",
    "id" : "229KD7",
    "url" : "http://syncsolver.com"
  },
  "logType" : "manual",
  "manualValuesSpecified" : {
    "calories" : false,
    "distance" : false,
    "steps" : true
  },
  "speed" : 0.063262,
  "pace" : 56906.19961430242,
  "lastModified" : "12/20/17 15:58:42",
  "startTime" : "09/28/16 02:00:00",
  "originalStartTime" : "09/28/16 02:00:00",
  "originalDuration" : 3600000,
  "elevationGain" : 10.0,
  "hasGps" : false,
  "shouldFetchDetails" : false
},{
  "logId" : 11434867141,
  "activityName" : "Walk",
  "activityTypeId" : 90013,
  "activityLevel" : [{
    "minutes" : 0,
    "name" : "sedentary"
  },{
    "minutes" : 60,
    "name" : "lightly"
  },{
    "minutes" : 0,
    "name" : "fairly"
  },{
    "minutes" : 0,
    "name" : "very"
  }],
  "calories" : 153,
  "distance" : 0.026731,
  "distanceUnit" : "Mile",
  "duration" : 3600000,
  "activeDuration" : 3600000,
  "steps" : 60,
  "source" : {
    "type" : "app",
    "name" : "Sync Solver - Health to FB",
    "id" : "229KD7",
    "url" : "http://syncsolver.com"
  },
  "logType" : "manual",
  "manualValuesSpecified" : {
    "calories" : false,
    "distance" : false,
    "steps" : true
  },
  "speed" : 0.026731,
  "pace" : 134675.0963301036,
  "lastModified" : "12/20/17 15:58:43",
  "startTime" : "09/28/16 03:00:00",
  "originalStartTime" : "09/28/16 03:00:00",
  "originalDuration" : 3600000,
  "elevationGain" : 0.0,
  "hasGps" : false,
  "shouldFetchDetails" : false
},{
  "logId" : 11432881685,
  "activityName" : "Walk",
  "activityTypeId" : 90013,
  "activityLevel" : [{
    "minutes" : 0,
    "name" : "sedentary"
  },{
    "minutes" : 60,
    "name" : "lightly"
  },{
    "minutes" : 0,
    "name" : "fairly"
  },{
    "minutes" : 0,
    "name" : "very"
  }],
  "calories" : 153,
  "distance" : 0.00891,
  "distanceUnit" : "Mile",
  "duration" : 3600000,
  "activeDuration" : 3600000,
  "steps" : 20,
  "source" : {
    "type" : "app",
    "name" : "Sync Solver - Health to FB",
    "id" : "229KD7",
    "url" : "http://syncsolver.com"
  },
  "logType" : "manual",
  "manualValuesSpecified" : {
    "calories" : false,
    "distance" : false,
    "steps" : true
  },
  "speed" : 0.00891,
  "pace" : 404040.4040404041,
  "lastModified" : "12/20/17 15:58:43",
  "startTime" : "09/28/16 05:00:00",
  "originalStartTime" : "09/28/16 05:00:00",
  "originalDuration" : 3600000,
  "elevationGain" : 0.0,
  "hasGps" : false,
  "shouldFetchDetails" : false
},{
  "logId" : 11433864832,
  "activityName" : "Walk",
  "activityTypeId" : 90013,
  "activityLevel" : [{
    "minutes" : 0,
    "name" : "sedentary"
  },{
    "minutes" : 60,
    "name" : "lightly"
  },{
    "minutes" : 0,
    "name" : "fairly"
  },{
    "minutes" : 0,
    "name" : "very"
  }],
  "calories" : 153,
  "distance" : 0.010688,
  "distanceUnit" : "Mile",
  "duration" : 3600000,
  "activeDuration" : 3600000,
  "steps" : 24,
  "source" : {
    "type" : "app",
    "name" : "Sync Solver - Health to FB",
    "id" : "229KD7",
    "url" : "http://syncsolver.com"
  },
  "logType" : "manual",
  "manualValuesSpecified" : {
    "calories" : false,
    "distance" : false,
    "steps" : true
  },
  "speed" : 0.010688,
  "pace" : 336826.34730538924,
  "lastModified" : "12/20/17 15:58:44",
  "startTime" : "09/28/16 06:00:00",
  "originalStartTime" : "09/28/16 06:00:00",
  "originalDuration" : 3600000,
  "elevationGain" : 0.0,
  "hasGps" : false,
  "shouldFetchDetails" : false
},{
  "logId" : 11434365990,
  "activityName" : "Walk",
  "activityTypeId" : 90013,
  "activityLevel" : [{
    "minutes" : 0,
    "name" : "sedentary"
  },{
    "minutes" : 60,
    "name" : "lightly"
  },{
    "minutes" : 0,
    "name" : "fairly"
  },{
    "minutes" : 0,
    "name" : "very"
  }],
  "calories" : 153,
  "distance" : 0.005344,
  "distanceUnit" : "Mile",
  "duration" : 3600000,
  "activeDuration" : 3600000,
  "steps" : 12,
  "source" : {
    "type" : "app",
    "name" : "Sync Solver - Health to FB",
    "id" : "229KD7",
    "url" : "http://syncsolver.com"
  },
  "logType" : "manual",
  "manualValuesSpecified" : {
    "calories" : false,
    "distance" : false,
    "steps" : true
  },
  "speed" : 0.005344,
  "pace" : 673652.6946107785,
  "lastModified" : "12/20/17 15:58:44",
  "startTime" : "09/28/16 08:00:00",
  "originalStartTime" : "09/28/16 08:00:00",
  "originalDuration" : 3600000,
  "elevationGain" : 0.0,
  "hasGps" : false,
  "shouldFetchDetails" : false
},{
  "logId" : 11432881686,
  "activityName" : "Walk",
  "activityTypeId" : 90013,
  "activityLevel" : [{
    "minutes" : 0,
    "name" : "sedentary"
  },{
    "minutes" : 60,
    "name" : "lightly"
  },{
    "minutes" : 0,
    "name" : "fairly"
  },{
    "minutes" : 0,
    "name" : "very"
  }],
  "calories" : 153,
  "distance" : 0.016926,
  "distanceUnit" : "Mile",
  "duration" : 3600000,
  "activeDuration" : 3600000,
  "steps" : 38,
  "source" : {
    "type" : "app",
    "name" : "Sync Solver - Health to FB",
    "id" : "229KD7",
    "url" : "http://syncsolver.com"
  },
  "logType" : "manual",
  "manualValuesSpecified" : {
    "calories" : false,
    "distance" : false,
    "steps" : true
  },
  "speed" : 0.016926,
  "pace" : 212690.53527118044,
  "lastModified" : "12/20/17 15:58:45",
  "startTime" : "09/28/16 09:00:00",
  "originalStartTime" : "09/28/16 09:00:00",
  "originalDuration" : 3600000,
  "elevationGain" : 0.0,
  "hasGps" : false,
  "shouldFetchDetails" : false
},{
  "logId" : 11435252834,
  "activityName" : "Walk",
  "activityTypeId" : 90013,
  "activityLevel" : [{
    "minutes" : 0,
    "name" : "sedentary"
  },{
    "minutes" : 60,
    "name" : "lightly"
  },{
    "minutes" : 0,
    "name" : "fairly"
  },{
    "minutes" : 0,
    "name" : "very"
  }],
  "calories" : 153,
  "distance" : 0.032964,
  "distanceUnit" : "Mile",
  "duration" : 3600000,
  "activeDuration" : 3600000,
  "steps" : 74,
  "source" : {
    "type" : "app",
    "name" : "Sync Solver - Health to FB",
    "id" : "229KD7",
    "url" : "http://syncsolver.com"
  },
  "logType" : "manual",
  "manualValuesSpecified" : {
    "calories" : false,
    "distance" : false,
    "steps" : true
  },
  "speed" : 0.032964,
  "pace" : 109210.04732435384,
  "lastModified" : "12/20/17 15:58:45",
  "startTime" : "09/28/16 10:00:00",
  "originalStartTime" : "09/28/16 10:00:00",
  "originalDuration" : 3600000,
  "elevationGain" : 0.0,
  "hasGps" : false,
  "shouldFetchDetails" : false
},{
  "logId" : 11433488972,
  "activityName" : "Walk",
  "activityTypeId" : 90013,
  "activityLevel" : [{
    "minutes" : 0,
    "name" : "sedentary"
  },{
    "minutes" : 60,
    "name" : "lightly"
  },{
    "minutes" : 0,
    "name" : "fairly"
  },{
    "minutes" : 0,
    "name" : "very"
  }],
  "calories" : 153,
  "distance" : 0.033859,
  "distanceUnit" : "Mile",
  "duration" : 3600000,
  "activeDuration" : 3600000,
  "steps" : 76,
  "source" : {
    "type" : "app",
    "name" : "Sync Solver - Health to FB",
    "id" : "229KD7",
    "url" : "http://syncsolver.com"
  },
  "logType" : "manual",
  "manualValuesSpecified" : {
    "calories" : false,
    "distance" : false,
    "steps" : true
  },
  "speed" : 0.033859,
  "pace" : 106323.28184529963,
  "lastModified" : "12/20/17 15:58:46",
  "startTime" : "09/28/16 11:00:00",
  "originalStartTime" : "09/28/16 11:00:00",
  "originalDuration" : 3600000,
  "elevationGain" : 0.0,
  "hasGps" : false,
  "shouldFetchDetails" : false
},{
  "logId" : 11434346776,
  "activityName" : "Walk",
  "activityTypeId" : 90013,
  "activityLevel" : [{
    "minutes" : 0,
    "name" : "sedentary"
  },{
    "minutes" : 60,
    "name" : "lightly"
  },{
    "minutes" : 0,
    "name" : "fairly"
  },{
    "minutes" : 0,
    "name" : "very"
  }],
  "calories" : 153,
  "distance" : 0.253948,
  "distanceUnit" : "Mile",
  "duration" : 3600000,
  "activeDuration" : 3600000,
  "steps" : 570,
  "source" : {
    "type" : "app",
    "name" : "Sync Solver - Health to FB",
    "id" : "229KD7",
    "url" : "http://syncsolver.com"
  },
  "logType" : "manual",
  "manualValuesSpecified" : {
    "calories" : false,
    "distance" : false,
    "steps" : true
  },
  "speed" : 0.253948,
  "pace" : 14176.130546411076,
  "lastModified" : "12/20/17 15:58:46",
  "startTime" : "09/28/16 12:00:00",
  "originalStartTime" : "09/28/16 12:00:00",
  "originalDuration" : 3600000,
  "elevationGain" : 0.0,
  "hasGps" : false,
  "shouldFetchDetails" : false
},{
  "logId" : 11434992594,
  "activityName" : "Walk",
  "activityTypeId" : 90013,
  "activityLevel" : [{
    "minutes" : 0,
    "name" : "sedentary"
  },{
    "minutes" : 60,
    "name" : "lightly"
  },{
    "minutes" : 0,
    "name" : "fairly"
  },{
    "minutes" : 0,
    "name" : "very"
  }],
  "calories" : 153,
  "distance" : 0.406315,
  "distanceUnit" : "Mile",
  "duration" : 3600000,
  "activeDuration" : 3600000,
  "steps" : 912,
  "source" : {
    "type" : "app",
    "name" : "Sync Solver - Health to FB",
    "id" : "229KD7",
    "url" : "http://syncsolver.com"
  },
  "logType" : "manual",
  "manualValuesSpecified" : {
    "calories" : false,
    "distance" : false,
    "steps" : true
  },
  "speed" : 0.406315,
  "pace" : 8860.120842203709,
  "lastModified" : "12/20/17 15:58:46",
  "startTime" : "09/28/16 13:00:00",
  "originalStartTime" : "09/28/16 13:00:00",
  "originalDuration" : 3600000,
  "elevationGain" : 10.0,
  "hasGps" : false,
  "shouldFetchDetails" : false
},{
  "logId" : 11434436398,
  "activityName" : "Walk",
  "activityTypeId" : 90013,
  "activityLevel" : [{
    "minutes" : 0,
    "name" : "sedentary"
  },{
    "minutes" : 60,
    "name" : "lightly"
  },{
    "minutes" : 0,
    "name" : "fairly"
  },{
    "minutes" : 0,
    "name" : "very"
  }],
  "calories" : 153,
  "distance" : 0.394732,
  "distanceUnit" : "Mile",
  "duration" : 3600000,
  "activeDuration" : 3600000,
  "steps" : 886,
  "source" : {
    "type" : "app",
    "name" : "Sync Solver - Health to FB",
    "id" : "229KD7",
    "url" : "http://syncsolver.com"
  },
  "logType" : "manual",
  "manualValuesSpecified" : {
    "calories" : false,
    "distance" : false,
    "steps" : true
  },
  "speed" : 0.394732,
  "pace" : 9120.111873372312,
  "lastModified" : "12/21/17 15:43:00",
  "startTime" : "09/28/16 14:00:00",
  "originalStartTime" : "09/28/16 14:00:00",
  "originalDuration" : 3600000,
  "elevationGain" : 0.0,
  "hasGps" : false,
  "shouldFetchDetails" : false
},{
  "logId" : 11435149676,
  "activityName" : "Walk",
  "activityTypeId" : 90013,
  "activityLevel" : [{
    "minutes" : 0,
    "name" : "sedentary"
  },{
    "minutes" : 60,
    "name" : "lightly"
  },{
    "minutes" : 0,
    "name" : "fairly"
  },{
    "minutes" : 0,
    "name" : "very"
  }],
  "calories" : 153,
  "distance" : 0.50433,
  "distanceUnit" : "Mile",
  "duration" : 3600000,
  "activeDuration" : 3600000,
  "steps" : 1132,
  "source" : {
    "type" : "app",
    "name" : "Sync Solver - Health to FB",
    "id" : "229KD7",
    "url" : "http://syncsolver.com"
  },
  "logType" : "manual",
  "manualValuesSpecified" : {
    "calories" : false,
    "distance" : false,
    "steps" : true
  },
  "speed" : 0.50433,
  "pace" : 7138.18333234192,
  "lastModified" : "12/21/17 15:43:00",
  "startTime" : "09/28/16 15:00:00",
  "originalStartTime" : "09/28/16 15:00:00",
  "originalDuration" : 3600000,
  "elevationGain" : 0.0,
  "hasGps" : false,
  "shouldFetchDetails" : false
},{
  "logId" : 11435901365,
  "activityName" : "Walk",
  "activityTypeId" : 90013,
  "activityLevel" : [{
    "minutes" : 0,
    "name" : "sedentary"
  },{
    "minutes" : 60,
    "name" : "lightly"
  },{
    "minutes" : 0,
    "name" : "fairly"
  },{
    "minutes" : 0,
    "name" : "very"
  }],
  "calories" : 153,
  "distance" : 0.203157,
  "distanceUnit" : "Mile",
  "duration" : 3600000,
  "activeDuration" : 3600000,
  "steps" : 456,
  "source" : {
    "type" : "app",
    "name" : "Sync Solver - Health to FB",
    "id" : "229KD7",
    "url" : "http://syncsolver.com"
  },
  "logType" : "manual",
  "manualValuesSpecified" : {
    "calories" : false,
    "distance" : false,
    "steps" : true
  },
  "speed" : 0.203157,
  "pace" : 17720.285296593276,
  "lastModified" : "12/21/17 15:43:01",
  "startTime" : "09/28/16 16:00:00",
  "originalStartTime" : "09/28/16 16:00:00",
  "originalDuration" : 3600000,
  "elevationGain" : 0.0,
  "hasGps" : false,
  "shouldFetchDetails" : false
},{
  "logId" : 11434947092,
  "activityName" : "Walk",
  "activityTypeId" : 90013,
  "activityLevel" : [{
    "minutes" : 0,
    "name" : "sedentary"
  },{
    "minutes" : 60,
    "name" : "lightly"
  },{
    "minutes" : 0,
    "name" : "fairly"
  },{
    "minutes" : 0,
    "name" : "very"
  }],
  "calories" : 153,
  "distance" : 0.066828,
  "distanceUnit" : "Mile",
  "duration" : 3600000,
  "activeDuration" : 3600000,
  "steps" : 150,
  "source" : {
    "type" : "app",
    "name" : "Sync Solver - Health to FB",
    "id" : "229KD7",
    "url" : "http://syncsolver.com"
  },
  "logType" : "manual",
  "manualValuesSpecified" : {
    "calories" : false,
    "distance" : false,
    "steps" : true
  },
  "speed" : 0.066828,
  "pace" : 53869.635482133235,
  "lastModified" : "12/21/17 15:43:01",
  "startTime" : "09/28/16 17:00:00",
  "originalStartTime" : "09/28/16 17:00:00",
  "originalDuration" : 3600000,
  "elevationGain" : 0.0,
  "hasGps" : false,
  "shouldFetchDetails" : false
},{
  "logId" : 11435245932,
  "activityName" : "Walk",
  "activityTypeId" : 90013,
  "activityLevel" : [{
    "minutes" : 0,
    "name" : "sedentary"
  },{
    "minutes" : 60,
    "name" : "lightly"
  },{
    "minutes" : 0,
    "name" : "fairly"
  },{
    "minutes" : 0,
    "name" : "very"
  }],
  "calories" : 153,
  "distance" : 0.108703,
  "distanceUnit" : "Mile",
  "duration" : 3600000,
  "activeDuration" : 3600000,
  "steps" : 244,
  "source" : {
    "type" : "app",
    "name" : "Sync Solver - Health to FB",
    "id" : "229KD7",
    "url" : "http://syncsolver.com"
  },
  "logType" : "manual",
  "manualValuesSpecified" : {
    "calories" : false,
    "distance" : false,
    "steps" : true
  },
  "speed" : 0.108703,
  "pace" : 33117.76123934022,
  "lastModified" : "12/21/17 15:43:02",
  "startTime" : "09/28/16 18:00:00",
  "originalStartTime" : "09/28/16 18:00:00",
  "originalDuration" : 3600000,
  "elevationGain" : 0.0,
  "hasGps" : false,
  "shouldFetchDetails" : false
},{
  "logId" : 11433607339,
  "activityName" : "Walk",
  "activityTypeId" : 90013,
  "activityLevel" : [{
    "minutes" : 0,
    "name" : "sedentary"
  },{
    "minutes" : 60,
    "name" : "lightly"
  },{
    "minutes" : 0,
    "name" : "fairly"
  },{
    "minutes" : 0,
    "name" : "very"
  }],
  "calories" : 153,
  "distance" : 0.007568,
  "distanceUnit" : "Mile",
  "duration" : 3600000,
  "activeDuration" : 3600000,
  "steps" : 17,
  "source" : {
    "type" : "app",
    "name" : "Sync Solver - Health to FB",
    "id" : "229KD7",
    "url" : "http://syncsolver.com"
  },
  "logType" : "manual",
  "manualValuesSpecified" : {
    "calories" : false,
    "distance" : false,
    "steps" : true
  },
  "speed" : 0.007568,
  "pace" : 475687.1035940803,
  "lastModified" : "12/21/17 15:43:02",
  "startTime" : "09/28/16 19:00:00",
  "originalStartTime" : "09/28/16 19:00:00",
  "originalDuration" : 3600000,
  "elevationGain" : 10.0,
  "hasGps" : false,
  "shouldFetchDetails" : false
},{
  "logId" : 11433742230,
  "activityName" : "Walk",
  "activityTypeId" : 90013,
  "activityLevel" : [{
    "minutes" : 0,
    "name" : "sedentary"
  },{
    "minutes" : 60,
    "name" : "lightly"
  },{
    "minutes" : 0,
    "name" : "fairly"
  },{
    "minutes" : 0,
    "name" : "very"
  }],
  "calories" : 153,
  "distance" : 0.198702,
  "distanceUnit" : "Mile",
  "duration" : 3600000,
  "activeDuration" : 3600000,
  "steps" : 446,
  "source" : {
    "type" : "app",
    "name" : "Sync Solver - Health to FB",
    "id" : "229KD7",
    "url" : "http://syncsolver.com"
  },
  "logType" : "manual",
  "manualValuesSpecified" : {
    "calories" : false,
    "distance" : false,
    "steps" : true
  },
  "speed" : 0.198702,
  "pace" : 18117.583114412537,
  "lastModified" : "12/21/17 15:43:03",
  "startTime" : "09/28/16 20:00:00",
  "originalStartTime" : "09/28/16 20:00:00",
  "originalDuration" : 3600000,
  "elevationGain" : 0.0,
  "hasGps" : false,
  "shouldFetchDetails" : false
},{
  "logId" : 11434339991,
  "activityName" : "Walk",
  "activityTypeId" : 90013,
  "activityLevel" : [{
    "minutes" : 0,
    "name" : "sedentary"
  },{
    "minutes" : 60,
    "name" : "lightly"
  },{
    "minutes" : 0,
    "name" : "fairly"
  },{
    "minutes" : 0,
    "name" : "very"
  }],
  "calories" : 153,
  "distance" : 0.075739,
  "distanceUnit" : "Mile",
  "duration" : 3600000,
  "activeDuration" : 3600000,
  "steps" : 170,
  "source" : {
    "type" : "app",
    "name" : "Sync Solver - Health to FB",
    "id" : "229KD7",
    "url" : "http://syncsolver.com"
  },
  "logType" : "manual",
  "manualValuesSpecified" : {
    "calories" : false,
    "distance" : false,
    "steps" : true
  },
  "speed" : 0.075739,
  "pace" : 47531.65476174758,
  "lastModified" : "12/21/17 15:43:03",
  "startTime" : "09/28/16 21:00:00",
  "originalStartTime" : "09/28/16 21:00:00",
  "originalDuration" : 3600000,
  "elevationGain" : 10.0,
  "hasGps" : false,
  "shouldFetchDetails" : false
}]