[{
  "logId" : 8157144571,
  "activityName" : "Sport",
  "activityTypeId" : 15000,
  "activityLevel" : [{
    "minutes" : 0,
    "name" : "sedentary"
  },{
    "minutes" : 2,
    "name" : "lightly"
  },{
    "minutes" : 18,
    "name" : "fairly"
  },{
    "minutes" : 1,
    "name" : "very"
  }],
  "calories" : 118,
  "duration" : 1279000,
  "activeDuration" : 1279000,
  "steps" : 1292,
  "logType" : "auto_detected",
  "manualValuesSpecified" : {
    "calories" : false,
    "distance" : false,
    "steps" : false
  },
  "lastModified" : "06/09/17 01:56:09",
  "startTime" : "06/09/17 01:22:13",
  "originalStartTime" : "06/09/17 01:22:13",
  "originalDuration" : 1279000,
  "hasGps" : false,
  "shouldFetchDetails" : false
},{
  "logId" : 8181451157,
  "activityName" : "Elliptical Trainer (MyFitnessPal)",
  "activityTypeId" : 5493232,
  "activityLevel" : [{
    "minutes" : 0,
    "name" : "sedentary"
  },{
    "minutes" : 0,
    "name" : "lightly"
  },{
    "minutes" : 0,
    "name" : "fairly"
  },{
    "minutes" : 36,
    "name" : "very"
  }],
  "calories" : 416,
  "distance" : 0.0,
  "distanceUnit" : "Mile",
  "duration" : 2160000,
  "activeDuration" : 2160000,
  "steps" : 4989,
  "source" : {
    "type" : "app",
    "name" : "MyFitnessPal",
    "id" : "228VC7",
    "url" : "http://www.myfitnesspal.com"
  },
  "logType" : "manual",
  "manualValuesSpecified" : {
    "calories" : true,
    "distance" : true,
    "steps" : false
  },
  "speed" : 0.0,
  "lastModified" : "06/10/17 16:52:51",
  "startTime" : "06/10/17 16:14:00",
  "originalStartTime" : "06/10/17 16:14:00",
  "originalDuration" : 2160000,
  "hasGps" : false,
  "shouldFetchDetails" : false
},{
  "logId" : 8221088099,
  "activityName" : "Elliptical Trainer (MyFitnessPal)",
  "activityTypeId" : 5493232,
  "activityLevel" : [{
    "minutes" : 0,
    "name" : "sedentary"
  },{
    "minutes" : 0,
    "name" : "lightly"
  },{
    "minutes" : 0,
    "name" : "fairly"
  },{
    "minutes" : 36,
    "name" : "very"
  }],
  "calories" : 433,
  "distance" : 0.0,
  "distanceUnit" : "Mile",
  "duration" : 2160000,
  "activeDuration" : 2160000,
  "steps" : 5569,
  "source" : {
    "type" : "app",
    "name" : "MyFitnessPal",
    "id" : "228VC7",
    "url" : "http://www.myfitnesspal.com"
  },
  "logType" : "manual",
  "manualValuesSpecified" : {
    "calories" : true,
    "distance" : true,
    "steps" : false
  },
  "speed" : 0.0,
  "lastModified" : "06/13/17 00:34:46",
  "startTime" : "06/12/17 16:37:00",
  "originalStartTime" : "06/12/17 16:37:00",
  "originalDuration" : 2160000,
  "hasGps" : false,
  "shouldFetchDetails" : false
},{
  "logId" : 8246801904,
  "activityName" : "Elliptical Trainer (MyFitnessPal)",
  "activityTypeId" : 5493232,
  "activityLevel" : [{
    "minutes" : 0,
    "name" : "sedentary"
  },{
    "minutes" : 0,
    "name" : "lightly"
  },{
    "minutes" : 0,
    "name" : "fairly"
  },{
    "minutes" : 61,
    "name" : "very"
  }],
  "calories" : 688,
  "distance" : 0.0,
  "distanceUnit" : "Mile",
  "duration" : 3660000,
  "activeDuration" : 3660000,
  "steps" : 8466,
  "source" : {
    "type" : "app",
    "name" : "MyFitnessPal",
    "id" : "228VC7",
    "url" : "http://www.myfitnesspal.com"
  },
  "logType" : "manual",
  "manualValuesSpecified" : {
    "calories" : true,
    "distance" : true,
    "steps" : false
  },
  "speed" : 0.0,
  "lastModified" : "06/14/17 13:18:05",
  "startTime" : "06/13/17 15:36:00",
  "originalStartTime" : "06/13/17 15:36:00",
  "originalDuration" : 3660000,
  "hasGps" : false,
  "shouldFetchDetails" : false
},{
  "logId" : 8245094847,
  "activityName" : "Sport",
  "activityTypeId" : 15000,
  "activityLevel" : [{
    "minutes" : 0,
    "name" : "sedentary"
  },{
    "minutes" : 1,
    "name" : "lightly"
  },{
    "minutes" : 17,
    "name" : "fairly"
  },{
    "minutes" : 6,
    "name" : "very"
  }],
  "calories" : 159,
  "duration" : 1484000,
  "activeDuration" : 1484000,
  "steps" : 1819,
  "logType" : "auto_detected",
  "manualValuesSpecified" : {
    "calories" : false,
    "distance" : false,
    "steps" : false
  },
  "lastModified" : "06/13/17 23:21:05",
  "startTime" : "06/13/17 22:41:24",
  "originalStartTime" : "06/13/17 22:41:24",
  "originalDuration" : 1484000,
  "hasGps" : false,
  "shouldFetchDetails" : false
},{
  "logId" : 8247383314,
  "activityName" : "Elliptical Trainer (MyFitnessPal)",
  "activityTypeId" : 5493232,
  "activityLevel" : [{
    "minutes" : 0,
    "name" : "sedentary"
  },{
    "minutes" : 0,
    "name" : "lightly"
  },{
    "minutes" : 0,
    "name" : "fairly"
  },{
    "minutes" : 36,
    "name" : "very"
  }],
  "calories" : 418,
  "distance" : 0.0,
  "distanceUnit" : "Mile",
  "duration" : 2160000,
  "activeDuration" : 2160000,
  "steps" : 4946,
  "source" : {
    "type" : "app",
    "name" : "MyFitnessPal",
    "id" : "228VC7",
    "url" : "http://www.myfitnesspal.com"
  },
  "logType" : "manual",
  "manualValuesSpecified" : {
    "calories" : true,
    "distance" : true,
    "steps" : false
  },
  "speed" : 0.0,
  "lastModified" : "06/14/17 14:06:56",
  "startTime" : "06/14/17 13:29:00",
  "originalStartTime" : "06/14/17 13:29:00",
  "originalDuration" : 2160000,
  "hasGps" : false,
  "shouldFetchDetails" : false
},{
  "logId" : 8283229343,
  "activityName" : "Elliptical Trainer (MyFitnessPal)",
  "activityTypeId" : 5493232,
  "activityLevel" : [{
    "minutes" : 0,
    "name" : "sedentary"
  },{
    "minutes" : 0,
    "name" : "lightly"
  },{
    "minutes" : 0,
    "name" : "fairly"
  },{
    "minutes" : 36,
    "name" : "very"
  }],
  "calories" : 420,
  "distance" : 0.0,
  "distanceUnit" : "Mile",
  "duration" : 2160000,
  "activeDuration" : 2160000,
  "steps" : 5053,
  "source" : {
    "type" : "app",
    "name" : "MyFitnessPal",
    "id" : "228VC7",
    "url" : "http://www.myfitnesspal.com"
  },
  "logType" : "manual",
  "manualValuesSpecified" : {
    "calories" : true,
    "distance" : true,
    "steps" : false
  },
  "speed" : 0.0,
  "lastModified" : "06/16/17 13:55:39",
  "startTime" : "06/16/17 13:18:00",
  "originalStartTime" : "06/16/17 13:18:00",
  "originalDuration" : 2160000,
  "hasGps" : false,
  "shouldFetchDetails" : false
},{
  "logId" : 8297094414,
  "activityName" : "Sport",
  "activityTypeId" : 15000,
  "activityLevel" : [{
    "minutes" : 0,
    "name" : "sedentary"
  },{
    "minutes" : 1,
    "name" : "lightly"
  },{
    "minutes" : 12,
    "name" : "fairly"
  },{
    "minutes" : 4,
    "name" : "very"
  }],
  "calories" : 107,
  "duration" : 1076000,
  "activeDuration" : 1076000,
  "steps" : 1141,
  "logType" : "auto_detected",
  "manualValuesSpecified" : {
    "calories" : false,
    "distance" : false,
    "steps" : false
  },
  "lastModified" : "06/16/17 15:33:58",
  "startTime" : "06/16/17 15:08:42",
  "originalStartTime" : "06/16/17 15:08:42",
  "originalDuration" : 1076000,
  "hasGps" : false,
  "shouldFetchDetails" : false
},{
  "logId" : 8304293463,
  "activityName" : "Walk",
  "activityTypeId" : 90013,
  "activityLevel" : [{
    "minutes" : 0,
    "name" : "sedentary"
  },{
    "minutes" : 7,
    "name" : "lightly"
  },{
    "minutes" : 9,
    "name" : "fairly"
  },{
    "minutes" : 13,
    "name" : "very"
  }],
  "calories" : 181,
  "duration" : 1793000,
  "activeDuration" : 1793000,
  "steps" : 1937,
  "logType" : "auto_detected",
  "manualValuesSpecified" : {
    "calories" : false,
    "distance" : false,
    "steps" : false
  },
  "lastModified" : "06/16/17 23:33:23",
  "startTime" : "06/16/17 22:52:56",
  "originalStartTime" : "06/16/17 22:52:56",
  "originalDuration" : 1793000,
  "elevationGain" : 0.0,
  "hasGps" : false,
  "shouldFetchDetails" : false
},{
  "logId" : 8337574814,
  "activityName" : "Sport",
  "activityTypeId" : 15000,
  "activityLevel" : [{
    "minutes" : 1,
    "name" : "sedentary"
  },{
    "minutes" : 13,
    "name" : "lightly"
  },{
    "minutes" : 29,
    "name" : "fairly"
  },{
    "minutes" : 1,
    "name" : "very"
  }],
  "calories" : 217,
  "duration" : 2663000,
  "activeDuration" : 2663000,
  "steps" : 2110,
  "logType" : "auto_detected",
  "manualValuesSpecified" : {
    "calories" : false,
    "distance" : false,
    "steps" : false
  },
  "lastModified" : "06/19/17 02:09:46",
  "startTime" : "06/18/17 17:54:17",
  "originalStartTime" : "06/18/17 17:54:17",
  "originalDuration" : 2663000,
  "hasGps" : false,
  "shouldFetchDetails" : false
},{
  "logId" : 8337574816,
  "activityName" : "Sport",
  "activityTypeId" : 15000,
  "activityLevel" : [{
    "minutes" : 5,
    "name" : "sedentary"
  },{
    "minutes" : 30,
    "name" : "lightly"
  },{
    "minutes" : 0,
    "name" : "fairly"
  },{
    "minutes" : 0,
    "name" : "very"
  }],
  "calories" : 124,
  "duration" : 2100000,
  "activeDuration" : 2100000,
  "steps" : 744,
  "logType" : "auto_detected",
  "manualValuesSpecified" : {
    "calories" : false,
    "distance" : false,
    "steps" : false
  },
  "lastModified" : "06/19/17 02:09:47",
  "startTime" : "06/19/17 00:50:42",
  "originalStartTime" : "06/19/17 00:50:42",
  "originalDuration" : 2100000,
  "hasGps" : false,
  "shouldFetchDetails" : false
},{
  "logId" : 8348921273,
  "activityName" : "Elliptical Trainer (MyFitnessPal)",
  "activityTypeId" : 5493232,
  "activityLevel" : [{
    "minutes" : 0,
    "name" : "sedentary"
  },{
    "minutes" : 0,
    "name" : "lightly"
  },{
    "minutes" : 0,
    "name" : "fairly"
  },{
    "minutes" : 66,
    "name" : "very"
  }],
  "calories" : 811,
  "distance" : 0.0,
  "distanceUnit" : "Mile",
  "duration" : 3960000,
  "activeDuration" : 3960000,
  "steps" : 9606,
  "source" : {
    "type" : "app",
    "name" : "MyFitnessPal",
    "id" : "228VC7",
    "url" : "http://www.myfitnesspal.com"
  },
  "logType" : "manual",
  "manualValuesSpecified" : {
    "calories" : true,
    "distance" : true,
    "steps" : false
  },
  "speed" : 0.0,
  "lastModified" : "06/20/17 14:24:35",
  "startTime" : "06/20/17 13:16:00",
  "originalStartTime" : "06/20/17 13:16:00",
  "originalDuration" : 3960000,
  "hasGps" : false,
  "shouldFetchDetails" : false
},{
  "logId" : 8373889638,
  "activityName" : "Elliptical Trainer (MyFitnessPal)",
  "activityTypeId" : 5493232,
  "activityLevel" : [{
    "minutes" : 0,
    "name" : "sedentary"
  },{
    "minutes" : 0,
    "name" : "lightly"
  },{
    "minutes" : 0,
    "name" : "fairly"
  },{
    "minutes" : 36,
    "name" : "very"
  }],
  "calories" : 442,
  "distance" : 0.0,
  "distanceUnit" : "Mile",
  "duration" : 2160000,
  "activeDuration" : 2160000,
  "steps" : 4934,
  "source" : {
    "type" : "app",
    "name" : "MyFitnessPal",
    "id" : "228VC7",
    "url" : "http://www.myfitnesspal.com"
  },
  "logType" : "manual",
  "manualValuesSpecified" : {
    "calories" : true,
    "distance" : true,
    "steps" : false
  },
  "speed" : 0.0,
  "lastModified" : "06/21/17 13:55:45",
  "startTime" : "06/21/17 13:18:00",
  "originalStartTime" : "06/21/17 13:18:00",
  "originalDuration" : 2160000,
  "hasGps" : false,
  "shouldFetchDetails" : false
},{
  "logId" : 8460898314,
  "activityName" : "Elliptical Trainer (MyFitnessPal)",
  "activityTypeId" : 5493232,
  "activityLevel" : [{
    "minutes" : 0,
    "name" : "sedentary"
  },{
    "minutes" : 0,
    "name" : "lightly"
  },{
    "minutes" : 0,
    "name" : "fairly"
  },{
    "minutes" : 35,
    "name" : "very"
  }],
  "calories" : 443,
  "distance" : 0.0,
  "distanceUnit" : "Mile",
  "duration" : 2100000,
  "activeDuration" : 2100000,
  "steps" : 4695,
  "source" : {
    "type" : "app",
    "name" : "MyFitnessPal",
    "id" : "228VC7",
    "url" : "http://www.myfitnesspal.com"
  },
  "logType" : "manual",
  "manualValuesSpecified" : {
    "calories" : true,
    "distance" : true,
    "steps" : false
  },
  "speed" : 0.0,
  "lastModified" : "06/26/17 13:29:56",
  "startTime" : "06/23/17 13:23:00",
  "originalStartTime" : "06/23/17 13:23:00",
  "originalDuration" : 2100000,
  "hasGps" : false,
  "shouldFetchDetails" : false
},{
  "logId" : 8427669810,
  "activityName" : "Aerobic Workout",
  "activityTypeId" : 3001,
  "activityLevel" : [{
    "minutes" : 0,
    "name" : "sedentary"
  },{
    "minutes" : 17,
    "name" : "lightly"
  },{
    "minutes" : 0,
    "name" : "fairly"
  },{
    "minutes" : 0,
    "name" : "very"
  }],
  "calories" : 87,
  "duration" : 1024000,
  "activeDuration" : 1024000,
  "steps" : 832,
  "logType" : "auto_detected",
  "manualValuesSpecified" : {
    "calories" : false,
    "distance" : false,
    "steps" : false
  },
  "lastModified" : "06/23/17 15:20:11",
  "startTime" : "06/23/17 14:50:25",
  "originalStartTime" : "06/23/17 14:50:25",
  "originalDuration" : 1024000,
  "hasGps" : false,
  "shouldFetchDetails" : false
},{
  "logId" : 8446949061,
  "activityName" : "Sport",
  "activityTypeId" : 15000,
  "activityLevel" : [{
    "minutes" : 0,
    "name" : "sedentary"
  },{
    "minutes" : 2,
    "name" : "lightly"
  },{
    "minutes" : 20,
    "name" : "fairly"
  },{
    "minutes" : 4,
    "name" : "very"
  }],
  "calories" : 159,
  "duration" : 1587000,
  "activeDuration" : 1587000,
  "steps" : 1740,
  "logType" : "auto_detected",
  "manualValuesSpecified" : {
    "calories" : false,
    "distance" : false,
    "steps" : false
  },
  "lastModified" : "06/24/17 17:54:31",
  "startTime" : "06/24/17 17:13:22",
  "originalStartTime" : "06/24/17 17:13:22",
  "originalDuration" : 1587000,
  "hasGps" : false,
  "shouldFetchDetails" : false
},{
  "logId" : 8460781885,
  "activityName" : "Elliptical Trainer (MyFitnessPal)",
  "activityTypeId" : 5493232,
  "activityLevel" : [{
    "minutes" : 0,
    "name" : "sedentary"
  },{
    "minutes" : 0,
    "name" : "lightly"
  },{
    "minutes" : 0,
    "name" : "fairly"
  },{
    "minutes" : 35,
    "name" : "very"
  }],
  "calories" : 445,
  "distance" : 0.0,
  "distanceUnit" : "Mile",
  "duration" : 2100000,
  "activeDuration" : 2100000,
  "steps" : 0,
  "source" : {
    "type" : "app",
    "name" : "MyFitnessPal",
    "id" : "228VC7",
    "url" : "http://www.myfitnesspal.com"
  },
  "logType" : "manual",
  "manualValuesSpecified" : {
    "calories" : true,
    "distance" : true,
    "steps" : false
  },
  "speed" : 0.0,
  "lastModified" : "06/26/17 14:10:15",
  "startTime" : "06/26/17 14:01:00",
  "originalStartTime" : "06/26/17 14:01:00",
  "originalDuration" : 2100000,
  "hasGps" : false,
  "shouldFetchDetails" : false
},{
  "logId" : 8484823235,
  "activityName" : "Sport",
  "activityTypeId" : 15000,
  "activityLevel" : [{
    "minutes" : 2,
    "name" : "sedentary"
  },{
    "minutes" : 3,
    "name" : "lightly"
  },{
    "minutes" : 9,
    "name" : "fairly"
  },{
    "minutes" : 17,
    "name" : "very"
  }],
  "calories" : 208,
  "duration" : 1893000,
  "activeDuration" : 1893000,
  "steps" : 2341,
  "logType" : "auto_detected",
  "manualValuesSpecified" : {
    "calories" : false,
    "distance" : false,
    "steps" : false
  },
  "lastModified" : "06/26/17 22:11:40",
  "startTime" : "06/26/17 21:35:04",
  "originalStartTime" : "06/26/17 21:35:04",
  "originalDuration" : 1893000,
  "hasGps" : false,
  "shouldFetchDetails" : false
},{
  "logId" : 8500589689,
  "activityName" : "Outdoor Bike",
  "activityTypeId" : 1071,
  "activityLevel" : [{
    "minutes" : 0,
    "name" : "sedentary"
  },{
    "minutes" : 3,
    "name" : "lightly"
  },{
    "minutes" : 9,
    "name" : "fairly"
  },{
    "minutes" : 44,
    "name" : "very"
  }],
  "calories" : 473,
  "duration" : 3380000,
  "activeDuration" : 3380000,
  "logType" : "auto_detected",
  "manualValuesSpecified" : {
    "calories" : false,
    "distance" : false,
    "steps" : false
  },
  "lastModified" : "06/27/17 18:23:48",
  "startTime" : "06/27/17 17:13:30",
  "originalStartTime" : "06/27/17 17:13:30",
  "originalDuration" : 3380000,
  "elevationGain" : 0.0,
  "hasGps" : false,
  "shouldFetchDetails" : false
},{
  "logId" : 8493419936,
  "activityName" : "Elliptical Trainer (MyFitnessPal)",
  "activityTypeId" : 5493232,
  "activityLevel" : [{
    "minutes" : 0,
    "name" : "sedentary"
  },{
    "minutes" : 0,
    "name" : "lightly"
  },{
    "minutes" : 0,
    "name" : "fairly"
  },{
    "minutes" : 36,
    "name" : "very"
  }],
  "calories" : 448,
  "distance" : 0.0,
  "distanceUnit" : "Mile",
  "duration" : 2160000,
  "activeDuration" : 2160000,
  "steps" : 5234,
  "source" : {
    "type" : "app",
    "name" : "MyFitnessPal",
    "id" : "228VC7",
    "url" : "http://www.myfitnesspal.com"
  },
  "logType" : "manual",
  "manualValuesSpecified" : {
    "calories" : true,
    "distance" : true,
    "steps" : false
  },
  "speed" : 0.0,
  "lastModified" : "06/28/17 14:00:56",
  "startTime" : "06/28/17 13:23:00",
  "originalStartTime" : "06/28/17 13:23:00",
  "originalDuration" : 2160000,
  "hasGps" : false,
  "shouldFetchDetails" : false
},{
  "logId" : 8580573939,
  "activityName" : "Walk",
  "activityTypeId" : 90013,
  "activityLevel" : [{
    "minutes" : 1,
    "name" : "sedentary"
  },{
    "minutes" : 0,
    "name" : "lightly"
  },{
    "minutes" : 9,
    "name" : "fairly"
  },{
    "minutes" : 5,
    "name" : "very"
  }],
  "calories" : 98,
  "duration" : 921000,
  "activeDuration" : 921000,
  "steps" : 1143,
  "logType" : "auto_detected",
  "manualValuesSpecified" : {
    "calories" : false,
    "distance" : false,
    "steps" : false
  },
  "lastModified" : "07/02/17 11:14:53",
  "startTime" : "07/01/17 22:25:19",
  "originalStartTime" : "07/01/17 22:25:19",
  "originalDuration" : 921000,
  "elevationGain" : 0.0,
  "hasGps" : false,
  "shouldFetchDetails" : false
},{
  "logId" : 8583494383,
  "activityName" : "Outdoor Bike",
  "activityTypeId" : 1071,
  "activityLevel" : [{
    "minutes" : 7,
    "name" : "sedentary"
  },{
    "minutes" : 10,
    "name" : "lightly"
  },{
    "minutes" : 0,
    "name" : "fairly"
  },{
    "minutes" : 0,
    "name" : "very"
  }],
  "calories" : 48,
  "duration" : 1024000,
  "activeDuration" : 1024000,
  "logType" : "auto_detected",
  "manualValuesSpecified" : {
    "calories" : false,
    "distance" : false,
    "steps" : false
  },
  "lastModified" : "07/02/17 15:06:24",
  "startTime" : "07/02/17 14:34:43",
  "originalStartTime" : "07/02/17 14:34:43",
  "originalDuration" : 1024000,
  "elevationGain" : 0.0,
  "hasGps" : false,
  "shouldFetchDetails" : false
},{
  "logId" : 8589652247,
  "activityName" : "Sport",
  "activityTypeId" : 15000,
  "activityLevel" : [{
    "minutes" : 0,
    "name" : "sedentary"
  },{
    "minutes" : 5,
    "name" : "lightly"
  },{
    "minutes" : 12,
    "name" : "fairly"
  },{
    "minutes" : 7,
    "name" : "very"
  }],
  "calories" : 156,
  "duration" : 1434000,
  "activeDuration" : 1434000,
  "steps" : 1712,
  "logType" : "auto_detected",
  "manualValuesSpecified" : {
    "calories" : false,
    "distance" : false,
    "steps" : false
  },
  "lastModified" : "07/02/17 22:22:20",
  "startTime" : "07/02/17 21:44:48",
  "originalStartTime" : "07/02/17 21:44:48",
  "originalDuration" : 1434000,
  "hasGps" : false,
  "shouldFetchDetails" : false
},{
  "logId" : 8601593120,
  "activityName" : "Walk",
  "activityTypeId" : 90013,
  "activityLevel" : [{
    "minutes" : 0,
    "name" : "sedentary"
  },{
    "minutes" : 4,
    "name" : "lightly"
  },{
    "minutes" : 11,
    "name" : "fairly"
  },{
    "minutes" : 2,
    "name" : "very"
  }],
  "calories" : 98,
  "duration" : 1024000,
  "activeDuration" : 1024000,
  "steps" : 1056,
  "logType" : "auto_detected",
  "manualValuesSpecified" : {
    "calories" : false,
    "distance" : false,
    "steps" : false
  },
  "lastModified" : "07/03/17 16:53:26",
  "startTime" : "07/03/17 16:09:01",
  "originalStartTime" : "07/03/17 16:09:01",
  "originalDuration" : 1024000,
  "elevationGain" : 0.0,
  "hasGps" : false,
  "shouldFetchDetails" : false
},{
  "logId" : 8602247209,
  "activityName" : "Walk",
  "activityTypeId" : 90013,
  "activityLevel" : [{
    "minutes" : 0,
    "name" : "sedentary"
  },{
    "minutes" : 4,
    "name" : "lightly"
  },{
    "minutes" : 17,
    "name" : "fairly"
  },{
    "minutes" : 4,
    "name" : "very"
  }],
  "calories" : 154,
  "duration" : 1484000,
  "activeDuration" : 1484000,
  "steps" : 1705,
  "logType" : "auto_detected",
  "manualValuesSpecified" : {
    "calories" : false,
    "distance" : false,
    "steps" : false
  },
  "lastModified" : "07/03/17 17:24:02",
  "startTime" : "07/03/17 16:44:52",
  "originalStartTime" : "07/03/17 16:44:52",
  "originalDuration" : 1484000,
  "elevationGain" : 0.0,
  "hasGps" : false,
  "shouldFetchDetails" : false
},{
  "logId" : 8604728374,
  "activityName" : "Walk",
  "activityTypeId" : 90013,
  "activityLevel" : [{
    "minutes" : 0,
    "name" : "sedentary"
  },{
    "minutes" : 1,
    "name" : "lightly"
  },{
    "minutes" : 25,
    "name" : "fairly"
  },{
    "minutes" : 27,
    "name" : "very"
  }],
  "calories" : 376,
  "duration" : 3225000,
  "activeDuration" : 3225000,
  "steps" : 4408,
  "logType" : "auto_detected",
  "manualValuesSpecified" : {
    "calories" : false,
    "distance" : false,
    "steps" : false
  },
  "lastModified" : "07/03/17 19:56:41",
  "startTime" : "07/03/17 18:57:08",
  "originalStartTime" : "07/03/17 18:57:08",
  "originalDuration" : 3225000,
  "elevationGain" : 0.0,
  "hasGps" : false,
  "shouldFetchDetails" : false
},{
  "logId" : 8727249476,
  "activityName" : "Hiking, cross country (MyFitnessPal)",
  "activityTypeId" : 29321168,
  "activityLevel" : [{
    "minutes" : 0,
    "name" : "sedentary"
  },{
    "minutes" : 0,
    "name" : "lightly"
  },{
    "minutes" : 37,
    "name" : "fairly"
  },{
    "minutes" : 0,
    "name" : "very"
  }],
  "calories" : 201,
  "distance" : 0.0,
  "distanceUnit" : "Mile",
  "duration" : 2220000,
  "activeDuration" : 2220000,
  "steps" : 3768,
  "source" : {
    "type" : "app",
    "name" : "MyFitnessPal",
    "id" : "228VC7",
    "url" : "http://www.myfitnesspal.com"
  },
  "logType" : "manual",
  "manualValuesSpecified" : {
    "calories" : true,
    "distance" : true,
    "steps" : false
  },
  "speed" : 0.0,
  "lastModified" : "07/11/17 14:08:37",
  "startTime" : "07/04/17 00:38:00",
  "originalStartTime" : "07/04/17 00:38:00",
  "originalDuration" : 2220000,
  "hasGps" : false,
  "shouldFetchDetails" : false
},{
  "logId" : 8661292270,
  "activityName" : "Outdoor Bike",
  "activityTypeId" : 1071,
  "activityLevel" : [{
    "minutes" : 13,
    "name" : "sedentary"
  },{
    "minutes" : 27,
    "name" : "lightly"
  },{
    "minutes" : 2,
    "name" : "fairly"
  },{
    "minutes" : 13,
    "name" : "very"
  }],
  "calories" : 326,
  "duration" : 3328000,
  "activeDuration" : 3328000,
  "logType" : "auto_detected",
  "manualValuesSpecified" : {
    "calories" : false,
    "distance" : false,
    "steps" : false
  },
  "lastModified" : "07/06/17 21:07:55",
  "startTime" : "07/06/17 19:34:43",
  "originalStartTime" : "07/06/17 19:34:43",
  "originalDuration" : 3328000,
  "elevationGain" : 0.0,
  "hasGps" : false,
  "shouldFetchDetails" : false
},{
  "logId" : 8678064753,
  "activityName" : "Sport",
  "activityTypeId" : 15000,
  "activityLevel" : [{
    "minutes" : 0,
    "name" : "sedentary"
  },{
    "minutes" : 3,
    "name" : "lightly"
  },{
    "minutes" : 25,
    "name" : "fairly"
  },{
    "minutes" : 11,
    "name" : "very"
  }],
  "calories" : 256,
  "duration" : 2354000,
  "activeDuration" : 2354000,
  "steps" : 2959,
  "logType" : "auto_detected",
  "manualValuesSpecified" : {
    "calories" : false,
    "distance" : false,
    "steps" : false
  },
  "lastModified" : "07/07/17 20:54:38",
  "startTime" : "07/07/17 20:00:46",
  "originalStartTime" : "07/07/17 20:00:46",
  "originalDuration" : 2354000,
  "hasGps" : false,
  "shouldFetchDetails" : false
},{
  "logId" : 8680041472,
  "activityName" : "Walk",
  "activityTypeId" : 90013,
  "activityLevel" : [{
    "minutes" : 0,
    "name" : "sedentary"
  },{
    "minutes" : 1,
    "name" : "lightly"
  },{
    "minutes" : 3,
    "name" : "fairly"
  },{
    "minutes" : 11,
    "name" : "very"
  }],
  "calories" : 117,
  "duration" : 922000,
  "activeDuration" : 922000,
  "steps" : 1397,
  "logType" : "auto_detected",
  "manualValuesSpecified" : {
    "calories" : false,
    "distance" : false,
    "steps" : false
  },
  "lastModified" : "07/07/17 23:26:07",
  "startTime" : "07/07/17 21:26:56",
  "originalStartTime" : "07/07/17 21:26:56",
  "originalDuration" : 922000,
  "elevationGain" : 0.0,
  "hasGps" : false,
  "shouldFetchDetails" : false
},{
  "logId" : 8680041473,
  "activityName" : "Walk",
  "activityTypeId" : 90013,
  "activityLevel" : [{
    "minutes" : 1,
    "name" : "sedentary"
  },{
    "minutes" : 1,
    "name" : "lightly"
  },{
    "minutes" : 5,
    "name" : "fairly"
  },{
    "minutes" : 22,
    "name" : "very"
  }],
  "calories" : 237,
  "duration" : 1740000,
  "activeDuration" : 1740000,
  "steps" : 2856,
  "logType" : "auto_detected",
  "manualValuesSpecified" : {
    "calories" : false,
    "distance" : false,
    "steps" : false
  },
  "lastModified" : "07/07/17 23:26:07",
  "startTime" : "07/07/17 22:37:46",
  "originalStartTime" : "07/07/17 22:37:46",
  "originalDuration" : 1740000,
  "elevationGain" : 0.0,
  "hasGps" : false,
  "shouldFetchDetails" : false
},{
  "logId" : 8741835125,
  "activityName" : "Elliptical",
  "activityTypeId" : 20047,
  "activityLevel" : [{
    "minutes" : 0,
    "name" : "sedentary"
  },{
    "minutes" : 0,
    "name" : "lightly"
  },{
    "minutes" : 1,
    "name" : "fairly"
  },{
    "minutes" : 34,
    "name" : "very"
  }],
  "calories" : 462,
  "duration" : 2150000,
  "activeDuration" : 2150000,
  "steps" : 4498,
  "logType" : "auto_detected",
  "manualValuesSpecified" : {
    "calories" : false,
    "distance" : false,
    "steps" : false
  },
  "lastModified" : "07/11/17 14:10:12",
  "startTime" : "07/11/17 13:31:40",
  "originalStartTime" : "07/11/17 13:31:40",
  "originalDuration" : 2150000,
  "hasGps" : false,
  "shouldFetchDetails" : false
},{
  "logId" : 8726807734,
  "activityName" : "Elliptical Trainer (MyFitnessPal)",
  "activityTypeId" : 5493232,
  "activityLevel" : [{
    "minutes" : 0,
    "name" : "sedentary"
  },{
    "minutes" : 0,
    "name" : "lightly"
  },{
    "minutes" : 0,
    "name" : "fairly"
  },{
    "minutes" : 35,
    "name" : "very"
  }],
  "calories" : 441,
  "distance" : 0.0,
  "distanceUnit" : "Mile",
  "duration" : 2100000,
  "activeDuration" : 2100000,
  "steps" : 1396,
  "source" : {
    "type" : "app",
    "name" : "MyFitnessPal",
    "id" : "228VC7",
    "url" : "http://www.myfitnesspal.com"
  },
  "logType" : "manual",
  "manualValuesSpecified" : {
    "calories" : true,
    "distance" : true,
    "steps" : false
  },
  "speed" : 0.0,
  "lastModified" : "07/11/17 14:09:18",
  "startTime" : "07/11/17 14:08:00",
  "originalStartTime" : "07/11/17 14:08:00",
  "originalDuration" : 2100000,
  "hasGps" : false,
  "shouldFetchDetails" : false
},{
  "logId" : 8823788789,
  "activityName" : "Outdoor Bike",
  "activityTypeId" : 1071,
  "activityLevel" : [{
    "minutes" : 0,
    "name" : "sedentary"
  },{
    "minutes" : 4,
    "name" : "lightly"
  },{
    "minutes" : 12,
    "name" : "fairly"
  },{
    "minutes" : 43,
    "name" : "very"
  }],
  "calories" : 483,
  "duration" : 3532000,
  "activeDuration" : 3532000,
  "logType" : "auto_detected",
  "manualValuesSpecified" : {
    "calories" : false,
    "distance" : false,
    "steps" : false
  },
  "lastModified" : "07/15/17 21:26:54",
  "startTime" : "07/15/17 20:23:00",
  "originalStartTime" : "07/15/17 20:23:00",
  "originalDuration" : 3532000,
  "elevationGain" : 0.0,
  "hasGps" : false,
  "shouldFetchDetails" : false
},{
  "logId" : 8837405748,
  "activityName" : "Sport",
  "activityTypeId" : 15000,
  "activityLevel" : [{
    "minutes" : 0,
    "name" : "sedentary"
  },{
    "minutes" : 2,
    "name" : "lightly"
  },{
    "minutes" : 9,
    "name" : "fairly"
  },{
    "minutes" : 11,
    "name" : "very"
  }],
  "calories" : 147,
  "duration" : 1280000,
  "activeDuration" : 1280000,
  "steps" : 1665,
  "logType" : "auto_detected",
  "manualValuesSpecified" : {
    "calories" : false,
    "distance" : false,
    "steps" : false
  },
  "lastModified" : "07/16/17 18:54:11",
  "startTime" : "07/16/17 18:18:51",
  "originalStartTime" : "07/16/17 18:18:51",
  "originalDuration" : 1280000,
  "hasGps" : false,
  "shouldFetchDetails" : false
},{
  "logId" : 8980379960,
  "activityName" : "Walk",
  "activityTypeId" : 90013,
  "activityLevel" : [{
    "minutes" : 0,
    "name" : "sedentary"
  },{
    "minutes" : 2,
    "name" : "lightly"
  },{
    "minutes" : 7,
    "name" : "fairly"
  },{
    "minutes" : 9,
    "name" : "very"
  }],
  "calories" : 124,
  "duration" : 1024000,
  "activeDuration" : 1024000,
  "steps" : 1408,
  "logType" : "auto_detected",
  "manualValuesSpecified" : {
    "calories" : false,
    "distance" : false,
    "steps" : false
  },
  "lastModified" : "07/24/17 18:13:00",
  "startTime" : "07/22/17 01:49:00",
  "originalStartTime" : "07/22/17 01:49:00",
  "originalDuration" : 1024000,
  "elevationGain" : 0.0,
  "hasGps" : false,
  "shouldFetchDetails" : false
},{
  "logId" : 8980379962,
  "activityName" : "Outdoor Bike",
  "activityTypeId" : 1071,
  "activityLevel" : [{
    "minutes" : 0,
    "name" : "sedentary"
  },{
    "minutes" : 4,
    "name" : "lightly"
  },{
    "minutes" : 8,
    "name" : "fairly"
  },{
    "minutes" : 42,
    "name" : "very"
  }],
  "calories" : 449,
  "duration" : 3277000,
  "activeDuration" : 3277000,
  "logType" : "auto_detected",
  "manualValuesSpecified" : {
    "calories" : false,
    "distance" : false,
    "steps" : false
  },
  "lastModified" : "07/24/17 18:13:00",
  "startTime" : "07/22/17 19:21:10",
  "originalStartTime" : "07/22/17 19:21:10",
  "originalDuration" : 3277000,
  "elevationGain" : 0.0,
  "hasGps" : false,
  "shouldFetchDetails" : false
},{
  "logId" : 8988729421,
  "activityName" : "Sport",
  "activityTypeId" : 15000,
  "activityLevel" : [{
    "minutes" : 1,
    "name" : "sedentary"
  },{
    "minutes" : 14,
    "name" : "lightly"
  },{
    "minutes" : 6,
    "name" : "fairly"
  },{
    "minutes" : 0,
    "name" : "very"
  }],
  "calories" : 111,
  "duration" : 1280000,
  "activeDuration" : 1280000,
  "steps" : 1139,
  "logType" : "auto_detected",
  "manualValuesSpecified" : {
    "calories" : false,
    "distance" : false,
    "steps" : false
  },
  "lastModified" : "07/25/17 00:59:32",
  "startTime" : "07/25/17 00:22:26",
  "originalStartTime" : "07/25/17 00:22:26",
  "originalDuration" : 1280000,
  "hasGps" : false,
  "shouldFetchDetails" : false
},{
  "logId" : 9052316455,
  "activityName" : "Walk",
  "activityTypeId" : 90013,
  "activityLevel" : [{
    "minutes" : 0,
    "name" : "sedentary"
  },{
    "minutes" : 4,
    "name" : "lightly"
  },{
    "minutes" : 5,
    "name" : "fairly"
  },{
    "minutes" : 9,
    "name" : "very"
  }],
  "calories" : 123,
  "duration" : 1126000,
  "activeDuration" : 1126000,
  "steps" : 1380,
  "logType" : "auto_detected",
  "manualValuesSpecified" : {
    "calories" : false,
    "distance" : false,
    "steps" : false
  },
  "lastModified" : "07/28/17 09:20:52",
  "startTime" : "07/28/17 08:58:25",
  "originalStartTime" : "07/28/17 08:58:25",
  "originalDuration" : 1126000,
  "elevationGain" : 0.0,
  "hasGps" : false,
  "shouldFetchDetails" : false
},{
  "logId" : 9086039372,
  "activityName" : "Walk",
  "activityTypeId" : 90013,
  "activityLevel" : [{
    "minutes" : 3,
    "name" : "sedentary"
  },{
    "minutes" : 14,
    "name" : "lightly"
  },{
    "minutes" : 0,
    "name" : "fairly"
  },{
    "minutes" : 0,
    "name" : "very"
  }],
  "calories" : 92,
  "duration" : 1076000,
  "activeDuration" : 1076000,
  "steps" : 915,
  "logType" : "auto_detected",
  "manualValuesSpecified" : {
    "calories" : false,
    "distance" : false,
    "steps" : false
  },
  "lastModified" : "07/30/17 12:24:27",
  "startTime" : "07/29/17 23:23:17",
  "originalStartTime" : "07/29/17 23:23:17",
  "originalDuration" : 1076000,
  "elevationGain" : 0.0,
  "hasGps" : false,
  "shouldFetchDetails" : false
},{
  "logId" : 9086039373,
  "activityName" : "Walk",
  "activityTypeId" : 90013,
  "activityLevel" : [{
    "minutes" : 0,
    "name" : "sedentary"
  },{
    "minutes" : 3,
    "name" : "lightly"
  },{
    "minutes" : 7,
    "name" : "fairly"
  },{
    "minutes" : 14,
    "name" : "very"
  }],
  "calories" : 169,
  "duration" : 1485000,
  "activeDuration" : 1485000,
  "steps" : 1936,
  "logType" : "auto_detected",
  "manualValuesSpecified" : {
    "calories" : false,
    "distance" : false,
    "steps" : false
  },
  "lastModified" : "07/30/17 12:24:27",
  "startTime" : "07/30/17 02:15:40",
  "originalStartTime" : "07/30/17 02:15:40",
  "originalDuration" : 1485000,
  "elevationGain" : 0.0,
  "hasGps" : false,
  "shouldFetchDetails" : false
},{
  "logId" : 9126325597,
  "activityName" : "Walk",
  "activityTypeId" : 90013,
  "activityLevel" : [{
    "minutes" : 0,
    "name" : "sedentary"
  },{
    "minutes" : 3,
    "name" : "lightly"
  },{
    "minutes" : 4,
    "name" : "fairly"
  },{
    "minutes" : 14,
    "name" : "very"
  }],
  "calories" : 157,
  "duration" : 1229000,
  "activeDuration" : 1229000,
  "steps" : 1820,
  "logType" : "auto_detected",
  "manualValuesSpecified" : {
    "calories" : false,
    "distance" : false,
    "steps" : false
  },
  "lastModified" : "08/01/17 12:07:15",
  "startTime" : "07/31/17 19:50:49",
  "originalStartTime" : "07/31/17 19:50:49",
  "originalDuration" : 1229000,
  "elevationGain" : 0.0,
  "hasGps" : false,
  "shouldFetchDetails" : false
},{
  "logId" : 9133802804,
  "activityName" : "Elliptical Trainer (MyFitnessPal)",
  "activityTypeId" : 5493232,
  "activityLevel" : [{
    "minutes" : 0,
    "name" : "sedentary"
  },{
    "minutes" : 0,
    "name" : "lightly"
  },{
    "minutes" : 0,
    "name" : "fairly"
  },{
    "minutes" : 46,
    "name" : "very"
  }],
  "calories" : 518,
  "distance" : 0.0,
  "distanceUnit" : "Mile",
  "duration" : 2760000,
  "activeDuration" : 2760000,
  "steps" : 6768,
  "source" : {
    "type" : "app",
    "name" : "MyFitnessPal",
    "id" : "228VC7",
    "url" : "http://www.myfitnesspal.com"
  },
  "logType" : "manual",
  "manualValuesSpecified" : {
    "calories" : true,
    "distance" : true,
    "steps" : false
  },
  "speed" : 0.0,
  "lastModified" : "08/02/17 14:38:16",
  "startTime" : "08/02/17 13:50:00",
  "originalStartTime" : "08/02/17 13:50:00",
  "originalDuration" : 2760000,
  "hasGps" : false,
  "shouldFetchDetails" : false
},{
  "logId" : 9155613767,
  "activityName" : "Walk",
  "activityTypeId" : 90013,
  "activityLevel" : [{
    "minutes" : 4,
    "name" : "sedentary"
  },{
    "minutes" : 3,
    "name" : "lightly"
  },{
    "minutes" : 8,
    "name" : "fairly"
  },{
    "minutes" : 38,
    "name" : "very"
  }],
  "calories" : 387,
  "duration" : 3226000,
  "activeDuration" : 3226000,
  "steps" : 4518,
  "logType" : "auto_detected",
  "manualValuesSpecified" : {
    "calories" : false,
    "distance" : false,
    "steps" : false
  },
  "lastModified" : "08/02/17 20:39:38",
  "startTime" : "08/02/17 19:29:39",
  "originalStartTime" : "08/02/17 19:29:39",
  "originalDuration" : 3226000,
  "elevationGain" : 0.0,
  "hasGps" : false,
  "shouldFetchDetails" : false
},{
  "logId" : 9222983330,
  "activityName" : "Outdoor Bike",
  "activityTypeId" : 1071,
  "activityLevel" : [{
    "minutes" : 0,
    "name" : "sedentary"
  },{
    "minutes" : 8,
    "name" : "lightly"
  },{
    "minutes" : 20,
    "name" : "fairly"
  },{
    "minutes" : 30,
    "name" : "very"
  }],
  "calories" : 418,
  "duration" : 3482000,
  "activeDuration" : 3482000,
  "logType" : "auto_detected",
  "manualValuesSpecified" : {
    "calories" : false,
    "distance" : false,
    "steps" : false
  },
  "lastModified" : "08/07/17 01:26:52",
  "startTime" : "08/03/17 18:27:47",
  "originalStartTime" : "08/03/17 18:27:47",
  "originalDuration" : 3482000,
  "elevationGain" : 0.0,
  "hasGps" : false,
  "shouldFetchDetails" : false
},{
  "logId" : 9222983331,
  "activityName" : "Walk",
  "activityTypeId" : 90013,
  "activityLevel" : [{
    "minutes" : 1,
    "name" : "sedentary"
  },{
    "minutes" : 1,
    "name" : "lightly"
  },{
    "minutes" : 25,
    "name" : "fairly"
  },{
    "minutes" : 26,
    "name" : "very"
  }],
  "calories" : 395,
  "duration" : 3226000,
  "activeDuration" : 3226000,
  "steps" : 4681,
  "logType" : "auto_detected",
  "manualValuesSpecified" : {
    "calories" : false,
    "distance" : false,
    "steps" : false
  },
  "lastModified" : "08/07/17 01:26:52",
  "startTime" : "08/03/17 19:40:19",
  "originalStartTime" : "08/03/17 19:40:19",
  "originalDuration" : 3226000,
  "elevationGain" : 0.0,
  "hasGps" : false,
  "shouldFetchDetails" : false
},{
  "logId" : 9222983336,
  "activityName" : "Sport",
  "activityTypeId" : 15000,
  "activityLevel" : [{
    "minutes" : 0,
    "name" : "sedentary"
  },{
    "minutes" : 0,
    "name" : "lightly"
  },{
    "minutes" : 1,
    "name" : "fairly"
  },{
    "minutes" : 21,
    "name" : "very"
  }],
  "calories" : 185,
  "duration" : 1332000,
  "activeDuration" : 1332000,
  "steps" : 2209,
  "logType" : "auto_detected",
  "manualValuesSpecified" : {
    "calories" : false,
    "distance" : false,
    "steps" : false
  },
  "lastModified" : "08/07/17 01:26:52",
  "startTime" : "08/05/17 18:07:21",
  "originalStartTime" : "08/05/17 18:07:21",
  "originalDuration" : 1332000,
  "hasGps" : false,
  "shouldFetchDetails" : false
},{
  "logId" : 9250130206,
  "activityName" : "Aerobic Workout",
  "activityTypeId" : 3001,
  "activityLevel" : [{
    "minutes" : 0,
    "name" : "sedentary"
  },{
    "minutes" : 1,
    "name" : "lightly"
  },{
    "minutes" : 5,
    "name" : "fairly"
  },{
    "minutes" : 12,
    "name" : "very"
  }],
  "calories" : 162,
  "duration" : 1075000,
  "activeDuration" : 1075000,
  "steps" : 1786,
  "logType" : "auto_detected",
  "manualValuesSpecified" : {
    "calories" : false,
    "distance" : false,
    "steps" : false
  },
  "lastModified" : "08/08/17 13:23:42",
  "startTime" : "08/08/17 12:49:31",
  "originalStartTime" : "08/08/17 12:49:31",
  "originalDuration" : 1075000,
  "hasGps" : false,
  "shouldFetchDetails" : false
},{
  "logId" : 9255195481,
  "activityName" : "Elliptical Trainer (MyFitnessPal)",
  "activityTypeId" : 5493232,
  "activityLevel" : [{
    "minutes" : 0,
    "name" : "sedentary"
  },{
    "minutes" : 0,
    "name" : "lightly"
  },{
    "minutes" : 0,
    "name" : "fairly"
  },{
    "minutes" : 66,
    "name" : "very"
  }],
  "calories" : 749,
  "distance" : 0.0,
  "distanceUnit" : "Mile",
  "duration" : 3960000,
  "activeDuration" : 3960000,
  "steps" : 9087,
  "source" : {
    "type" : "app",
    "name" : "MyFitnessPal",
    "id" : "228VC7",
    "url" : "http://www.myfitnesspal.com"
  },
  "logType" : "manual",
  "manualValuesSpecified" : {
    "calories" : true,
    "distance" : true,
    "steps" : false
  },
  "speed" : 0.0,
  "lastModified" : "08/08/17 19:04:20",
  "startTime" : "08/08/17 17:55:00",
  "originalStartTime" : "08/08/17 17:55:00",
  "originalDuration" : 3960000,
  "hasGps" : false,
  "shouldFetchDetails" : false
},{
  "logId" : 9258834947,
  "activityName" : "Walk",
  "activityTypeId" : 90013,
  "activityLevel" : [{
    "minutes" : 0,
    "name" : "sedentary"
  },{
    "minutes" : 3,
    "name" : "lightly"
  },{
    "minutes" : 5,
    "name" : "fairly"
  },{
    "minutes" : 38,
    "name" : "very"
  }],
  "calories" : 371,
  "duration" : 2713000,
  "activeDuration" : 2713000,
  "steps" : 4449,
  "logType" : "auto_detected",
  "manualValuesSpecified" : {
    "calories" : false,
    "distance" : false,
    "steps" : false
  },
  "lastModified" : "08/08/17 20:34:03",
  "startTime" : "08/08/17 19:39:59",
  "originalStartTime" : "08/08/17 19:39:59",
  "originalDuration" : 2713000,
  "elevationGain" : 0.0,
  "hasGps" : false,
  "shouldFetchDetails" : false
},{
  "logId" : 9311827590,
  "activityName" : "Walk",
  "activityTypeId" : 90013,
  "activityLevel" : [{
    "minutes" : 7,
    "name" : "sedentary"
  },{
    "minutes" : 12,
    "name" : "lightly"
  },{
    "minutes" : 4,
    "name" : "fairly"
  },{
    "minutes" : 19,
    "name" : "very"
  }],
  "calories" : 274,
  "duration" : 2560000,
  "activeDuration" : 2560000,
  "steps" : 3136,
  "logType" : "auto_detected",
  "manualValuesSpecified" : {
    "calories" : false,
    "distance" : false,
    "steps" : false
  },
  "lastModified" : "08/11/17 23:25:41",
  "startTime" : "08/11/17 22:31:06",
  "originalStartTime" : "08/11/17 22:31:06",
  "originalDuration" : 2560000,
  "elevationGain" : 0.0,
  "hasGps" : false,
  "shouldFetchDetails" : false
},{
  "logId" : 9312650846,
  "activityName" : "Walk",
  "activityTypeId" : 90013,
  "activityLevel" : [{
    "minutes" : 0,
    "name" : "sedentary"
  },{
    "minutes" : 2,
    "name" : "lightly"
  },{
    "minutes" : 10,
    "name" : "fairly"
  },{
    "minutes" : 36,
    "name" : "very"
  }],
  "calories" : 364,
  "duration" : 2918000,
  "activeDuration" : 2918000,
  "steps" : 4336,
  "logType" : "auto_detected",
  "manualValuesSpecified" : {
    "calories" : false,
    "distance" : false,
    "steps" : false
  },
  "lastModified" : "08/12/17 00:41:47",
  "startTime" : "08/11/17 23:37:39",
  "originalStartTime" : "08/11/17 23:37:39",
  "originalDuration" : 2918000,
  "elevationGain" : 0.0,
  "hasGps" : false,
  "shouldFetchDetails" : false
},{
  "logId" : 9312012185,
  "activityName" : "Elliptical Trainer (MyFitnessPal)",
  "activityTypeId" : 5493232,
  "activityLevel" : [{
    "minutes" : 0,
    "name" : "sedentary"
  },{
    "minutes" : 0,
    "name" : "lightly"
  },{
    "minutes" : 0,
    "name" : "fairly"
  },{
    "minutes" : 66,
    "name" : "very"
  }],
  "calories" : 745,
  "distance" : 0.0,
  "distanceUnit" : "Mile",
  "duration" : 3960000,
  "activeDuration" : 3960000,
  "steps" : 9093,
  "source" : {
    "type" : "app",
    "name" : "MyFitnessPal",
    "id" : "228VC7",
    "url" : "http://www.myfitnesspal.com"
  },
  "logType" : "manual",
  "manualValuesSpecified" : {
    "calories" : true,
    "distance" : true,
    "steps" : false
  },
  "speed" : 0.0,
  "lastModified" : "08/12/17 15:33:54",
  "startTime" : "08/12/17 14:26:00",
  "originalStartTime" : "08/12/17 14:26:00",
  "originalDuration" : 3960000,
  "hasGps" : false,
  "shouldFetchDetails" : false
},{
  "logId" : 9329893301,
  "activityName" : "Sport",
  "activityTypeId" : 15000,
  "activityLevel" : [{
    "minutes" : 1,
    "name" : "sedentary"
  },{
    "minutes" : 2,
    "name" : "lightly"
  },{
    "minutes" : 16,
    "name" : "fairly"
  },{
    "minutes" : 1,
    "name" : "very"
  }],
  "calories" : 117,
  "duration" : 1229000,
  "activeDuration" : 1229000,
  "steps" : 1337,
  "logType" : "auto_detected",
  "manualValuesSpecified" : {
    "calories" : false,
    "distance" : false,
    "steps" : false
  },
  "lastModified" : "08/13/17 03:10:15",
  "startTime" : "08/12/17 22:02:31",
  "originalStartTime" : "08/12/17 22:02:31",
  "originalDuration" : 1229000,
  "hasGps" : false,
  "shouldFetchDetails" : false
},{
  "logId" : 9329893302,
  "activityName" : "Elliptical",
  "activityTypeId" : 20047,
  "activityLevel" : [{
    "minutes" : 20,
    "name" : "sedentary"
  },{
    "minutes" : 6,
    "name" : "lightly"
  },{
    "minutes" : 0,
    "name" : "fairly"
  },{
    "minutes" : 0,
    "name" : "very"
  }],
  "calories" : 51,
  "duration" : 1587000,
  "activeDuration" : 1587000,
  "steps" : 203,
  "logType" : "auto_detected",
  "manualValuesSpecified" : {
    "calories" : false,
    "distance" : false,
    "steps" : false
  },
  "lastModified" : "08/13/17 03:10:15",
  "startTime" : "08/12/17 22:34:06",
  "originalStartTime" : "08/12/17 22:34:06",
  "originalDuration" : 1587000,
  "hasGps" : false,
  "shouldFetchDetails" : false
},{
  "logId" : 9346453779,
  "activityName" : "Elliptical Trainer (MyFitnessPal)",
  "activityTypeId" : 5493232,
  "activityLevel" : [{
    "minutes" : 0,
    "name" : "sedentary"
  },{
    "minutes" : 0,
    "name" : "lightly"
  },{
    "minutes" : 0,
    "name" : "fairly"
  },{
    "minutes" : 66,
    "name" : "very"
  }],
  "calories" : 731,
  "distance" : 0.0,
  "distanceUnit" : "Mile",
  "duration" : 3960000,
  "activeDuration" : 3960000,
  "steps" : 8902,
  "source" : {
    "type" : "app",
    "name" : "MyFitnessPal",
    "id" : "228VC7",
    "url" : "http://www.myfitnesspal.com"
  },
  "logType" : "manual",
  "manualValuesSpecified" : {
    "calories" : true,
    "distance" : true,
    "steps" : false
  },
  "speed" : 0.0,
  "lastModified" : "08/14/17 17:07:06",
  "startTime" : "08/13/17 13:37:00",
  "originalStartTime" : "08/13/17 13:37:00",
  "originalDuration" : 3960000,
  "hasGps" : false,
  "shouldFetchDetails" : false
},{
  "logId" : 9337149075,
  "activityName" : "Outdoor Bike",
  "activityTypeId" : 1071,
  "activityLevel" : [{
    "minutes" : 0,
    "name" : "sedentary"
  },{
    "minutes" : 1,
    "name" : "lightly"
  },{
    "minutes" : 8,
    "name" : "fairly"
  },{
    "minutes" : 39,
    "name" : "very"
  }],
  "calories" : 410,
  "duration" : 2867000,
  "activeDuration" : 2867000,
  "logType" : "auto_detected",
  "manualValuesSpecified" : {
    "calories" : false,
    "distance" : false,
    "steps" : false
  },
  "lastModified" : "08/13/17 16:31:57",
  "startTime" : "08/13/17 15:41:30",
  "originalStartTime" : "08/13/17 15:41:30",
  "originalDuration" : 2867000,
  "elevationGain" : 0.0,
  "hasGps" : false,
  "shouldFetchDetails" : false
},{
  "logId" : 9339363082,
  "activityName" : "Walk",
  "activityTypeId" : 90013,
  "activityLevel" : [{
    "minutes" : 0,
    "name" : "sedentary"
  },{
    "minutes" : 7,
    "name" : "lightly"
  },{
    "minutes" : 1,
    "name" : "fairly"
  },{
    "minutes" : 9,
    "name" : "very"
  }],
  "calories" : 118,
  "duration" : 1024000,
  "activeDuration" : 1024000,
  "steps" : 1357,
  "logType" : "auto_detected",
  "manualValuesSpecified" : {
    "calories" : false,
    "distance" : false,
    "steps" : false
  },
  "lastModified" : "08/13/17 19:13:35",
  "startTime" : "08/13/17 18:46:41",
  "originalStartTime" : "08/13/17 18:46:41",
  "originalDuration" : 1024000,
  "elevationGain" : 0.0,
  "hasGps" : false,
  "shouldFetchDetails" : false
},{
  "logId" : 9347841225,
  "activityName" : "Elliptical Trainer (MyFitnessPal)",
  "activityTypeId" : 5493232,
  "activityLevel" : [{
    "minutes" : 0,
    "name" : "sedentary"
  },{
    "minutes" : 0,
    "name" : "lightly"
  },{
    "minutes" : 0,
    "name" : "fairly"
  },{
    "minutes" : 36,
    "name" : "very"
  }],
  "calories" : 386,
  "distance" : 0.0,
  "distanceUnit" : "Mile",
  "duration" : 2160000,
  "activeDuration" : 2160000,
  "steps" : 4821,
  "source" : {
    "type" : "app",
    "name" : "MyFitnessPal",
    "id" : "228VC7",
    "url" : "http://www.myfitnesspal.com"
  },
  "logType" : "manual",
  "manualValuesSpecified" : {
    "calories" : true,
    "distance" : true,
    "steps" : false
  },
  "speed" : 0.0,
  "lastModified" : "08/14/17 17:45:11",
  "startTime" : "08/14/17 17:07:00",
  "originalStartTime" : "08/14/17 17:07:00",
  "originalDuration" : 2160000,
  "hasGps" : false,
  "shouldFetchDetails" : false
},{
  "logId" : 9382045808,
  "activityName" : "Sport",
  "activityTypeId" : 15000,
  "activityLevel" : [{
    "minutes" : 0,
    "name" : "sedentary"
  },{
    "minutes" : 2,
    "name" : "lightly"
  },{
    "minutes" : 11,
    "name" : "fairly"
  },{
    "minutes" : 6,
    "name" : "very"
  }],
  "calories" : 114,
  "duration" : 1178000,
  "activeDuration" : 1178000,
  "steps" : 1300,
  "logType" : "auto_detected",
  "manualValuesSpecified" : {
    "calories" : false,
    "distance" : false,
    "steps" : false
  },
  "lastModified" : "08/16/17 01:31:01",
  "startTime" : "08/16/17 00:49:21",
  "originalStartTime" : "08/16/17 00:49:21",
  "originalDuration" : 1178000,
  "hasGps" : false,
  "shouldFetchDetails" : false
},{
  "logId" : 9376835593,
  "activityName" : "Running (jogging), 5 mph (12 min mile) (MyFitnessPal)",
  "activityTypeId" : 10292513,
  "activityLevel" : [{
    "minutes" : 0,
    "name" : "sedentary"
  },{
    "minutes" : 0,
    "name" : "lightly"
  },{
    "minutes" : 0,
    "name" : "fairly"
  },{
    "minutes" : 21,
    "name" : "very"
  }],
  "calories" : 225,
  "distance" : 0.0,
  "distanceUnit" : "Mile",
  "duration" : 1260000,
  "activeDuration" : 1260000,
  "steps" : 3075,
  "source" : {
    "type" : "app",
    "name" : "MyFitnessPal",
    "id" : "228VC7",
    "url" : "http://www.myfitnesspal.com"
  },
  "logType" : "manual",
  "manualValuesSpecified" : {
    "calories" : true,
    "distance" : true,
    "steps" : false
  },
  "speed" : 0.0,
  "lastModified" : "08/16/17 15:55:37",
  "startTime" : "08/16/17 15:33:00",
  "originalStartTime" : "08/16/17 15:33:00",
  "originalDuration" : 1260000,
  "hasGps" : false,
  "shouldFetchDetails" : false
},{
  "logId" : 9392853686,
  "activityName" : "Walk",
  "activityTypeId" : 90013,
  "activityLevel" : [{
    "minutes" : 0,
    "name" : "sedentary"
  },{
    "minutes" : 3,
    "name" : "lightly"
  },{
    "minutes" : 4,
    "name" : "fairly"
  },{
    "minutes" : 16,
    "name" : "very"
  }],
  "calories" : 170,
  "duration" : 1434000,
  "activeDuration" : 1434000,
  "steps" : 1991,
  "logType" : "auto_detected",
  "manualValuesSpecified" : {
    "calories" : false,
    "distance" : false,
    "steps" : false
  },
  "lastModified" : "08/16/17 18:31:33",
  "startTime" : "08/16/17 18:01:54",
  "originalStartTime" : "08/16/17 18:01:54",
  "originalDuration" : 1434000,
  "elevationGain" : 0.0,
  "hasGps" : false,
  "shouldFetchDetails" : false
},{
  "logId" : 9405731659,
  "activityName" : "Elliptical Trainer (MyFitnessPal)",
  "activityTypeId" : 5493232,
  "activityLevel" : [{
    "minutes" : 0,
    "name" : "sedentary"
  },{
    "minutes" : 0,
    "name" : "lightly"
  },{
    "minutes" : 0,
    "name" : "fairly"
  },{
    "minutes" : 66,
    "name" : "very"
  }],
  "calories" : 736,
  "distance" : 0.0,
  "distanceUnit" : "Mile",
  "duration" : 3960000,
  "activeDuration" : 3960000,
  "steps" : 0,
  "source" : {
    "type" : "app",
    "name" : "MyFitnessPal",
    "id" : "228VC7",
    "url" : "http://www.myfitnesspal.com"
  },
  "logType" : "manual",
  "manualValuesSpecified" : {
    "calories" : true,
    "distance" : true,
    "steps" : false
  },
  "speed" : 0.0,
  "lastModified" : "08/17/17 14:45:53",
  "startTime" : "08/17/17 13:36:00",
  "originalStartTime" : "08/17/17 13:36:00",
  "originalDuration" : 3960000,
  "hasGps" : false,
  "shouldFetchDetails" : false
},{
  "logId" : 9436794348,
  "activityName" : "Elliptical Trainer (MyFitnessPal)",
  "activityTypeId" : 5493232,
  "activityLevel" : [{
    "minutes" : 0,
    "name" : "sedentary"
  },{
    "minutes" : 0,
    "name" : "lightly"
  },{
    "minutes" : 0,
    "name" : "fairly"
  },{
    "minutes" : 66,
    "name" : "very"
  }],
  "calories" : 732,
  "distance" : 0.0,
  "distanceUnit" : "Mile",
  "duration" : 3960000,
  "activeDuration" : 3960000,
  "steps" : 9056,
  "source" : {
    "type" : "app",
    "name" : "MyFitnessPal",
    "id" : "228VC7",
    "url" : "http://www.myfitnesspal.com"
  },
  "logType" : "manual",
  "manualValuesSpecified" : {
    "calories" : true,
    "distance" : true,
    "steps" : false
  },
  "speed" : 0.0,
  "lastModified" : "08/19/17 15:48:30",
  "startTime" : "08/19/17 14:40:00",
  "originalStartTime" : "08/19/17 14:40:00",
  "originalDuration" : 3960000,
  "hasGps" : false,
  "shouldFetchDetails" : false
},{
  "logId" : 9460576422,
  "activityName" : "Sport",
  "activityTypeId" : 15000,
  "activityLevel" : [{
    "minutes" : 5,
    "name" : "sedentary"
  },{
    "minutes" : 17,
    "name" : "lightly"
  },{
    "minutes" : 17,
    "name" : "fairly"
  },{
    "minutes" : 2,
    "name" : "very"
  }],
  "calories" : 193,
  "duration" : 2508000,
  "activeDuration" : 2508000,
  "steps" : 1820,
  "logType" : "auto_detected",
  "manualValuesSpecified" : {
    "calories" : false,
    "distance" : false,
    "steps" : false
  },
  "lastModified" : "08/20/17 22:56:46",
  "startTime" : "08/20/17 21:22:16",
  "originalStartTime" : "08/20/17 21:22:16",
  "originalDuration" : 2508000,
  "hasGps" : false,
  "shouldFetchDetails" : false
},{
  "logId" : 9470617661,
  "activityName" : "Outdoor Bike",
  "activityTypeId" : 1071,
  "activityLevel" : [{
    "minutes" : 0,
    "name" : "sedentary"
  },{
    "minutes" : 0,
    "name" : "lightly"
  },{
    "minutes" : 10,
    "name" : "fairly"
  },{
    "minutes" : 8,
    "name" : "very"
  }],
  "calories" : 125,
  "duration" : 1075000,
  "activeDuration" : 1075000,
  "logType" : "auto_detected",
  "manualValuesSpecified" : {
    "calories" : false,
    "distance" : false,
    "steps" : false
  },
  "lastModified" : "08/21/17 15:21:22",
  "startTime" : "08/21/17 14:53:35",
  "originalStartTime" : "08/21/17 14:53:35",
  "originalDuration" : 1075000,
  "elevationGain" : 0.0,
  "hasGps" : false,
  "shouldFetchDetails" : false
},{
  "logId" : 9467156667,
  "activityName" : "Elliptical Trainer (MyFitnessPal)",
  "activityTypeId" : 5493232,
  "activityLevel" : [{
    "minutes" : 0,
    "name" : "sedentary"
  },{
    "minutes" : 0,
    "name" : "lightly"
  },{
    "minutes" : 0,
    "name" : "fairly"
  },{
    "minutes" : 66,
    "name" : "very"
  }],
  "calories" : 744,
  "distance" : 0.0,
  "distanceUnit" : "Mile",
  "duration" : 3960000,
  "activeDuration" : 3960000,
  "steps" : 9213,
  "source" : {
    "type" : "app",
    "name" : "MyFitnessPal",
    "id" : "228VC7",
    "url" : "http://www.myfitnesspal.com"
  },
  "logType" : "manual",
  "manualValuesSpecified" : {
    "calories" : true,
    "distance" : true,
    "steps" : false
  },
  "speed" : 0.0,
  "lastModified" : "08/22/17 18:28:20",
  "startTime" : "08/22/17 17:20:00",
  "originalStartTime" : "08/22/17 17:20:00",
  "originalDuration" : 3960000,
  "hasGps" : false,
  "shouldFetchDetails" : false
},{
  "logId" : 9515632770,
  "activityName" : "Elliptical Trainer (MyFitnessPal)",
  "activityTypeId" : 5493232,
  "activityLevel" : [{
    "minutes" : 0,
    "name" : "sedentary"
  },{
    "minutes" : 0,
    "name" : "lightly"
  },{
    "minutes" : 0,
    "name" : "fairly"
  },{
    "minutes" : 16,
    "name" : "very"
  }],
  "calories" : 180,
  "distance" : 0.0,
  "distanceUnit" : "Mile",
  "duration" : 960000,
  "activeDuration" : 960000,
  "steps" : 2028,
  "source" : {
    "type" : "app",
    "name" : "MyFitnessPal",
    "id" : "228VC7",
    "url" : "http://www.myfitnesspal.com"
  },
  "logType" : "manual",
  "manualValuesSpecified" : {
    "calories" : true,
    "distance" : true,
    "steps" : false
  },
  "speed" : 0.0,
  "lastModified" : "08/24/17 13:48:44",
  "startTime" : "08/24/17 13:29:00",
  "originalStartTime" : "08/24/17 13:29:00",
  "originalDuration" : 960000,
  "hasGps" : false,
  "shouldFetchDetails" : false
},{
  "logId" : 9576596705,
  "activityName" : "Walk",
  "activityTypeId" : 90013,
  "activityLevel" : [{
    "minutes" : 1,
    "name" : "sedentary"
  },{
    "minutes" : 4,
    "name" : "lightly"
  },{
    "minutes" : 8,
    "name" : "fairly"
  },{
    "minutes" : 10,
    "name" : "very"
  }],
  "calories" : 148,
  "duration" : 1434000,
  "activeDuration" : 1434000,
  "steps" : 1643,
  "logType" : "auto_detected",
  "manualValuesSpecified" : {
    "calories" : false,
    "distance" : false,
    "steps" : false
  },
  "lastModified" : "08/27/17 09:00:32",
  "startTime" : "08/27/17 01:50:36",
  "originalStartTime" : "08/27/17 01:50:36",
  "originalDuration" : 1434000,
  "elevationGain" : 0.0,
  "hasGps" : false,
  "shouldFetchDetails" : false
},{
  "logId" : 9643842156,
  "activityName" : "Sport",
  "activityTypeId" : 15000,
  "activityLevel" : [{
    "minutes" : 0,
    "name" : "sedentary"
  },{
    "minutes" : 3,
    "name" : "lightly"
  },{
    "minutes" : 18,
    "name" : "fairly"
  },{
    "minutes" : 9,
    "name" : "very"
  }],
  "calories" : 192,
  "duration" : 1842000,
  "activeDuration" : 1842000,
  "steps" : 2209,
  "logType" : "auto_detected",
  "manualValuesSpecified" : {
    "calories" : false,
    "distance" : false,
    "steps" : false
  },
  "lastModified" : "08/31/17 00:44:09",
  "startTime" : "08/30/17 23:54:13",
  "originalStartTime" : "08/30/17 23:54:13",
  "originalDuration" : 1842000,
  "hasGps" : false,
  "shouldFetchDetails" : false
},{
  "logId" : 9636808338,
  "activityName" : "Elliptical Trainer (MyFitnessPal)",
  "activityTypeId" : 5493232,
  "activityLevel" : [{
    "minutes" : 0,
    "name" : "sedentary"
  },{
    "minutes" : 0,
    "name" : "lightly"
  },{
    "minutes" : 0,
    "name" : "fairly"
  },{
    "minutes" : 66,
    "name" : "very"
  }],
  "calories" : 755,
  "distance" : 0.0,
  "distanceUnit" : "Mile",
  "duration" : 3960000,
  "activeDuration" : 3960000,
  "steps" : 9587,
  "source" : {
    "type" : "app",
    "name" : "MyFitnessPal",
    "id" : "228VC7",
    "url" : "http://www.myfitnesspal.com"
  },
  "logType" : "manual",
  "manualValuesSpecified" : {
    "calories" : true,
    "distance" : true,
    "steps" : false
  },
  "speed" : 0.0,
  "lastModified" : "08/31/17 14:49:09",
  "startTime" : "08/31/17 13:41:00",
  "originalStartTime" : "08/31/17 13:41:00",
  "originalDuration" : 3960000,
  "hasGps" : false,
  "shouldFetchDetails" : false
},{
  "logId" : 9662228731,
  "activityName" : "Sport",
  "activityTypeId" : 15000,
  "activityLevel" : [{
    "minutes" : 0,
    "name" : "sedentary"
  },{
    "minutes" : 17,
    "name" : "lightly"
  },{
    "minutes" : 34,
    "name" : "fairly"
  },{
    "minutes" : 1,
    "name" : "very"
  }],
  "calories" : 248,
  "duration" : 3124000,
  "activeDuration" : 3124000,
  "steps" : 2379,
  "logType" : "auto_detected",
  "manualValuesSpecified" : {
    "calories" : false,
    "distance" : false,
    "steps" : false
  },
  "lastModified" : "09/01/17 00:20:14",
  "startTime" : "08/31/17 23:24:46",
  "originalStartTime" : "08/31/17 23:24:46",
  "originalDuration" : 3124000,
  "hasGps" : false,
  "shouldFetchDetails" : false
},{
  "logId" : 9689832431,
  "activityName" : "Walk",
  "activityTypeId" : 90013,
  "activityLevel" : [{
    "minutes" : 10,
    "name" : "sedentary"
  },{
    "minutes" : 13,
    "name" : "lightly"
  },{
    "minutes" : 5,
    "name" : "fairly"
  },{
    "minutes" : 15,
    "name" : "very"
  }],
  "calories" : 254,
  "duration" : 2611000,
  "activeDuration" : 2611000,
  "steps" : 2818,
  "logType" : "auto_detected",
  "manualValuesSpecified" : {
    "calories" : false,
    "distance" : false,
    "steps" : false
  },
  "lastModified" : "09/02/17 17:00:05",
  "startTime" : "09/02/17 16:02:46",
  "originalStartTime" : "09/02/17 16:02:46",
  "originalDuration" : 2611000,
  "elevationGain" : 0.0,
  "hasGps" : false,
  "shouldFetchDetails" : false
},{
  "logId" : 9690685017,
  "activityName" : "Walk",
  "activityTypeId" : 90013,
  "activityLevel" : [{
    "minutes" : 1,
    "name" : "sedentary"
  },{
    "minutes" : 1,
    "name" : "lightly"
  },{
    "minutes" : 4,
    "name" : "fairly"
  },{
    "minutes" : 10,
    "name" : "very"
  }],
  "calories" : 112,
  "duration" : 972000,
  "activeDuration" : 972000,
  "steps" : 1332,
  "logType" : "auto_detected",
  "manualValuesSpecified" : {
    "calories" : false,
    "distance" : false,
    "steps" : false
  },
  "lastModified" : "09/02/17 18:00:48",
  "startTime" : "09/02/17 17:33:13",
  "originalStartTime" : "09/02/17 17:33:13",
  "originalDuration" : 972000,
  "elevationGain" : 0.0,
  "hasGps" : false,
  "shouldFetchDetails" : false
},{
  "logId" : 9694231426,
  "activityName" : "Walk",
  "activityTypeId" : 90013,
  "activityLevel" : [{
    "minutes" : 0,
    "name" : "sedentary"
  },{
    "minutes" : 2,
    "name" : "lightly"
  },{
    "minutes" : 8,
    "name" : "fairly"
  },{
    "minutes" : 19,
    "name" : "very"
  }],
  "calories" : 202,
  "duration" : 1741000,
  "activeDuration" : 1741000,
  "steps" : 2402,
  "logType" : "auto_detected",
  "manualValuesSpecified" : {
    "calories" : false,
    "distance" : false,
    "steps" : false
  },
  "lastModified" : "09/02/17 22:11:52",
  "startTime" : "09/02/17 21:29:35",
  "originalStartTime" : "09/02/17 21:29:35",
  "originalDuration" : 1741000,
  "elevationGain" : 0.0,
  "hasGps" : false,
  "shouldFetchDetails" : false
},{
  "logId" : 9738494070,
  "activityName" : "Sport",
  "activityTypeId" : 15000,
  "activityLevel" : [{
    "minutes" : 2,
    "name" : "sedentary"
  },{
    "minutes" : 32,
    "name" : "lightly"
  },{
    "minutes" : 12,
    "name" : "fairly"
  },{
    "minutes" : 1,
    "name" : "very"
  }],
  "calories" : 193,
  "duration" : 2867000,
  "activeDuration" : 2867000,
  "steps" : 1531,
  "logType" : "auto_detected",
  "manualValuesSpecified" : {
    "calories" : false,
    "distance" : false,
    "steps" : false
  },
  "lastModified" : "09/05/17 18:17:55",
  "startTime" : "09/05/17 17:14:02",
  "originalStartTime" : "09/05/17 17:14:02",
  "originalDuration" : 2867000,
  "hasGps" : false,
  "shouldFetchDetails" : false
},{
  "logId" : 9763588490,
  "activityName" : "Walk",
  "activityTypeId" : 90013,
  "activityLevel" : [{
    "minutes" : 3,
    "name" : "sedentary"
  },{
    "minutes" : 0,
    "name" : "lightly"
  },{
    "minutes" : 11,
    "name" : "fairly"
  },{
    "minutes" : 19,
    "name" : "very"
  }],
  "calories" : 230,
  "duration" : 1996000,
  "activeDuration" : 1996000,
  "steps" : 2745,
  "logType" : "auto_detected",
  "manualValuesSpecified" : {
    "calories" : false,
    "distance" : false,
    "steps" : false
  },
  "lastModified" : "09/06/17 23:40:12",
  "startTime" : "09/05/17 21:32:36",
  "originalStartTime" : "09/05/17 21:32:36",
  "originalDuration" : 1996000,
  "elevationGain" : 0.0,
  "hasGps" : false,
  "shouldFetchDetails" : false
},{
  "logId" : 9763588491,
  "activityName" : "Walk",
  "activityTypeId" : 90013,
  "activityLevel" : [{
    "minutes" : 3,
    "name" : "sedentary"
  },{
    "minutes" : 3,
    "name" : "lightly"
  },{
    "minutes" : 6,
    "name" : "fairly"
  },{
    "minutes" : 23,
    "name" : "very"
  }],
  "calories" : 239,
  "duration" : 2151000,
  "activeDuration" : 2151000,
  "steps" : 2782,
  "logType" : "auto_detected",
  "manualValuesSpecified" : {
    "calories" : false,
    "distance" : false,
    "steps" : false
  },
  "lastModified" : "09/06/17 23:40:12",
  "startTime" : "09/05/17 23:14:08",
  "originalStartTime" : "09/05/17 23:14:08",
  "originalDuration" : 2151000,
  "elevationGain" : 0.0,
  "hasGps" : false,
  "shouldFetchDetails" : false
},{
  "logId" : 9763588492,
  "activityName" : "Outdoor Bike",
  "activityTypeId" : 1071,
  "activityLevel" : [{
    "minutes" : 0,
    "name" : "sedentary"
  },{
    "minutes" : 1,
    "name" : "lightly"
  },{
    "minutes" : 8,
    "name" : "fairly"
  },{
    "minutes" : 42,
    "name" : "very"
  }],
  "calories" : 432,
  "duration" : 3072000,
  "activeDuration" : 3072000,
  "logType" : "auto_detected",
  "manualValuesSpecified" : {
    "calories" : false,
    "distance" : false,
    "steps" : false
  },
  "lastModified" : "09/06/17 23:40:13",
  "startTime" : "09/06/17 18:51:44",
  "originalStartTime" : "09/06/17 18:51:44",
  "originalDuration" : 3072000,
  "elevationGain" : 0.0,
  "hasGps" : false,
  "shouldFetchDetails" : false
},{
  "logId" : 9809289379,
  "activityName" : "Walk",
  "activityTypeId" : 90013,
  "activityLevel" : [{
    "minutes" : 0,
    "name" : "sedentary"
  },{
    "minutes" : 2,
    "name" : "lightly"
  },{
    "minutes" : 4,
    "name" : "fairly"
  },{
    "minutes" : 9,
    "name" : "very"
  }],
  "calories" : 106,
  "duration" : 922000,
  "activeDuration" : 922000,
  "steps" : 1229,
  "logType" : "auto_detected",
  "manualValuesSpecified" : {
    "calories" : false,
    "distance" : false,
    "steps" : false
  },
  "lastModified" : "09/09/17 18:04:06",
  "startTime" : "09/09/17 17:31:08",
  "originalStartTime" : "09/09/17 17:31:08",
  "originalDuration" : 922000,
  "elevationGain" : 0.0,
  "hasGps" : false,
  "shouldFetchDetails" : false
},{
  "logId" : 9814771979,
  "activityName" : "Sport",
  "activityTypeId" : 15000,
  "activityLevel" : [{
    "minutes" : 0,
    "name" : "sedentary"
  },{
    "minutes" : 1,
    "name" : "lightly"
  },{
    "minutes" : 9,
    "name" : "fairly"
  },{
    "minutes" : 8,
    "name" : "very"
  }],
  "calories" : 121,
  "duration" : 1126000,
  "activeDuration" : 1126000,
  "steps" : 1421,
  "logType" : "auto_detected",
  "manualValuesSpecified" : {
    "calories" : false,
    "distance" : false,
    "steps" : false
  },
  "lastModified" : "09/10/17 00:53:09",
  "startTime" : "09/10/17 00:19:02",
  "originalStartTime" : "09/10/17 00:19:02",
  "originalDuration" : 1126000,
  "hasGps" : false,
  "shouldFetchDetails" : false
},{
  "logId" : 9828925494,
  "activityName" : "Walk",
  "activityTypeId" : 90013,
  "activityLevel" : [{
    "minutes" : 1,
    "name" : "sedentary"
  },{
    "minutes" : 3,
    "name" : "lightly"
  },{
    "minutes" : 10,
    "name" : "fairly"
  },{
    "minutes" : 16,
    "name" : "very"
  }],
  "calories" : 206,
  "duration" : 1843000,
  "activeDuration" : 1843000,
  "steps" : 2412,
  "logType" : "auto_detected",
  "manualValuesSpecified" : {
    "calories" : false,
    "distance" : false,
    "steps" : false
  },
  "lastModified" : "09/11/17 00:03:52",
  "startTime" : "09/10/17 23:05:13",
  "originalStartTime" : "09/10/17 23:05:13",
  "originalDuration" : 1843000,
  "elevationGain" : 0.0,
  "hasGps" : false,
  "shouldFetchDetails" : false
},{
  "logId" : 9831206209,
  "activityName" : "Walk",
  "activityTypeId" : 90013,
  "activityLevel" : [{
    "minutes" : 1,
    "name" : "sedentary"
  },{
    "minutes" : 1,
    "name" : "lightly"
  },{
    "minutes" : 2,
    "name" : "fairly"
  },{
    "minutes" : 16,
    "name" : "very"
  }],
  "calories" : 156,
  "duration" : 1229000,
  "activeDuration" : 1229000,
  "steps" : 1860,
  "logType" : "auto_detected",
  "manualValuesSpecified" : {
    "calories" : false,
    "distance" : false,
    "steps" : false
  },
  "lastModified" : "09/11/17 03:58:38",
  "startTime" : "09/11/17 03:34:52",
  "originalStartTime" : "09/11/17 03:34:52",
  "originalDuration" : 1229000,
  "elevationGain" : 0.0,
  "hasGps" : false,
  "shouldFetchDetails" : false
},{
  "logId" : 9832126263,
  "activityName" : "Elliptical Trainer (MyFitnessPal)",
  "activityTypeId" : 5493232,
  "activityLevel" : [{
    "minutes" : 0,
    "name" : "sedentary"
  },{
    "minutes" : 0,
    "name" : "lightly"
  },{
    "minutes" : 0,
    "name" : "fairly"
  },{
    "minutes" : 66,
    "name" : "very"
  }],
  "calories" : 788,
  "distance" : 0.0,
  "distanceUnit" : "Mile",
  "duration" : 3960000,
  "activeDuration" : 3960000,
  "steps" : 9506,
  "source" : {
    "type" : "app",
    "name" : "MyFitnessPal",
    "id" : "228VC7",
    "url" : "http://www.myfitnesspal.com"
  },
  "logType" : "manual",
  "manualValuesSpecified" : {
    "calories" : true,
    "distance" : true,
    "steps" : false
  },
  "speed" : 0.0,
  "lastModified" : "09/11/17 22:33:25",
  "startTime" : "09/11/17 21:25:00",
  "originalStartTime" : "09/11/17 21:25:00",
  "originalDuration" : 3960000,
  "hasGps" : false,
  "shouldFetchDetails" : false
},{
  "logId" : 9869186239,
  "activityName" : "Sport",
  "activityTypeId" : 15000,
  "activityLevel" : [{
    "minutes" : 0,
    "name" : "sedentary"
  },{
    "minutes" : 3,
    "name" : "lightly"
  },{
    "minutes" : 16,
    "name" : "fairly"
  },{
    "minutes" : 17,
    "name" : "very"
  }],
  "calories" : 246,
  "duration" : 2151000,
  "activeDuration" : 2151000,
  "steps" : 2896,
  "logType" : "auto_detected",
  "manualValuesSpecified" : {
    "calories" : false,
    "distance" : false,
    "steps" : false
  },
  "lastModified" : "09/13/17 01:45:05",
  "startTime" : "09/12/17 20:55:32",
  "originalStartTime" : "09/12/17 20:55:32",
  "originalDuration" : 2151000,
  "hasGps" : false,
  "shouldFetchDetails" : false
},{
  "logId" : 9968159185,
  "activityName" : "Outdoor Bike",
  "activityTypeId" : 1071,
  "activityLevel" : [{
    "minutes" : 0,
    "name" : "sedentary"
  },{
    "minutes" : 0,
    "name" : "lightly"
  },{
    "minutes" : 1,
    "name" : "fairly"
  },{
    "minutes" : 47,
    "name" : "very"
  }],
  "calories" : 437,
  "duration" : 2867000,
  "activeDuration" : 2867000,
  "logType" : "auto_detected",
  "manualValuesSpecified" : {
    "calories" : false,
    "distance" : false,
    "steps" : false
  },
  "lastModified" : "09/18/17 19:57:46",
  "startTime" : "09/18/17 18:52:42",
  "originalStartTime" : "09/18/17 18:52:42",
  "originalDuration" : 2867000,
  "elevationGain" : 0.0,
  "hasGps" : false,
  "shouldFetchDetails" : false
},{
  "logId" : 9965773575,
  "activityName" : "Elliptical Trainer (MyFitnessPal)",
  "activityTypeId" : 5493232,
  "activityLevel" : [{
    "minutes" : 0,
    "name" : "sedentary"
  },{
    "minutes" : 0,
    "name" : "lightly"
  },{
    "minutes" : 0,
    "name" : "fairly"
  },{
    "minutes" : 66,
    "name" : "very"
  }],
  "calories" : 790,
  "distance" : 0.0,
  "distanceUnit" : "Mile",
  "duration" : 3960000,
  "activeDuration" : 3960000,
  "steps" : 9197,
  "source" : {
    "type" : "app",
    "name" : "MyFitnessPal",
    "id" : "228VC7",
    "url" : "http://www.myfitnesspal.com"
  },
  "logType" : "manual",
  "manualValuesSpecified" : {
    "calories" : true,
    "distance" : true,
    "steps" : false
  },
  "speed" : 0.0,
  "lastModified" : "09/18/17 22:25:58",
  "startTime" : "09/18/17 21:18:00",
  "originalStartTime" : "09/18/17 21:18:00",
  "originalDuration" : 3960000,
  "hasGps" : false,
  "shouldFetchDetails" : false
},{
  "logId" : 9990116828,
  "activityName" : "Walk",
  "activityTypeId" : 90013,
  "activityLevel" : [{
    "minutes" : 1,
    "name" : "sedentary"
  },{
    "minutes" : 1,
    "name" : "lightly"
  },{
    "minutes" : 3,
    "name" : "fairly"
  },{
    "minutes" : 10,
    "name" : "very"
  }],
  "calories" : 105,
  "duration" : 920000,
  "activeDuration" : 920000,
  "steps" : 1235,
  "logType" : "auto_detected",
  "manualValuesSpecified" : {
    "calories" : false,
    "distance" : false,
    "steps" : false
  },
  "lastModified" : "09/19/17 23:02:55",
  "startTime" : "09/19/17 22:39:16",
  "originalStartTime" : "09/19/17 22:39:16",
  "originalDuration" : 920000,
  "elevationGain" : 0.0,
  "hasGps" : false,
  "shouldFetchDetails" : false
},{
  "logId" : 10052185505,
  "activityName" : "Walk",
  "activityTypeId" : 90013,
  "activityLevel" : [{
    "minutes" : 0,
    "name" : "sedentary"
  },{
    "minutes" : 5,
    "name" : "lightly"
  },{
    "minutes" : 12,
    "name" : "fairly"
  },{
    "minutes" : 2,
    "name" : "very"
  }],
  "calories" : 102,
  "duration" : 1178000,
  "activeDuration" : 1178000,
  "steps" : 1111,
  "logType" : "auto_detected",
  "manualValuesSpecified" : {
    "calories" : false,
    "distance" : false,
    "steps" : false
  },
  "lastModified" : "09/23/17 12:46:42",
  "startTime" : "09/22/17 18:39:04",
  "originalStartTime" : "09/22/17 18:39:04",
  "originalDuration" : 1178000,
  "elevationGain" : 0.0,
  "hasGps" : false,
  "shouldFetchDetails" : false
},{
  "logId" : 10127970151,
  "activityName" : "Aerobic Workout",
  "activityTypeId" : 3001,
  "activityLevel" : [{
    "minutes" : 0,
    "name" : "sedentary"
  },{
    "minutes" : 1,
    "name" : "lightly"
  },{
    "minutes" : 1,
    "name" : "fairly"
  },{
    "minutes" : 16,
    "name" : "very"
  }],
  "calories" : 163,
  "duration" : 1076000,
  "activeDuration" : 1076000,
  "steps" : 1922,
  "logType" : "auto_detected",
  "manualValuesSpecified" : {
    "calories" : false,
    "distance" : false,
    "steps" : false
  },
  "lastModified" : "09/27/17 18:37:33",
  "startTime" : "09/27/17 18:02:50",
  "originalStartTime" : "09/27/17 18:02:50",
  "originalDuration" : 1076000,
  "hasGps" : false,
  "shouldFetchDetails" : false
},{
  "logId" : 10197436140,
  "activityName" : "Walk",
  "activityTypeId" : 90013,
  "activityLevel" : [{
    "minutes" : 0,
    "name" : "sedentary"
  },{
    "minutes" : 2,
    "name" : "lightly"
  },{
    "minutes" : 4,
    "name" : "fairly"
  },{
    "minutes" : 11,
    "name" : "very"
  }],
  "calories" : 123,
  "duration" : 1024000,
  "activeDuration" : 1024000,
  "steps" : 1389,
  "logType" : "auto_detected",
  "manualValuesSpecified" : {
    "calories" : false,
    "distance" : false,
    "steps" : false
  },
  "lastModified" : "10/01/17 23:18:56",
  "startTime" : "09/30/17 20:06:10",
  "originalStartTime" : "09/30/17 20:06:10",
  "originalDuration" : 1024000,
  "elevationGain" : 0.0,
  "hasGps" : false,
  "shouldFetchDetails" : false
},{
  "logId" : 10197436141,
  "activityName" : "Sport",
  "activityTypeId" : 15000,
  "activityLevel" : [{
    "minutes" : 1,
    "name" : "sedentary"
  },{
    "minutes" : 11,
    "name" : "lightly"
  },{
    "minutes" : 16,
    "name" : "fairly"
  },{
    "minutes" : 1,
    "name" : "very"
  }],
  "calories" : 139,
  "duration" : 1741000,
  "activeDuration" : 1741000,
  "steps" : 1308,
  "logType" : "auto_detected",
  "manualValuesSpecified" : {
    "calories" : false,
    "distance" : false,
    "steps" : false
  },
  "lastModified" : "10/01/17 23:18:56",
  "startTime" : "09/30/17 20:23:14",
  "originalStartTime" : "09/30/17 20:23:14",
  "originalDuration" : 1741000,
  "hasGps" : false,
  "shouldFetchDetails" : false
},{
  "logId" : 10210510164,
  "activityName" : "Walking, 3.0 mph, mod. pace (MyFitnessPal)",
  "activityTypeId" : 30710428,
  "activityLevel" : [{
    "minutes" : 0,
    "name" : "sedentary"
  },{
    "minutes" : 0,
    "name" : "lightly"
  },{
    "minutes" : 34,
    "name" : "fairly"
  },{
    "minutes" : 0,
    "name" : "very"
  }],
  "calories" : 183,
  "distance" : 0.0,
  "distanceUnit" : "Mile",
  "duration" : 2040000,
  "activeDuration" : 2040000,
  "steps" : 2026,
  "source" : {
    "type" : "app",
    "name" : "MyFitnessPal",
    "id" : "228VC7",
    "url" : "http://www.myfitnesspal.com"
  },
  "logType" : "manual",
  "manualValuesSpecified" : {
    "calories" : true,
    "distance" : true,
    "steps" : false
  },
  "speed" : 0.0,
  "lastModified" : "10/02/17 20:32:15",
  "startTime" : "10/01/17 16:27:00",
  "originalStartTime" : "10/01/17 16:27:00",
  "originalDuration" : 2040000,
  "hasGps" : false,
  "shouldFetchDetails" : false
},{
  "logId" : 10211120502,
  "activityName" : "Walking, 3.0 mph, mod. pace (MyFitnessPal)",
  "activityTypeId" : 30710428,
  "activityLevel" : [{
    "minutes" : 0,
    "name" : "sedentary"
  },{
    "minutes" : 0,
    "name" : "lightly"
  },{
    "minutes" : 23,
    "name" : "fairly"
  },{
    "minutes" : 0,
    "name" : "very"
  }],
  "calories" : 151,
  "distance" : 0.0,
  "distanceUnit" : "Mile",
  "duration" : 1380000,
  "activeDuration" : 1380000,
  "steps" : 1779,
  "source" : {
    "type" : "app",
    "name" : "MyFitnessPal",
    "id" : "228VC7",
    "url" : "http://www.myfitnesspal.com"
  },
  "logType" : "manual",
  "manualValuesSpecified" : {
    "calories" : true,
    "distance" : true,
    "steps" : false
  },
  "speed" : 0.0,
  "lastModified" : "10/02/17 20:32:17",
  "startTime" : "10/01/17 17:18:00",
  "originalStartTime" : "10/01/17 17:18:00",
  "originalDuration" : 1380000,
  "hasGps" : false,
  "shouldFetchDetails" : false
},{
  "logId" : 10229079189,
  "activityName" : "Walking, 3.0 mph, mod. pace (MyFitnessPal)",
  "activityTypeId" : 30710428,
  "activityLevel" : [{
    "minutes" : 0,
    "name" : "sedentary"
  },{
    "minutes" : 0,
    "name" : "lightly"
  },{
    "minutes" : 42,
    "name" : "fairly"
  },{
    "minutes" : 0,
    "name" : "very"
  }],
  "calories" : 236,
  "distance" : 0.0,
  "distanceUnit" : "Mile",
  "duration" : 2520000,
  "activeDuration" : 2520000,
  "steps" : 2511,
  "source" : {
    "type" : "app",
    "name" : "MyFitnessPal",
    "id" : "228VC7",
    "url" : "http://www.myfitnesspal.com"
  },
  "logType" : "manual",
  "manualValuesSpecified" : {
    "calories" : true,
    "distance" : true,
    "steps" : false
  },
  "speed" : 0.0,
  "lastModified" : "10/04/17 00:47:47",
  "startTime" : "10/03/17 23:57:00",
  "originalStartTime" : "10/03/17 23:57:00",
  "originalDuration" : 2520000,
  "hasGps" : false,
  "shouldFetchDetails" : false
},{
  "logId" : 10297515528,
  "activityName" : "Elliptical Trainer (MyFitnessPal)",
  "activityTypeId" : 5493232,
  "activityLevel" : [{
    "minutes" : 0,
    "name" : "sedentary"
  },{
    "minutes" : 0,
    "name" : "lightly"
  },{
    "minutes" : 0,
    "name" : "fairly"
  },{
    "minutes" : 36,
    "name" : "very"
  }],
  "calories" : 421,
  "distance" : 0.0,
  "distanceUnit" : "Mile",
  "duration" : 2160000,
  "activeDuration" : 2160000,
  "steps" : 5097,
  "source" : {
    "type" : "app",
    "name" : "MyFitnessPal",
    "id" : "228VC7",
    "url" : "http://www.myfitnesspal.com"
  },
  "logType" : "manual",
  "manualValuesSpecified" : {
    "calories" : true,
    "distance" : true,
    "steps" : false
  },
  "speed" : 0.0,
  "lastModified" : "10/07/17 20:07:02",
  "startTime" : "10/07/17 19:28:00",
  "originalStartTime" : "10/07/17 19:28:00",
  "originalDuration" : 2160000,
  "hasGps" : false,
  "shouldFetchDetails" : false
},{
  "logId" : 10295826696,
  "activityName" : "Aerobics, general (MyFitnessPal)",
  "activityTypeId" : 8886341,
  "activityLevel" : [{
    "minutes" : 0,
    "name" : "sedentary"
  },{
    "minutes" : 0,
    "name" : "lightly"
  },{
    "minutes" : 16,
    "name" : "fairly"
  },{
    "minutes" : 0,
    "name" : "very"
  }],
  "calories" : 98,
  "distance" : 0.0,
  "distanceUnit" : "Mile",
  "duration" : 960000,
  "activeDuration" : 960000,
  "steps" : 1063,
  "source" : {
    "type" : "app",
    "name" : "MyFitnessPal",
    "id" : "228VC7",
    "url" : "http://www.myfitnesspal.com"
  },
  "logType" : "manual",
  "manualValuesSpecified" : {
    "calories" : true,
    "distance" : true,
    "steps" : false
  },
  "speed" : 0.0,
  "lastModified" : "10/08/17 18:05:16",
  "startTime" : "10/08/17 15:38:00",
  "originalStartTime" : "10/08/17 15:38:00",
  "originalDuration" : 960000,
  "hasGps" : false,
  "shouldFetchDetails" : false
},{
  "logId" : 10329763506,
  "activityName" : "Walking, 3.0 mph, mod. pace (MyFitnessPal)",
  "activityTypeId" : 30710428,
  "activityLevel" : [{
    "minutes" : 0,
    "name" : "sedentary"
  },{
    "minutes" : 0,
    "name" : "lightly"
  },{
    "minutes" : 35,
    "name" : "fairly"
  },{
    "minutes" : 0,
    "name" : "very"
  }],
  "calories" : 241,
  "distance" : 0.0,
  "distanceUnit" : "Mile",
  "duration" : 2100000,
  "activeDuration" : 2100000,
  "steps" : 0,
  "source" : {
    "type" : "app",
    "name" : "MyFitnessPal",
    "id" : "228VC7",
    "url" : "http://www.myfitnesspal.com"
  },
  "logType" : "manual",
  "manualValuesSpecified" : {
    "calories" : true,
    "distance" : true,
    "steps" : false
  },
  "speed" : 0.0,
  "lastModified" : "10/10/17 15:51:04",
  "startTime" : "10/10/17 04:27:00",
  "originalStartTime" : "10/10/17 04:27:00",
  "originalDuration" : 2100000,
  "hasGps" : false,
  "shouldFetchDetails" : false
},{
  "logId" : 10323731381,
  "activityName" : "Walking, 3.0 mph, mod. pace (MyFitnessPal)",
  "activityTypeId" : 30710428,
  "activityLevel" : [{
    "minutes" : 0,
    "name" : "sedentary"
  },{
    "minutes" : 0,
    "name" : "lightly"
  },{
    "minutes" : 0,
    "name" : "fairly"
  },{
    "minutes" : 31,
    "name" : "very"
  }],
  "calories" : 256,
  "distance" : 0.0,
  "distanceUnit" : "Mile",
  "duration" : 1860000,
  "activeDuration" : 1860000,
  "steps" : 0,
  "source" : {
    "type" : "app",
    "name" : "MyFitnessPal",
    "id" : "228VC7",
    "url" : "http://www.myfitnesspal.com"
  },
  "logType" : "manual",
  "manualValuesSpecified" : {
    "calories" : true,
    "distance" : true,
    "steps" : false
  },
  "speed" : 0.0,
  "lastModified" : "10/10/17 15:51:04",
  "startTime" : "10/10/17 06:01:00",
  "originalStartTime" : "10/10/17 06:01:00",
  "originalDuration" : 1860000,
  "hasGps" : false,
  "shouldFetchDetails" : false
},{
  "logId" : 10343870973,
  "activityName" : "Walk",
  "activityTypeId" : 90013,
  "activityLevel" : [{
    "minutes" : 0,
    "name" : "sedentary"
  },{
    "minutes" : 5,
    "name" : "lightly"
  },{
    "minutes" : 10,
    "name" : "fairly"
  },{
    "minutes" : 20,
    "name" : "very"
  }],
  "calories" : 241,
  "duration" : 2099000,
  "activeDuration" : 2099000,
  "steps" : 2763,
  "logType" : "auto_detected",
  "manualValuesSpecified" : {
    "calories" : false,
    "distance" : false,
    "steps" : false
  },
  "lastModified" : "10/10/17 15:49:21",
  "startTime" : "10/10/17 10:27:45",
  "originalStartTime" : "10/10/17 10:27:45",
  "originalDuration" : 2099000,
  "elevationGain" : 0.0,
  "hasGps" : false,
  "shouldFetchDetails" : false
}]