[{
  "logId" : 20130566777,
  "activityName" : "Elliptical Trainer (MyFitnessPal)",
  "activityTypeId" : 5493232,
  "activityLevel" : [{
    "minutes" : 0,
    "name" : "sedentary"
  },{
    "minutes" : 0,
    "name" : "lightly"
  },{
    "minutes" : 0,
    "name" : "fairly"
  },{
    "minutes" : 51,
    "name" : "very"
  }],
  "calories" : 669,
  "distance" : 0.0,
  "distanceUnit" : "Mile",
  "duration" : 3060000,
  "activeDuration" : 3060000,
  "steps" : 6274,
  "source" : {
    "type" : "app",
    "name" : "MyFitnessPal",
    "id" : "228VC7",
    "url" : "http://www.myfitnesspal.com"
  },
  "logType" : "manual",
  "manualValuesSpecified" : {
    "calories" : true,
    "distance" : true,
    "steps" : false
  },
  "speed" : 0.0,
  "lastModified" : "02/26/19 20:27:47",
  "startTime" : "02/26/19 19:34:00",
  "originalStartTime" : "02/26/19 19:34:00",
  "originalDuration" : 3060000,
  "hasGps" : false,
  "shouldFetchDetails" : false
},{
  "logId" : 20135417347,
  "activityName" : "Elliptical Trainer (MyFitnessPal)",
  "activityTypeId" : 5493232,
  "activityLevel" : [{
    "minutes" : 0,
    "name" : "sedentary"
  },{
    "minutes" : 0,
    "name" : "lightly"
  },{
    "minutes" : 0,
    "name" : "fairly"
  },{
    "minutes" : 16,
    "name" : "very"
  }],
  "calories" : 195,
  "distance" : 0.0,
  "distanceUnit" : "Mile",
  "duration" : 960000,
  "activeDuration" : 960000,
  "steps" : 1997,
  "source" : {
    "type" : "app",
    "name" : "MyFitnessPal",
    "id" : "228VC7",
    "url" : "http://www.myfitnesspal.com"
  },
  "logType" : "manual",
  "manualValuesSpecified" : {
    "calories" : true,
    "distance" : true,
    "steps" : false
  },
  "speed" : 0.0,
  "lastModified" : "02/27/19 18:21:10",
  "startTime" : "02/27/19 18:03:00",
  "originalStartTime" : "02/27/19 18:03:00",
  "originalDuration" : 960000,
  "hasGps" : false,
  "shouldFetchDetails" : false
},{
  "logId" : 20192427368,
  "activityName" : "Elliptical Trainer (MyFitnessPal)",
  "activityTypeId" : 5493232,
  "activityLevel" : [{
    "minutes" : 0,
    "name" : "sedentary"
  },{
    "minutes" : 0,
    "name" : "lightly"
  },{
    "minutes" : 0,
    "name" : "fairly"
  },{
    "minutes" : 51,
    "name" : "very"
  }],
  "calories" : 663,
  "distance" : 0.0,
  "distanceUnit" : "Mile",
  "duration" : 3060000,
  "activeDuration" : 3060000,
  "steps" : 6081,
  "source" : {
    "type" : "app",
    "name" : "MyFitnessPal",
    "id" : "228VC7",
    "url" : "http://www.myfitnesspal.com"
  },
  "logType" : "manual",
  "manualValuesSpecified" : {
    "calories" : true,
    "distance" : true,
    "steps" : false
  },
  "speed" : 0.0,
  "lastModified" : "02/28/19 17:05:25",
  "startTime" : "02/28/19 16:12:00",
  "originalStartTime" : "02/28/19 16:12:00",
  "originalDuration" : 3060000,
  "hasGps" : false,
  "shouldFetchDetails" : false
},{
  "logId" : 20213315695,
  "activityName" : "Elliptical Trainer (MyFitnessPal)",
  "activityTypeId" : 5493232,
  "activityLevel" : [{
    "minutes" : 0,
    "name" : "sedentary"
  },{
    "minutes" : 0,
    "name" : "lightly"
  },{
    "minutes" : 0,
    "name" : "fairly"
  },{
    "minutes" : 16,
    "name" : "very"
  }],
  "calories" : 196,
  "distance" : 0.0,
  "distanceUnit" : "Mile",
  "duration" : 960000,
  "activeDuration" : 960000,
  "steps" : 2110,
  "source" : {
    "type" : "app",
    "name" : "MyFitnessPal",
    "id" : "228VC7",
    "url" : "http://www.myfitnesspal.com"
  },
  "logType" : "manual",
  "manualValuesSpecified" : {
    "calories" : true,
    "distance" : true,
    "steps" : false
  },
  "speed" : 0.0,
  "lastModified" : "03/01/19 17:57:09",
  "startTime" : "03/01/19 17:39:00",
  "originalStartTime" : "03/01/19 17:39:00",
  "originalDuration" : 960000,
  "hasGps" : false,
  "shouldFetchDetails" : false
},{
  "logId" : 20237041155,
  "activityName" : "Walk",
  "activityTypeId" : 90013,
  "activityLevel" : [{
    "minutes" : 0,
    "name" : "sedentary"
  },{
    "minutes" : 2,
    "name" : "lightly"
  },{
    "minutes" : 4,
    "name" : "fairly"
  },{
    "minutes" : 12,
    "name" : "very"
  }],
  "calories" : 133,
  "duration" : 1126000,
  "activeDuration" : 1126000,
  "steps" : 1569,
  "logType" : "auto_detected",
  "manualValuesSpecified" : {
    "calories" : false,
    "distance" : false,
    "steps" : false
  },
  "lastModified" : "03/01/19 18:57:02",
  "startTime" : "03/01/19 18:29:02",
  "originalStartTime" : "03/01/19 18:29:02",
  "originalDuration" : 1126000,
  "elevationGain" : 0.0,
  "hasGps" : false,
  "shouldFetchDetails" : false
},{
  "logId" : 20277742664,
  "activityName" : "Elliptical Trainer (MyFitnessPal)",
  "activityTypeId" : 5493232,
  "activityLevel" : [{
    "minutes" : 0,
    "name" : "sedentary"
  },{
    "minutes" : 0,
    "name" : "lightly"
  },{
    "minutes" : 0,
    "name" : "fairly"
  },{
    "minutes" : 16,
    "name" : "very"
  }],
  "calories" : 196,
  "distance" : 0.0,
  "distanceUnit" : "Mile",
  "duration" : 960000,
  "activeDuration" : 960000,
  "steps" : 2058,
  "source" : {
    "type" : "app",
    "name" : "MyFitnessPal",
    "id" : "228VC7",
    "url" : "http://www.myfitnesspal.com"
  },
  "logType" : "manual",
  "manualValuesSpecified" : {
    "calories" : true,
    "distance" : true,
    "steps" : false
  },
  "speed" : 0.0,
  "lastModified" : "03/04/19 14:45:49",
  "startTime" : "03/04/19 14:28:00",
  "originalStartTime" : "03/04/19 14:28:00",
  "originalDuration" : 960000,
  "hasGps" : false,
  "shouldFetchDetails" : false
},{
  "logId" : 20291621836,
  "activityName" : "Walk",
  "activityTypeId" : 90013,
  "activityLevel" : [{
    "minutes" : 0,
    "name" : "sedentary"
  },{
    "minutes" : 2,
    "name" : "lightly"
  },{
    "minutes" : 3,
    "name" : "fairly"
  },{
    "minutes" : 11,
    "name" : "very"
  }],
  "calories" : 121,
  "duration" : 973000,
  "activeDuration" : 973000,
  "steps" : 1426,
  "logType" : "auto_detected",
  "manualValuesSpecified" : {
    "calories" : false,
    "distance" : false,
    "steps" : false
  },
  "lastModified" : "03/04/19 15:45:44",
  "startTime" : "03/04/19 15:16:37",
  "originalStartTime" : "03/04/19 15:16:37",
  "originalDuration" : 973000,
  "elevationGain" : 0.0,
  "hasGps" : false,
  "shouldFetchDetails" : false
},{
  "logId" : 20277005610,
  "activityName" : "Elliptical Trainer (MyFitnessPal)",
  "activityTypeId" : 5493232,
  "activityLevel" : [{
    "minutes" : 0,
    "name" : "sedentary"
  },{
    "minutes" : 0,
    "name" : "lightly"
  },{
    "minutes" : 0,
    "name" : "fairly"
  },{
    "minutes" : 51,
    "name" : "very"
  }],
  "calories" : 674,
  "distance" : 0.0,
  "distanceUnit" : "Mile",
  "duration" : 3060000,
  "activeDuration" : 3060000,
  "steps" : 6397,
  "source" : {
    "type" : "app",
    "name" : "MyFitnessPal",
    "id" : "228VC7",
    "url" : "http://www.myfitnesspal.com"
  },
  "logType" : "manual",
  "manualValuesSpecified" : {
    "calories" : true,
    "distance" : true,
    "steps" : false
  },
  "speed" : 0.0,
  "lastModified" : "03/05/19 19:07:49",
  "startTime" : "03/05/19 18:14:00",
  "originalStartTime" : "03/05/19 18:14:00",
  "originalDuration" : 3060000,
  "hasGps" : false,
  "shouldFetchDetails" : false
},{
  "logId" : 20319112476,
  "activityName" : "Walk",
  "activityTypeId" : 90013,
  "activityLevel" : [{
    "minutes" : 0,
    "name" : "sedentary"
  },{
    "minutes" : 1,
    "name" : "lightly"
  },{
    "minutes" : 3,
    "name" : "fairly"
  },{
    "minutes" : 12,
    "name" : "very"
  }],
  "calories" : 121,
  "duration" : 921000,
  "activeDuration" : 921000,
  "steps" : 1393,
  "logType" : "auto_detected",
  "manualValuesSpecified" : {
    "calories" : false,
    "distance" : false,
    "steps" : false
  },
  "lastModified" : "03/05/19 19:40:38",
  "startTime" : "03/05/19 19:11:43",
  "originalStartTime" : "03/05/19 19:11:43",
  "originalDuration" : 921000,
  "elevationGain" : 0.0,
  "hasGps" : false,
  "shouldFetchDetails" : false
},{
  "logId" : 20319216781,
  "activityName" : "Aerobic Workout",
  "activityTypeId" : 3001,
  "activityLevel" : [{
    "minutes" : 0,
    "name" : "sedentary"
  },{
    "minutes" : 1,
    "name" : "lightly"
  },{
    "minutes" : 11,
    "name" : "fairly"
  },{
    "minutes" : 3,
    "name" : "very"
  }],
  "calories" : 83,
  "duration" : 921000,
  "activeDuration" : 921000,
  "steps" : 858,
  "logType" : "auto_detected",
  "manualValuesSpecified" : {
    "calories" : false,
    "distance" : false,
    "steps" : false
  },
  "lastModified" : "03/05/19 19:56:48",
  "startTime" : "03/05/19 19:27:04",
  "originalStartTime" : "03/05/19 19:27:04",
  "originalDuration" : 921000,
  "hasGps" : false,
  "shouldFetchDetails" : false
},{
  "logId" : 20538251787,
  "activityName" : "Elliptical Trainer (MyFitnessPal)",
  "activityTypeId" : 5493232,
  "activityLevel" : [{
    "minutes" : 0,
    "name" : "sedentary"
  },{
    "minutes" : 0,
    "name" : "lightly"
  },{
    "minutes" : 0,
    "name" : "fairly"
  },{
    "minutes" : 16,
    "name" : "very"
  }],
  "calories" : 196,
  "distance" : 0.0,
  "distanceUnit" : "Mile",
  "duration" : 960000,
  "activeDuration" : 960000,
  "steps" : 2085,
  "source" : {
    "type" : "app",
    "name" : "MyFitnessPal",
    "id" : "228VC7",
    "url" : "http://www.myfitnesspal.com"
  },
  "logType" : "manual",
  "manualValuesSpecified" : {
    "calories" : true,
    "distance" : true,
    "steps" : false
  },
  "speed" : 0.0,
  "lastModified" : "03/16/19 19:37:51",
  "startTime" : "03/06/19 14:32:00",
  "originalStartTime" : "03/06/19 14:32:00",
  "originalDuration" : 960000,
  "hasGps" : false,
  "shouldFetchDetails" : false
},{
  "logId" : 20456635100,
  "activityName" : "Walk",
  "activityTypeId" : 90013,
  "activityLevel" : [{
    "minutes" : 0,
    "name" : "sedentary"
  },{
    "minutes" : 0,
    "name" : "lightly"
  },{
    "minutes" : 5,
    "name" : "fairly"
  },{
    "minutes" : 11,
    "name" : "very"
  }],
  "calories" : 125,
  "duration" : 920000,
  "activeDuration" : 920000,
  "steps" : 1477,
  "logType" : "auto_detected",
  "manualValuesSpecified" : {
    "calories" : false,
    "distance" : false,
    "steps" : false
  },
  "lastModified" : "03/11/19 17:52:46",
  "startTime" : "03/11/19 17:30:45",
  "originalStartTime" : "03/11/19 17:30:45",
  "originalDuration" : 920000,
  "elevationGain" : 0.0,
  "hasGps" : false,
  "shouldFetchDetails" : false
},{
  "logId" : 20494671502,
  "activityName" : "Walk",
  "activityTypeId" : 90013,
  "activityLevel" : [{
    "minutes" : 0,
    "name" : "sedentary"
  },{
    "minutes" : 0,
    "name" : "lightly"
  },{
    "minutes" : 9,
    "name" : "fairly"
  },{
    "minutes" : 14,
    "name" : "very"
  }],
  "calories" : 183,
  "duration" : 1332000,
  "activeDuration" : 1332000,
  "steps" : 2194,
  "logType" : "auto_detected",
  "manualValuesSpecified" : {
    "calories" : false,
    "distance" : false,
    "steps" : false
  },
  "lastModified" : "03/13/19 00:53:26",
  "startTime" : "03/13/19 00:25:53",
  "originalStartTime" : "03/13/19 00:25:53",
  "originalDuration" : 1332000,
  "elevationGain" : 0.0,
  "hasGps" : false,
  "shouldFetchDetails" : false
},{
  "logId" : 20538155040,
  "activityName" : "Elliptical Trainer (MyFitnessPal)",
  "activityTypeId" : 5493232,
  "activityLevel" : [{
    "minutes" : 0,
    "name" : "sedentary"
  },{
    "minutes" : 0,
    "name" : "lightly"
  },{
    "minutes" : 0,
    "name" : "fairly"
  },{
    "minutes" : 16,
    "name" : "very"
  }],
  "calories" : 196,
  "distance" : 0.0,
  "distanceUnit" : "Mile",
  "duration" : 960000,
  "activeDuration" : 960000,
  "steps" : 2026,
  "source" : {
    "type" : "app",
    "name" : "MyFitnessPal",
    "id" : "228VC7",
    "url" : "http://www.myfitnesspal.com"
  },
  "logType" : "manual",
  "manualValuesSpecified" : {
    "calories" : true,
    "distance" : true,
    "steps" : false
  },
  "speed" : 0.0,
  "lastModified" : "03/16/19 19:55:39",
  "startTime" : "03/16/19 19:38:00",
  "originalStartTime" : "03/16/19 19:38:00",
  "originalDuration" : 960000,
  "hasGps" : false,
  "shouldFetchDetails" : false
},{
  "logId" : 20600804740,
  "activityName" : "Elliptical Trainer (MyFitnessPal)",
  "activityTypeId" : 5493232,
  "activityLevel" : [{
    "minutes" : 0,
    "name" : "sedentary"
  },{
    "minutes" : 0,
    "name" : "lightly"
  },{
    "minutes" : 0,
    "name" : "fairly"
  },{
    "minutes" : 16,
    "name" : "very"
  }],
  "calories" : 192,
  "distance" : 0.0,
  "distanceUnit" : "Mile",
  "duration" : 960000,
  "activeDuration" : 960000,
  "steps" : 1878,
  "source" : {
    "type" : "app",
    "name" : "MyFitnessPal",
    "id" : "228VC7",
    "url" : "http://www.myfitnesspal.com"
  },
  "logType" : "manual",
  "manualValuesSpecified" : {
    "calories" : true,
    "distance" : true,
    "steps" : false
  },
  "speed" : 0.0,
  "lastModified" : "03/18/19 17:42:12",
  "startTime" : "03/18/19 17:23:00",
  "originalStartTime" : "03/18/19 17:23:00",
  "originalDuration" : 960000,
  "hasGps" : false,
  "shouldFetchDetails" : false
},{
  "logId" : 20623884408,
  "activityName" : "Walk",
  "activityTypeId" : 90013,
  "activityLevel" : [{
    "minutes" : 0,
    "name" : "sedentary"
  },{
    "minutes" : 1,
    "name" : "lightly"
  },{
    "minutes" : 1,
    "name" : "fairly"
  },{
    "minutes" : 14,
    "name" : "very"
  }],
  "calories" : 129,
  "duration" : 973000,
  "activeDuration" : 973000,
  "steps" : 1558,
  "logType" : "auto_detected",
  "manualValuesSpecified" : {
    "calories" : false,
    "distance" : false,
    "steps" : false
  },
  "lastModified" : "03/18/19 18:43:55",
  "startTime" : "03/18/19 18:20:52",
  "originalStartTime" : "03/18/19 18:20:52",
  "originalDuration" : 973000,
  "elevationGain" : 0.0,
  "hasGps" : false,
  "shouldFetchDetails" : false
},{
  "logId" : 20630918054,
  "activityName" : "Walk",
  "activityTypeId" : 90013,
  "activityLevel" : [{
    "minutes" : 0,
    "name" : "sedentary"
  },{
    "minutes" : 4,
    "name" : "lightly"
  },{
    "minutes" : 8,
    "name" : "fairly"
  },{
    "minutes" : 6,
    "name" : "very"
  }],
  "calories" : 115,
  "duration" : 1126000,
  "activeDuration" : 1126000,
  "steps" : 1309,
  "logType" : "auto_detected",
  "manualValuesSpecified" : {
    "calories" : false,
    "distance" : false,
    "steps" : false
  },
  "lastModified" : "03/18/19 23:51:55",
  "startTime" : "03/18/19 23:16:08",
  "originalStartTime" : "03/18/19 23:16:08",
  "originalDuration" : 1126000,
  "elevationGain" : 0.0,
  "hasGps" : false,
  "shouldFetchDetails" : false
},{
  "logId" : 20650721548,
  "activityName" : "Elliptical Trainer (MyFitnessPal)",
  "activityTypeId" : 5493232,
  "activityLevel" : [{
    "minutes" : 0,
    "name" : "sedentary"
  },{
    "minutes" : 0,
    "name" : "lightly"
  },{
    "minutes" : 0,
    "name" : "fairly"
  },{
    "minutes" : 36,
    "name" : "very"
  }],
  "calories" : 460,
  "distance" : 0.0,
  "distanceUnit" : "Mile",
  "duration" : 2160000,
  "activeDuration" : 2160000,
  "steps" : 4499,
  "source" : {
    "type" : "app",
    "name" : "MyFitnessPal",
    "id" : "228VC7",
    "url" : "http://www.myfitnesspal.com"
  },
  "logType" : "manual",
  "manualValuesSpecified" : {
    "calories" : true,
    "distance" : true,
    "steps" : false
  },
  "speed" : 0.0,
  "lastModified" : "03/19/19 18:33:39",
  "startTime" : "03/19/19 17:56:00",
  "originalStartTime" : "03/19/19 17:56:00",
  "originalDuration" : 2160000,
  "hasGps" : false,
  "shouldFetchDetails" : false
},{
  "logId" : 20652517875,
  "activityName" : "Elliptical Trainer (MyFitnessPal)",
  "activityTypeId" : 5493232,
  "activityLevel" : [{
    "minutes" : 0,
    "name" : "sedentary"
  },{
    "minutes" : 0,
    "name" : "lightly"
  },{
    "minutes" : 0,
    "name" : "fairly"
  },{
    "minutes" : 19,
    "name" : "very"
  }],
  "calories" : 238,
  "distance" : 0.0,
  "distanceUnit" : "Mile",
  "duration" : 1140000,
  "activeDuration" : 1140000,
  "steps" : 2469,
  "source" : {
    "type" : "app",
    "name" : "MyFitnessPal",
    "id" : "228VC7",
    "url" : "http://www.myfitnesspal.com"
  },
  "logType" : "manual",
  "manualValuesSpecified" : {
    "calories" : true,
    "distance" : true,
    "steps" : false
  },
  "speed" : 0.0,
  "lastModified" : "03/20/19 14:02:07",
  "startTime" : "03/20/19 13:41:00",
  "originalStartTime" : "03/20/19 13:41:00",
  "originalDuration" : 1140000,
  "hasGps" : false,
  "shouldFetchDetails" : false
},{
  "logId" : 20671637674,
  "activityName" : "Walk",
  "activityTypeId" : 90013,
  "activityLevel" : [{
    "minutes" : 1,
    "name" : "sedentary"
  },{
    "minutes" : 1,
    "name" : "lightly"
  },{
    "minutes" : 6,
    "name" : "fairly"
  },{
    "minutes" : 13,
    "name" : "very"
  }],
  "calories" : 144,
  "duration" : 1280000,
  "activeDuration" : 1280000,
  "steps" : 1690,
  "logType" : "auto_detected",
  "manualValuesSpecified" : {
    "calories" : false,
    "distance" : false,
    "steps" : false
  },
  "lastModified" : "03/20/19 15:05:54",
  "startTime" : "03/20/19 14:27:55",
  "originalStartTime" : "03/20/19 14:27:55",
  "originalDuration" : 1280000,
  "elevationGain" : 0.0,
  "hasGps" : false,
  "shouldFetchDetails" : false
},{
  "logId" : 20648378828,
  "activityName" : "Elliptical Trainer (MyFitnessPal)",
  "activityTypeId" : 5493232,
  "activityLevel" : [{
    "minutes" : 0,
    "name" : "sedentary"
  },{
    "minutes" : 0,
    "name" : "lightly"
  },{
    "minutes" : 0,
    "name" : "fairly"
  },{
    "minutes" : 47,
    "name" : "very"
  }],
  "calories" : 641,
  "distance" : 0.0,
  "distanceUnit" : "Mile",
  "duration" : 2820000,
  "activeDuration" : 2820000,
  "steps" : 5936,
  "source" : {
    "type" : "app",
    "name" : "MyFitnessPal",
    "id" : "228VC7",
    "url" : "http://www.myfitnesspal.com"
  },
  "logType" : "manual",
  "manualValuesSpecified" : {
    "calories" : true,
    "distance" : true,
    "steps" : false
  },
  "speed" : 0.0,
  "lastModified" : "03/21/19 15:23:03",
  "startTime" : "03/21/19 14:34:00",
  "originalStartTime" : "03/21/19 14:34:00",
  "originalDuration" : 2820000,
  "hasGps" : false,
  "shouldFetchDetails" : false
},{
  "logId" : 20854872886,
  "activityName" : "Walk",
  "activityTypeId" : 90013,
  "activityLevel" : [{
    "minutes" : 0,
    "name" : "sedentary"
  },{
    "minutes" : 6,
    "name" : "lightly"
  },{
    "minutes" : 13,
    "name" : "fairly"
  },{
    "minutes" : 0,
    "name" : "very"
  }],
  "calories" : 101,
  "duration" : 1126000,
  "activeDuration" : 1126000,
  "steps" : 1056,
  "logType" : "auto_detected",
  "manualValuesSpecified" : {
    "calories" : false,
    "distance" : false,
    "steps" : false
  },
  "lastModified" : "03/27/19 18:55:24",
  "startTime" : "03/27/19 18:17:21",
  "originalStartTime" : "03/27/19 18:17:21",
  "originalDuration" : 1126000,
  "elevationGain" : 0.0,
  "hasGps" : false,
  "shouldFetchDetails" : false
},{
  "logId" : 20930564965,
  "activityName" : "Sport",
  "activityTypeId" : 15000,
  "activityLevel" : [{
    "minutes" : 1,
    "name" : "sedentary"
  },{
    "minutes" : 0,
    "name" : "lightly"
  },{
    "minutes" : 19,
    "name" : "fairly"
  },{
    "minutes" : 20,
    "name" : "very"
  }],
  "calories" : 279,
  "duration" : 2457000,
  "activeDuration" : 2457000,
  "steps" : 3319,
  "logType" : "auto_detected",
  "manualValuesSpecified" : {
    "calories" : false,
    "distance" : false,
    "steps" : false
  },
  "lastModified" : "03/30/19 16:31:00",
  "startTime" : "03/30/19 15:35:40",
  "originalStartTime" : "03/30/19 15:35:40",
  "originalDuration" : 2457000,
  "hasGps" : false,
  "shouldFetchDetails" : false
},{
  "logId" : 20935965647,
  "activityName" : "Sport",
  "activityTypeId" : 15000,
  "activityLevel" : [{
    "minutes" : 1,
    "name" : "sedentary"
  },{
    "minutes" : 11,
    "name" : "lightly"
  },{
    "minutes" : 18,
    "name" : "fairly"
  },{
    "minutes" : 11,
    "name" : "very"
  }],
  "calories" : 231,
  "duration" : 2510000,
  "activeDuration" : 2510000,
  "steps" : 2449,
  "logType" : "auto_detected",
  "manualValuesSpecified" : {
    "calories" : false,
    "distance" : false,
    "steps" : false
  },
  "lastModified" : "03/30/19 21:06:30",
  "startTime" : "03/30/19 20:01:54",
  "originalStartTime" : "03/30/19 20:01:54",
  "originalDuration" : 2510000,
  "hasGps" : false,
  "shouldFetchDetails" : false
},{
  "logId" : 20955654226,
  "activityName" : "Sport",
  "activityTypeId" : 15000,
  "activityLevel" : [{
    "minutes" : 2,
    "name" : "sedentary"
  },{
    "minutes" : 6,
    "name" : "lightly"
  },{
    "minutes" : 29,
    "name" : "fairly"
  },{
    "minutes" : 3,
    "name" : "very"
  }],
  "calories" : 217,
  "duration" : 2406000,
  "activeDuration" : 2406000,
  "steps" : 2333,
  "logType" : "auto_detected",
  "manualValuesSpecified" : {
    "calories" : false,
    "distance" : false,
    "steps" : false
  },
  "lastModified" : "03/31/19 19:37:51",
  "startTime" : "03/31/19 18:47:15",
  "originalStartTime" : "03/31/19 18:47:15",
  "originalDuration" : 2406000,
  "hasGps" : false,
  "shouldFetchDetails" : false
},{
  "logId" : 21011051108,
  "activityName" : "Sport",
  "activityTypeId" : 15000,
  "activityLevel" : [{
    "minutes" : 0,
    "name" : "sedentary"
  },{
    "minutes" : 25,
    "name" : "lightly"
  },{
    "minutes" : 0,
    "name" : "fairly"
  },{
    "minutes" : 0,
    "name" : "very"
  }],
  "calories" : 100,
  "duration" : 1536000,
  "activeDuration" : 1536000,
  "steps" : 720,
  "logType" : "auto_detected",
  "manualValuesSpecified" : {
    "calories" : false,
    "distance" : false,
    "steps" : false
  },
  "lastModified" : "04/03/19 04:28:19",
  "startTime" : "04/02/19 21:05:29",
  "originalStartTime" : "04/02/19 21:05:29",
  "originalDuration" : 1536000,
  "hasGps" : false,
  "shouldFetchDetails" : false
},{
  "logId" : 21020086453,
  "activityName" : "Sport",
  "activityTypeId" : 15000,
  "activityLevel" : [{
    "minutes" : 0,
    "name" : "sedentary"
  },{
    "minutes" : 4,
    "name" : "lightly"
  },{
    "minutes" : 12,
    "name" : "fairly"
  },{
    "minutes" : 6,
    "name" : "very"
  }],
  "calories" : 134,
  "duration" : 1280000,
  "activeDuration" : 1280000,
  "steps" : 1482,
  "logType" : "auto_detected",
  "manualValuesSpecified" : {
    "calories" : false,
    "distance" : false,
    "steps" : false
  },
  "lastModified" : "04/03/19 14:36:51",
  "startTime" : "04/03/19 13:43:55",
  "originalStartTime" : "04/03/19 13:43:55",
  "originalDuration" : 1280000,
  "hasGps" : false,
  "shouldFetchDetails" : false
},{
  "logId" : 21026626818,
  "activityName" : "Sport",
  "activityTypeId" : 15000,
  "activityLevel" : [{
    "minutes" : 14,
    "name" : "sedentary"
  },{
    "minutes" : 29,
    "name" : "lightly"
  },{
    "minutes" : 0,
    "name" : "fairly"
  },{
    "minutes" : 0,
    "name" : "very"
  }],
  "calories" : 120,
  "duration" : 2611000,
  "activeDuration" : 2611000,
  "steps" : 423,
  "logType" : "auto_detected",
  "manualValuesSpecified" : {
    "calories" : false,
    "distance" : false,
    "steps" : false
  },
  "lastModified" : "04/03/19 19:20:14",
  "startTime" : "04/03/19 17:31:44",
  "originalStartTime" : "04/03/19 17:31:44",
  "originalDuration" : 2611000,
  "hasGps" : false,
  "shouldFetchDetails" : false
},{
  "logId" : 21301617651,
  "activityName" : "Elliptical Trainer (MyFitnessPal)",
  "activityTypeId" : 5493232,
  "activityLevel" : [{
    "minutes" : 0,
    "name" : "sedentary"
  },{
    "minutes" : 0,
    "name" : "lightly"
  },{
    "minutes" : 0,
    "name" : "fairly"
  },{
    "minutes" : 19,
    "name" : "very"
  }],
  "calories" : 236,
  "distance" : 0.0,
  "distanceUnit" : "Mile",
  "duration" : 1140000,
  "activeDuration" : 1140000,
  "steps" : 2344,
  "source" : {
    "type" : "app",
    "name" : "MyFitnessPal",
    "id" : "228VC7",
    "url" : "http://www.myfitnesspal.com"
  },
  "logType" : "manual",
  "manualValuesSpecified" : {
    "calories" : true,
    "distance" : true,
    "steps" : false
  },
  "speed" : 0.0,
  "lastModified" : "04/15/19 14:12:29",
  "startTime" : "04/15/19 13:51:00",
  "originalStartTime" : "04/15/19 13:51:00",
  "originalDuration" : 1140000,
  "hasGps" : false,
  "shouldFetchDetails" : false
},{
  "logId" : 21469090575,
  "activityName" : "Sport",
  "activityTypeId" : 15000,
  "activityLevel" : [{
    "minutes" : 0,
    "name" : "sedentary"
  },{
    "minutes" : 7,
    "name" : "lightly"
  },{
    "minutes" : 15,
    "name" : "fairly"
  },{
    "minutes" : 1,
    "name" : "very"
  }],
  "calories" : 122,
  "duration" : 1435000,
  "activeDuration" : 1435000,
  "steps" : 1274,
  "logType" : "auto_detected",
  "manualValuesSpecified" : {
    "calories" : false,
    "distance" : false,
    "steps" : false
  },
  "lastModified" : "04/21/19 20:31:12",
  "startTime" : "04/21/19 19:58:17",
  "originalStartTime" : "04/21/19 19:58:17",
  "originalDuration" : 1435000,
  "hasGps" : false,
  "shouldFetchDetails" : false
},{
  "logId" : 21474038945,
  "activityName" : "Elliptical Trainer (MyFitnessPal)",
  "activityTypeId" : 5493232,
  "activityLevel" : [{
    "minutes" : 0,
    "name" : "sedentary"
  },{
    "minutes" : 0,
    "name" : "lightly"
  },{
    "minutes" : 0,
    "name" : "fairly"
  },{
    "minutes" : 36,
    "name" : "very"
  }],
  "calories" : 466,
  "distance" : 0.0,
  "distanceUnit" : "Mile",
  "duration" : 2160000,
  "activeDuration" : 2160000,
  "steps" : 4297,
  "source" : {
    "type" : "app",
    "name" : "MyFitnessPal",
    "id" : "228VC7",
    "url" : "http://www.myfitnesspal.com"
  },
  "logType" : "manual",
  "manualValuesSpecified" : {
    "calories" : true,
    "distance" : true,
    "steps" : false
  },
  "speed" : 0.0,
  "lastModified" : "04/22/19 14:37:20",
  "startTime" : "04/22/19 13:57:00",
  "originalStartTime" : "04/22/19 13:57:00",
  "originalDuration" : 2160000,
  "hasGps" : false,
  "shouldFetchDetails" : false
},{
  "logId" : 21505833832,
  "activityName" : "Elliptical Trainer (MyFitnessPal)",
  "activityTypeId" : 5493232,
  "activityLevel" : [{
    "minutes" : 0,
    "name" : "sedentary"
  },{
    "minutes" : 0,
    "name" : "lightly"
  },{
    "minutes" : 0,
    "name" : "fairly"
  },{
    "minutes" : 51,
    "name" : "very"
  }],
  "calories" : 675,
  "distance" : 0.0,
  "distanceUnit" : "Mile",
  "duration" : 3060000,
  "activeDuration" : 3060000,
  "steps" : 6071,
  "source" : {
    "type" : "app",
    "name" : "MyFitnessPal",
    "id" : "228VC7",
    "url" : "http://www.myfitnesspal.com"
  },
  "logType" : "manual",
  "manualValuesSpecified" : {
    "calories" : true,
    "distance" : true,
    "steps" : false
  },
  "speed" : 0.0,
  "lastModified" : "04/23/19 14:31:32",
  "startTime" : "04/23/19 13:39:00",
  "originalStartTime" : "04/23/19 13:39:00",
  "originalDuration" : 3060000,
  "hasGps" : false,
  "shouldFetchDetails" : false
},{
  "logId" : 21510045833,
  "activityName" : "Walk",
  "activityTypeId" : 90013,
  "activityLevel" : [{
    "minutes" : 1,
    "name" : "sedentary"
  },{
    "minutes" : 0,
    "name" : "lightly"
  },{
    "minutes" : 0,
    "name" : "fairly"
  },{
    "minutes" : 14,
    "name" : "very"
  }],
  "calories" : 115,
  "duration" : 921000,
  "activeDuration" : 921000,
  "steps" : 1397,
  "logType" : "auto_detected",
  "manualValuesSpecified" : {
    "calories" : false,
    "distance" : false,
    "steps" : false
  },
  "lastModified" : "04/23/19 15:00:24",
  "startTime" : "04/23/19 14:36:37",
  "originalStartTime" : "04/23/19 14:36:37",
  "originalDuration" : 921000,
  "elevationGain" : 0.0,
  "hasGps" : false,
  "shouldFetchDetails" : false
},{
  "logId" : 21516309730,
  "activityName" : "Elliptical Trainer (MyFitnessPal)",
  "activityTypeId" : 5493232,
  "activityLevel" : [{
    "minutes" : 0,
    "name" : "sedentary"
  },{
    "minutes" : 0,
    "name" : "lightly"
  },{
    "minutes" : 0,
    "name" : "fairly"
  },{
    "minutes" : 51,
    "name" : "very"
  }],
  "calories" : 682,
  "distance" : 0.0,
  "distanceUnit" : "Mile",
  "duration" : 3060000,
  "activeDuration" : 3060000,
  "steps" : 6593,
  "source" : {
    "type" : "app",
    "name" : "MyFitnessPal",
    "id" : "228VC7",
    "url" : "http://www.myfitnesspal.com"
  },
  "logType" : "manual",
  "manualValuesSpecified" : {
    "calories" : true,
    "distance" : true,
    "steps" : false
  },
  "speed" : 0.0,
  "lastModified" : "04/24/19 14:32:59",
  "startTime" : "04/24/19 13:39:00",
  "originalStartTime" : "04/24/19 13:39:00",
  "originalDuration" : 3060000,
  "hasGps" : false,
  "shouldFetchDetails" : false
},{
  "logId" : 21539646888,
  "activityName" : "Walk",
  "activityTypeId" : 90013,
  "activityLevel" : [{
    "minutes" : 1,
    "name" : "sedentary"
  },{
    "minutes" : 1,
    "name" : "lightly"
  },{
    "minutes" : 3,
    "name" : "fairly"
  },{
    "minutes" : 11,
    "name" : "very"
  }],
  "calories" : 111,
  "duration" : 975000,
  "activeDuration" : 975000,
  "steps" : 1304,
  "logType" : "auto_detected",
  "manualValuesSpecified" : {
    "calories" : false,
    "distance" : false,
    "steps" : false
  },
  "lastModified" : "04/24/19 15:01:47",
  "startTime" : "04/24/19 14:35:18",
  "originalStartTime" : "04/24/19 14:35:18",
  "originalDuration" : 975000,
  "elevationGain" : 0.0,
  "hasGps" : false,
  "shouldFetchDetails" : false
},{
  "logId" : 21555274759,
  "activityName" : "Elliptical Trainer (MyFitnessPal)",
  "activityTypeId" : 5493232,
  "activityLevel" : [{
    "minutes" : 0,
    "name" : "sedentary"
  },{
    "minutes" : 0,
    "name" : "lightly"
  },{
    "minutes" : 0,
    "name" : "fairly"
  },{
    "minutes" : 51,
    "name" : "very"
  }],
  "calories" : 687,
  "distance" : 0.0,
  "distanceUnit" : "Mile",
  "duration" : 3060000,
  "activeDuration" : 3060000,
  "steps" : 6789,
  "source" : {
    "type" : "app",
    "name" : "MyFitnessPal",
    "id" : "228VC7",
    "url" : "http://www.myfitnesspal.com"
  },
  "logType" : "manual",
  "manualValuesSpecified" : {
    "calories" : true,
    "distance" : true,
    "steps" : false
  },
  "speed" : 0.0,
  "lastModified" : "04/25/19 14:46:13",
  "startTime" : "04/25/19 13:52:00",
  "originalStartTime" : "04/25/19 13:52:00",
  "originalDuration" : 3060000,
  "hasGps" : false,
  "shouldFetchDetails" : false
},{
  "logId" : 21612739691,
  "activityName" : "Outdoor Bike",
  "activityTypeId" : 1071,
  "activityLevel" : [{
    "minutes" : 0,
    "name" : "sedentary"
  },{
    "minutes" : 0,
    "name" : "lightly"
  },{
    "minutes" : 8,
    "name" : "fairly"
  },{
    "minutes" : 15,
    "name" : "very"
  }],
  "calories" : 186,
  "duration" : 1434000,
  "activeDuration" : 1434000,
  "logType" : "auto_detected",
  "manualValuesSpecified" : {
    "calories" : false,
    "distance" : false,
    "steps" : false
  },
  "lastModified" : "04/27/19 15:47:46",
  "startTime" : "04/27/19 15:09:01",
  "originalStartTime" : "04/27/19 15:09:01",
  "originalDuration" : 1434000,
  "elevationGain" : 0.0,
  "hasGps" : false,
  "shouldFetchDetails" : false
},{
  "logId" : 21678729947,
  "activityName" : "Elliptical Trainer (MyFitnessPal)",
  "activityTypeId" : 5493232,
  "activityLevel" : [{
    "minutes" : 0,
    "name" : "sedentary"
  },{
    "minutes" : 0,
    "name" : "lightly"
  },{
    "minutes" : 0,
    "name" : "fairly"
  },{
    "minutes" : 51,
    "name" : "very"
  }],
  "calories" : 677,
  "distance" : 0.0,
  "distanceUnit" : "Mile",
  "duration" : 3060000,
  "activeDuration" : 3060000,
  "steps" : 6145,
  "source" : {
    "type" : "app",
    "name" : "MyFitnessPal",
    "id" : "228VC7",
    "url" : "http://www.myfitnesspal.com"
  },
  "logType" : "manual",
  "manualValuesSpecified" : {
    "calories" : true,
    "distance" : true,
    "steps" : false
  },
  "speed" : 0.0,
  "lastModified" : "04/30/19 14:35:45",
  "startTime" : "04/30/19 13:42:00",
  "originalStartTime" : "04/30/19 13:42:00",
  "originalDuration" : 3060000,
  "hasGps" : false,
  "shouldFetchDetails" : false
},{
  "logId" : 21675007696,
  "activityName" : "Elliptical Trainer (MyFitnessPal)",
  "activityTypeId" : 5493232,
  "activityLevel" : [{
    "minutes" : 0,
    "name" : "sedentary"
  },{
    "minutes" : 0,
    "name" : "lightly"
  },{
    "minutes" : 0,
    "name" : "fairly"
  },{
    "minutes" : 36,
    "name" : "very"
  }],
  "calories" : 472,
  "distance" : 0.0,
  "distanceUnit" : "Mile",
  "duration" : 2160000,
  "activeDuration" : 2160000,
  "steps" : 4759,
  "source" : {
    "type" : "app",
    "name" : "MyFitnessPal",
    "id" : "228VC7",
    "url" : "http://www.myfitnesspal.com"
  },
  "logType" : "manual",
  "manualValuesSpecified" : {
    "calories" : true,
    "distance" : true,
    "steps" : false
  },
  "speed" : 0.0,
  "lastModified" : "05/01/19 14:07:26",
  "startTime" : "05/01/19 13:29:00",
  "originalStartTime" : "05/01/19 13:29:00",
  "originalDuration" : 2160000,
  "hasGps" : false,
  "shouldFetchDetails" : false
},{
  "logId" : 21837597246,
  "activityName" : "Outdoor Bike",
  "activityTypeId" : 1071,
  "activityLevel" : [{
    "minutes" : 0,
    "name" : "sedentary"
  },{
    "minutes" : 2,
    "name" : "lightly"
  },{
    "minutes" : 4,
    "name" : "fairly"
  },{
    "minutes" : 25,
    "name" : "very"
  }],
  "calories" : 271,
  "duration" : 1843000,
  "activeDuration" : 1843000,
  "logType" : "auto_detected",
  "manualValuesSpecified" : {
    "calories" : false,
    "distance" : false,
    "steps" : false
  },
  "lastModified" : "05/06/19 19:51:09",
  "startTime" : "05/06/19 19:00:46",
  "originalStartTime" : "05/06/19 19:00:46",
  "originalDuration" : 1843000,
  "elevationGain" : 0.0,
  "hasGps" : false,
  "shouldFetchDetails" : false
},{
  "logId" : 21941392090,
  "activityName" : "Outdoor Bike",
  "activityTypeId" : 1071,
  "activityLevel" : [{
    "minutes" : 0,
    "name" : "sedentary"
  },{
    "minutes" : 0,
    "name" : "lightly"
  },{
    "minutes" : 1,
    "name" : "fairly"
  },{
    "minutes" : 16,
    "name" : "very"
  }],
  "calories" : 154,
  "duration" : 1023000,
  "activeDuration" : 1023000,
  "logType" : "auto_detected",
  "manualValuesSpecified" : {
    "calories" : false,
    "distance" : false,
    "steps" : false
  },
  "lastModified" : "05/10/19 18:35:07",
  "startTime" : "05/10/19 18:01:55",
  "originalStartTime" : "05/10/19 18:01:55",
  "originalDuration" : 1023000,
  "elevationGain" : 0.0,
  "hasGps" : false,
  "shouldFetchDetails" : false
},{
  "logId" : 21968111339,
  "activityName" : "Walk",
  "activityTypeId" : 90013,
  "activityLevel" : [{
    "minutes" : 2,
    "name" : "sedentary"
  },{
    "minutes" : 14,
    "name" : "lightly"
  },{
    "minutes" : 0,
    "name" : "fairly"
  },{
    "minutes" : 0,
    "name" : "very"
  }],
  "calories" : 107,
  "duration" : 973000,
  "activeDuration" : 973000,
  "steps" : 1206,
  "logType" : "auto_detected",
  "manualValuesSpecified" : {
    "calories" : false,
    "distance" : false,
    "steps" : false
  },
  "lastModified" : "05/11/19 20:53:14",
  "startTime" : "05/11/19 20:29:07",
  "originalStartTime" : "05/11/19 20:29:07",
  "originalDuration" : 973000,
  "elevationGain" : 0.0,
  "hasGps" : false,
  "shouldFetchDetails" : false
},{
  "logId" : 21970933913,
  "activityName" : "Walk",
  "activityTypeId" : 90013,
  "activityLevel" : [{
    "minutes" : 0,
    "name" : "sedentary"
  },{
    "minutes" : 4,
    "name" : "lightly"
  },{
    "minutes" : 9,
    "name" : "fairly"
  },{
    "minutes" : 2,
    "name" : "very"
  }],
  "calories" : 87,
  "duration" : 922000,
  "activeDuration" : 922000,
  "steps" : 926,
  "logType" : "auto_detected",
  "manualValuesSpecified" : {
    "calories" : false,
    "distance" : false,
    "steps" : false
  },
  "lastModified" : "05/11/19 23:40:49",
  "startTime" : "05/11/19 23:22:21",
  "originalStartTime" : "05/11/19 23:22:21",
  "originalDuration" : 922000,
  "elevationGain" : 0.0,
  "hasGps" : false,
  "shouldFetchDetails" : false
},{
  "logId" : 21969595467,
  "activityName" : "Elliptical Trainer (MyFitnessPal)",
  "activityTypeId" : 5493232,
  "activityLevel" : [{
    "minutes" : 0,
    "name" : "sedentary"
  },{
    "minutes" : 0,
    "name" : "lightly"
  },{
    "minutes" : 0,
    "name" : "fairly"
  },{
    "minutes" : 36,
    "name" : "very"
  }],
  "calories" : 466,
  "distance" : 0.0,
  "distanceUnit" : "Mile",
  "duration" : 2160000,
  "activeDuration" : 2160000,
  "steps" : 4228,
  "source" : {
    "type" : "app",
    "name" : "MyFitnessPal",
    "id" : "228VC7",
    "url" : "http://www.myfitnesspal.com"
  },
  "logType" : "manual",
  "manualValuesSpecified" : {
    "calories" : true,
    "distance" : true,
    "steps" : false
  },
  "speed" : 0.0,
  "lastModified" : "05/13/19 14:16:52",
  "startTime" : "05/13/19 13:39:00",
  "originalStartTime" : "05/13/19 13:39:00",
  "originalDuration" : 2160000,
  "hasGps" : false,
  "shouldFetchDetails" : false
},{
  "logId" : 22040870043,
  "activityName" : "Walk",
  "activityTypeId" : 90013,
  "activityLevel" : [{
    "minutes" : 0,
    "name" : "sedentary"
  },{
    "minutes" : 1,
    "name" : "lightly"
  },{
    "minutes" : 16,
    "name" : "fairly"
  },{
    "minutes" : 0,
    "name" : "very"
  }],
  "calories" : 97,
  "duration" : 1023000,
  "activeDuration" : 1023000,
  "steps" : 1048,
  "logType" : "auto_detected",
  "manualValuesSpecified" : {
    "calories" : false,
    "distance" : false,
    "steps" : false
  },
  "lastModified" : "05/14/19 18:36:49",
  "startTime" : "05/14/19 18:04:14",
  "originalStartTime" : "05/14/19 18:04:14",
  "originalDuration" : 1023000,
  "elevationGain" : 0.0,
  "hasGps" : false,
  "shouldFetchDetails" : false
},{
  "logId" : 22065091919,
  "activityName" : "Walk",
  "activityTypeId" : 90013,
  "activityLevel" : [{
    "minutes" : 0,
    "name" : "sedentary"
  },{
    "minutes" : 1,
    "name" : "lightly"
  },{
    "minutes" : 1,
    "name" : "fairly"
  },{
    "minutes" : 30,
    "name" : "very"
  }],
  "calories" : 279,
  "duration" : 1946000,
  "activeDuration" : 1946000,
  "steps" : 3452,
  "logType" : "auto_detected",
  "manualValuesSpecified" : {
    "calories" : false,
    "distance" : false,
    "steps" : false
  },
  "lastModified" : "05/15/19 17:48:46",
  "startTime" : "05/15/19 17:10:03",
  "originalStartTime" : "05/15/19 17:10:03",
  "originalDuration" : 1946000,
  "elevationGain" : 0.0,
  "hasGps" : false,
  "shouldFetchDetails" : false
},{
  "logId" : 22092862903,
  "activityName" : "Walk",
  "activityTypeId" : 90013,
  "activityLevel" : [{
    "minutes" : 0,
    "name" : "sedentary"
  },{
    "minutes" : 1,
    "name" : "lightly"
  },{
    "minutes" : 3,
    "name" : "fairly"
  },{
    "minutes" : 31,
    "name" : "very"
  }],
  "calories" : 315,
  "duration" : 2101000,
  "activeDuration" : 2101000,
  "steps" : 3930,
  "logType" : "auto_detected",
  "manualValuesSpecified" : {
    "calories" : false,
    "distance" : false,
    "steps" : false
  },
  "lastModified" : "05/16/19 16:25:22",
  "startTime" : "05/16/19 15:44:42",
  "originalStartTime" : "05/16/19 15:44:42",
  "originalDuration" : 2101000,
  "elevationGain" : 0.0,
  "hasGps" : false,
  "shouldFetchDetails" : false
},{
  "logId" : 22119650035,
  "activityName" : "Elliptical",
  "activityTypeId" : 20047,
  "activityLevel" : [{
    "minutes" : 0,
    "name" : "sedentary"
  },{
    "minutes" : 0,
    "name" : "lightly"
  },{
    "minutes" : 1,
    "name" : "fairly"
  },{
    "minutes" : 36,
    "name" : "very"
  }],
  "calories" : 376,
  "duration" : 2203000,
  "activeDuration" : 2203000,
  "steps" : 4390,
  "logType" : "auto_detected",
  "manualValuesSpecified" : {
    "calories" : false,
    "distance" : false,
    "steps" : false
  },
  "lastModified" : "05/17/19 14:47:06",
  "startTime" : "05/17/19 14:07:54",
  "originalStartTime" : "05/17/19 14:07:54",
  "originalDuration" : 2203000,
  "hasGps" : false,
  "shouldFetchDetails" : false
},{
  "logId" : 22144114194,
  "activityName" : "Sport",
  "activityTypeId" : 15000,
  "activityLevel" : [{
    "minutes" : 0,
    "name" : "sedentary"
  },{
    "minutes" : 2,
    "name" : "lightly"
  },{
    "minutes" : 17,
    "name" : "fairly"
  },{
    "minutes" : 3,
    "name" : "very"
  }],
  "calories" : 124,
  "duration" : 1279000,
  "activeDuration" : 1279000,
  "steps" : 1348,
  "logType" : "auto_detected",
  "manualValuesSpecified" : {
    "calories" : false,
    "distance" : false,
    "steps" : false
  },
  "lastModified" : "05/18/19 14:52:39",
  "startTime" : "05/18/19 14:11:45",
  "originalStartTime" : "05/18/19 14:11:45",
  "originalDuration" : 1279000,
  "hasGps" : false,
  "shouldFetchDetails" : false
},{
  "logId" : 22145769083,
  "activityName" : "Walk",
  "activityTypeId" : 90013,
  "activityLevel" : [{
    "minutes" : 0,
    "name" : "sedentary"
  },{
    "minutes" : 9,
    "name" : "lightly"
  },{
    "minutes" : 26,
    "name" : "fairly"
  },{
    "minutes" : 10,
    "name" : "very"
  }],
  "calories" : 252,
  "duration" : 2714000,
  "activeDuration" : 2714000,
  "steps" : 2672,
  "logType" : "auto_detected",
  "manualValuesSpecified" : {
    "calories" : false,
    "distance" : false,
    "steps" : false
  },
  "lastModified" : "05/18/19 15:38:30",
  "startTime" : "05/18/19 14:33:04",
  "originalStartTime" : "05/18/19 14:33:04",
  "originalDuration" : 2714000,
  "elevationGain" : 0.0,
  "hasGps" : false,
  "shouldFetchDetails" : false
},{
  "logId" : 22146504067,
  "activityName" : "Run",
  "activityTypeId" : 90009,
  "activityLevel" : [{
    "minutes" : 0,
    "name" : "sedentary"
  },{
    "minutes" : 0,
    "name" : "lightly"
  },{
    "minutes" : 2,
    "name" : "fairly"
  },{
    "minutes" : 18,
    "name" : "very"
  }],
  "calories" : 170,
  "duration" : 1229000,
  "activeDuration" : 1229000,
  "steps" : 2101,
  "logType" : "auto_detected",
  "manualValuesSpecified" : {
    "calories" : false,
    "distance" : false,
    "steps" : false
  },
  "lastModified" : "05/18/19 16:09:01",
  "startTime" : "05/18/19 15:18:18",
  "originalStartTime" : "05/18/19 15:18:18",
  "originalDuration" : 1229000,
  "elevationGain" : 0.0,
  "hasGps" : false,
  "shouldFetchDetails" : false
},{
  "logId" : 22146504069,
  "activityName" : "Outdoor Bike",
  "activityTypeId" : 1071,
  "activityLevel" : [{
    "minutes" : 0,
    "name" : "sedentary"
  },{
    "minutes" : 1,
    "name" : "lightly"
  },{
    "minutes" : 1,
    "name" : "fairly"
  },{
    "minutes" : 15,
    "name" : "very"
  }],
  "calories" : 156,
  "duration" : 1025000,
  "activeDuration" : 1025000,
  "logType" : "auto_detected",
  "manualValuesSpecified" : {
    "calories" : false,
    "distance" : false,
    "steps" : false
  },
  "lastModified" : "05/18/19 16:09:01",
  "startTime" : "05/18/19 15:45:37",
  "originalStartTime" : "05/18/19 15:45:37",
  "originalDuration" : 1025000,
  "elevationGain" : 0.0,
  "hasGps" : false,
  "shouldFetchDetails" : false
},{
  "logId" : 22155337762,
  "activityName" : "Walk",
  "activityTypeId" : 90013,
  "activityLevel" : [{
    "minutes" : 0,
    "name" : "sedentary"
  },{
    "minutes" : 1,
    "name" : "lightly"
  },{
    "minutes" : 5,
    "name" : "fairly"
  },{
    "minutes" : 11,
    "name" : "very"
  }],
  "calories" : 132,
  "duration" : 1075000,
  "activeDuration" : 1075000,
  "steps" : 1571,
  "logType" : "auto_detected",
  "manualValuesSpecified" : {
    "calories" : false,
    "distance" : false,
    "steps" : false
  },
  "lastModified" : "05/18/19 23:43:33",
  "startTime" : "05/18/19 23:16:13",
  "originalStartTime" : "05/18/19 23:16:13",
  "originalDuration" : 1075000,
  "elevationGain" : 0.0,
  "hasGps" : false,
  "shouldFetchDetails" : false
}]