[{
  "logId" : 11434339992,
  "activityName" : "Walk",
  "activityTypeId" : 90013,
  "activityLevel" : [{
    "minutes" : 0,
    "name" : "sedentary"
  },{
    "minutes" : 60,
    "name" : "lightly"
  },{
    "minutes" : 0,
    "name" : "fairly"
  },{
    "minutes" : 0,
    "name" : "very"
  }],
  "calories" : 153,
  "distance" : 0.572047,
  "distanceUnit" : "Mile",
  "duration" : 3600000,
  "activeDuration" : 3600000,
  "steps" : 1284,
  "source" : {
    "type" : "app",
    "name" : "Sync Solver - Health to FB",
    "id" : "229KD7",
    "url" : "http://syncsolver.com"
  },
  "logType" : "manual",
  "manualValuesSpecified" : {
    "calories" : false,
    "distance" : false,
    "steps" : true
  },
  "speed" : 0.572047,
  "pace" : 6293.189195992637,
  "lastModified" : "12/21/17 15:43:04",
  "startTime" : "09/28/16 22:00:00",
  "originalStartTime" : "09/28/16 22:00:00",
  "originalDuration" : 3600000,
  "elevationGain" : 0.0,
  "hasGps" : false,
  "shouldFetchDetails" : false
},{
  "logId" : 11434995425,
  "activityName" : "Walk",
  "activityTypeId" : 90013,
  "activityLevel" : [{
    "minutes" : 0,
    "name" : "sedentary"
  },{
    "minutes" : 60,
    "name" : "lightly"
  },{
    "minutes" : 0,
    "name" : "fairly"
  },{
    "minutes" : 0,
    "name" : "very"
  }],
  "calories" : 153,
  "distance" : 0.044552,
  "distanceUnit" : "Mile",
  "duration" : 3600000,
  "activeDuration" : 3600000,
  "steps" : 100,
  "source" : {
    "type" : "app",
    "name" : "Sync Solver - Health to FB",
    "id" : "229KD7",
    "url" : "http://syncsolver.com"
  },
  "logType" : "manual",
  "manualValuesSpecified" : {
    "calories" : false,
    "distance" : false,
    "steps" : true
  },
  "speed" : 0.044552,
  "pace" : 80804.45322319986,
  "lastModified" : "12/21/17 15:43:04",
  "startTime" : "09/28/16 23:00:00",
  "originalStartTime" : "09/28/16 23:00:00",
  "originalDuration" : 3600000,
  "elevationGain" : 0.0,
  "hasGps" : false,
  "shouldFetchDetails" : false
},{
  "logId" : 11433559267,
  "activityName" : "Walk",
  "activityTypeId" : 90013,
  "activityLevel" : [{
    "minutes" : 0,
    "name" : "sedentary"
  },{
    "minutes" : 60,
    "name" : "lightly"
  },{
    "minutes" : 0,
    "name" : "fairly"
  },{
    "minutes" : 0,
    "name" : "very"
  }],
  "calories" : 153,
  "distance" : 0.077516,
  "distanceUnit" : "Mile",
  "duration" : 3600000,
  "activeDuration" : 3600000,
  "steps" : 174,
  "source" : {
    "type" : "app",
    "name" : "Sync Solver - Health to FB",
    "id" : "229KD7",
    "url" : "http://syncsolver.com"
  },
  "logType" : "manual",
  "manualValuesSpecified" : {
    "calories" : false,
    "distance" : false,
    "steps" : true
  },
  "speed" : 0.077516,
  "pace" : 46442.02487228443,
  "lastModified" : "12/21/17 15:43:05",
  "startTime" : "09/29/16 00:00:00",
  "originalStartTime" : "09/29/16 00:00:00",
  "originalDuration" : 3600000,
  "elevationGain" : 30.0,
  "hasGps" : false,
  "shouldFetchDetails" : false
},{
  "logId" : 11433549533,
  "activityName" : "Walk",
  "activityTypeId" : 90013,
  "activityLevel" : [{
    "minutes" : 0,
    "name" : "sedentary"
  },{
    "minutes" : 60,
    "name" : "lightly"
  },{
    "minutes" : 0,
    "name" : "fairly"
  },{
    "minutes" : 0,
    "name" : "very"
  }],
  "calories" : 153,
  "distance" : 0.278896,
  "distanceUnit" : "Mile",
  "duration" : 3600000,
  "activeDuration" : 3600000,
  "steps" : 626,
  "source" : {
    "type" : "app",
    "name" : "Sync Solver - Health to FB",
    "id" : "229KD7",
    "url" : "http://syncsolver.com"
  },
  "logType" : "manual",
  "manualValuesSpecified" : {
    "calories" : false,
    "distance" : false,
    "steps" : true
  },
  "speed" : 0.278896,
  "pace" : 12908.037404623947,
  "lastModified" : "12/21/17 15:43:05",
  "startTime" : "09/29/16 01:00:00",
  "originalStartTime" : "09/29/16 01:00:00",
  "originalDuration" : 3600000,
  "elevationGain" : 0.0,
  "hasGps" : false,
  "shouldFetchDetails" : false
},{
  "logId" : 11433588107,
  "activityName" : "Walk",
  "activityTypeId" : 90013,
  "activityLevel" : [{
    "minutes" : 0,
    "name" : "sedentary"
  },{
    "minutes" : 60,
    "name" : "lightly"
  },{
    "minutes" : 0,
    "name" : "fairly"
  },{
    "minutes" : 0,
    "name" : "very"
  }],
  "calories" : 153,
  "distance" : 0.230777,
  "distanceUnit" : "Mile",
  "duration" : 3600000,
  "activeDuration" : 3600000,
  "steps" : 518,
  "source" : {
    "type" : "app",
    "name" : "Sync Solver - Health to FB",
    "id" : "229KD7",
    "url" : "http://syncsolver.com"
  },
  "logType" : "manual",
  "manualValuesSpecified" : {
    "calories" : false,
    "distance" : false,
    "steps" : true
  },
  "speed" : 0.230777,
  "pace" : 15599.474817681137,
  "lastModified" : "12/21/17 15:43:06",
  "startTime" : "09/29/16 02:00:00",
  "originalStartTime" : "09/29/16 02:00:00",
  "originalDuration" : 3600000,
  "elevationGain" : 0.0,
  "hasGps" : false,
  "shouldFetchDetails" : false
},{
  "logId" : 11434542318,
  "activityName" : "Walk",
  "activityTypeId" : 90013,
  "activityLevel" : [{
    "minutes" : 0,
    "name" : "sedentary"
  },{
    "minutes" : 60,
    "name" : "lightly"
  },{
    "minutes" : 0,
    "name" : "fairly"
  },{
    "minutes" : 0,
    "name" : "very"
  }],
  "calories" : 153,
  "distance" : 0.032964,
  "distanceUnit" : "Mile",
  "duration" : 3600000,
  "activeDuration" : 3600000,
  "steps" : 74,
  "source" : {
    "type" : "app",
    "name" : "Sync Solver - Health to FB",
    "id" : "229KD7",
    "url" : "http://syncsolver.com"
  },
  "logType" : "manual",
  "manualValuesSpecified" : {
    "calories" : false,
    "distance" : false,
    "steps" : true
  },
  "speed" : 0.032964,
  "pace" : 109210.04732435384,
  "lastModified" : "12/21/17 15:43:06",
  "startTime" : "09/29/16 03:00:00",
  "originalStartTime" : "09/29/16 03:00:00",
  "originalDuration" : 3600000,
  "elevationGain" : 0.0,
  "hasGps" : false,
  "shouldFetchDetails" : false
},{
  "logId" : 11434872496,
  "activityName" : "Walk",
  "activityTypeId" : 90013,
  "activityLevel" : [{
    "minutes" : 0,
    "name" : "sedentary"
  },{
    "minutes" : 60,
    "name" : "lightly"
  },{
    "minutes" : 0,
    "name" : "fairly"
  },{
    "minutes" : 0,
    "name" : "very"
  }],
  "calories" : 153,
  "distance" : 0.022276,
  "distanceUnit" : "Mile",
  "duration" : 3600000,
  "activeDuration" : 3600000,
  "steps" : 50,
  "source" : {
    "type" : "app",
    "name" : "Sync Solver - Health to FB",
    "id" : "229KD7",
    "url" : "http://syncsolver.com"
  },
  "logType" : "manual",
  "manualValuesSpecified" : {
    "calories" : false,
    "distance" : false,
    "steps" : true
  },
  "speed" : 0.022276,
  "pace" : 161608.90644639972,
  "lastModified" : "12/22/17 15:47:02",
  "startTime" : "09/29/16 05:00:00",
  "originalStartTime" : "09/29/16 05:00:00",
  "originalDuration" : 3600000,
  "elevationGain" : 0.0,
  "hasGps" : false,
  "shouldFetchDetails" : false
},{
  "logId" : 11433658170,
  "activityName" : "Walk",
  "activityTypeId" : 90013,
  "activityLevel" : [{
    "minutes" : 0,
    "name" : "sedentary"
  },{
    "minutes" : 60,
    "name" : "lightly"
  },{
    "minutes" : 0,
    "name" : "fairly"
  },{
    "minutes" : 0,
    "name" : "very"
  }],
  "calories" : 153,
  "distance" : 0.065045,
  "distanceUnit" : "Mile",
  "duration" : 3600000,
  "activeDuration" : 3600000,
  "steps" : 146,
  "source" : {
    "type" : "app",
    "name" : "Sync Solver - Health to FB",
    "id" : "229KD7",
    "url" : "http://syncsolver.com"
  },
  "logType" : "manual",
  "manualValuesSpecified" : {
    "calories" : false,
    "distance" : false,
    "steps" : true
  },
  "speed" : 0.065045,
  "pace" : 55346.29871627335,
  "lastModified" : "12/22/17 15:47:03",
  "startTime" : "09/29/16 06:00:00",
  "originalStartTime" : "09/29/16 06:00:00",
  "originalDuration" : 3600000,
  "elevationGain" : 0.0,
  "hasGps" : false,
  "shouldFetchDetails" : false
},{
  "logId" : 11433571286,
  "activityName" : "Walk",
  "activityTypeId" : 90013,
  "activityLevel" : [{
    "minutes" : 0,
    "name" : "sedentary"
  },{
    "minutes" : 60,
    "name" : "lightly"
  },{
    "minutes" : 0,
    "name" : "fairly"
  },{
    "minutes" : 0,
    "name" : "very"
  }],
  "calories" : 153,
  "distance" : 0.040986,
  "distanceUnit" : "Mile",
  "duration" : 3600000,
  "activeDuration" : 3600000,
  "steps" : 92,
  "source" : {
    "type" : "app",
    "name" : "Sync Solver - Health to FB",
    "id" : "229KD7",
    "url" : "http://syncsolver.com"
  },
  "logType" : "manual",
  "manualValuesSpecified" : {
    "calories" : false,
    "distance" : false,
    "steps" : true
  },
  "speed" : 0.040986,
  "pace" : 87834.87044356609,
  "lastModified" : "12/22/17 15:47:03",
  "startTime" : "09/29/16 07:00:00",
  "originalStartTime" : "09/29/16 07:00:00",
  "originalDuration" : 3600000,
  "elevationGain" : 0.0,
  "hasGps" : false,
  "shouldFetchDetails" : false
},{
  "logId" : 11434544877,
  "activityName" : "Walk",
  "activityTypeId" : 90013,
  "activityLevel" : [{
    "minutes" : 0,
    "name" : "sedentary"
  },{
    "minutes" : 60,
    "name" : "lightly"
  },{
    "minutes" : 0,
    "name" : "fairly"
  },{
    "minutes" : 0,
    "name" : "very"
  }],
  "calories" : 153,
  "distance" : 0.023165,
  "distanceUnit" : "Mile",
  "duration" : 3600000,
  "activeDuration" : 3600000,
  "steps" : 52,
  "source" : {
    "type" : "app",
    "name" : "Sync Solver - Health to FB",
    "id" : "229KD7",
    "url" : "http://syncsolver.com"
  },
  "logType" : "manual",
  "manualValuesSpecified" : {
    "calories" : false,
    "distance" : false,
    "steps" : true
  },
  "speed" : 0.023165,
  "pace" : 155406.8638031513,
  "lastModified" : "12/22/17 15:47:03",
  "startTime" : "09/29/16 09:00:00",
  "originalStartTime" : "09/29/16 09:00:00",
  "originalDuration" : 3600000,
  "elevationGain" : 0.0,
  "hasGps" : false,
  "shouldFetchDetails" : false
},{
  "logId" : 11434380984,
  "activityName" : "Walk",
  "activityTypeId" : 90013,
  "activityLevel" : [{
    "minutes" : 0,
    "name" : "sedentary"
  },{
    "minutes" : 60,
    "name" : "lightly"
  },{
    "minutes" : 0,
    "name" : "fairly"
  },{
    "minutes" : 0,
    "name" : "very"
  }],
  "calories" : 153,
  "distance" : 0.001777,
  "distanceUnit" : "Mile",
  "duration" : 3600000,
  "activeDuration" : 3600000,
  "steps" : 4,
  "source" : {
    "type" : "app",
    "name" : "Sync Solver - Health to FB",
    "id" : "229KD7",
    "url" : "http://syncsolver.com"
  },
  "logType" : "manual",
  "manualValuesSpecified" : {
    "calories" : false,
    "distance" : false,
    "steps" : true
  },
  "speed" : 0.001777,
  "pace" : 2025886.3252673044,
  "lastModified" : "12/22/17 15:47:04",
  "startTime" : "09/29/16 10:00:00",
  "originalStartTime" : "09/29/16 10:00:00",
  "originalDuration" : 3600000,
  "elevationGain" : 0.0,
  "hasGps" : false,
  "shouldFetchDetails" : false
},{
  "logId" : 11435181110,
  "activityName" : "Walk",
  "activityTypeId" : 90013,
  "activityLevel" : [{
    "minutes" : 0,
    "name" : "sedentary"
  },{
    "minutes" : 60,
    "name" : "lightly"
  },{
    "minutes" : 0,
    "name" : "fairly"
  },{
    "minutes" : 0,
    "name" : "very"
  }],
  "calories" : 153,
  "distance" : 0.004455,
  "distanceUnit" : "Mile",
  "duration" : 3600000,
  "activeDuration" : 3600000,
  "steps" : 10,
  "source" : {
    "type" : "app",
    "name" : "Sync Solver - Health to FB",
    "id" : "229KD7",
    "url" : "http://syncsolver.com"
  },
  "logType" : "manual",
  "manualValuesSpecified" : {
    "calories" : false,
    "distance" : false,
    "steps" : true
  },
  "speed" : 0.004455,
  "pace" : 808080.8080808081,
  "lastModified" : "12/22/17 15:47:05",
  "startTime" : "09/29/16 11:00:00",
  "originalStartTime" : "09/29/16 11:00:00",
  "originalDuration" : 3600000,
  "elevationGain" : 0.0,
  "hasGps" : false,
  "shouldFetchDetails" : false
},{
  "logId" : 11435903986,
  "activityName" : "Walk",
  "activityTypeId" : 90013,
  "activityLevel" : [{
    "minutes" : 0,
    "name" : "sedentary"
  },{
    "minutes" : 60,
    "name" : "lightly"
  },{
    "minutes" : 0,
    "name" : "fairly"
  },{
    "minutes" : 0,
    "name" : "very"
  }],
  "calories" : 153,
  "distance" : 0.035642,
  "distanceUnit" : "Mile",
  "duration" : 3600000,
  "activeDuration" : 3600000,
  "steps" : 80,
  "source" : {
    "type" : "app",
    "name" : "Sync Solver - Health to FB",
    "id" : "229KD7",
    "url" : "http://syncsolver.com"
  },
  "logType" : "manual",
  "manualValuesSpecified" : {
    "calories" : false,
    "distance" : false,
    "steps" : true
  },
  "speed" : 0.035642,
  "pace" : 101004.43297233601,
  "lastModified" : "12/22/17 15:47:05",
  "startTime" : "09/29/16 12:00:00",
  "originalStartTime" : "09/29/16 12:00:00",
  "originalDuration" : 3600000,
  "elevationGain" : 10.0,
  "hasGps" : false,
  "shouldFetchDetails" : false
},{
  "logId" : 11433696610,
  "activityName" : "Walk",
  "activityTypeId" : 90013,
  "activityLevel" : [{
    "minutes" : 0,
    "name" : "sedentary"
  },{
    "minutes" : 60,
    "name" : "lightly"
  },{
    "minutes" : 0,
    "name" : "fairly"
  },{
    "minutes" : 0,
    "name" : "very"
  }],
  "calories" : 153,
  "distance" : 0.306516,
  "distanceUnit" : "Mile",
  "duration" : 3600000,
  "activeDuration" : 3600000,
  "steps" : 688,
  "source" : {
    "type" : "app",
    "name" : "Sync Solver - Health to FB",
    "id" : "229KD7",
    "url" : "http://syncsolver.com"
  },
  "logType" : "manual",
  "manualValuesSpecified" : {
    "calories" : false,
    "distance" : false,
    "steps" : true
  },
  "speed" : 0.306516,
  "pace" : 11744.900755588615,
  "lastModified" : "12/22/17 15:47:05",
  "startTime" : "09/29/16 13:00:00",
  "originalStartTime" : "09/29/16 13:00:00",
  "originalDuration" : 3600000,
  "elevationGain" : 0.0,
  "hasGps" : false,
  "shouldFetchDetails" : false
},{
  "logId" : 11433774011,
  "activityName" : "Walk",
  "activityTypeId" : 90013,
  "activityLevel" : [{
    "minutes" : 0,
    "name" : "sedentary"
  },{
    "minutes" : 60,
    "name" : "lightly"
  },{
    "minutes" : 0,
    "name" : "fairly"
  },{
    "minutes" : 0,
    "name" : "very"
  }],
  "calories" : 153,
  "distance" : 0.180881,
  "distanceUnit" : "Mile",
  "duration" : 3600000,
  "activeDuration" : 3600000,
  "steps" : 406,
  "source" : {
    "type" : "app",
    "name" : "Sync Solver - Health to FB",
    "id" : "229KD7",
    "url" : "http://syncsolver.com"
  },
  "logType" : "manual",
  "manualValuesSpecified" : {
    "calories" : false,
    "distance" : false,
    "steps" : true
  },
  "speed" : 0.180881,
  "pace" : 19902.58788927527,
  "lastModified" : "12/22/17 15:47:06",
  "startTime" : "09/29/16 14:00:00",
  "originalStartTime" : "09/29/16 14:00:00",
  "originalDuration" : 3600000,
  "elevationGain" : 0.0,
  "hasGps" : false,
  "shouldFetchDetails" : false
},{
  "logId" : 11435181111,
  "activityName" : "Walk",
  "activityTypeId" : 90013,
  "activityLevel" : [{
    "minutes" : 0,
    "name" : "sedentary"
  },{
    "minutes" : 60,
    "name" : "lightly"
  },{
    "minutes" : 0,
    "name" : "fairly"
  },{
    "minutes" : 0,
    "name" : "very"
  }],
  "calories" : 153,
  "distance" : 0.004455,
  "distanceUnit" : "Mile",
  "duration" : 3600000,
  "activeDuration" : 3600000,
  "steps" : 10,
  "source" : {
    "type" : "app",
    "name" : "Sync Solver - Health to FB",
    "id" : "229KD7",
    "url" : "http://syncsolver.com"
  },
  "logType" : "manual",
  "manualValuesSpecified" : {
    "calories" : false,
    "distance" : false,
    "steps" : true
  },
  "speed" : 0.004455,
  "pace" : 808080.8080808081,
  "lastModified" : "12/22/17 15:47:06",
  "startTime" : "09/29/16 15:00:00",
  "originalStartTime" : "09/29/16 15:00:00",
  "originalDuration" : 3600000,
  "elevationGain" : 0.0,
  "hasGps" : false,
  "shouldFetchDetails" : false
},{
  "logId" : 11482135081,
  "activityName" : "Walk",
  "activityTypeId" : 90013,
  "activityLevel" : [{
    "minutes" : 0,
    "name" : "sedentary"
  },{
    "minutes" : 60,
    "name" : "lightly"
  },{
    "minutes" : 0,
    "name" : "fairly"
  },{
    "minutes" : 0,
    "name" : "very"
  }],
  "calories" : 153,
  "distance" : 8.89E-4,
  "distanceUnit" : "Mile",
  "duration" : 3600000,
  "activeDuration" : 3600000,
  "steps" : 2,
  "source" : {
    "type" : "app",
    "name" : "Sync Solver - Health to FB",
    "id" : "229KD7",
    "url" : "http://syncsolver.com"
  },
  "logType" : "manual",
  "manualValuesSpecified" : {
    "calories" : false,
    "distance" : false,
    "steps" : true
  },
  "speed" : 8.89E-4,
  "pace" : 4049493.8132733405,
  "lastModified" : "12/23/17 15:42:31",
  "startTime" : "09/29/16 16:00:00",
  "originalStartTime" : "09/29/16 16:00:00",
  "originalDuration" : 3600000,
  "elevationGain" : 0.0,
  "hasGps" : false,
  "shouldFetchDetails" : false
},{
  "logId" : 11481961572,
  "activityName" : "Walk",
  "activityTypeId" : 90013,
  "activityLevel" : [{
    "minutes" : 0,
    "name" : "sedentary"
  },{
    "minutes" : 60,
    "name" : "lightly"
  },{
    "minutes" : 0,
    "name" : "fairly"
  },{
    "minutes" : 0,
    "name" : "very"
  }],
  "calories" : 153,
  "distance" : 8.89E-4,
  "distanceUnit" : "Mile",
  "duration" : 3600000,
  "activeDuration" : 3600000,
  "steps" : 2,
  "source" : {
    "type" : "app",
    "name" : "Sync Solver - Health to FB",
    "id" : "229KD7",
    "url" : "http://syncsolver.com"
  },
  "logType" : "manual",
  "manualValuesSpecified" : {
    "calories" : false,
    "distance" : false,
    "steps" : true
  },
  "speed" : 8.89E-4,
  "pace" : 4049493.8132733405,
  "lastModified" : "12/23/17 15:42:32",
  "startTime" : "09/29/16 17:00:00",
  "originalStartTime" : "09/29/16 17:00:00",
  "originalDuration" : 3600000,
  "elevationGain" : 0.0,
  "hasGps" : false,
  "shouldFetchDetails" : false
},{
  "logId" : 11480882220,
  "activityName" : "Walk",
  "activityTypeId" : 90013,
  "activityLevel" : [{
    "minutes" : 0,
    "name" : "sedentary"
  },{
    "minutes" : 60,
    "name" : "lightly"
  },{
    "minutes" : 0,
    "name" : "fairly"
  },{
    "minutes" : 0,
    "name" : "very"
  }],
  "calories" : 153,
  "distance" : 0.114053,
  "distanceUnit" : "Mile",
  "duration" : 3600000,
  "activeDuration" : 3600000,
  "steps" : 256,
  "source" : {
    "type" : "app",
    "name" : "Sync Solver - Health to FB",
    "id" : "229KD7",
    "url" : "http://syncsolver.com"
  },
  "logType" : "manual",
  "manualValuesSpecified" : {
    "calories" : false,
    "distance" : false,
    "steps" : true
  },
  "speed" : 0.114053,
  "pace" : 31564.272750387976,
  "lastModified" : "12/23/17 15:42:32",
  "startTime" : "09/29/16 18:00:00",
  "originalStartTime" : "09/29/16 18:00:00",
  "originalDuration" : 3600000,
  "elevationGain" : 0.0,
  "hasGps" : false,
  "shouldFetchDetails" : false
},{
  "logId" : 11480573803,
  "activityName" : "Walk",
  "activityTypeId" : 90013,
  "activityLevel" : [{
    "minutes" : 0,
    "name" : "sedentary"
  },{
    "minutes" : 60,
    "name" : "lightly"
  },{
    "minutes" : 0,
    "name" : "fairly"
  },{
    "minutes" : 0,
    "name" : "very"
  }],
  "calories" : 153,
  "distance" : 0.06059,
  "distanceUnit" : "Mile",
  "duration" : 3600000,
  "activeDuration" : 3600000,
  "steps" : 136,
  "source" : {
    "type" : "app",
    "name" : "Sync Solver - Health to FB",
    "id" : "229KD7",
    "url" : "http://syncsolver.com"
  },
  "logType" : "manual",
  "manualValuesSpecified" : {
    "calories" : false,
    "distance" : false,
    "steps" : true
  },
  "speed" : 0.06059,
  "pace" : 59415.745172470706,
  "lastModified" : "12/23/17 15:42:32",
  "startTime" : "09/29/16 19:00:00",
  "originalStartTime" : "09/29/16 19:00:00",
  "originalDuration" : 3600000,
  "elevationGain" : 10.0,
  "hasGps" : false,
  "shouldFetchDetails" : false
},{
  "logId" : 11481980807,
  "activityName" : "Walk",
  "activityTypeId" : 90013,
  "activityLevel" : [{
    "minutes" : 0,
    "name" : "sedentary"
  },{
    "minutes" : 60,
    "name" : "lightly"
  },{
    "minutes" : 0,
    "name" : "fairly"
  },{
    "minutes" : 0,
    "name" : "very"
  }],
  "calories" : 153,
  "distance" : 0.12118,
  "distanceUnit" : "Mile",
  "duration" : 3600000,
  "activeDuration" : 3600000,
  "steps" : 272,
  "source" : {
    "type" : "app",
    "name" : "Sync Solver - Health to FB",
    "id" : "229KD7",
    "url" : "http://syncsolver.com"
  },
  "logType" : "manual",
  "manualValuesSpecified" : {
    "calories" : false,
    "distance" : false,
    "steps" : true
  },
  "speed" : 0.12118,
  "pace" : 29707.872586235353,
  "lastModified" : "12/23/17 15:42:33",
  "startTime" : "09/29/16 20:00:00",
  "originalStartTime" : "09/29/16 20:00:00",
  "originalDuration" : 3600000,
  "elevationGain" : 20.0,
  "hasGps" : false,
  "shouldFetchDetails" : false
},{
  "logId" : 11482135082,
  "activityName" : "Walk",
  "activityTypeId" : 90013,
  "activityLevel" : [{
    "minutes" : 0,
    "name" : "sedentary"
  },{
    "minutes" : 60,
    "name" : "lightly"
  },{
    "minutes" : 0,
    "name" : "fairly"
  },{
    "minutes" : 0,
    "name" : "very"
  }],
  "calories" : 153,
  "distance" : 0.25662,
  "distanceUnit" : "Mile",
  "duration" : 3600000,
  "activeDuration" : 3600000,
  "steps" : 576,
  "source" : {
    "type" : "app",
    "name" : "Sync Solver - Health to FB",
    "id" : "229KD7",
    "url" : "http://syncsolver.com"
  },
  "logType" : "manual",
  "manualValuesSpecified" : {
    "calories" : false,
    "distance" : false,
    "steps" : true
  },
  "speed" : 0.25662,
  "pace" : 14028.524666822539,
  "lastModified" : "12/23/17 15:42:33",
  "startTime" : "09/29/16 21:00:00",
  "originalStartTime" : "09/29/16 21:00:00",
  "originalDuration" : 3600000,
  "elevationGain" : 0.0,
  "hasGps" : false,
  "shouldFetchDetails" : false
},{
  "logId" : 11481980808,
  "activityName" : "Walk",
  "activityTypeId" : 90013,
  "activityLevel" : [{
    "minutes" : 0,
    "name" : "sedentary"
  },{
    "minutes" : 60,
    "name" : "lightly"
  },{
    "minutes" : 0,
    "name" : "fairly"
  },{
    "minutes" : 0,
    "name" : "very"
  }],
  "calories" : 153,
  "distance" : 0.39206,
  "distanceUnit" : "Mile",
  "duration" : 3600000,
  "activeDuration" : 3600000,
  "steps" : 880,
  "source" : {
    "type" : "app",
    "name" : "Sync Solver - Health to FB",
    "id" : "229KD7",
    "url" : "http://syncsolver.com"
  },
  "logType" : "manual",
  "manualValuesSpecified" : {
    "calories" : false,
    "distance" : false,
    "steps" : true
  },
  "speed" : 0.39206,
  "pace" : 9182.268020200989,
  "lastModified" : "12/23/17 15:42:34",
  "startTime" : "09/29/16 22:00:00",
  "originalStartTime" : "09/29/16 22:00:00",
  "originalDuration" : 3600000,
  "elevationGain" : 0.0,
  "hasGps" : false,
  "shouldFetchDetails" : false
},{
  "logId" : 11480573804,
  "activityName" : "Walk",
  "activityTypeId" : 90013,
  "activityLevel" : [{
    "minutes" : 0,
    "name" : "sedentary"
  },{
    "minutes" : 60,
    "name" : "lightly"
  },{
    "minutes" : 0,
    "name" : "fairly"
  },{
    "minutes" : 0,
    "name" : "very"
  }],
  "calories" : 153,
  "distance" : 1.014898,
  "distanceUnit" : "Mile",
  "duration" : 3600000,
  "activeDuration" : 3600000,
  "steps" : 2278,
  "source" : {
    "type" : "app",
    "name" : "Sync Solver - Health to FB",
    "id" : "229KD7",
    "url" : "http://syncsolver.com"
  },
  "logType" : "manual",
  "manualValuesSpecified" : {
    "calories" : false,
    "distance" : false,
    "steps" : true
  },
  "speed" : 1.014898,
  "pace" : 3547.1544923726324,
  "lastModified" : "12/23/17 15:42:34",
  "startTime" : "09/29/16 23:00:00",
  "originalStartTime" : "09/29/16 23:00:00",
  "originalDuration" : 3600000,
  "elevationGain" : 10.0,
  "hasGps" : false,
  "shouldFetchDetails" : false
},{
  "logId" : 11482086874,
  "activityName" : "Walk",
  "activityTypeId" : 90013,
  "activityLevel" : [{
    "minutes" : 0,
    "name" : "sedentary"
  },{
    "minutes" : 60,
    "name" : "lightly"
  },{
    "minutes" : 0,
    "name" : "fairly"
  },{
    "minutes" : 0,
    "name" : "very"
  }],
  "calories" : 153,
  "distance" : 0.149695,
  "distanceUnit" : "Mile",
  "duration" : 3600000,
  "activeDuration" : 3600000,
  "steps" : 336,
  "source" : {
    "type" : "app",
    "name" : "Sync Solver - Health to FB",
    "id" : "229KD7",
    "url" : "http://syncsolver.com"
  },
  "logType" : "manual",
  "manualValuesSpecified" : {
    "calories" : false,
    "distance" : false,
    "steps" : true
  },
  "speed" : 0.149695,
  "pace" : 24048.89942883864,
  "lastModified" : "12/23/17 15:42:35",
  "startTime" : "09/30/16 00:00:00",
  "originalStartTime" : "09/30/16 00:00:00",
  "originalDuration" : 3600000,
  "elevationGain" : 0.0,
  "hasGps" : false,
  "shouldFetchDetails" : false
},{
  "logId" : 11481315848,
  "activityName" : "Walk",
  "activityTypeId" : 90013,
  "activityLevel" : [{
    "minutes" : 0,
    "name" : "sedentary"
  },{
    "minutes" : 60,
    "name" : "lightly"
  },{
    "minutes" : 0,
    "name" : "fairly"
  },{
    "minutes" : 0,
    "name" : "very"
  }],
  "calories" : 153,
  "distance" : 0.026731,
  "distanceUnit" : "Mile",
  "duration" : 3600000,
  "activeDuration" : 3600000,
  "steps" : 60,
  "source" : {
    "type" : "app",
    "name" : "Sync Solver - Health to FB",
    "id" : "229KD7",
    "url" : "http://syncsolver.com"
  },
  "logType" : "manual",
  "manualValuesSpecified" : {
    "calories" : false,
    "distance" : false,
    "steps" : true
  },
  "speed" : 0.026731,
  "pace" : 134675.0963301036,
  "lastModified" : "12/23/17 15:42:36",
  "startTime" : "09/30/16 01:00:00",
  "originalStartTime" : "09/30/16 01:00:00",
  "originalDuration" : 3600000,
  "elevationGain" : 0.0,
  "hasGps" : false,
  "shouldFetchDetails" : false
},{
  "logId" : 11481942307,
  "activityName" : "Walk",
  "activityTypeId" : 90013,
  "activityLevel" : [{
    "minutes" : 0,
    "name" : "sedentary"
  },{
    "minutes" : 60,
    "name" : "lightly"
  },{
    "minutes" : 0,
    "name" : "fairly"
  },{
    "minutes" : 0,
    "name" : "very"
  }],
  "calories" : 153,
  "distance" : 0.022276,
  "distanceUnit" : "Mile",
  "duration" : 3600000,
  "activeDuration" : 3600000,
  "steps" : 50,
  "source" : {
    "type" : "app",
    "name" : "Sync Solver - Health to FB",
    "id" : "229KD7",
    "url" : "http://syncsolver.com"
  },
  "logType" : "manual",
  "manualValuesSpecified" : {
    "calories" : false,
    "distance" : false,
    "steps" : true
  },
  "speed" : 0.022276,
  "pace" : 161608.90644639972,
  "lastModified" : "12/23/17 15:42:36",
  "startTime" : "09/30/16 02:00:00",
  "originalStartTime" : "09/30/16 02:00:00",
  "originalDuration" : 3600000,
  "elevationGain" : 0.0,
  "hasGps" : false,
  "shouldFetchDetails" : false
},{
  "logId" : 11481826583,
  "activityName" : "Walk",
  "activityTypeId" : 90013,
  "activityLevel" : [{
    "minutes" : 0,
    "name" : "sedentary"
  },{
    "minutes" : 60,
    "name" : "lightly"
  },{
    "minutes" : 0,
    "name" : "fairly"
  },{
    "minutes" : 0,
    "name" : "very"
  }],
  "calories" : 153,
  "distance" : 0.061926,
  "distanceUnit" : "Mile",
  "duration" : 3600000,
  "activeDuration" : 3600000,
  "steps" : 139,
  "source" : {
    "type" : "app",
    "name" : "Sync Solver - Health to FB",
    "id" : "229KD7",
    "url" : "http://syncsolver.com"
  },
  "logType" : "manual",
  "manualValuesSpecified" : {
    "calories" : false,
    "distance" : false,
    "steps" : true
  },
  "speed" : 0.061926,
  "pace" : 58133.901753706035,
  "lastModified" : "12/23/17 15:42:37",
  "startTime" : "09/30/16 03:00:00",
  "originalStartTime" : "09/30/16 03:00:00",
  "originalDuration" : 3600000,
  "elevationGain" : 0.0,
  "hasGps" : false,
  "shouldFetchDetails" : false
},{
  "logId" : 11481874864,
  "activityName" : "Walk",
  "activityTypeId" : 90013,
  "activityLevel" : [{
    "minutes" : 0,
    "name" : "sedentary"
  },{
    "minutes" : 60,
    "name" : "lightly"
  },{
    "minutes" : 0,
    "name" : "fairly"
  },{
    "minutes" : 0,
    "name" : "very"
  }],
  "calories" : 153,
  "distance" : 8.89E-4,
  "distanceUnit" : "Mile",
  "duration" : 3600000,
  "activeDuration" : 3600000,
  "steps" : 2,
  "source" : {
    "type" : "app",
    "name" : "Sync Solver - Health to FB",
    "id" : "229KD7",
    "url" : "http://syncsolver.com"
  },
  "logType" : "manual",
  "manualValuesSpecified" : {
    "calories" : false,
    "distance" : false,
    "steps" : true
  },
  "speed" : 8.89E-4,
  "pace" : 4049493.8132733405,
  "lastModified" : "12/23/17 15:42:37",
  "startTime" : "09/30/16 04:00:00",
  "originalStartTime" : "09/30/16 04:00:00",
  "originalDuration" : 3600000,
  "elevationGain" : 0.0,
  "hasGps" : false,
  "shouldFetchDetails" : false
},{
  "logId" : 11480612344,
  "activityName" : "Walk",
  "activityTypeId" : 90013,
  "activityLevel" : [{
    "minutes" : 0,
    "name" : "sedentary"
  },{
    "minutes" : 60,
    "name" : "lightly"
  },{
    "minutes" : 0,
    "name" : "fairly"
  },{
    "minutes" : 0,
    "name" : "very"
  }],
  "calories" : 153,
  "distance" : 0.015143,
  "distanceUnit" : "Mile",
  "duration" : 3600000,
  "activeDuration" : 3600000,
  "steps" : 34,
  "source" : {
    "type" : "app",
    "name" : "Sync Solver - Health to FB",
    "id" : "229KD7",
    "url" : "http://syncsolver.com"
  },
  "logType" : "manual",
  "manualValuesSpecified" : {
    "calories" : false,
    "distance" : false,
    "steps" : true
  },
  "speed" : 0.015143,
  "pace" : 237733.60628673315,
  "lastModified" : "12/23/17 15:42:38",
  "startTime" : "09/30/16 05:00:00",
  "originalStartTime" : "09/30/16 05:00:00",
  "originalDuration" : 3600000,
  "elevationGain" : 0.0,
  "hasGps" : false,
  "shouldFetchDetails" : false
},{
  "logId" : 11481209804,
  "activityName" : "Walk",
  "activityTypeId" : 90013,
  "activityLevel" : [{
    "minutes" : 0,
    "name" : "sedentary"
  },{
    "minutes" : 60,
    "name" : "lightly"
  },{
    "minutes" : 0,
    "name" : "fairly"
  },{
    "minutes" : 0,
    "name" : "very"
  }],
  "calories" : 153,
  "distance" : 0.031187,
  "distanceUnit" : "Mile",
  "duration" : 3600000,
  "activeDuration" : 3600000,
  "steps" : 70,
  "source" : {
    "type" : "app",
    "name" : "Sync Solver - Health to FB",
    "id" : "229KD7",
    "url" : "http://syncsolver.com"
  },
  "logType" : "manual",
  "manualValuesSpecified" : {
    "calories" : false,
    "distance" : false,
    "steps" : true
  },
  "speed" : 0.031187,
  "pace" : 115432.71234809376,
  "lastModified" : "12/23/17 15:42:38",
  "startTime" : "09/30/16 06:00:00",
  "originalStartTime" : "09/30/16 06:00:00",
  "originalDuration" : 3600000,
  "elevationGain" : 0.0,
  "hasGps" : false,
  "shouldFetchDetails" : false
},{
  "logId" : 11482135083,
  "activityName" : "Walk",
  "activityTypeId" : 90013,
  "activityLevel" : [{
    "minutes" : 0,
    "name" : "sedentary"
  },{
    "minutes" : 60,
    "name" : "lightly"
  },{
    "minutes" : 0,
    "name" : "fairly"
  },{
    "minutes" : 0,
    "name" : "very"
  }],
  "calories" : 153,
  "distance" : 0.002672,
  "distanceUnit" : "Mile",
  "duration" : 3600000,
  "activeDuration" : 3600000,
  "steps" : 6,
  "source" : {
    "type" : "app",
    "name" : "Sync Solver - Health to FB",
    "id" : "229KD7",
    "url" : "http://syncsolver.com"
  },
  "logType" : "manual",
  "manualValuesSpecified" : {
    "calories" : false,
    "distance" : false,
    "steps" : true
  },
  "speed" : 0.002672,
  "pace" : 1347305.389221557,
  "lastModified" : "12/23/17 15:42:39",
  "startTime" : "09/30/16 07:00:00",
  "originalStartTime" : "09/30/16 07:00:00",
  "originalDuration" : 3600000,
  "elevationGain" : 0.0,
  "hasGps" : false,
  "shouldFetchDetails" : false
},{
  "logId" : 11481662789,
  "activityName" : "Walk",
  "activityTypeId" : 90013,
  "activityLevel" : [{
    "minutes" : 0,
    "name" : "sedentary"
  },{
    "minutes" : 60,
    "name" : "lightly"
  },{
    "minutes" : 0,
    "name" : "fairly"
  },{
    "minutes" : 0,
    "name" : "very"
  }],
  "calories" : 153,
  "distance" : 0.008016,
  "distanceUnit" : "Mile",
  "duration" : 3600000,
  "activeDuration" : 3600000,
  "steps" : 18,
  "source" : {
    "type" : "app",
    "name" : "Sync Solver - Health to FB",
    "id" : "229KD7",
    "url" : "http://syncsolver.com"
  },
  "logType" : "manual",
  "manualValuesSpecified" : {
    "calories" : false,
    "distance" : false,
    "steps" : true
  },
  "speed" : 0.008016,
  "pace" : 449101.7964071856,
  "lastModified" : "12/23/17 15:42:39",
  "startTime" : "09/30/16 08:00:00",
  "originalStartTime" : "09/30/16 08:00:00",
  "originalDuration" : 3600000,
  "elevationGain" : 0.0,
  "hasGps" : false,
  "shouldFetchDetails" : false
},{
  "logId" : 11482048297,
  "activityName" : "Walk",
  "activityTypeId" : 90013,
  "activityLevel" : [{
    "minutes" : 0,
    "name" : "sedentary"
  },{
    "minutes" : 60,
    "name" : "lightly"
  },{
    "minutes" : 0,
    "name" : "fairly"
  },{
    "minutes" : 0,
    "name" : "very"
  }],
  "calories" : 153,
  "distance" : 8.89E-4,
  "distanceUnit" : "Mile",
  "duration" : 3600000,
  "activeDuration" : 3600000,
  "steps" : 2,
  "source" : {
    "type" : "app",
    "name" : "Sync Solver - Health to FB",
    "id" : "229KD7",
    "url" : "http://syncsolver.com"
  },
  "logType" : "manual",
  "manualValuesSpecified" : {
    "calories" : false,
    "distance" : false,
    "steps" : true
  },
  "speed" : 8.89E-4,
  "pace" : 4049493.8132733405,
  "lastModified" : "12/23/17 15:42:40",
  "startTime" : "09/30/16 09:00:00",
  "originalStartTime" : "09/30/16 09:00:00",
  "originalDuration" : 3600000,
  "elevationGain" : 10.0,
  "hasGps" : false,
  "shouldFetchDetails" : false
},{
  "logId" : 11481307856,
  "activityName" : "Walk",
  "activityTypeId" : 90013,
  "activityLevel" : [{
    "minutes" : 0,
    "name" : "sedentary"
  },{
    "minutes" : 60,
    "name" : "lightly"
  },{
    "minutes" : 0,
    "name" : "fairly"
  },{
    "minutes" : 0,
    "name" : "very"
  }],
  "calories" : 153,
  "distance" : 0.015143,
  "distanceUnit" : "Mile",
  "duration" : 3600000,
  "activeDuration" : 3600000,
  "steps" : 34,
  "source" : {
    "type" : "app",
    "name" : "Sync Solver - Health to FB",
    "id" : "229KD7",
    "url" : "http://syncsolver.com"
  },
  "logType" : "manual",
  "manualValuesSpecified" : {
    "calories" : false,
    "distance" : false,
    "steps" : true
  },
  "speed" : 0.015143,
  "pace" : 237733.60628673315,
  "lastModified" : "12/24/17 13:14:45",
  "startTime" : "09/30/16 10:00:00",
  "originalStartTime" : "09/30/16 10:00:00",
  "originalDuration" : 3600000,
  "elevationGain" : 0.0,
  "hasGps" : false,
  "shouldFetchDetails" : false
},{
  "logId" : 11481047732,
  "activityName" : "Walk",
  "activityTypeId" : 90013,
  "activityLevel" : [{
    "minutes" : 0,
    "name" : "sedentary"
  },{
    "minutes" : 60,
    "name" : "lightly"
  },{
    "minutes" : 0,
    "name" : "fairly"
  },{
    "minutes" : 0,
    "name" : "very"
  }],
  "calories" : 153,
  "distance" : 0.00356,
  "distanceUnit" : "Mile",
  "duration" : 3600000,
  "activeDuration" : 3600000,
  "steps" : 8,
  "source" : {
    "type" : "app",
    "name" : "Sync Solver - Health to FB",
    "id" : "229KD7",
    "url" : "http://syncsolver.com"
  },
  "logType" : "manual",
  "manualValuesSpecified" : {
    "calories" : false,
    "distance" : false,
    "steps" : true
  },
  "speed" : 0.00356,
  "pace" : 1011235.9550561798,
  "lastModified" : "12/24/17 13:14:46",
  "startTime" : "09/30/16 11:00:00",
  "originalStartTime" : "09/30/16 11:00:00",
  "originalDuration" : 3600000,
  "elevationGain" : 0.0,
  "hasGps" : false,
  "shouldFetchDetails" : false
},{
  "logId" : 11480739300,
  "activityName" : "Walk",
  "activityTypeId" : 90013,
  "activityLevel" : [{
    "minutes" : 0,
    "name" : "sedentary"
  },{
    "minutes" : 60,
    "name" : "lightly"
  },{
    "minutes" : 0,
    "name" : "fairly"
  },{
    "minutes" : 0,
    "name" : "very"
  }],
  "calories" : 153,
  "distance" : 8.89E-4,
  "distanceUnit" : "Mile",
  "duration" : 3600000,
  "activeDuration" : 3600000,
  "steps" : 2,
  "source" : {
    "type" : "app",
    "name" : "Sync Solver - Health to FB",
    "id" : "229KD7",
    "url" : "http://syncsolver.com"
  },
  "logType" : "manual",
  "manualValuesSpecified" : {
    "calories" : false,
    "distance" : false,
    "steps" : true
  },
  "speed" : 8.89E-4,
  "pace" : 4049493.8132733405,
  "lastModified" : "12/24/17 13:14:46",
  "startTime" : "09/30/16 12:00:00",
  "originalStartTime" : "09/30/16 12:00:00",
  "originalDuration" : 3600000,
  "elevationGain" : 0.0,
  "hasGps" : false,
  "shouldFetchDetails" : false
},{
  "logId" : 11481944056,
  "activityName" : "Walk",
  "activityTypeId" : 90013,
  "activityLevel" : [{
    "minutes" : 0,
    "name" : "sedentary"
  },{
    "minutes" : 60,
    "name" : "lightly"
  },{
    "minutes" : 0,
    "name" : "fairly"
  },{
    "minutes" : 0,
    "name" : "very"
  }],
  "calories" : 153,
  "distance" : 0.145239,
  "distanceUnit" : "Mile",
  "duration" : 3600000,
  "activeDuration" : 3600000,
  "steps" : 326,
  "source" : {
    "type" : "app",
    "name" : "Sync Solver - Health to FB",
    "id" : "229KD7",
    "url" : "http://syncsolver.com"
  },
  "logType" : "manual",
  "manualValuesSpecified" : {
    "calories" : false,
    "distance" : false,
    "steps" : true
  },
  "speed" : 0.145239,
  "pace" : 24786.73083675872,
  "lastModified" : "12/24/17 13:14:46",
  "startTime" : "09/30/16 13:00:00",
  "originalStartTime" : "09/30/16 13:00:00",
  "originalDuration" : 3600000,
  "elevationGain" : 0.0,
  "hasGps" : false,
  "shouldFetchDetails" : false
},{
  "logId" : 11480883931,
  "activityName" : "Walk",
  "activityTypeId" : 90013,
  "activityLevel" : [{
    "minutes" : 0,
    "name" : "sedentary"
  },{
    "minutes" : 60,
    "name" : "lightly"
  },{
    "minutes" : 0,
    "name" : "fairly"
  },{
    "minutes" : 0,
    "name" : "very"
  }],
  "calories" : 153,
  "distance" : 0.071284,
  "distanceUnit" : "Mile",
  "duration" : 3600000,
  "activeDuration" : 3600000,
  "steps" : 160,
  "source" : {
    "type" : "app",
    "name" : "Sync Solver - Health to FB",
    "id" : "229KD7",
    "url" : "http://syncsolver.com"
  },
  "logType" : "manual",
  "manualValuesSpecified" : {
    "calories" : false,
    "distance" : false,
    "steps" : true
  },
  "speed" : 0.071284,
  "pace" : 50502.21648616801,
  "lastModified" : "12/24/17 13:14:47",
  "startTime" : "09/30/16 14:00:00",
  "originalStartTime" : "09/30/16 14:00:00",
  "originalDuration" : 3600000,
  "elevationGain" : 0.0,
  "hasGps" : false,
  "shouldFetchDetails" : false
},{
  "logId" : 11482098237,
  "activityName" : "Walk",
  "activityTypeId" : 90013,
  "activityLevel" : [{
    "minutes" : 0,
    "name" : "sedentary"
  },{
    "minutes" : 60,
    "name" : "lightly"
  },{
    "minutes" : 0,
    "name" : "fairly"
  },{
    "minutes" : 0,
    "name" : "very"
  }],
  "calories" : 153,
  "distance" : 0.005344,
  "distanceUnit" : "Mile",
  "duration" : 3600000,
  "activeDuration" : 3600000,
  "steps" : 12,
  "source" : {
    "type" : "app",
    "name" : "Sync Solver - Health to FB",
    "id" : "229KD7",
    "url" : "http://syncsolver.com"
  },
  "logType" : "manual",
  "manualValuesSpecified" : {
    "calories" : false,
    "distance" : false,
    "steps" : true
  },
  "speed" : 0.005344,
  "pace" : 673652.6946107785,
  "lastModified" : "12/24/17 13:14:47",
  "startTime" : "09/30/16 15:00:00",
  "originalStartTime" : "09/30/16 15:00:00",
  "originalDuration" : 3600000,
  "elevationGain" : 0.0,
  "hasGps" : false,
  "shouldFetchDetails" : false
},{
  "logId" : 11481963349,
  "activityName" : "Walk",
  "activityTypeId" : 90013,
  "activityLevel" : [{
    "minutes" : 0,
    "name" : "sedentary"
  },{
    "minutes" : 60,
    "name" : "lightly"
  },{
    "minutes" : 0,
    "name" : "fairly"
  },{
    "minutes" : 0,
    "name" : "very"
  }],
  "calories" : 153,
  "distance" : 0.00891,
  "distanceUnit" : "Mile",
  "duration" : 3600000,
  "activeDuration" : 3600000,
  "steps" : 20,
  "source" : {
    "type" : "app",
    "name" : "Sync Solver - Health to FB",
    "id" : "229KD7",
    "url" : "http://syncsolver.com"
  },
  "logType" : "manual",
  "manualValuesSpecified" : {
    "calories" : false,
    "distance" : false,
    "steps" : true
  },
  "speed" : 0.00891,
  "pace" : 404040.4040404041,
  "lastModified" : "12/24/17 13:14:48",
  "startTime" : "09/30/16 16:00:00",
  "originalStartTime" : "09/30/16 16:00:00",
  "originalDuration" : 3600000,
  "elevationGain" : 0.0,
  "hasGps" : false,
  "shouldFetchDetails" : false
},{
  "logId" : 11481828336,
  "activityName" : "Walk",
  "activityTypeId" : 90013,
  "activityLevel" : [{
    "minutes" : 0,
    "name" : "sedentary"
  },{
    "minutes" : 60,
    "name" : "lightly"
  },{
    "minutes" : 0,
    "name" : "fairly"
  },{
    "minutes" : 0,
    "name" : "very"
  }],
  "calories" : 153,
  "distance" : 0.035642,
  "distanceUnit" : "Mile",
  "duration" : 3600000,
  "activeDuration" : 3600000,
  "steps" : 80,
  "source" : {
    "type" : "app",
    "name" : "Sync Solver - Health to FB",
    "id" : "229KD7",
    "url" : "http://syncsolver.com"
  },
  "logType" : "manual",
  "manualValuesSpecified" : {
    "calories" : false,
    "distance" : false,
    "steps" : true
  },
  "speed" : 0.035642,
  "pace" : 101004.43297233601,
  "lastModified" : "12/24/17 13:14:48",
  "startTime" : "09/30/16 17:00:00",
  "originalStartTime" : "09/30/16 17:00:00",
  "originalDuration" : 3600000,
  "elevationGain" : 10.0,
  "hasGps" : false,
  "shouldFetchDetails" : false
},{
  "logId" : 11480344254,
  "activityName" : "Walk",
  "activityTypeId" : 90013,
  "activityLevel" : [{
    "minutes" : 0,
    "name" : "sedentary"
  },{
    "minutes" : 60,
    "name" : "lightly"
  },{
    "minutes" : 0,
    "name" : "fairly"
  },{
    "minutes" : 0,
    "name" : "very"
  }],
  "calories" : 153,
  "distance" : 0.63442,
  "distanceUnit" : "Mile",
  "duration" : 3600000,
  "activeDuration" : 3600000,
  "steps" : 1424,
  "source" : {
    "type" : "app",
    "name" : "Sync Solver - Health to FB",
    "id" : "229KD7",
    "url" : "http://syncsolver.com"
  },
  "logType" : "manual",
  "manualValuesSpecified" : {
    "calories" : false,
    "distance" : false,
    "steps" : true
  },
  "speed" : 0.63442,
  "pace" : 5674.474323003688,
  "lastModified" : "12/24/17 13:14:49",
  "startTime" : "09/30/16 18:00:00",
  "originalStartTime" : "09/30/16 18:00:00",
  "originalDuration" : 3600000,
  "elevationGain" : 0.0,
  "hasGps" : false,
  "shouldFetchDetails" : false
},{
  "logId" : 11481153696,
  "activityName" : "Walk",
  "activityTypeId" : 90013,
  "activityLevel" : [{
    "minutes" : 0,
    "name" : "sedentary"
  },{
    "minutes" : 60,
    "name" : "lightly"
  },{
    "minutes" : 0,
    "name" : "fairly"
  },{
    "minutes" : 0,
    "name" : "very"
  }],
  "calories" : 153,
  "distance" : 0.177314,
  "distanceUnit" : "Mile",
  "duration" : 3600000,
  "activeDuration" : 3600000,
  "steps" : 398,
  "source" : {
    "type" : "app",
    "name" : "Sync Solver - Health to FB",
    "id" : "229KD7",
    "url" : "http://syncsolver.com"
  },
  "logType" : "manual",
  "manualValuesSpecified" : {
    "calories" : false,
    "distance" : false,
    "steps" : true
  },
  "speed" : 0.177314,
  "pace" : 20302.96536088521,
  "lastModified" : "12/24/17 13:14:49",
  "startTime" : "09/30/16 19:00:00",
  "originalStartTime" : "09/30/16 19:00:00",
  "originalDuration" : 3600000,
  "elevationGain" : 0.0,
  "hasGps" : false,
  "shouldFetchDetails" : false
},{
  "logId" : 11481645240,
  "activityName" : "Walk",
  "activityTypeId" : 90013,
  "activityLevel" : [{
    "minutes" : 0,
    "name" : "sedentary"
  },{
    "minutes" : 60,
    "name" : "lightly"
  },{
    "minutes" : 0,
    "name" : "fairly"
  },{
    "minutes" : 0,
    "name" : "very"
  }],
  "calories" : 153,
  "distance" : 0.162165,
  "distanceUnit" : "Mile",
  "duration" : 3600000,
  "activeDuration" : 3600000,
  "steps" : 364,
  "source" : {
    "type" : "app",
    "name" : "Sync Solver - Health to FB",
    "id" : "229KD7",
    "url" : "http://syncsolver.com"
  },
  "logType" : "manual",
  "manualValuesSpecified" : {
    "calories" : false,
    "distance" : false,
    "steps" : true
  },
  "speed" : 0.162165,
  "pace" : 22199.611506798632,
  "lastModified" : "12/24/17 13:14:50",
  "startTime" : "09/30/16 20:00:00",
  "originalStartTime" : "09/30/16 20:00:00",
  "originalDuration" : 3600000,
  "elevationGain" : 0.0,
  "hasGps" : false,
  "shouldFetchDetails" : false
},{
  "logId" : 11482136801,
  "activityName" : "Walk",
  "activityTypeId" : 90013,
  "activityLevel" : [{
    "minutes" : 0,
    "name" : "sedentary"
  },{
    "minutes" : 60,
    "name" : "lightly"
  },{
    "minutes" : 0,
    "name" : "fairly"
  },{
    "minutes" : 0,
    "name" : "very"
  }],
  "calories" : 153,
  "distance" : 0.081971,
  "distanceUnit" : "Mile",
  "duration" : 3600000,
  "activeDuration" : 3600000,
  "steps" : 184,
  "source" : {
    "type" : "app",
    "name" : "Sync Solver - Health to FB",
    "id" : "229KD7",
    "url" : "http://syncsolver.com"
  },
  "logType" : "manual",
  "manualValuesSpecified" : {
    "calories" : false,
    "distance" : false,
    "steps" : true
  },
  "speed" : 0.081971,
  "pace" : 43917.97098974027,
  "lastModified" : "12/24/17 13:14:50",
  "startTime" : "09/30/16 21:00:00",
  "originalStartTime" : "09/30/16 21:00:00",
  "originalDuration" : 3600000,
  "elevationGain" : 0.0,
  "hasGps" : false,
  "shouldFetchDetails" : false
},{
  "logId" : 11482059692,
  "activityName" : "Walk",
  "activityTypeId" : 90013,
  "activityLevel" : [{
    "minutes" : 0,
    "name" : "sedentary"
  },{
    "minutes" : 60,
    "name" : "lightly"
  },{
    "minutes" : 0,
    "name" : "fairly"
  },{
    "minutes" : 0,
    "name" : "very"
  }],
  "calories" : 153,
  "distance" : 0.228105,
  "distanceUnit" : "Mile",
  "duration" : 3600000,
  "activeDuration" : 3600000,
  "steps" : 512,
  "source" : {
    "type" : "app",
    "name" : "Sync Solver - Health to FB",
    "id" : "229KD7",
    "url" : "http://syncsolver.com"
  },
  "logType" : "manual",
  "manualValuesSpecified" : {
    "calories" : false,
    "distance" : false,
    "steps" : true
  },
  "speed" : 0.228105,
  "pace" : 15782.20556322746,
  "lastModified" : "12/24/17 13:14:51",
  "startTime" : "09/30/16 22:00:00",
  "originalStartTime" : "09/30/16 22:00:00",
  "originalDuration" : 3600000,
  "elevationGain" : 0.0,
  "hasGps" : false,
  "shouldFetchDetails" : false
},{
  "logId" : 11481809110,
  "activityName" : "Walk",
  "activityTypeId" : 90013,
  "activityLevel" : [{
    "minutes" : 0,
    "name" : "sedentary"
  },{
    "minutes" : 60,
    "name" : "lightly"
  },{
    "minutes" : 0,
    "name" : "fairly"
  },{
    "minutes" : 0,
    "name" : "very"
  }],
  "calories" : 153,
  "distance" : 0.037419,
  "distanceUnit" : "Mile",
  "duration" : 3600000,
  "activeDuration" : 3600000,
  "steps" : 84,
  "source" : {
    "type" : "app",
    "name" : "Sync Solver - Health to FB",
    "id" : "229KD7",
    "url" : "http://syncsolver.com"
  },
  "logType" : "manual",
  "manualValuesSpecified" : {
    "calories" : false,
    "distance" : false,
    "steps" : true
  },
  "speed" : 0.037419,
  "pace" : 96207.80886715304,
  "lastModified" : "12/24/17 13:14:51",
  "startTime" : "09/30/16 23:00:00",
  "originalStartTime" : "09/30/16 23:00:00",
  "originalDuration" : 3600000,
  "elevationGain" : 10.0,
  "hasGps" : false,
  "shouldFetchDetails" : false
},{
  "logId" : 11481616332,
  "activityName" : "Walk",
  "activityTypeId" : 90013,
  "activityLevel" : [{
    "minutes" : 0,
    "name" : "sedentary"
  },{
    "minutes" : 60,
    "name" : "lightly"
  },{
    "minutes" : 0,
    "name" : "fairly"
  },{
    "minutes" : 0,
    "name" : "very"
  }],
  "calories" : 153,
  "distance" : 0.219195,
  "distanceUnit" : "Mile",
  "duration" : 3600000,
  "activeDuration" : 3600000,
  "steps" : 492,
  "source" : {
    "type" : "app",
    "name" : "Sync Solver - Health to FB",
    "id" : "229KD7",
    "url" : "http://syncsolver.com"
  },
  "logType" : "manual",
  "manualValuesSpecified" : {
    "calories" : false,
    "distance" : false,
    "steps" : true
  },
  "speed" : 0.219195,
  "pace" : 16423.732293163623,
  "lastModified" : "12/24/17 13:14:51",
  "startTime" : "10/01/16 00:00:00",
  "originalStartTime" : "10/01/16 00:00:00",
  "originalDuration" : 3600000,
  "elevationGain" : 0.0,
  "hasGps" : false,
  "shouldFetchDetails" : false
},{
  "logId" : 11482140958,
  "activityName" : "Walk",
  "activityTypeId" : 90013,
  "activityLevel" : [{
    "minutes" : 0,
    "name" : "sedentary"
  },{
    "minutes" : 60,
    "name" : "lightly"
  },{
    "minutes" : 0,
    "name" : "fairly"
  },{
    "minutes" : 0,
    "name" : "very"
  }],
  "calories" : 153,
  "distance" : 0.059695,
  "distanceUnit" : "Mile",
  "duration" : 3600000,
  "activeDuration" : 3600000,
  "steps" : 134,
  "source" : {
    "type" : "app",
    "name" : "Sync Solver - Health to FB",
    "id" : "229KD7",
    "url" : "http://syncsolver.com"
  },
  "logType" : "manual",
  "manualValuesSpecified" : {
    "calories" : false,
    "distance" : false,
    "steps" : true
  },
  "speed" : 0.059695,
  "pace" : 60306.558338219285,
  "lastModified" : "12/26/17 13:34:40",
  "startTime" : "10/01/16 01:00:00",
  "originalStartTime" : "10/01/16 01:00:00",
  "originalDuration" : 3600000,
  "elevationGain" : 0.0,
  "hasGps" : false,
  "shouldFetchDetails" : false
},{
  "logId" : 11482565134,
  "activityName" : "Walk",
  "activityTypeId" : 90013,
  "activityLevel" : [{
    "minutes" : 0,
    "name" : "sedentary"
  },{
    "minutes" : 60,
    "name" : "lightly"
  },{
    "minutes" : 0,
    "name" : "fairly"
  },{
    "minutes" : 0,
    "name" : "very"
  }],
  "calories" : 153,
  "distance" : 0.172859,
  "distanceUnit" : "Mile",
  "duration" : 3600000,
  "activeDuration" : 3600000,
  "steps" : 388,
  "source" : {
    "type" : "app",
    "name" : "Sync Solver - Health to FB",
    "id" : "229KD7",
    "url" : "http://syncsolver.com"
  },
  "logType" : "manual",
  "manualValuesSpecified" : {
    "calories" : false,
    "distance" : false,
    "steps" : true
  },
  "speed" : 0.172859,
  "pace" : 20826.22252818771,
  "lastModified" : "12/26/17 13:34:41",
  "startTime" : "10/01/16 02:00:00",
  "originalStartTime" : "10/01/16 02:00:00",
  "originalDuration" : 3600000,
  "elevationGain" : 60.0,
  "hasGps" : false,
  "shouldFetchDetails" : false
},{
  "logId" : 11480579808,
  "activityName" : "Walk",
  "activityTypeId" : 90013,
  "activityLevel" : [{
    "minutes" : 0,
    "name" : "sedentary"
  },{
    "minutes" : 60,
    "name" : "lightly"
  },{
    "minutes" : 0,
    "name" : "fairly"
  },{
    "minutes" : 0,
    "name" : "very"
  }],
  "calories" : 153,
  "distance" : 0.483837,
  "distanceUnit" : "Mile",
  "duration" : 3600000,
  "activeDuration" : 3600000,
  "steps" : 1086,
  "source" : {
    "type" : "app",
    "name" : "Sync Solver - Health to FB",
    "id" : "229KD7",
    "url" : "http://syncsolver.com"
  },
  "logType" : "manual",
  "manualValuesSpecified" : {
    "calories" : false,
    "distance" : false,
    "steps" : true
  },
  "speed" : 0.483837,
  "pace" : 7440.522324667191,
  "lastModified" : "12/26/17 13:34:42",
  "startTime" : "10/01/16 03:00:00",
  "originalStartTime" : "10/01/16 03:00:00",
  "originalDuration" : 3600000,
  "elevationGain" : 0.0,
  "hasGps" : false,
  "shouldFetchDetails" : false
},{
  "logId" : 11481948361,
  "activityName" : "Walk",
  "activityTypeId" : 90013,
  "activityLevel" : [{
    "minutes" : 0,
    "name" : "sedentary"
  },{
    "minutes" : 60,
    "name" : "lightly"
  },{
    "minutes" : 0,
    "name" : "fairly"
  },{
    "minutes" : 0,
    "name" : "very"
  }],
  "calories" : 153,
  "distance" : 0.00356,
  "distanceUnit" : "Mile",
  "duration" : 3600000,
  "activeDuration" : 3600000,
  "steps" : 8,
  "source" : {
    "type" : "app",
    "name" : "Sync Solver - Health to FB",
    "id" : "229KD7",
    "url" : "http://syncsolver.com"
  },
  "logType" : "manual",
  "manualValuesSpecified" : {
    "calories" : false,
    "distance" : false,
    "steps" : true
  },
  "speed" : 0.00356,
  "pace" : 1011235.9550561798,
  "lastModified" : "12/26/17 13:34:42",
  "startTime" : "10/01/16 04:00:00",
  "originalStartTime" : "10/01/16 04:00:00",
  "originalDuration" : 3600000,
  "elevationGain" : 0.0,
  "hasGps" : false,
  "shouldFetchDetails" : false
},{
  "logId" : 11481948362,
  "activityName" : "Walk",
  "activityTypeId" : 90013,
  "activityLevel" : [{
    "minutes" : 0,
    "name" : "sedentary"
  },{
    "minutes" : 60,
    "name" : "lightly"
  },{
    "minutes" : 0,
    "name" : "fairly"
  },{
    "minutes" : 0,
    "name" : "very"
  }],
  "calories" : 153,
  "distance" : 0.011582,
  "distanceUnit" : "Mile",
  "duration" : 3600000,
  "activeDuration" : 3600000,
  "steps" : 26,
  "source" : {
    "type" : "app",
    "name" : "Sync Solver - Health to FB",
    "id" : "229KD7",
    "url" : "http://syncsolver.com"
  },
  "logType" : "manual",
  "manualValuesSpecified" : {
    "calories" : false,
    "distance" : false,
    "steps" : true
  },
  "speed" : 0.011582,
  "pace" : 310827.14557071315,
  "lastModified" : "12/26/17 13:34:42",
  "startTime" : "10/01/16 05:00:00",
  "originalStartTime" : "10/01/16 05:00:00",
  "originalDuration" : 3600000,
  "elevationGain" : 0.0,
  "hasGps" : false,
  "shouldFetchDetails" : false
},{
  "logId" : 11482825253,
  "activityName" : "Walk",
  "activityTypeId" : 90013,
  "activityLevel" : [{
    "minutes" : 0,
    "name" : "sedentary"
  },{
    "minutes" : 60,
    "name" : "lightly"
  },{
    "minutes" : 0,
    "name" : "fairly"
  },{
    "minutes" : 0,
    "name" : "very"
  }],
  "calories" : 153,
  "distance" : 0.001777,
  "distanceUnit" : "Mile",
  "duration" : 3600000,
  "activeDuration" : 3600000,
  "steps" : 4,
  "source" : {
    "type" : "app",
    "name" : "Sync Solver - Health to FB",
    "id" : "229KD7",
    "url" : "http://syncsolver.com"
  },
  "logType" : "manual",
  "manualValuesSpecified" : {
    "calories" : false,
    "distance" : false,
    "steps" : true
  },
  "speed" : 0.001777,
  "pace" : 2025886.3252673044,
  "lastModified" : "12/26/17 13:34:43",
  "startTime" : "10/01/16 06:00:00",
  "originalStartTime" : "10/01/16 06:00:00",
  "originalDuration" : 3600000,
  "elevationGain" : 0.0,
  "hasGps" : false,
  "shouldFetchDetails" : false
},{
  "logId" : 11482247158,
  "activityName" : "Walk",
  "activityTypeId" : 90013,
  "activityLevel" : [{
    "minutes" : 0,
    "name" : "sedentary"
  },{
    "minutes" : 60,
    "name" : "lightly"
  },{
    "minutes" : 0,
    "name" : "fairly"
  },{
    "minutes" : 0,
    "name" : "very"
  }],
  "calories" : 153,
  "distance" : 0.002672,
  "distanceUnit" : "Mile",
  "duration" : 3600000,
  "activeDuration" : 3600000,
  "steps" : 6,
  "source" : {
    "type" : "app",
    "name" : "Sync Solver - Health to FB",
    "id" : "229KD7",
    "url" : "http://syncsolver.com"
  },
  "logType" : "manual",
  "manualValuesSpecified" : {
    "calories" : false,
    "distance" : false,
    "steps" : true
  },
  "speed" : 0.002672,
  "pace" : 1347305.389221557,
  "lastModified" : "12/26/17 13:34:44",
  "startTime" : "10/01/16 07:00:00",
  "originalStartTime" : "10/01/16 07:00:00",
  "originalDuration" : 3600000,
  "elevationGain" : 0.0,
  "hasGps" : false,
  "shouldFetchDetails" : false
},{
  "logId" : 11483210616,
  "activityName" : "Walk",
  "activityTypeId" : 90013,
  "activityLevel" : [{
    "minutes" : 0,
    "name" : "sedentary"
  },{
    "minutes" : 60,
    "name" : "lightly"
  },{
    "minutes" : 0,
    "name" : "fairly"
  },{
    "minutes" : 0,
    "name" : "very"
  }],
  "calories" : 153,
  "distance" : 0.002672,
  "distanceUnit" : "Mile",
  "duration" : 3600000,
  "activeDuration" : 3600000,
  "steps" : 6,
  "source" : {
    "type" : "app",
    "name" : "Sync Solver - Health to FB",
    "id" : "229KD7",
    "url" : "http://syncsolver.com"
  },
  "logType" : "manual",
  "manualValuesSpecified" : {
    "calories" : false,
    "distance" : false,
    "steps" : true
  },
  "speed" : 0.002672,
  "pace" : 1347305.389221557,
  "lastModified" : "12/26/17 13:34:44",
  "startTime" : "10/01/16 08:00:00",
  "originalStartTime" : "10/01/16 08:00:00",
  "originalDuration" : 3600000,
  "elevationGain" : 0.0,
  "hasGps" : false,
  "shouldFetchDetails" : false
},{
  "logId" : 11481177174,
  "activityName" : "Walk",
  "activityTypeId" : 90013,
  "activityLevel" : [{
    "minutes" : 0,
    "name" : "sedentary"
  },{
    "minutes" : 60,
    "name" : "lightly"
  },{
    "minutes" : 0,
    "name" : "fairly"
  },{
    "minutes" : 0,
    "name" : "very"
  }],
  "calories" : 153,
  "distance" : 0.005344,
  "distanceUnit" : "Mile",
  "duration" : 3600000,
  "activeDuration" : 3600000,
  "steps" : 12,
  "source" : {
    "type" : "app",
    "name" : "Sync Solver - Health to FB",
    "id" : "229KD7",
    "url" : "http://syncsolver.com"
  },
  "logType" : "manual",
  "manualValuesSpecified" : {
    "calories" : false,
    "distance" : false,
    "steps" : true
  },
  "speed" : 0.005344,
  "pace" : 673652.6946107785,
  "lastModified" : "12/26/17 13:34:44",
  "startTime" : "10/01/16 09:00:00",
  "originalStartTime" : "10/01/16 09:00:00",
  "originalDuration" : 3600000,
  "elevationGain" : 0.0,
  "hasGps" : false,
  "shouldFetchDetails" : false
},{
  "logId" : 11483249406,
  "activityName" : "Walk",
  "activityTypeId" : 90013,
  "activityLevel" : [{
    "minutes" : 0,
    "name" : "sedentary"
  },{
    "minutes" : 60,
    "name" : "lightly"
  },{
    "minutes" : 0,
    "name" : "fairly"
  },{
    "minutes" : 0,
    "name" : "very"
  }],
  "calories" : 153,
  "distance" : 0.00891,
  "distanceUnit" : "Mile",
  "duration" : 3600000,
  "activeDuration" : 3600000,
  "steps" : 20,
  "source" : {
    "type" : "app",
    "name" : "Sync Solver - Health to FB",
    "id" : "229KD7",
    "url" : "http://syncsolver.com"
  },
  "logType" : "manual",
  "manualValuesSpecified" : {
    "calories" : false,
    "distance" : false,
    "steps" : true
  },
  "speed" : 0.00891,
  "pace" : 404040.4040404041,
  "lastModified" : "12/26/17 13:34:45",
  "startTime" : "10/01/16 10:00:00",
  "originalStartTime" : "10/01/16 10:00:00",
  "originalDuration" : 3600000,
  "elevationGain" : 0.0,
  "hasGps" : false,
  "shouldFetchDetails" : false
},{
  "logId" : 11481398885,
  "activityName" : "Walk",
  "activityTypeId" : 90013,
  "activityLevel" : [{
    "minutes" : 0,
    "name" : "sedentary"
  },{
    "minutes" : 60,
    "name" : "lightly"
  },{
    "minutes" : 0,
    "name" : "fairly"
  },{
    "minutes" : 0,
    "name" : "very"
  }],
  "calories" : 153,
  "distance" : 0.002672,
  "distanceUnit" : "Mile",
  "duration" : 3600000,
  "activeDuration" : 3600000,
  "steps" : 6,
  "source" : {
    "type" : "app",
    "name" : "Sync Solver - Health to FB",
    "id" : "229KD7",
    "url" : "http://syncsolver.com"
  },
  "logType" : "manual",
  "manualValuesSpecified" : {
    "calories" : false,
    "distance" : false,
    "steps" : true
  },
  "speed" : 0.002672,
  "pace" : 1347305.389221557,
  "lastModified" : "12/26/17 13:34:45",
  "startTime" : "10/01/16 11:00:00",
  "originalStartTime" : "10/01/16 11:00:00",
  "originalDuration" : 3600000,
  "elevationGain" : 0.0,
  "hasGps" : false,
  "shouldFetchDetails" : false
},{
  "logId" : 11481967515,
  "activityName" : "Walk",
  "activityTypeId" : 90013,
  "activityLevel" : [{
    "minutes" : 0,
    "name" : "sedentary"
  },{
    "minutes" : 60,
    "name" : "lightly"
  },{
    "minutes" : 0,
    "name" : "fairly"
  },{
    "minutes" : 0,
    "name" : "very"
  }],
  "calories" : 153,
  "distance" : 0.136329,
  "distanceUnit" : "Mile",
  "duration" : 3600000,
  "activeDuration" : 3600000,
  "steps" : 306,
  "source" : {
    "type" : "app",
    "name" : "Sync Solver - Health to FB",
    "id" : "229KD7",
    "url" : "http://syncsolver.com"
  },
  "logType" : "manual",
  "manualValuesSpecified" : {
    "calories" : false,
    "distance" : false,
    "steps" : true
  },
  "speed" : 0.136329,
  "pace" : 26406.707303655126,
  "lastModified" : "12/26/17 13:34:46",
  "startTime" : "10/01/16 12:00:00",
  "originalStartTime" : "10/01/16 12:00:00",
  "originalDuration" : 3600000,
  "elevationGain" : 0.0,
  "hasGps" : false,
  "shouldFetchDetails" : false
},{
  "logId" : 11481051939,
  "activityName" : "Walk",
  "activityTypeId" : 90013,
  "activityLevel" : [{
    "minutes" : 0,
    "name" : "sedentary"
  },{
    "minutes" : 60,
    "name" : "lightly"
  },{
    "minutes" : 0,
    "name" : "fairly"
  },{
    "minutes" : 0,
    "name" : "very"
  }],
  "calories" : 153,
  "distance" : 0.508785,
  "distanceUnit" : "Mile",
  "duration" : 3600000,
  "activeDuration" : 3600000,
  "steps" : 1142,
  "source" : {
    "type" : "app",
    "name" : "Sync Solver - Health to FB",
    "id" : "229KD7",
    "url" : "http://syncsolver.com"
  },
  "logType" : "manual",
  "manualValuesSpecified" : {
    "calories" : false,
    "distance" : false,
    "steps" : true
  },
  "speed" : 0.508785,
  "pace" : 7075.680297178572,
  "lastModified" : "12/26/17 13:34:46",
  "startTime" : "10/01/16 13:00:00",
  "originalStartTime" : "10/01/16 13:00:00",
  "originalDuration" : 3600000,
  "elevationGain" : 0.0,
  "hasGps" : false,
  "shouldFetchDetails" : false
},{
  "logId" : 11481302483,
  "activityName" : "Walk",
  "activityTypeId" : 90013,
  "activityLevel" : [{
    "minutes" : 0,
    "name" : "sedentary"
  },{
    "minutes" : 60,
    "name" : "lightly"
  },{
    "minutes" : 0,
    "name" : "fairly"
  },{
    "minutes" : 0,
    "name" : "very"
  }],
  "calories" : 153,
  "distance" : 0.09356,
  "distanceUnit" : "Mile",
  "duration" : 3600000,
  "activeDuration" : 3600000,
  "steps" : 210,
  "source" : {
    "type" : "app",
    "name" : "Sync Solver - Health to FB",
    "id" : "229KD7",
    "url" : "http://syncsolver.com"
  },
  "logType" : "manual",
  "manualValuesSpecified" : {
    "calories" : false,
    "distance" : false,
    "steps" : true
  },
  "speed" : 0.09356,
  "pace" : 38477.982043608376,
  "lastModified" : "12/26/17 13:34:47",
  "startTime" : "10/01/16 14:00:00",
  "originalStartTime" : "10/01/16 14:00:00",
  "originalDuration" : 3600000,
  "elevationGain" : 0.0,
  "hasGps" : false,
  "shouldFetchDetails" : false
},{
  "logId" : 4400025434,
  "activityName" : "Running (jogging), 6 mph (10 min mile) (MyFitnessPal)",
  "activityTypeId" : 8682712,
  "activityLevel" : [{
    "minutes" : 0,
    "name" : "sedentary"
  },{
    "minutes" : 0,
    "name" : "lightly"
  },{
    "minutes" : 0,
    "name" : "fairly"
  },{
    "minutes" : 42,
    "name" : "very"
  }],
  "calories" : 419,
  "distance" : 0.0,
  "distanceUnit" : "Mile",
  "duration" : 2520000,
  "activeDuration" : 2520000,
  "steps" : 0,
  "source" : {
    "type" : "app",
    "name" : "MyFitnessPal",
    "id" : "228VC7",
    "url" : "http://www.myfitnesspal.com"
  },
  "logType" : "manual",
  "manualValuesSpecified" : {
    "calories" : true,
    "distance" : true,
    "steps" : true
  },
  "speed" : 0.0,
  "lastModified" : "10/11/16 20:59:36",
  "startTime" : "10/08/16 16:15:00",
  "originalStartTime" : "10/08/16 16:15:00",
  "originalDuration" : 2520000,
  "hasGps" : false,
  "shouldFetchDetails" : false
},{
  "logId" : 4399196031,
  "activityName" : "Running (jogging), 6 mph (10 min mile) (MyFitnessPal)",
  "activityTypeId" : 8682712,
  "activityLevel" : [{
    "minutes" : 0,
    "name" : "sedentary"
  },{
    "minutes" : 0,
    "name" : "lightly"
  },{
    "minutes" : 0,
    "name" : "fairly"
  },{
    "minutes" : 65,
    "name" : "very"
  }],
  "calories" : 671,
  "distance" : 0.0,
  "distanceUnit" : "Mile",
  "duration" : 3900000,
  "activeDuration" : 3900000,
  "steps" : 0,
  "source" : {
    "type" : "app",
    "name" : "MyFitnessPal",
    "id" : "228VC7",
    "url" : "http://www.myfitnesspal.com"
  },
  "logType" : "manual",
  "manualValuesSpecified" : {
    "calories" : true,
    "distance" : true,
    "steps" : true
  },
  "speed" : 0.0,
  "lastModified" : "10/11/16 20:59:36",
  "startTime" : "10/09/16 16:40:00",
  "originalStartTime" : "10/09/16 16:40:00",
  "originalDuration" : 3900000,
  "hasGps" : false,
  "shouldFetchDetails" : false
},{
  "logId" : 4572881569,
  "activityName" : "Running (jogging), 6 mph (10 min mile) (MyFitnessPal)",
  "activityTypeId" : 8682712,
  "activityLevel" : [{
    "minutes" : 0,
    "name" : "sedentary"
  },{
    "minutes" : 0,
    "name" : "lightly"
  },{
    "minutes" : 0,
    "name" : "fairly"
  },{
    "minutes" : 32,
    "name" : "very"
  }],
  "calories" : 316,
  "distance" : 0.0,
  "distanceUnit" : "Mile",
  "duration" : 1920000,
  "activeDuration" : 1920000,
  "steps" : 0,
  "source" : {
    "type" : "app",
    "name" : "MyFitnessPal",
    "id" : "228VC7",
    "url" : "http://www.myfitnesspal.com"
  },
  "logType" : "manual",
  "manualValuesSpecified" : {
    "calories" : true,
    "distance" : true,
    "steps" : true
  },
  "speed" : 0.0,
  "lastModified" : "10/25/16 15:59:40",
  "startTime" : "10/25/16 11:05:00",
  "originalStartTime" : "10/25/16 11:05:00",
  "originalDuration" : 1920000,
  "hasGps" : false,
  "shouldFetchDetails" : false
},{
  "logId" : 4589623648,
  "activityName" : "Running (jogging), 6 mph (10 min mile) (MyFitnessPal)",
  "activityTypeId" : 8682712,
  "activityLevel" : [{
    "minutes" : 0,
    "name" : "sedentary"
  },{
    "minutes" : 0,
    "name" : "lightly"
  },{
    "minutes" : 0,
    "name" : "fairly"
  },{
    "minutes" : 35,
    "name" : "very"
  }],
  "calories" : 349,
  "distance" : 0.0,
  "distanceUnit" : "Mile",
  "duration" : 2100000,
  "activeDuration" : 2100000,
  "steps" : 0,
  "source" : {
    "type" : "app",
    "name" : "MyFitnessPal",
    "id" : "228VC7",
    "url" : "http://www.myfitnesspal.com"
  },
  "logType" : "manual",
  "manualValuesSpecified" : {
    "calories" : true,
    "distance" : true,
    "steps" : true
  },
  "speed" : 0.0,
  "lastModified" : "10/26/16 16:41:01",
  "startTime" : "10/26/16 11:50:00",
  "originalStartTime" : "10/26/16 11:50:00",
  "originalDuration" : 2100000,
  "hasGps" : false,
  "shouldFetchDetails" : false
},{
  "logId" : 4617112970,
  "activityName" : "Running (jogging), 6 mph (10 min mile) (MyFitnessPal)",
  "activityTypeId" : 8682712,
  "activityLevel" : [{
    "minutes" : 0,
    "name" : "sedentary"
  },{
    "minutes" : 0,
    "name" : "lightly"
  },{
    "minutes" : 0,
    "name" : "fairly"
  },{
    "minutes" : 62,
    "name" : "very"
  }],
  "calories" : 623,
  "distance" : 0.0,
  "distanceUnit" : "Mile",
  "duration" : 3720000,
  "activeDuration" : 3720000,
  "steps" : 0,
  "source" : {
    "type" : "app",
    "name" : "MyFitnessPal",
    "id" : "228VC7",
    "url" : "http://www.myfitnesspal.com"
  },
  "logType" : "manual",
  "manualValuesSpecified" : {
    "calories" : true,
    "distance" : true,
    "steps" : true
  },
  "speed" : 0.0,
  "lastModified" : "10/28/16 18:39:07",
  "startTime" : "10/27/16 12:20:00",
  "originalStartTime" : "10/27/16 12:20:00",
  "originalDuration" : 3720000,
  "hasGps" : false,
  "shouldFetchDetails" : false
},{
  "logId" : 4633854565,
  "activityName" : "Running (jogging), 6 mph (10 min mile) (MyFitnessPal)",
  "activityTypeId" : 8682712,
  "activityLevel" : [{
    "minutes" : 0,
    "name" : "sedentary"
  },{
    "minutes" : 0,
    "name" : "lightly"
  },{
    "minutes" : 0,
    "name" : "fairly"
  },{
    "minutes" : 35,
    "name" : "very"
  }],
  "calories" : 352,
  "distance" : 0.0,
  "distanceUnit" : "Mile",
  "duration" : 2100000,
  "activeDuration" : 2100000,
  "steps" : 0,
  "source" : {
    "type" : "app",
    "name" : "MyFitnessPal",
    "id" : "228VC7",
    "url" : "http://www.myfitnesspal.com"
  },
  "logType" : "manual",
  "manualValuesSpecified" : {
    "calories" : true,
    "distance" : true,
    "steps" : true
  },
  "speed" : 0.0,
  "lastModified" : "10/31/16 14:49:31",
  "startTime" : "10/28/16 14:45:00",
  "originalStartTime" : "10/28/16 14:45:00",
  "originalDuration" : 2100000,
  "hasGps" : false,
  "shouldFetchDetails" : false
},{
  "logId" : 4660245412,
  "activityName" : "Running (jogging), 6 mph (10 min mile) (MyFitnessPal)",
  "activityTypeId" : 8682712,
  "activityLevel" : [{
    "minutes" : 0,
    "name" : "sedentary"
  },{
    "minutes" : 0,
    "name" : "lightly"
  },{
    "minutes" : 0,
    "name" : "fairly"
  },{
    "minutes" : 60,
    "name" : "very"
  }],
  "calories" : 581,
  "distance" : 0.0,
  "distanceUnit" : "Mile",
  "duration" : 3600000,
  "activeDuration" : 3600000,
  "steps" : 0,
  "source" : {
    "type" : "app",
    "name" : "MyFitnessPal",
    "id" : "228VC7",
    "url" : "http://www.myfitnesspal.com"
  },
  "logType" : "manual",
  "manualValuesSpecified" : {
    "calories" : true,
    "distance" : true,
    "steps" : true
  },
  "speed" : 0.0,
  "lastModified" : "11/01/16 14:39:11",
  "startTime" : "10/31/16 09:30:00",
  "originalStartTime" : "10/31/16 09:30:00",
  "originalDuration" : 3600000,
  "hasGps" : false,
  "shouldFetchDetails" : false
},{
  "logId" : 4660377339,
  "activityName" : "Running (jogging), 6 mph (10 min mile) (MyFitnessPal)",
  "activityTypeId" : 8682712,
  "activityLevel" : [{
    "minutes" : 0,
    "name" : "sedentary"
  },{
    "minutes" : 0,
    "name" : "lightly"
  },{
    "minutes" : 0,
    "name" : "fairly"
  },{
    "minutes" : 64,
    "name" : "very"
  }],
  "calories" : 646,
  "distance" : 0.0,
  "distanceUnit" : "Mile",
  "duration" : 3840000,
  "activeDuration" : 3840000,
  "steps" : 0,
  "source" : {
    "type" : "app",
    "name" : "MyFitnessPal",
    "id" : "228VC7",
    "url" : "http://www.myfitnesspal.com"
  },
  "logType" : "manual",
  "manualValuesSpecified" : {
    "calories" : true,
    "distance" : true,
    "steps" : true
  },
  "speed" : 0.0,
  "lastModified" : "11/01/16 14:59:13",
  "startTime" : "11/01/16 09:25:00",
  "originalStartTime" : "11/01/16 09:25:00",
  "originalDuration" : 3840000,
  "hasGps" : false,
  "shouldFetchDetails" : false
},{
  "logId" : 4694314025,
  "activityName" : "Running (jogging), 6 mph (10 min mile) (MyFitnessPal)",
  "activityTypeId" : 8682712,
  "activityLevel" : [{
    "minutes" : 0,
    "name" : "sedentary"
  },{
    "minutes" : 0,
    "name" : "lightly"
  },{
    "minutes" : 0,
    "name" : "fairly"
  },{
    "minutes" : 64,
    "name" : "very"
  }],
  "calories" : 654,
  "distance" : 0.0,
  "distanceUnit" : "Mile",
  "duration" : 3840000,
  "activeDuration" : 3840000,
  "steps" : 0,
  "source" : {
    "type" : "app",
    "name" : "MyFitnessPal",
    "id" : "228VC7",
    "url" : "http://www.myfitnesspal.com"
  },
  "logType" : "manual",
  "manualValuesSpecified" : {
    "calories" : true,
    "distance" : true,
    "steps" : true
  },
  "speed" : 0.0,
  "lastModified" : "11/03/16 17:00:29",
  "startTime" : "11/03/16 11:20:00",
  "originalStartTime" : "11/03/16 11:20:00",
  "originalDuration" : 3840000,
  "hasGps" : false,
  "shouldFetchDetails" : false
},{
  "logId" : 4741617173,
  "activityName" : "Running (jogging), 5.2 mph (11.5 min mile) (MyFitnessPal)",
  "activityTypeId" : 6290580,
  "activityLevel" : [{
    "minutes" : 0,
    "name" : "sedentary"
  },{
    "minutes" : 0,
    "name" : "lightly"
  },{
    "minutes" : 0,
    "name" : "fairly"
  },{
    "minutes" : 30,
    "name" : "very"
  }],
  "calories" : 274,
  "distance" : 0.0,
  "distanceUnit" : "Mile",
  "duration" : 1800000,
  "activeDuration" : 1800000,
  "steps" : 0,
  "source" : {
    "type" : "app",
    "name" : "MyFitnessPal",
    "id" : "228VC7",
    "url" : "http://www.myfitnesspal.com"
  },
  "logType" : "manual",
  "manualValuesSpecified" : {
    "calories" : true,
    "distance" : true,
    "steps" : true
  },
  "speed" : 0.0,
  "lastModified" : "11/07/16 15:32:23",
  "startTime" : "11/07/16 10:40:00",
  "originalStartTime" : "11/07/16 10:40:00",
  "originalDuration" : 1800000,
  "hasGps" : false,
  "shouldFetchDetails" : false
},{
  "logId" : 4851691741,
  "activityName" : "Running (jogging), 6 mph (10 min mile) (MyFitnessPal)",
  "activityTypeId" : 8682712,
  "activityLevel" : [{
    "minutes" : 0,
    "name" : "sedentary"
  },{
    "minutes" : 0,
    "name" : "lightly"
  },{
    "minutes" : 0,
    "name" : "fairly"
  },{
    "minutes" : 62,
    "name" : "very"
  }],
  "calories" : 629,
  "distance" : 0.0,
  "distanceUnit" : "Mile",
  "duration" : 3720000,
  "activeDuration" : 3720000,
  "steps" : 0,
  "source" : {
    "type" : "app",
    "name" : "MyFitnessPal",
    "id" : "228VC7",
    "url" : "http://www.myfitnesspal.com"
  },
  "logType" : "manual",
  "manualValuesSpecified" : {
    "calories" : true,
    "distance" : true,
    "steps" : true
  },
  "speed" : 0.0,
  "lastModified" : "11/16/16 16:06:40",
  "startTime" : "11/16/16 09:30:00",
  "originalStartTime" : "11/16/16 09:30:00",
  "originalDuration" : 3720000,
  "hasGps" : false,
  "shouldFetchDetails" : false
},{
  "logId" : 4881838411,
  "activityName" : "Running (jogging), 6 mph (10 min mile) (MyFitnessPal)",
  "activityTypeId" : 8682712,
  "activityLevel" : [{
    "minutes" : 0,
    "name" : "sedentary"
  },{
    "minutes" : 0,
    "name" : "lightly"
  },{
    "minutes" : 0,
    "name" : "fairly"
  },{
    "minutes" : 34,
    "name" : "very"
  }],
  "calories" : 344,
  "distance" : 0.0,
  "distanceUnit" : "Mile",
  "duration" : 2040000,
  "activeDuration" : 2040000,
  "steps" : 0,
  "source" : {
    "type" : "app",
    "name" : "MyFitnessPal",
    "id" : "228VC7",
    "url" : "http://www.myfitnesspal.com"
  },
  "logType" : "manual",
  "manualValuesSpecified" : {
    "calories" : true,
    "distance" : true,
    "steps" : true
  },
  "speed" : 0.0,
  "lastModified" : "11/18/16 15:23:18",
  "startTime" : "11/18/16 09:25:00",
  "originalStartTime" : "11/18/16 09:25:00",
  "originalDuration" : 2040000,
  "hasGps" : false,
  "shouldFetchDetails" : false
},{
  "logId" : 4988614192,
  "activityName" : "Running (jogging), 6.7 mph (9 min mile) (MyFitnessPal)",
  "activityTypeId" : 5479837,
  "activityLevel" : [{
    "minutes" : 0,
    "name" : "sedentary"
  },{
    "minutes" : 0,
    "name" : "lightly"
  },{
    "minutes" : 0,
    "name" : "fairly"
  },{
    "minutes" : 27,
    "name" : "very"
  }],
  "calories" : 318,
  "distance" : 0.0,
  "distanceUnit" : "Mile",
  "duration" : 1620000,
  "activeDuration" : 1620000,
  "steps" : 0,
  "source" : {
    "type" : "app",
    "name" : "MyFitnessPal",
    "id" : "228VC7",
    "url" : "http://www.myfitnesspal.com"
  },
  "logType" : "manual",
  "manualValuesSpecified" : {
    "calories" : true,
    "distance" : true,
    "steps" : true
  },
  "speed" : 0.0,
  "lastModified" : "11/28/16 14:14:35",
  "startTime" : "11/24/16 09:20:00",
  "originalStartTime" : "11/24/16 09:20:00",
  "originalDuration" : 1620000,
  "hasGps" : false,
  "shouldFetchDetails" : false
},{
  "logId" : 5038599313,
  "activityName" : "Running (jogging), 6 mph (10 min mile) (MyFitnessPal)",
  "activityTypeId" : 8682712,
  "activityLevel" : [{
    "minutes" : 0,
    "name" : "sedentary"
  },{
    "minutes" : 0,
    "name" : "lightly"
  },{
    "minutes" : 0,
    "name" : "fairly"
  },{
    "minutes" : 64,
    "name" : "very"
  }],
  "calories" : 666,
  "distance" : 0.0,
  "distanceUnit" : "Mile",
  "duration" : 3840000,
  "activeDuration" : 3840000,
  "steps" : 0,
  "source" : {
    "type" : "app",
    "name" : "MyFitnessPal",
    "id" : "228VC7",
    "url" : "http://www.myfitnesspal.com"
  },
  "logType" : "manual",
  "manualValuesSpecified" : {
    "calories" : true,
    "distance" : true,
    "steps" : true
  },
  "speed" : 0.0,
  "lastModified" : "12/02/16 16:14:26",
  "startTime" : "12/02/16 09:30:00",
  "originalStartTime" : "12/02/16 09:30:00",
  "originalDuration" : 3840000,
  "hasGps" : false,
  "shouldFetchDetails" : false
},{
  "logId" : 5125973216,
  "activityName" : "Sport",
  "activityTypeId" : 15000,
  "activityLevel" : [{
    "minutes" : 0,
    "name" : "sedentary"
  },{
    "minutes" : 1,
    "name" : "lightly"
  },{
    "minutes" : 3,
    "name" : "fairly"
  },{
    "minutes" : 11,
    "name" : "very"
  }],
  "calories" : 120,
  "duration" : 922000,
  "activeDuration" : 922000,
  "steps" : 1408,
  "logType" : "auto_detected",
  "manualValuesSpecified" : {
    "calories" : false,
    "distance" : false,
    "steps" : false
  },
  "lastModified" : "12/09/16 01:42:32",
  "startTime" : "12/03/16 15:53:38",
  "originalStartTime" : "12/03/16 15:53:38",
  "originalDuration" : 922000,
  "hasGps" : false,
  "shouldFetchDetails" : false
},{
  "logId" : 5139587117,
  "activityName" : "Sport",
  "activityTypeId" : 15000,
  "activityLevel" : [{
    "minutes" : 0,
    "name" : "sedentary"
  },{
    "minutes" : 0,
    "name" : "lightly"
  },{
    "minutes" : 15,
    "name" : "fairly"
  },{
    "minutes" : 12,
    "name" : "very"
  }],
  "calories" : 200,
  "duration" : 1639000,
  "activeDuration" : 1639000,
  "steps" : 2286,
  "logType" : "auto_detected",
  "manualValuesSpecified" : {
    "calories" : false,
    "distance" : false,
    "steps" : false
  },
  "lastModified" : "12/10/16 12:52:10",
  "startTime" : "12/09/16 22:33:07",
  "originalStartTime" : "12/09/16 22:33:07",
  "originalDuration" : 1639000,
  "hasGps" : false,
  "shouldFetchDetails" : false
},{
  "logId" : 5146291576,
  "activityName" : "Sport",
  "activityTypeId" : 15000,
  "activityLevel" : [{
    "minutes" : 0,
    "name" : "sedentary"
  },{
    "minutes" : 0,
    "name" : "lightly"
  },{
    "minutes" : 12,
    "name" : "fairly"
  },{
    "minutes" : 17,
    "name" : "very"
  }],
  "calories" : 220,
  "duration" : 1741000,
  "activeDuration" : 1741000,
  "steps" : 2528,
  "logType" : "auto_detected",
  "manualValuesSpecified" : {
    "calories" : false,
    "distance" : false,
    "steps" : false
  },
  "lastModified" : "12/11/16 04:31:20",
  "startTime" : "12/10/16 15:51:37",
  "originalStartTime" : "12/10/16 15:51:37",
  "originalDuration" : 1741000,
  "hasGps" : false,
  "shouldFetchDetails" : false
},{
  "logId" : 5205382038,
  "activityName" : "Running (jogging), 6 mph (10 min mile) (MyFitnessPal)",
  "activityTypeId" : 8682712,
  "activityLevel" : [{
    "minutes" : 0,
    "name" : "sedentary"
  },{
    "minutes" : 0,
    "name" : "lightly"
  },{
    "minutes" : 0,
    "name" : "fairly"
  },{
    "minutes" : 58,
    "name" : "very"
  }],
  "calories" : 570,
  "distance" : 0.0,
  "distanceUnit" : "Mile",
  "duration" : 3480000,
  "activeDuration" : 3480000,
  "steps" : 0,
  "source" : {
    "type" : "app",
    "name" : "MyFitnessPal",
    "id" : "228VC7",
    "url" : "http://www.myfitnesspal.com"
  },
  "logType" : "manual",
  "manualValuesSpecified" : {
    "calories" : true,
    "distance" : true,
    "steps" : true
  },
  "speed" : 0.0,
  "lastModified" : "12/16/16 17:35:26",
  "startTime" : "12/16/16 09:30:00",
  "originalStartTime" : "12/16/16 09:30:00",
  "originalDuration" : 3480000,
  "hasGps" : false,
  "shouldFetchDetails" : false
},{
  "logId" : 5214836640,
  "activityName" : "Elliptical",
  "activityTypeId" : 20047,
  "activityLevel" : [{
    "minutes" : 0,
    "name" : "sedentary"
  },{
    "minutes" : 0,
    "name" : "lightly"
  },{
    "minutes" : 0,
    "name" : "fairly"
  },{
    "minutes" : 65,
    "name" : "very"
  }],
  "calories" : 889,
  "duration" : 3942000,
  "activeDuration" : 3942000,
  "steps" : 8498,
  "logType" : "auto_detected",
  "manualValuesSpecified" : {
    "calories" : false,
    "distance" : false,
    "steps" : false
  },
  "lastModified" : "12/16/16 15:35:27",
  "startTime" : "12/16/16 14:27:11",
  "originalStartTime" : "12/16/16 14:27:11",
  "originalDuration" : 3942000,
  "hasGps" : false,
  "shouldFetchDetails" : false
},{
  "logId" : 5246810800,
  "activityName" : "Sport",
  "activityTypeId" : 15000,
  "activityLevel" : [{
    "minutes" : 0,
    "name" : "sedentary"
  },{
    "minutes" : 2,
    "name" : "lightly"
  },{
    "minutes" : 34,
    "name" : "fairly"
  },{
    "minutes" : 0,
    "name" : "very"
  }],
  "calories" : 197,
  "duration" : 2150000,
  "activeDuration" : 2150000,
  "steps" : 2127,
  "logType" : "auto_detected",
  "manualValuesSpecified" : {
    "calories" : false,
    "distance" : false,
    "steps" : false
  },
  "lastModified" : "12/19/16 21:25:14",
  "startTime" : "12/19/16 20:43:57",
  "originalStartTime" : "12/19/16 20:43:57",
  "originalDuration" : 2150000,
  "hasGps" : false,
  "shouldFetchDetails" : false
},{
  "logId" : 5367888631,
  "activityName" : "Walk",
  "activityTypeId" : 90013,
  "activityLevel" : [{
    "minutes" : 0,
    "name" : "sedentary"
  },{
    "minutes" : 0,
    "name" : "lightly"
  },{
    "minutes" : 5,
    "name" : "fairly"
  },{
    "minutes" : 17,
    "name" : "very"
  }],
  "calories" : 179,
  "duration" : 1331000,
  "activeDuration" : 1331000,
  "steps" : 2081,
  "logType" : "auto_detected",
  "manualValuesSpecified" : {
    "calories" : false,
    "distance" : false,
    "steps" : false
  },
  "lastModified" : "12/30/16 03:05:21",
  "startTime" : "12/23/16 08:13:18",
  "originalStartTime" : "12/23/16 08:13:18",
  "originalDuration" : 1331000,
  "elevationGain" : 0.0,
  "hasGps" : false,
  "shouldFetchDetails" : false
},{
  "logId" : 5367888633,
  "activityName" : "Walk",
  "activityTypeId" : 90013,
  "activityLevel" : [{
    "minutes" : 0,
    "name" : "sedentary"
  },{
    "minutes" : 2,
    "name" : "lightly"
  },{
    "minutes" : 4,
    "name" : "fairly"
  },{
    "minutes" : 21,
    "name" : "very"
  }],
  "calories" : 207,
  "duration" : 1587000,
  "activeDuration" : 1587000,
  "steps" : 2345,
  "logType" : "auto_detected",
  "manualValuesSpecified" : {
    "calories" : false,
    "distance" : false,
    "steps" : false
  },
  "lastModified" : "12/30/16 03:05:21",
  "startTime" : "12/23/16 09:44:36",
  "originalStartTime" : "12/23/16 09:44:36",
  "originalDuration" : 1587000,
  "elevationGain" : 0.0,
  "hasGps" : false,
  "shouldFetchDetails" : false
},{
  "logId" : 5367888635,
  "activityName" : "Sport",
  "activityTypeId" : 15000,
  "activityLevel" : [{
    "minutes" : 0,
    "name" : "sedentary"
  },{
    "minutes" : 7,
    "name" : "lightly"
  },{
    "minutes" : 10,
    "name" : "fairly"
  },{
    "minutes" : 0,
    "name" : "very"
  }],
  "calories" : 80,
  "duration" : 1075000,
  "activeDuration" : 1075000,
  "steps" : 697,
  "logType" : "auto_detected",
  "manualValuesSpecified" : {
    "calories" : false,
    "distance" : false,
    "steps" : false
  },
  "lastModified" : "12/30/16 03:05:21",
  "startTime" : "12/26/16 08:12:01",
  "originalStartTime" : "12/26/16 08:12:01",
  "originalDuration" : 1075000,
  "hasGps" : false,
  "shouldFetchDetails" : false
},{
  "logId" : 5367888637,
  "activityName" : "Outdoor Bike",
  "activityTypeId" : 1071,
  "activityLevel" : [{
    "minutes" : 1,
    "name" : "sedentary"
  },{
    "minutes" : 2,
    "name" : "lightly"
  },{
    "minutes" : 22,
    "name" : "fairly"
  },{
    "minutes" : 27,
    "name" : "very"
  }],
  "calories" : 365,
  "duration" : 3174000,
  "activeDuration" : 3174000,
  "logType" : "auto_detected",
  "manualValuesSpecified" : {
    "calories" : false,
    "distance" : false,
    "steps" : false
  },
  "lastModified" : "12/30/16 03:05:21",
  "startTime" : "12/26/16 08:30:47",
  "originalStartTime" : "12/26/16 08:30:47",
  "originalDuration" : 3174000,
  "elevationGain" : 0.0,
  "hasGps" : false,
  "shouldFetchDetails" : false
},{
  "logId" : 5367888640,
  "activityName" : "Walk",
  "activityTypeId" : 90013,
  "activityLevel" : [{
    "minutes" : 0,
    "name" : "sedentary"
  },{
    "minutes" : 0,
    "name" : "lightly"
  },{
    "minutes" : 14,
    "name" : "fairly"
  },{
    "minutes" : 6,
    "name" : "very"
  }],
  "calories" : 133,
  "duration" : 1178000,
  "activeDuration" : 1178000,
  "steps" : 1470,
  "logType" : "auto_detected",
  "manualValuesSpecified" : {
    "calories" : false,
    "distance" : false,
    "steps" : false
  },
  "lastModified" : "12/30/16 03:05:21",
  "startTime" : "12/26/16 09:23:41",
  "originalStartTime" : "12/26/16 09:23:41",
  "originalDuration" : 1178000,
  "elevationGain" : 0.0,
  "hasGps" : false,
  "shouldFetchDetails" : false
},{
  "logId" : 5435086559,
  "activityName" : "Sport",
  "activityTypeId" : 15000,
  "activityLevel" : [{
    "minutes" : 0,
    "name" : "sedentary"
  },{
    "minutes" : 3,
    "name" : "lightly"
  },{
    "minutes" : 14,
    "name" : "fairly"
  },{
    "minutes" : 0,
    "name" : "very"
  }],
  "calories" : 91,
  "duration" : 1024000,
  "activeDuration" : 1024000,
  "steps" : 949,
  "logType" : "auto_detected",
  "manualValuesSpecified" : {
    "calories" : false,
    "distance" : false,
    "steps" : false
  },
  "lastModified" : "01/04/17 19:47:16",
  "startTime" : "12/31/16 22:12:19",
  "originalStartTime" : "12/31/16 22:12:19",
  "originalDuration" : 1024000,
  "hasGps" : false,
  "shouldFetchDetails" : false
},{
  "logId" : 5450241952,
  "activityName" : "Elliptical",
  "activityTypeId" : 20047,
  "activityLevel" : [{
    "minutes" : 0,
    "name" : "sedentary"
  },{
    "minutes" : 0,
    "name" : "lightly"
  },{
    "minutes" : 0,
    "name" : "fairly"
  },{
    "minutes" : 65,
    "name" : "very"
  }],
  "calories" : 814,
  "duration" : 3943000,
  "activeDuration" : 3943000,
  "steps" : 8323,
  "logType" : "auto_detected",
  "manualValuesSpecified" : {
    "calories" : false,
    "distance" : false,
    "steps" : false
  },
  "lastModified" : "01/05/17 20:28:54",
  "startTime" : "01/05/17 19:18:05",
  "originalStartTime" : "01/05/17 19:18:05",
  "originalDuration" : 3943000,
  "hasGps" : false,
  "shouldFetchDetails" : false
},{
  "logId" : 5468253323,
  "activityName" : "Sport",
  "activityTypeId" : 15000,
  "activityLevel" : [{
    "minutes" : 0,
    "name" : "sedentary"
  },{
    "minutes" : 3,
    "name" : "lightly"
  },{
    "minutes" : 17,
    "name" : "fairly"
  },{
    "minutes" : 1,
    "name" : "very"
  }],
  "calories" : 112,
  "duration" : 1229000,
  "activeDuration" : 1229000,
  "steps" : 1167,
  "logType" : "auto_detected",
  "manualValuesSpecified" : {
    "calories" : false,
    "distance" : false,
    "steps" : false
  },
  "lastModified" : "01/07/17 02:46:41",
  "startTime" : "01/07/17 01:59:36",
  "originalStartTime" : "01/07/17 01:59:36",
  "originalDuration" : 1229000,
  "hasGps" : false,
  "shouldFetchDetails" : false
},{
  "logId" : 5721781360,
  "activityName" : "Running (jogging), 6 mph (10 min mile) (MyFitnessPal)",
  "activityTypeId" : 8682712,
  "activityLevel" : [{
    "minutes" : 0,
    "name" : "sedentary"
  },{
    "minutes" : 3,
    "name" : "lightly"
  },{
    "minutes" : 0,
    "name" : "fairly"
  },{
    "minutes" : 0,
    "name" : "very"
  }],
  "calories" : 26,
  "distance" : 0.0,
  "distanceUnit" : "Mile",
  "duration" : 180000,
  "activeDuration" : 180000,
  "steps" : 0,
  "source" : {
    "type" : "app",
    "name" : "MyFitnessPal",
    "id" : "228VC7",
    "url" : "http://www.myfitnesspal.com"
  },
  "logType" : "manual",
  "manualValuesSpecified" : {
    "calories" : true,
    "distance" : true,
    "steps" : true
  },
  "speed" : 0.0,
  "lastModified" : "01/24/17 01:35:34",
  "startTime" : "01/09/17 14:00:00",
  "originalStartTime" : "01/09/17 14:00:00",
  "originalDuration" : 180000,
  "hasGps" : false,
  "shouldFetchDetails" : false
},{
  "logId" : 5721261794,
  "activityName" : "Running (jogging), 5.2 mph (11.5 min mile) (MyFitnessPal)",
  "activityTypeId" : 6290580,
  "activityLevel" : [{
    "minutes" : 0,
    "name" : "sedentary"
  },{
    "minutes" : 4,
    "name" : "lightly"
  },{
    "minutes" : 0,
    "name" : "fairly"
  },{
    "minutes" : 0,
    "name" : "very"
  }],
  "calories" : 27,
  "distance" : 0.0,
  "distanceUnit" : "Mile",
  "duration" : 240000,
  "activeDuration" : 240000,
  "steps" : 0,
  "source" : {
    "type" : "app",
    "name" : "MyFitnessPal",
    "id" : "228VC7",
    "url" : "http://www.myfitnesspal.com"
  },
  "logType" : "manual",
  "manualValuesSpecified" : {
    "calories" : true,
    "distance" : true,
    "steps" : true
  },
  "speed" : 0.0,
  "lastModified" : "01/24/17 01:35:38",
  "startTime" : "01/09/17 14:15:00",
  "originalStartTime" : "01/09/17 14:15:00",
  "originalDuration" : 240000,
  "hasGps" : false,
  "shouldFetchDetails" : false
},{
  "logId" : 5721331930,
  "activityName" : "Running (jogging), 6 mph (10 min mile) (MyFitnessPal)",
  "activityTypeId" : 8682712,
  "activityLevel" : [{
    "minutes" : 0,
    "name" : "sedentary"
  },{
    "minutes" : 3,
    "name" : "lightly"
  },{
    "minutes" : 0,
    "name" : "fairly"
  },{
    "minutes" : 0,
    "name" : "very"
  }],
  "calories" : 31,
  "distance" : 0.0,
  "distanceUnit" : "Mile",
  "duration" : 180000,
  "activeDuration" : 180000,
  "steps" : 0,
  "source" : {
    "type" : "app",
    "name" : "MyFitnessPal",
    "id" : "228VC7",
    "url" : "http://www.myfitnesspal.com"
  },
  "logType" : "manual",
  "manualValuesSpecified" : {
    "calories" : true,
    "distance" : true,
    "steps" : true
  },
  "speed" : 0.0,
  "lastModified" : "01/24/17 01:35:34",
  "startTime" : "01/09/17 14:30:00",
  "originalStartTime" : "01/09/17 14:30:00",
  "originalDuration" : 180000,
  "hasGps" : false,
  "shouldFetchDetails" : false
},{
  "logId" : 5500902049,
  "activityName" : "Elliptical",
  "activityTypeId" : 20047,
  "activityLevel" : [{
    "minutes" : 0,
    "name" : "sedentary"
  },{
    "minutes" : 0,
    "name" : "lightly"
  },{
    "minutes" : 0,
    "name" : "fairly"
  },{
    "minutes" : 34,
    "name" : "very"
  }],
  "calories" : 350,
  "duration" : 2048000,
  "activeDuration" : 2048000,
  "steps" : 4209,
  "logType" : "auto_detected",
  "manualValuesSpecified" : {
    "calories" : false,
    "distance" : false,
    "steps" : false
  },
  "lastModified" : "01/09/17 20:00:20",
  "startTime" : "01/09/17 18:55:51",
  "originalStartTime" : "01/09/17 18:55:51",
  "originalDuration" : 2048000,
  "hasGps" : false,
  "shouldFetchDetails" : false
},{
  "logId" : 5580622018,
  "activityName" : "Sport",
  "activityTypeId" : 15000,
  "activityLevel" : [{
    "minutes" : 1,
    "name" : "sedentary"
  },{
    "minutes" : 5,
    "name" : "lightly"
  },{
    "minutes" : 26,
    "name" : "fairly"
  },{
    "minutes" : 3,
    "name" : "very"
  }],
  "calories" : 189,
  "duration" : 2150000,
  "activeDuration" : 2150000,
  "steps" : 2008,
  "logType" : "auto_detected",
  "manualValuesSpecified" : {
    "calories" : false,
    "distance" : false,
    "steps" : false
  },
  "lastModified" : "01/14/17 20:51:22",
  "startTime" : "01/14/17 13:51:45",
  "originalStartTime" : "01/14/17 13:51:45",
  "originalDuration" : 2150000,
  "hasGps" : false,
  "shouldFetchDetails" : false
},{
  "logId" : 5580944640,
  "activityName" : "Walk",
  "activityTypeId" : 90013,
  "activityLevel" : [{
    "minutes" : 5,
    "name" : "sedentary"
  },{
    "minutes" : 27,
    "name" : "lightly"
  },{
    "minutes" : 8,
    "name" : "fairly"
  },{
    "minutes" : 3,
    "name" : "very"
  }],
  "calories" : 253,
  "duration" : 2607000,
  "activeDuration" : 2607000,
  "steps" : 2690,
  "logType" : "auto_detected",
  "manualValuesSpecified" : {
    "calories" : false,
    "distance" : false,
    "steps" : false
  },
  "lastModified" : "01/14/17 21:12:26",
  "startTime" : "01/14/17 20:24:17",
  "originalStartTime" : "01/14/17 20:24:17",
  "originalDuration" : 2607000,
  "elevationGain" : 0.0,
  "hasGps" : false,
  "shouldFetchDetails" : false
},{
  "logId" : 5612980480,
  "activityName" : "Sport",
  "activityTypeId" : 15000,
  "activityLevel" : [{
    "minutes" : 0,
    "name" : "sedentary"
  },{
    "minutes" : 19,
    "name" : "lightly"
  },{
    "minutes" : 25,
    "name" : "fairly"
  },{
    "minutes" : 10,
    "name" : "very"
  }],
  "calories" : 301,
  "duration" : 3272000,
  "activeDuration" : 3272000,
  "steps" : 3030,
  "logType" : "auto_detected",
  "manualValuesSpecified" : {
    "calories" : false,
    "distance" : false,
    "steps" : false
  },
  "lastModified" : "01/17/17 02:54:10",
  "startTime" : "01/15/17 14:11:48",
  "originalStartTime" : "01/15/17 14:11:48",
  "originalDuration" : 3272000,
  "hasGps" : false,
  "shouldFetchDetails" : false
},{
  "logId" : 5612980484,
  "activityName" : "Walk",
  "activityTypeId" : 90013,
  "activityLevel" : [{
    "minutes" : 0,
    "name" : "sedentary"
  },{
    "minutes" : 2,
    "name" : "lightly"
  },{
    "minutes" : 9,
    "name" : "fairly"
  },{
    "minutes" : 10,
    "name" : "very"
  }],
  "calories" : 144,
  "duration" : 1229000,
  "activeDuration" : 1229000,
  "steps" : 1645,
  "logType" : "auto_detected",
  "manualValuesSpecified" : {
    "calories" : false,
    "distance" : false,
    "steps" : false
  },
  "lastModified" : "01/17/17 02:54:10",
  "startTime" : "01/15/17 16:48:44",
  "originalStartTime" : "01/15/17 16:48:44",
  "originalDuration" : 1229000,
  "elevationGain" : 0.0,
  "hasGps" : false,
  "shouldFetchDetails" : false
},{
  "logId" : 5612980486,
  "activityName" : "Walk",
  "activityTypeId" : 90013,
  "activityLevel" : [{
    "minutes" : 2,
    "name" : "sedentary"
  },{
    "minutes" : 0,
    "name" : "lightly"
  },{
    "minutes" : 4,
    "name" : "fairly"
  },{
    "minutes" : 13,
    "name" : "very"
  }],
  "calories" : 142,
  "duration" : 1178000,
  "activeDuration" : 1178000,
  "steps" : 1655,
  "logType" : "auto_detected",
  "manualValuesSpecified" : {
    "calories" : false,
    "distance" : false,
    "steps" : false
  },
  "lastModified" : "01/17/17 02:54:10",
  "startTime" : "01/16/17 14:42:01",
  "originalStartTime" : "01/16/17 14:42:01",
  "originalDuration" : 1178000,
  "elevationGain" : 0.0,
  "hasGps" : false,
  "shouldFetchDetails" : false
}]