[{
  "logId" : 324400763,
  "activityName" : "Elliptical Trainer (MyFitnessPal)",
  "activityTypeId" : 5493232,
  "activityLevel" : [{
    "minutes" : 0,
    "name" : "sedentary"
  },{
    "minutes" : 0,
    "name" : "lightly"
  },{
    "minutes" : 0,
    "name" : "fairly"
  },{
    "minutes" : 66,
    "name" : "very"
  }],
  "calories" : 774,
  "distance" : 0.0,
  "distanceUnit" : "Mile",
  "duration" : 3960000,
  "activeDuration" : 3960000,
  "steps" : 0,
  "source" : {
    "type" : "app",
    "name" : "MyFitnessPal",
    "id" : "228VC7",
    "url" : "http://www.myfitnesspal.com"
  },
  "logType" : "manual",
  "manualValuesSpecified" : {
    "calories" : true,
    "distance" : true,
    "steps" : true
  },
  "speed" : 0.0,
  "lastModified" : "09/05/15 12:23:30",
  "startTime" : "09/03/15 15:47:00",
  "originalStartTime" : "09/03/15 15:47:00",
  "originalDuration" : 3960000,
  "hasGps" : false,
  "shouldFetchDetails" : false
},{
  "logId" : 331221782,
  "activityName" : "Workout",
  "activityTypeId" : 3000,
  "activityLevel" : [{
    "minutes" : 687,
    "name" : "sedentary"
  },{
    "minutes" : 273,
    "name" : "lightly"
  },{
    "minutes" : 0,
    "name" : "fairly"
  },{
    "minutes" : 0,
    "name" : "very"
  }],
  "calories" : 1745,
  "duration" : 57658000,
  "activeDuration" : 57658000,
  "steps" : 5236,
  "source" : {
    "type" : "tracker",
    "name" : "Charge",
    "id" : "26369300",
    "url" : "https://www.fitbit.com/"
  },
  "logType" : "tracker",
  "manualValuesSpecified" : {
    "calories" : false,
    "distance" : false,
    "steps" : false
  },
  "lastModified" : "09/12/15 12:46:25",
  "startTime" : "09/10/15 10:10:02",
  "originalStartTime" : "09/10/15 10:10:02",
  "originalDuration" : 57658000,
  "hasGps" : false,
  "shouldFetchDetails" : false
},{
  "logId" : 331498971,
  "activityName" : "Aerobics, general (MyFitnessPal)",
  "activityTypeId" : 8886341,
  "activityLevel" : [{
    "minutes" : 0,
    "name" : "sedentary"
  },{
    "minutes" : 0,
    "name" : "lightly"
  },{
    "minutes" : 64,
    "name" : "fairly"
  },{
    "minutes" : 0,
    "name" : "very"
  }],
  "calories" : 469,
  "distance" : 0.0,
  "distanceUnit" : "Mile",
  "duration" : 3840000,
  "activeDuration" : 3840000,
  "steps" : 0,
  "source" : {
    "type" : "app",
    "name" : "MyFitnessPal",
    "id" : "228VC7",
    "url" : "http://www.myfitnesspal.com"
  },
  "logType" : "manual",
  "manualValuesSpecified" : {
    "calories" : true,
    "distance" : true,
    "steps" : true
  },
  "speed" : 0.0,
  "lastModified" : "09/12/15 21:25:43",
  "startTime" : "09/12/15 16:21:00",
  "originalStartTime" : "09/12/15 16:21:00",
  "originalDuration" : 3840000,
  "hasGps" : false,
  "shouldFetchDetails" : false
},{
  "logId" : 331506830,
  "activityName" : "Elliptical Trainer (MyFitnessPal)",
  "activityTypeId" : 5493232,
  "activityLevel" : [{
    "minutes" : 0,
    "name" : "sedentary"
  },{
    "minutes" : 0,
    "name" : "lightly"
  },{
    "minutes" : 0,
    "name" : "fairly"
  },{
    "minutes" : 51,
    "name" : "very"
  }],
  "calories" : 624,
  "distance" : 0.0,
  "distanceUnit" : "Mile",
  "duration" : 3060000,
  "activeDuration" : 3060000,
  "steps" : 0,
  "source" : {
    "type" : "app",
    "name" : "MyFitnessPal",
    "id" : "228VC7",
    "url" : "http://www.myfitnesspal.com"
  },
  "logType" : "manual",
  "manualValuesSpecified" : {
    "calories" : true,
    "distance" : true,
    "steps" : true
  },
  "speed" : 0.0,
  "lastModified" : "09/12/15 22:26:49",
  "startTime" : "09/12/15 17:33:00",
  "originalStartTime" : "09/12/15 17:33:00",
  "originalDuration" : 3060000,
  "hasGps" : false,
  "shouldFetchDetails" : false
},{
  "logId" : 345698938,
  "activityName" : "Workout",
  "activityTypeId" : 3000,
  "activityLevel" : [{
    "minutes" : 787,
    "name" : "sedentary"
  },{
    "minutes" : 137,
    "name" : "lightly"
  },{
    "minutes" : 3,
    "name" : "fairly"
  },{
    "minutes" : 33,
    "name" : "very"
  }],
  "calories" : 1874,
  "duration" : 57606000,
  "activeDuration" : 57606000,
  "steps" : 8674,
  "source" : {
    "type" : "tracker",
    "name" : "Charge",
    "id" : "26369300",
    "url" : "https://www.fitbit.com/"
  },
  "logType" : "tracker",
  "manualValuesSpecified" : {
    "calories" : false,
    "distance" : false,
    "steps" : false
  },
  "lastModified" : "09/26/15 14:50:30",
  "startTime" : "09/24/15 04:38:54",
  "originalStartTime" : "09/24/15 04:38:54",
  "originalDuration" : 57606000,
  "hasGps" : false,
  "shouldFetchDetails" : false
},{
  "logId" : 343244987,
  "activityName" : "Running (jogging), 6 mph (10 min mile) (MyFitnessPal)",
  "activityTypeId" : 8682712,
  "activityLevel" : [{
    "minutes" : 0,
    "name" : "sedentary"
  },{
    "minutes" : 0,
    "name" : "lightly"
  },{
    "minutes" : 0,
    "name" : "fairly"
  },{
    "minutes" : 31,
    "name" : "very"
  }],
  "calories" : 455,
  "distance" : 0.0,
  "distanceUnit" : "Mile",
  "duration" : 1860000,
  "activeDuration" : 1860000,
  "steps" : 0,
  "source" : {
    "type" : "app",
    "name" : "MyFitnessPal",
    "id" : "228VC7",
    "url" : "http://www.myfitnesspal.com"
  },
  "logType" : "manual",
  "manualValuesSpecified" : {
    "calories" : true,
    "distance" : true,
    "steps" : true
  },
  "speed" : 0.0,
  "lastModified" : "09/24/15 18:33:59",
  "startTime" : "09/24/15 14:01:00",
  "originalStartTime" : "09/24/15 14:01:00",
  "originalDuration" : 1860000,
  "hasGps" : false,
  "shouldFetchDetails" : false
},{
  "logId" : 357563286,
  "activityName" : "Aerobics, general (MyFitnessPal)",
  "activityTypeId" : 8886341,
  "activityLevel" : [{
    "minutes" : 76,
    "name" : "sedentary"
  },{
    "minutes" : 0,
    "name" : "lightly"
  },{
    "minutes" : 0,
    "name" : "fairly"
  },{
    "minutes" : 0,
    "name" : "very"
  }],
  "calories" : 135,
  "distance" : 0.0,
  "distanceUnit" : "Mile",
  "duration" : 4560000,
  "activeDuration" : 4560000,
  "steps" : 0,
  "source" : {
    "type" : "app",
    "name" : "MyFitnessPal",
    "id" : "228VC7",
    "url" : "http://www.myfitnesspal.com"
  },
  "logType" : "manual",
  "manualValuesSpecified" : {
    "calories" : true,
    "distance" : true,
    "steps" : true
  },
  "speed" : 0.0,
  "lastModified" : "10/06/15 21:10:36",
  "startTime" : "10/06/15 15:52:00",
  "originalStartTime" : "10/06/15 15:52:00",
  "originalDuration" : 4560000,
  "hasGps" : false,
  "shouldFetchDetails" : false
},{
  "logId" : 373917027,
  "activityName" : "Elliptical Trainer (MyFitnessPal)",
  "activityTypeId" : 5493232,
  "activityLevel" : [{
    "minutes" : 0,
    "name" : "sedentary"
  },{
    "minutes" : 0,
    "name" : "lightly"
  },{
    "minutes" : 0,
    "name" : "fairly"
  },{
    "minutes" : 66,
    "name" : "very"
  }],
  "calories" : 811,
  "distance" : 0.0,
  "distanceUnit" : "Mile",
  "duration" : 3960000,
  "activeDuration" : 3960000,
  "steps" : 0,
  "source" : {
    "type" : "app",
    "name" : "MyFitnessPal",
    "id" : "228VC7",
    "url" : "http://www.myfitnesspal.com"
  },
  "logType" : "manual",
  "manualValuesSpecified" : {
    "calories" : true,
    "distance" : true,
    "steps" : true
  },
  "speed" : 0.0,
  "lastModified" : "10/20/15 16:30:17",
  "startTime" : "10/20/15 11:20:00",
  "originalStartTime" : "10/20/15 11:20:00",
  "originalDuration" : 3960000,
  "hasGps" : false,
  "shouldFetchDetails" : false
},{
  "logId" : 376021200,
  "activityName" : "Elliptical Trainer (MyFitnessPal)",
  "activityTypeId" : 5493232,
  "activityLevel" : [{
    "minutes" : 0,
    "name" : "sedentary"
  },{
    "minutes" : 0,
    "name" : "lightly"
  },{
    "minutes" : 0,
    "name" : "fairly"
  },{
    "minutes" : 61,
    "name" : "very"
  }],
  "calories" : 778,
  "distance" : 0.0,
  "distanceUnit" : "Mile",
  "duration" : 3660000,
  "activeDuration" : 3660000,
  "steps" : 0,
  "source" : {
    "type" : "app",
    "name" : "MyFitnessPal",
    "id" : "228VC7",
    "url" : "http://www.myfitnesspal.com"
  },
  "logType" : "manual",
  "manualValuesSpecified" : {
    "calories" : true,
    "distance" : true,
    "steps" : true
  },
  "speed" : 0.0,
  "lastModified" : "10/21/15 14:35:41",
  "startTime" : "10/21/15 09:31:00",
  "originalStartTime" : "10/21/15 09:31:00",
  "originalDuration" : 3660000,
  "hasGps" : false,
  "shouldFetchDetails" : false
},{
  "logId" : 395097666,
  "activityName" : "Running (jogging), 6 mph (10 min mile) (MyFitnessPal)",
  "activityTypeId" : 8682712,
  "activityLevel" : [{
    "minutes" : 0,
    "name" : "sedentary"
  },{
    "minutes" : 0,
    "name" : "lightly"
  },{
    "minutes" : 0,
    "name" : "fairly"
  },{
    "minutes" : 31,
    "name" : "very"
  }],
  "calories" : 388,
  "distance" : 0.0,
  "distanceUnit" : "Mile",
  "duration" : 1860000,
  "activeDuration" : 1860000,
  "steps" : 0,
  "source" : {
    "type" : "app",
    "name" : "MyFitnessPal",
    "id" : "228VC7",
    "url" : "http://www.myfitnesspal.com"
  },
  "logType" : "manual",
  "manualValuesSpecified" : {
    "calories" : true,
    "distance" : true,
    "steps" : true
  },
  "speed" : 0.0,
  "lastModified" : "11/04/15 18:18:34",
  "startTime" : "11/04/15 12:43:00",
  "originalStartTime" : "11/04/15 12:43:00",
  "originalDuration" : 1860000,
  "hasGps" : false,
  "shouldFetchDetails" : false
},{
  "logId" : 396081263,
  "activityName" : "Running (jogging), 6 mph (10 min mile) (MyFitnessPal)",
  "activityTypeId" : 8682712,
  "activityLevel" : [{
    "minutes" : 0,
    "name" : "sedentary"
  },{
    "minutes" : 0,
    "name" : "lightly"
  },{
    "minutes" : 0,
    "name" : "fairly"
  },{
    "minutes" : 31,
    "name" : "very"
  }],
  "calories" : 403,
  "distance" : 0.0,
  "distanceUnit" : "Mile",
  "duration" : 1860000,
  "activeDuration" : 1860000,
  "steps" : 0,
  "source" : {
    "type" : "app",
    "name" : "MyFitnessPal",
    "id" : "228VC7",
    "url" : "http://www.myfitnesspal.com"
  },
  "logType" : "manual",
  "manualValuesSpecified" : {
    "calories" : true,
    "distance" : true,
    "steps" : true
  },
  "speed" : 0.0,
  "lastModified" : "11/05/15 19:41:26",
  "startTime" : "11/05/15 14:01:00",
  "originalStartTime" : "11/05/15 14:01:00",
  "originalDuration" : 1860000,
  "hasGps" : false,
  "shouldFetchDetails" : false
},{
  "logId" : 975800129,
  "activityName" : "Elliptical Trainer (MyFitnessPal)",
  "activityTypeId" : 5493232,
  "activityLevel" : [{
    "minutes" : 0,
    "name" : "sedentary"
  },{
    "minutes" : 0,
    "name" : "lightly"
  },{
    "minutes" : 0,
    "name" : "fairly"
  },{
    "minutes" : 65,
    "name" : "very"
  }],
  "calories" : 810,
  "distance" : 0.0,
  "distanceUnit" : "Mile",
  "duration" : 3900000,
  "activeDuration" : 3900000,
  "steps" : 0,
  "source" : {
    "type" : "app",
    "name" : "MyFitnessPal",
    "id" : "228VC7",
    "url" : "http://www.myfitnesspal.com"
  },
  "logType" : "manual",
  "manualValuesSpecified" : {
    "calories" : true,
    "distance" : true,
    "steps" : true
  },
  "speed" : 0.0,
  "lastModified" : "11/26/15 13:32:44",
  "startTime" : "11/16/15 11:11:00",
  "originalStartTime" : "11/16/15 11:11:00",
  "originalDuration" : 3900000,
  "hasGps" : false,
  "shouldFetchDetails" : false
},{
  "logId" : 975927775,
  "activityName" : "Running (jogging), 6 mph (10 min mile) (MyFitnessPal)",
  "activityTypeId" : 8682712,
  "activityLevel" : [{
    "minutes" : 0,
    "name" : "sedentary"
  },{
    "minutes" : 0,
    "name" : "lightly"
  },{
    "minutes" : 0,
    "name" : "fairly"
  },{
    "minutes" : 49,
    "name" : "very"
  }],
  "calories" : 655,
  "distance" : 0.0,
  "distanceUnit" : "Mile",
  "duration" : 2940000,
  "activeDuration" : 2940000,
  "steps" : 0,
  "source" : {
    "type" : "app",
    "name" : "MyFitnessPal",
    "id" : "228VC7",
    "url" : "http://www.myfitnesspal.com"
  },
  "logType" : "manual",
  "manualValuesSpecified" : {
    "calories" : true,
    "distance" : true,
    "steps" : true
  },
  "speed" : 0.0,
  "lastModified" : "11/26/15 15:21:44",
  "startTime" : "11/26/15 09:21:00",
  "originalStartTime" : "11/26/15 09:21:00",
  "originalDuration" : 2940000,
  "hasGps" : false,
  "shouldFetchDetails" : false
},{
  "logId" : 986981463,
  "activityName" : "Elliptical Trainer (MyFitnessPal)",
  "activityTypeId" : 5493232,
  "activityLevel" : [{
    "minutes" : 0,
    "name" : "sedentary"
  },{
    "minutes" : 0,
    "name" : "lightly"
  },{
    "minutes" : 0,
    "name" : "fairly"
  },{
    "minutes" : 65,
    "name" : "very"
  }],
  "calories" : 719,
  "distance" : 0.0,
  "distanceUnit" : "Mile",
  "duration" : 3900000,
  "activeDuration" : 3900000,
  "steps" : 0,
  "source" : {
    "type" : "app",
    "name" : "MyFitnessPal",
    "id" : "228VC7",
    "url" : "http://www.myfitnesspal.com"
  },
  "logType" : "manual",
  "manualValuesSpecified" : {
    "calories" : true,
    "distance" : true,
    "steps" : true
  },
  "speed" : 0.0,
  "lastModified" : "11/30/15 17:43:24",
  "startTime" : "11/30/15 11:35:00",
  "originalStartTime" : "11/30/15 11:35:00",
  "originalDuration" : 3900000,
  "hasGps" : false,
  "shouldFetchDetails" : false
},{
  "logId" : 995017484,
  "activityName" : "Elliptical Trainer (MyFitnessPal)",
  "activityTypeId" : 5493232,
  "activityLevel" : [{
    "minutes" : 0,
    "name" : "sedentary"
  },{
    "minutes" : 0,
    "name" : "lightly"
  },{
    "minutes" : 0,
    "name" : "fairly"
  },{
    "minutes" : 65,
    "name" : "very"
  }],
  "calories" : 728,
  "distance" : 0.0,
  "distanceUnit" : "Mile",
  "duration" : 3900000,
  "activeDuration" : 3900000,
  "steps" : 0,
  "source" : {
    "type" : "app",
    "name" : "MyFitnessPal",
    "id" : "228VC7",
    "url" : "http://www.myfitnesspal.com"
  },
  "logType" : "manual",
  "manualValuesSpecified" : {
    "calories" : true,
    "distance" : true,
    "steps" : true
  },
  "speed" : 0.0,
  "lastModified" : "12/02/15 15:38:29",
  "startTime" : "12/02/15 09:29:00",
  "originalStartTime" : "12/02/15 09:29:00",
  "originalDuration" : 3900000,
  "hasGps" : false,
  "shouldFetchDetails" : false
},{
  "logId" : 1033079842,
  "activityName" : "Elliptical Trainer (MyFitnessPal)",
  "activityTypeId" : 5493232,
  "activityLevel" : [{
    "minutes" : 0,
    "name" : "sedentary"
  },{
    "minutes" : 0,
    "name" : "lightly"
  },{
    "minutes" : 0,
    "name" : "fairly"
  },{
    "minutes" : 66,
    "name" : "very"
  }],
  "calories" : 818,
  "distance" : 0.0,
  "distanceUnit" : "Mile",
  "duration" : 3960000,
  "activeDuration" : 3960000,
  "steps" : 0,
  "source" : {
    "type" : "app",
    "name" : "MyFitnessPal",
    "id" : "228VC7",
    "url" : "http://www.myfitnesspal.com"
  },
  "logType" : "manual",
  "manualValuesSpecified" : {
    "calories" : true,
    "distance" : true,
    "steps" : true
  },
  "speed" : 0.0,
  "lastModified" : "12/10/15 21:25:25",
  "startTime" : "12/10/15 15:17:00",
  "originalStartTime" : "12/10/15 15:17:00",
  "originalDuration" : 3960000,
  "hasGps" : false,
  "shouldFetchDetails" : false
},{
  "logId" : 1241738672,
  "activityName" : "Elliptical Trainer (MyFitnessPal)",
  "activityTypeId" : 5493232,
  "activityLevel" : [{
    "minutes" : 0,
    "name" : "sedentary"
  },{
    "minutes" : 66,
    "name" : "lightly"
  },{
    "minutes" : 0,
    "name" : "fairly"
  },{
    "minutes" : 0,
    "name" : "very"
  }],
  "calories" : 173,
  "distance" : 0.0,
  "distanceUnit" : "Mile",
  "duration" : 3960000,
  "activeDuration" : 3960000,
  "steps" : 0,
  "source" : {
    "type" : "app",
    "name" : "MyFitnessPal",
    "id" : "228VC7",
    "url" : "http://www.myfitnesspal.com"
  },
  "logType" : "manual",
  "manualValuesSpecified" : {
    "calories" : true,
    "distance" : true,
    "steps" : true
  },
  "speed" : 0.0,
  "lastModified" : "01/05/16 18:39:30",
  "startTime" : "01/05/16 12:27:00",
  "originalStartTime" : "01/05/16 12:27:00",
  "originalDuration" : 3960000,
  "hasGps" : false,
  "shouldFetchDetails" : false
},{
  "logId" : 1304798985,
  "activityName" : "Elliptical Trainer (MyFitnessPal)",
  "activityTypeId" : 5493232,
  "activityLevel" : [{
    "minutes" : 0,
    "name" : "sedentary"
  },{
    "minutes" : 66,
    "name" : "lightly"
  },{
    "minutes" : 0,
    "name" : "fairly"
  },{
    "minutes" : 0,
    "name" : "very"
  }],
  "calories" : 141,
  "distance" : 0.0,
  "distanceUnit" : "Mile",
  "duration" : 3960000,
  "activeDuration" : 3960000,
  "steps" : 0,
  "source" : {
    "type" : "app",
    "name" : "MyFitnessPal",
    "id" : "228VC7",
    "url" : "http://www.myfitnesspal.com"
  },
  "logType" : "manual",
  "manualValuesSpecified" : {
    "calories" : true,
    "distance" : true,
    "steps" : true
  },
  "speed" : 0.0,
  "lastModified" : "01/08/16 20:19:28",
  "startTime" : "01/08/16 14:12:00",
  "originalStartTime" : "01/08/16 14:12:00",
  "originalDuration" : 3960000,
  "hasGps" : false,
  "shouldFetchDetails" : false
},{
  "logId" : 2173301963,
  "activityName" : "Running (jogging), 6 mph (10 min mile) (MyFitnessPal)",
  "activityTypeId" : 8682712,
  "activityLevel" : [{
    "minutes" : 0,
    "name" : "sedentary"
  },{
    "minutes" : 0,
    "name" : "lightly"
  },{
    "minutes" : 0,
    "name" : "fairly"
  },{
    "minutes" : 35,
    "name" : "very"
  }],
  "calories" : 360,
  "distance" : 0.0,
  "distanceUnit" : "Mile",
  "duration" : 2100000,
  "activeDuration" : 2100000,
  "steps" : 0,
  "source" : {
    "type" : "app",
    "name" : "MyFitnessPal",
    "id" : "228VC7",
    "url" : "http://www.myfitnesspal.com"
  },
  "logType" : "manual",
  "manualValuesSpecified" : {
    "calories" : true,
    "distance" : true,
    "steps" : true
  },
  "speed" : 0.0,
  "lastModified" : "04/07/16 17:11:32",
  "startTime" : "03/15/16 08:10:00",
  "originalStartTime" : "03/15/16 08:10:00",
  "originalDuration" : 2100000,
  "hasGps" : false,
  "shouldFetchDetails" : false
},{
  "logId" : 1933624310,
  "activityName" : "Elliptical Trainer (MyFitnessPal)",
  "activityTypeId" : 5493232,
  "activityLevel" : [{
    "minutes" : 0,
    "name" : "sedentary"
  },{
    "minutes" : 0,
    "name" : "lightly"
  },{
    "minutes" : 0,
    "name" : "fairly"
  },{
    "minutes" : 36,
    "name" : "very"
  }],
  "calories" : 569,
  "distance" : 0.0,
  "distanceUnit" : "Mile",
  "duration" : 2160000,
  "activeDuration" : 2160000,
  "steps" : 0,
  "source" : {
    "type" : "app",
    "name" : "MyFitnessPal",
    "id" : "228VC7",
    "url" : "http://www.myfitnesspal.com"
  },
  "logType" : "manual",
  "manualValuesSpecified" : {
    "calories" : true,
    "distance" : true,
    "steps" : true
  },
  "speed" : 0.0,
  "lastModified" : "03/15/16 17:47:22",
  "startTime" : "03/15/16 13:06:00",
  "originalStartTime" : "03/15/16 13:06:00",
  "originalDuration" : 2160000,
  "hasGps" : false,
  "shouldFetchDetails" : false
},{
  "logId" : 2210844062,
  "activityName" : "Circuit training, general (MyFitnessPal)",
  "activityTypeId" : 19856792,
  "activityLevel" : [{
    "minutes" : 0,
    "name" : "sedentary"
  },{
    "minutes" : 0,
    "name" : "lightly"
  },{
    "minutes" : 0,
    "name" : "fairly"
  },{
    "minutes" : 30,
    "name" : "very"
  }],
  "calories" : 318,
  "distance" : 0.0,
  "distanceUnit" : "Mile",
  "duration" : 1800000,
  "activeDuration" : 1800000,
  "steps" : 0,
  "source" : {
    "type" : "app",
    "name" : "MyFitnessPal",
    "id" : "228VC7",
    "url" : "http://www.myfitnesspal.com"
  },
  "logType" : "manual",
  "manualValuesSpecified" : {
    "calories" : true,
    "distance" : true,
    "steps" : true
  },
  "speed" : 0.0,
  "lastModified" : "04/11/16 15:08:00",
  "startTime" : "04/11/16 10:32:00",
  "originalStartTime" : "04/11/16 10:32:00",
  "originalDuration" : 1800000,
  "hasGps" : false,
  "shouldFetchDetails" : false
},{
  "logId" : 2223230515,
  "activityName" : "Elliptical Trainer (MyFitnessPal)",
  "activityTypeId" : 5493232,
  "activityLevel" : [{
    "minutes" : 0,
    "name" : "sedentary"
  },{
    "minutes" : 0,
    "name" : "lightly"
  },{
    "minutes" : 0,
    "name" : "fairly"
  },{
    "minutes" : 65,
    "name" : "very"
  }],
  "calories" : 1159,
  "distance" : 0.0,
  "distanceUnit" : "Mile",
  "duration" : 3900000,
  "activeDuration" : 3900000,
  "steps" : 0,
  "source" : {
    "type" : "app",
    "name" : "MyFitnessPal",
    "id" : "228VC7",
    "url" : "http://www.myfitnesspal.com"
  },
  "logType" : "manual",
  "manualValuesSpecified" : {
    "calories" : true,
    "distance" : true,
    "steps" : true
  },
  "speed" : 0.0,
  "lastModified" : "04/12/16 14:35:41",
  "startTime" : "04/12/16 09:27:00",
  "originalStartTime" : "04/12/16 09:27:00",
  "originalDuration" : 3900000,
  "hasGps" : false,
  "shouldFetchDetails" : false
},{
  "logId" : 2249258036,
  "activityName" : "Elliptical Trainer (MyFitnessPal)",
  "activityTypeId" : 5493232,
  "activityLevel" : [{
    "minutes" : 0,
    "name" : "sedentary"
  },{
    "minutes" : 0,
    "name" : "lightly"
  },{
    "minutes" : 0,
    "name" : "fairly"
  },{
    "minutes" : 65,
    "name" : "very"
  }],
  "calories" : 744,
  "distance" : 0.0,
  "distanceUnit" : "Mile",
  "duration" : 3900000,
  "activeDuration" : 3900000,
  "steps" : 0,
  "source" : {
    "type" : "app",
    "name" : "MyFitnessPal",
    "id" : "228VC7",
    "url" : "http://www.myfitnesspal.com"
  },
  "logType" : "manual",
  "manualValuesSpecified" : {
    "calories" : true,
    "distance" : true,
    "steps" : true
  },
  "speed" : 0.0,
  "lastModified" : "04/14/16 16:14:47",
  "startTime" : "04/14/16 11:06:00",
  "originalStartTime" : "04/14/16 11:06:00",
  "originalDuration" : 3900000,
  "hasGps" : false,
  "shouldFetchDetails" : false
},{
  "logId" : 2512377443,
  "activityName" : "Elliptical Trainer (MyFitnessPal)",
  "activityTypeId" : 5493232,
  "activityLevel" : [{
    "minutes" : 0,
    "name" : "sedentary"
  },{
    "minutes" : 0,
    "name" : "lightly"
  },{
    "minutes" : 0,
    "name" : "fairly"
  },{
    "minutes" : 65,
    "name" : "very"
  }],
  "calories" : 1168,
  "distance" : 0.0,
  "distanceUnit" : "Mile",
  "duration" : 3900000,
  "activeDuration" : 3900000,
  "steps" : 0,
  "source" : {
    "type" : "app",
    "name" : "MyFitnessPal",
    "id" : "228VC7",
    "url" : "http://www.myfitnesspal.com"
  },
  "logType" : "manual",
  "manualValuesSpecified" : {
    "calories" : true,
    "distance" : true,
    "steps" : true
  },
  "speed" : 0.0,
  "lastModified" : "05/09/16 14:34:45",
  "startTime" : "05/09/16 09:26:00",
  "originalStartTime" : "05/09/16 09:26:00",
  "originalDuration" : 3900000,
  "hasGps" : false,
  "shouldFetchDetails" : false
},{
  "logId" : 2528685706,
  "activityName" : "Running (jogging), 6 mph (10 min mile) (MyFitnessPal)",
  "activityTypeId" : 8682712,
  "activityLevel" : [{
    "minutes" : 0,
    "name" : "sedentary"
  },{
    "minutes" : 0,
    "name" : "lightly"
  },{
    "minutes" : 0,
    "name" : "fairly"
  },{
    "minutes" : 65,
    "name" : "very"
  }],
  "calories" : 669,
  "distance" : 0.0,
  "distanceUnit" : "Mile",
  "duration" : 3900000,
  "activeDuration" : 3900000,
  "steps" : 0,
  "source" : {
    "type" : "app",
    "name" : "MyFitnessPal",
    "id" : "228VC7",
    "url" : "http://www.myfitnesspal.com"
  },
  "logType" : "manual",
  "manualValuesSpecified" : {
    "calories" : true,
    "distance" : true,
    "steps" : true
  },
  "speed" : 0.0,
  "lastModified" : "05/10/16 15:21:19",
  "startTime" : "05/10/16 05:40:00",
  "originalStartTime" : "05/10/16 05:40:00",
  "originalDuration" : 3900000,
  "hasGps" : false,
  "shouldFetchDetails" : false
},{
  "logId" : 2528524079,
  "activityName" : "Elliptical Trainer (MyFitnessPal)",
  "activityTypeId" : 5493232,
  "activityLevel" : [{
    "minutes" : 65,
    "name" : "sedentary"
  },{
    "minutes" : 0,
    "name" : "lightly"
  },{
    "minutes" : 0,
    "name" : "fairly"
  },{
    "minutes" : 0,
    "name" : "very"
  }],
  "calories" : 122,
  "distance" : 0.0,
  "distanceUnit" : "Mile",
  "duration" : 3900000,
  "activeDuration" : 3900000,
  "steps" : 0,
  "source" : {
    "type" : "app",
    "name" : "MyFitnessPal",
    "id" : "228VC7",
    "url" : "http://www.myfitnesspal.com"
  },
  "logType" : "manual",
  "manualValuesSpecified" : {
    "calories" : true,
    "distance" : true,
    "steps" : true
  },
  "speed" : 0.0,
  "lastModified" : "05/10/16 14:49:27",
  "startTime" : "05/10/16 09:37:00",
  "originalStartTime" : "05/10/16 09:37:00",
  "originalDuration" : 3900000,
  "hasGps" : false,
  "shouldFetchDetails" : false
},{
  "logId" : 2539952328,
  "activityName" : "Running (jogging), 6 mph (10 min mile) (MyFitnessPal)",
  "activityTypeId" : 8682712,
  "activityLevel" : [{
    "minutes" : 0,
    "name" : "sedentary"
  },{
    "minutes" : 7,
    "name" : "lightly"
  },{
    "minutes" : 0,
    "name" : "fairly"
  },{
    "minutes" : 0,
    "name" : "very"
  }],
  "calories" : 64,
  "distance" : 0.0,
  "distanceUnit" : "Mile",
  "duration" : 420000,
  "activeDuration" : 420000,
  "steps" : 0,
  "source" : {
    "type" : "app",
    "name" : "MyFitnessPal",
    "id" : "228VC7",
    "url" : "http://www.myfitnesspal.com"
  },
  "logType" : "manual",
  "manualValuesSpecified" : {
    "calories" : true,
    "distance" : true,
    "steps" : true
  },
  "speed" : 0.0,
  "lastModified" : "05/11/16 13:33:15",
  "startTime" : "05/11/16 05:15:00",
  "originalStartTime" : "05/11/16 05:15:00",
  "originalDuration" : 420000,
  "hasGps" : false,
  "shouldFetchDetails" : false
},{
  "logId" : 2540936413,
  "activityName" : "Running (jogging), 6 mph (10 min mile) (MyFitnessPal)",
  "activityTypeId" : 8682712,
  "activityLevel" : [{
    "minutes" : 0,
    "name" : "sedentary"
  },{
    "minutes" : 0,
    "name" : "lightly"
  },{
    "minutes" : 0,
    "name" : "fairly"
  },{
    "minutes" : 10,
    "name" : "very"
  }],
  "calories" : 106,
  "distance" : 0.0,
  "distanceUnit" : "Mile",
  "duration" : 600000,
  "activeDuration" : 600000,
  "steps" : 0,
  "source" : {
    "type" : "app",
    "name" : "MyFitnessPal",
    "id" : "228VC7",
    "url" : "http://www.myfitnesspal.com"
  },
  "logType" : "manual",
  "manualValuesSpecified" : {
    "calories" : true,
    "distance" : true,
    "steps" : true
  },
  "speed" : 0.0,
  "lastModified" : "05/11/16 13:41:38",
  "startTime" : "05/11/16 05:25:00",
  "originalStartTime" : "05/11/16 05:25:00",
  "originalDuration" : 600000,
  "hasGps" : false,
  "shouldFetchDetails" : false
},{
  "logId" : 2539952438,
  "activityName" : "Running (jogging), 6 mph (10 min mile) (MyFitnessPal)",
  "activityTypeId" : 8682712,
  "activityLevel" : [{
    "minutes" : 0,
    "name" : "sedentary"
  },{
    "minutes" : 0,
    "name" : "lightly"
  },{
    "minutes" : 0,
    "name" : "fairly"
  },{
    "minutes" : 10,
    "name" : "very"
  }],
  "calories" : 103,
  "distance" : 0.0,
  "distanceUnit" : "Mile",
  "duration" : 600000,
  "activeDuration" : 600000,
  "steps" : 0,
  "source" : {
    "type" : "app",
    "name" : "MyFitnessPal",
    "id" : "228VC7",
    "url" : "http://www.myfitnesspal.com"
  },
  "logType" : "manual",
  "manualValuesSpecified" : {
    "calories" : true,
    "distance" : true,
    "steps" : true
  },
  "speed" : 0.0,
  "lastModified" : "05/11/16 13:53:28",
  "startTime" : "05/11/16 05:35:00",
  "originalStartTime" : "05/11/16 05:35:00",
  "originalDuration" : 600000,
  "hasGps" : false,
  "shouldFetchDetails" : false
},{
  "logId" : 2540657357,
  "activityName" : "Running (jogging), 6 mph (10 min mile) (MyFitnessPal)",
  "activityTypeId" : 8682712,
  "activityLevel" : [{
    "minutes" : 0,
    "name" : "sedentary"
  },{
    "minutes" : 0,
    "name" : "lightly"
  },{
    "minutes" : 0,
    "name" : "fairly"
  },{
    "minutes" : 10,
    "name" : "very"
  }],
  "calories" : 99,
  "distance" : 0.0,
  "distanceUnit" : "Mile",
  "duration" : 600000,
  "activeDuration" : 600000,
  "steps" : 0,
  "source" : {
    "type" : "app",
    "name" : "MyFitnessPal",
    "id" : "228VC7",
    "url" : "http://www.myfitnesspal.com"
  },
  "logType" : "manual",
  "manualValuesSpecified" : {
    "calories" : true,
    "distance" : true,
    "steps" : true
  },
  "speed" : 0.0,
  "lastModified" : "05/11/16 14:00:40",
  "startTime" : "05/11/16 05:45:00",
  "originalStartTime" : "05/11/16 05:45:00",
  "originalDuration" : 600000,
  "hasGps" : false,
  "shouldFetchDetails" : false
},{
  "logId" : 2540686907,
  "activityName" : "Running (jogging), 6 mph (10 min mile) (MyFitnessPal)",
  "activityTypeId" : 8682712,
  "activityLevel" : [{
    "minutes" : 0,
    "name" : "sedentary"
  },{
    "minutes" : 0,
    "name" : "lightly"
  },{
    "minutes" : 0,
    "name" : "fairly"
  },{
    "minutes" : 15,
    "name" : "very"
  }],
  "calories" : 151,
  "distance" : 0.0,
  "distanceUnit" : "Mile",
  "duration" : 900000,
  "activeDuration" : 900000,
  "steps" : 0,
  "source" : {
    "type" : "app",
    "name" : "MyFitnessPal",
    "id" : "228VC7",
    "url" : "http://www.myfitnesspal.com"
  },
  "logType" : "manual",
  "manualValuesSpecified" : {
    "calories" : true,
    "distance" : true,
    "steps" : true
  },
  "speed" : 0.0,
  "lastModified" : "05/11/16 14:11:45",
  "startTime" : "05/11/16 05:55:00",
  "originalStartTime" : "05/11/16 05:55:00",
  "originalDuration" : 900000,
  "hasGps" : false,
  "shouldFetchDetails" : false
},{
  "logId" : 2541910728,
  "activityName" : "Running (jogging), 6 mph (10 min mile) (MyFitnessPal)",
  "activityTypeId" : 8682712,
  "activityLevel" : [{
    "minutes" : 0,
    "name" : "sedentary"
  },{
    "minutes" : 0,
    "name" : "lightly"
  },{
    "minutes" : 0,
    "name" : "fairly"
  },{
    "minutes" : 10,
    "name" : "very"
  }],
  "calories" : 103,
  "distance" : 0.0,
  "distanceUnit" : "Mile",
  "duration" : 600000,
  "activeDuration" : 600000,
  "steps" : 0,
  "source" : {
    "type" : "app",
    "name" : "MyFitnessPal",
    "id" : "228VC7",
    "url" : "http://www.myfitnesspal.com"
  },
  "logType" : "manual",
  "manualValuesSpecified" : {
    "calories" : true,
    "distance" : true,
    "steps" : true
  },
  "speed" : 0.0,
  "lastModified" : "05/11/16 14:20:49",
  "startTime" : "05/11/16 06:10:00",
  "originalStartTime" : "05/11/16 06:10:00",
  "originalDuration" : 600000,
  "hasGps" : false,
  "shouldFetchDetails" : false
},{
  "logId" : 2541915712,
  "activityName" : "Running (jogging), 6 mph (10 min mile) (MyFitnessPal)",
  "activityTypeId" : 8682712,
  "activityLevel" : [{
    "minutes" : 0,
    "name" : "sedentary"
  },{
    "minutes" : 0,
    "name" : "lightly"
  },{
    "minutes" : 0,
    "name" : "fairly"
  },{
    "minutes" : 5,
    "name" : "very"
  }],
  "calories" : 50,
  "distance" : 0.0,
  "distanceUnit" : "Mile",
  "duration" : 300000,
  "activeDuration" : 300000,
  "steps" : 0,
  "source" : {
    "type" : "app",
    "name" : "MyFitnessPal",
    "id" : "228VC7",
    "url" : "http://www.myfitnesspal.com"
  },
  "logType" : "manual",
  "manualValuesSpecified" : {
    "calories" : true,
    "distance" : true,
    "steps" : true
  },
  "speed" : 0.0,
  "lastModified" : "05/11/16 14:30:58",
  "startTime" : "05/11/16 06:20:00",
  "originalStartTime" : "05/11/16 06:20:00",
  "originalDuration" : 300000,
  "hasGps" : false,
  "shouldFetchDetails" : false
},{
  "logId" : 2541558326,
  "activityName" : "Elliptical Trainer (MyFitnessPal)",
  "activityTypeId" : 5493232,
  "activityLevel" : [{
    "minutes" : 66,
    "name" : "sedentary"
  },{
    "minutes" : 0,
    "name" : "lightly"
  },{
    "minutes" : 0,
    "name" : "fairly"
  },{
    "minutes" : 0,
    "name" : "very"
  }],
  "calories" : 119,
  "distance" : 0.0,
  "distanceUnit" : "Mile",
  "duration" : 3960000,
  "activeDuration" : 3960000,
  "steps" : 0,
  "source" : {
    "type" : "app",
    "name" : "MyFitnessPal",
    "id" : "228VC7",
    "url" : "http://www.myfitnesspal.com"
  },
  "logType" : "manual",
  "manualValuesSpecified" : {
    "calories" : true,
    "distance" : true,
    "steps" : true
  },
  "speed" : 0.0,
  "lastModified" : "05/11/16 14:22:11",
  "startTime" : "05/11/16 09:13:00",
  "originalStartTime" : "05/11/16 09:13:00",
  "originalDuration" : 3960000,
  "hasGps" : false,
  "shouldFetchDetails" : false
},{
  "logId" : 2561896714,
  "activityName" : "Elliptical Trainer (MyFitnessPal)",
  "activityTypeId" : 5493232,
  "activityLevel" : [{
    "minutes" : 65,
    "name" : "sedentary"
  },{
    "minutes" : 0,
    "name" : "lightly"
  },{
    "minutes" : 0,
    "name" : "fairly"
  },{
    "minutes" : 0,
    "name" : "very"
  }],
  "calories" : 120,
  "distance" : 0.0,
  "distanceUnit" : "Mile",
  "duration" : 3900000,
  "activeDuration" : 3900000,
  "steps" : 0,
  "source" : {
    "type" : "app",
    "name" : "MyFitnessPal",
    "id" : "228VC7",
    "url" : "http://www.myfitnesspal.com"
  },
  "logType" : "manual",
  "manualValuesSpecified" : {
    "calories" : true,
    "distance" : true,
    "steps" : true
  },
  "speed" : 0.0,
  "lastModified" : "05/12/16 14:30:53",
  "startTime" : "05/12/16 09:22:00",
  "originalStartTime" : "05/12/16 09:22:00",
  "originalDuration" : 3900000,
  "hasGps" : false,
  "shouldFetchDetails" : false
},{
  "logId" : 2603570936,
  "activityName" : "Running (jogging), 6 mph (10 min mile) (MyFitnessPal)",
  "activityTypeId" : 8682712,
  "activityLevel" : [{
    "minutes" : 0,
    "name" : "sedentary"
  },{
    "minutes" : 0,
    "name" : "lightly"
  },{
    "minutes" : 0,
    "name" : "fairly"
  },{
    "minutes" : 62,
    "name" : "very"
  }],
  "calories" : 643,
  "distance" : 0.0,
  "distanceUnit" : "Mile",
  "duration" : 3720000,
  "activeDuration" : 3720000,
  "steps" : 0,
  "source" : {
    "type" : "app",
    "name" : "MyFitnessPal",
    "id" : "228VC7",
    "url" : "http://www.myfitnesspal.com"
  },
  "logType" : "manual",
  "manualValuesSpecified" : {
    "calories" : true,
    "distance" : true,
    "steps" : true
  },
  "speed" : 0.0,
  "lastModified" : "05/16/16 14:42:38",
  "startTime" : "05/16/16 05:20:00",
  "originalStartTime" : "05/16/16 05:20:00",
  "originalDuration" : 3720000,
  "hasGps" : false,
  "shouldFetchDetails" : false
},{
  "logId" : 2603340761,
  "activityName" : "Elliptical Trainer (MyFitnessPal)",
  "activityTypeId" : 5493232,
  "activityLevel" : [{
    "minutes" : 0,
    "name" : "sedentary"
  },{
    "minutes" : 0,
    "name" : "lightly"
  },{
    "minutes" : 0,
    "name" : "fairly"
  },{
    "minutes" : 65,
    "name" : "very"
  }],
  "calories" : 1170,
  "distance" : 0.0,
  "distanceUnit" : "Mile",
  "duration" : 3900000,
  "activeDuration" : 3900000,
  "steps" : 0,
  "source" : {
    "type" : "app",
    "name" : "MyFitnessPal",
    "id" : "228VC7",
    "url" : "http://www.myfitnesspal.com"
  },
  "logType" : "manual",
  "manualValuesSpecified" : {
    "calories" : true,
    "distance" : true,
    "steps" : true
  },
  "speed" : 0.0,
  "lastModified" : "05/16/16 14:24:26",
  "startTime" : "05/16/16 09:16:00",
  "originalStartTime" : "05/16/16 09:16:00",
  "originalDuration" : 3900000,
  "hasGps" : false,
  "shouldFetchDetails" : false
},{
  "logId" : 2630825892,
  "activityName" : "Running (jogging), 6 mph (10 min mile) (MyFitnessPal)",
  "activityTypeId" : 8682712,
  "activityLevel" : [{
    "minutes" : 0,
    "name" : "sedentary"
  },{
    "minutes" : 0,
    "name" : "lightly"
  },{
    "minutes" : 0,
    "name" : "fairly"
  },{
    "minutes" : 65,
    "name" : "very"
  }],
  "calories" : 688,
  "distance" : 0.0,
  "distanceUnit" : "Mile",
  "duration" : 3900000,
  "activeDuration" : 3900000,
  "steps" : 0,
  "source" : {
    "type" : "app",
    "name" : "MyFitnessPal",
    "id" : "228VC7",
    "url" : "http://www.myfitnesspal.com"
  },
  "logType" : "manual",
  "manualValuesSpecified" : {
    "calories" : true,
    "distance" : true,
    "steps" : true
  },
  "speed" : 0.0,
  "lastModified" : "05/18/16 14:52:56",
  "startTime" : "05/18/16 05:25:00",
  "originalStartTime" : "05/18/16 05:25:00",
  "originalDuration" : 3900000,
  "hasGps" : false,
  "shouldFetchDetails" : false
},{
  "logId" : 2630639679,
  "activityName" : "Elliptical Trainer (MyFitnessPal)",
  "activityTypeId" : 5493232,
  "activityLevel" : [{
    "minutes" : 0,
    "name" : "sedentary"
  },{
    "minutes" : 0,
    "name" : "lightly"
  },{
    "minutes" : 0,
    "name" : "fairly"
  },{
    "minutes" : 65,
    "name" : "very"
  }],
  "calories" : 727,
  "distance" : 0.0,
  "distanceUnit" : "Mile",
  "duration" : 3900000,
  "activeDuration" : 3900000,
  "steps" : 0,
  "source" : {
    "type" : "app",
    "name" : "MyFitnessPal",
    "id" : "228VC7",
    "url" : "http://www.myfitnesspal.com"
  },
  "logType" : "manual",
  "manualValuesSpecified" : {
    "calories" : true,
    "distance" : true,
    "steps" : true
  },
  "speed" : 0.0,
  "lastModified" : "05/18/16 14:30:34",
  "startTime" : "05/18/16 09:21:00",
  "originalStartTime" : "05/18/16 09:21:00",
  "originalDuration" : 3900000,
  "hasGps" : false,
  "shouldFetchDetails" : false
},{
  "logId" : 2703401129,
  "activityName" : "Running (jogging), 6 mph (10 min mile) (MyFitnessPal)",
  "activityTypeId" : 8682712,
  "activityLevel" : [{
    "minutes" : 0,
    "name" : "sedentary"
  },{
    "minutes" : 0,
    "name" : "lightly"
  },{
    "minutes" : 0,
    "name" : "fairly"
  },{
    "minutes" : 65,
    "name" : "very"
  }],
  "calories" : 669,
  "distance" : 0.0,
  "distanceUnit" : "Mile",
  "duration" : 3900000,
  "activeDuration" : 3900000,
  "steps" : 0,
  "source" : {
    "type" : "app",
    "name" : "MyFitnessPal",
    "id" : "228VC7",
    "url" : "http://www.myfitnesspal.com"
  },
  "logType" : "manual",
  "manualValuesSpecified" : {
    "calories" : true,
    "distance" : true,
    "steps" : true
  },
  "speed" : 0.0,
  "lastModified" : "05/23/16 20:21:31",
  "startTime" : "05/23/16 10:55:00",
  "originalStartTime" : "05/23/16 10:55:00",
  "originalDuration" : 3900000,
  "hasGps" : false,
  "shouldFetchDetails" : false
},{
  "logId" : 2711225171,
  "activityName" : "Elliptical Trainer (MyFitnessPal)",
  "activityTypeId" : 5493232,
  "activityLevel" : [{
    "minutes" : 0,
    "name" : "sedentary"
  },{
    "minutes" : 0,
    "name" : "lightly"
  },{
    "minutes" : 0,
    "name" : "fairly"
  },{
    "minutes" : 65,
    "name" : "very"
  }],
  "calories" : 1160,
  "distance" : 0.0,
  "distanceUnit" : "Mile",
  "duration" : 3900000,
  "activeDuration" : 3900000,
  "steps" : 0,
  "source" : {
    "type" : "app",
    "name" : "MyFitnessPal",
    "id" : "228VC7",
    "url" : "http://www.myfitnesspal.com"
  },
  "logType" : "manual",
  "manualValuesSpecified" : {
    "calories" : true,
    "distance" : true,
    "steps" : true
  },
  "speed" : 0.0,
  "lastModified" : "05/24/16 13:28:51",
  "startTime" : "05/23/16 14:51:00",
  "originalStartTime" : "05/23/16 14:51:00",
  "originalDuration" : 3900000,
  "hasGps" : false,
  "shouldFetchDetails" : false
},{
  "logId" : 2711411704,
  "activityName" : "Running (jogging), 6 mph (10 min mile) (MyFitnessPal)",
  "activityTypeId" : 8682712,
  "activityLevel" : [{
    "minutes" : 0,
    "name" : "sedentary"
  },{
    "minutes" : 0,
    "name" : "lightly"
  },{
    "minutes" : 0,
    "name" : "fairly"
  },{
    "minutes" : 66,
    "name" : "very"
  }],
  "calories" : 712,
  "distance" : 0.0,
  "distanceUnit" : "Mile",
  "duration" : 3960000,
  "activeDuration" : 3960000,
  "steps" : 0,
  "source" : {
    "type" : "app",
    "name" : "MyFitnessPal",
    "id" : "228VC7",
    "url" : "http://www.myfitnesspal.com"
  },
  "logType" : "manual",
  "manualValuesSpecified" : {
    "calories" : true,
    "distance" : true,
    "steps" : true
  },
  "speed" : 0.0,
  "lastModified" : "05/24/16 15:02:43",
  "startTime" : "05/24/16 05:35:00",
  "originalStartTime" : "05/24/16 05:35:00",
  "originalDuration" : 3960000,
  "hasGps" : false,
  "shouldFetchDetails" : false
},{
  "logId" : 2711254959,
  "activityName" : "Elliptical Trainer (MyFitnessPal)",
  "activityTypeId" : 5493232,
  "activityLevel" : [{
    "minutes" : 0,
    "name" : "sedentary"
  },{
    "minutes" : 0,
    "name" : "lightly"
  },{
    "minutes" : 0,
    "name" : "fairly"
  },{
    "minutes" : 66,
    "name" : "very"
  }],
  "calories" : 1310,
  "distance" : 0.0,
  "distanceUnit" : "Mile",
  "duration" : 3960000,
  "activeDuration" : 3960000,
  "steps" : 0,
  "source" : {
    "type" : "app",
    "name" : "MyFitnessPal",
    "id" : "228VC7",
    "url" : "http://www.myfitnesspal.com"
  },
  "logType" : "manual",
  "manualValuesSpecified" : {
    "calories" : true,
    "distance" : true,
    "steps" : true
  },
  "speed" : 0.0,
  "lastModified" : "05/24/16 14:38:17",
  "startTime" : "05/24/16 09:30:00",
  "originalStartTime" : "05/24/16 09:30:00",
  "originalDuration" : 3960000,
  "hasGps" : false,
  "shouldFetchDetails" : false
},{
  "logId" : 2718723992,
  "activityName" : "Running (jogging), 6 mph (10 min mile) (MyFitnessPal)",
  "activityTypeId" : 8682712,
  "activityLevel" : [{
    "minutes" : 0,
    "name" : "sedentary"
  },{
    "minutes" : 5,
    "name" : "lightly"
  },{
    "minutes" : 0,
    "name" : "fairly"
  },{
    "minutes" : 0,
    "name" : "very"
  }],
  "calories" : 51,
  "distance" : 0.0,
  "distanceUnit" : "Mile",
  "duration" : 300000,
  "activeDuration" : 300000,
  "steps" : 0,
  "source" : {
    "type" : "app",
    "name" : "MyFitnessPal",
    "id" : "228VC7",
    "url" : "http://www.myfitnesspal.com"
  },
  "logType" : "manual",
  "manualValuesSpecified" : {
    "calories" : true,
    "distance" : true,
    "steps" : true
  },
  "speed" : 0.0,
  "lastModified" : "05/25/16 14:41:45",
  "startTime" : "05/25/16 05:25:00",
  "originalStartTime" : "05/25/16 05:25:00",
  "originalDuration" : 300000,
  "hasGps" : false,
  "shouldFetchDetails" : false
},{
  "logId" : 2718709451,
  "activityName" : "Running (jogging), 6 mph (10 min mile) (MyFitnessPal)",
  "activityTypeId" : 8682712,
  "activityLevel" : [{
    "minutes" : 0,
    "name" : "sedentary"
  },{
    "minutes" : 0,
    "name" : "lightly"
  },{
    "minutes" : 0,
    "name" : "fairly"
  },{
    "minutes" : 59,
    "name" : "very"
  }],
  "calories" : 634,
  "distance" : 0.0,
  "distanceUnit" : "Mile",
  "duration" : 3540000,
  "activeDuration" : 3540000,
  "steps" : 0,
  "source" : {
    "type" : "app",
    "name" : "MyFitnessPal",
    "id" : "228VC7",
    "url" : "http://www.myfitnesspal.com"
  },
  "logType" : "manual",
  "manualValuesSpecified" : {
    "calories" : true,
    "distance" : true,
    "steps" : true
  },
  "speed" : 0.0,
  "lastModified" : "05/25/16 14:51:24",
  "startTime" : "05/25/16 05:30:00",
  "originalStartTime" : "05/25/16 05:30:00",
  "originalDuration" : 3540000,
  "hasGps" : false,
  "shouldFetchDetails" : false
},{
  "logId" : 2719037016,
  "activityName" : "Elliptical Trainer (MyFitnessPal)",
  "activityTypeId" : 5493232,
  "activityLevel" : [{
    "minutes" : 0,
    "name" : "sedentary"
  },{
    "minutes" : 0,
    "name" : "lightly"
  },{
    "minutes" : 0,
    "name" : "fairly"
  },{
    "minutes" : 66,
    "name" : "very"
  }],
  "calories" : 1288,
  "distance" : 0.0,
  "distanceUnit" : "Mile",
  "duration" : 3960000,
  "activeDuration" : 3960000,
  "steps" : 0,
  "source" : {
    "type" : "app",
    "name" : "MyFitnessPal",
    "id" : "228VC7",
    "url" : "http://www.myfitnesspal.com"
  },
  "logType" : "manual",
  "manualValuesSpecified" : {
    "calories" : true,
    "distance" : true,
    "steps" : true
  },
  "speed" : 0.0,
  "lastModified" : "05/25/16 14:27:48",
  "startTime" : "05/25/16 09:18:00",
  "originalStartTime" : "05/25/16 09:18:00",
  "originalDuration" : 3960000,
  "hasGps" : false,
  "shouldFetchDetails" : false
},{
  "logId" : 2783200163,
  "activityName" : "Running (jogging), 6 mph (10 min mile) (MyFitnessPal)",
  "activityTypeId" : 8682712,
  "activityLevel" : [{
    "minutes" : 0,
    "name" : "sedentary"
  },{
    "minutes" : 0,
    "name" : "lightly"
  },{
    "minutes" : 0,
    "name" : "fairly"
  },{
    "minutes" : 35,
    "name" : "very"
  }],
  "calories" : 356,
  "distance" : 0.0,
  "distanceUnit" : "Mile",
  "duration" : 2100000,
  "activeDuration" : 2100000,
  "steps" : 0,
  "source" : {
    "type" : "app",
    "name" : "MyFitnessPal",
    "id" : "228VC7",
    "url" : "http://www.myfitnesspal.com"
  },
  "logType" : "manual",
  "manualValuesSpecified" : {
    "calories" : true,
    "distance" : true,
    "steps" : true
  },
  "speed" : 0.0,
  "lastModified" : "05/31/16 14:14:18",
  "startTime" : "05/31/16 05:20:00",
  "originalStartTime" : "05/31/16 05:20:00",
  "originalDuration" : 2100000,
  "hasGps" : false,
  "shouldFetchDetails" : false
},{
  "logId" : 2782676355,
  "activityName" : "Elliptical Trainer (MyFitnessPal)",
  "activityTypeId" : 5493232,
  "activityLevel" : [{
    "minutes" : 0,
    "name" : "sedentary"
  },{
    "minutes" : 0,
    "name" : "lightly"
  },{
    "minutes" : 0,
    "name" : "fairly"
  },{
    "minutes" : 35,
    "name" : "very"
  }],
  "calories" : 396,
  "distance" : 0.0,
  "distanceUnit" : "Mile",
  "duration" : 2100000,
  "activeDuration" : 2100000,
  "steps" : 0,
  "source" : {
    "type" : "app",
    "name" : "MyFitnessPal",
    "id" : "228VC7",
    "url" : "http://www.myfitnesspal.com"
  },
  "logType" : "manual",
  "manualValuesSpecified" : {
    "calories" : true,
    "distance" : true,
    "steps" : true
  },
  "speed" : 0.0,
  "lastModified" : "05/31/16 13:55:41",
  "startTime" : "05/31/16 09:17:00",
  "originalStartTime" : "05/31/16 09:17:00",
  "originalDuration" : 2100000,
  "hasGps" : false,
  "shouldFetchDetails" : false
},{
  "logId" : 2801522590,
  "activityName" : "Running (jogging), 6 mph (10 min mile) (MyFitnessPal)",
  "activityTypeId" : 8682712,
  "activityLevel" : [{
    "minutes" : 0,
    "name" : "sedentary"
  },{
    "minutes" : 0,
    "name" : "lightly"
  },{
    "minutes" : 0,
    "name" : "fairly"
  },{
    "minutes" : 49,
    "name" : "very"
  }],
  "calories" : 507,
  "distance" : 0.0,
  "distanceUnit" : "Mile",
  "duration" : 2940000,
  "activeDuration" : 2940000,
  "steps" : 0,
  "source" : {
    "type" : "app",
    "name" : "MyFitnessPal",
    "id" : "228VC7",
    "url" : "http://www.myfitnesspal.com"
  },
  "logType" : "manual",
  "manualValuesSpecified" : {
    "calories" : true,
    "distance" : true,
    "steps" : true
  },
  "speed" : 0.0,
  "lastModified" : "06/01/16 12:31:52",
  "startTime" : "06/01/16 03:30:00",
  "originalStartTime" : "06/01/16 03:30:00",
  "originalDuration" : 2940000,
  "hasGps" : false,
  "shouldFetchDetails" : false
},{
  "logId" : 2801233734,
  "activityName" : "Elliptical Trainer (MyFitnessPal)",
  "activityTypeId" : 5493232,
  "activityLevel" : [{
    "minutes" : 0,
    "name" : "sedentary"
  },{
    "minutes" : 0,
    "name" : "lightly"
  },{
    "minutes" : 0,
    "name" : "fairly"
  },{
    "minutes" : 50,
    "name" : "very"
  }],
  "calories" : 911,
  "distance" : 0.0,
  "distanceUnit" : "Mile",
  "duration" : 3000000,
  "activeDuration" : 3000000,
  "steps" : 0,
  "source" : {
    "type" : "app",
    "name" : "MyFitnessPal",
    "id" : "228VC7",
    "url" : "http://www.myfitnesspal.com"
  },
  "logType" : "manual",
  "manualValuesSpecified" : {
    "calories" : true,
    "distance" : true,
    "steps" : true
  },
  "speed" : 0.0,
  "lastModified" : "06/01/16 12:16:20",
  "startTime" : "06/01/16 07:23:00",
  "originalStartTime" : "06/01/16 07:23:00",
  "originalDuration" : 3000000,
  "hasGps" : false,
  "shouldFetchDetails" : false
},{
  "logId" : 2810264259,
  "activityName" : "Running (jogging), 6 mph (10 min mile) (MyFitnessPal)",
  "activityTypeId" : 8682712,
  "activityLevel" : [{
    "minutes" : 0,
    "name" : "sedentary"
  },{
    "minutes" : 0,
    "name" : "lightly"
  },{
    "minutes" : 0,
    "name" : "fairly"
  },{
    "minutes" : 15,
    "name" : "very"
  }],
  "calories" : 148,
  "distance" : 0.0,
  "distanceUnit" : "Mile",
  "duration" : 900000,
  "activeDuration" : 900000,
  "steps" : 0,
  "source" : {
    "type" : "app",
    "name" : "MyFitnessPal",
    "id" : "228VC7",
    "url" : "http://www.myfitnesspal.com"
  },
  "logType" : "manual",
  "manualValuesSpecified" : {
    "calories" : true,
    "distance" : true,
    "steps" : true
  },
  "speed" : 0.0,
  "lastModified" : "06/02/16 12:13:07",
  "startTime" : "06/02/16 03:50:00",
  "originalStartTime" : "06/02/16 03:50:00",
  "originalDuration" : 900000,
  "hasGps" : false,
  "shouldFetchDetails" : false
},{
  "logId" : 2810817203,
  "activityName" : "Running (jogging), 6.7 mph (9 min mile) (MyFitnessPal)",
  "activityTypeId" : 5479837,
  "activityLevel" : [{
    "minutes" : 0,
    "name" : "sedentary"
  },{
    "minutes" : 0,
    "name" : "lightly"
  },{
    "minutes" : 0,
    "name" : "fairly"
  },{
    "minutes" : 5,
    "name" : "very"
  }],
  "calories" : 54,
  "distance" : 0.0,
  "distanceUnit" : "Mile",
  "duration" : 300000,
  "activeDuration" : 300000,
  "steps" : 0,
  "source" : {
    "type" : "app",
    "name" : "MyFitnessPal",
    "id" : "228VC7",
    "url" : "http://www.myfitnesspal.com"
  },
  "logType" : "manual",
  "manualValuesSpecified" : {
    "calories" : true,
    "distance" : true,
    "steps" : true
  },
  "speed" : 0.0,
  "lastModified" : "06/02/16 12:21:54",
  "startTime" : "06/02/16 04:05:00",
  "originalStartTime" : "06/02/16 04:05:00",
  "originalDuration" : 300000,
  "hasGps" : false,
  "shouldFetchDetails" : false
},{
  "logId" : 2810773168,
  "activityName" : "Running (jogging), 6 mph (10 min mile) (MyFitnessPal)",
  "activityTypeId" : 8682712,
  "activityLevel" : [{
    "minutes" : 0,
    "name" : "sedentary"
  },{
    "minutes" : 0,
    "name" : "lightly"
  },{
    "minutes" : 0,
    "name" : "fairly"
  },{
    "minutes" : 10,
    "name" : "very"
  }],
  "calories" : 104,
  "distance" : 0.0,
  "distanceUnit" : "Mile",
  "duration" : 600000,
  "activeDuration" : 600000,
  "steps" : 0,
  "source" : {
    "type" : "app",
    "name" : "MyFitnessPal",
    "id" : "228VC7",
    "url" : "http://www.myfitnesspal.com"
  },
  "logType" : "manual",
  "manualValuesSpecified" : {
    "calories" : true,
    "distance" : true,
    "steps" : true
  },
  "speed" : 0.0,
  "lastModified" : "06/02/16 12:31:30",
  "startTime" : "06/02/16 04:10:00",
  "originalStartTime" : "06/02/16 04:10:00",
  "originalDuration" : 600000,
  "hasGps" : false,
  "shouldFetchDetails" : false
},{
  "logId" : 2810420868,
  "activityName" : "Running (jogging), 6 mph (10 min mile) (MyFitnessPal)",
  "activityTypeId" : 8682712,
  "activityLevel" : [{
    "minutes" : 0,
    "name" : "sedentary"
  },{
    "minutes" : 0,
    "name" : "lightly"
  },{
    "minutes" : 0,
    "name" : "fairly"
  },{
    "minutes" : 10,
    "name" : "very"
  }],
  "calories" : 107,
  "distance" : 0.0,
  "distanceUnit" : "Mile",
  "duration" : 600000,
  "activeDuration" : 600000,
  "steps" : 0,
  "source" : {
    "type" : "app",
    "name" : "MyFitnessPal",
    "id" : "228VC7",
    "url" : "http://www.myfitnesspal.com"
  },
  "logType" : "manual",
  "manualValuesSpecified" : {
    "calories" : true,
    "distance" : true,
    "steps" : true
  },
  "speed" : 0.0,
  "lastModified" : "06/02/16 12:41:44",
  "startTime" : "06/02/16 04:20:00",
  "originalStartTime" : "06/02/16 04:20:00",
  "originalDuration" : 600000,
  "hasGps" : false,
  "shouldFetchDetails" : false
},{
  "logId" : 2810406333,
  "activityName" : "Running (jogging), 6 mph (10 min mile) (MyFitnessPal)",
  "activityTypeId" : 8682712,
  "activityLevel" : [{
    "minutes" : 0,
    "name" : "sedentary"
  },{
    "minutes" : 0,
    "name" : "lightly"
  },{
    "minutes" : 0,
    "name" : "fairly"
  },{
    "minutes" : 10,
    "name" : "very"
  }],
  "calories" : 105,
  "distance" : 0.0,
  "distanceUnit" : "Mile",
  "duration" : 600000,
  "activeDuration" : 600000,
  "steps" : 0,
  "source" : {
    "type" : "app",
    "name" : "MyFitnessPal",
    "id" : "228VC7",
    "url" : "http://www.myfitnesspal.com"
  },
  "logType" : "manual",
  "manualValuesSpecified" : {
    "calories" : true,
    "distance" : true,
    "steps" : true
  },
  "speed" : 0.0,
  "lastModified" : "06/02/16 12:52:25",
  "startTime" : "06/02/16 04:30:00",
  "originalStartTime" : "06/02/16 04:30:00",
  "originalDuration" : 600000,
  "hasGps" : false,
  "shouldFetchDetails" : false
},{
  "logId" : 2810866294,
  "activityName" : "Running (jogging), 6 mph (10 min mile) (MyFitnessPal)",
  "activityTypeId" : 8682712,
  "activityLevel" : [{
    "minutes" : 0,
    "name" : "sedentary"
  },{
    "minutes" : 0,
    "name" : "lightly"
  },{
    "minutes" : 0,
    "name" : "fairly"
  },{
    "minutes" : 10,
    "name" : "very"
  }],
  "calories" : 107,
  "distance" : 0.0,
  "distanceUnit" : "Mile",
  "duration" : 600000,
  "activeDuration" : 600000,
  "steps" : 0,
  "source" : {
    "type" : "app",
    "name" : "MyFitnessPal",
    "id" : "228VC7",
    "url" : "http://www.myfitnesspal.com"
  },
  "logType" : "manual",
  "manualValuesSpecified" : {
    "calories" : true,
    "distance" : true,
    "steps" : true
  },
  "speed" : 0.0,
  "lastModified" : "06/02/16 13:02:23",
  "startTime" : "06/02/16 04:40:00",
  "originalStartTime" : "06/02/16 04:40:00",
  "originalDuration" : 600000,
  "hasGps" : false,
  "shouldFetchDetails" : false
},{
  "logId" : 2810411383,
  "activityName" : "Running (jogging), 6 mph (10 min mile) (MyFitnessPal)",
  "activityTypeId" : 8682712,
  "activityLevel" : [{
    "minutes" : 0,
    "name" : "sedentary"
  },{
    "minutes" : 0,
    "name" : "lightly"
  },{
    "minutes" : 0,
    "name" : "fairly"
  },{
    "minutes" : 5,
    "name" : "very"
  }],
  "calories" : 53,
  "distance" : 0.0,
  "distanceUnit" : "Mile",
  "duration" : 300000,
  "activeDuration" : 300000,
  "steps" : 0,
  "source" : {
    "type" : "app",
    "name" : "MyFitnessPal",
    "id" : "228VC7",
    "url" : "http://www.myfitnesspal.com"
  },
  "logType" : "manual",
  "manualValuesSpecified" : {
    "calories" : true,
    "distance" : true,
    "steps" : true
  },
  "speed" : 0.0,
  "lastModified" : "06/02/16 13:12:39",
  "startTime" : "06/02/16 04:50:00",
  "originalStartTime" : "06/02/16 04:50:00",
  "originalDuration" : 300000,
  "hasGps" : false,
  "shouldFetchDetails" : false
},{
  "logId" : 2810665729,
  "activityName" : "Elliptical Trainer (MyFitnessPal)",
  "activityTypeId" : 5493232,
  "activityLevel" : [{
    "minutes" : 0,
    "name" : "sedentary"
  },{
    "minutes" : 0,
    "name" : "lightly"
  },{
    "minutes" : 0,
    "name" : "fairly"
  },{
    "minutes" : 65,
    "name" : "very"
  }],
  "calories" : 1188,
  "distance" : 0.0,
  "distanceUnit" : "Mile",
  "duration" : 3900000,
  "activeDuration" : 3900000,
  "steps" : 0,
  "source" : {
    "type" : "app",
    "name" : "MyFitnessPal",
    "id" : "228VC7",
    "url" : "http://www.myfitnesspal.com"
  },
  "logType" : "manual",
  "manualValuesSpecified" : {
    "calories" : true,
    "distance" : true,
    "steps" : true
  },
  "speed" : 0.0,
  "lastModified" : "06/02/16 12:53:25",
  "startTime" : "06/02/16 07:44:00",
  "originalStartTime" : "06/02/16 07:44:00",
  "originalDuration" : 3900000,
  "hasGps" : false,
  "shouldFetchDetails" : false
},{
  "logId" : 2870032184,
  "activityName" : "Running (jogging), 6 mph (10 min mile) (MyFitnessPal)",
  "activityTypeId" : 8682712,
  "activityLevel" : [{
    "minutes" : 0,
    "name" : "sedentary"
  },{
    "minutes" : 0,
    "name" : "lightly"
  },{
    "minutes" : 0,
    "name" : "fairly"
  },{
    "minutes" : 45,
    "name" : "very"
  }],
  "calories" : 456,
  "distance" : 0.0,
  "distanceUnit" : "Mile",
  "duration" : 2700000,
  "activeDuration" : 2700000,
  "steps" : 0,
  "source" : {
    "type" : "app",
    "name" : "MyFitnessPal",
    "id" : "228VC7",
    "url" : "http://www.myfitnesspal.com"
  },
  "logType" : "manual",
  "manualValuesSpecified" : {
    "calories" : true,
    "distance" : true,
    "steps" : true
  },
  "speed" : 0.0,
  "lastModified" : "06/07/16 14:51:00",
  "startTime" : "06/07/16 05:35:00",
  "originalStartTime" : "06/07/16 05:35:00",
  "originalDuration" : 2700000,
  "hasGps" : false,
  "shouldFetchDetails" : false
},{
  "logId" : 3033872002,
  "activityName" : "Running (jogging), 5 mph (12 min mile) (MyFitnessPal)",
  "activityTypeId" : 10292513,
  "activityLevel" : [{
    "minutes" : 0,
    "name" : "sedentary"
  },{
    "minutes" : 2,
    "name" : "lightly"
  },{
    "minutes" : 0,
    "name" : "fairly"
  },{
    "minutes" : 0,
    "name" : "very"
  }],
  "calories" : 10,
  "distance" : 0.0,
  "distanceUnit" : "Mile",
  "duration" : 120000,
  "activeDuration" : 120000,
  "steps" : 0,
  "source" : {
    "type" : "app",
    "name" : "MyFitnessPal",
    "id" : "228VC7",
    "url" : "http://www.myfitnesspal.com"
  },
  "logType" : "manual",
  "manualValuesSpecified" : {
    "calories" : true,
    "distance" : true,
    "steps" : true
  },
  "speed" : 0.0,
  "lastModified" : "06/21/16 16:01:13",
  "startTime" : "06/18/16 06:20:00",
  "originalStartTime" : "06/18/16 06:20:00",
  "originalDuration" : 120000,
  "hasGps" : false,
  "shouldFetchDetails" : false
},{
  "logId" : 3350034198,
  "activityName" : "Running (jogging), 6.7 mph (9 min mile) (MyFitnessPal)",
  "activityTypeId" : 5479837,
  "activityLevel" : [{
    "minutes" : 0,
    "name" : "sedentary"
  },{
    "minutes" : 2,
    "name" : "lightly"
  },{
    "minutes" : 0,
    "name" : "fairly"
  },{
    "minutes" : 0,
    "name" : "very"
  }],
  "calories" : 13,
  "distance" : 0.0,
  "distanceUnit" : "Mile",
  "duration" : 120000,
  "activeDuration" : 120000,
  "steps" : 0,
  "source" : {
    "type" : "app",
    "name" : "MyFitnessPal",
    "id" : "228VC7",
    "url" : "http://www.myfitnesspal.com"
  },
  "logType" : "manual",
  "manualValuesSpecified" : {
    "calories" : true,
    "distance" : true,
    "steps" : true
  },
  "speed" : 0.0,
  "lastModified" : "07/18/16 14:00:01",
  "startTime" : "07/18/16 09:45:00",
  "originalStartTime" : "07/18/16 09:45:00",
  "originalDuration" : 120000,
  "hasGps" : false,
  "shouldFetchDetails" : false
},{
  "logId" : 3528429069,
  "activityName" : "Running (jogging), 6.7 mph (9 min mile) (MyFitnessPal)",
  "activityTypeId" : 5479837,
  "activityLevel" : [{
    "minutes" : 0,
    "name" : "sedentary"
  },{
    "minutes" : 0,
    "name" : "lightly"
  },{
    "minutes" : 0,
    "name" : "fairly"
  },{
    "minutes" : 18,
    "name" : "very"
  }],
  "calories" : 201,
  "distance" : 0.0,
  "distanceUnit" : "Mile",
  "duration" : 1080000,
  "activeDuration" : 1080000,
  "steps" : 0,
  "source" : {
    "type" : "app",
    "name" : "MyFitnessPal",
    "id" : "228VC7",
    "url" : "http://www.myfitnesspal.com"
  },
  "logType" : "manual",
  "manualValuesSpecified" : {
    "calories" : true,
    "distance" : true,
    "steps" : true
  },
  "speed" : 0.0,
  "lastModified" : "08/02/16 16:39:09",
  "startTime" : "08/02/16 09:55:00",
  "originalStartTime" : "08/02/16 09:55:00",
  "originalDuration" : 1080000,
  "hasGps" : false,
  "shouldFetchDetails" : false
},{
  "logId" : 3695312174,
  "activityName" : "Running (jogging), 6 mph (10 min mile) (MyFitnessPal)",
  "activityTypeId" : 8682712,
  "activityLevel" : [{
    "minutes" : 0,
    "name" : "sedentary"
  },{
    "minutes" : 0,
    "name" : "lightly"
  },{
    "minutes" : 0,
    "name" : "fairly"
  },{
    "minutes" : 64,
    "name" : "very"
  }],
  "calories" : 682,
  "distance" : 0.0,
  "distanceUnit" : "Mile",
  "duration" : 3840000,
  "activeDuration" : 3840000,
  "steps" : 0,
  "source" : {
    "type" : "app",
    "name" : "MyFitnessPal",
    "id" : "228VC7",
    "url" : "http://www.myfitnesspal.com"
  },
  "logType" : "manual",
  "manualValuesSpecified" : {
    "calories" : true,
    "distance" : true,
    "steps" : true
  },
  "speed" : 0.0,
  "lastModified" : "08/16/16 14:40:31",
  "startTime" : "08/16/16 09:20:00",
  "originalStartTime" : "08/16/16 09:20:00",
  "originalDuration" : 3840000,
  "hasGps" : false,
  "shouldFetchDetails" : false
},{
  "logId" : 3713846451,
  "activityName" : "Running (jogging), 6 mph (10 min mile) (MyFitnessPal)",
  "activityTypeId" : 8682712,
  "activityLevel" : [{
    "minutes" : 0,
    "name" : "sedentary"
  },{
    "minutes" : 0,
    "name" : "lightly"
  },{
    "minutes" : 0,
    "name" : "fairly"
  },{
    "minutes" : 50,
    "name" : "very"
  }],
  "calories" : 533,
  "distance" : 0.0,
  "distanceUnit" : "Mile",
  "duration" : 3000000,
  "activeDuration" : 3000000,
  "steps" : 0,
  "source" : {
    "type" : "app",
    "name" : "MyFitnessPal",
    "id" : "228VC7",
    "url" : "http://www.myfitnesspal.com"
  },
  "logType" : "manual",
  "manualValuesSpecified" : {
    "calories" : true,
    "distance" : true,
    "steps" : true
  },
  "speed" : 0.0,
  "lastModified" : "08/18/16 14:59:29",
  "startTime" : "08/18/16 09:35:00",
  "originalStartTime" : "08/18/16 09:35:00",
  "originalDuration" : 3000000,
  "hasGps" : false,
  "shouldFetchDetails" : false
},{
  "logId" : 3726708241,
  "activityName" : "Running (jogging), 6 mph (10 min mile) (MyFitnessPal)",
  "activityTypeId" : 8682712,
  "activityLevel" : [{
    "minutes" : 0,
    "name" : "sedentary"
  },{
    "minutes" : 0,
    "name" : "lightly"
  },{
    "minutes" : 0,
    "name" : "fairly"
  },{
    "minutes" : 62,
    "name" : "very"
  }],
  "calories" : 622,
  "distance" : 0.0,
  "distanceUnit" : "Mile",
  "duration" : 3720000,
  "activeDuration" : 3720000,
  "steps" : 0,
  "source" : {
    "type" : "app",
    "name" : "MyFitnessPal",
    "id" : "228VC7",
    "url" : "http://www.myfitnesspal.com"
  },
  "logType" : "manual",
  "manualValuesSpecified" : {
    "calories" : true,
    "distance" : true,
    "steps" : true
  },
  "speed" : 0.0,
  "lastModified" : "08/19/16 14:50:57",
  "startTime" : "08/19/16 09:25:00",
  "originalStartTime" : "08/19/16 09:25:00",
  "originalDuration" : 3720000,
  "hasGps" : false,
  "shouldFetchDetails" : false
},{
  "logId" : 3760984683,
  "activityName" : "Running (jogging), 6 mph (10 min mile) (MyFitnessPal)",
  "activityTypeId" : 8682712,
  "activityLevel" : [{
    "minutes" : 0,
    "name" : "sedentary"
  },{
    "minutes" : 0,
    "name" : "lightly"
  },{
    "minutes" : 0,
    "name" : "fairly"
  },{
    "minutes" : 63,
    "name" : "very"
  }],
  "calories" : 649,
  "distance" : 0.0,
  "distanceUnit" : "Mile",
  "duration" : 3780000,
  "activeDuration" : 3780000,
  "steps" : 0,
  "source" : {
    "type" : "app",
    "name" : "MyFitnessPal",
    "id" : "228VC7",
    "url" : "http://www.myfitnesspal.com"
  },
  "logType" : "manual",
  "manualValuesSpecified" : {
    "calories" : true,
    "distance" : true,
    "steps" : true
  },
  "speed" : 0.0,
  "lastModified" : "08/22/16 15:08:36",
  "startTime" : "08/22/16 09:45:00",
  "originalStartTime" : "08/22/16 09:45:00",
  "originalDuration" : 3780000,
  "hasGps" : false,
  "shouldFetchDetails" : false
},{
  "logId" : 3831270276,
  "activityName" : "Running (jogging), 6 mph (10 min mile) (MyFitnessPal)",
  "activityTypeId" : 8682712,
  "activityLevel" : [{
    "minutes" : 0,
    "name" : "sedentary"
  },{
    "minutes" : 0,
    "name" : "lightly"
  },{
    "minutes" : 0,
    "name" : "fairly"
  },{
    "minutes" : 61,
    "name" : "very"
  }],
  "calories" : 620,
  "distance" : 0.0,
  "distanceUnit" : "Mile",
  "duration" : 3660000,
  "activeDuration" : 3660000,
  "steps" : 0,
  "source" : {
    "type" : "app",
    "name" : "MyFitnessPal",
    "id" : "228VC7",
    "url" : "http://www.myfitnesspal.com"
  },
  "logType" : "manual",
  "manualValuesSpecified" : {
    "calories" : true,
    "distance" : true,
    "steps" : true
  },
  "speed" : 0.0,
  "lastModified" : "08/28/16 00:18:27",
  "startTime" : "08/24/16 10:30:00",
  "originalStartTime" : "08/24/16 10:30:00",
  "originalDuration" : 3660000,
  "hasGps" : false,
  "shouldFetchDetails" : false
},{
  "logId" : 3870249221,
  "activityName" : "Running (jogging), 6 mph (10 min mile) (MyFitnessPal)",
  "activityTypeId" : 8682712,
  "activityLevel" : [{
    "minutes" : 0,
    "name" : "sedentary"
  },{
    "minutes" : 0,
    "name" : "lightly"
  },{
    "minutes" : 0,
    "name" : "fairly"
  },{
    "minutes" : 63,
    "name" : "very"
  }],
  "calories" : 648,
  "distance" : 0.0,
  "distanceUnit" : "Mile",
  "duration" : 3780000,
  "activeDuration" : 3780000,
  "steps" : 0,
  "source" : {
    "type" : "app",
    "name" : "MyFitnessPal",
    "id" : "228VC7",
    "url" : "http://www.myfitnesspal.com"
  },
  "logType" : "manual",
  "manualValuesSpecified" : {
    "calories" : true,
    "distance" : true,
    "steps" : true
  },
  "speed" : 0.0,
  "lastModified" : "08/31/16 16:08:42",
  "startTime" : "08/31/16 10:30:00",
  "originalStartTime" : "08/31/16 10:30:00",
  "originalDuration" : 3780000,
  "hasGps" : false,
  "shouldFetchDetails" : false
},{
  "logId" : 3898670565,
  "activityName" : "Running (jogging), 6.7 mph (9 min mile) (MyFitnessPal)",
  "activityTypeId" : 5479837,
  "activityLevel" : [{
    "minutes" : 0,
    "name" : "sedentary"
  },{
    "minutes" : 0,
    "name" : "lightly"
  },{
    "minutes" : 0,
    "name" : "fairly"
  },{
    "minutes" : 65,
    "name" : "very"
  }],
  "calories" : 707,
  "distance" : 0.0,
  "distanceUnit" : "Mile",
  "duration" : 3900000,
  "activeDuration" : 3900000,
  "steps" : 0,
  "source" : {
    "type" : "app",
    "name" : "MyFitnessPal",
    "id" : "228VC7",
    "url" : "http://www.myfitnesspal.com"
  },
  "logType" : "manual",
  "manualValuesSpecified" : {
    "calories" : true,
    "distance" : true,
    "steps" : true
  },
  "speed" : 0.0,
  "lastModified" : "09/02/16 15:09:07",
  "startTime" : "09/02/16 09:55:00",
  "originalStartTime" : "09/02/16 09:55:00",
  "originalDuration" : 3900000,
  "hasGps" : false,
  "shouldFetchDetails" : false
},{
  "logId" : 3962384761,
  "activityName" : "Running (jogging), 6 mph (10 min mile) (MyFitnessPal)",
  "activityTypeId" : 8682712,
  "activityLevel" : [{
    "minutes" : 0,
    "name" : "sedentary"
  },{
    "minutes" : 0,
    "name" : "lightly"
  },{
    "minutes" : 0,
    "name" : "fairly"
  },{
    "minutes" : 56,
    "name" : "very"
  }],
  "calories" : 549,
  "distance" : 0.0,
  "distanceUnit" : "Mile",
  "duration" : 3360000,
  "activeDuration" : 3360000,
  "steps" : 0,
  "source" : {
    "type" : "app",
    "name" : "MyFitnessPal",
    "id" : "228VC7",
    "url" : "http://www.myfitnesspal.com"
  },
  "logType" : "manual",
  "manualValuesSpecified" : {
    "calories" : true,
    "distance" : true,
    "steps" : true
  },
  "speed" : 0.0,
  "lastModified" : "09/07/16 15:10:39",
  "startTime" : "09/07/16 09:50:00",
  "originalStartTime" : "09/07/16 09:50:00",
  "originalDuration" : 3360000,
  "hasGps" : false,
  "shouldFetchDetails" : false
},{
  "logId" : 4037141941,
  "activityName" : "Running (jogging), 6 mph (10 min mile) (MyFitnessPal)",
  "activityTypeId" : 8682712,
  "activityLevel" : [{
    "minutes" : 0,
    "name" : "sedentary"
  },{
    "minutes" : 0,
    "name" : "lightly"
  },{
    "minutes" : 0,
    "name" : "fairly"
  },{
    "minutes" : 43,
    "name" : "very"
  }],
  "calories" : 414,
  "distance" : 0.0,
  "distanceUnit" : "Mile",
  "duration" : 2580000,
  "activeDuration" : 2580000,
  "steps" : 0,
  "source" : {
    "type" : "app",
    "name" : "MyFitnessPal",
    "id" : "228VC7",
    "url" : "http://www.myfitnesspal.com"
  },
  "logType" : "manual",
  "manualValuesSpecified" : {
    "calories" : true,
    "distance" : true,
    "steps" : true
  },
  "speed" : 0.0,
  "lastModified" : "09/13/16 15:34:17",
  "startTime" : "09/13/16 10:20:00",
  "originalStartTime" : "09/13/16 10:20:00",
  "originalDuration" : 2580000,
  "hasGps" : false,
  "shouldFetchDetails" : false
},{
  "logId" : 4044815217,
  "activityName" : "Running (jogging), 6 mph (10 min mile) (MyFitnessPal)",
  "activityTypeId" : 8682712,
  "activityLevel" : [{
    "minutes" : 0,
    "name" : "sedentary"
  },{
    "minutes" : 0,
    "name" : "lightly"
  },{
    "minutes" : 0,
    "name" : "fairly"
  },{
    "minutes" : 20,
    "name" : "very"
  }],
  "calories" : 191,
  "distance" : 0.0,
  "distanceUnit" : "Mile",
  "duration" : 1200000,
  "activeDuration" : 1200000,
  "steps" : 0,
  "source" : {
    "type" : "app",
    "name" : "MyFitnessPal",
    "id" : "228VC7",
    "url" : "http://www.myfitnesspal.com"
  },
  "logType" : "manual",
  "manualValuesSpecified" : {
    "calories" : true,
    "distance" : true,
    "steps" : true
  },
  "speed" : 0.0,
  "lastModified" : "09/14/16 07:48:36",
  "startTime" : "09/13/16 11:05:00",
  "originalStartTime" : "09/13/16 11:05:00",
  "originalDuration" : 1200000,
  "hasGps" : false,
  "shouldFetchDetails" : false
},{
  "logId" : 11367253732,
  "activityName" : "Walk",
  "activityTypeId" : 90013,
  "activityLevel" : [{
    "minutes" : 0,
    "name" : "sedentary"
  },{
    "minutes" : 60,
    "name" : "lightly"
  },{
    "minutes" : 0,
    "name" : "fairly"
  },{
    "minutes" : 0,
    "name" : "very"
  }],
  "calories" : 153,
  "distance" : 0.004455,
  "distanceUnit" : "Mile",
  "duration" : 3600000,
  "activeDuration" : 3600000,
  "steps" : 10,
  "source" : {
    "type" : "app",
    "name" : "Sync Solver - Health to FB",
    "id" : "229KD7",
    "url" : "http://syncsolver.com"
  },
  "logType" : "manual",
  "manualValuesSpecified" : {
    "calories" : false,
    "distance" : false,
    "steps" : true
  },
  "speed" : 0.004455,
  "pace" : 808080.8080808081,
  "lastModified" : "12/17/17 13:27:40",
  "startTime" : "09/23/16 05:00:00",
  "originalStartTime" : "09/23/16 05:00:00",
  "originalDuration" : 3600000,
  "elevationGain" : 0.0,
  "hasGps" : false,
  "shouldFetchDetails" : false
},{
  "logId" : 11367880046,
  "activityName" : "Walk",
  "activityTypeId" : 90013,
  "activityLevel" : [{
    "minutes" : 0,
    "name" : "sedentary"
  },{
    "minutes" : 60,
    "name" : "lightly"
  },{
    "minutes" : 0,
    "name" : "fairly"
  },{
    "minutes" : 0,
    "name" : "very"
  }],
  "calories" : 153,
  "distance" : 0.002672,
  "distanceUnit" : "Mile",
  "duration" : 3600000,
  "activeDuration" : 3600000,
  "steps" : 6,
  "source" : {
    "type" : "app",
    "name" : "Sync Solver - Health to FB",
    "id" : "229KD7",
    "url" : "http://syncsolver.com"
  },
  "logType" : "manual",
  "manualValuesSpecified" : {
    "calories" : false,
    "distance" : false,
    "steps" : true
  },
  "speed" : 0.002672,
  "pace" : 1347305.389221557,
  "lastModified" : "12/17/17 13:27:40",
  "startTime" : "09/23/16 06:00:00",
  "originalStartTime" : "09/23/16 06:00:00",
  "originalDuration" : 3600000,
  "elevationGain" : 0.0,
  "hasGps" : false,
  "shouldFetchDetails" : false
},{
  "logId" : 11380639771,
  "activityName" : "Walk",
  "activityTypeId" : 90013,
  "activityLevel" : [{
    "minutes" : 0,
    "name" : "sedentary"
  },{
    "minutes" : 60,
    "name" : "lightly"
  },{
    "minutes" : 0,
    "name" : "fairly"
  },{
    "minutes" : 0,
    "name" : "very"
  }],
  "calories" : 153,
  "distance" : 0.004455,
  "distanceUnit" : "Mile",
  "duration" : 3600000,
  "activeDuration" : 3600000,
  "steps" : 10,
  "source" : {
    "type" : "app",
    "name" : "Sync Solver - Health to FB",
    "id" : "229KD7",
    "url" : "http://syncsolver.com"
  },
  "logType" : "manual",
  "manualValuesSpecified" : {
    "calories" : false,
    "distance" : false,
    "steps" : true
  },
  "speed" : 0.004455,
  "pace" : 808080.8080808081,
  "lastModified" : "12/17/17 13:27:41",
  "startTime" : "09/23/16 07:00:00",
  "originalStartTime" : "09/23/16 07:00:00",
  "originalDuration" : 3600000,
  "elevationGain" : 0.0,
  "hasGps" : false,
  "shouldFetchDetails" : false
},{
  "logId" : 11366492150,
  "activityName" : "Walk",
  "activityTypeId" : 90013,
  "activityLevel" : [{
    "minutes" : 0,
    "name" : "sedentary"
  },{
    "minutes" : 60,
    "name" : "lightly"
  },{
    "minutes" : 0,
    "name" : "fairly"
  },{
    "minutes" : 0,
    "name" : "very"
  }],
  "calories" : 153,
  "distance" : 0.006232,
  "distanceUnit" : "Mile",
  "duration" : 3600000,
  "activeDuration" : 3600000,
  "steps" : 14,
  "source" : {
    "type" : "app",
    "name" : "Sync Solver - Health to FB",
    "id" : "229KD7",
    "url" : "http://syncsolver.com"
  },
  "logType" : "manual",
  "manualValuesSpecified" : {
    "calories" : false,
    "distance" : false,
    "steps" : true
  },
  "speed" : 0.006232,
  "pace" : 577663.6713735559,
  "lastModified" : "12/17/17 13:27:41",
  "startTime" : "09/23/16 08:00:00",
  "originalStartTime" : "09/23/16 08:00:00",
  "originalDuration" : 3600000,
  "elevationGain" : 0.0,
  "hasGps" : false,
  "shouldFetchDetails" : false
},{
  "logId" : 11367523423,
  "activityName" : "Walk",
  "activityTypeId" : 90013,
  "activityLevel" : [{
    "minutes" : 0,
    "name" : "sedentary"
  },{
    "minutes" : 60,
    "name" : "lightly"
  },{
    "minutes" : 0,
    "name" : "fairly"
  },{
    "minutes" : 0,
    "name" : "very"
  }],
  "calories" : 153,
  "distance" : 0.004455,
  "distanceUnit" : "Mile",
  "duration" : 3600000,
  "activeDuration" : 3600000,
  "steps" : 10,
  "source" : {
    "type" : "app",
    "name" : "Sync Solver - Health to FB",
    "id" : "229KD7",
    "url" : "http://syncsolver.com"
  },
  "logType" : "manual",
  "manualValuesSpecified" : {
    "calories" : false,
    "distance" : false,
    "steps" : true
  },
  "speed" : 0.004455,
  "pace" : 808080.8080808081,
  "lastModified" : "12/17/17 13:27:41",
  "startTime" : "09/23/16 09:00:00",
  "originalStartTime" : "09/23/16 09:00:00",
  "originalDuration" : 3600000,
  "elevationGain" : 0.0,
  "hasGps" : false,
  "shouldFetchDetails" : false
},{
  "logId" : 11368072780,
  "activityName" : "Walk",
  "activityTypeId" : 90013,
  "activityLevel" : [{
    "minutes" : 0,
    "name" : "sedentary"
  },{
    "minutes" : 60,
    "name" : "lightly"
  },{
    "minutes" : 0,
    "name" : "fairly"
  },{
    "minutes" : 0,
    "name" : "very"
  }],
  "calories" : 153,
  "distance" : 8.89E-4,
  "distanceUnit" : "Mile",
  "duration" : 3600000,
  "activeDuration" : 3600000,
  "steps" : 2,
  "source" : {
    "type" : "app",
    "name" : "Sync Solver - Health to FB",
    "id" : "229KD7",
    "url" : "http://syncsolver.com"
  },
  "logType" : "manual",
  "manualValuesSpecified" : {
    "calories" : false,
    "distance" : false,
    "steps" : true
  },
  "speed" : 8.89E-4,
  "pace" : 4049493.8132733405,
  "lastModified" : "12/17/17 13:27:42",
  "startTime" : "09/23/16 10:00:00",
  "originalStartTime" : "09/23/16 10:00:00",
  "originalDuration" : 3600000,
  "elevationGain" : 0.0,
  "hasGps" : false,
  "shouldFetchDetails" : false
},{
  "logId" : 4297525061,
  "activityName" : "Running (jogging), 6 mph (10 min mile) (MyFitnessPal)",
  "activityTypeId" : 8682712,
  "activityLevel" : [{
    "minutes" : 0,
    "name" : "sedentary"
  },{
    "minutes" : 64,
    "name" : "lightly"
  },{
    "minutes" : 0,
    "name" : "fairly"
  },{
    "minutes" : 0,
    "name" : "very"
  }],
  "calories" : 658,
  "distance" : 0.0,
  "distanceUnit" : "Mile",
  "duration" : 3840000,
  "activeDuration" : 3840000,
  "steps" : 0,
  "source" : {
    "type" : "app",
    "name" : "MyFitnessPal",
    "id" : "228VC7",
    "url" : "http://www.myfitnesspal.com"
  },
  "logType" : "manual",
  "manualValuesSpecified" : {
    "calories" : true,
    "distance" : true,
    "steps" : true
  },
  "speed" : 0.0,
  "lastModified" : "10/03/16 22:49:18",
  "startTime" : "09/23/16 10:05:00",
  "originalStartTime" : "09/23/16 10:05:00",
  "originalDuration" : 3840000,
  "hasGps" : false,
  "shouldFetchDetails" : false
},{
  "logId" : 11368824567,
  "activityName" : "Walk",
  "activityTypeId" : 90013,
  "activityLevel" : [{
    "minutes" : 0,
    "name" : "sedentary"
  },{
    "minutes" : 60,
    "name" : "lightly"
  },{
    "minutes" : 0,
    "name" : "fairly"
  },{
    "minutes" : 0,
    "name" : "very"
  }],
  "calories" : 153,
  "distance" : 0.005344,
  "distanceUnit" : "Mile",
  "duration" : 3600000,
  "activeDuration" : 3600000,
  "steps" : 12,
  "source" : {
    "type" : "app",
    "name" : "Sync Solver - Health to FB",
    "id" : "229KD7",
    "url" : "http://syncsolver.com"
  },
  "logType" : "manual",
  "manualValuesSpecified" : {
    "calories" : false,
    "distance" : false,
    "steps" : true
  },
  "speed" : 0.005344,
  "pace" : 673652.6946107785,
  "lastModified" : "12/17/17 13:27:42",
  "startTime" : "09/23/16 11:00:00",
  "originalStartTime" : "09/23/16 11:00:00",
  "originalDuration" : 3600000,
  "elevationGain" : 0.0,
  "hasGps" : false,
  "shouldFetchDetails" : false
},{
  "logId" : 11367253734,
  "activityName" : "Walk",
  "activityTypeId" : 90013,
  "activityLevel" : [{
    "minutes" : 0,
    "name" : "sedentary"
  },{
    "minutes" : 60,
    "name" : "lightly"
  },{
    "minutes" : 0,
    "name" : "fairly"
  },{
    "minutes" : 0,
    "name" : "very"
  }],
  "calories" : 153,
  "distance" : 0.505218,
  "distanceUnit" : "Mile",
  "duration" : 3600000,
  "activeDuration" : 3600000,
  "steps" : 1134,
  "source" : {
    "type" : "app",
    "name" : "Sync Solver - Health to FB",
    "id" : "229KD7",
    "url" : "http://syncsolver.com"
  },
  "logType" : "manual",
  "manualValuesSpecified" : {
    "calories" : false,
    "distance" : false,
    "steps" : true
  },
  "speed" : 0.505218,
  "pace" : 7125.636853793809,
  "lastModified" : "12/17/17 13:27:42",
  "startTime" : "09/23/16 12:00:00",
  "originalStartTime" : "09/23/16 12:00:00",
  "originalDuration" : 3600000,
  "elevationGain" : 10.0,
  "hasGps" : false,
  "shouldFetchDetails" : false
},{
  "logId" : 11367436726,
  "activityName" : "Walk",
  "activityTypeId" : 90013,
  "activityLevel" : [{
    "minutes" : 0,
    "name" : "sedentary"
  },{
    "minutes" : 60,
    "name" : "lightly"
  },{
    "minutes" : 0,
    "name" : "fairly"
  },{
    "minutes" : 0,
    "name" : "very"
  }],
  "calories" : 153,
  "distance" : 0.436613,
  "distanceUnit" : "Mile",
  "duration" : 3600000,
  "activeDuration" : 3600000,
  "steps" : 980,
  "source" : {
    "type" : "app",
    "name" : "Sync Solver - Health to FB",
    "id" : "229KD7",
    "url" : "http://syncsolver.com"
  },
  "logType" : "manual",
  "manualValuesSpecified" : {
    "calories" : false,
    "distance" : false,
    "steps" : true
  },
  "speed" : 0.436613,
  "pace" : 8245.288161369452,
  "lastModified" : "12/17/17 13:27:43",
  "startTime" : "09/23/16 13:00:00",
  "originalStartTime" : "09/23/16 13:00:00",
  "originalDuration" : 3600000,
  "elevationGain" : 20.0,
  "hasGps" : false,
  "shouldFetchDetails" : false
},{
  "logId" : 11366251245,
  "activityName" : "Walk",
  "activityTypeId" : 90013,
  "activityLevel" : [{
    "minutes" : 0,
    "name" : "sedentary"
  },{
    "minutes" : 60,
    "name" : "lightly"
  },{
    "minutes" : 0,
    "name" : "fairly"
  },{
    "minutes" : 0,
    "name" : "very"
  }],
  "calories" : 153,
  "distance" : 1.545965,
  "distanceUnit" : "Mile",
  "duration" : 3600000,
  "activeDuration" : 3600000,
  "steps" : 3470,
  "source" : {
    "type" : "app",
    "name" : "Sync Solver - Health to FB",
    "id" : "229KD7",
    "url" : "http://syncsolver.com"
  },
  "logType" : "manual",
  "manualValuesSpecified" : {
    "calories" : false,
    "distance" : false,
    "steps" : true
  },
  "speed" : 1.545965,
  "pace" : 2328.6426277438363,
  "lastModified" : "12/17/17 13:27:43",
  "startTime" : "09/23/16 14:00:00",
  "originalStartTime" : "09/23/16 14:00:00",
  "originalDuration" : 3600000,
  "elevationGain" : 0.0,
  "hasGps" : false,
  "shouldFetchDetails" : false
},{
  "logId" : 11368063298,
  "activityName" : "Walk",
  "activityTypeId" : 90013,
  "activityLevel" : [{
    "minutes" : 0,
    "name" : "sedentary"
  },{
    "minutes" : 60,
    "name" : "lightly"
  },{
    "minutes" : 0,
    "name" : "fairly"
  },{
    "minutes" : 0,
    "name" : "very"
  }],
  "calories" : 253,
  "distance" : 3.131133,
  "distanceUnit" : "Mile",
  "duration" : 3600000,
  "activeDuration" : 3600000,
  "steps" : 7028,
  "source" : {
    "type" : "app",
    "name" : "Sync Solver - Health to FB",
    "id" : "229KD7",
    "url" : "http://syncsolver.com"
  },
  "logType" : "manual",
  "manualValuesSpecified" : {
    "calories" : false,
    "distance" : false,
    "steps" : true
  },
  "speed" : 3.131133,
  "pace" : 1149.7435592802988,
  "lastModified" : "12/17/17 13:27:43",
  "startTime" : "09/23/16 15:00:00",
  "originalStartTime" : "09/23/16 15:00:00",
  "originalDuration" : 3600000,
  "elevationGain" : 10.0,
  "hasGps" : false,
  "shouldFetchDetails" : false
},{
  "logId" : 11368680119,
  "activityName" : "Walk",
  "activityTypeId" : 90013,
  "activityLevel" : [{
    "minutes" : 0,
    "name" : "sedentary"
  },{
    "minutes" : 60,
    "name" : "lightly"
  },{
    "minutes" : 0,
    "name" : "fairly"
  },{
    "minutes" : 0,
    "name" : "very"
  }],
  "calories" : 153,
  "distance" : 1.09242,
  "distanceUnit" : "Mile",
  "duration" : 3600000,
  "activeDuration" : 3600000,
  "steps" : 2452,
  "source" : {
    "type" : "app",
    "name" : "Sync Solver - Health to FB",
    "id" : "229KD7",
    "url" : "http://syncsolver.com"
  },
  "logType" : "manual",
  "manualValuesSpecified" : {
    "calories" : false,
    "distance" : false,
    "steps" : true
  },
  "speed" : 1.09242,
  "pace" : 3295.435821387379,
  "lastModified" : "12/17/17 13:27:43",
  "startTime" : "09/23/16 16:00:00",
  "originalStartTime" : "09/23/16 16:00:00",
  "originalDuration" : 3600000,
  "elevationGain" : 0.0,
  "hasGps" : false,
  "shouldFetchDetails" : false
},{
  "logId" : 11367321044,
  "activityName" : "Walk",
  "activityTypeId" : 90013,
  "activityLevel" : [{
    "minutes" : 0,
    "name" : "sedentary"
  },{
    "minutes" : 60,
    "name" : "lightly"
  },{
    "minutes" : 0,
    "name" : "fairly"
  },{
    "minutes" : 0,
    "name" : "very"
  }],
  "calories" : 153,
  "distance" : 0.261075,
  "distanceUnit" : "Mile",
  "duration" : 3600000,
  "activeDuration" : 3600000,
  "steps" : 586,
  "source" : {
    "type" : "app",
    "name" : "Sync Solver - Health to FB",
    "id" : "229KD7",
    "url" : "http://syncsolver.com"
  },
  "logType" : "manual",
  "manualValuesSpecified" : {
    "calories" : false,
    "distance" : false,
    "steps" : true
  },
  "speed" : 0.261075,
  "pace" : 13789.141051422004,
  "lastModified" : "12/17/17 13:27:44",
  "startTime" : "09/23/16 17:00:00",
  "originalStartTime" : "09/23/16 17:00:00",
  "originalDuration" : 3600000,
  "elevationGain" : 0.0,
  "hasGps" : false,
  "shouldFetchDetails" : false
},{
  "logId" : 11366424708,
  "activityName" : "Walk",
  "activityTypeId" : 90013,
  "activityLevel" : [{
    "minutes" : 0,
    "name" : "sedentary"
  },{
    "minutes" : 60,
    "name" : "lightly"
  },{
    "minutes" : 0,
    "name" : "fairly"
  },{
    "minutes" : 0,
    "name" : "very"
  }],
  "calories" : 153,
  "distance" : 0.029403,
  "distanceUnit" : "Mile",
  "duration" : 3600000,
  "activeDuration" : 3600000,
  "steps" : 66,
  "source" : {
    "type" : "app",
    "name" : "Sync Solver - Health to FB",
    "id" : "229KD7",
    "url" : "http://syncsolver.com"
  },
  "logType" : "manual",
  "manualValuesSpecified" : {
    "calories" : false,
    "distance" : false,
    "steps" : true
  },
  "speed" : 0.029403,
  "pace" : 122436.48607284972,
  "lastModified" : "12/17/17 13:27:44",
  "startTime" : "09/23/16 18:00:00",
  "originalStartTime" : "09/23/16 18:00:00",
  "originalDuration" : 3600000,
  "elevationGain" : 0.0,
  "hasGps" : false,
  "shouldFetchDetails" : false
},{
  "logId" : 11367253735,
  "activityName" : "Walk",
  "activityTypeId" : 90013,
  "activityLevel" : [{
    "minutes" : 0,
    "name" : "sedentary"
  },{
    "minutes" : 60,
    "name" : "lightly"
  },{
    "minutes" : 0,
    "name" : "fairly"
  },{
    "minutes" : 0,
    "name" : "very"
  }],
  "calories" : 153,
  "distance" : 0.19068,
  "distanceUnit" : "Mile",
  "duration" : 3600000,
  "activeDuration" : 3600000,
  "steps" : 428,
  "source" : {
    "type" : "app",
    "name" : "Sync Solver - Health to FB",
    "id" : "229KD7",
    "url" : "http://syncsolver.com"
  },
  "logType" : "manual",
  "manualValuesSpecified" : {
    "calories" : false,
    "distance" : false,
    "steps" : true
  },
  "speed" : 0.19068,
  "pace" : 18879.798615481435,
  "lastModified" : "12/17/17 13:27:44",
  "startTime" : "09/23/16 19:00:00",
  "originalStartTime" : "09/23/16 19:00:00",
  "originalDuration" : 3600000,
  "elevationGain" : 0.0,
  "hasGps" : false,
  "shouldFetchDetails" : false
},{
  "logId" : 11368053739,
  "activityName" : "Walk",
  "activityTypeId" : 90013,
  "activityLevel" : [{
    "minutes" : 0,
    "name" : "sedentary"
  },{
    "minutes" : 60,
    "name" : "lightly"
  },{
    "minutes" : 0,
    "name" : "fairly"
  },{
    "minutes" : 0,
    "name" : "very"
  }],
  "calories" : 153,
  "distance" : 0.301172,
  "distanceUnit" : "Mile",
  "duration" : 3600000,
  "activeDuration" : 3600000,
  "steps" : 676,
  "source" : {
    "type" : "app",
    "name" : "Sync Solver - Health to FB",
    "id" : "229KD7",
    "url" : "http://syncsolver.com"
  },
  "logType" : "manual",
  "manualValuesSpecified" : {
    "calories" : false,
    "distance" : false,
    "steps" : true
  },
  "speed" : 0.301172,
  "pace" : 11953.302431832974,
  "lastModified" : "12/17/17 13:27:45",
  "startTime" : "09/23/16 20:00:00",
  "originalStartTime" : "09/23/16 20:00:00",
  "originalDuration" : 3600000,
  "elevationGain" : 20.0,
  "hasGps" : false,
  "shouldFetchDetails" : false
},{
  "logId" : 11367446340,
  "activityName" : "Walk",
  "activityTypeId" : 90013,
  "activityLevel" : [{
    "minutes" : 0,
    "name" : "sedentary"
  },{
    "minutes" : 60,
    "name" : "lightly"
  },{
    "minutes" : 0,
    "name" : "fairly"
  },{
    "minutes" : 0,
    "name" : "very"
  }],
  "calories" : 153,
  "distance" : 0.263747,
  "distanceUnit" : "Mile",
  "duration" : 3600000,
  "activeDuration" : 3600000,
  "steps" : 592,
  "source" : {
    "type" : "app",
    "name" : "Sync Solver - Health to FB",
    "id" : "229KD7",
    "url" : "http://syncsolver.com"
  },
  "logType" : "manual",
  "manualValuesSpecified" : {
    "calories" : false,
    "distance" : false,
    "steps" : true
  },
  "speed" : 0.263747,
  "pace" : 13649.444353869427,
  "lastModified" : "12/17/17 13:27:45",
  "startTime" : "09/23/16 21:00:00",
  "originalStartTime" : "09/23/16 21:00:00",
  "originalDuration" : 3600000,
  "elevationGain" : 0.0,
  "hasGps" : false,
  "shouldFetchDetails" : false
},{
  "logId" : 11366299369,
  "activityName" : "Walk",
  "activityTypeId" : 90013,
  "activityLevel" : [{
    "minutes" : 0,
    "name" : "sedentary"
  },{
    "minutes" : 60,
    "name" : "lightly"
  },{
    "minutes" : 0,
    "name" : "fairly"
  },{
    "minutes" : 0,
    "name" : "very"
  }],
  "calories" : 153,
  "distance" : 0.106031,
  "distanceUnit" : "Mile",
  "duration" : 3600000,
  "activeDuration" : 3600000,
  "steps" : 238,
  "source" : {
    "type" : "app",
    "name" : "Sync Solver - Health to FB",
    "id" : "229KD7",
    "url" : "http://syncsolver.com"
  },
  "logType" : "manual",
  "manualValuesSpecified" : {
    "calories" : false,
    "distance" : false,
    "steps" : true
  },
  "speed" : 0.106031,
  "pace" : 33952.334694570454,
  "lastModified" : "12/17/17 15:45:42",
  "startTime" : "09/23/16 22:00:00",
  "originalStartTime" : "09/23/16 22:00:00",
  "originalDuration" : 3600000,
  "elevationGain" : 0.0,
  "hasGps" : false,
  "shouldFetchDetails" : false
},{
  "logId" : 11367475369,
  "activityName" : "Walk",
  "activityTypeId" : 90013,
  "activityLevel" : [{
    "minutes" : 0,
    "name" : "sedentary"
  },{
    "minutes" : 60,
    "name" : "lightly"
  },{
    "minutes" : 0,
    "name" : "fairly"
  },{
    "minutes" : 0,
    "name" : "very"
  }],
  "calories" : 153,
  "distance" : 0.024948,
  "distanceUnit" : "Mile",
  "duration" : 3600000,
  "activeDuration" : 3600000,
  "steps" : 56,
  "source" : {
    "type" : "app",
    "name" : "Sync Solver - Health to FB",
    "id" : "229KD7",
    "url" : "http://syncsolver.com"
  },
  "logType" : "manual",
  "manualValuesSpecified" : {
    "calories" : false,
    "distance" : false,
    "steps" : true
  },
  "speed" : 0.024948,
  "pace" : 144300.14430014428,
  "lastModified" : "12/17/17 15:45:42",
  "startTime" : "09/23/16 23:00:00",
  "originalStartTime" : "09/23/16 23:00:00",
  "originalDuration" : 3600000,
  "elevationGain" : 20.0,
  "hasGps" : false,
  "shouldFetchDetails" : false
},{
  "logId" : 11368121159,
  "activityName" : "Walk",
  "activityTypeId" : 90013,
  "activityLevel" : [{
    "minutes" : 0,
    "name" : "sedentary"
  },{
    "minutes" : 60,
    "name" : "lightly"
  },{
    "minutes" : 0,
    "name" : "fairly"
  },{
    "minutes" : 0,
    "name" : "very"
  }],
  "calories" : 153,
  "distance" : 0.081971,
  "distanceUnit" : "Mile",
  "duration" : 3600000,
  "activeDuration" : 3600000,
  "steps" : 184,
  "source" : {
    "type" : "app",
    "name" : "Sync Solver - Health to FB",
    "id" : "229KD7",
    "url" : "http://syncsolver.com"
  },
  "logType" : "manual",
  "manualValuesSpecified" : {
    "calories" : false,
    "distance" : false,
    "steps" : true
  },
  "speed" : 0.081971,
  "pace" : 43917.97098974027,
  "lastModified" : "12/17/17 15:45:42",
  "startTime" : "09/24/16 00:00:00",
  "originalStartTime" : "09/24/16 00:00:00",
  "originalDuration" : 3600000,
  "elevationGain" : 10.0,
  "hasGps" : false,
  "shouldFetchDetails" : false
},{
  "logId" : 11366222247,
  "activityName" : "Walk",
  "activityTypeId" : 90013,
  "activityLevel" : [{
    "minutes" : 0,
    "name" : "sedentary"
  },{
    "minutes" : 60,
    "name" : "lightly"
  },{
    "minutes" : 0,
    "name" : "fairly"
  },{
    "minutes" : 0,
    "name" : "very"
  }],
  "calories" : 153,
  "distance" : 0.18177,
  "distanceUnit" : "Mile",
  "duration" : 3600000,
  "activeDuration" : 3600000,
  "steps" : 408,
  "source" : {
    "type" : "app",
    "name" : "Sync Solver - Health to FB",
    "id" : "229KD7",
    "url" : "http://syncsolver.com"
  },
  "logType" : "manual",
  "manualValuesSpecified" : {
    "calories" : false,
    "distance" : false,
    "steps" : true
  },
  "speed" : 0.18177,
  "pace" : 19805.24839082357,
  "lastModified" : "12/17/17 15:45:43",
  "startTime" : "09/24/16 01:00:00",
  "originalStartTime" : "09/24/16 01:00:00",
  "originalDuration" : 3600000,
  "elevationGain" : 0.0,
  "hasGps" : false,
  "shouldFetchDetails" : false
},{
  "logId" : 11366443973,
  "activityName" : "Walk",
  "activityTypeId" : 90013,
  "activityLevel" : [{
    "minutes" : 0,
    "name" : "sedentary"
  },{
    "minutes" : 60,
    "name" : "lightly"
  },{
    "minutes" : 0,
    "name" : "fairly"
  },{
    "minutes" : 0,
    "name" : "very"
  }],
  "calories" : 153,
  "distance" : 0.021381,
  "distanceUnit" : "Mile",
  "duration" : 3600000,
  "activeDuration" : 3600000,
  "steps" : 48,
  "source" : {
    "type" : "app",
    "name" : "Sync Solver - Health to FB",
    "id" : "229KD7",
    "url" : "http://syncsolver.com"
  },
  "logType" : "manual",
  "manualValuesSpecified" : {
    "calories" : false,
    "distance" : false,
    "steps" : true
  },
  "speed" : 0.021381,
  "pace" : 168373.78981338572,
  "lastModified" : "12/17/17 15:45:43",
  "startTime" : "09/24/16 02:00:00",
  "originalStartTime" : "09/24/16 02:00:00",
  "originalDuration" : 3600000,
  "elevationGain" : 0.0,
  "hasGps" : false,
  "shouldFetchDetails" : false
},{
  "logId" : 11367243936,
  "activityName" : "Walk",
  "activityTypeId" : 90013,
  "activityLevel" : [{
    "minutes" : 0,
    "name" : "sedentary"
  },{
    "minutes" : 60,
    "name" : "lightly"
  },{
    "minutes" : 0,
    "name" : "fairly"
  },{
    "minutes" : 0,
    "name" : "very"
  }],
  "calories" : 153,
  "distance" : 0.287359,
  "distanceUnit" : "Mile",
  "duration" : 3600000,
  "activeDuration" : 3600000,
  "steps" : 645,
  "source" : {
    "type" : "app",
    "name" : "Sync Solver - Health to FB",
    "id" : "229KD7",
    "url" : "http://syncsolver.com"
  },
  "logType" : "manual",
  "manualValuesSpecified" : {
    "calories" : false,
    "distance" : false,
    "steps" : true
  },
  "speed" : 0.287359,
  "pace" : 12527.883240128203,
  "lastModified" : "12/17/17 15:45:43",
  "startTime" : "09/24/16 03:00:00",
  "originalStartTime" : "09/24/16 03:00:00",
  "originalDuration" : 3600000,
  "elevationGain" : 10.0,
  "hasGps" : false,
  "shouldFetchDetails" : false
},{
  "logId" : 11367427088,
  "activityName" : "Walk",
  "activityTypeId" : 90013,
  "activityLevel" : [{
    "minutes" : 0,
    "name" : "sedentary"
  },{
    "minutes" : 60,
    "name" : "lightly"
  },{
    "minutes" : 0,
    "name" : "fairly"
  },{
    "minutes" : 0,
    "name" : "very"
  }],
  "calories" : 153,
  "distance" : 0.018709,
  "distanceUnit" : "Mile",
  "duration" : 3600000,
  "activeDuration" : 3600000,
  "steps" : 42,
  "source" : {
    "type" : "app",
    "name" : "Sync Solver - Health to FB",
    "id" : "229KD7",
    "url" : "http://syncsolver.com"
  },
  "logType" : "manual",
  "manualValuesSpecified" : {
    "calories" : false,
    "distance" : false,
    "steps" : true
  },
  "speed" : 0.018709,
  "pace" : 192420.76006200226,
  "lastModified" : "12/17/17 15:45:43",
  "startTime" : "09/24/16 04:00:00",
  "originalStartTime" : "09/24/16 04:00:00",
  "originalDuration" : 3600000,
  "elevationGain" : 0.0,
  "hasGps" : false,
  "shouldFetchDetails" : false
},{
  "logId" : 11367321145,
  "activityName" : "Walk",
  "activityTypeId" : 90013,
  "activityLevel" : [{
    "minutes" : 0,
    "name" : "sedentary"
  },{
    "minutes" : 60,
    "name" : "lightly"
  },{
    "minutes" : 0,
    "name" : "fairly"
  },{
    "minutes" : 0,
    "name" : "very"
  }],
  "calories" : 153,
  "distance" : 0.006232,
  "distanceUnit" : "Mile",
  "duration" : 3600000,
  "activeDuration" : 3600000,
  "steps" : 14,
  "source" : {
    "type" : "app",
    "name" : "Sync Solver - Health to FB",
    "id" : "229KD7",
    "url" : "http://syncsolver.com"
  },
  "logType" : "manual",
  "manualValuesSpecified" : {
    "calories" : false,
    "distance" : false,
    "steps" : true
  },
  "speed" : 0.006232,
  "pace" : 577663.6713735559,
  "lastModified" : "12/17/17 15:45:44",
  "startTime" : "09/24/16 05:00:00",
  "originalStartTime" : "09/24/16 05:00:00",
  "originalDuration" : 3600000,
  "elevationGain" : 0.0,
  "hasGps" : false,
  "shouldFetchDetails" : false
},{
  "logId" : 11367880144,
  "activityName" : "Walk",
  "activityTypeId" : 90013,
  "activityLevel" : [{
    "minutes" : 0,
    "name" : "sedentary"
  },{
    "minutes" : 60,
    "name" : "lightly"
  },{
    "minutes" : 0,
    "name" : "fairly"
  },{
    "minutes" : 0,
    "name" : "very"
  }],
  "calories" : 153,
  "distance" : 0.008016,
  "distanceUnit" : "Mile",
  "duration" : 3600000,
  "activeDuration" : 3600000,
  "steps" : 18,
  "source" : {
    "type" : "app",
    "name" : "Sync Solver - Health to FB",
    "id" : "229KD7",
    "url" : "http://syncsolver.com"
  },
  "logType" : "manual",
  "manualValuesSpecified" : {
    "calories" : false,
    "distance" : false,
    "steps" : true
  },
  "speed" : 0.008016,
  "pace" : 449101.7964071856,
  "lastModified" : "12/17/17 15:45:44",
  "startTime" : "09/24/16 06:00:00",
  "originalStartTime" : "09/24/16 06:00:00",
  "originalDuration" : 3600000,
  "elevationGain" : 0.0,
  "hasGps" : false,
  "shouldFetchDetails" : false
},{
  "logId" : 11366492252,
  "activityName" : "Walk",
  "activityTypeId" : 90013,
  "activityLevel" : [{
    "minutes" : 0,
    "name" : "sedentary"
  },{
    "minutes" : 60,
    "name" : "lightly"
  },{
    "minutes" : 0,
    "name" : "fairly"
  },{
    "minutes" : 0,
    "name" : "very"
  }],
  "calories" : 153,
  "distance" : 0.001777,
  "distanceUnit" : "Mile",
  "duration" : 3600000,
  "activeDuration" : 3600000,
  "steps" : 4,
  "source" : {
    "type" : "app",
    "name" : "Sync Solver - Health to FB",
    "id" : "229KD7",
    "url" : "http://syncsolver.com"
  },
  "logType" : "manual",
  "manualValuesSpecified" : {
    "calories" : false,
    "distance" : false,
    "steps" : true
  },
  "speed" : 0.001777,
  "pace" : 2025886.3252673044,
  "lastModified" : "12/17/17 15:45:44",
  "startTime" : "09/24/16 07:00:00",
  "originalStartTime" : "09/24/16 07:00:00",
  "originalDuration" : 3600000,
  "elevationGain" : 0.0,
  "hasGps" : false,
  "shouldFetchDetails" : false
}]