[{
  "logId" : 929496392,
  "loggedFood" : {
    "foodId" : 0,
    "name" : "Burger, Bun",
    "brand" : "Lose It!",
    "accessLevel" : "PRIVATE",
    "units" : [201],
    "calories" : 400,
    "amount" : 1.0,
    "unit" : {
      "id" : 201,
      "name" : "meal",
      "plural" : "meals"
    },
    "mealTypeId" : 3
  },
  "nutritionalValues" : {
    "calories" : 400,
    "fat" : 13.0,
    "fiber" : 14.0,
    "carbs" : 57.0,
    "sodium" : 1000.0,
    "protein" : 25.0
  },
  "logDate" : "2014-06-03",
  "favorite" : false
},{
  "logId" : 929070687,
  "loggedFood" : {
    "foodId" : 0,
    "name" : "Milk, Protein Plus",
    "brand" : "Lose It!",
    "accessLevel" : "PRIVATE",
    "units" : [201],
    "calories" : 320,
    "amount" : 1.0,
    "unit" : {
      "id" : 201,
      "name" : "meal",
      "plural" : "meals"
    },
    "mealTypeId" : 1
  },
  "nutritionalValues" : {
    "calories" : 320,
    "fat" : 5.2,
    "fiber" : 0.0,
    "carbs" : 20.0,
    "sodium" : 368.0,
    "protein" : 48.0
  },
  "logDate" : "2014-06-03",
  "favorite" : false
},{
  "logId" : 926714688,
  "loggedFood" : {
    "foodId" : 0,
    "name" : "Cheese, Garbage Trail Mix",
    "brand" : "Lose It!",
    "accessLevel" : "PRIVATE",
    "units" : [201],
    "calories" : 299,
    "amount" : 1.0,
    "unit" : {
      "id" : 201,
      "name" : "meal",
      "plural" : "meals"
    },
    "mealTypeId" : 7
  },
  "nutritionalValues" : {
    "calories" : 299,
    "fat" : 20.7,
    "fiber" : 3.0,
    "carbs" : 17.4,
    "sodium" : 280.6,
    "protein" : 12.0
  },
  "logDate" : "2014-06-02",
  "favorite" : false
},{
  "logId" : 926400047,
  "loggedFood" : {
    "foodId" : 0,
    "name" : "Whey Protein Shake, Dark Chocolate Nuts & Sea Salt",
    "brand" : "Lose It!",
    "accessLevel" : "PRIVATE",
    "units" : [201],
    "calories" : 340,
    "amount" : 1.0,
    "unit" : {
      "id" : 201,
      "name" : "meal",
      "plural" : "meals"
    },
    "mealTypeId" : 3
  },
  "nutritionalValues" : {
    "calories" : 340,
    "fat" : 18.5,
    "fiber" : 9.0,
    "carbs" : 24.0,
    "sodium" : 415.0,
    "protein" : 26.0
  },
  "logDate" : "2014-06-02",
  "favorite" : false
},{
  "logId" : 925755908,
  "loggedFood" : {
    "foodId" : 0,
    "name" : "Muscle Milk Drink, Milk",
    "brand" : "Lose It!",
    "accessLevel" : "PRIVATE",
    "units" : [201],
    "calories" : 171,
    "amount" : 1.0,
    "unit" : {
      "id" : 201,
      "name" : "meal",
      "plural" : "meals"
    },
    "mealTypeId" : 1
  },
  "nutritionalValues" : {
    "calories" : 171,
    "fat" : 4.0,
    "fiber" : 2.0,
    "carbs" : 11.0,
    "sodium" : 345.7,
    "protein" : 22.1
  },
  "logDate" : "2014-06-02",
  "favorite" : false
},{
  "logId" : 918240150,
  "loggedFood" : {
    "foodId" : 0,
    "name" : "Dark Chocolate Nuts & Sea Salt",
    "brand" : "Lose It!",
    "accessLevel" : "PRIVATE",
    "units" : [201],
    "calories" : 200,
    "amount" : 1.0,
    "unit" : {
      "id" : 201,
      "name" : "meal",
      "plural" : "meals"
    },
    "mealTypeId" : 7
  },
  "nutritionalValues" : {
    "calories" : 200,
    "fat" : 15.0,
    "fiber" : 7.0,
    "carbs" : 16.0,
    "sodium" : 125.0,
    "protein" : 6.0
  },
  "logDate" : "2014-05-30",
  "favorite" : false
},{
  "logId" : 914714199,
  "loggedFood" : {
    "foodId" : 0,
    "name" : "Protein Plus, Milk",
    "brand" : "Lose It!",
    "accessLevel" : "PRIVATE",
    "units" : [201],
    "calories" : 280,
    "amount" : 1.0,
    "unit" : {
      "id" : 201,
      "name" : "meal",
      "plural" : "meals"
    },
    "mealTypeId" : 1
  },
  "nutritionalValues" : {
    "calories" : 280,
    "fat" : 6.2,
    "fiber" : 2.0,
    "carbs" : 8.0,
    "sodium" : 408.0,
    "protein" : 48.0
  },
  "logDate" : "2014-05-29",
  "favorite" : false
},{
  "logId" : 910735466,
  "loggedFood" : {
    "foodId" : 0,
    "name" : "Banana",
    "brand" : "Lose It!",
    "accessLevel" : "PRIVATE",
    "units" : [201],
    "calories" : 121,
    "amount" : 1.0,
    "unit" : {
      "id" : 201,
      "name" : "meal",
      "plural" : "meals"
    },
    "mealTypeId" : 5
  },
  "nutritionalValues" : {
    "calories" : 121,
    "fat" : 0.4,
    "fiber" : 3.5,
    "carbs" : 31.1,
    "sodium" : 1.4,
    "protein" : 1.5
  },
  "logDate" : "2014-05-27",
  "favorite" : false
},{
  "logId" : 908758965,
  "loggedFood" : {
    "foodId" : 0,
    "name" : "Apple, Kind Bar, Wasabi peas",
    "brand" : "Lose It!",
    "accessLevel" : "PRIVATE",
    "units" : [201],
    "calories" : 416,
    "amount" : 1.0,
    "unit" : {
      "id" : 201,
      "name" : "meal",
      "plural" : "meals"
    },
    "mealTypeId" : 3
  },
  "nutritionalValues" : {
    "calories" : 416,
    "fat" : 13.4,
    "fiber" : 11.4,
    "carbs" : 72.8,
    "sodium" : 267.2,
    "protein" : 7.6
  },
  "logDate" : "2014-05-27",
  "favorite" : false
},{
  "logId" : 908074385,
  "loggedFood" : {
    "foodId" : 0,
    "name" : "Protein Plus, Almond Milk",
    "brand" : "Lose It!",
    "accessLevel" : "PRIVATE",
    "units" : [201],
    "calories" : 208,
    "amount" : 1.0,
    "unit" : {
      "id" : 201,
      "name" : "meal",
      "plural" : "meals"
    },
    "mealTypeId" : 1
  },
  "nutritionalValues" : {
    "calories" : 208,
    "fat" : 0.8,
    "fiber" : 0.2,
    "carbs" : 4.0,
    "sodium" : 85.5,
    "protein" : 46.2
  },
  "logDate" : "2014-05-27",
  "favorite" : false
},{
  "logId" : 895354422,
  "loggedFood" : {
    "foodId" : 0,
    "name" : "Dark Chocolate Nuts & Sea Salt",
    "brand" : "Lose It!",
    "accessLevel" : "PRIVATE",
    "units" : [201],
    "calories" : 200,
    "amount" : 1.0,
    "unit" : {
      "id" : 201,
      "name" : "meal",
      "plural" : "meals"
    },
    "mealTypeId" : 7
  },
  "nutritionalValues" : {
    "calories" : 200,
    "fat" : 15.0,
    "fiber" : 7.0,
    "carbs" : 16.0,
    "sodium" : 125.0,
    "protein" : 6.0
  },
  "logDate" : "2014-05-22",
  "favorite" : false
},{
  "logId" : 896159478,
  "loggedFood" : {
    "foodId" : 0,
    "name" : "Amino 1",
    "brand" : "Lose It!",
    "accessLevel" : "PRIVATE",
    "units" : [201],
    "calories" : 5,
    "amount" : 1.0,
    "unit" : {
      "id" : 201,
      "name" : "meal",
      "plural" : "meals"
    },
    "mealTypeId" : 3
  },
  "nutritionalValues" : {
    "calories" : 5,
    "fat" : 0.0,
    "fiber" : 0.0,
    "carbs" : 1.0,
    "sodium" : 40.0,
    "protein" : 0.0
  },
  "logDate" : "2014-05-22",
  "favorite" : false
},{
  "logId" : 895350344,
  "loggedFood" : {
    "foodId" : 0,
    "name" : "Protein Plus, Milk",
    "brand" : "Lose It!",
    "accessLevel" : "PRIVATE",
    "units" : [201],
    "calories" : 260,
    "amount" : 1.0,
    "unit" : {
      "id" : 201,
      "name" : "meal",
      "plural" : "meals"
    },
    "mealTypeId" : 1
  },
  "nutritionalValues" : {
    "calories" : 260,
    "fat" : 4.7,
    "fiber" : 1.5,
    "carbs" : 7.0,
    "sodium" : 318.0,
    "protein" : 47.5
  },
  "logDate" : "2014-05-22",
  "favorite" : false
},{
  "logId" : 893404820,
  "loggedFood" : {
    "foodId" : 0,
    "name" : "Wasabi peas, Cranberry Almond Kind bar",
    "brand" : "Lose It!",
    "accessLevel" : "PRIVATE",
    "units" : [201],
    "calories" : 300,
    "amount" : 1.0,
    "unit" : {
      "id" : 201,
      "name" : "meal",
      "plural" : "meals"
    },
    "mealTypeId" : 3
  },
  "nutritionalValues" : {
    "calories" : 300,
    "fat" : 12.0,
    "fiber" : 3.5,
    "carbs" : 41.0,
    "sodium" : 260.0,
    "protein" : 8.0
  },
  "logDate" : "2014-05-21",
  "favorite" : false
},{
  "logId" : 893407147,
  "loggedFood" : {
    "foodId" : 0,
    "name" : "Milk, Dark Chocolate Cherry Cashew",
    "brand" : "Lose It!",
    "accessLevel" : "PRIVATE",
    "units" : [201],
    "calories" : 185,
    "amount" : 1.0,
    "unit" : {
      "id" : 201,
      "name" : "meal",
      "plural" : "meals"
    },
    "mealTypeId" : 1
  },
  "nutritionalValues" : {
    "calories" : 185,
    "fat" : 9.4,
    "fiber" : 2.6,
    "carbs" : 22.2,
    "sodium" : 42.5,
    "protein" : 4.1
  },
  "logDate" : "2014-05-21",
  "favorite" : false
},{
  "logId" : 886072924,
  "loggedFood" : {
    "foodId" : 0,
    "name" : "Muscle Milk Chocolate",
    "brand" : "Lose It!",
    "accessLevel" : "PRIVATE",
    "units" : [201],
    "calories" : 340,
    "amount" : 1.0,
    "unit" : {
      "id" : 201,
      "name" : "meal",
      "plural" : "meals"
    },
    "mealTypeId" : 3
  },
  "nutritionalValues" : {
    "calories" : 340,
    "fat" : 16.0,
    "fiber" : 2.0,
    "carbs" : 16.0,
    "sodium" : 460.0,
    "protein" : 34.0
  },
  "logDate" : "2014-05-19",
  "favorite" : false
},{
  "logId" : 885111107,
  "loggedFood" : {
    "foodId" : 0,
    "name" : "Milk, Kind Bar",
    "brand" : "Lose It!",
    "accessLevel" : "PRIVATE",
    "units" : [201],
    "calories" : 185,
    "amount" : 1.0,
    "unit" : {
      "id" : 201,
      "name" : "meal",
      "plural" : "meals"
    },
    "mealTypeId" : 1
  },
  "nutritionalValues" : {
    "calories" : 185,
    "fat" : 10.4,
    "fiber" : 5.1,
    "carbs" : 23.2,
    "sodium" : 47.5,
    "protein" : 3.1
  },
  "logDate" : "2014-05-19",
  "favorite" : false
},{
  "logId" : 878276529,
  "loggedFood" : {
    "foodId" : 0,
    "name" : "Chili, Cheese",
    "brand" : "Lose It!",
    "accessLevel" : "PRIVATE",
    "units" : [201],
    "calories" : 250,
    "amount" : 1.0,
    "unit" : {
      "id" : 201,
      "name" : "meal",
      "plural" : "meals"
    },
    "mealTypeId" : 3
  },
  "nutritionalValues" : {
    "calories" : 250,
    "fat" : 10.9,
    "fiber" : 7.0,
    "carbs" : 24.5,
    "sodium" : 717.5,
    "protein" : 14.0
  },
  "logDate" : "2014-05-16",
  "favorite" : false
},{
  "logId" : 877910015,
  "loggedFood" : {
    "foodId" : 0,
    "name" : "Kind Bar, Milk",
    "brand" : "Lose It!",
    "accessLevel" : "PRIVATE",
    "units" : [201],
    "calories" : 205,
    "amount" : 1.0,
    "unit" : {
      "id" : 201,
      "name" : "meal",
      "plural" : "meals"
    },
    "mealTypeId" : 1
  },
  "nutritionalValues" : {
    "calories" : 205,
    "fat" : 11.6,
    "fiber" : 5.2,
    "carbs" : 24.0,
    "sodium" : 52.0,
    "protein" : 3.2
  },
  "logDate" : "2014-05-16",
  "favorite" : false
},{
  "logId" : 868877644,
  "loggedFood" : {
    "foodId" : 0,
    "name" : "Apple, Cheese, Wasabi peas, KIND Bar",
    "brand" : "Lose It!",
    "accessLevel" : "PRIVATE",
    "units" : [201],
    "calories" : 435,
    "amount" : 1.0,
    "unit" : {
      "id" : 201,
      "name" : "meal",
      "plural" : "meals"
    },
    "mealTypeId" : 3
  },
  "nutritionalValues" : {
    "calories" : 435,
    "fat" : 25.1,
    "fiber" : 11.6,
    "carbs" : 45.9,
    "sodium" : 336.8,
    "protein" : 14.5
  },
  "logDate" : "2014-05-13",
  "favorite" : false
},{
  "logId" : 867410314,
  "loggedFood" : {
    "foodId" : 0,
    "name" : "Milk, Kind Bar",
    "brand" : "Lose It!",
    "accessLevel" : "PRIVATE",
    "units" : [201],
    "calories" : 188,
    "amount" : 1.0,
    "unit" : {
      "id" : 201,
      "name" : "meal",
      "plural" : "meals"
    },
    "mealTypeId" : 1
  },
  "nutritionalValues" : {
    "calories" : 188,
    "fat" : 10.3,
    "fiber" : 5.1,
    "carbs" : 24.0,
    "sodium" : 43.5,
    "protein" : 3.1
  },
  "logDate" : "2014-05-13",
  "favorite" : false
},{
  "logId" : 865537746,
  "loggedFood" : {
    "foodId" : 0,
    "name" : "Lemon Cayenne Agave",
    "brand" : "Lose It!",
    "accessLevel" : "PRIVATE",
    "units" : [201],
    "calories" : 120,
    "amount" : 1.0,
    "unit" : {
      "id" : 201,
      "name" : "meal",
      "plural" : "meals"
    },
    "mealTypeId" : 7
  },
  "nutritionalValues" : {
    "calories" : 120,
    "fat" : 0.0,
    "fiber" : 0.0,
    "carbs" : 30.0,
    "sodium" : 10.0,
    "protein" : 0.0
  },
  "logDate" : "2014-05-12",
  "favorite" : false
},{
  "logId" : 865114248,
  "loggedFood" : {
    "foodId" : 0,
    "name" : "Cheese, Muscle Milk Drink, Meatless Patties, Wasabi peas",
    "brand" : "Lose It!",
    "accessLevel" : "PRIVATE",
    "units" : [201],
    "calories" : 577,
    "amount" : 1.0,
    "unit" : {
      "id" : 201,
      "name" : "meal",
      "plural" : "meals"
    },
    "mealTypeId" : 3
  },
  "nutritionalValues" : {
    "calories" : 577,
    "fat" : 25.0,
    "fiber" : 5.0,
    "carbs" : 42.0,
    "sodium" : 1333.3,
    "protein" : 44.3
  },
  "logDate" : "2014-05-12",
  "favorite" : false
},{
  "logId" : 864422604,
  "loggedFood" : {
    "foodId" : 0,
    "name" : "Banana",
    "brand" : "Lose It!",
    "accessLevel" : "PRIVATE",
    "units" : [201],
    "calories" : 105,
    "amount" : 1.0,
    "unit" : {
      "id" : 201,
      "name" : "meal",
      "plural" : "meals"
    },
    "mealTypeId" : 1
  },
  "nutritionalValues" : {
    "calories" : 105,
    "fat" : 0.4,
    "fiber" : 3.1,
    "carbs" : 27.0,
    "sodium" : 1.2,
    "protein" : 1.3
  },
  "logDate" : "2014-05-12",
  "favorite" : false
},{
  "logId" : 865032746,
  "loggedFood" : {
    "foodId" : 0,
    "name" : "Meatless Patties",
    "brand" : "Lose It!",
    "accessLevel" : "PRIVATE",
    "units" : [201],
    "calories" : 160,
    "amount" : 1.0,
    "unit" : {
      "id" : 201,
      "name" : "meal",
      "plural" : "meals"
    },
    "mealTypeId" : 3
  },
  "nutritionalValues" : {
    "calories" : 160,
    "fat" : 6.0,
    "fiber" : 2.0,
    "carbs" : 15.0,
    "sodium" : 560.0,
    "protein" : 11.0
  },
  "logDate" : "2014-05-11",
  "favorite" : false
},{
  "logId" : 859890191,
  "loggedFood" : {
    "foodId" : 0,
    "name" : "English Vintage Cheddar, Leeks, Oil, Egg",
    "brand" : "Lose It!",
    "accessLevel" : "PRIVATE",
    "units" : [201],
    "calories" : 457,
    "amount" : 1.0,
    "unit" : {
      "id" : 201,
      "name" : "meal",
      "plural" : "meals"
    },
    "mealTypeId" : 3
  },
  "nutritionalValues" : {
    "calories" : 457,
    "fat" : 34.4,
    "fiber" : 2.5,
    "carbs" : 19.8,
    "sodium" : 352.8,
    "protein" : 21.6
  },
  "logDate" : "2014-05-10",
  "favorite" : false
},{
  "logId" : 859895224,
  "loggedFood" : {
    "foodId" : 0,
    "name" : "Seeds, Pineapple, Mango, Coconut",
    "brand" : "Lose It!",
    "accessLevel" : "PRIVATE",
    "units" : [201],
    "calories" : 213,
    "amount" : 1.0,
    "unit" : {
      "id" : 201,
      "name" : "meal",
      "plural" : "meals"
    },
    "mealTypeId" : 1
  },
  "nutritionalValues" : {
    "calories" : 213,
    "fat" : 4.8,
    "fiber" : 8.0,
    "carbs" : 44.1,
    "sodium" : 6.4,
    "protein" : 2.9
  },
  "logDate" : "2014-05-10",
  "favorite" : false
},{
  "logId" : 854068213,
  "loggedFood" : {
    "foodId" : 0,
    "name" : "Clean Energizer Smoothie",
    "brand" : "Lose It!",
    "accessLevel" : "PRIVATE",
    "units" : [201],
    "calories" : 475,
    "amount" : 1.0,
    "unit" : {
      "id" : 201,
      "name" : "meal",
      "plural" : "meals"
    },
    "mealTypeId" : 1
  },
  "nutritionalValues" : {
    "calories" : 475,
    "fat" : 37.8,
    "fiber" : 4.4,
    "carbs" : 29.6,
    "sodium" : 288.0,
    "protein" : 9.7
  },
  "logDate" : "2014-05-08",
  "favorite" : false
},{
  "logId" : 851085723,
  "loggedFood" : {
    "foodId" : 0,
    "name" : "Kind Bar, Kind Bar",
    "brand" : "Lose It!",
    "accessLevel" : "PRIVATE",
    "units" : [201],
    "calories" : 370,
    "amount" : 1.0,
    "unit" : {
      "id" : 201,
      "name" : "meal",
      "plural" : "meals"
    },
    "mealTypeId" : 3
  },
  "nutritionalValues" : {
    "calories" : 370,
    "fat" : 21.0,
    "fiber" : 10.0,
    "carbs" : 45.0,
    "sodium" : 40.0,
    "protein" : 6.0
  },
  "logDate" : "2014-05-07",
  "favorite" : false
},{
  "logId" : 851085722,
  "loggedFood" : {
    "foodId" : 0,
    "name" : "Trader Joes Coconut Milk 1/2 Gal, Strawberries, Pineapple Frozen, Milk",
    "brand" : "Lose It!",
    "accessLevel" : "PRIVATE",
    "units" : [201],
    "calories" : 172,
    "amount" : 1.0,
    "unit" : {
      "id" : 201,
      "name" : "meal",
      "plural" : "meals"
    },
    "mealTypeId" : 1
  },
  "nutritionalValues" : {
    "calories" : 172,
    "fat" : 5.9,
    "fiber" : 5.4,
    "carbs" : 30.6,
    "sodium" : 56.4,
    "protein" : 2.2
  },
  "logDate" : "2014-05-07",
  "favorite" : false
},{
  "logId" : 848408860,
  "loggedFood" : {
    "foodId" : 0,
    "name" : "Burrito, Apple",
    "brand" : "Lose It!",
    "accessLevel" : "PRIVATE",
    "units" : [201],
    "calories" : 475,
    "amount" : 1.0,
    "unit" : {
      "id" : 201,
      "name" : "meal",
      "plural" : "meals"
    },
    "mealTypeId" : 3
  },
  "nutritionalValues" : {
    "calories" : 475,
    "fat" : 11.3,
    "fiber" : 8.4,
    "carbs" : 82.1,
    "sodium" : 531.8,
    "protein" : 14.5
  },
  "logDate" : "2014-05-06",
  "favorite" : false
},{
  "logId" : 847458102,
  "loggedFood" : {
    "foodId" : 0,
    "name" : "Milk, Clean Mango Smoothie",
    "brand" : "Lose It!",
    "accessLevel" : "PRIVATE",
    "units" : [201],
    "calories" : 388,
    "amount" : 1.0,
    "unit" : {
      "id" : 201,
      "name" : "meal",
      "plural" : "meals"
    },
    "mealTypeId" : 1
  },
  "nutritionalValues" : {
    "calories" : 388,
    "fat" : 10.3,
    "fiber" : 0.6,
    "carbs" : 33.2,
    "sodium" : 78.5,
    "protein" : 2.1
  },
  "logDate" : "2014-05-06",
  "favorite" : false
},{
  "logId" : 828745168,
  "loggedFood" : {
    "foodId" : 0,
    "name" : "Wasabi peas",
    "brand" : "Lose It!",
    "accessLevel" : "PRIVATE",
    "units" : [201],
    "calories" : 120,
    "amount" : 1.0,
    "unit" : {
      "id" : 201,
      "name" : "meal",
      "plural" : "meals"
    },
    "mealTypeId" : 1
  },
  "nutritionalValues" : {
    "calories" : 120,
    "fat" : 3.0,
    "fiber" : 1.0,
    "carbs" : 19.0,
    "sodium" : 240.0,
    "protein" : 4.0
  },
  "logDate" : "2014-04-29",
  "favorite" : false
},{
  "logId" : 815366901,
  "loggedFood" : {
    "foodId" : 0,
    "name" : "Kind Bar, Peas, Garbage Trail Mix, Oranges, Banana, Fruit",
    "brand" : "Lose It!",
    "accessLevel" : "PRIVATE",
    "units" : [201],
    "calories" : 1164,
    "amount" : 1.0,
    "unit" : {
      "id" : 201,
      "name" : "meal",
      "plural" : "meals"
    },
    "mealTypeId" : 7
  },
  "nutritionalValues" : {
    "calories" : 1164,
    "fat" : 50.7,
    "fiber" : 19.4,
    "carbs" : 173.3,
    "sodium" : 462.3,
    "protein" : 22.0
  },
  "logDate" : "2014-04-24",
  "favorite" : false
},{
  "logId" : 814711500,
  "loggedFood" : {
    "foodId" : 0,
    "name" : "Kind Cashew Cherry Bar",
    "brand" : "Lose It!",
    "accessLevel" : "PRIVATE",
    "units" : [201],
    "calories" : 180,
    "amount" : 1.0,
    "unit" : {
      "id" : 201,
      "name" : "meal",
      "plural" : "meals"
    },
    "mealTypeId" : 3
  },
  "nutritionalValues" : {
    "calories" : 180,
    "fat" : 9.0,
    "fiber" : 0.0,
    "carbs" : 22.0,
    "sodium" : 0.0,
    "protein" : 4.0
  },
  "logDate" : "2014-04-24",
  "favorite" : false
},{
  "logId" : 814721389,
  "loggedFood" : {
    "foodId" : 0,
    "name" : "Kind Bar, Pound Plus 72% Dark Chocolate, Milk",
    "brand" : "Lose It!",
    "accessLevel" : "PRIVATE",
    "units" : [201],
    "calories" : 353,
    "amount" : 1.0,
    "unit" : {
      "id" : 201,
      "name" : "meal",
      "plural" : "meals"
    },
    "mealTypeId" : 1
  },
  "nutritionalValues" : {
    "calories" : 353,
    "fat" : 23.9,
    "fiber" : 5.5,
    "carbs" : 37.6,
    "sodium" : 88.9,
    "protein" : 5.5
  },
  "logDate" : "2014-04-24",
  "favorite" : false
},{
  "logId" : 811441172,
  "loggedFood" : {
    "foodId" : 0,
    "name" : "Kind Cashew Cherry Bar, Apple, Cheese, Peas",
    "brand" : "Lose It!",
    "accessLevel" : "PRIVATE",
    "units" : [201],
    "calories" : 526,
    "amount" : 1.0,
    "unit" : {
      "id" : 201,
      "name" : "meal",
      "plural" : "meals"
    },
    "mealTypeId" : 7
  },
  "nutritionalValues" : {
    "calories" : 526,
    "fat" : 21.4,
    "fiber" : 5.4,
    "carbs" : 71.8,
    "sodium" : 412.2,
    "protein" : 15.6
  },
  "logDate" : "2014-04-23",
  "favorite" : false
},{
  "logId" : 811133976,
  "loggedFood" : {
    "foodId" : 0,
    "name" : "Almond Milk",
    "brand" : "Lose It!",
    "accessLevel" : "PRIVATE",
    "units" : [201],
    "calories" : 8,
    "amount" : 1.0,
    "unit" : {
      "id" : 201,
      "name" : "meal",
      "plural" : "meals"
    },
    "mealTypeId" : 1
  },
  "nutritionalValues" : {
    "calories" : 8,
    "fat" : 0.3,
    "fiber" : 0.1,
    "carbs" : 1.0,
    "sodium" : 20.0,
    "protein" : 0.1
  },
  "logDate" : "2014-04-23",
  "favorite" : false
},{
  "logId" : 807717124,
  "loggedFood" : {
    "foodId" : 0,
    "name" : "Simply Almonds, Milk",
    "brand" : "Lose It!",
    "accessLevel" : "PRIVATE",
    "units" : [201],
    "calories" : 570,
    "amount" : 1.0,
    "unit" : {
      "id" : 201,
      "name" : "meal",
      "plural" : "meals"
    },
    "mealTypeId" : 7
  },
  "nutritionalValues" : {
    "calories" : 570,
    "fat" : 19.2,
    "fiber" : 6.7,
    "carbs" : 87.2,
    "sodium" : 304.9,
    "protein" : 14.0
  },
  "logDate" : "2014-04-22",
  "favorite" : false
},{
  "logId" : 807722358,
  "loggedFood" : {
    "foodId" : 0,
    "name" : "Breakfast Snack Bar, Milk",
    "brand" : "Lose It!",
    "accessLevel" : "PRIVATE",
    "units" : [201],
    "calories" : 205,
    "amount" : 1.0,
    "unit" : {
      "id" : 201,
      "name" : "meal",
      "plural" : "meals"
    },
    "mealTypeId" : 1
  },
  "nutritionalValues" : {
    "calories" : 205,
    "fat" : 13.6,
    "fiber" : 3.0,
    "carbs" : 22.0,
    "sodium" : 65.0,
    "protein" : 4.2
  },
  "logDate" : "2014-04-22",
  "favorite" : false
},{
  "logId" : 797885691,
  "loggedFood" : {
    "foodId" : 0,
    "name" : "Cafe Americano",
    "brand" : "Lose It!",
    "accessLevel" : "PRIVATE",
    "units" : [201],
    "calories" : 25,
    "amount" : 1.0,
    "unit" : {
      "id" : 201,
      "name" : "meal",
      "plural" : "meals"
    },
    "mealTypeId" : 1
  },
  "nutritionalValues" : {
    "calories" : 25,
    "fat" : 0.0,
    "fiber" : 0.0,
    "carbs" : 4.0,
    "sodium" : 0.0,
    "protein" : 1.0
  },
  "logDate" : "2014-04-18",
  "favorite" : false
},{
  "logId" : 792272554,
  "loggedFood" : {
    "foodId" : 0,
    "name" : "Watermelon, Milk, Almond & Apricot Bar",
    "brand" : "Lose It!",
    "accessLevel" : "PRIVATE",
    "units" : [201],
    "calories" : 210,
    "amount" : 1.0,
    "unit" : {
      "id" : 201,
      "name" : "meal",
      "plural" : "meals"
    },
    "mealTypeId" : 1
  },
  "nutritionalValues" : {
    "calories" : 210,
    "fat" : 10.4,
    "fiber" : 3.4,
    "carbs" : 29.7,
    "sodium" : 48.3,
    "protein" : 3.6
  },
  "logDate" : "2014-04-16",
  "favorite" : false
},{
  "logId" : 787025307,
  "loggedFood" : {
    "foodId" : 0,
    "name" : "Kale Chips",
    "brand" : "Lose It!",
    "accessLevel" : "PRIVATE",
    "units" : [201],
    "calories" : 320,
    "amount" : 1.0,
    "unit" : {
      "id" : 201,
      "name" : "meal",
      "plural" : "meals"
    },
    "mealTypeId" : 3
  },
  "nutritionalValues" : {
    "calories" : 320,
    "fat" : 0.0,
    "fiber" : 0.0,
    "carbs" : 0.0,
    "sodium" : 0.0,
    "protein" : 0.0
  },
  "logDate" : "2014-04-14",
  "favorite" : false
},{
  "logId" : 786378807,
  "loggedFood" : {
    "foodId" : 0,
    "name" : "Milk, Trader Joes Coconut Milk 1/2 Gal, Mango, Pineapple, KIND Bar Cranb...",
    "brand" : "Lose It!",
    "accessLevel" : "PRIVATE",
    "units" : [201],
    "calories" : 429,
    "amount" : 1.0,
    "unit" : {
      "id" : 201,
      "name" : "meal",
      "plural" : "meals"
    },
    "mealTypeId" : 1
  },
  "nutritionalValues" : {
    "calories" : 429,
    "fat" : 23.4,
    "fiber" : 6.3,
    "carbs" : 54.8,
    "sodium" : 74.3,
    "protein" : 7.6
  },
  "logDate" : "2014-04-14",
  "favorite" : false
},{
  "logId" : 749793812,
  "loggedFood" : {
    "foodId" : 0,
    "name" : "Vegan Veggie Patty, 365 Colby Cheese",
    "brand" : "Lose It!",
    "accessLevel" : "PRIVATE",
    "units" : [201],
    "calories" : 500,
    "amount" : 1.0,
    "unit" : {
      "id" : 201,
      "name" : "meal",
      "plural" : "meals"
    },
    "mealTypeId" : 3
  },
  "nutritionalValues" : {
    "calories" : 500,
    "fat" : 10.0,
    "fiber" : 4.0,
    "carbs" : 26.0,
    "sodium" : 1020.0,
    "protein" : 24.0
  },
  "logDate" : "2014-04-01",
  "favorite" : false
},{
  "logId" : 748774778,
  "loggedFood" : {
    "foodId" : 0,
    "name" : "Coffee",
    "brand" : "Lose It!",
    "accessLevel" : "PRIVATE",
    "units" : [201],
    "calories" : 6,
    "amount" : 1.0,
    "unit" : {
      "id" : 201,
      "name" : "meal",
      "plural" : "meals"
    },
    "mealTypeId" : 1
  },
  "nutritionalValues" : {
    "calories" : 6,
    "fat" : 0.1,
    "fiber" : 0.0,
    "carbs" : 0.0,
    "sodium" : 11.9,
    "protein" : 0.7
  },
  "logDate" : "2014-04-01",
  "favorite" : false
},{
  "logId" : 742907061,
  "loggedFood" : {
    "foodId" : 0,
    "name" : "Bar",
    "brand" : "Lose It!",
    "accessLevel" : "PRIVATE",
    "units" : [201],
    "calories" : 190,
    "amount" : 1.0,
    "unit" : {
      "id" : 201,
      "name" : "meal",
      "plural" : "meals"
    },
    "mealTypeId" : 1
  },
  "nutritionalValues" : {
    "calories" : 190,
    "fat" : 12.0,
    "fiber" : 5.0,
    "carbs" : 20.0,
    "sodium" : 20.0,
    "protein" : 4.0
  },
  "logDate" : "2014-03-30",
  "favorite" : false
},{
  "logId" : 738479159,
  "loggedFood" : {
    "foodId" : 0,
    "name" : "Milk, Cranberry Almond Kind bar",
    "brand" : "Lose It!",
    "accessLevel" : "PRIVATE",
    "units" : [201],
    "calories" : 195,
    "amount" : 1.0,
    "unit" : {
      "id" : 201,
      "name" : "meal",
      "plural" : "meals"
    },
    "mealTypeId" : 1
  },
  "nutritionalValues" : {
    "calories" : 195,
    "fat" : 9.6,
    "fiber" : 2.7,
    "carbs" : 24.0,
    "sodium" : 57.0,
    "protein" : 4.2
  },
  "logDate" : "2014-03-28",
  "favorite" : false
},{
  "logId" : 729914366,
  "loggedFood" : {
    "foodId" : 0,
    "name" : "Muscle Milk Drink, English Vintage Cheddar, Garbage Trail Mix, Peas, App...",
    "brand" : "Lose It!",
    "accessLevel" : "PRIVATE",
    "units" : [201],
    "calories" : 839,
    "amount" : 1.0,
    "unit" : {
      "id" : 201,
      "name" : "meal",
      "plural" : "meals"
    },
    "mealTypeId" : 3
  },
  "nutritionalValues" : {
    "calories" : 839,
    "fat" : 40.5,
    "fiber" : 11.6,
    "carbs" : 81.6,
    "sodium" : 969.9,
    "protein" : 41.4
  },
  "logDate" : "2014-03-25",
  "favorite" : false
},{
  "logId" : 729364328,
  "loggedFood" : {
    "foodId" : 0,
    "name" : "Milk, Cranberry Almond Kind bar",
    "brand" : "Lose It!",
    "accessLevel" : "PRIVATE",
    "units" : [201],
    "calories" : 188,
    "amount" : 1.0,
    "unit" : {
      "id" : 201,
      "name" : "meal",
      "plural" : "meals"
    },
    "mealTypeId" : 1
  },
  "nutritionalValues" : {
    "calories" : 188,
    "fat" : 9.3,
    "fiber" : 2.6,
    "carbs" : 23.0,
    "sodium" : 38.5,
    "protein" : 4.1
  },
  "logDate" : "2014-03-25",
  "favorite" : false
},{
  "logId" : 727037510,
  "loggedFood" : {
    "foodId" : 0,
    "name" : "Cheese, English Vintage Cheddar, Garbage Trail Mix, Peas, Grapefruit",
    "brand" : "Lose It!",
    "accessLevel" : "PRIVATE",
    "units" : [201],
    "calories" : 625,
    "amount" : 1.0,
    "unit" : {
      "id" : 201,
      "name" : "meal",
      "plural" : "meals"
    },
    "mealTypeId" : 7
  },
  "nutritionalValues" : {
    "calories" : 625,
    "fat" : 34.4,
    "fiber" : 6.6,
    "carbs" : 61.5,
    "sodium" : 632.2,
    "protein" : 20.9
  },
  "logDate" : "2014-03-24",
  "favorite" : false
},{
  "logId" : 727046486,
  "loggedFood" : {
    "foodId" : 0,
    "name" : "Muscle Milk Drink",
    "brand" : "Lose It!",
    "accessLevel" : "PRIVATE",
    "units" : [201],
    "calories" : 150,
    "amount" : 1.0,
    "unit" : {
      "id" : 201,
      "name" : "meal",
      "plural" : "meals"
    },
    "mealTypeId" : 3
  },
  "nutritionalValues" : {
    "calories" : 150,
    "fat" : 4.0,
    "fiber" : 2.0,
    "carbs" : 8.0,
    "sodium" : 320.0,
    "protein" : 20.0
  },
  "logDate" : "2014-03-24",
  "favorite" : false
},{
  "logId" : 727046485,
  "loggedFood" : {
    "foodId" : 0,
    "name" : "Milk, KIND Bar",
    "brand" : "Lose It!",
    "accessLevel" : "PRIVATE",
    "units" : [201],
    "calories" : 215,
    "amount" : 1.0,
    "unit" : {
      "id" : 201,
      "name" : "meal",
      "plural" : "meals"
    },
    "mealTypeId" : 1
  },
  "nutritionalValues" : {
    "calories" : 215,
    "fat" : 15.6,
    "fiber" : 7.2,
    "carbs" : 18.0,
    "sodium" : 160.0,
    "protein" : 6.2
  },
  "logDate" : "2014-03-24",
  "favorite" : false
},{
  "logId" : 724546158,
  "loggedFood" : {
    "foodId" : 0,
    "name" : "Banana",
    "brand" : "Lose It!",
    "accessLevel" : "PRIVATE",
    "units" : [201],
    "calories" : 105,
    "amount" : 1.0,
    "unit" : {
      "id" : 201,
      "name" : "meal",
      "plural" : "meals"
    },
    "mealTypeId" : 7
  },
  "nutritionalValues" : {
    "calories" : 105,
    "fat" : 0.4,
    "fiber" : 3.1,
    "carbs" : 27.0,
    "sodium" : 1.2,
    "protein" : 1.3
  },
  "logDate" : "2014-03-23",
  "favorite" : false
},{
  "logId" : 723896953,
  "loggedFood" : {
    "foodId" : 0,
    "name" : "Apple, Cheese",
    "brand" : "Lose It!",
    "accessLevel" : "PRIVATE",
    "units" : [201],
    "calories" : 328,
    "amount" : 1.0,
    "unit" : {
      "id" : 201,
      "name" : "meal",
      "plural" : "meals"
    },
    "mealTypeId" : 5
  },
  "nutritionalValues" : {
    "calories" : 328,
    "fat" : 21.3,
    "fiber" : 4.4,
    "carbs" : 25.1,
    "sodium" : 281.8,
    "protein" : 9.8
  },
  "logDate" : "2014-03-23",
  "favorite" : false
},{
  "logId" : 723816376,
  "loggedFood" : {
    "foodId" : 0,
    "name" : "Muscle Milk",
    "brand" : "Lose It!",
    "accessLevel" : "PRIVATE",
    "units" : [201],
    "calories" : 150,
    "amount" : 1.0,
    "unit" : {
      "id" : 201,
      "name" : "meal",
      "plural" : "meals"
    },
    "mealTypeId" : 3
  },
  "nutritionalValues" : {
    "calories" : 150,
    "fat" : 0.0,
    "fiber" : 0.0,
    "carbs" : 0.0,
    "sodium" : 0.0,
    "protein" : 0.0
  },
  "logDate" : "2014-03-23",
  "favorite" : false
},{
  "logId" : 723309000,
  "loggedFood" : {
    "foodId" : 0,
    "name" : "Kind Bar Almond And Coconut",
    "brand" : "Lose It!",
    "accessLevel" : "PRIVATE",
    "units" : [201],
    "calories" : 190,
    "amount" : 1.0,
    "unit" : {
      "id" : 201,
      "name" : "meal",
      "plural" : "meals"
    },
    "mealTypeId" : 1
  },
  "nutritionalValues" : {
    "calories" : 190,
    "fat" : 12.0,
    "fiber" : 3.0,
    "carbs" : 21.0,
    "sodium" : 25.0,
    "protein" : 3.0
  },
  "logDate" : "2014-03-23",
  "favorite" : false
},{
  "logId" : 715718252,
  "loggedFood" : {
    "foodId" : 0,
    "name" : "Kind Bar, Milk",
    "brand" : "Lose It!",
    "accessLevel" : "PRIVATE",
    "units" : [201],
    "calories" : 198,
    "amount" : 1.0,
    "unit" : {
      "id" : 201,
      "name" : "meal",
      "plural" : "meals"
    },
    "mealTypeId" : 1
  },
  "nutritionalValues" : {
    "calories" : 198,
    "fat" : 13.3,
    "fiber" : 3.1,
    "carbs" : 21.0,
    "sodium" : 47.5,
    "protein" : 4.1
  },
  "logDate" : "2014-03-20",
  "favorite" : false
},{
  "logId" : 687316286,
  "loggedFood" : {
    "foodId" : 0,
    "name" : "Dark Chocolate Cinnamon Pecan Bar, Kind Bar, Dark Chocolate Nuts & Sea S...",
    "brand" : "Lose It!",
    "accessLevel" : "PRIVATE",
    "units" : [201],
    "calories" : 590,
    "amount" : 1.0,
    "unit" : {
      "id" : 201,
      "name" : "meal",
      "plural" : "meals"
    },
    "mealTypeId" : 7
  },
  "nutritionalValues" : {
    "calories" : 590,
    "fat" : 43.0,
    "fiber" : 17.0,
    "carbs" : 53.0,
    "sodium" : 160.0,
    "protein" : 14.0
  },
  "logDate" : "2014-03-10",
  "favorite" : false
},{
  "logId" : 687285522,
  "loggedFood" : {
    "foodId" : 0,
    "name" : "Garbage Trail Mix, Cheese, English Vintage Cheddar, Oranges",
    "brand" : "Lose It!",
    "accessLevel" : "PRIVATE",
    "units" : [201],
    "calories" : 410,
    "amount" : 1.0,
    "unit" : {
      "id" : 201,
      "name" : "meal",
      "plural" : "meals"
    },
    "mealTypeId" : 3
  },
  "nutritionalValues" : {
    "calories" : 410,
    "fat" : 23.9,
    "fiber" : 5.5,
    "carbs" : 35.4,
    "sodium" : 398.8,
    "protein" : 16.8
  },
  "logDate" : "2014-03-10",
  "favorite" : false
},{
  "logId" : 686456794,
  "loggedFood" : {
    "foodId" : 0,
    "name" : "Milk",
    "brand" : "Lose It!",
    "accessLevel" : "PRIVATE",
    "units" : [201],
    "calories" : 21,
    "amount" : 1.0,
    "unit" : {
      "id" : 201,
      "name" : "meal",
      "plural" : "meals"
    },
    "mealTypeId" : 1
  },
  "nutritionalValues" : {
    "calories" : 21,
    "fat" : 0.0,
    "fiber" : 0.0,
    "carbs" : 3.0,
    "sodium" : 25.7,
    "protein" : 2.1
  },
  "logDate" : "2014-03-10",
  "favorite" : false
},{
  "logId" : 676430578,
  "loggedFood" : {
    "foodId" : 0,
    "name" : "Clean Energizer Smoothie",
    "brand" : "Lose It!",
    "accessLevel" : "PRIVATE",
    "units" : [201],
    "calories" : 475,
    "amount" : 1.0,
    "unit" : {
      "id" : 201,
      "name" : "meal",
      "plural" : "meals"
    },
    "mealTypeId" : 3
  },
  "nutritionalValues" : {
    "calories" : 475,
    "fat" : 37.8,
    "fiber" : 4.4,
    "carbs" : 29.6,
    "sodium" : 288.0,
    "protein" : 9.7
  },
  "logDate" : "2014-03-06",
  "favorite" : false
},{
  "logId" : 676554696,
  "loggedFood" : {
    "foodId" : 0,
    "name" : "Milk",
    "brand" : "Lose It!",
    "accessLevel" : "PRIVATE",
    "units" : [201],
    "calories" : 42,
    "amount" : 1.0,
    "unit" : {
      "id" : 201,
      "name" : "meal",
      "plural" : "meals"
    },
    "mealTypeId" : 1
  },
  "nutritionalValues" : {
    "calories" : 42,
    "fat" : 0.1,
    "fiber" : 0.0,
    "carbs" : 6.1,
    "sodium" : 51.5,
    "protein" : 4.1
  },
  "logDate" : "2014-03-06",
  "favorite" : false
},{
  "logId" : 661816164,
  "loggedFood" : {
    "foodId" : 0,
    "name" : "Cafe Latte, KIND Bar",
    "brand" : "Lose It!",
    "accessLevel" : "PRIVATE",
    "units" : [201],
    "calories" : 370,
    "amount" : 1.0,
    "unit" : {
      "id" : 201,
      "name" : "meal",
      "plural" : "meals"
    },
    "mealTypeId" : 1
  },
  "nutritionalValues" : {
    "calories" : 370,
    "fat" : 15.0,
    "fiber" : 7.0,
    "carbs" : 41.0,
    "sodium" : 115.0,
    "protein" : 22.0
  },
  "logDate" : "2014-03-01",
  "favorite" : false
},{
  "logId" : 659719326,
  "loggedFood" : {
    "foodId" : 0,
    "name" : "Kind Bar",
    "brand" : "Lose It!",
    "accessLevel" : "PRIVATE",
    "units" : [201],
    "calories" : 180,
    "amount" : 1.0,
    "unit" : {
      "id" : 201,
      "name" : "meal",
      "plural" : "meals"
    },
    "mealTypeId" : 3
  },
  "nutritionalValues" : {
    "calories" : 180,
    "fat" : 11.0,
    "fiber" : 4.0,
    "carbs" : 20.0,
    "sodium" : 15.0,
    "protein" : 5.0
  },
  "logDate" : "2014-02-28",
  "favorite" : false
},{
  "logId" : 659455214,
  "loggedFood" : {
    "foodId" : 0,
    "name" : "Almond Milk",
    "brand" : "Lose It!",
    "accessLevel" : "PRIVATE",
    "units" : [201],
    "calories" : 15,
    "amount" : 1.0,
    "unit" : {
      "id" : 201,
      "name" : "meal",
      "plural" : "meals"
    },
    "mealTypeId" : 1
  },
  "nutritionalValues" : {
    "calories" : 15,
    "fat" : 1.2,
    "fiber" : 0.5,
    "carbs" : 1.0,
    "sodium" : 90.0,
    "protein" : 0.5
  },
  "logDate" : "2014-02-28",
  "favorite" : false
},{
  "logId" : 625112293,
  "loggedFood" : {
    "foodId" : 0,
    "name" : "Muscle Milk Drink, Cafe Latte",
    "brand" : "Lose It!",
    "accessLevel" : "PRIVATE",
    "units" : [201],
    "calories" : 320,
    "amount" : 1.0,
    "unit" : {
      "id" : 201,
      "name" : "meal",
      "plural" : "meals"
    },
    "mealTypeId" : 1
  },
  "nutritionalValues" : {
    "calories" : 320,
    "fat" : 4.0,
    "fiber" : 2.0,
    "carbs" : 33.0,
    "sodium" : 320.0,
    "protein" : 36.0
  },
  "logDate" : "2014-02-16",
  "favorite" : false
},{
  "logId" : 582099169,
  "loggedFood" : {
    "foodId" : 0,
    "name" : "Dark Chocolate Cinnamon Pecan Bar",
    "brand" : "Lose It!",
    "accessLevel" : "PRIVATE",
    "units" : [201],
    "calories" : 200,
    "amount" : 1.0,
    "unit" : {
      "id" : 201,
      "name" : "meal",
      "plural" : "meals"
    },
    "mealTypeId" : 7
  },
  "nutritionalValues" : {
    "calories" : 200,
    "fat" : 16.0,
    "fiber" : 7.0,
    "carbs" : 16.0,
    "sodium" : 20.0,
    "protein" : 5.0
  },
  "logDate" : "2014-01-31",
  "favorite" : false
},{
  "logId" : 581844423,
  "loggedFood" : {
    "foodId" : 0,
    "name" : "Almond Milk, Muscle Milk Drink, KIND Bar",
    "brand" : "Lose It!",
    "accessLevel" : "PRIVATE",
    "units" : [201],
    "calories" : 358,
    "amount" : 1.0,
    "unit" : {
      "id" : 201,
      "name" : "meal",
      "plural" : "meals"
    },
    "mealTypeId" : 1
  },
  "nutritionalValues" : {
    "calories" : 358,
    "fat" : 19.6,
    "fiber" : 9.2,
    "carbs" : 24.5,
    "sodium" : 480.0,
    "protein" : 26.2
  },
  "logDate" : "2014-01-31",
  "favorite" : false
},{
  "logId" : 575765647,
  "loggedFood" : {
    "foodId" : 0,
    "name" : "Kind Bar Bb Pist Pom, Cafe Latte",
    "brand" : "Lose It!",
    "accessLevel" : "PRIVATE",
    "units" : [201],
    "calories" : 360,
    "amount" : 1.0,
    "unit" : {
      "id" : 201,
      "name" : "meal",
      "plural" : "meals"
    },
    "mealTypeId" : 1
  },
  "nutritionalValues" : {
    "calories" : 360,
    "fat" : 10.0,
    "fiber" : 3.0,
    "carbs" : 47.0,
    "sodium" : 25.0,
    "protein" : 20.0
  },
  "logDate" : "2014-01-29",
  "favorite" : false
},{
  "logId" : 569247621,
  "loggedFood" : {
    "foodId" : 0,
    "name" : "Bar",
    "brand" : "Lose It!",
    "accessLevel" : "PRIVATE",
    "units" : [201],
    "calories" : 220,
    "amount" : 1.0,
    "unit" : {
      "id" : 201,
      "name" : "meal",
      "plural" : "meals"
    },
    "mealTypeId" : 3
  },
  "nutritionalValues" : {
    "calories" : 220,
    "fat" : 12.0,
    "fiber" : 4.0,
    "carbs" : 26.0,
    "sodium" : 15.0,
    "protein" : 3.0
  },
  "logDate" : "2014-01-27",
  "favorite" : false
},{
  "logId" : 569108811,
  "loggedFood" : {
    "foodId" : 0,
    "name" : "Muscle Milk Drink, Almond Milk",
    "brand" : "Lose It!",
    "accessLevel" : "PRIVATE",
    "units" : [201],
    "calories" : 165,
    "amount" : 1.0,
    "unit" : {
      "id" : 201,
      "name" : "meal",
      "plural" : "meals"
    },
    "mealTypeId" : 1
  },
  "nutritionalValues" : {
    "calories" : 165,
    "fat" : 5.2,
    "fiber" : 2.5,
    "carbs" : 9.0,
    "sodium" : 410.0,
    "protein" : 20.5
  },
  "logDate" : "2014-01-27",
  "favorite" : false
},{
  "logId" : 540621642,
  "loggedFood" : {
    "foodId" : 0,
    "name" : "Cafe Latte",
    "brand" : "Lose It!",
    "accessLevel" : "PRIVATE",
    "units" : [201],
    "calories" : 170,
    "amount" : 1.0,
    "unit" : {
      "id" : 201,
      "name" : "meal",
      "plural" : "meals"
    },
    "mealTypeId" : 1
  },
  "nutritionalValues" : {
    "calories" : 170,
    "fat" : 0.0,
    "fiber" : 0.0,
    "carbs" : 25.0,
    "sodium" : 0.0,
    "protein" : 16.0
  },
  "logDate" : "2014-01-17",
  "favorite" : false
},{
  "logId" : 538087384,
  "loggedFood" : {
    "foodId" : 0,
    "name" : "Cranberry Almond Kind bar",
    "brand" : "Lose It!",
    "accessLevel" : "PRIVATE",
    "units" : [201],
    "calories" : 90,
    "amount" : 1.0,
    "unit" : {
      "id" : 201,
      "name" : "meal",
      "plural" : "meals"
    },
    "mealTypeId" : 3
  },
  "nutritionalValues" : {
    "calories" : 90,
    "fat" : 4.5,
    "fiber" : 1.2,
    "carbs" : 11.0,
    "sodium" : 10.0,
    "protein" : 2.0
  },
  "logDate" : "2014-01-16",
  "favorite" : false
},{
  "logId" : 537547453,
  "loggedFood" : {
    "foodId" : 0,
    "name" : "Cafe Latte, KIND Bar, Muscle Milk Drink",
    "brand" : "Lose It!",
    "accessLevel" : "PRIVATE",
    "units" : [201],
    "calories" : 520,
    "amount" : 1.0,
    "unit" : {
      "id" : 201,
      "name" : "meal",
      "plural" : "meals"
    },
    "mealTypeId" : 1
  },
  "nutritionalValues" : {
    "calories" : 520,
    "fat" : 19.0,
    "fiber" : 9.0,
    "carbs" : 49.0,
    "sodium" : 435.0,
    "protein" : 42.0
  },
  "logDate" : "2014-01-16",
  "favorite" : false
},{
  "logId" : 536041935,
  "loggedFood" : {
    "foodId" : 0,
    "name" : "Chili",
    "brand" : "Lose It!",
    "accessLevel" : "PRIVATE",
    "units" : [201],
    "calories" : 479,
    "amount" : 1.0,
    "unit" : {
      "id" : 201,
      "name" : "meal",
      "plural" : "meals"
    },
    "mealTypeId" : 5
  },
  "nutritionalValues" : {
    "calories" : 479,
    "fat" : 5.8,
    "fiber" : 24.5,
    "carbs" : 84.3,
    "sodium" : 1902.8,
    "protein" : 24.7
  },
  "logDate" : "2014-01-15",
  "favorite" : false
},{
  "logId" : 496575199,
  "loggedFood" : {
    "foodId" : 0,
    "name" : "Muscle Milk Drink, Almond Milk, Peanut Butter Dark Chocolate Bar",
    "brand" : "Lose It!",
    "accessLevel" : "PRIVATE",
    "units" : [201],
    "calories" : 358,
    "amount" : 1.0,
    "unit" : {
      "id" : 201,
      "name" : "meal",
      "plural" : "meals"
    },
    "mealTypeId" : 1
  },
  "nutritionalValues" : {
    "calories" : 358,
    "fat" : 17.6,
    "fiber" : 4.8,
    "carbs" : 25.0,
    "sodium" : 397.5,
    "protein" : 27.2
  },
  "logDate" : "2014-01-02",
  "favorite" : false
},{
  "logId" : 492839232,
  "loggedFood" : {
    "foodId" : 0,
    "name" : "Kind Bar, Muscle Milk Light",
    "brand" : "Lose It!",
    "accessLevel" : "PRIVATE",
    "units" : [201],
    "calories" : 320,
    "amount" : 1.0,
    "unit" : {
      "id" : 201,
      "name" : "meal",
      "plural" : "meals"
    },
    "mealTypeId" : 1
  },
  "nutritionalValues" : {
    "calories" : 320,
    "fat" : 15.0,
    "fiber" : 6.0,
    "carbs" : 27.0,
    "sodium" : 275.0,
    "protein" : 25.0
  },
  "logDate" : "2013-12-31",
  "favorite" : false
},{
  "logId" : 475536780,
  "loggedFood" : {
    "foodId" : 0,
    "name" : "Banana, Peanut Butter Dark Chocolate, Cafe Latte",
    "brand" : "Lose It!",
    "accessLevel" : "PRIVATE",
    "units" : [201],
    "calories" : 491,
    "amount" : 1.0,
    "unit" : {
      "id" : 201,
      "name" : "meal",
      "plural" : "meals"
    },
    "mealTypeId" : 3
  },
  "nutritionalValues" : {
    "calories" : 491,
    "fat" : 13.4,
    "fiber" : 6.0,
    "carbs" : 73.1,
    "sodium" : 41.4,
    "protein" : 24.5
  },
  "logDate" : "2013-12-16",
  "favorite" : false
},{
  "logId" : 475388933,
  "loggedFood" : {
    "foodId" : 0,
    "name" : "Milk, Muscle Milk Drink, Kind Cranberry Almond Bar",
    "brand" : "Lose It!",
    "accessLevel" : "PRIVATE",
    "units" : [201],
    "calories" : 362,
    "amount" : 1.0,
    "unit" : {
      "id" : 201,
      "name" : "meal",
      "plural" : "meals"
    },
    "mealTypeId" : 1
  },
  "nutritionalValues" : {
    "calories" : 362,
    "fat" : 17.9,
    "fiber" : 5.4,
    "carbs" : 31.0,
    "sodium" : 400.5,
    "protein" : 24.4
  },
  "logDate" : "2013-12-16",
  "favorite" : false
},{
  "logId" : 472615706,
  "loggedFood" : {
    "foodId" : 0,
    "name" : "Dark Chocolate Cherry Cashew, Milk",
    "brand" : "Lose It!",
    "accessLevel" : "PRIVATE",
    "units" : [201],
    "calories" : 208,
    "amount" : 1.0,
    "unit" : {
      "id" : 201,
      "name" : "meal",
      "plural" : "meals"
    },
    "mealTypeId" : 1
  },
  "nutritionalValues" : {
    "calories" : 208,
    "fat" : 9.6,
    "fiber" : 2.5,
    "carbs" : 25.0,
    "sodium" : 51.2,
    "protein" : 6.0
  },
  "logDate" : "2013-12-13",
  "favorite" : false
},{
  "logId" : 471951433,
  "loggedFood" : {
    "foodId" : 0,
    "name" : "Cranberry Almond Bar + Antioxidants, Coconut Water, Vegetarian Chili (No...",
    "brand" : "Lose It!",
    "accessLevel" : "PRIVATE",
    "units" : [201],
    "calories" : 580,
    "amount" : 1.0,
    "unit" : {
      "id" : 201,
      "name" : "meal",
      "plural" : "meals"
    },
    "mealTypeId" : 3
  },
  "nutritionalValues" : {
    "calories" : 580,
    "fat" : 39.0,
    "fiber" : 13.8,
    "carbs" : 75.0,
    "sodium" : 1191.9,
    "protein" : 20.8
  },
  "logDate" : "2013-12-12",
  "favorite" : false
},{
  "logId" : 471730894,
  "loggedFood" : {
    "foodId" : 0,
    "name" : "Almond Milk, Muscle Milk Drink",
    "brand" : "Lose It!",
    "accessLevel" : "PRIVATE",
    "units" : [201],
    "calories" : 158,
    "amount" : 1.0,
    "unit" : {
      "id" : 201,
      "name" : "meal",
      "plural" : "meals"
    },
    "mealTypeId" : 1
  },
  "nutritionalValues" : {
    "calories" : 158,
    "fat" : 4.6,
    "fiber" : 2.2,
    "carbs" : 8.0,
    "sodium" : 357.5,
    "protein" : 20.2
  },
  "logDate" : "2013-12-12",
  "favorite" : false
},{
  "logId" : 469157482,
  "loggedFood" : {
    "foodId" : 0,
    "name" : "KIND Bar",
    "brand" : "Lose It!",
    "accessLevel" : "PRIVATE",
    "units" : [201],
    "calories" : 200,
    "amount" : 1.0,
    "unit" : {
      "id" : 201,
      "name" : "meal",
      "plural" : "meals"
    },
    "mealTypeId" : 7
  },
  "nutritionalValues" : {
    "calories" : 200,
    "fat" : 15.0,
    "fiber" : 7.0,
    "carbs" : 16.0,
    "sodium" : 115.0,
    "protein" : 6.0
  },
  "logDate" : "2013-12-10",
  "favorite" : false
},{
  "logId" : 469146849,
  "loggedFood" : {
    "foodId" : 0,
    "name" : "Milk, Muscle Milk Drink",
    "brand" : "Lose It!",
    "accessLevel" : "PRIVATE",
    "units" : [201],
    "calories" : 180,
    "amount" : 1.0,
    "unit" : {
      "id" : 201,
      "name" : "meal",
      "plural" : "meals"
    },
    "mealTypeId" : 1
  },
  "nutritionalValues" : {
    "calories" : 180,
    "fat" : 5.2,
    "fiber" : 2.5,
    "carbs" : 11.9,
    "sodium" : 393.9,
    "protein" : 20.5
  },
  "logDate" : "2013-12-10",
  "favorite" : false
},{
  "logId" : 467862167,
  "loggedFood" : {
    "foodId" : 0,
    "name" : "Dark Chocolate Cherry Cashew",
    "brand" : "Lose It!",
    "accessLevel" : "PRIVATE",
    "units" : [201],
    "calories" : 180,
    "amount" : 1.0,
    "unit" : {
      "id" : 201,
      "name" : "meal",
      "plural" : "meals"
    },
    "mealTypeId" : 3
  },
  "nutritionalValues" : {
    "calories" : 180,
    "fat" : 9.0,
    "fiber" : 2.5,
    "carbs" : 22.0,
    "sodium" : 20.0,
    "protein" : 4.0
  },
  "logDate" : "2013-12-09",
  "favorite" : false
},{
  "logId" : 467743043,
  "loggedFood" : {
    "foodId" : 0,
    "name" : "Almond Milk, Muscle Milk Drink",
    "brand" : "Lose It!",
    "accessLevel" : "PRIVATE",
    "units" : [201],
    "calories" : 158,
    "amount" : 1.0,
    "unit" : {
      "id" : 201,
      "name" : "meal",
      "plural" : "meals"
    },
    "mealTypeId" : 1
  },
  "nutritionalValues" : {
    "calories" : 158,
    "fat" : 4.6,
    "fiber" : 2.2,
    "carbs" : 8.0,
    "sodium" : 357.5,
    "protein" : 20.2
  },
  "logDate" : "2013-12-09",
  "favorite" : false
},{
  "logId" : 466831944,
  "loggedFood" : {
    "foodId" : 0,
    "name" : "Egg Yolks, Cafe Latte",
    "brand" : "Lose It!",
    "accessLevel" : "PRIVATE",
    "units" : [201],
    "calories" : 278,
    "amount" : 1.0,
    "unit" : {
      "id" : 201,
      "name" : "meal",
      "plural" : "meals"
    },
    "mealTypeId" : 1
  },
  "nutritionalValues" : {
    "calories" : 278,
    "fat" : 9.0,
    "fiber" : 0.0,
    "carbs" : 26.2,
    "sodium" : 16.3,
    "protein" : 21.4
  },
  "logDate" : "2013-12-08",
  "favorite" : false
},{
  "logId" : 461188591,
  "loggedFood" : {
    "foodId" : 0,
    "name" : "Garbage Trail Mix",
    "brand" : "Lose It!",
    "accessLevel" : "PRIVATE",
    "units" : [201],
    "calories" : 211,
    "amount" : 1.0,
    "unit" : {
      "id" : 201,
      "name" : "meal",
      "plural" : "meals"
    },
    "mealTypeId" : 7
  },
  "nutritionalValues" : {
    "calories" : 211,
    "fat" : 12.1,
    "fiber" : 4.0,
    "carbs" : 22.6,
    "sodium" : 84.2,
    "protein" : 4.3
  },
  "logDate" : "2013-12-03",
  "favorite" : false
},{
  "logId" : 461365229,
  "loggedFood" : {
    "foodId" : 0,
    "name" : "Dark Chocolate Cherry Cashew, English Vintage Cheddar, Dark Chocolate Nu...",
    "brand" : "Lose It!",
    "accessLevel" : "PRIVATE",
    "units" : [201],
    "calories" : 497,
    "amount" : 1.0,
    "unit" : {
      "id" : 201,
      "name" : "meal",
      "plural" : "meals"
    },
    "mealTypeId" : 3
  },
  "nutritionalValues" : {
    "calories" : 497,
    "fat" : 34.0,
    "fiber" : 9.5,
    "carbs" : 38.1,
    "sodium" : 213.0,
    "protein" : 17.0
  },
  "logDate" : "2013-12-03",
  "favorite" : false
},{
  "logId" : 460976692,
  "loggedFood" : {
    "foodId" : 0,
    "name" : "Muscle Milk Drink, Milk",
    "brand" : "Lose It!",
    "accessLevel" : "PRIVATE",
    "units" : [201],
    "calories" : 165,
    "amount" : 1.0,
    "unit" : {
      "id" : 201,
      "name" : "meal",
      "plural" : "meals"
    },
    "mealTypeId" : 1
  },
  "nutritionalValues" : {
    "calories" : 165,
    "fat" : 4.6,
    "fiber" : 2.2,
    "carbs" : 10.0,
    "sodium" : 357.0,
    "protein" : 20.2
  },
  "logDate" : "2013-12-03",
  "favorite" : false
},{
  "logId" : 459860858,
  "loggedFood" : {
    "foodId" : 0,
    "name" : "Cheese",
    "brand" : "Lose It!",
    "accessLevel" : "PRIVATE",
    "units" : [201],
    "calories" : 167,
    "amount" : 1.0,
    "unit" : {
      "id" : 201,
      "name" : "meal",
      "plural" : "meals"
    },
    "mealTypeId" : 3
  },
  "nutritionalValues" : {
    "calories" : 167,
    "fat" : 12.2,
    "fiber" : 0.0,
    "carbs" : 2.4,
    "sodium" : 84.4,
    "protein" : 11.8
  },
  "logDate" : "2013-12-02",
  "favorite" : false
},{
  "logId" : 459747985,
  "loggedFood" : {
    "foodId" : 0,
    "name" : "Muscle Milk Drink, Almond Milk, Blueberry Pecan + Fiber",
    "brand" : "Lose It!",
    "accessLevel" : "PRIVATE",
    "units" : [201],
    "calories" : 348,
    "amount" : 1.0,
    "unit" : {
      "id" : 201,
      "name" : "meal",
      "plural" : "meals"
    },
    "mealTypeId" : 1
  },
  "nutritionalValues" : {
    "calories" : 348,
    "fat" : 16.6,
    "fiber" : 7.2,
    "carbs" : 28.0,
    "sodium" : 377.5,
    "protein" : 24.2
  },
  "logDate" : "2013-12-02",
  "favorite" : false
},{
  "logId" : 451363393,
  "loggedFood" : {
    "foodId" : 0,
    "name" : "Kale Chips",
    "brand" : "Lose It!",
    "accessLevel" : "PRIVATE",
    "units" : [201],
    "calories" : 300,
    "amount" : 1.0,
    "unit" : {
      "id" : 201,
      "name" : "meal",
      "plural" : "meals"
    },
    "mealTypeId" : 3
  },
  "nutritionalValues" : {
    "calories" : 300,
    "fat" : 18.0,
    "fiber" : 6.0,
    "carbs" : 22.0,
    "sodium" : 440.0,
    "protein" : 12.0
  },
  "logDate" : "2013-11-23",
  "favorite" : false
},{
  "logId" : 450118968,
  "loggedFood" : {
    "foodId" : 0,
    "name" : "Muscle Milk Drink, Almond Milk",
    "brand" : "Lose It!",
    "accessLevel" : "PRIVATE",
    "units" : [201],
    "calories" : 165,
    "amount" : 1.0,
    "unit" : {
      "id" : 201,
      "name" : "meal",
      "plural" : "meals"
    },
    "mealTypeId" : 1
  },
  "nutritionalValues" : {
    "calories" : 165,
    "fat" : 4.6,
    "fiber" : 2.2,
    "carbs" : 10.0,
    "sodium" : 357.5,
    "protein" : 20.2
  },
  "logDate" : "2013-11-22",
  "favorite" : false
},{
  "logId" : 449410167,
  "loggedFood" : {
    "foodId" : 0,
    "name" : "Peas, Pretzels, Berry, English Vintage Cheddar",
    "brand" : "Lose It!",
    "accessLevel" : "PRIVATE",
    "units" : [201],
    "calories" : 537,
    "amount" : 1.0,
    "unit" : {
      "id" : 201,
      "name" : "meal",
      "plural" : "meals"
    },
    "mealTypeId" : 3
  },
  "nutritionalValues" : {
    "calories" : 537,
    "fat" : 32.0,
    "fiber" : 5.0,
    "carbs" : 45.1,
    "sodium" : 838.0,
    "protein" : 20.0
  },
  "logDate" : "2013-11-21",
  "favorite" : false
},{
  "logId" : 448989781,
  "loggedFood" : {
    "foodId" : 0,
    "name" : "Cafe Latte, Milk, Cranberry Almond Bar + Antioxidants",
    "brand" : "Lose It!",
    "accessLevel" : "PRIVATE",
    "units" : [201],
    "calories" : 375,
    "amount" : 1.0,
    "unit" : {
      "id" : 201,
      "name" : "meal",
      "plural" : "meals"
    },
    "mealTypeId" : 1
  },
  "nutritionalValues" : {
    "calories" : 375,
    "fat" : 13.6,
    "fiber" : 3.2,
    "carbs" : 47.0,
    "sodium" : 62.0,
    "protein" : 20.2
  },
  "logDate" : "2013-11-21",
  "favorite" : false
},{
  "logId" : 403171330,
  "loggedFood" : {
    "foodId" : 0,
    "name" : "Cashew Butter",
    "brand" : "Lose It!",
    "accessLevel" : "PRIVATE",
    "units" : [201],
    "calories" : 135,
    "amount" : 1.0,
    "unit" : {
      "id" : 201,
      "name" : "meal",
      "plural" : "meals"
    },
    "mealTypeId" : 1
  },
  "nutritionalValues" : {
    "calories" : 135,
    "fat" : 12.0,
    "fiber" : 0.0,
    "carbs" : 6.0,
    "sodium" : 0.0,
    "protein" : 3.8
  },
  "logDate" : "2013-10-15",
  "favorite" : false
},{
  "logId" : 401819209,
  "loggedFood" : {
    "foodId" : 0,
    "name" : "Milk, Almond Butter HT Smooth, Peaches",
    "brand" : "Lose It!",
    "accessLevel" : "PRIVATE",
    "units" : [201],
    "calories" : 450,
    "amount" : 1.0,
    "unit" : {
      "id" : 201,
      "name" : "meal",
      "plural" : "meals"
    },
    "mealTypeId" : 1
  },
  "nutritionalValues" : {
    "calories" : 450,
    "fat" : 32.6,
    "fiber" : 11.2,
    "carbs" : 35.4,
    "sodium" : 37.0,
    "protein" : 11.7
  },
  "logDate" : "2013-10-14",
  "favorite" : false
},{
  "logId" : 393119225,
  "loggedFood" : {
    "foodId" : 0,
    "name" : "Muscle Milk, Milk",
    "brand" : "Lose It!",
    "accessLevel" : "PRIVATE",
    "units" : [201],
    "calories" : 190,
    "amount" : 1.0,
    "unit" : {
      "id" : 201,
      "name" : "meal",
      "plural" : "meals"
    },
    "mealTypeId" : 1
  },
  "nutritionalValues" : {
    "calories" : 190,
    "fat" : 10.0,
    "fiber" : 0.5,
    "carbs" : 9.5,
    "sodium" : 90.0,
    "protein" : 17.5
  },
  "logDate" : "2013-10-07",
  "favorite" : false
}]