[{
  "logId" : 1288127,
  "loggedFood" : {
    "foodId" : 18834,
    "locale" : "en_US",
    "name" : "Radish, Raw",
    "brand" : "",
    "accessLevel" : "PUBLIC",
    "units" : [311,319,204,179,91,256,279,226,180,147,389],
    "calories" : 0,
    "amount" : 1.0,
    "unit" : {
      "id" : 204,
      "name" : "medium",
      "plural" : "mediums"
    },
    "mealTypeId" : 5
  },
  "logDate" : "2010-02-16",
  "favorite" : false
},{
  "logId" : 1288128,
  "loggedFood" : {
    "foodId" : 33503,
    "locale" : "en_US",
    "name" : "Green Onion, Raw",
    "brand" : "Wegmans",
    "accessLevel" : "PUBLIC",
    "units" : [91,256,279],
    "calories" : 4,
    "amount" : 0.06,
    "unit" : {
      "id" : 91,
      "name" : "cup",
      "plural" : "cups"
    },
    "mealTypeId" : 5,
    "creatorEncodedId" : "228TQ7"
  },
  "logDate" : "2010-02-16",
  "favorite" : false
},{
  "logId" : 1282266,
  "loggedFood" : {
    "foodId" : 34952,
    "locale" : "en_US",
    "name" : "Nutri-Grain Cereal Bar, Cherry",
    "brand" : "Kellogg's",
    "accessLevel" : "PUBLIC",
    "units" : [17,226,180,147,389],
    "calories" : 260,
    "amount" : 2.0,
    "unit" : {
      "id" : 17,
      "name" : "bar",
      "plural" : "bars"
    },
    "mealTypeId" : 4,
    "creatorEncodedId" : "228TQ7"
  },
  "logDate" : "2010-02-16",
  "favorite" : false
},{
  "logId" : 1282253,
  "loggedFood" : {
    "foodId" : 110754,
    "name" : "Mix 1 Enhanced Protein Shake Blueberry-Vanilla",
    "brand" : "Mix 1",
    "accessLevel" : "PRIVATE",
    "units" : [304],
    "calories" : 200,
    "amount" : 1.0,
    "unit" : {
      "id" : 304,
      "name" : "serving",
      "plural" : "servings"
    },
    "mealTypeId" : 3,
    "creatorEncodedId" : "229TGZ"
  },
  "logDate" : "2010-02-16",
  "favorite" : false
},{
  "logId" : 1282254,
  "loggedFood" : {
    "foodId" : 19540,
    "locale" : "en_US",
    "name" : "Mozzarella Cheese",
    "brand" : "Polly-O",
    "accessLevel" : "PUBLIC",
    "units" : [226,180,147,389],
    "calories" : 70,
    "amount" : 1.0,
    "unit" : {
      "id" : 226,
      "name" : "oz",
      "plural" : "oz"
    },
    "mealTypeId" : 3
  },
  "logDate" : "2010-02-16",
  "favorite" : false
},{
  "logId" : 1280379,
  "loggedFood" : {
    "foodId" : 81555,
    "locale" : "en_US",
    "name" : "Apple Cider",
    "brand" : "",
    "accessLevel" : "PUBLIC",
    "units" : [209,189,128,364,349,91,256,279,401],
    "calories" : 62,
    "amount" : 4.0,
    "unit" : {
      "id" : 128,
      "name" : "fl oz",
      "plural" : "fl oz"
    },
    "mealTypeId" : 2
  },
  "logDate" : "2010-02-16",
  "favorite" : true
},{
  "logId" : 1280380,
  "loggedFood" : {
    "foodId" : 26553,
    "locale" : "en_US",
    "name" : "Banana, Raw",
    "brand" : "",
    "accessLevel" : "PUBLIC",
    "units" : [121,120,304,319,204,179,91,256,279,226,180,147,389],
    "calories" : 35,
    "amount" : 0.33,
    "unit" : {
      "id" : 204,
      "name" : "medium",
      "plural" : "mediums"
    },
    "mealTypeId" : 2
  },
  "logDate" : "2010-02-16",
  "favorite" : true
},{
  "logId" : 1280381,
  "loggedFood" : {
    "foodId" : 26720,
    "locale" : "en_US",
    "name" : "Chia Seed, Dried",
    "brand" : "",
    "accessLevel" : "PUBLIC",
    "units" : [226,180,147,389],
    "calories" : 49,
    "amount" : 10.0,
    "unit" : {
      "id" : 147,
      "name" : "gram",
      "plural" : "grams"
    },
    "mealTypeId" : 2
  },
  "logDate" : "2010-02-16",
  "favorite" : true
},{
  "logId" : 1280382,
  "loggedFood" : {
    "foodId" : 82547,
    "locale" : "en_US",
    "name" : "Blueberries",
    "brand" : "",
    "accessLevel" : "PUBLIC",
    "units" : [304,20,91,256,279,226,180,147,389],
    "calories" : 28,
    "amount" : 50.0,
    "unit" : {
      "id" : 147,
      "name" : "gram",
      "plural" : "grams"
    },
    "mealTypeId" : 2
  },
  "logDate" : "2010-02-16",
  "favorite" : false
},{
  "logId" : 1280383,
  "loggedFood" : {
    "foodId" : 82713,
    "locale" : "en_US",
    "name" : "Raspberries",
    "brand" : "",
    "accessLevel" : "PUBLIC",
    "units" : [304,91,256,279,226,180,147,389],
    "calories" : 24,
    "amount" : 50.0,
    "unit" : {
      "id" : 147,
      "name" : "gram",
      "plural" : "grams"
    },
    "mealTypeId" : 2
  },
  "logDate" : "2010-02-16",
  "favorite" : false
},{
  "logId" : 1280384,
  "loggedFood" : {
    "foodId" : 9166,
    "locale" : "en_US",
    "name" : "Marion Blackberries, Frozen",
    "brand" : "Flav-R-Pac",
    "accessLevel" : "PUBLIC",
    "units" : [91,256,279,226,180,147,389],
    "calories" : 32,
    "amount" : 50.0,
    "unit" : {
      "id" : 147,
      "name" : "gram",
      "plural" : "grams"
    },
    "mealTypeId" : 2
  },
  "logDate" : "2010-02-16",
  "favorite" : false
},{
  "logId" : 1280000,
  "loggedFood" : {
    "foodId" : 35488,
    "locale" : "en_US",
    "name" : "Multigrain Cheerios Cereal",
    "brand" : "General Mills",
    "accessLevel" : "PUBLIC",
    "units" : [91,256,279,226,180,147,389],
    "calories" : 110,
    "amount" : 1.0,
    "unit" : {
      "id" : 91,
      "name" : "cup",
      "plural" : "cups"
    },
    "mealTypeId" : 1,
    "creatorEncodedId" : "228TQ7"
  },
  "logDate" : "2010-02-16",
  "favorite" : true
},{
  "logId" : 1280003,
  "loggedFood" : {
    "foodId" : 81993,
    "locale" : "en_US",
    "name" : "Skim Milk",
    "brand" : "",
    "accessLevel" : "PUBLIC",
    "units" : [304,209,189,128,364,349,91,256,279,401],
    "calories" : 42,
    "amount" : 4.0,
    "unit" : {
      "id" : 128,
      "name" : "fl oz",
      "plural" : "fl oz"
    },
    "mealTypeId" : 1
  },
  "logDate" : "2010-02-16",
  "favorite" : true
},{
  "logId" : 1280005,
  "loggedFood" : {
    "foodId" : 110643,
    "name" : "Trader Joe's Raspberry Handmade 100% Dried Fruit Bar",
    "brand" : "Trader Joe's",
    "accessLevel" : "PRIVATE",
    "units" : [17],
    "calories" : 50,
    "amount" : 1.0,
    "unit" : {
      "id" : 17,
      "name" : "bar",
      "plural" : "bars"
    },
    "mealTypeId" : 1,
    "creatorEncodedId" : "229TGZ"
  },
  "logDate" : "2010-02-16",
  "favorite" : false
},{
  "logId" : 1280361,
  "loggedFood" : {
    "foodId" : 82638,
    "locale" : "en_US",
    "name" : "Grapefruit",
    "brand" : "",
    "accessLevel" : "PUBLIC",
    "units" : [319,179,204,251,91,256,279,226,180,147,389],
    "calories" : 64,
    "amount" : 1.0,
    "unit" : {
      "id" : 319,
      "name" : "small",
      "plural" : "smalls"
    },
    "mealTypeId" : 1
  },
  "logDate" : "2010-02-16",
  "favorite" : false
},{
  "logId" : 1237403,
  "loggedFood" : {
    "foodId" : 81555,
    "locale" : "en_US",
    "name" : "Apple Cider",
    "brand" : "",
    "accessLevel" : "PUBLIC",
    "units" : [209,189,128,364,349,91,256,279,401],
    "calories" : 62,
    "amount" : 4.0,
    "unit" : {
      "id" : 128,
      "name" : "fl oz",
      "plural" : "fl oz"
    },
    "mealTypeId" : 2
  },
  "logDate" : "2010-02-12",
  "favorite" : true
},{
  "logId" : 1237404,
  "loggedFood" : {
    "foodId" : 26553,
    "locale" : "en_US",
    "name" : "Banana, Raw",
    "brand" : "",
    "accessLevel" : "PUBLIC",
    "units" : [121,120,304,319,204,179,91,256,279,226,180,147,389],
    "calories" : 35,
    "amount" : 0.33,
    "unit" : {
      "id" : 204,
      "name" : "medium",
      "plural" : "mediums"
    },
    "mealTypeId" : 2
  },
  "logDate" : "2010-02-12",
  "favorite" : true
},{
  "logId" : 1237405,
  "loggedFood" : {
    "foodId" : 26720,
    "locale" : "en_US",
    "name" : "Chia Seed, Dried",
    "brand" : "",
    "accessLevel" : "PUBLIC",
    "units" : [226,180,147,389],
    "calories" : 49,
    "amount" : 10.0,
    "unit" : {
      "id" : 147,
      "name" : "gram",
      "plural" : "grams"
    },
    "mealTypeId" : 2
  },
  "logDate" : "2010-02-12",
  "favorite" : true
},{
  "logId" : 1237406,
  "loggedFood" : {
    "foodId" : 82129,
    "locale" : "en_US",
    "name" : "Mango",
    "brand" : "",
    "accessLevel" : "PUBLIC",
    "units" : [139,251,304,91,256,279,226,180,147,389],
    "calories" : 62,
    "amount" : 100.0,
    "unit" : {
      "id" : 147,
      "name" : "gram",
      "plural" : "grams"
    },
    "mealTypeId" : 2
  },
  "logDate" : "2010-02-12",
  "favorite" : false
},{
  "logId" : 1237407,
  "loggedFood" : {
    "foodId" : 16351,
    "locale" : "en_US",
    "name" : "Blueberry, Raw",
    "brand" : "",
    "accessLevel" : "PUBLIC",
    "units" : [20,91,256,279,226,180,147,389],
    "calories" : 28,
    "amount" : 50.0,
    "unit" : {
      "id" : 147,
      "name" : "gram",
      "plural" : "grams"
    },
    "mealTypeId" : 2
  },
  "logDate" : "2010-02-12",
  "favorite" : false
},{
  "logId" : 1237408,
  "loggedFood" : {
    "foodId" : 15410,
    "locale" : "en_US",
    "name" : "Special K Red Berry",
    "brand" : "Kellogg's",
    "accessLevel" : "PUBLIC",
    "units" : [91,256,279,226,180,147,389],
    "calories" : 114,
    "amount" : 1.0,
    "unit" : {
      "id" : 91,
      "name" : "cup",
      "plural" : "cups"
    },
    "mealTypeId" : 1
  },
  "logDate" : "2010-02-12",
  "favorite" : true
},{
  "logId" : 1237409,
  "loggedFood" : {
    "foodId" : 81993,
    "locale" : "en_US",
    "name" : "Skim Milk",
    "brand" : "",
    "accessLevel" : "PUBLIC",
    "units" : [304,209,189,128,364,349,91,256,279,401],
    "calories" : 44,
    "amount" : 0.5,
    "unit" : {
      "id" : 91,
      "name" : "cup",
      "plural" : "cups"
    },
    "mealTypeId" : 1
  },
  "logDate" : "2010-02-12",
  "favorite" : true
},{
  "logId" : 1227776,
  "loggedFood" : {
    "foodId" : 19691,
    "locale" : "en_US",
    "name" : "Tomato, Red, Ripe, Raw",
    "brand" : "",
    "accessLevel" : "PUBLIC",
    "units" : [54,358,304,264,316,380,311,251,91,256,279,226,180,147,389],
    "calories" : 11,
    "amount" : 1.0,
    "unit" : {
      "id" : 264,
      "name" : "plum-tomato",
      "plural" : "plum-tomatos"
    },
    "mealTypeId" : 3
  },
  "logDate" : "2010-02-11",
  "favorite" : false
},{
  "logId" : 1227777,
  "loggedFood" : {
    "foodId" : 81013,
    "locale" : "en_US",
    "name" : "Lettuce",
    "brand" : "",
    "accessLevel" : "PUBLIC",
    "units" : [304,181,91,256,279],
    "calories" : 6,
    "amount" : 1.0,
    "unit" : {
      "id" : 91,
      "name" : "cup",
      "plural" : "cups"
    },
    "mealTypeId" : 3
  },
  "logDate" : "2010-02-11",
  "favorite" : false
},{
  "logId" : 1227778,
  "loggedFood" : {
    "foodId" : 81438,
    "locale" : "en_US",
    "name" : "Sourdough Loaf",
    "brand" : "",
    "accessLevel" : "PUBLIC",
    "units" : [191,226,180,147,389],
    "calories" : 456,
    "amount" : 200.0,
    "unit" : {
      "id" : 147,
      "name" : "gram",
      "plural" : "grams"
    },
    "mealTypeId" : 3
  },
  "logDate" : "2010-02-11",
  "favorite" : true
},{
  "logId" : 1227779,
  "loggedFood" : {
    "foodId" : 81630,
    "locale" : "en_US",
    "name" : "Provolone Cheese",
    "brand" : "",
    "accessLevel" : "PUBLIC",
    "units" : [304,89,311,91,256,279,226,180,147,389],
    "calories" : 80,
    "amount" : 1.0,
    "unit" : {
      "id" : 311,
      "name" : "slice",
      "plural" : "slices"
    },
    "mealTypeId" : 3
  },
  "logDate" : "2010-02-11",
  "favorite" : false
},{
  "logId" : 1224259,
  "loggedFood" : {
    "foodId" : 81401,
    "locale" : "en_US",
    "name" : "Pineapple",
    "brand" : "",
    "accessLevel" : "PUBLIC",
    "units" : [311,91,256,279,226,180,147,389],
    "calories" : 44,
    "amount" : 100.0,
    "unit" : {
      "id" : 147,
      "name" : "gram",
      "plural" : "grams"
    },
    "mealTypeId" : 2
  },
  "logDate" : "2010-02-11",
  "favorite" : false
},{
  "logId" : 1224261,
  "loggedFood" : {
    "foodId" : 33783,
    "locale" : "en_US",
    "name" : "Goji Berries, Raw",
    "brand" : "Dole",
    "accessLevel" : "PUBLIC",
    "units" : [226,180,147,389],
    "calories" : 194,
    "amount" : 50.0,
    "unit" : {
      "id" : 147,
      "name" : "gram",
      "plural" : "grams"
    },
    "mealTypeId" : 2,
    "creatorEncodedId" : "228TQ7"
  },
  "logDate" : "2010-02-11",
  "favorite" : false
},{
  "logId" : 1224262,
  "loggedFood" : {
    "foodId" : 81555,
    "locale" : "en_US",
    "name" : "Apple Cider",
    "brand" : "",
    "accessLevel" : "PUBLIC",
    "units" : [209,189,128,364,349,91,256,279,401],
    "calories" : 62,
    "amount" : 4.0,
    "unit" : {
      "id" : 128,
      "name" : "fl oz",
      "plural" : "fl oz"
    },
    "mealTypeId" : 2
  },
  "logDate" : "2010-02-11",
  "favorite" : true
},{
  "logId" : 1224264,
  "loggedFood" : {
    "foodId" : 26720,
    "locale" : "en_US",
    "name" : "Chia Seed, Dried",
    "brand" : "",
    "accessLevel" : "PUBLIC",
    "units" : [226,180,147,389],
    "calories" : 54,
    "amount" : 11.0,
    "unit" : {
      "id" : 147,
      "name" : "gram",
      "plural" : "grams"
    },
    "mealTypeId" : 2
  },
  "logDate" : "2010-02-11",
  "favorite" : true
},{
  "logId" : 1224265,
  "loggedFood" : {
    "foodId" : 26553,
    "locale" : "en_US",
    "name" : "Banana, Raw",
    "brand" : "",
    "accessLevel" : "PUBLIC",
    "units" : [121,120,304,319,204,179,91,256,279,226,180,147,389],
    "calories" : 35,
    "amount" : 0.33,
    "unit" : {
      "id" : 204,
      "name" : "medium",
      "plural" : "mediums"
    },
    "mealTypeId" : 2
  },
  "logDate" : "2010-02-11",
  "favorite" : true
},{
  "logId" : 1222461,
  "loggedFood" : {
    "foodId" : 15410,
    "locale" : "en_US",
    "name" : "Special K Red Berry",
    "brand" : "Kellogg's",
    "accessLevel" : "PUBLIC",
    "units" : [91,256,279,226,180,147,389],
    "calories" : 114,
    "amount" : 1.0,
    "unit" : {
      "id" : 91,
      "name" : "cup",
      "plural" : "cups"
    },
    "mealTypeId" : 1
  },
  "logDate" : "2010-02-11",
  "favorite" : true
},{
  "logId" : 1222462,
  "loggedFood" : {
    "foodId" : 81993,
    "locale" : "en_US",
    "name" : "Skim Milk",
    "brand" : "",
    "accessLevel" : "PUBLIC",
    "units" : [304,209,189,128,364,349,91,256,279,401],
    "calories" : 44,
    "amount" : 0.5,
    "unit" : {
      "id" : 91,
      "name" : "cup",
      "plural" : "cups"
    },
    "mealTypeId" : 1
  },
  "logDate" : "2010-02-11",
  "favorite" : true
},{
  "logId" : 1222982,
  "loggedFood" : {
    "foodId" : 107182,
    "name" : "Trader Joe's Organic Apple Raspberry 100% Natural Food Wrap",
    "brand" : "Trader Joe's",
    "accessLevel" : "PRIVATE",
    "units" : [304],
    "calories" : 50,
    "amount" : 1.0,
    "unit" : {
      "id" : 304,
      "name" : "serving",
      "plural" : "servings"
    },
    "mealTypeId" : 1,
    "creatorEncodedId" : "229TGZ"
  },
  "logDate" : "2010-02-11",
  "favorite" : false
},{
  "logId" : 1218107,
  "loggedFood" : {
    "foodId" : 20692,
    "locale" : "en_US",
    "name" : "Elbow Macaroni, Dry",
    "brand" : "Mueller's",
    "accessLevel" : "PUBLIC",
    "units" : [226,180,147,389],
    "calories" : 420,
    "amount" : 4.0,
    "unit" : {
      "id" : 226,
      "name" : "oz",
      "plural" : "oz"
    },
    "mealTypeId" : 7
  },
  "logDate" : "2010-02-10",
  "favorite" : false
},{
  "logId" : 1214475,
  "loggedFood" : {
    "foodId" : 10759,
    "locale" : "en_US",
    "name" : "Diet Coke",
    "brand" : "Coca Cola",
    "accessLevel" : "PUBLIC",
    "units" : [209,189,128,364,349,91,256,279,401],
    "calories" : 0,
    "amount" : 12.0,
    "unit" : {
      "id" : 128,
      "name" : "fl oz",
      "plural" : "fl oz"
    },
    "mealTypeId" : 3
  },
  "logDate" : "2010-02-10",
  "favorite" : false
},{
  "logId" : 1214483,
  "loggedFood" : {
    "foodId" : 35168,
    "locale" : "en_US",
    "name" : "Gelatin Snack, Strawberry",
    "brand" : "Jell-O",
    "accessLevel" : "PUBLIC",
    "units" : [226,180,147,389],
    "calories" : 20,
    "amount" : 1.0,
    "unit" : {
      "id" : 226,
      "name" : "oz",
      "plural" : "oz"
    },
    "mealTypeId" : 3,
    "creatorEncodedId" : "228TQ7"
  },
  "logDate" : "2010-02-10",
  "favorite" : false
},{
  "logId" : 1214101,
  "loggedFood" : {
    "foodId" : 8644,
    "locale" : "en_US",
    "name" : "Avocado, Raw",
    "brand" : "",
    "accessLevel" : "PUBLIC",
    "units" : [8,91,256,279,226,180,147,389],
    "calories" : 80,
    "amount" : 0.25,
    "unit" : {
      "id" : 8,
      "name" : "avocado",
      "plural" : "avocados"
    },
    "mealTypeId" : 3
  },
  "logDate" : "2010-02-10",
  "favorite" : false
},{
  "logId" : 1214103,
  "loggedFood" : {
    "foodId" : 81037,
    "locale" : "en_US",
    "name" : "Black Beans",
    "brand" : "",
    "accessLevel" : "PUBLIC",
    "units" : [304,349,364,91,256,279,226,180,147,389],
    "calories" : 161,
    "amount" : 1.0,
    "unit" : {
      "id" : 304,
      "name" : "serving",
      "plural" : "servings"
    },
    "mealTypeId" : 3
  },
  "logDate" : "2010-02-10",
  "favorite" : false
},{
  "logId" : 1214104,
  "loggedFood" : {
    "foodId" : 82900,
    "locale" : "en_US",
    "name" : "Rice",
    "brand" : "",
    "accessLevel" : "PUBLIC",
    "units" : [304,226,180,147,389],
    "calories" : 206,
    "amount" : 1.0,
    "unit" : {
      "id" : 304,
      "name" : "serving",
      "plural" : "servings"
    },
    "mealTypeId" : 3
  },
  "logDate" : "2010-02-10",
  "favorite" : false
},{
  "logId" : 1209408,
  "loggedFood" : {
    "foodId" : 108115,
    "name" : "Apple Blueberry Fiberful Handmade Dried Fruit Bar",
    "brand" : "Trader Joe's",
    "accessLevel" : "PRIVATE",
    "units" : [304],
    "calories" : 60,
    "amount" : 1.0,
    "unit" : {
      "id" : 304,
      "name" : "serving",
      "plural" : "servings"
    },
    "mealTypeId" : 2,
    "creatorEncodedId" : "229TGZ"
  },
  "logDate" : "2010-02-10",
  "favorite" : false
},{
  "logId" : 1203484,
  "loggedFood" : {
    "foodId" : 107904,
    "name" : "Muscle Milk Light Nutritional Shake Vanilla Creme",
    "brand" : "Muscle Milk",
    "accessLevel" : "PRIVATE",
    "units" : [304],
    "calories" : 100,
    "amount" : 1.0,
    "unit" : {
      "id" : 304,
      "name" : "serving",
      "plural" : "servings"
    },
    "mealTypeId" : 5,
    "creatorEncodedId" : "229TGZ"
  },
  "logDate" : "2010-02-09",
  "favorite" : false
},{
  "logId" : 1203306,
  "loggedFood" : {
    "foodId" : 9837,
    "locale" : "en_US",
    "name" : "Graham Cracker, Honey",
    "brand" : "Honey Maid",
    "accessLevel" : "PUBLIC",
    "units" : [226,180,147,389],
    "calories" : 238,
    "amount" : 2.0,
    "unit" : {
      "id" : 226,
      "name" : "oz",
      "plural" : "oz"
    },
    "mealTypeId" : 4
  },
  "logDate" : "2010-02-09",
  "favorite" : false
},{
  "logId" : 1203307,
  "loggedFood" : {
    "foodId" : 22099,
    "locale" : "en_US",
    "name" : "Provolone Cheese",
    "brand" : "",
    "accessLevel" : "PUBLIC",
    "units" : [89,91,256,279,226,180,147,389],
    "calories" : 59,
    "amount" : 1.0,
    "unit" : {
      "id" : 89,
      "name" : "cubic-inch",
      "plural" : "cubic-inches"
    },
    "mealTypeId" : 4
  },
  "logDate" : "2010-02-09",
  "favorite" : false
},{
  "logId" : 1199520,
  "loggedFood" : {
    "foodId" : 107758,
    "name" : "Trader Joe's Apricot Fiberful Handmade Dried Fruit Bar",
    "brand" : "Trader Joe's",
    "accessLevel" : "PRIVATE",
    "units" : [304],
    "calories" : 60,
    "amount" : 1.0,
    "unit" : {
      "id" : 304,
      "name" : "serving",
      "plural" : "servings"
    },
    "mealTypeId" : 4,
    "creatorEncodedId" : "229TGZ"
  },
  "logDate" : "2010-02-09",
  "favorite" : false
},{
  "logId" : 1200859,
  "loggedFood" : {
    "foodId" : 24436,
    "locale" : "en_US",
    "name" : "String Cheese",
    "brand" : "Polly-O String-Ums",
    "accessLevel" : "PUBLIC",
    "units" : [226,180,147,389],
    "calories" : 80,
    "amount" : 1.0,
    "unit" : {
      "id" : 226,
      "name" : "oz",
      "plural" : "oz"
    },
    "mealTypeId" : 4
  },
  "logDate" : "2010-02-09",
  "favorite" : true
},{
  "logId" : 1200860,
  "loggedFood" : {
    "foodId" : 35199,
    "locale" : "en_US",
    "name" : "Gelatin Snack, Strawberry, Sugar Free",
    "brand" : "Jell-O",
    "accessLevel" : "PUBLIC",
    "units" : [304,226,180,147,389],
    "calories" : 10,
    "amount" : 1.0,
    "unit" : {
      "id" : 304,
      "name" : "serving",
      "plural" : "servings"
    },
    "mealTypeId" : 4,
    "creatorEncodedId" : "228TQ7"
  },
  "logDate" : "2010-02-09",
  "favorite" : false
},{
  "logId" : 1198110,
  "loggedFood" : {
    "foodId" : 34602,
    "locale" : "en_US",
    "name" : "Pizza, Margherita",
    "brand" : "Amy's Kitchen",
    "accessLevel" : "PUBLIC",
    "units" : [259,226,180,147,389],
    "calories" : 379,
    "amount" : 0.5,
    "unit" : {
      "id" : 259,
      "name" : "pizza",
      "plural" : "pizzas"
    },
    "mealTypeId" : 3,
    "creatorEncodedId" : "228TQ7"
  },
  "logDate" : "2010-02-09",
  "favorite" : false
},{
  "logId" : 1198100,
  "loggedFood" : {
    "foodId" : 82920,
    "locale" : "en_US",
    "name" : "Sesame Bagel",
    "brand" : "",
    "accessLevel" : "PUBLIC",
    "units" : [12,304,251,226,180,147,389],
    "calories" : 341,
    "amount" : 1.0,
    "unit" : {
      "id" : 12,
      "name" : "bagel",
      "plural" : "bagels"
    },
    "mealTypeId" : 1
  },
  "logDate" : "2010-02-09",
  "favorite" : false
},{
  "logId" : 1198101,
  "loggedFood" : {
    "foodId" : 81555,
    "locale" : "en_US",
    "name" : "Apple Cider",
    "brand" : "",
    "accessLevel" : "PUBLIC",
    "units" : [209,189,128,364,349,91,256,279,401],
    "calories" : 31,
    "amount" : 2.0,
    "unit" : {
      "id" : 128,
      "name" : "fl oz",
      "plural" : "fl oz"
    },
    "mealTypeId" : 1
  },
  "logDate" : "2010-02-09",
  "favorite" : true
},{
  "logId" : 1198102,
  "loggedFood" : {
    "foodId" : 26553,
    "locale" : "en_US",
    "name" : "Banana, Raw",
    "brand" : "",
    "accessLevel" : "PUBLIC",
    "units" : [121,120,304,319,204,179,91,256,279,226,180,147,389],
    "calories" : 35,
    "amount" : 0.33,
    "unit" : {
      "id" : 204,
      "name" : "medium",
      "plural" : "mediums"
    },
    "mealTypeId" : 1
  },
  "logDate" : "2010-02-09",
  "favorite" : true
},{
  "logId" : 1198103,
  "loggedFood" : {
    "foodId" : 4070,
    "locale" : "en_US",
    "name" : "Peach, Raw",
    "brand" : "",
    "accessLevel" : "PUBLIC",
    "units" : [304,319,179,204,91,256,279,226,180,147,389],
    "calories" : 39,
    "amount" : 100.0,
    "unit" : {
      "id" : 147,
      "name" : "gram",
      "plural" : "grams"
    },
    "mealTypeId" : 1
  },
  "logDate" : "2010-02-09",
  "favorite" : false
},{
  "logId" : 1198104,
  "loggedFood" : {
    "foodId" : 16351,
    "locale" : "en_US",
    "name" : "Blueberry, Raw",
    "brand" : "",
    "accessLevel" : "PUBLIC",
    "units" : [20,91,256,279,226,180,147,389],
    "calories" : 28,
    "amount" : 50.0,
    "unit" : {
      "id" : 147,
      "name" : "gram",
      "plural" : "grams"
    },
    "mealTypeId" : 1
  },
  "logDate" : "2010-02-09",
  "favorite" : false
},{
  "logId" : 1198111,
  "loggedFood" : {
    "foodId" : 28016,
    "locale" : "en_US",
    "name" : "Cream Cheese",
    "brand" : "",
    "accessLevel" : "PUBLIC",
    "units" : [89,349,364,91,256,279,226,180,147,389],
    "calories" : 102,
    "amount" : 3.0,
    "unit" : {
      "id" : 349,
      "name" : "tbsp",
      "plural" : "tbsp"
    },
    "mealTypeId" : 1
  },
  "logDate" : "2010-02-09",
  "favorite" : false
},{
  "logId" : 1195101,
  "loggedFood" : {
    "foodId" : 15410,
    "locale" : "en_US",
    "name" : "Special K Red Berry",
    "brand" : "Kellogg's",
    "accessLevel" : "PUBLIC",
    "units" : [91,256,279,226,180,147,389],
    "calories" : 114,
    "amount" : 1.0,
    "unit" : {
      "id" : 91,
      "name" : "cup",
      "plural" : "cups"
    },
    "mealTypeId" : 1
  },
  "logDate" : "2010-02-09",
  "favorite" : true
},{
  "logId" : 1195102,
  "loggedFood" : {
    "foodId" : 81993,
    "locale" : "en_US",
    "name" : "Skim Milk",
    "brand" : "",
    "accessLevel" : "PUBLIC",
    "units" : [304,209,189,128,364,349,91,256,279,401],
    "calories" : 44,
    "amount" : 0.5,
    "unit" : {
      "id" : 91,
      "name" : "cup",
      "plural" : "cups"
    },
    "mealTypeId" : 1
  },
  "logDate" : "2010-02-09",
  "favorite" : true
},{
  "logId" : 1195089,
  "loggedFood" : {
    "foodId" : 7475,
    "locale" : "en_US",
    "name" : "Black Bean, Raw",
    "brand" : "",
    "accessLevel" : "PUBLIC",
    "units" : [349,364,91,256,279,226,180,147,389],
    "calories" : 164,
    "amount" : 0.25,
    "unit" : {
      "id" : 91,
      "name" : "cup",
      "plural" : "cups"
    },
    "mealTypeId" : 5
  },
  "logDate" : "2010-02-08",
  "favorite" : false
},{
  "logId" : 1195091,
  "loggedFood" : {
    "foodId" : 6498,
    "locale" : "en_US",
    "name" : "Brown Rice, Long Grain, Raw",
    "brand" : "",
    "accessLevel" : "PUBLIC",
    "units" : [91,256,279,226,180,147,389],
    "calories" : 171,
    "amount" : 0.25,
    "unit" : {
      "id" : 91,
      "name" : "cup",
      "plural" : "cups"
    },
    "mealTypeId" : 5
  },
  "logDate" : "2010-02-08",
  "favorite" : false
},{
  "logId" : 1195092,
  "loggedFood" : {
    "foodId" : 8644,
    "locale" : "en_US",
    "name" : "Avocado, Raw",
    "brand" : "",
    "accessLevel" : "PUBLIC",
    "units" : [8,91,256,279,226,180,147,389],
    "calories" : 80,
    "amount" : 0.25,
    "unit" : {
      "id" : 8,
      "name" : "avocado",
      "plural" : "avocados"
    },
    "mealTypeId" : 5
  },
  "logDate" : "2010-02-08",
  "favorite" : false
},{
  "logId" : 1195093,
  "loggedFood" : {
    "foodId" : 11357,
    "locale" : "en_US",
    "name" : "Cheddar Cheese",
    "brand" : "",
    "accessLevel" : "PUBLIC",
    "units" : [89,91,256,279,226,180,147,389],
    "calories" : 57,
    "amount" : 0.5,
    "unit" : {
      "id" : 226,
      "name" : "oz",
      "plural" : "oz"
    },
    "mealTypeId" : 5
  },
  "logDate" : "2010-02-08",
  "favorite" : false
},{
  "logId" : 1195096,
  "loggedFood" : {
    "foodId" : 33967,
    "locale" : "en_US",
    "name" : "Light & Fit Nonfat, Peach Yogurt",
    "brand" : "Dannon",
    "accessLevel" : "PUBLIC",
    "units" : [69,226,180,147,389],
    "calories" : 80,
    "amount" : 1.0,
    "unit" : {
      "id" : 69,
      "name" : "container",
      "plural" : "containers"
    },
    "mealTypeId" : 5,
    "creatorEncodedId" : "228TQ7"
  },
  "logDate" : "2010-02-08",
  "favorite" : false
},{
  "logId" : 1195097,
  "loggedFood" : {
    "foodId" : 107584,
    "name" : "Cooking Light Red Velvet Cupcake",
    "brand" : "cooking light",
    "accessLevel" : "PRIVATE",
    "units" : [304],
    "calories" : 205,
    "amount" : 1.0,
    "unit" : {
      "id" : 304,
      "name" : "serving",
      "plural" : "servings"
    },
    "mealTypeId" : 5,
    "creatorEncodedId" : "229TGZ"
  },
  "logDate" : "2010-02-08",
  "favorite" : false
},{
  "logId" : 1184449,
  "loggedFood" : {
    "foodId" : 81438,
    "locale" : "en_US",
    "name" : "Sourdough Loaf",
    "brand" : "",
    "accessLevel" : "PUBLIC",
    "units" : [191,226,180,147,389],
    "calories" : 399,
    "amount" : 175.0,
    "unit" : {
      "id" : 147,
      "name" : "gram",
      "plural" : "grams"
    },
    "mealTypeId" : 3
  },
  "logDate" : "2010-02-08",
  "favorite" : true
},{
  "logId" : 1184452,
  "loggedFood" : {
    "foodId" : 12759,
    "locale" : "en_US",
    "name" : "Tomato, Raw",
    "brand" : "",
    "accessLevel" : "PUBLIC",
    "units" : [226,180,147,389],
    "calories" : 12,
    "amount" : 3.0,
    "unit" : {
      "id" : 226,
      "name" : "oz",
      "plural" : "oz"
    },
    "mealTypeId" : 3
  },
  "logDate" : "2010-02-08",
  "favorite" : false
},{
  "logId" : 1184453,
  "loggedFood" : {
    "foodId" : 8644,
    "locale" : "en_US",
    "name" : "Avocado, Raw",
    "brand" : "",
    "accessLevel" : "PUBLIC",
    "units" : [8,91,256,279,226,180,147,389],
    "calories" : 161,
    "amount" : 0.5,
    "unit" : {
      "id" : 8,
      "name" : "avocado",
      "plural" : "avocados"
    },
    "mealTypeId" : 3
  },
  "logDate" : "2010-02-08",
  "favorite" : false
},{
  "logId" : 1184454,
  "loggedFood" : {
    "foodId" : 6330,
    "locale" : "en_US",
    "name" : "Provolone Cheese, Slice, Reduced Fat",
    "brand" : "Sargento",
    "accessLevel" : "PUBLIC",
    "units" : [311,226,180,147,389],
    "calories" : 50,
    "amount" : 1.0,
    "unit" : {
      "id" : 311,
      "name" : "slice",
      "plural" : "slices"
    },
    "mealTypeId" : 3
  },
  "logDate" : "2010-02-08",
  "favorite" : false
},{
  "logId" : 1184976,
  "loggedFood" : {
    "foodId" : 80933,
    "locale" : "en_US",
    "name" : "Mustard",
    "brand" : "",
    "accessLevel" : "PUBLIC",
    "units" : [304,228,349,364,226,180,147,389],
    "calories" : 5,
    "amount" : 1.0,
    "unit" : {
      "id" : 364,
      "name" : "tsp",
      "plural" : "tsp"
    },
    "mealTypeId" : 3
  },
  "logDate" : "2010-02-08",
  "favorite" : false
},{
  "logId" : 1184977,
  "loggedFood" : {
    "foodId" : 10901,
    "locale" : "en_US",
    "name" : "Lettuce, Cos Or Romaine, Raw",
    "brand" : "",
    "accessLevel" : "PUBLIC",
    "units" : [304,223,166,158,91,256,279,226,180,147,389],
    "calories" : 4,
    "amount" : 0.5,
    "unit" : {
      "id" : 91,
      "name" : "cup",
      "plural" : "cups"
    },
    "mealTypeId" : 3
  },
  "logDate" : "2010-02-08",
  "favorite" : false
},{
  "logId" : 1184990,
  "loggedFood" : {
    "foodId" : 81409,
    "locale" : "en_US",
    "name" : "Apple",
    "brand" : "",
    "accessLevel" : "PUBLIC",
    "units" : [204,179,226,180,147,389],
    "calories" : 80,
    "amount" : 1.0,
    "unit" : {
      "id" : 204,
      "name" : "medium",
      "plural" : "mediums"
    },
    "mealTypeId" : 3
  },
  "logDate" : "2010-02-08",
  "favorite" : false
},{
  "logId" : 1184980,
  "loggedFood" : {
    "foodId" : 107182,
    "name" : "Trader Joe's Organic Apple Raspberry 100% Natural Food Wrap",
    "brand" : "Trader Joe's",
    "accessLevel" : "PRIVATE",
    "units" : [304],
    "calories" : 50,
    "amount" : 1.0,
    "unit" : {
      "id" : 304,
      "name" : "serving",
      "plural" : "servings"
    },
    "mealTypeId" : 2,
    "creatorEncodedId" : "229TGZ"
  },
  "logDate" : "2010-02-08",
  "favorite" : false
},{
  "logId" : 1180531,
  "loggedFood" : {
    "foodId" : 81555,
    "locale" : "en_US",
    "name" : "Apple Cider",
    "brand" : "",
    "accessLevel" : "PUBLIC",
    "units" : [209,189,128,364,349,91,256,279,401],
    "calories" : 62,
    "amount" : 4.0,
    "unit" : {
      "id" : 128,
      "name" : "fl oz",
      "plural" : "fl oz"
    },
    "mealTypeId" : 1
  },
  "logDate" : "2010-02-08",
  "favorite" : true
},{
  "logId" : 1180533,
  "loggedFood" : {
    "foodId" : 26553,
    "locale" : "en_US",
    "name" : "Banana, Raw",
    "brand" : "",
    "accessLevel" : "PUBLIC",
    "units" : [121,120,304,319,204,179,91,256,279,226,180,147,389],
    "calories" : 35,
    "amount" : 0.33,
    "unit" : {
      "id" : 204,
      "name" : "medium",
      "plural" : "mediums"
    },
    "mealTypeId" : 1
  },
  "logDate" : "2010-02-08",
  "favorite" : true
},{
  "logId" : 1180534,
  "loggedFood" : {
    "foodId" : 26720,
    "locale" : "en_US",
    "name" : "Chia Seed, Dried",
    "brand" : "",
    "accessLevel" : "PUBLIC",
    "units" : [226,180,147,389],
    "calories" : 24,
    "amount" : 5.0,
    "unit" : {
      "id" : 147,
      "name" : "gram",
      "plural" : "grams"
    },
    "mealTypeId" : 1
  },
  "logDate" : "2010-02-08",
  "favorite" : true
},{
  "logId" : 1180535,
  "loggedFood" : {
    "foodId" : 81993,
    "locale" : "en_US",
    "name" : "Skim Milk",
    "brand" : "",
    "accessLevel" : "PUBLIC",
    "units" : [304,209,189,128,364,349,91,256,279,401],
    "calories" : 42,
    "amount" : 4.0,
    "unit" : {
      "id" : 128,
      "name" : "fl oz",
      "plural" : "fl oz"
    },
    "mealTypeId" : 1
  },
  "logDate" : "2010-02-08",
  "favorite" : true
},{
  "logId" : 1180536,
  "loggedFood" : {
    "foodId" : 15410,
    "locale" : "en_US",
    "name" : "Special K Red Berry",
    "brand" : "Kellogg's",
    "accessLevel" : "PUBLIC",
    "units" : [91,256,279,226,180,147,389],
    "calories" : 114,
    "amount" : 1.0,
    "unit" : {
      "id" : 91,
      "name" : "cup",
      "plural" : "cups"
    },
    "mealTypeId" : 1
  },
  "logDate" : "2010-02-08",
  "favorite" : true
},{
  "logId" : 1180537,
  "loggedFood" : {
    "foodId" : 10041,
    "locale" : "en_US",
    "name" : "Mango, Raw",
    "brand" : "",
    "accessLevel" : "PUBLIC",
    "units" : [139,91,256,279,226,180,147,389],
    "calories" : 53,
    "amount" : 0.5,
    "unit" : {
      "id" : 91,
      "name" : "cup",
      "plural" : "cups"
    },
    "mealTypeId" : 1
  },
  "logDate" : "2010-02-08",
  "favorite" : false
},{
  "logId" : 1180538,
  "loggedFood" : {
    "foodId" : 17025,
    "locale" : "en_US",
    "name" : "Blueberries, Frozen",
    "brand" : "Flav-R-Pac",
    "accessLevel" : "PUBLIC",
    "units" : [91,256,279,226,180,147,389],
    "calories" : 18,
    "amount" : 0.25,
    "unit" : {
      "id" : 91,
      "name" : "cup",
      "plural" : "cups"
    },
    "mealTypeId" : 1
  },
  "logDate" : "2010-02-08",
  "favorite" : false
},{
  "logId" : 1156508,
  "loggedFood" : {
    "foodId" : 26720,
    "locale" : "en_US",
    "name" : "Chia Seed, Dried",
    "brand" : "",
    "accessLevel" : "PUBLIC",
    "units" : [226,180,147,389],
    "calories" : 24,
    "amount" : 5.0,
    "unit" : {
      "id" : 147,
      "name" : "gram",
      "plural" : "grams"
    },
    "mealTypeId" : 7
  },
  "logDate" : "2010-02-06",
  "favorite" : true
},{
  "logId" : 1156505,
  "loggedFood" : {
    "foodId" : 38201,
    "locale" : "en_US",
    "name" : "Irish Oatmel, Instant, McCann's, Quick & Easy Steel Cut",
    "brand" : "Roland",
    "accessLevel" : "PUBLIC",
    "units" : [91,256,279,226,180,147,389],
    "calories" : 225,
    "amount" : 0.75,
    "unit" : {
      "id" : 91,
      "name" : "cup",
      "plural" : "cups"
    },
    "mealTypeId" : 1,
    "creatorEncodedId" : "228TQ7"
  },
  "logDate" : "2010-02-06",
  "favorite" : false
},{
  "logId" : 1156506,
  "loggedFood" : {
    "foodId" : 26553,
    "locale" : "en_US",
    "name" : "Banana, Raw",
    "brand" : "",
    "accessLevel" : "PUBLIC",
    "units" : [121,120,304,319,204,179,91,256,279,226,180,147,389],
    "calories" : 35,
    "amount" : 0.33,
    "unit" : {
      "id" : 204,
      "name" : "medium",
      "plural" : "mediums"
    },
    "mealTypeId" : 1
  },
  "logDate" : "2010-02-06",
  "favorite" : true
},{
  "logId" : 1156507,
  "loggedFood" : {
    "foodId" : 81555,
    "locale" : "en_US",
    "name" : "Apple Cider",
    "brand" : "",
    "accessLevel" : "PUBLIC",
    "units" : [209,189,128,364,349,91,256,279,401],
    "calories" : 62,
    "amount" : 4.0,
    "unit" : {
      "id" : 128,
      "name" : "fl oz",
      "plural" : "fl oz"
    },
    "mealTypeId" : 1
  },
  "logDate" : "2010-02-06",
  "favorite" : true
},{
  "logId" : 1156509,
  "loggedFood" : {
    "foodId" : 81993,
    "locale" : "en_US",
    "name" : "Skim Milk",
    "brand" : "",
    "accessLevel" : "PUBLIC",
    "units" : [304,209,189,128,364,349,91,256,279,401],
    "calories" : 22,
    "amount" : 0.25,
    "unit" : {
      "id" : 91,
      "name" : "cup",
      "plural" : "cups"
    },
    "mealTypeId" : 1
  },
  "logDate" : "2010-02-06",
  "favorite" : true
},{
  "logId" : 1156510,
  "loggedFood" : {
    "foodId" : 82050,
    "locale" : "en_US",
    "name" : "Dried Apricot",
    "brand" : "",
    "accessLevel" : "PUBLIC",
    "units" : [226,180,147,389],
    "calories" : 58,
    "amount" : 1.0,
    "unit" : {
      "id" : 226,
      "name" : "oz",
      "plural" : "oz"
    },
    "mealTypeId" : 1
  },
  "logDate" : "2010-02-06",
  "favorite" : false
},{
  "logId" : 1156511,
  "loggedFood" : {
    "foodId" : 12969,
    "locale" : "en_US",
    "name" : "Pecans, Dry",
    "brand" : "2 NN Nutrient Literature",
    "accessLevel" : "PUBLIC",
    "units" : [226,180,147,389],
    "calories" : 189,
    "amount" : 1.0,
    "unit" : {
      "id" : 226,
      "name" : "oz",
      "plural" : "oz"
    },
    "mealTypeId" : 1
  },
  "logDate" : "2010-02-06",
  "favorite" : false
},{
  "logId" : 1156512,
  "loggedFood" : {
    "foodId" : 61762,
    "locale" : "en_US",
    "name" : "Dried Blueberries",
    "brand" : "Melissa's",
    "accessLevel" : "PUBLIC",
    "units" : [304,349,364,226,180,147,389],
    "calories" : 17,
    "amount" : 1.0,
    "unit" : {
      "id" : 364,
      "name" : "tsp",
      "plural" : "tsp"
    },
    "mealTypeId" : 1
  },
  "logDate" : "2010-02-06",
  "favorite" : false
},{
  "logId" : 1156513,
  "loggedFood" : {
    "foodId" : 25868,
    "locale" : "en_US",
    "name" : "Papaya, Raw",
    "brand" : "",
    "accessLevel" : "PUBLIC",
    "units" : [319,204,179,91,256,279,226,180,147,389],
    "calories" : 27,
    "amount" : 0.5,
    "unit" : {
      "id" : 91,
      "name" : "cup",
      "plural" : "cups"
    },
    "mealTypeId" : 1
  },
  "logDate" : "2010-02-06",
  "favorite" : false
},{
  "logId" : 1156514,
  "loggedFood" : {
    "foodId" : 82713,
    "locale" : "en_US",
    "name" : "Raspberries",
    "brand" : "",
    "accessLevel" : "PUBLIC",
    "units" : [304,91,256,279,226,180,147,389],
    "calories" : 14,
    "amount" : 0.25,
    "unit" : {
      "id" : 91,
      "name" : "cup",
      "plural" : "cups"
    },
    "mealTypeId" : 1
  },
  "logDate" : "2010-02-06",
  "favorite" : false
},{
  "logId" : 1156515,
  "loggedFood" : {
    "foodId" : 33783,
    "locale" : "en_US",
    "name" : "Goji Berries, Raw",
    "brand" : "Dole",
    "accessLevel" : "PUBLIC",
    "units" : [226,180,147,389],
    "calories" : 55,
    "amount" : 0.5,
    "unit" : {
      "id" : 226,
      "name" : "oz",
      "plural" : "oz"
    },
    "mealTypeId" : 1,
    "creatorEncodedId" : "228TQ7"
  },
  "logDate" : "2010-02-06",
  "favorite" : false
},{
  "logId" : 1146894,
  "loggedFood" : {
    "foodId" : 81409,
    "locale" : "en_US",
    "name" : "Apple",
    "brand" : "",
    "accessLevel" : "PUBLIC",
    "units" : [204,179,226,180,147,389],
    "calories" : 80,
    "amount" : 1.0,
    "unit" : {
      "id" : 204,
      "name" : "medium",
      "plural" : "mediums"
    },
    "mealTypeId" : 7
  },
  "logDate" : "2010-02-05",
  "favorite" : false
},{
  "logId" : 1147024,
  "loggedFood" : {
    "foodId" : 42186,
    "locale" : "en_US",
    "name" : "Cherry Coke zero",
    "brand" : "The Coca-Cola Company",
    "accessLevel" : "PUBLIC",
    "units" : [304,209,189,128,364,349,91,256,279,401],
    "calories" : 0,
    "amount" : 1.0,
    "unit" : {
      "id" : 304,
      "name" : "serving",
      "plural" : "servings"
    },
    "mealTypeId" : 3
  },
  "logDate" : "2010-02-05",
  "favorite" : false
},{
  "logId" : 1147025,
  "loggedFood" : {
    "foodId" : 81037,
    "locale" : "en_US",
    "name" : "Black Beans",
    "brand" : "",
    "accessLevel" : "PUBLIC",
    "units" : [304,349,364,91,256,279,226,180,147,389],
    "calories" : 161,
    "amount" : 1.0,
    "unit" : {
      "id" : 304,
      "name" : "serving",
      "plural" : "servings"
    },
    "mealTypeId" : 3
  },
  "logDate" : "2010-02-05",
  "favorite" : false
},{
  "logId" : 1147026,
  "loggedFood" : {
    "foodId" : 82900,
    "locale" : "en_US",
    "name" : "Rice",
    "brand" : "",
    "accessLevel" : "PUBLIC",
    "units" : [304,226,180,147,389],
    "calories" : 206,
    "amount" : 1.0,
    "unit" : {
      "id" : 304,
      "name" : "serving",
      "plural" : "servings"
    },
    "mealTypeId" : 3
  },
  "logDate" : "2010-02-05",
  "favorite" : false
},{
  "logId" : 1147027,
  "loggedFood" : {
    "foodId" : 59973,
    "locale" : "en_US",
    "name" : "Salsa",
    "brand" : "On The Border Mexican Grill & Cantina",
    "accessLevel" : "PUBLIC",
    "units" : [304,226,180,147,389],
    "calories" : 25,
    "amount" : 1.0,
    "unit" : {
      "id" : 304,
      "name" : "serving",
      "plural" : "servings"
    },
    "mealTypeId" : 3
  },
  "logDate" : "2010-02-05",
  "favorite" : false
},{
  "logId" : 1145110,
  "loggedFood" : {
    "foodId" : 26720,
    "locale" : "en_US",
    "name" : "Chia Seed, Dried",
    "brand" : "",
    "accessLevel" : "PUBLIC",
    "units" : [226,180,147,389],
    "calories" : 24,
    "amount" : 5.0,
    "unit" : {
      "id" : 147,
      "name" : "gram",
      "plural" : "grams"
    },
    "mealTypeId" : 2
  },
  "logDate" : "2010-02-05",
  "favorite" : true
},{
  "logId" : 1145114,
  "loggedFood" : {
    "foodId" : 81555,
    "locale" : "en_US",
    "name" : "Apple Cider",
    "brand" : "",
    "accessLevel" : "PUBLIC",
    "units" : [209,189,128,364,349,91,256,279,401],
    "calories" : 59,
    "amount" : 0.5,
    "unit" : {
      "id" : 91,
      "name" : "cup",
      "plural" : "cups"
    },
    "mealTypeId" : 2
  },
  "logDate" : "2010-02-05",
  "favorite" : true
},{
  "logId" : 1145116,
  "loggedFood" : {
    "foodId" : 26553,
    "locale" : "en_US",
    "name" : "Banana, Raw",
    "brand" : "",
    "accessLevel" : "PUBLIC",
    "units" : [121,120,304,319,204,179,91,256,279,226,180,147,389],
    "calories" : 35,
    "amount" : 0.33,
    "unit" : {
      "id" : 204,
      "name" : "medium",
      "plural" : "mediums"
    },
    "mealTypeId" : 2
  },
  "logDate" : "2010-02-05",
  "favorite" : true
},{
  "logId" : 1145117,
  "loggedFood" : {
    "foodId" : 82129,
    "locale" : "en_US",
    "name" : "Mango",
    "brand" : "",
    "accessLevel" : "PUBLIC",
    "units" : [139,251,304,91,256,279,226,180,147,389],
    "calories" : 62,
    "amount" : 0.5,
    "unit" : {
      "id" : 91,
      "name" : "cup",
      "plural" : "cups"
    },
    "mealTypeId" : 2
  },
  "logDate" : "2010-02-05",
  "favorite" : false
},{
  "logId" : 1145118,
  "loggedFood" : {
    "foodId" : 82553,
    "locale" : "en_US",
    "name" : "Cherries",
    "brand" : "",
    "accessLevel" : "PUBLIC",
    "units" : [304,54,91,256,279],
    "calories" : 30,
    "amount" : 0.33,
    "unit" : {
      "id" : 91,
      "name" : "cup",
      "plural" : "cups"
    },
    "mealTypeId" : 2
  },
  "logDate" : "2010-02-05",
  "favorite" : true
},{
  "logId" : 1145119,
  "loggedFood" : {
    "foodId" : 105677,
    "name" : "Trader Joe's Apple Blueberry Fiberful Handmade Dried Fruit Bar",
    "brand" : "Trader Joe's",
    "accessLevel" : "PRIVATE",
    "units" : [304],
    "calories" : 60,
    "amount" : 1.0,
    "unit" : {
      "id" : 304,
      "name" : "serving",
      "plural" : "servings"
    },
    "mealTypeId" : 2,
    "creatorEncodedId" : "229TGZ"
  },
  "logDate" : "2010-02-05",
  "favorite" : false
},{
  "logId" : 1146033,
  "loggedFood" : {
    "foodId" : 24436,
    "locale" : "en_US",
    "name" : "String Cheese",
    "brand" : "Polly-O String-Ums",
    "accessLevel" : "PUBLIC",
    "units" : [226,180,147,389],
    "calories" : 80,
    "amount" : 1.0,
    "unit" : {
      "id" : 226,
      "name" : "oz",
      "plural" : "oz"
    },
    "mealTypeId" : 2
  },
  "logDate" : "2010-02-05",
  "favorite" : true
}]