[{
  "logId" : 3775895,
  "loggedFood" : {
    "foodId" : 82553,
    "locale" : "en_US",
    "name" : "Cherries",
    "brand" : "",
    "accessLevel" : "PUBLIC",
    "units" : [304,54,91,256,279],
    "calories" : 17,
    "amount" : 4.0,
    "unit" : {
      "id" : 54,
      "name" : "cherry",
      "plural" : "cherries"
    },
    "mealTypeId" : 7
  },
  "logDate" : "2010-08-17",
  "favorite" : true
},{
  "logId" : 3771840,
  "loggedFood" : {
    "foodId" : 80851,
    "locale" : "en_US",
    "name" : "Egg",
    "brand" : "",
    "accessLevel" : "PUBLIC",
    "units" : [304,111,91,256,279,226,180,147,389],
    "calories" : 160,
    "amount" : 2.0,
    "unit" : {
      "id" : 111,
      "name" : "egg",
      "plural" : "eggs"
    },
    "mealTypeId" : 1
  },
  "logDate" : "2010-08-17",
  "favorite" : true
},{
  "logId" : 3771842,
  "loggedFood" : {
    "foodId" : 82466,
    "locale" : "en_US",
    "name" : "Tomatoes",
    "brand" : "",
    "accessLevel" : "PUBLIC",
    "units" : [381,204,304,311,91,256,279,226,180,147,389],
    "calories" : 35,
    "amount" : 1.0,
    "unit" : {
      "id" : 204,
      "name" : "medium",
      "plural" : "mediums"
    },
    "mealTypeId" : 1
  },
  "logDate" : "2010-08-17",
  "favorite" : false
},{
  "logId" : 3643418,
  "loggedFood" : {
    "foodId" : 16101,
    "locale" : "en_US",
    "name" : "Almonds",
    "brand" : "Fisher",
    "accessLevel" : "PUBLIC",
    "units" : [91,256,279,226,180,147,389],
    "calories" : 340,
    "amount" : 2.0,
    "unit" : {
      "id" : 226,
      "name" : "oz",
      "plural" : "oz"
    },
    "mealTypeId" : 7
  },
  "logDate" : "2010-08-09",
  "favorite" : false
},{
  "logId" : 3643417,
  "loggedFood" : {
    "foodId" : 80225,
    "locale" : "en_US",
    "name" : "Sunsweet Prunes Whole Prunes",
    "brand" : "",
    "accessLevel" : "PUBLIC",
    "units" : [532],
    "calories" : 50,
    "amount" : 3.0,
    "unit" : {
      "id" : 532,
      "name" : "dried plum",
      "plural" : "dried plums"
    },
    "mealTypeId" : 2,
    "creatorEncodedId" : "228TVZ"
  },
  "logDate" : "2010-08-09",
  "favorite" : true
},{
  "logId" : 3573457,
  "loggedFood" : {
    "foodId" : 25037,
    "locale" : "en_US",
    "name" : "Almond, Raw",
    "brand" : "",
    "accessLevel" : "PUBLIC",
    "units" : [1,91,256,279,226,180,147,389],
    "calories" : 250,
    "amount" : 50.0,
    "unit" : {
      "id" : 147,
      "name" : "gram",
      "plural" : "grams"
    },
    "mealTypeId" : 7
  },
  "logDate" : "2010-08-04",
  "favorite" : true
},{
  "logId" : 3575180,
  "loggedFood" : {
    "foodId" : 25822,
    "locale" : "en_US",
    "name" : "Beer, Alc. 5.6% By Vol.",
    "brand" : "",
    "accessLevel" : "PUBLIC",
    "units" : [226,180,147,389],
    "calories" : 156,
    "amount" : 12.0,
    "unit" : {
      "id" : 226,
      "name" : "oz",
      "plural" : "oz"
    },
    "mealTypeId" : 4
  },
  "logDate" : "2010-08-04",
  "favorite" : false
},{
  "logId" : 3573508,
  "loggedFood" : {
    "foodId" : 198703,
    "name" : "Bolthouse Blue Cheese Dressing",
    "brand" : "Bolthouse",
    "accessLevel" : "PRIVATE",
    "units" : [304],
    "calories" : 50,
    "amount" : 1.0,
    "unit" : {
      "id" : 304,
      "name" : "serving",
      "plural" : "servings"
    },
    "mealTypeId" : 3,
    "creatorEncodedId" : "229TGZ"
  },
  "logDate" : "2010-08-04",
  "favorite" : false
},{
  "logId" : 3573510,
  "loggedFood" : {
    "foodId" : 52376,
    "locale" : "en_US",
    "name" : "Hidden Valley The Original Ranch Fat Free Dressing (1)",
    "brand" : "Kentucky Fried Chicken",
    "accessLevel" : "PUBLIC",
    "units" : [304,226,180,147,389],
    "calories" : 20,
    "amount" : 25.0,
    "unit" : {
      "id" : 147,
      "name" : "gram",
      "plural" : "grams"
    },
    "mealTypeId" : 3
  },
  "logDate" : "2010-08-04",
  "favorite" : false
},{
  "logId" : 3573512,
  "loggedFood" : {
    "foodId" : 26318,
    "locale" : "en_US",
    "name" : "Onions, Green",
    "brand" : "Shoney's",
    "accessLevel" : "PUBLIC",
    "units" : [349,364],
    "calories" : 1,
    "amount" : 1.0,
    "unit" : {
      "id" : 349,
      "name" : "tbsp",
      "plural" : "tbsp"
    },
    "mealTypeId" : 3
  },
  "logDate" : "2010-08-04",
  "favorite" : false
},{
  "logId" : 3573514,
  "loggedFood" : {
    "foodId" : 81617,
    "locale" : "en_US",
    "name" : "Carrot",
    "brand" : "",
    "accessLevel" : "PUBLIC",
    "units" : [50,311,341,319,204,179,251,165,91,256,279,226,180,147,389],
    "calories" : 13,
    "amount" : 0.5,
    "unit" : {
      "id" : 204,
      "name" : "medium",
      "plural" : "mediums"
    },
    "mealTypeId" : 3
  },
  "logDate" : "2010-08-04",
  "favorite" : false
},{
  "logId" : 3573515,
  "loggedFood" : {
    "foodId" : 82555,
    "locale" : "en_US",
    "name" : "Celery",
    "brand" : "",
    "accessLevel" : "PUBLIC",
    "units" : [304,335,341,336,179,349,364,91,256,279,226,180,147,389],
    "calories" : 8,
    "amount" : 1.0,
    "unit" : {
      "id" : 335,
      "name" : "stalk (medium)",
      "plural" : "stalk (medium)s"
    },
    "mealTypeId" : 3
  },
  "logDate" : "2010-08-04",
  "favorite" : false
},{
  "logId" : 3573530,
  "loggedFood" : {
    "foodId" : 82547,
    "locale" : "en_US",
    "name" : "Blueberries",
    "brand" : "",
    "accessLevel" : "PUBLIC",
    "units" : [304,20,91,256,279,226,180,147,389],
    "calories" : 16,
    "amount" : 28.0,
    "unit" : {
      "id" : 147,
      "name" : "gram",
      "plural" : "grams"
    },
    "mealTypeId" : 3
  },
  "logDate" : "2010-08-04",
  "favorite" : false
},{
  "logId" : 3573531,
  "loggedFood" : {
    "foodId" : 18834,
    "locale" : "en_US",
    "name" : "Radish, Raw",
    "brand" : "",
    "accessLevel" : "PUBLIC",
    "units" : [311,319,204,179,91,256,279,226,180,147,389],
    "calories" : 0,
    "amount" : 17.0,
    "unit" : {
      "id" : 147,
      "name" : "gram",
      "plural" : "grams"
    },
    "mealTypeId" : 3
  },
  "logDate" : "2010-08-04",
  "favorite" : false
},{
  "logId" : 3573532,
  "loggedFood" : {
    "foodId" : 82198,
    "locale" : "en_US",
    "name" : "Dried Cherries",
    "brand" : "",
    "accessLevel" : "PUBLIC",
    "units" : [91,256,279,226,180,147,389],
    "calories" : 75,
    "amount" : 21.0,
    "unit" : {
      "id" : 147,
      "name" : "gram",
      "plural" : "grams"
    },
    "mealTypeId" : 3
  },
  "logDate" : "2010-08-04",
  "favorite" : false
},{
  "logId" : 3573533,
  "loggedFood" : {
    "foodId" : 610,
    "locale" : "en_US",
    "name" : "Green Pepper, Sweet (bell)",
    "brand" : "",
    "accessLevel" : "PUBLIC",
    "units" : [226,180,147,389],
    "calories" : 2,
    "amount" : 9.0,
    "unit" : {
      "id" : 147,
      "name" : "gram",
      "plural" : "grams"
    },
    "mealTypeId" : 3
  },
  "logDate" : "2010-08-04",
  "favorite" : false
},{
  "logId" : 3573534,
  "loggedFood" : {
    "foodId" : 82320,
    "locale" : "en_US",
    "name" : "Cucumber",
    "brand" : "",
    "accessLevel" : "PUBLIC",
    "units" : [311,204,226,180,147,389],
    "calories" : 5,
    "amount" : 41.0,
    "unit" : {
      "id" : 147,
      "name" : "gram",
      "plural" : "grams"
    },
    "mealTypeId" : 3
  },
  "logDate" : "2010-08-04",
  "favorite" : false
},{
  "logId" : 3573535,
  "loggedFood" : {
    "foodId" : 10901,
    "locale" : "en_US",
    "name" : "Lettuce, Cos Or Romaine, Raw",
    "brand" : "",
    "accessLevel" : "PUBLIC",
    "units" : [304,223,166,158,91,256,279,226,180,147,389],
    "calories" : 15,
    "amount" : 89.0,
    "unit" : {
      "id" : 147,
      "name" : "gram",
      "plural" : "grams"
    },
    "mealTypeId" : 3
  },
  "logDate" : "2010-08-04",
  "favorite" : false
},{
  "logId" : 3573449,
  "loggedFood" : {
    "foodId" : 110753,
    "name" : "Mix 1 Enhanced Protein Shake Blueberry-Vanilla",
    "brand" : "Mix 1",
    "accessLevel" : "PRIVATE",
    "units" : [304],
    "calories" : 200,
    "amount" : 1.0,
    "unit" : {
      "id" : 304,
      "name" : "serving",
      "plural" : "servings"
    },
    "mealTypeId" : 3,
    "creatorEncodedId" : "229TGZ"
  },
  "logDate" : "2010-08-04",
  "favorite" : false
},{
  "logId" : 3573453,
  "loggedFood" : {
    "foodId" : 16016,
    "locale" : "en_US",
    "name" : "Gruyere Cheese",
    "brand" : "",
    "accessLevel" : "PUBLIC",
    "units" : [89,91,256,279,226,180,147,389],
    "calories" : 183,
    "amount" : 45.0,
    "unit" : {
      "id" : 147,
      "name" : "gram",
      "plural" : "grams"
    },
    "mealTypeId" : 3
  },
  "logDate" : "2010-08-04",
  "favorite" : false
},{
  "logId" : 3570973,
  "loggedFood" : {
    "foodId" : 80225,
    "locale" : "en_US",
    "name" : "Sunsweet Prunes Whole Prunes",
    "brand" : "",
    "accessLevel" : "PUBLIC",
    "units" : [532],
    "calories" : 33,
    "amount" : 2.0,
    "unit" : {
      "id" : 532,
      "name" : "dried plum",
      "plural" : "dried plums"
    },
    "mealTypeId" : 2,
    "creatorEncodedId" : "228TVZ"
  },
  "logDate" : "2010-08-04",
  "favorite" : true
},{
  "logId" : 3570149,
  "loggedFood" : {
    "foodId" : 80225,
    "locale" : "en_US",
    "name" : "Sunsweet Prunes Whole Prunes",
    "brand" : "",
    "accessLevel" : "PUBLIC",
    "units" : [532],
    "calories" : 33,
    "amount" : 2.0,
    "unit" : {
      "id" : 532,
      "name" : "dried plum",
      "plural" : "dried plums"
    },
    "mealTypeId" : 2,
    "creatorEncodedId" : "228TVZ"
  },
  "logDate" : "2010-08-04",
  "favorite" : true
},{
  "logId" : 3568966,
  "loggedFood" : {
    "foodId" : 82553,
    "locale" : "en_US",
    "name" : "Cherries",
    "brand" : "",
    "accessLevel" : "PUBLIC",
    "units" : [304,54,91,256,279],
    "calories" : 47,
    "amount" : 11.0,
    "unit" : {
      "id" : 54,
      "name" : "cherry",
      "plural" : "cherries"
    },
    "mealTypeId" : 1
  },
  "logDate" : "2010-08-04",
  "favorite" : true
},{
  "logId" : 3570139,
  "loggedFood" : {
    "foodId" : 81993,
    "locale" : "en_US",
    "name" : "Skim Milk",
    "brand" : "",
    "accessLevel" : "PUBLIC",
    "units" : [304,209,189,128,364,349,91,256,279,401],
    "calories" : 22,
    "amount" : 0.25,
    "unit" : {
      "id" : 91,
      "name" : "cup",
      "plural" : "cups"
    },
    "mealTypeId" : 1
  },
  "logDate" : "2010-08-04",
  "favorite" : true
},{
  "logId" : 3570125,
  "loggedFood" : {
    "foodId" : 81470,
    "locale" : "en_US",
    "name" : "Quinoa",
    "brand" : "",
    "accessLevel" : "PUBLIC",
    "units" : [304,91,256,279,226,180,147,389],
    "calories" : 160,
    "amount" : 0.33,
    "unit" : {
      "id" : 91,
      "name" : "cup",
      "plural" : "cups"
    },
    "mealTypeId" : 5
  },
  "logDate" : "2010-08-03",
  "favorite" : false
},{
  "logId" : 3570126,
  "loggedFood" : {
    "foodId" : 7475,
    "locale" : "en_US",
    "name" : "Black Bean, Raw",
    "brand" : "",
    "accessLevel" : "PUBLIC",
    "units" : [349,364,91,256,279,226,180,147,389],
    "calories" : 219,
    "amount" : 0.33,
    "unit" : {
      "id" : 91,
      "name" : "cup",
      "plural" : "cups"
    },
    "mealTypeId" : 5
  },
  "logDate" : "2010-08-03",
  "favorite" : false
},{
  "logId" : 3570127,
  "loggedFood" : {
    "foodId" : 81223,
    "locale" : "en_US",
    "name" : "Eggplant",
    "brand" : "",
    "accessLevel" : "PUBLIC",
    "units" : [113,91,256,279,226,180,147,389],
    "calories" : 10,
    "amount" : 0.5,
    "unit" : {
      "id" : 91,
      "name" : "cup",
      "plural" : "cups"
    },
    "mealTypeId" : 5
  },
  "logDate" : "2010-08-03",
  "favorite" : false
},{
  "logId" : 3570128,
  "loggedFood" : {
    "foodId" : 81436,
    "locale" : "en_US",
    "name" : "Zucchini",
    "brand" : "",
    "accessLevel" : "PUBLIC",
    "units" : [304,91,256,279,226,180,147,389],
    "calories" : 14,
    "amount" : 0.5,
    "unit" : {
      "id" : 91,
      "name" : "cup",
      "plural" : "cups"
    },
    "mealTypeId" : 5
  },
  "logDate" : "2010-08-03",
  "favorite" : false
},{
  "logId" : 3570129,
  "loggedFood" : {
    "foodId" : 81002,
    "locale" : "en_US",
    "name" : "Onion",
    "brand" : "",
    "accessLevel" : "PUBLIC",
    "units" : [288,316,311,319,204,179,304,349,364,91,256,279,226,180,147,389],
    "calories" : 20,
    "amount" : 0.25,
    "unit" : {
      "id" : 91,
      "name" : "cup",
      "plural" : "cups"
    },
    "mealTypeId" : 5
  },
  "logDate" : "2010-08-03",
  "favorite" : false
},{
  "logId" : 3570130,
  "loggedFood" : {
    "foodId" : 25098,
    "locale" : "en_US",
    "name" : "Garlic, Raw",
    "brand" : "",
    "accessLevel" : "PUBLIC",
    "units" : [62,349,364,91,256,279,226,180,147,389],
    "calories" : 4,
    "amount" : 1.0,
    "unit" : {
      "id" : 62,
      "name" : "clove",
      "plural" : "cloves"
    },
    "mealTypeId" : 5
  },
  "logDate" : "2010-08-03",
  "favorite" : false
},{
  "logId" : 3570131,
  "loggedFood" : {
    "foodId" : 82237,
    "locale" : "en_US",
    "name" : "Jalapeno",
    "brand" : "",
    "accessLevel" : "PUBLIC",
    "units" : [245,304,91,256,279,226,180,147,389],
    "calories" : 4,
    "amount" : 1.0,
    "unit" : {
      "id" : 245,
      "name" : "pepper",
      "plural" : "peppers"
    },
    "mealTypeId" : 5
  },
  "logDate" : "2010-08-03",
  "favorite" : false
},{
  "logId" : 3570132,
  "loggedFood" : {
    "foodId" : 81927,
    "locale" : "en_US",
    "name" : "Green Pepper, Sweet (bell)",
    "brand" : "",
    "accessLevel" : "PUBLIC",
    "units" : [288,341,319,204,179,349,364,91,256,279,226,180,147,389],
    "calories" : 24,
    "amount" : 1.0,
    "unit" : {
      "id" : 204,
      "name" : "medium",
      "plural" : "mediums"
    },
    "mealTypeId" : 5
  },
  "logDate" : "2010-08-03",
  "favorite" : false
},{
  "logId" : 3570133,
  "loggedFood" : {
    "foodId" : 82466,
    "locale" : "en_US",
    "name" : "Tomatoes",
    "brand" : "",
    "accessLevel" : "PUBLIC",
    "units" : [381,204,304,311,91,256,279,226,180,147,389],
    "calories" : 35,
    "amount" : 1.0,
    "unit" : {
      "id" : 204,
      "name" : "medium",
      "plural" : "mediums"
    },
    "mealTypeId" : 5
  },
  "logDate" : "2010-08-03",
  "favorite" : false
},{
  "logId" : 3570135,
  "loggedFood" : {
    "foodId" : 37298,
    "locale" : "en_US",
    "name" : "Cheese Snack, Colby Jack Sticks",
    "brand" : "Sargento",
    "accessLevel" : "PUBLIC",
    "units" : [339,226,180,147,389],
    "calories" : 80,
    "amount" : 1.0,
    "unit" : {
      "id" : 339,
      "name" : "stick",
      "plural" : "sticks"
    },
    "mealTypeId" : 5,
    "creatorEncodedId" : "228TQ7"
  },
  "logDate" : "2010-08-03",
  "favorite" : false
},{
  "logId" : 3570136,
  "loggedFood" : {
    "foodId" : 82455,
    "locale" : "en_US",
    "name" : "Avocado",
    "brand" : "",
    "accessLevel" : "PUBLIC",
    "units" : [8,204,304,91,256,279,226,180,147,389],
    "calories" : 161,
    "amount" : 0.5,
    "unit" : {
      "id" : 8,
      "name" : "avocado",
      "plural" : "avocados"
    },
    "mealTypeId" : 5
  },
  "logDate" : "2010-08-03",
  "favorite" : false
},{
  "logId" : 3570137,
  "loggedFood" : {
    "foodId" : 62790,
    "locale" : "en_US",
    "name" : "Chocolate with Fudge Ice Cream Cone",
    "brand" : "The Skinny Cow",
    "accessLevel" : "PUBLIC",
    "units" : [304,251],
    "calories" : 300,
    "amount" : 2.0,
    "unit" : {
      "id" : 304,
      "name" : "serving",
      "plural" : "servings"
    },
    "mealTypeId" : 5
  },
  "logDate" : "2010-08-03",
  "favorite" : false
},{
  "logId" : 3570138,
  "loggedFood" : {
    "foodId" : 33503,
    "locale" : "en_US",
    "name" : "Green Onion, Raw",
    "brand" : "Wegmans",
    "accessLevel" : "PUBLIC",
    "units" : [91,256,279],
    "calories" : 8,
    "amount" : 0.13,
    "unit" : {
      "id" : 91,
      "name" : "cup",
      "plural" : "cups"
    },
    "mealTypeId" : 5,
    "creatorEncodedId" : "228TQ7"
  },
  "logDate" : "2010-08-03",
  "favorite" : false
},{
  "logId" : 3560094,
  "loggedFood" : {
    "foodId" : 107904,
    "name" : "Muscle Milk Light Nutritional Shake Vanilla Creme",
    "brand" : "Muscle Milk",
    "accessLevel" : "PRIVATE",
    "units" : [304],
    "calories" : 100,
    "amount" : 1.0,
    "unit" : {
      "id" : 304,
      "name" : "serving",
      "plural" : "servings"
    },
    "mealTypeId" : 4,
    "creatorEncodedId" : "229TGZ"
  },
  "logDate" : "2010-08-03",
  "favorite" : false
},{
  "logId" : 3557701,
  "loggedFood" : {
    "foodId" : 31426,
    "locale" : "en_US",
    "name" : "Emmental",
    "brand" : "Wegmans",
    "accessLevel" : "PUBLIC",
    "units" : [226,180,147,389],
    "calories" : 60,
    "amount" : 0.5,
    "unit" : {
      "id" : 226,
      "name" : "oz",
      "plural" : "oz"
    },
    "mealTypeId" : 3,
    "creatorEncodedId" : "228TQ7"
  },
  "logDate" : "2010-08-03",
  "favorite" : false
},{
  "logId" : 3557702,
  "loggedFood" : {
    "foodId" : 80225,
    "locale" : "en_US",
    "name" : "Sunsweet Prunes Whole Prunes",
    "brand" : "",
    "accessLevel" : "PUBLIC",
    "units" : [532],
    "calories" : 83,
    "amount" : 5.0,
    "unit" : {
      "id" : 532,
      "name" : "dried plum",
      "plural" : "dried plums"
    },
    "mealTypeId" : 3,
    "creatorEncodedId" : "228TVZ"
  },
  "logDate" : "2010-08-03",
  "favorite" : true
},{
  "logId" : 3557711,
  "loggedFood" : {
    "foodId" : 15337,
    "locale" : "en_US",
    "name" : "Special Dark Chocolate Candy Bar",
    "brand" : "Hershey's",
    "accessLevel" : "PUBLIC",
    "units" : [17,226,180,147,389],
    "calories" : 83,
    "amount" : 0.46,
    "unit" : {
      "id" : 17,
      "name" : "bar",
      "plural" : "bars"
    },
    "mealTypeId" : 3
  },
  "logDate" : "2010-08-03",
  "favorite" : false
},{
  "logId" : 3557275,
  "loggedFood" : {
    "foodId" : 82198,
    "locale" : "en_US",
    "name" : "Dried Cherries",
    "brand" : "",
    "accessLevel" : "PUBLIC",
    "units" : [91,256,279,226,180,147,389],
    "calories" : 65,
    "amount" : 0.13,
    "unit" : {
      "id" : 91,
      "name" : "cup",
      "plural" : "cups"
    },
    "mealTypeId" : 3
  },
  "logDate" : "2010-08-03",
  "favorite" : false
},{
  "logId" : 3557276,
  "loggedFood" : {
    "foodId" : 81596,
    "locale" : "en_US",
    "name" : "Edamame",
    "brand" : "",
    "accessLevel" : "PUBLIC",
    "units" : [304,226,180,147,389],
    "calories" : 30,
    "amount" : 0.25,
    "unit" : {
      "id" : 304,
      "name" : "serving",
      "plural" : "servings"
    },
    "mealTypeId" : 3
  },
  "logDate" : "2010-08-03",
  "favorite" : false
},{
  "logId" : 3557277,
  "loggedFood" : {
    "foodId" : 82320,
    "locale" : "en_US",
    "name" : "Cucumber",
    "brand" : "",
    "accessLevel" : "PUBLIC",
    "units" : [311,204,226,180,147,389],
    "calories" : 4,
    "amount" : 6.0,
    "unit" : {
      "id" : 311,
      "name" : "slice",
      "plural" : "slices"
    },
    "mealTypeId" : 3
  },
  "logDate" : "2010-08-03",
  "favorite" : false
},{
  "logId" : 3557284,
  "loggedFood" : {
    "foodId" : 198703,
    "name" : "Bolthouse Blue Cheese Dressing",
    "brand" : "Bolthouse",
    "accessLevel" : "PRIVATE",
    "units" : [304],
    "calories" : 50,
    "amount" : 1.0,
    "unit" : {
      "id" : 304,
      "name" : "serving",
      "plural" : "servings"
    },
    "mealTypeId" : 3,
    "creatorEncodedId" : "229TGZ"
  },
  "logDate" : "2010-08-03",
  "favorite" : false
},{
  "logId" : 3557285,
  "loggedFood" : {
    "foodId" : 10901,
    "locale" : "en_US",
    "name" : "Lettuce, Cos Or Romaine, Raw",
    "brand" : "",
    "accessLevel" : "PUBLIC",
    "units" : [304,223,166,158,91,256,279,226,180,147,389],
    "calories" : 15,
    "amount" : 2.0,
    "unit" : {
      "id" : 91,
      "name" : "cup",
      "plural" : "cups"
    },
    "mealTypeId" : 3
  },
  "logDate" : "2010-08-03",
  "favorite" : false
},{
  "logId" : 3557286,
  "loggedFood" : {
    "foodId" : 82555,
    "locale" : "en_US",
    "name" : "Celery",
    "brand" : "",
    "accessLevel" : "PUBLIC",
    "units" : [304,335,341,336,179,349,364,91,256,279,226,180,147,389],
    "calories" : 8,
    "amount" : 1.0,
    "unit" : {
      "id" : 335,
      "name" : "stalk (medium)",
      "plural" : "stalk (medium)s"
    },
    "mealTypeId" : 3
  },
  "logDate" : "2010-08-03",
  "favorite" : false
},{
  "logId" : 3557287,
  "loggedFood" : {
    "foodId" : 81617,
    "locale" : "en_US",
    "name" : "Carrot",
    "brand" : "",
    "accessLevel" : "PUBLIC",
    "units" : [50,311,341,319,204,179,251,165,91,256,279,226,180,147,389],
    "calories" : 15,
    "amount" : 0.5,
    "unit" : {
      "id" : 50,
      "name" : "carrot",
      "plural" : "carrots"
    },
    "mealTypeId" : 3
  },
  "logDate" : "2010-08-03",
  "favorite" : false
},{
  "logId" : 3557288,
  "loggedFood" : {
    "foodId" : 82547,
    "locale" : "en_US",
    "name" : "Blueberries",
    "brand" : "",
    "accessLevel" : "PUBLIC",
    "units" : [304,20,91,256,279,226,180,147,389],
    "calories" : 10,
    "amount" : 0.13,
    "unit" : {
      "id" : 91,
      "name" : "cup",
      "plural" : "cups"
    },
    "mealTypeId" : 3
  },
  "logDate" : "2010-08-03",
  "favorite" : false
},{
  "logId" : 3557289,
  "loggedFood" : {
    "foodId" : 26318,
    "locale" : "en_US",
    "name" : "Onions, Green",
    "brand" : "Shoney's",
    "accessLevel" : "PUBLIC",
    "units" : [349,364],
    "calories" : 0,
    "amount" : 1.0,
    "unit" : {
      "id" : 364,
      "name" : "tsp",
      "plural" : "tsp"
    },
    "mealTypeId" : 3
  },
  "logDate" : "2010-08-03",
  "favorite" : false
},{
  "logId" : 3557292,
  "loggedFood" : {
    "foodId" : 81927,
    "locale" : "en_US",
    "name" : "Green Pepper, Sweet (bell)",
    "brand" : "",
    "accessLevel" : "PUBLIC",
    "units" : [288,341,319,204,179,349,364,91,256,279,226,180,147,389],
    "calories" : 6,
    "amount" : 0.25,
    "unit" : {
      "id" : 204,
      "name" : "medium",
      "plural" : "mediums"
    },
    "mealTypeId" : 3
  },
  "logDate" : "2010-08-03",
  "favorite" : false
},{
  "logId" : 3552560,
  "loggedFood" : {
    "foodId" : 81652,
    "locale" : "en_US",
    "name" : "Watermelon",
    "brand" : "",
    "accessLevel" : "PUBLIC",
    "units" : [205,304,380,378,204,91,256,279,226,180,147,389],
    "calories" : 48,
    "amount" : 1.0,
    "unit" : {
      "id" : 91,
      "name" : "cup",
      "plural" : "cups"
    },
    "mealTypeId" : 2
  },
  "logDate" : "2010-08-03",
  "favorite" : false
},{
  "logId" : 3552561,
  "loggedFood" : {
    "foodId" : 82694,
    "locale" : "en_US",
    "name" : "Cantaloupe",
    "brand" : "",
    "accessLevel" : "PUBLIC",
    "units" : [205,44,304,380,204,91,256,279,226,180,147,389],
    "calories" : 60,
    "amount" : 1.0,
    "unit" : {
      "id" : 91,
      "name" : "cup",
      "plural" : "cups"
    },
    "mealTypeId" : 2
  },
  "logDate" : "2010-08-03",
  "favorite" : false
},{
  "logId" : 3552562,
  "loggedFood" : {
    "foodId" : 81993,
    "locale" : "en_US",
    "name" : "Skim Milk",
    "brand" : "",
    "accessLevel" : "PUBLIC",
    "units" : [304,209,189,128,364,349,91,256,279,401],
    "calories" : 22,
    "amount" : 0.25,
    "unit" : {
      "id" : 91,
      "name" : "cup",
      "plural" : "cups"
    },
    "mealTypeId" : 2
  },
  "logDate" : "2010-08-03",
  "favorite" : true
},{
  "logId" : 3552563,
  "loggedFood" : {
    "foodId" : 80225,
    "locale" : "en_US",
    "name" : "Sunsweet Prunes Whole Prunes",
    "brand" : "",
    "accessLevel" : "PUBLIC",
    "units" : [532],
    "calories" : 33,
    "amount" : 2.0,
    "unit" : {
      "id" : 532,
      "name" : "dried plum",
      "plural" : "dried plums"
    },
    "mealTypeId" : 2,
    "creatorEncodedId" : "228TVZ"
  },
  "logDate" : "2010-08-03",
  "favorite" : true
},{
  "logId" : 3342986,
  "loggedFood" : {
    "foodId" : 80851,
    "locale" : "en_US",
    "name" : "Egg",
    "brand" : "",
    "accessLevel" : "PUBLIC",
    "units" : [304,111,91,256,279,226,180,147,389],
    "calories" : 160,
    "amount" : 2.0,
    "unit" : {
      "id" : 111,
      "name" : "egg",
      "plural" : "eggs"
    },
    "mealTypeId" : 1
  },
  "logDate" : "2010-07-21",
  "favorite" : true
},{
  "logId" : 3342991,
  "loggedFood" : {
    "foodId" : 5680,
    "locale" : "en_US",
    "name" : "Mozzarella Cheese, Part Skim",
    "brand" : "",
    "accessLevel" : "PUBLIC",
    "units" : [89,91,256,279,226,180,147,389],
    "calories" : 43,
    "amount" : 0.5,
    "unit" : {
      "id" : 226,
      "name" : "oz",
      "plural" : "oz"
    },
    "mealTypeId" : 1
  },
  "logDate" : "2010-07-21",
  "favorite" : false
},{
  "logId" : 3342995,
  "loggedFood" : {
    "foodId" : 12759,
    "locale" : "en_US",
    "name" : "Tomato, Raw",
    "brand" : "",
    "accessLevel" : "PUBLIC",
    "units" : [226,180,147,389],
    "calories" : 24,
    "amount" : 6.0,
    "unit" : {
      "id" : 226,
      "name" : "oz",
      "plural" : "oz"
    },
    "mealTypeId" : 1
  },
  "logDate" : "2010-07-21",
  "favorite" : false
},{
  "logId" : 3342996,
  "loggedFood" : {
    "foodId" : 34999,
    "locale" : "en_US",
    "name" : "Breakfast Pattie",
    "brand" : "Morningstar Farms",
    "accessLevel" : "PUBLIC",
    "units" : [238,226,180,147,389],
    "calories" : 160,
    "amount" : 2.0,
    "unit" : {
      "id" : 238,
      "name" : "patty",
      "plural" : "patties"
    },
    "mealTypeId" : 1,
    "creatorEncodedId" : "228TQ7"
  },
  "logDate" : "2010-07-21",
  "favorite" : false
},{
  "logId" : 3342997,
  "loggedFood" : {
    "foodId" : 81438,
    "locale" : "en_US",
    "name" : "Sourdough Loaf",
    "brand" : "",
    "accessLevel" : "PUBLIC",
    "units" : [191,226,180,147,389],
    "calories" : 228,
    "amount" : 100.0,
    "unit" : {
      "id" : 147,
      "name" : "gram",
      "plural" : "grams"
    },
    "mealTypeId" : 1
  },
  "logDate" : "2010-07-21",
  "favorite" : true
},{
  "logId" : 3342999,
  "loggedFood" : {
    "foodId" : 37359,
    "locale" : "en_US",
    "name" : "Blueberry Preserves",
    "brand" : "Smucker's",
    "accessLevel" : "PUBLIC",
    "units" : [304],
    "calories" : 50,
    "amount" : 1.0,
    "unit" : {
      "id" : 304,
      "name" : "serving",
      "plural" : "servings"
    },
    "mealTypeId" : 1,
    "creatorEncodedId" : "228TQ7"
  },
  "logDate" : "2010-07-21",
  "favorite" : false
},{
  "logId" : 3343001,
  "loggedFood" : {
    "foodId" : 81993,
    "locale" : "en_US",
    "name" : "Skim Milk",
    "brand" : "",
    "accessLevel" : "PUBLIC",
    "units" : [304,209,189,128,364,349,91,256,279,401],
    "calories" : 22,
    "amount" : 0.25,
    "unit" : {
      "id" : 91,
      "name" : "cup",
      "plural" : "cups"
    },
    "mealTypeId" : 1
  },
  "logDate" : "2010-07-21",
  "favorite" : true
},{
  "logId" : 3310422,
  "loggedFood" : {
    "foodId" : 33779,
    "locale" : "en_US",
    "name" : "Cherries, Raw",
    "brand" : "Dole",
    "accessLevel" : "PUBLIC",
    "units" : [91,256,279],
    "calories" : 90,
    "amount" : 1.0,
    "unit" : {
      "id" : 91,
      "name" : "cup",
      "plural" : "cups"
    },
    "mealTypeId" : 7,
    "creatorEncodedId" : "228TQ7"
  },
  "logDate" : "2010-07-19",
  "favorite" : false
},{
  "logId" : 3307778,
  "loggedFood" : {
    "foodId" : 107904,
    "name" : "Muscle Milk Light Nutritional Shake Vanilla Creme",
    "brand" : "Muscle Milk",
    "accessLevel" : "PRIVATE",
    "units" : [304],
    "calories" : 100,
    "amount" : 1.0,
    "unit" : {
      "id" : 304,
      "name" : "serving",
      "plural" : "servings"
    },
    "mealTypeId" : 3,
    "creatorEncodedId" : "229TGZ"
  },
  "logDate" : "2010-07-19",
  "favorite" : false
},{
  "logId" : 3307782,
  "loggedFood" : {
    "foodId" : 10901,
    "locale" : "en_US",
    "name" : "Lettuce, Cos Or Romaine, Raw",
    "brand" : "",
    "accessLevel" : "PUBLIC",
    "units" : [304,223,166,158,91,256,279,226,180,147,389],
    "calories" : 15,
    "amount" : 2.0,
    "unit" : {
      "id" : 91,
      "name" : "cup",
      "plural" : "cups"
    },
    "mealTypeId" : 3
  },
  "logDate" : "2010-07-19",
  "favorite" : false
},{
  "logId" : 3307789,
  "loggedFood" : {
    "foodId" : 81661,
    "locale" : "en_US",
    "name" : "Slivered Almonds",
    "brand" : "",
    "accessLevel" : "PUBLIC",
    "units" : [304,91,256,279,226,180,147,389],
    "calories" : 85,
    "amount" : 0.5,
    "unit" : {
      "id" : 226,
      "name" : "oz",
      "plural" : "oz"
    },
    "mealTypeId" : 3
  },
  "logDate" : "2010-07-19",
  "favorite" : false
},{
  "logId" : 3307792,
  "loggedFood" : {
    "foodId" : 82198,
    "locale" : "en_US",
    "name" : "Dried Cherries",
    "brand" : "",
    "accessLevel" : "PUBLIC",
    "units" : [91,256,279,226,180,147,389],
    "calories" : 51,
    "amount" : 0.5,
    "unit" : {
      "id" : 226,
      "name" : "oz",
      "plural" : "oz"
    },
    "mealTypeId" : 3
  },
  "logDate" : "2010-07-19",
  "favorite" : false
},{
  "logId" : 3307795,
  "loggedFood" : {
    "foodId" : 189639,
    "name" : "Tuscan Balsamic & Extra Virgin Artisan Vinaigrette",
    "brand" : "Lucini Italia",
    "accessLevel" : "PRIVATE",
    "units" : [349,364],
    "calories" : 120,
    "amount" : 2.0,
    "unit" : {
      "id" : 349,
      "name" : "tbsp",
      "plural" : "tbsp"
    },
    "mealTypeId" : 3,
    "creatorEncodedId" : "229TGZ"
  },
  "logDate" : "2010-07-19",
  "favorite" : false
},{
  "logId" : 3304241,
  "loggedFood" : {
    "foodId" : 16101,
    "locale" : "en_US",
    "name" : "Almonds",
    "brand" : "Fisher",
    "accessLevel" : "PUBLIC",
    "units" : [91,256,279,226,180,147,389],
    "calories" : 71,
    "amount" : 0.42,
    "unit" : {
      "id" : 226,
      "name" : "oz",
      "plural" : "oz"
    },
    "mealTypeId" : 1
  },
  "logDate" : "2010-07-19",
  "favorite" : false
},{
  "logId" : 3303273,
  "loggedFood" : {
    "foodId" : 81993,
    "locale" : "en_US",
    "name" : "Skim Milk",
    "brand" : "",
    "accessLevel" : "PUBLIC",
    "units" : [304,209,189,128,364,349,91,256,279,401],
    "calories" : 22,
    "amount" : 0.25,
    "unit" : {
      "id" : 91,
      "name" : "cup",
      "plural" : "cups"
    },
    "mealTypeId" : 1
  },
  "logDate" : "2010-07-19",
  "favorite" : true
},{
  "logId" : 3303275,
  "loggedFood" : {
    "foodId" : 31420,
    "locale" : "en_US",
    "name" : "Manchego",
    "brand" : "Wegmans",
    "accessLevel" : "PUBLIC",
    "units" : [226,180,147,389],
    "calories" : 40,
    "amount" : 0.33,
    "unit" : {
      "id" : 226,
      "name" : "oz",
      "plural" : "oz"
    },
    "mealTypeId" : 1,
    "creatorEncodedId" : "228TQ7"
  },
  "logDate" : "2010-07-19",
  "favorite" : false
},{
  "logId" : 3303277,
  "loggedFood" : {
    "foodId" : 80225,
    "locale" : "en_US",
    "name" : "Sunsweet Prunes Whole Prunes",
    "brand" : "",
    "accessLevel" : "PUBLIC",
    "units" : [532],
    "calories" : 50,
    "amount" : 3.0,
    "unit" : {
      "id" : 532,
      "name" : "dried plum",
      "plural" : "dried plums"
    },
    "mealTypeId" : 1,
    "creatorEncodedId" : "228TVZ"
  },
  "logDate" : "2010-07-19",
  "favorite" : true
},{
  "logId" : 3301525,
  "loggedFood" : {
    "foodId" : 14933,
    "locale" : "en_US",
    "name" : "Graham Cracker",
    "brand" : "",
    "accessLevel" : "PUBLIC",
    "units" : [74,252,91,256,279,226,180,147,389],
    "calories" : 174,
    "amount" : 3.0,
    "unit" : {
      "id" : 252,
      "name" : "piece (large)",
      "plural" : "piece (large)s"
    },
    "mealTypeId" : 1
  },
  "logDate" : "2010-07-19",
  "favorite" : false
},{
  "logId" : 3288258,
  "loggedFood" : {
    "foodId" : 16101,
    "locale" : "en_US",
    "name" : "Almonds",
    "brand" : "Fisher",
    "accessLevel" : "PUBLIC",
    "units" : [91,256,279,226,180,147,389],
    "calories" : 231,
    "amount" : 38.0,
    "unit" : {
      "id" : 147,
      "name" : "gram",
      "plural" : "grams"
    },
    "mealTypeId" : 7
  },
  "logDate" : "2010-07-18",
  "favorite" : false
},{
  "logId" : 3288259,
  "loggedFood" : {
    "foodId" : 69060,
    "locale" : "en_US",
    "name" : "Blackberries",
    "brand" : "Driscoll's",
    "accessLevel" : "PUBLIC",
    "units" : [304,91,256,279],
    "calories" : 30,
    "amount" : 0.5,
    "unit" : {
      "id" : 91,
      "name" : "cup",
      "plural" : "cups"
    },
    "mealTypeId" : 7
  },
  "logDate" : "2010-07-18",
  "favorite" : false
},{
  "logId" : 3288260,
  "loggedFood" : {
    "foodId" : 4070,
    "locale" : "en_US",
    "name" : "Peach, Raw",
    "brand" : "",
    "accessLevel" : "PUBLIC",
    "units" : [304,319,179,204,91,256,279,226,180,147,389],
    "calories" : 38,
    "amount" : 1.0,
    "unit" : {
      "id" : 204,
      "name" : "medium",
      "plural" : "mediums"
    },
    "mealTypeId" : 1
  },
  "logDate" : "2010-07-18",
  "favorite" : false
},{
  "logId" : 3288261,
  "loggedFood" : {
    "foodId" : 81993,
    "locale" : "en_US",
    "name" : "Skim Milk",
    "brand" : "",
    "accessLevel" : "PUBLIC",
    "units" : [304,209,189,128,364,349,91,256,279,401],
    "calories" : 22,
    "amount" : 0.25,
    "unit" : {
      "id" : 91,
      "name" : "cup",
      "plural" : "cups"
    },
    "mealTypeId" : 1
  },
  "logDate" : "2010-07-18",
  "favorite" : true
},{
  "logId" : 3128996,
  "loggedFood" : {
    "foodId" : 82837,
    "locale" : "en_US",
    "name" : "Greek Salad",
    "brand" : "",
    "accessLevel" : "PUBLIC",
    "units" : [294,304,226,180,147,389],
    "calories" : 139,
    "amount" : 1.0,
    "unit" : {
      "id" : 294,
      "name" : "salad",
      "plural" : "salads"
    },
    "mealTypeId" : 3
  },
  "logDate" : "2010-07-08",
  "favorite" : false
},{
  "logId" : 3128997,
  "loggedFood" : {
    "foodId" : 29098,
    "locale" : "en_US",
    "name" : "Cherry, Raw",
    "brand" : "",
    "accessLevel" : "PUBLIC",
    "units" : [226,180,147,389],
    "calories" : 56,
    "amount" : 4.0,
    "unit" : {
      "id" : 226,
      "name" : "oz",
      "plural" : "oz"
    },
    "mealTypeId" : 3
  },
  "logDate" : "2010-07-08",
  "favorite" : false
},{
  "logId" : 3128998,
  "loggedFood" : {
    "foodId" : 69063,
    "locale" : "en_US",
    "name" : "Strawberries",
    "brand" : "Driscoll's",
    "accessLevel" : "PUBLIC",
    "units" : [304,91,256,279],
    "calories" : 17,
    "amount" : 0.33,
    "unit" : {
      "id" : 91,
      "name" : "cup",
      "plural" : "cups"
    },
    "mealTypeId" : 3
  },
  "logDate" : "2010-07-08",
  "favorite" : false
},{
  "logId" : 3128999,
  "loggedFood" : {
    "foodId" : 80225,
    "locale" : "en_US",
    "name" : "Sunsweet Prunes Whole Prunes",
    "brand" : "",
    "accessLevel" : "PUBLIC",
    "units" : [532],
    "calories" : 100,
    "amount" : 6.0,
    "unit" : {
      "id" : 532,
      "name" : "dried plum",
      "plural" : "dried plums"
    },
    "mealTypeId" : 3,
    "creatorEncodedId" : "228TVZ"
  },
  "logDate" : "2010-07-08",
  "favorite" : true
},{
  "logId" : 3127781,
  "loggedFood" : {
    "foodId" : 31420,
    "locale" : "en_US",
    "name" : "Manchego",
    "brand" : "Wegmans",
    "accessLevel" : "PUBLIC",
    "units" : [226,180,147,389],
    "calories" : 60,
    "amount" : 0.5,
    "unit" : {
      "id" : 226,
      "name" : "oz",
      "plural" : "oz"
    },
    "mealTypeId" : 3,
    "creatorEncodedId" : "228TQ7"
  },
  "logDate" : "2010-07-08",
  "favorite" : false
},{
  "logId" : 3124096,
  "loggedFood" : {
    "foodId" : 31420,
    "locale" : "en_US",
    "name" : "Manchego",
    "brand" : "Wegmans",
    "accessLevel" : "PUBLIC",
    "units" : [226,180,147,389],
    "calories" : 60,
    "amount" : 0.5,
    "unit" : {
      "id" : 226,
      "name" : "oz",
      "plural" : "oz"
    },
    "mealTypeId" : 2,
    "creatorEncodedId" : "228TQ7"
  },
  "logDate" : "2010-07-08",
  "favorite" : false
},{
  "logId" : 3124097,
  "loggedFood" : {
    "foodId" : 16167,
    "locale" : "en_US",
    "name" : "Almond, Dry Roasted W/salt",
    "brand" : "",
    "accessLevel" : "PUBLIC",
    "units" : [91,256,279,226,180,147,389],
    "calories" : 60,
    "amount" : 10.0,
    "unit" : {
      "id" : 147,
      "name" : "gram",
      "plural" : "grams"
    },
    "mealTypeId" : 2
  },
  "logDate" : "2010-07-08",
  "favorite" : false
},{
  "logId" : 3121889,
  "loggedFood" : {
    "foodId" : 80851,
    "locale" : "en_US",
    "name" : "Egg",
    "brand" : "",
    "accessLevel" : "PUBLIC",
    "units" : [304,111,91,256,279,226,180,147,389],
    "calories" : 160,
    "amount" : 2.0,
    "unit" : {
      "id" : 111,
      "name" : "egg",
      "plural" : "eggs"
    },
    "mealTypeId" : 1
  },
  "logDate" : "2010-07-08",
  "favorite" : true
},{
  "logId" : 3121890,
  "loggedFood" : {
    "foodId" : 81037,
    "locale" : "en_US",
    "name" : "Black Beans",
    "brand" : "",
    "accessLevel" : "PUBLIC",
    "units" : [304,349,364,91,256,279,226,180,147,389],
    "calories" : 63,
    "amount" : 0.25,
    "unit" : {
      "id" : 91,
      "name" : "cup",
      "plural" : "cups"
    },
    "mealTypeId" : 1
  },
  "logDate" : "2010-07-08",
  "favorite" : false
},{
  "logId" : 3121891,
  "loggedFood" : {
    "foodId" : 24683,
    "locale" : "en_US",
    "name" : "Plum, Raw",
    "brand" : "",
    "accessLevel" : "PUBLIC",
    "units" : [139,304,91,256,279,226,180,147,389],
    "calories" : 30,
    "amount" : 1.0,
    "unit" : {
      "id" : 139,
      "name" : "fruit",
      "plural" : "fruits"
    },
    "mealTypeId" : 1
  },
  "logDate" : "2010-07-08",
  "favorite" : false
},{
  "logId" : 3121902,
  "loggedFood" : {
    "foodId" : 81993,
    "locale" : "en_US",
    "name" : "Skim Milk",
    "brand" : "",
    "accessLevel" : "PUBLIC",
    "units" : [304,209,189,128,364,349,91,256,279,401],
    "calories" : 22,
    "amount" : 0.25,
    "unit" : {
      "id" : 91,
      "name" : "cup",
      "plural" : "cups"
    },
    "mealTypeId" : 1
  },
  "logDate" : "2010-07-08",
  "favorite" : true
},{
  "logId" : 3121904,
  "loggedFood" : {
    "foodId" : 17222,
    "locale" : "en_US",
    "name" : "Coffee",
    "brand" : "",
    "accessLevel" : "PUBLIC",
    "units" : [226,180,147,389],
    "calories" : 12,
    "amount" : 22.0,
    "unit" : {
      "id" : 226,
      "name" : "oz",
      "plural" : "oz"
    },
    "mealTypeId" : 1
  },
  "logDate" : "2010-07-08",
  "favorite" : false
},{
  "logId" : 2856378,
  "loggedFood" : {
    "foodId" : 80851,
    "locale" : "en_US",
    "name" : "Egg",
    "brand" : "",
    "accessLevel" : "PUBLIC",
    "units" : [304,111,91,256,279,226,180,147,389],
    "calories" : 240,
    "amount" : 3.0,
    "unit" : {
      "id" : 111,
      "name" : "egg",
      "plural" : "eggs"
    },
    "mealTypeId" : 1
  },
  "logDate" : "2010-06-23",
  "favorite" : true
},{
  "logId" : 2856379,
  "loggedFood" : {
    "foodId" : 65013,
    "locale" : "en_US",
    "name" : "Skim Milk",
    "brand" : "Dean's",
    "accessLevel" : "PUBLIC",
    "units" : [304,209,189,128,364,349,91,256,279,401],
    "calories" : 23,
    "amount" : 0.25,
    "unit" : {
      "id" : 91,
      "name" : "cup",
      "plural" : "cups"
    },
    "mealTypeId" : 1
  },
  "logDate" : "2010-06-23",
  "favorite" : false
},{
  "logId" : 2856380,
  "loggedFood" : {
    "foodId" : 17827,
    "locale" : "en_US",
    "name" : "Veggie Sausage Links",
    "brand" : "Morningstar Farms",
    "accessLevel" : "PUBLIC",
    "units" : [188,226,180,147,389],
    "calories" : 120,
    "amount" : 3.0,
    "unit" : {
      "id" : 188,
      "name" : "link",
      "plural" : "links"
    },
    "mealTypeId" : 1
  },
  "logDate" : "2010-06-23",
  "favorite" : false
},{
  "logId" : 2856381,
  "loggedFood" : {
    "foodId" : 82970,
    "locale" : "en_US",
    "name" : "Monterey Jack Cheese",
    "brand" : "",
    "accessLevel" : "PUBLIC",
    "units" : [311,89,304,226,180,147,389],
    "calories" : 104,
    "amount" : 1.0,
    "unit" : {
      "id" : 226,
      "name" : "oz",
      "plural" : "oz"
    },
    "mealTypeId" : 1
  },
  "logDate" : "2010-06-23",
  "favorite" : false
},{
  "logId" : 2856382,
  "loggedFood" : {
    "foodId" : 81392,
    "locale" : "en_US",
    "name" : "Whole Milk",
    "brand" : "",
    "accessLevel" : "PUBLIC",
    "units" : [304,209,189,128,364,349,91,256,279,401,226,180,147,389],
    "calories" : 9,
    "amount" : 1.0,
    "unit" : {
      "id" : 349,
      "name" : "tbsp",
      "plural" : "tbsp"
    },
    "mealTypeId" : 1
  },
  "logDate" : "2010-06-23",
  "favorite" : false
},{
  "logId" : 2322019,
  "loggedFood" : {
    "foodId" : 16101,
    "locale" : "en_US",
    "name" : "Almonds",
    "brand" : "Fisher",
    "accessLevel" : "PUBLIC",
    "units" : [91,256,279,226,180,147,389],
    "calories" : 227,
    "amount" : 0.33,
    "unit" : {
      "id" : 91,
      "name" : "cup",
      "plural" : "cups"
    },
    "mealTypeId" : 2
  },
  "logDate" : "2010-05-24",
  "favorite" : false
},{
  "logId" : 2318748,
  "loggedFood" : {
    "foodId" : 11357,
    "locale" : "en_US",
    "name" : "Cheddar Cheese",
    "brand" : "",
    "accessLevel" : "PUBLIC",
    "units" : [89,91,256,279,226,180,147,389],
    "calories" : 174,
    "amount" : 0.33,
    "unit" : {
      "id" : 91,
      "name" : "cup",
      "plural" : "cups"
    },
    "mealTypeId" : 2
  },
  "logDate" : "2010-05-24",
  "favorite" : false
},{
  "logId" : 2318235,
  "loggedFood" : {
    "foodId" : 28814,
    "locale" : "en_US",
    "name" : "Prune",
    "brand" : "Dole",
    "accessLevel" : "PUBLIC",
    "units" : [91,256,279],
    "calories" : 110,
    "amount" : 0.25,
    "unit" : {
      "id" : 91,
      "name" : "cup",
      "plural" : "cups"
    },
    "mealTypeId" : 1
  },
  "logDate" : "2010-05-24",
  "favorite" : false
},{
  "logId" : 1991750,
  "loggedFood" : {
    "foodId" : 80225,
    "locale" : "en_US",
    "name" : "Sunsweet Prunes Whole Prunes",
    "brand" : "",
    "accessLevel" : "PUBLIC",
    "units" : [532],
    "calories" : 83,
    "amount" : 5.0,
    "unit" : {
      "id" : 532,
      "name" : "dried plum",
      "plural" : "dried plums"
    },
    "mealTypeId" : 1,
    "creatorEncodedId" : "228TVZ"
  },
  "logDate" : "2010-04-28",
  "favorite" : true
},{
  "logId" : 1991751,
  "loggedFood" : {
    "foodId" : 81555,
    "locale" : "en_US",
    "name" : "Apple Cider",
    "brand" : "",
    "accessLevel" : "PUBLIC",
    "units" : [209,189,128,364,349,91,256,279,401],
    "calories" : 62,
    "amount" : 4.0,
    "unit" : {
      "id" : 128,
      "name" : "fl oz",
      "plural" : "fl oz"
    },
    "mealTypeId" : 1
  },
  "logDate" : "2010-04-28",
  "favorite" : true
},{
  "logId" : 1991752,
  "loggedFood" : {
    "foodId" : 26553,
    "locale" : "en_US",
    "name" : "Banana, Raw",
    "brand" : "",
    "accessLevel" : "PUBLIC",
    "units" : [121,120,304,319,204,179,91,256,279,226,180,147,389],
    "calories" : 45,
    "amount" : 0.5,
    "unit" : {
      "id" : 319,
      "name" : "small",
      "plural" : "smalls"
    },
    "mealTypeId" : 1
  },
  "logDate" : "2010-04-28",
  "favorite" : true
}]