[{
  "logId" : 388415159,
  "loggedFood" : {
    "foodId" : 0,
    "name" : "Muscle Milk, Cafe Latte",
    "brand" : "Lose It!",
    "accessLevel" : "PRIVATE",
    "units" : [201],
    "calories" : 510,
    "amount" : 1.0,
    "unit" : {
      "id" : 201,
      "name" : "meal",
      "plural" : "meals"
    },
    "mealTypeId" : 1
  },
  "nutritionalValues" : {
    "calories" : 510,
    "fat" : 17.0,
    "fiber" : 0.0,
    "carbs" : 42.0,
    "sodium" : 0.0,
    "protein" : 50.0
  },
  "logDate" : "2013-10-03",
  "favorite" : false
},{
  "logId" : 385865130,
  "loggedFood" : {
    "foodId" : 0,
    "name" : "Muscle Milk, Milk",
    "brand" : "Lose It!",
    "accessLevel" : "PRIVATE",
    "units" : [201],
    "calories" : 355,
    "amount" : 1.0,
    "unit" : {
      "id" : 201,
      "name" : "meal",
      "plural" : "meals"
    },
    "mealTypeId" : 1
  },
  "nutritionalValues" : {
    "calories" : 355,
    "fat" : 17.6,
    "fiber" : 0.2,
    "carbs" : 19.0,
    "sodium" : 37.0,
    "protein" : 34.2
  },
  "logDate" : "2013-10-01",
  "favorite" : false
},{
  "logId" : 384453834,
  "loggedFood" : {
    "foodId" : 0,
    "name" : "Pizza",
    "brand" : "Lose It!",
    "accessLevel" : "PRIVATE",
    "units" : [201],
    "calories" : 544,
    "amount" : 1.0,
    "unit" : {
      "id" : 201,
      "name" : "meal",
      "plural" : "meals"
    },
    "mealTypeId" : 3
  },
  "nutritionalValues" : {
    "calories" : 544,
    "fat" : 19.6,
    "fiber" : 3.5,
    "carbs" : 67.1,
    "sodium" : 1102.1,
    "protein" : 24.5
  },
  "logDate" : "2013-09-30",
  "favorite" : false
},{
  "logId" : 384097034,
  "loggedFood" : {
    "foodId" : 0,
    "name" : "Almond Milk, Frozen Mango, Coconut Milk, Cashew Butter",
    "brand" : "Lose It!",
    "accessLevel" : "PRIVATE",
    "units" : [201],
    "calories" : 667,
    "amount" : 1.0,
    "unit" : {
      "id" : 201,
      "name" : "meal",
      "plural" : "meals"
    },
    "mealTypeId" : 1
  },
  "nutritionalValues" : {
    "calories" : 667,
    "fat" : 48.2,
    "fiber" : 0.2,
    "carbs" : 28.3,
    "sodium" : 67.5,
    "protein" : 14.6
  },
  "logDate" : "2013-09-30",
  "favorite" : false
},{
  "logId" : 380897929,
  "loggedFood" : {
    "foodId" : 0,
    "name" : "Milk, Muscle Milk",
    "brand" : "Lose It!",
    "accessLevel" : "PRIVATE",
    "units" : [201],
    "calories" : 355,
    "amount" : 1.0,
    "unit" : {
      "id" : 201,
      "name" : "meal",
      "plural" : "meals"
    },
    "mealTypeId" : 1
  },
  "nutritionalValues" : {
    "calories" : 355,
    "fat" : 17.6,
    "fiber" : 0.2,
    "carbs" : 19.0,
    "sodium" : 37.0,
    "protein" : 34.2
  },
  "logDate" : "2013-09-27",
  "favorite" : false
},{
  "logId" : 375264880,
  "loggedFood" : {
    "foodId" : 0,
    "name" : "Muscle Milk Drink, Milk",
    "brand" : "Lose It!",
    "accessLevel" : "PRIVATE",
    "units" : [201],
    "calories" : 165,
    "amount" : 1.0,
    "unit" : {
      "id" : 201,
      "name" : "meal",
      "plural" : "meals"
    },
    "mealTypeId" : 1
  },
  "nutritionalValues" : {
    "calories" : 165,
    "fat" : 4.6,
    "fiber" : 2.2,
    "carbs" : 10.0,
    "sodium" : 357.0,
    "protein" : 20.2
  },
  "logDate" : "2013-09-23",
  "favorite" : false
},{
  "logId" : 367890577,
  "loggedFood" : {
    "foodId" : 0,
    "name" : "Fat Free Milk, Muscle Milk Drink",
    "brand" : "Lose It!",
    "accessLevel" : "PRIVATE",
    "units" : [201],
    "calories" : 177,
    "amount" : 1.0,
    "unit" : {
      "id" : 201,
      "name" : "meal",
      "plural" : "meals"
    },
    "mealTypeId" : 1
  },
  "nutritionalValues" : {
    "calories" : 177,
    "fat" : 4.0,
    "fiber" : 2.0,
    "carbs" : 12.0,
    "sodium" : 363.3,
    "protein" : 23.0
  },
  "logDate" : "2013-09-17",
  "favorite" : false
},{
  "logId" : 363282192,
  "loggedFood" : {
    "foodId" : 0,
    "name" : "Banana, Fat Free Milk, Milk",
    "brand" : "Lose It!",
    "accessLevel" : "PRIVATE",
    "units" : [201],
    "calories" : 102,
    "amount" : 1.0,
    "unit" : {
      "id" : 201,
      "name" : "meal",
      "plural" : "meals"
    },
    "mealTypeId" : 1
  },
  "nutritionalValues" : {
    "calories" : 102,
    "fat" : 0.8,
    "fiber" : 2.0,
    "carbs" : 21.5,
    "sodium" : 80.9,
    "protein" : 4.0
  },
  "logDate" : "2013-09-13",
  "favorite" : false
},{
  "logId" : 357375208,
  "loggedFood" : {
    "foodId" : 0,
    "name" : "Muscle Milk Drink, Milk",
    "brand" : "Lose It!",
    "accessLevel" : "PRIVATE",
    "units" : [201],
    "calories" : 165,
    "amount" : 1.0,
    "unit" : {
      "id" : 201,
      "name" : "meal",
      "plural" : "meals"
    },
    "mealTypeId" : 1
  },
  "nutritionalValues" : {
    "calories" : 165,
    "fat" : 4.6,
    "fiber" : 2.2,
    "carbs" : 10.0,
    "sodium" : 357.0,
    "protein" : 20.2
  },
  "logDate" : "2013-09-09",
  "favorite" : false
},{
  "logId" : 352697366,
  "loggedFood" : {
    "foodId" : 0,
    "name" : "Milk",
    "brand" : "Lose It!",
    "accessLevel" : "PRIVATE",
    "units" : [201],
    "calories" : 30,
    "amount" : 1.0,
    "unit" : {
      "id" : 201,
      "name" : "meal",
      "plural" : "meals"
    },
    "mealTypeId" : 3
  },
  "nutritionalValues" : {
    "calories" : 30,
    "fat" : 1.2,
    "fiber" : 0.0,
    "carbs" : 4.0,
    "sodium" : 80.0,
    "protein" : 0.5
  },
  "logDate" : "2013-09-05",
  "favorite" : false
},{
  "logId" : 343876840,
  "loggedFood" : {
    "foodId" : 0,
    "name" : "Milk, Muscle Milk Drink",
    "brand" : "Lose It!",
    "accessLevel" : "PRIVATE",
    "units" : [201],
    "calories" : 165,
    "amount" : 1.0,
    "unit" : {
      "id" : 201,
      "name" : "meal",
      "plural" : "meals"
    },
    "mealTypeId" : 1
  },
  "nutritionalValues" : {
    "calories" : 165,
    "fat" : 4.6,
    "fiber" : 2.2,
    "carbs" : 10.0,
    "sodium" : 357.0,
    "protein" : 20.2
  },
  "logDate" : "2013-08-29",
  "favorite" : false
},{
  "logId" : 339652570,
  "loggedFood" : {
    "foodId" : 0,
    "name" : "Milk, Muscle Milk Light Vanilla Cream",
    "brand" : "Lose It!",
    "accessLevel" : "PRIVATE",
    "units" : [201],
    "calories" : 170,
    "amount" : 1.0,
    "unit" : {
      "id" : 201,
      "name" : "meal",
      "plural" : "meals"
    },
    "mealTypeId" : 1
  },
  "nutritionalValues" : {
    "calories" : 170,
    "fat" : 5.2,
    "fiber" : 1.5,
    "carbs" : 9.9,
    "sodium" : 333.9,
    "protein" : 20.5
  },
  "logDate" : "2013-08-26",
  "favorite" : false
},{
  "logId" : 337421003,
  "loggedFood" : {
    "foodId" : 0,
    "name" : "Milk, Muscle Milk Drink",
    "brand" : "Lose It!",
    "accessLevel" : "PRIVATE",
    "units" : [201],
    "calories" : 170,
    "amount" : 1.0,
    "unit" : {
      "id" : 201,
      "name" : "meal",
      "plural" : "meals"
    },
    "mealTypeId" : 1
  },
  "nutritionalValues" : {
    "calories" : 170,
    "fat" : 4.8,
    "fiber" : 2.3,
    "carbs" : 10.6,
    "sodium" : 369.2,
    "protein" : 20.3
  },
  "logDate" : "2013-08-24",
  "favorite" : false
},{
  "logId" : 336227200,
  "loggedFood" : {
    "foodId" : 0,
    "name" : "Milk, Muscle Milk Drink",
    "brand" : "Lose It!",
    "accessLevel" : "PRIVATE",
    "units" : [201],
    "calories" : 170,
    "amount" : 1.0,
    "unit" : {
      "id" : 201,
      "name" : "meal",
      "plural" : "meals"
    },
    "mealTypeId" : 1
  },
  "nutritionalValues" : {
    "calories" : 170,
    "fat" : 4.8,
    "fiber" : 2.3,
    "carbs" : 10.6,
    "sodium" : 369.2,
    "protein" : 20.3
  },
  "logDate" : "2013-08-23",
  "favorite" : false
},{
  "logId" : 334995940,
  "loggedFood" : {
    "foodId" : 0,
    "name" : "Milk",
    "brand" : "Lose It!",
    "accessLevel" : "PRIVATE",
    "units" : [201],
    "calories" : 21,
    "amount" : 1.0,
    "unit" : {
      "id" : 201,
      "name" : "meal",
      "plural" : "meals"
    },
    "mealTypeId" : 1
  },
  "nutritionalValues" : {
    "calories" : 21,
    "fat" : 0.0,
    "fiber" : 0.0,
    "carbs" : 3.0,
    "sodium" : 25.7,
    "protein" : 2.1
  },
  "logDate" : "2013-08-22",
  "favorite" : false
},{
  "logId" : 332137213,
  "loggedFood" : {
    "foodId" : 0,
    "name" : "Milk, Muscle Milk Drink",
    "brand" : "Lose It!",
    "accessLevel" : "PRIVATE",
    "units" : [201],
    "calories" : 170,
    "amount" : 1.0,
    "unit" : {
      "id" : 201,
      "name" : "meal",
      "plural" : "meals"
    },
    "mealTypeId" : 1
  },
  "nutritionalValues" : {
    "calories" : 170,
    "fat" : 4.8,
    "fiber" : 2.3,
    "carbs" : 10.6,
    "sodium" : 369.2,
    "protein" : 20.3
  },
  "logDate" : "2013-08-20",
  "favorite" : false
},{
  "logId" : 330597730,
  "loggedFood" : {
    "foodId" : 0,
    "name" : "Milk, Muscle Milk Drink",
    "brand" : "Lose It!",
    "accessLevel" : "PRIVATE",
    "units" : [201],
    "calories" : 170,
    "amount" : 1.0,
    "unit" : {
      "id" : 201,
      "name" : "meal",
      "plural" : "meals"
    },
    "mealTypeId" : 1
  },
  "nutritionalValues" : {
    "calories" : 170,
    "fat" : 4.8,
    "fiber" : 2.3,
    "carbs" : 10.6,
    "sodium" : 369.2,
    "protein" : 20.3
  },
  "logDate" : "2013-08-19",
  "favorite" : false
},{
  "logId" : 327336176,
  "loggedFood" : {
    "foodId" : 0,
    "name" : "Milk, Muscle Milk Drink",
    "brand" : "Lose It!",
    "accessLevel" : "PRIVATE",
    "units" : [201],
    "calories" : 170,
    "amount" : 1.0,
    "unit" : {
      "id" : 201,
      "name" : "meal",
      "plural" : "meals"
    },
    "mealTypeId" : 1
  },
  "nutritionalValues" : {
    "calories" : 170,
    "fat" : 4.8,
    "fiber" : 2.3,
    "carbs" : 10.6,
    "sodium" : 369.2,
    "protein" : 20.3
  },
  "logDate" : "2013-08-16",
  "favorite" : false
},{
  "logId" : 324869574,
  "loggedFood" : {
    "foodId" : 0,
    "name" : "Muscle Milk Drink, Garbage Trail Mix, Cheese",
    "brand" : "Lose It!",
    "accessLevel" : "PRIVATE",
    "units" : [201],
    "calories" : 421,
    "amount" : 1.0,
    "unit" : {
      "id" : 201,
      "name" : "meal",
      "plural" : "meals"
    },
    "mealTypeId" : 3
  },
  "nutritionalValues" : {
    "calories" : 421,
    "fat" : 21.1,
    "fiber" : 6.0,
    "carbs" : 30.7,
    "sodium" : 517.4,
    "protein" : 28.0
  },
  "logDate" : "2013-08-14",
  "favorite" : false
},{
  "logId" : 312861761,
  "loggedFood" : {
    "foodId" : 0,
    "name" : "Milk",
    "brand" : "Lose It!",
    "accessLevel" : "PRIVATE",
    "units" : [201],
    "calories" : 20,
    "amount" : 1.0,
    "unit" : {
      "id" : 201,
      "name" : "meal",
      "plural" : "meals"
    },
    "mealTypeId" : 1
  },
  "nutritionalValues" : {
    "calories" : 20,
    "fat" : 0.8,
    "fiber" : 0.3,
    "carbs" : 2.6,
    "sodium" : 49.2,
    "protein" : 0.3
  },
  "logDate" : "2013-08-05",
  "favorite" : false
},{
  "logId" : 307084690,
  "loggedFood" : {
    "foodId" : 0,
    "name" : "Garbage Trail Mix",
    "brand" : "Lose It!",
    "accessLevel" : "PRIVATE",
    "units" : [201],
    "calories" : 211,
    "amount" : 1.0,
    "unit" : {
      "id" : 201,
      "name" : "meal",
      "plural" : "meals"
    },
    "mealTypeId" : 7
  },
  "nutritionalValues" : {
    "calories" : 211,
    "fat" : 12.1,
    "fiber" : 4.0,
    "carbs" : 22.6,
    "sodium" : 84.2,
    "protein" : 4.3
  },
  "logDate" : "2013-07-31",
  "favorite" : false
},{
  "logId" : 307010286,
  "loggedFood" : {
    "foodId" : 0,
    "name" : "Muscle Milk Drink, Milk",
    "brand" : "Lose It!",
    "accessLevel" : "PRIVATE",
    "units" : [201],
    "calories" : 170,
    "amount" : 1.0,
    "unit" : {
      "id" : 201,
      "name" : "meal",
      "plural" : "meals"
    },
    "mealTypeId" : 1
  },
  "nutritionalValues" : {
    "calories" : 170,
    "fat" : 4.8,
    "fiber" : 2.3,
    "carbs" : 10.6,
    "sodium" : 369.2,
    "protein" : 20.3
  },
  "logDate" : "2013-07-31",
  "favorite" : false
},{
  "logId" : 305590632,
  "loggedFood" : {
    "foodId" : 0,
    "name" : "Muscle Milk Drink, Milk",
    "brand" : "Lose It!",
    "accessLevel" : "PRIVATE",
    "units" : [201],
    "calories" : 170,
    "amount" : 1.0,
    "unit" : {
      "id" : 201,
      "name" : "meal",
      "plural" : "meals"
    },
    "mealTypeId" : 1
  },
  "nutritionalValues" : {
    "calories" : 170,
    "fat" : 4.8,
    "fiber" : 2.3,
    "carbs" : 10.6,
    "sodium" : 369.2,
    "protein" : 20.3
  },
  "logDate" : "2013-07-30",
  "favorite" : false
},{
  "logId" : 297146413,
  "loggedFood" : {
    "foodId" : 0,
    "name" : "Muscle Milk Drink, Milk",
    "brand" : "Lose It!",
    "accessLevel" : "PRIVATE",
    "units" : [201],
    "calories" : 170,
    "amount" : 1.0,
    "unit" : {
      "id" : 201,
      "name" : "meal",
      "plural" : "meals"
    },
    "mealTypeId" : 1
  },
  "nutritionalValues" : {
    "calories" : 170,
    "fat" : 4.8,
    "fiber" : 2.3,
    "carbs" : 10.6,
    "sodium" : 369.2,
    "protein" : 20.3
  },
  "logDate" : "2013-07-23",
  "favorite" : false
},{
  "logId" : 294721105,
  "loggedFood" : {
    "foodId" : 0,
    "name" : "Apple Juice, Carrot Juice, Milk, Watermelon, Juice",
    "brand" : "Lose It!",
    "accessLevel" : "PRIVATE",
    "units" : [201],
    "calories" : 259,
    "amount" : 1.0,
    "unit" : {
      "id" : 201,
      "name" : "meal",
      "plural" : "meals"
    },
    "mealTypeId" : 1
  },
  "nutritionalValues" : {
    "calories" : 259,
    "fat" : 1.8,
    "fiber" : 2.0,
    "carbs" : 61.2,
    "sodium" : 54.8,
    "protein" : 4.2
  },
  "logDate" : "2013-07-21",
  "favorite" : false
},{
  "logId" : 287504015,
  "loggedFood" : {
    "foodId" : 0,
    "name" : "Muscle Milk Drink, Coffee, Milk",
    "brand" : "Lose It!",
    "accessLevel" : "PRIVATE",
    "units" : [201],
    "calories" : 174,
    "amount" : 1.0,
    "unit" : {
      "id" : 201,
      "name" : "meal",
      "plural" : "meals"
    },
    "mealTypeId" : 1
  },
  "nutritionalValues" : {
    "calories" : 174,
    "fat" : 4.9,
    "fiber" : 2.3,
    "carbs" : 10.6,
    "sodium" : 376.9,
    "protein" : 20.8
  },
  "logDate" : "2013-07-15",
  "favorite" : false
},{
  "logId" : 280713336,
  "loggedFood" : {
    "foodId" : 0,
    "name" : "Muscle Milk Drink, Fat Free Milk",
    "brand" : "Lose It!",
    "accessLevel" : "PRIVATE",
    "units" : [201],
    "calories" : 177,
    "amount" : 1.0,
    "unit" : {
      "id" : 201,
      "name" : "meal",
      "plural" : "meals"
    },
    "mealTypeId" : 1
  },
  "nutritionalValues" : {
    "calories" : 177,
    "fat" : 4.0,
    "fiber" : 2.0,
    "carbs" : 12.0,
    "sodium" : 363.3,
    "protein" : 23.0
  },
  "logDate" : "2013-07-09",
  "favorite" : false
},{
  "logId" : 279403594,
  "loggedFood" : {
    "foodId" : 0,
    "name" : "Muscle Milk Drink, Milk",
    "brand" : "Lose It!",
    "accessLevel" : "PRIVATE",
    "units" : [201],
    "calories" : 170,
    "amount" : 1.0,
    "unit" : {
      "id" : 201,
      "name" : "meal",
      "plural" : "meals"
    },
    "mealTypeId" : 1
  },
  "nutritionalValues" : {
    "calories" : 170,
    "fat" : 4.8,
    "fiber" : 2.3,
    "carbs" : 10.6,
    "sodium" : 369.2,
    "protein" : 20.3
  },
  "logDate" : "2013-07-08",
  "favorite" : false
},{
  "logId" : 278423786,
  "loggedFood" : {
    "foodId" : 0,
    "name" : "Clean Raspberry, Milk",
    "brand" : "Lose It!",
    "accessLevel" : "PRIVATE",
    "units" : [201],
    "calories" : 513,
    "amount" : 1.0,
    "unit" : {
      "id" : 201,
      "name" : "meal",
      "plural" : "meals"
    },
    "mealTypeId" : 1
  },
  "nutritionalValues" : {
    "calories" : 513,
    "fat" : 15.8,
    "fiber" : 22.5,
    "carbs" : 86.9,
    "sodium" : 98.3,
    "protein" : 7.0
  },
  "logDate" : "2013-07-07",
  "favorite" : false
},{
  "logId" : 273326412,
  "loggedFood" : {
    "foodId" : 0,
    "name" : "Clean Mango Smoothie, Milk",
    "brand" : "Lose It!",
    "accessLevel" : "PRIVATE",
    "units" : [201],
    "calories" : 400,
    "amount" : 1.0,
    "unit" : {
      "id" : 201,
      "name" : "meal",
      "plural" : "meals"
    },
    "mealTypeId" : 1
  },
  "nutritionalValues" : {
    "calories" : 400,
    "fat" : 10.8,
    "fiber" : 0.8,
    "carbs" : 34.8,
    "sodium" : 109.2,
    "protein" : 2.3
  },
  "logDate" : "2013-07-02",
  "favorite" : false
},{
  "logId" : 270281553,
  "loggedFood" : {
    "foodId" : 0,
    "name" : "Milk",
    "brand" : "Lose It!",
    "accessLevel" : "PRIVATE",
    "units" : [201],
    "calories" : 20,
    "amount" : 1.0,
    "unit" : {
      "id" : 201,
      "name" : "meal",
      "plural" : "meals"
    },
    "mealTypeId" : 1
  },
  "nutritionalValues" : {
    "calories" : 20,
    "fat" : 0.8,
    "fiber" : 0.3,
    "carbs" : 2.6,
    "sodium" : 49.2,
    "protein" : 0.3
  },
  "logDate" : "2013-06-29",
  "favorite" : false
},{
  "logId" : 268118740,
  "loggedFood" : {
    "foodId" : 0,
    "name" : "Clean Blueberry Cacao Smoothie, Milk",
    "brand" : "Lose It!",
    "accessLevel" : "PRIVATE",
    "units" : [201],
    "calories" : 308,
    "amount" : 1.0,
    "unit" : {
      "id" : 201,
      "name" : "meal",
      "plural" : "meals"
    },
    "mealTypeId" : 1
  },
  "nutritionalValues" : {
    "calories" : 308,
    "fat" : 5.7,
    "fiber" : 7.6,
    "carbs" : 51.7,
    "sodium" : 345.0,
    "protein" : 3.6
  },
  "logDate" : "2013-06-27",
  "favorite" : false
},{
  "logId" : 266916049,
  "loggedFood" : {
    "foodId" : 0,
    "name" : "Carrots, Milk, Celery, Garlic, Herb",
    "brand" : "Lose It!",
    "accessLevel" : "PRIVATE",
    "units" : [201],
    "calories" : 154,
    "amount" : 1.0,
    "unit" : {
      "id" : 201,
      "name" : "meal",
      "plural" : "meals"
    },
    "mealTypeId" : 1
  },
  "nutritionalValues" : {
    "calories" : 154,
    "fat" : 1.7,
    "fiber" : 9.6,
    "carbs" : 33.2,
    "sodium" : 330.2,
    "protein" : 4.3
  },
  "logDate" : "2013-06-26",
  "favorite" : false
},{
  "logId" : 257910273,
  "loggedFood" : {
    "foodId" : 0,
    "name" : "Milk",
    "brand" : "Lose It!",
    "accessLevel" : "PRIVATE",
    "units" : [201],
    "calories" : 20,
    "amount" : 1.0,
    "unit" : {
      "id" : 201,
      "name" : "meal",
      "plural" : "meals"
    },
    "mealTypeId" : 1
  },
  "nutritionalValues" : {
    "calories" : 20,
    "fat" : 0.8,
    "fiber" : 0.3,
    "carbs" : 2.6,
    "sodium" : 49.2,
    "protein" : 0.3
  },
  "logDate" : "2013-06-18",
  "favorite" : false
},{
  "logId" : 256852526,
  "loggedFood" : {
    "foodId" : 0,
    "name" : "Miracle Whip, Mustard, Pickles, Udis Bun",
    "brand" : "Lose It!",
    "accessLevel" : "PRIVATE",
    "units" : [201],
    "calories" : 282,
    "amount" : 1.0,
    "unit" : {
      "id" : 201,
      "name" : "meal",
      "plural" : "meals"
    },
    "mealTypeId" : 3
  },
  "nutritionalValues" : {
    "calories" : 282,
    "fat" : 9.0,
    "fiber" : 4.0,
    "carbs" : 46.3,
    "sodium" : 766.4,
    "protein" : 5.1
  },
  "logDate" : "2013-06-17",
  "favorite" : false
},{
  "logId" : 256633127,
  "loggedFood" : {
    "foodId" : 0,
    "name" : "Protein Shake, Fat Free Milk",
    "brand" : "Lose It!",
    "accessLevel" : "PRIVATE",
    "units" : [201],
    "calories" : 187,
    "amount" : 1.0,
    "unit" : {
      "id" : 201,
      "name" : "meal",
      "plural" : "meals"
    },
    "mealTypeId" : 1
  },
  "nutritionalValues" : {
    "calories" : 187,
    "fat" : 3.0,
    "fiber" : 2.0,
    "carbs" : 8.0,
    "sodium" : 413.3,
    "protein" : 33.0
  },
  "logDate" : "2013-06-17",
  "favorite" : false
},{
  "logId" : 254127593,
  "loggedFood" : {
    "foodId" : 0,
    "name" : "Bagel, Protein Shake, Cream Cheese, Milk",
    "brand" : "Lose It!",
    "accessLevel" : "PRIVATE",
    "units" : [201],
    "calories" : 520,
    "amount" : 1.0,
    "unit" : {
      "id" : 201,
      "name" : "meal",
      "plural" : "meals"
    },
    "mealTypeId" : 1
  },
  "nutritionalValues" : {
    "calories" : 520,
    "fat" : 11.8,
    "fiber" : 4.3,
    "carbs" : 64.6,
    "sodium" : 979.2,
    "protein" : 41.3
  },
  "logDate" : "2013-06-14",
  "favorite" : false
},{
  "logId" : 253004523,
  "loggedFood" : {
    "foodId" : 0,
    "name" : "Protein Shake, Milk",
    "brand" : "Lose It!",
    "accessLevel" : "PRIVATE",
    "units" : [201],
    "calories" : 180,
    "amount" : 1.0,
    "unit" : {
      "id" : 201,
      "name" : "meal",
      "plural" : "meals"
    },
    "mealTypeId" : 1
  },
  "nutritionalValues" : {
    "calories" : 180,
    "fat" : 3.8,
    "fiber" : 2.3,
    "carbs" : 6.6,
    "sodium" : 419.2,
    "protein" : 30.3
  },
  "logDate" : "2013-06-13",
  "favorite" : false
},{
  "logId" : 250717719,
  "loggedFood" : {
    "foodId" : 0,
    "name" : "Milk, Protein Shake",
    "brand" : "Lose It!",
    "accessLevel" : "PRIVATE",
    "units" : [201],
    "calories" : 180,
    "amount" : 1.0,
    "unit" : {
      "id" : 201,
      "name" : "meal",
      "plural" : "meals"
    },
    "mealTypeId" : 1
  },
  "nutritionalValues" : {
    "calories" : 180,
    "fat" : 3.8,
    "fiber" : 2.3,
    "carbs" : 6.6,
    "sodium" : 419.2,
    "protein" : 30.3
  },
  "logDate" : "2013-06-11",
  "favorite" : false
},{
  "logId" : 249422676,
  "loggedFood" : {
    "foodId" : 0,
    "name" : "Protein Shake, Milk",
    "brand" : "Lose It!",
    "accessLevel" : "PRIVATE",
    "units" : [201],
    "calories" : 180,
    "amount" : 1.0,
    "unit" : {
      "id" : 201,
      "name" : "meal",
      "plural" : "meals"
    },
    "mealTypeId" : 1
  },
  "nutritionalValues" : {
    "calories" : 180,
    "fat" : 3.8,
    "fiber" : 2.3,
    "carbs" : 6.6,
    "sodium" : 419.2,
    "protein" : 30.3
  },
  "logDate" : "2013-06-10",
  "favorite" : false
},{
  "logId" : 246907475,
  "loggedFood" : {
    "foodId" : 0,
    "name" : "Protein Shake",
    "brand" : "Lose It!",
    "accessLevel" : "PRIVATE",
    "units" : [201],
    "calories" : 160,
    "amount" : 1.0,
    "unit" : {
      "id" : 201,
      "name" : "meal",
      "plural" : "meals"
    },
    "mealTypeId" : 1
  },
  "nutritionalValues" : {
    "calories" : 160,
    "fat" : 3.0,
    "fiber" : 2.0,
    "carbs" : 4.0,
    "sodium" : 370.0,
    "protein" : 30.0
  },
  "logDate" : "2013-06-07",
  "favorite" : false
},{
  "logId" : 245747934,
  "loggedFood" : {
    "foodId" : 0,
    "name" : "Protein Shake, Milk",
    "brand" : "Lose It!",
    "accessLevel" : "PRIVATE",
    "units" : [201],
    "calories" : 180,
    "amount" : 1.0,
    "unit" : {
      "id" : 201,
      "name" : "meal",
      "plural" : "meals"
    },
    "mealTypeId" : 1
  },
  "nutritionalValues" : {
    "calories" : 180,
    "fat" : 3.8,
    "fiber" : 2.3,
    "carbs" : 6.6,
    "sodium" : 419.2,
    "protein" : 30.3
  },
  "logDate" : "2013-06-06",
  "favorite" : false
},{
  "logId" : 243457568,
  "loggedFood" : {
    "foodId" : 0,
    "name" : "Protein Shake, Milk",
    "brand" : "Lose It!",
    "accessLevel" : "PRIVATE",
    "units" : [201],
    "calories" : 180,
    "amount" : 1.0,
    "unit" : {
      "id" : 201,
      "name" : "meal",
      "plural" : "meals"
    },
    "mealTypeId" : 1
  },
  "nutritionalValues" : {
    "calories" : 180,
    "fat" : 3.8,
    "fiber" : 2.3,
    "carbs" : 6.6,
    "sodium" : 419.2,
    "protein" : 30.3
  },
  "logDate" : "2013-06-04",
  "favorite" : false
},{
  "logId" : 242371032,
  "loggedFood" : {
    "foodId" : 0,
    "name" : "Garbage Trail Mix",
    "brand" : "Lose It!",
    "accessLevel" : "PRIVATE",
    "units" : [201],
    "calories" : 158,
    "amount" : 1.0,
    "unit" : {
      "id" : 201,
      "name" : "meal",
      "plural" : "meals"
    },
    "mealTypeId" : 7
  },
  "nutritionalValues" : {
    "calories" : 158,
    "fat" : 9.1,
    "fiber" : 3.0,
    "carbs" : 16.9,
    "sodium" : 63.2,
    "protein" : 3.2
  },
  "logDate" : "2013-06-03",
  "favorite" : false
},{
  "logId" : 242228473,
  "loggedFood" : {
    "foodId" : 0,
    "name" : "Protein Shake, Milk",
    "brand" : "Lose It!",
    "accessLevel" : "PRIVATE",
    "units" : [201],
    "calories" : 180,
    "amount" : 1.0,
    "unit" : {
      "id" : 201,
      "name" : "meal",
      "plural" : "meals"
    },
    "mealTypeId" : 1
  },
  "nutritionalValues" : {
    "calories" : 180,
    "fat" : 3.8,
    "fiber" : 2.3,
    "carbs" : 6.6,
    "sodium" : 419.2,
    "protein" : 30.3
  },
  "logDate" : "2013-06-03",
  "favorite" : false
},{
  "logId" : 237580679,
  "loggedFood" : {
    "foodId" : 0,
    "name" : "Milk, Clean Energizer Smoothie",
    "brand" : "Lose It!",
    "accessLevel" : "PRIVATE",
    "units" : [201],
    "calories" : 535,
    "amount" : 1.0,
    "unit" : {
      "id" : 201,
      "name" : "meal",
      "plural" : "meals"
    },
    "mealTypeId" : 1
  },
  "nutritionalValues" : {
    "calories" : 535,
    "fat" : 38.6,
    "fiber" : 4.7,
    "carbs" : 42.9,
    "sodium" : 337.2,
    "protein" : 10.0
  },
  "logDate" : "2013-05-29",
  "favorite" : false
},{
  "logId" : 236669418,
  "loggedFood" : {
    "foodId" : 0,
    "name" : "Spicy Chik'n, Udis Bun, Mustard, Organic Butter Pickles, Super Stars",
    "brand" : "Lose It!",
    "accessLevel" : "PRIVATE",
    "units" : [201],
    "calories" : 592,
    "amount" : 1.0,
    "unit" : {
      "id" : 201,
      "name" : "meal",
      "plural" : "meals"
    },
    "mealTypeId" : 3
  },
  "nutritionalValues" : {
    "calories" : 592,
    "fat" : 16.0,
    "fiber" : 8.0,
    "carbs" : 84.3,
    "sodium" : 1681.0,
    "protein" : 29.0
  },
  "logDate" : "2013-05-28",
  "favorite" : false
},{
  "logId" : 236386470,
  "loggedFood" : {
    "foodId" : 0,
    "name" : "Raspberries, Blueberries, Avocado, Spice, Milk, Milk",
    "brand" : "Lose It!",
    "accessLevel" : "PRIVATE",
    "units" : [201],
    "calories" : 414,
    "amount" : 1.0,
    "unit" : {
      "id" : 201,
      "name" : "meal",
      "plural" : "meals"
    },
    "mealTypeId" : 1
  },
  "nutritionalValues" : {
    "calories" : 414,
    "fat" : 15.0,
    "fiber" : 22.6,
    "carbs" : 66.7,
    "sodium" : 75.5,
    "protein" : 5.4
  },
  "logDate" : "2013-05-28",
  "favorite" : false
},{
  "logId" : 231129238,
  "loggedFood" : {
    "foodId" : 0,
    "name" : "Almond Butter HT Smooth, Peaches, Milk",
    "brand" : "Lose It!",
    "accessLevel" : "PRIVATE",
    "units" : [201],
    "calories" : 455,
    "amount" : 1.0,
    "unit" : {
      "id" : 201,
      "name" : "meal",
      "plural" : "meals"
    },
    "mealTypeId" : 1
  },
  "nutritionalValues" : {
    "calories" : 455,
    "fat" : 32.8,
    "fiber" : 11.3,
    "carbs" : 36.0,
    "sodium" : 49.2,
    "protein" : 11.8
  },
  "logDate" : "2013-05-22",
  "favorite" : false
},{
  "logId" : 228840592,
  "loggedFood" : {
    "foodId" : 0,
    "name" : "Frozen Mango, Pineapple Frozen, Milk, Sweetener, Fat Free Milk",
    "brand" : "Lose It!",
    "accessLevel" : "PRIVATE",
    "units" : [201],
    "calories" : 340,
    "amount" : 1.0,
    "unit" : {
      "id" : 201,
      "name" : "meal",
      "plural" : "meals"
    },
    "mealTypeId" : 1
  },
  "nutritionalValues" : {
    "calories" : 340,
    "fat" : 9.0,
    "fiber" : 2.5,
    "carbs" : 14.5,
    "sodium" : 62.5,
    "protein" : 2.2
  },
  "logDate" : "2013-05-20",
  "favorite" : false
},{
  "logId" : 225283788,
  "loggedFood" : {
    "foodId" : 0,
    "name" : "Milk",
    "brand" : "Lose It!",
    "accessLevel" : "PRIVATE",
    "units" : [201],
    "calories" : 20,
    "amount" : 1.0,
    "unit" : {
      "id" : 201,
      "name" : "meal",
      "plural" : "meals"
    },
    "mealTypeId" : 1
  },
  "nutritionalValues" : {
    "calories" : 20,
    "fat" : 0.8,
    "fiber" : 0.3,
    "carbs" : 2.6,
    "sodium" : 49.2,
    "protein" : 0.3
  },
  "logDate" : "2013-05-16",
  "favorite" : false
},{
  "logId" : 222647262,
  "loggedFood" : {
    "foodId" : 0,
    "name" : "TJ Fruit Jellies, Cheese, Cinnamon Roll, Spicy Chik'n, Salad, Pickles, M...",
    "brand" : "Lose It!",
    "accessLevel" : "PRIVATE",
    "units" : [201],
    "calories" : 1288,
    "amount" : 1.0,
    "unit" : {
      "id" : 201,
      "name" : "meal",
      "plural" : "meals"
    },
    "mealTypeId" : 7
  },
  "nutritionalValues" : {
    "calories" : 1288,
    "fat" : 43.8,
    "fiber" : 6.8,
    "carbs" : 189.4,
    "sodium" : 2288.5,
    "protein" : 39.5
  },
  "logDate" : "2013-05-13",
  "favorite" : false
},{
  "logId" : 222284099,
  "loggedFood" : {
    "foodId" : 0,
    "name" : "Garbage Trail Mix, English Vintage Cheddar",
    "brand" : "Lose It!",
    "accessLevel" : "PRIVATE",
    "units" : [201],
    "calories" : 217,
    "amount" : 1.0,
    "unit" : {
      "id" : 201,
      "name" : "meal",
      "plural" : "meals"
    },
    "mealTypeId" : 3
  },
  "nutritionalValues" : {
    "calories" : 217,
    "fat" : 14.1,
    "fiber" : 3.0,
    "carbs" : 17.0,
    "sodium" : 157.2,
    "protein" : 6.7
  },
  "logDate" : "2013-05-13",
  "favorite" : false
},{
  "logId" : 221896613,
  "loggedFood" : {
    "foodId" : 0,
    "name" : "Protein Shake, Milk",
    "brand" : "Lose It!",
    "accessLevel" : "PRIVATE",
    "units" : [201],
    "calories" : 180,
    "amount" : 1.0,
    "unit" : {
      "id" : 201,
      "name" : "meal",
      "plural" : "meals"
    },
    "mealTypeId" : 1
  },
  "nutritionalValues" : {
    "calories" : 180,
    "fat" : 3.8,
    "fiber" : 2.3,
    "carbs" : 6.6,
    "sodium" : 419.2,
    "protein" : 30.3
  },
  "logDate" : "2013-05-13",
  "favorite" : false
},{
  "logId" : 219668153,
  "loggedFood" : {
    "foodId" : 0,
    "name" : "Protein Shake, Milk, TJ Fruit Jellies",
    "brand" : "Lose It!",
    "accessLevel" : "PRIVATE",
    "units" : [201],
    "calories" : 320,
    "amount" : 1.0,
    "unit" : {
      "id" : 201,
      "name" : "meal",
      "plural" : "meals"
    },
    "mealTypeId" : 1
  },
  "nutritionalValues" : {
    "calories" : 320,
    "fat" : 3.8,
    "fiber" : 2.3,
    "carbs" : 42.6,
    "sodium" : 429.2,
    "protein" : 30.3
  },
  "logDate" : "2013-05-10",
  "favorite" : false
},{
  "logId" : 218665077,
  "loggedFood" : {
    "foodId" : 0,
    "name" : "Garbage Trail Mix",
    "brand" : "Lose It!",
    "accessLevel" : "PRIVATE",
    "units" : [201],
    "calories" : 211,
    "amount" : 1.0,
    "unit" : {
      "id" : 201,
      "name" : "meal",
      "plural" : "meals"
    },
    "mealTypeId" : 7
  },
  "nutritionalValues" : {
    "calories" : 211,
    "fat" : 12.1,
    "fiber" : 4.0,
    "carbs" : 22.6,
    "sodium" : 84.2,
    "protein" : 4.3
  },
  "logDate" : "2013-05-09",
  "favorite" : false
},{
  "logId" : 218521430,
  "loggedFood" : {
    "foodId" : 0,
    "name" : "Protein Shake, Milk",
    "brand" : "Lose It!",
    "accessLevel" : "PRIVATE",
    "units" : [201],
    "calories" : 180,
    "amount" : 1.0,
    "unit" : {
      "id" : 201,
      "name" : "meal",
      "plural" : "meals"
    },
    "mealTypeId" : 1
  },
  "nutritionalValues" : {
    "calories" : 180,
    "fat" : 3.8,
    "fiber" : 2.3,
    "carbs" : 6.6,
    "sodium" : 419.2,
    "protein" : 30.3
  },
  "logDate" : "2013-05-09",
  "favorite" : false
},{
  "logId" : 217984094,
  "loggedFood" : {
    "foodId" : 0,
    "name" : "Beer, Beer, Beer",
    "brand" : "Lose It!",
    "accessLevel" : "PRIVATE",
    "units" : [201],
    "calories" : 459,
    "amount" : 1.0,
    "unit" : {
      "id" : 201,
      "name" : "meal",
      "plural" : "meals"
    },
    "mealTypeId" : 7
  },
  "nutritionalValues" : {
    "calories" : 459,
    "fat" : 0.0,
    "fiber" : 0.0,
    "carbs" : 37.9,
    "sodium" : 42.7,
    "protein" : 4.9
  },
  "logDate" : "2013-05-08",
  "favorite" : false
},{
  "logId" : 217530325,
  "loggedFood" : {
    "foodId" : 0,
    "name" : "Muscle Milk Drink, Milk",
    "brand" : "Lose It!",
    "accessLevel" : "PRIVATE",
    "units" : [201],
    "calories" : 170,
    "amount" : 1.0,
    "unit" : {
      "id" : 201,
      "name" : "meal",
      "plural" : "meals"
    },
    "mealTypeId" : 1
  },
  "nutritionalValues" : {
    "calories" : 170,
    "fat" : 4.8,
    "fiber" : 2.3,
    "carbs" : 10.6,
    "sodium" : 369.2,
    "protein" : 20.3
  },
  "logDate" : "2013-05-08",
  "favorite" : false
},{
  "logId" : 216578784,
  "loggedFood" : {
    "foodId" : 0,
    "name" : "Garbage Trail Mix",
    "brand" : "Lose It!",
    "accessLevel" : "PRIVATE",
    "units" : [201],
    "calories" : 158,
    "amount" : 1.0,
    "unit" : {
      "id" : 201,
      "name" : "meal",
      "plural" : "meals"
    },
    "mealTypeId" : 7
  },
  "nutritionalValues" : {
    "calories" : 158,
    "fat" : 9.1,
    "fiber" : 3.0,
    "carbs" : 16.9,
    "sodium" : 63.2,
    "protein" : 3.2
  },
  "logDate" : "2013-05-07",
  "favorite" : false
},{
  "logId" : 216435085,
  "loggedFood" : {
    "foodId" : 0,
    "name" : "Muscle Milk Drink, Milk, Coffee",
    "brand" : "Lose It!",
    "accessLevel" : "PRIVATE",
    "units" : [201],
    "calories" : 174,
    "amount" : 1.0,
    "unit" : {
      "id" : 201,
      "name" : "meal",
      "plural" : "meals"
    },
    "mealTypeId" : 1
  },
  "nutritionalValues" : {
    "calories" : 174,
    "fat" : 4.9,
    "fiber" : 2.3,
    "carbs" : 10.6,
    "sodium" : 376.9,
    "protein" : 20.8
  },
  "logDate" : "2013-05-07",
  "favorite" : false
},{
  "logId" : 215764662,
  "loggedFood" : {
    "foodId" : 0,
    "name" : "Apple, Garbage Trail Mix, Cheese, Garbage Trail Mix, Milk",
    "brand" : "Lose It!",
    "accessLevel" : "PRIVATE",
    "units" : [201],
    "calories" : 543,
    "amount" : 1.0,
    "unit" : {
      "id" : 201,
      "name" : "meal",
      "plural" : "meals"
    },
    "mealTypeId" : 7
  },
  "nutritionalValues" : {
    "calories" : 543,
    "fat" : 24.9,
    "fiber" : 11.7,
    "carbs" : 68.3,
    "sodium" : 378.5,
    "protein" : 14.4
  },
  "logDate" : "2013-05-06",
  "favorite" : false
},{
  "logId" : 215488274,
  "loggedFood" : {
    "foodId" : 0,
    "name" : "Muscle Milk Drink, Milk",
    "brand" : "Lose It!",
    "accessLevel" : "PRIVATE",
    "units" : [201],
    "calories" : 170,
    "amount" : 1.0,
    "unit" : {
      "id" : 201,
      "name" : "meal",
      "plural" : "meals"
    },
    "mealTypeId" : 1
  },
  "nutritionalValues" : {
    "calories" : 170,
    "fat" : 4.8,
    "fiber" : 2.3,
    "carbs" : 10.6,
    "sodium" : 369.2,
    "protein" : 20.3
  },
  "logDate" : "2013-05-06",
  "favorite" : false
},{
  "logId" : 214599040,
  "loggedFood" : {
    "foodId" : 0,
    "name" : "Nuts, Pear, Cheese, Garbage Trail Mix",
    "brand" : "Lose It!",
    "accessLevel" : "PRIVATE",
    "units" : [201],
    "calories" : 339,
    "amount" : 1.0,
    "unit" : {
      "id" : 201,
      "name" : "meal",
      "plural" : "meals"
    },
    "mealTypeId" : 7
  },
  "nutritionalValues" : {
    "calories" : 339,
    "fat" : 21.0,
    "fiber" : 6.6,
    "carbs" : 30.5,
    "sodium" : 197.8,
    "protein" : 10.5
  },
  "logDate" : "2013-05-05",
  "favorite" : false
},{
  "logId" : 214620211,
  "loggedFood" : {
    "foodId" : 0,
    "name" : "No Summary",
    "brand" : "Lose It!",
    "accessLevel" : "PRIVATE",
    "units" : [201],
    "calories" : 0,
    "amount" : 1.0,
    "unit" : {
      "id" : 201,
      "name" : "meal",
      "plural" : "meals"
    },
    "mealTypeId" : 5
  },
  "nutritionalValues" : {
    "calories" : 0,
    "fat" : 0.0,
    "fiber" : 0.0,
    "carbs" : 0.0,
    "sodium" : 0.0,
    "protein" : 0.0
  },
  "logDate" : "2013-05-05",
  "favorite" : false
},{
  "logId" : 214620210,
  "loggedFood" : {
    "foodId" : 0,
    "name" : "Cereal, Yogurt, Milk",
    "brand" : "Lose It!",
    "accessLevel" : "PRIVATE",
    "units" : [201],
    "calories" : 380,
    "amount" : 1.0,
    "unit" : {
      "id" : 201,
      "name" : "meal",
      "plural" : "meals"
    },
    "mealTypeId" : 3
  },
  "nutritionalValues" : {
    "calories" : 380,
    "fat" : 4.3,
    "fiber" : 8.3,
    "carbs" : 70.6,
    "sodium" : 254.2,
    "protein" : 17.3
  },
  "logDate" : "2013-05-05",
  "favorite" : false
},{
  "logId" : 214594857,
  "loggedFood" : {
    "foodId" : 0,
    "name" : "Muscle Milk Drink, Milk",
    "brand" : "Lose It!",
    "accessLevel" : "PRIVATE",
    "units" : [201],
    "calories" : 170,
    "amount" : 1.0,
    "unit" : {
      "id" : 201,
      "name" : "meal",
      "plural" : "meals"
    },
    "mealTypeId" : 1
  },
  "nutritionalValues" : {
    "calories" : 170,
    "fat" : 4.8,
    "fiber" : 2.3,
    "carbs" : 10.6,
    "sodium" : 369.2,
    "protein" : 20.3
  },
  "logDate" : "2013-05-05",
  "favorite" : false
},{
  "logId" : 212959651,
  "loggedFood" : {
    "foodId" : 0,
    "name" : "Muscle Milk Drink, Milk",
    "brand" : "Lose It!",
    "accessLevel" : "PRIVATE",
    "units" : [201],
    "calories" : 172,
    "amount" : 1.0,
    "unit" : {
      "id" : 201,
      "name" : "meal",
      "plural" : "meals"
    },
    "mealTypeId" : 1
  },
  "nutritionalValues" : {
    "calories" : 172,
    "fat" : 4.9,
    "fiber" : 2.4,
    "carbs" : 11.0,
    "sodium" : 375.5,
    "protein" : 20.4
  },
  "logDate" : "2013-05-03",
  "favorite" : false
},{
  "logId" : 212432991,
  "loggedFood" : {
    "foodId" : 0,
    "name" : "Beer",
    "brand" : "Lose It!",
    "accessLevel" : "PRIVATE",
    "units" : [201],
    "calories" : 153,
    "amount" : 1.0,
    "unit" : {
      "id" : 201,
      "name" : "meal",
      "plural" : "meals"
    },
    "mealTypeId" : 7
  },
  "nutritionalValues" : {
    "calories" : 153,
    "fat" : 0.0,
    "fiber" : 0.0,
    "carbs" : 12.6,
    "sodium" : 14.2,
    "protein" : 1.6
  },
  "logDate" : "2013-05-02",
  "favorite" : false
},{
  "logId" : 212205509,
  "loggedFood" : {
    "foodId" : 0,
    "name" : "Lettuce, Apple, Oranges, Fish, Chocolate",
    "brand" : "Lose It!",
    "accessLevel" : "PRIVATE",
    "units" : [201],
    "calories" : 631,
    "amount" : 1.0,
    "unit" : {
      "id" : 201,
      "name" : "meal",
      "plural" : "meals"
    },
    "mealTypeId" : 3
  },
  "nutritionalValues" : {
    "calories" : 631,
    "fat" : 23.2,
    "fiber" : 7.4,
    "carbs" : 58.9,
    "sodium" : 189.2,
    "protein" : 55.5
  },
  "logDate" : "2013-05-02",
  "favorite" : false
},{
  "logId" : 212027583,
  "loggedFood" : {
    "foodId" : 0,
    "name" : "Muscle Milk Drink, Milk",
    "brand" : "Lose It!",
    "accessLevel" : "PRIVATE",
    "units" : [201],
    "calories" : 170,
    "amount" : 1.0,
    "unit" : {
      "id" : 201,
      "name" : "meal",
      "plural" : "meals"
    },
    "mealTypeId" : 1
  },
  "nutritionalValues" : {
    "calories" : 170,
    "fat" : 4.8,
    "fiber" : 2.3,
    "carbs" : 10.6,
    "sodium" : 369.2,
    "protein" : 20.3
  },
  "logDate" : "2013-05-02",
  "favorite" : false
},{
  "logId" : 211318587,
  "loggedFood" : {
    "foodId" : 0,
    "name" : "Fruit, Dried Mandarin, English Vintage Cheddar, Marcona Almonds With Ros...",
    "brand" : "Lose It!",
    "accessLevel" : "PRIVATE",
    "units" : [201],
    "calories" : 347,
    "amount" : 1.0,
    "unit" : {
      "id" : 201,
      "name" : "meal",
      "plural" : "meals"
    },
    "mealTypeId" : 7
  },
  "nutritionalValues" : {
    "calories" : 347,
    "fat" : 21.1,
    "fiber" : 2.5,
    "carbs" : 33.2,
    "sodium" : 283.0,
    "protein" : 10.2
  },
  "logDate" : "2013-05-01",
  "favorite" : false
},{
  "logId" : 211242412,
  "loggedFood" : {
    "foodId" : 0,
    "name" : "Cereal, Milk",
    "brand" : "Lose It!",
    "accessLevel" : "PRIVATE",
    "units" : [201],
    "calories" : 430,
    "amount" : 1.0,
    "unit" : {
      "id" : 201,
      "name" : "meal",
      "plural" : "meals"
    },
    "mealTypeId" : 3
  },
  "nutritionalValues" : {
    "calories" : 430,
    "fat" : 8.2,
    "fiber" : 14.5,
    "carbs" : 87.9,
    "sodium" : 323.9,
    "protein" : 10.5
  },
  "logDate" : "2013-05-01",
  "favorite" : false
},{
  "logId" : 210961922,
  "loggedFood" : {
    "foodId" : 0,
    "name" : "Milk, Muscle Milk Drink",
    "brand" : "Lose It!",
    "accessLevel" : "PRIVATE",
    "units" : [201],
    "calories" : 170,
    "amount" : 1.0,
    "unit" : {
      "id" : 201,
      "name" : "meal",
      "plural" : "meals"
    },
    "mealTypeId" : 1
  },
  "nutritionalValues" : {
    "calories" : 170,
    "fat" : 4.8,
    "fiber" : 2.3,
    "carbs" : 10.6,
    "sodium" : 369.2,
    "protein" : 20.3
  },
  "logDate" : "2013-05-01",
  "favorite" : false
},{
  "logId" : 208963341,
  "loggedFood" : {
    "foodId" : 0,
    "name" : "Garbage Trail Mix",
    "brand" : "Lose It!",
    "accessLevel" : "PRIVATE",
    "units" : [201],
    "calories" : 211,
    "amount" : 1.0,
    "unit" : {
      "id" : 201,
      "name" : "meal",
      "plural" : "meals"
    },
    "mealTypeId" : 7
  },
  "nutritionalValues" : {
    "calories" : 211,
    "fat" : 12.1,
    "fiber" : 4.0,
    "carbs" : 22.6,
    "sodium" : 84.2,
    "protein" : 4.3
  },
  "logDate" : "2013-04-29",
  "favorite" : false
},{
  "logId" : 209371340,
  "loggedFood" : {
    "foodId" : 0,
    "name" : "Dressing, Pickles, Spicy Chik'n, Mild Cheddar Cheese",
    "brand" : "Lose It!",
    "accessLevel" : "PRIVATE",
    "units" : [201],
    "calories" : 448,
    "amount" : 1.0,
    "unit" : {
      "id" : 201,
      "name" : "meal",
      "plural" : "meals"
    },
    "mealTypeId" : 5
  },
  "nutritionalValues" : {
    "calories" : 448,
    "fat" : 25.0,
    "fiber" : 4.0,
    "carbs" : 32.4,
    "sodium" : 1269.9,
    "protein" : 27.0
  },
  "logDate" : "2013-04-29",
  "favorite" : false
},{
  "logId" : 209377336,
  "loggedFood" : {
    "foodId" : 0,
    "name" : "Frozen Mango, Sweetener, Chia Seeds, Almond Butter HT Smooth, Banana",
    "brand" : "Lose It!",
    "accessLevel" : "PRIVATE",
    "units" : [201],
    "calories" : 356,
    "amount" : 1.0,
    "unit" : {
      "id" : 201,
      "name" : "meal",
      "plural" : "meals"
    },
    "mealTypeId" : 3
  },
  "nutritionalValues" : {
    "calories" : 356,
    "fat" : 17.7,
    "fiber" : 7.5,
    "carbs" : 22.8,
    "sodium" : 0.6,
    "protein" : 6.6
  },
  "logDate" : "2013-04-29",
  "favorite" : false
},{
  "logId" : 208964992,
  "loggedFood" : {
    "foodId" : 0,
    "name" : "Muscle Milk Drink, Milk",
    "brand" : "Lose It!",
    "accessLevel" : "PRIVATE",
    "units" : [201],
    "calories" : 170,
    "amount" : 1.0,
    "unit" : {
      "id" : 201,
      "name" : "meal",
      "plural" : "meals"
    },
    "mealTypeId" : 1
  },
  "nutritionalValues" : {
    "calories" : 170,
    "fat" : 4.8,
    "fiber" : 2.3,
    "carbs" : 10.6,
    "sodium" : 369.2,
    "protein" : 20.3
  },
  "logDate" : "2013-04-29",
  "favorite" : false
},{
  "logId" : 204381524,
  "loggedFood" : {
    "foodId" : 0,
    "name" : "Muscle Milk Drink, Milk",
    "brand" : "Lose It!",
    "accessLevel" : "PRIVATE",
    "units" : [201],
    "calories" : 170,
    "amount" : 1.0,
    "unit" : {
      "id" : 201,
      "name" : "meal",
      "plural" : "meals"
    },
    "mealTypeId" : 1
  },
  "nutritionalValues" : {
    "calories" : 170,
    "fat" : 4.8,
    "fiber" : 2.3,
    "carbs" : 10.6,
    "sodium" : 369.2,
    "protein" : 20.3
  },
  "logDate" : "2013-04-24",
  "favorite" : false
},{
  "logId" : 203859374,
  "loggedFood" : {
    "foodId" : 0,
    "name" : "Biscuit",
    "brand" : "Lose It!",
    "accessLevel" : "PRIVATE",
    "units" : [201],
    "calories" : 256,
    "amount" : 1.0,
    "unit" : {
      "id" : 201,
      "name" : "meal",
      "plural" : "meals"
    },
    "mealTypeId" : 7
  },
  "nutritionalValues" : {
    "calories" : 256,
    "fat" : 11.6,
    "fiber" : 0.9,
    "carbs" : 34.0,
    "sodium" : 736.4,
    "protein" : 4.3
  },
  "logDate" : "2013-04-23",
  "favorite" : false
},{
  "logId" : 204190344,
  "loggedFood" : {
    "foodId" : 0,
    "name" : "Cherries, Mango, Almond Butter",
    "brand" : "Lose It!",
    "accessLevel" : "PRIVATE",
    "units" : [201],
    "calories" : 600,
    "amount" : 1.0,
    "unit" : {
      "id" : 201,
      "name" : "meal",
      "plural" : "meals"
    },
    "mealTypeId" : 5
  },
  "nutritionalValues" : {
    "calories" : 600,
    "fat" : 38.3,
    "fiber" : 5.9,
    "carbs" : 54.1,
    "sodium" : 288.0,
    "protein" : 22.7
  },
  "logDate" : "2013-04-23",
  "favorite" : false
},{
  "logId" : 204180907,
  "loggedFood" : {
    "foodId" : 0,
    "name" : "Grapes, Garbage Trail Mix, Nuts, English Vintage Cheddar, Pizza",
    "brand" : "Lose It!",
    "accessLevel" : "PRIVATE",
    "units" : [201],
    "calories" : 922,
    "amount" : 1.0,
    "unit" : {
      "id" : 201,
      "name" : "meal",
      "plural" : "meals"
    },
    "mealTypeId" : 3
  },
  "nutritionalValues" : {
    "calories" : 922,
    "fat" : 56.2,
    "fiber" : 9.3,
    "carbs" : 72.5,
    "sodium" : 1136.7,
    "protein" : 37.4
  },
  "logDate" : "2013-04-23",
  "favorite" : false
},{
  "logId" : 204187020,
  "loggedFood" : {
    "foodId" : 0,
    "name" : "Muscle Milk Drink, Nuts",
    "brand" : "Lose It!",
    "accessLevel" : "PRIVATE",
    "units" : [201],
    "calories" : 233,
    "amount" : 1.0,
    "unit" : {
      "id" : 201,
      "name" : "meal",
      "plural" : "meals"
    },
    "mealTypeId" : 1
  },
  "nutritionalValues" : {
    "calories" : 233,
    "fat" : 11.1,
    "fiber" : 3.8,
    "carbs" : 11.1,
    "sodium" : 320.1,
    "protein" : 23.1
  },
  "logDate" : "2013-04-23",
  "favorite" : false
},{
  "logId" : 202300728,
  "loggedFood" : {
    "foodId" : 0,
    "name" : "Muscle Milk Drink, Milk",
    "brand" : "Lose It!",
    "accessLevel" : "PRIVATE",
    "units" : [201],
    "calories" : 170,
    "amount" : 1.0,
    "unit" : {
      "id" : 201,
      "name" : "meal",
      "plural" : "meals"
    },
    "mealTypeId" : 1
  },
  "nutritionalValues" : {
    "calories" : 170,
    "fat" : 4.8,
    "fiber" : 2.3,
    "carbs" : 10.6,
    "sodium" : 369.2,
    "protein" : 20.3
  },
  "logDate" : "2013-04-22",
  "favorite" : false
},{
  "logId" : 201629740,
  "loggedFood" : {
    "foodId" : 0,
    "name" : "Cheese, Dried Mandarin, Nuts",
    "brand" : "Lose It!",
    "accessLevel" : "PRIVATE",
    "units" : [201],
    "calories" : 229,
    "amount" : 1.0,
    "unit" : {
      "id" : 201,
      "name" : "meal",
      "plural" : "meals"
    },
    "mealTypeId" : 3
  },
  "nutritionalValues" : {
    "calories" : 229,
    "fat" : 8.4,
    "fiber" : 2.5,
    "carbs" : 29.6,
    "sodium" : 215.1,
    "protein" : 8.5
  },
  "logDate" : "2013-04-21",
  "favorite" : false
},{
  "logId" : 201622147,
  "loggedFood" : {
    "foodId" : 0,
    "name" : "Muscle Milk Drink",
    "brand" : "Lose It!",
    "accessLevel" : "PRIVATE",
    "units" : [201],
    "calories" : 150,
    "amount" : 1.0,
    "unit" : {
      "id" : 201,
      "name" : "meal",
      "plural" : "meals"
    },
    "mealTypeId" : 1
  },
  "nutritionalValues" : {
    "calories" : 150,
    "fat" : 4.0,
    "fiber" : 2.0,
    "carbs" : 8.0,
    "sodium" : 320.0,
    "protein" : 20.0
  },
  "logDate" : "2013-04-21",
  "favorite" : false
},{
  "logId" : 200013090,
  "loggedFood" : {
    "foodId" : 0,
    "name" : "Muscle Milk Drink, Milk",
    "brand" : "Lose It!",
    "accessLevel" : "PRIVATE",
    "units" : [201],
    "calories" : 170,
    "amount" : 1.0,
    "unit" : {
      "id" : 201,
      "name" : "meal",
      "plural" : "meals"
    },
    "mealTypeId" : 1
  },
  "nutritionalValues" : {
    "calories" : 170,
    "fat" : 4.8,
    "fiber" : 2.3,
    "carbs" : 10.6,
    "sodium" : 369.2,
    "protein" : 20.3
  },
  "logDate" : "2013-04-19",
  "favorite" : false
},{
  "logId" : 199083566,
  "loggedFood" : {
    "foodId" : 0,
    "name" : "Muscle Milk Drink",
    "brand" : "Lose It!",
    "accessLevel" : "PRIVATE",
    "units" : [201],
    "calories" : 150,
    "amount" : 1.0,
    "unit" : {
      "id" : 201,
      "name" : "meal",
      "plural" : "meals"
    },
    "mealTypeId" : 1
  },
  "nutritionalValues" : {
    "calories" : 150,
    "fat" : 4.0,
    "fiber" : 2.0,
    "carbs" : 8.0,
    "sodium" : 320.0,
    "protein" : 20.0
  },
  "logDate" : "2013-04-18",
  "favorite" : false
},{
  "logId" : 198150059,
  "loggedFood" : {
    "foodId" : 0,
    "name" : "Muscle Milk Drink, Milk",
    "brand" : "Lose It!",
    "accessLevel" : "PRIVATE",
    "units" : [201],
    "calories" : 170,
    "amount" : 1.0,
    "unit" : {
      "id" : 201,
      "name" : "meal",
      "plural" : "meals"
    },
    "mealTypeId" : 1
  },
  "nutritionalValues" : {
    "calories" : 170,
    "fat" : 4.8,
    "fiber" : 2.3,
    "carbs" : 10.6,
    "sodium" : 369.2,
    "protein" : 20.3
  },
  "logDate" : "2013-04-17",
  "favorite" : false
},{
  "logId" : 196935282,
  "loggedFood" : {
    "foodId" : 0,
    "name" : "Bagel, Cream Cheese",
    "brand" : "Lose It!",
    "accessLevel" : "PRIVATE",
    "units" : [201],
    "calories" : 340,
    "amount" : 1.0,
    "unit" : {
      "id" : 201,
      "name" : "meal",
      "plural" : "meals"
    },
    "mealTypeId" : 1
  },
  "nutritionalValues" : {
    "calories" : 340,
    "fat" : 8.0,
    "fiber" : 2.0,
    "carbs" : 58.0,
    "sodium" : 560.0,
    "protein" : 11.0
  },
  "logDate" : "2013-04-16",
  "favorite" : false
},{
  "logId" : 196215214,
  "loggedFood" : {
    "foodId" : 0,
    "name" : "Cereal, Milk",
    "brand" : "Lose It!",
    "accessLevel" : "PRIVATE",
    "units" : [201],
    "calories" : 460,
    "amount" : 1.0,
    "unit" : {
      "id" : 201,
      "name" : "meal",
      "plural" : "meals"
    },
    "mealTypeId" : 3
  },
  "nutritionalValues" : {
    "calories" : 460,
    "fat" : 9.5,
    "fiber" : 15.0,
    "carbs" : 91.9,
    "sodium" : 397.9,
    "protein" : 11.0
  },
  "logDate" : "2013-04-15",
  "favorite" : false
},{
  "logId" : 195863273,
  "loggedFood" : {
    "foodId" : 0,
    "name" : "Muscle Milk Drink",
    "brand" : "Lose It!",
    "accessLevel" : "PRIVATE",
    "units" : [201],
    "calories" : 150,
    "amount" : 1.0,
    "unit" : {
      "id" : 201,
      "name" : "meal",
      "plural" : "meals"
    },
    "mealTypeId" : 1
  },
  "nutritionalValues" : {
    "calories" : 150,
    "fat" : 4.0,
    "fiber" : 2.0,
    "carbs" : 8.0,
    "sodium" : 320.0,
    "protein" : 20.0
  },
  "logDate" : "2013-04-15",
  "favorite" : false
},{
  "logId" : 195072400,
  "loggedFood" : {
    "foodId" : 0,
    "name" : "Muscle Milk Drink",
    "brand" : "Lose It!",
    "accessLevel" : "PRIVATE",
    "units" : [201],
    "calories" : 150,
    "amount" : 1.0,
    "unit" : {
      "id" : 201,
      "name" : "meal",
      "plural" : "meals"
    },
    "mealTypeId" : 1
  },
  "nutritionalValues" : {
    "calories" : 150,
    "fat" : 4.0,
    "fiber" : 2.0,
    "carbs" : 8.0,
    "sodium" : 320.0,
    "protein" : 20.0
  },
  "logDate" : "2013-04-14",
  "favorite" : false
},{
  "logId" : 193454744,
  "loggedFood" : {
    "foodId" : 0,
    "name" : "Fat Free Milk, Whey Protein",
    "brand" : "Lose It!",
    "accessLevel" : "PRIVATE",
    "units" : [201],
    "calories" : 220,
    "amount" : 1.0,
    "unit" : {
      "id" : 201,
      "name" : "meal",
      "plural" : "meals"
    },
    "mealTypeId" : 1
  },
  "nutritionalValues" : {
    "calories" : 220,
    "fat" : 2.5,
    "fiber" : 0.0,
    "carbs" : 15.0,
    "sodium" : 245.0,
    "protein" : 36.0
  },
  "logDate" : "2013-04-12",
  "favorite" : false
},{
  "logId" : 191445666,
  "loggedFood" : {
    "foodId" : 0,
    "name" : "Whey Protein, Coffee",
    "brand" : "Lose It!",
    "accessLevel" : "PRIVATE",
    "units" : [201],
    "calories" : 145,
    "amount" : 1.0,
    "unit" : {
      "id" : 201,
      "name" : "meal",
      "plural" : "meals"
    },
    "mealTypeId" : 1
  },
  "nutritionalValues" : {
    "calories" : 145,
    "fat" : 2.6,
    "fiber" : 0.0,
    "carbs" : 3.0,
    "sodium" : 124.5,
    "protein" : 27.6
  },
  "logDate" : "2013-04-10",
  "favorite" : false
},{
  "logId" : 187142891,
  "loggedFood" : {
    "foodId" : 0,
    "name" : "Garbage Trail Mix",
    "brand" : "Lose It!",
    "accessLevel" : "PRIVATE",
    "units" : [201],
    "calories" : 211,
    "amount" : 1.0,
    "unit" : {
      "id" : 201,
      "name" : "meal",
      "plural" : "meals"
    },
    "mealTypeId" : 7
  },
  "nutritionalValues" : {
    "calories" : 211,
    "fat" : 12.1,
    "fiber" : 4.0,
    "carbs" : 22.6,
    "sodium" : 84.2,
    "protein" : 4.3
  },
  "logDate" : "2013-04-05",
  "favorite" : false
},{
  "logId" : 187003493,
  "loggedFood" : {
    "foodId" : 0,
    "name" : "Clean Mango Smoothie",
    "brand" : "Lose It!",
    "accessLevel" : "PRIVATE",
    "units" : [201],
    "calories" : 380,
    "amount" : 1.0,
    "unit" : {
      "id" : 201,
      "name" : "meal",
      "plural" : "meals"
    },
    "mealTypeId" : 1
  },
  "nutritionalValues" : {
    "calories" : 380,
    "fat" : 10.0,
    "fiber" : 0.5,
    "carbs" : 32.2,
    "sodium" : 60.0,
    "protein" : 2.0
  },
  "logDate" : "2013-04-05",
  "favorite" : false
},{
  "logId" : 179211248,
  "loggedFood" : {
    "foodId" : 0,
    "name" : "Clean Energizer Smoothie, Almond Milk",
    "brand" : "Lose It!",
    "accessLevel" : "PRIVATE",
    "units" : [201],
    "calories" : 523,
    "amount" : 1.0,
    "unit" : {
      "id" : 201,
      "name" : "meal",
      "plural" : "meals"
    },
    "mealTypeId" : 1
  },
  "nutritionalValues" : {
    "calories" : 523,
    "fat" : 38.4,
    "fiber" : 4.6,
    "carbs" : 40.2,
    "sodium" : 325.5,
    "protein" : 9.9
  },
  "logDate" : "2013-03-27",
  "favorite" : false
},{
  "logId" : 176388944,
  "loggedFood" : {
    "foodId" : 0,
    "name" : "Clean Energizer Smoothie, Seeds",
    "brand" : "Lose It!",
    "accessLevel" : "PRIVATE",
    "units" : [201],
    "calories" : 553,
    "amount" : 1.0,
    "unit" : {
      "id" : 201,
      "name" : "meal",
      "plural" : "meals"
    },
    "mealTypeId" : 1
  },
  "nutritionalValues" : {
    "calories" : 553,
    "fat" : 40.8,
    "fiber" : 6.3,
    "carbs" : 42.3,
    "sodium" : 290.1,
    "protein" : 10.9
  },
  "logDate" : "2013-03-24",
  "favorite" : false
},{
  "logId" : 173881364,
  "loggedFood" : {
    "foodId" : 0,
    "name" : "Clean Blueberry Cacao Smoothie",
    "brand" : "Lose It!",
    "accessLevel" : "PRIVATE",
    "units" : [201],
    "calories" : 288,
    "amount" : 1.0,
    "unit" : {
      "id" : 201,
      "name" : "meal",
      "plural" : "meals"
    },
    "mealTypeId" : 1
  },
  "nutritionalValues" : {
    "calories" : 288,
    "fat" : 4.9,
    "fiber" : 7.3,
    "carbs" : 49.1,
    "sodium" : 295.7,
    "protein" : 3.3
  },
  "logDate" : "2013-03-21",
  "favorite" : false
}]