[{
  "logId" : 1991754,
  "loggedFood" : {
    "foodId" : 82553,
    "locale" : "en_US",
    "name" : "Cherries",
    "brand" : "",
    "accessLevel" : "PUBLIC",
    "units" : [304,54,91,256,279],
    "calories" : 34,
    "amount" : 8.0,
    "unit" : {
      "id" : 54,
      "name" : "cherry",
      "plural" : "cherries"
    },
    "mealTypeId" : 1
  },
  "logDate" : "2010-04-28",
  "favorite" : true
},{
  "logId" : 1991755,
  "loggedFood" : {
    "foodId" : 33783,
    "locale" : "en_US",
    "name" : "Goji Berries, Raw",
    "brand" : "Dole",
    "accessLevel" : "PUBLIC",
    "units" : [226,180,147,389],
    "calories" : 194,
    "amount" : 50.0,
    "unit" : {
      "id" : 147,
      "name" : "gram",
      "plural" : "grams"
    },
    "mealTypeId" : 1,
    "creatorEncodedId" : "228TQ7"
  },
  "logDate" : "2010-04-28",
  "favorite" : false
},{
  "logId" : 1992276,
  "loggedFood" : {
    "foodId" : 26720,
    "locale" : "en_US",
    "name" : "Chia Seed, Dried",
    "brand" : "",
    "accessLevel" : "PUBLIC",
    "units" : [226,180,147,389],
    "calories" : 49,
    "amount" : 10.0,
    "unit" : {
      "id" : 147,
      "name" : "gram",
      "plural" : "grams"
    },
    "mealTypeId" : 1
  },
  "logDate" : "2010-04-28",
  "favorite" : true
},{
  "logId" : 1992277,
  "loggedFood" : {
    "foodId" : 81401,
    "locale" : "en_US",
    "name" : "Pineapple",
    "brand" : "",
    "accessLevel" : "PUBLIC",
    "units" : [311,91,256,279,226,180,147,389],
    "calories" : 22,
    "amount" : 50.0,
    "unit" : {
      "id" : 147,
      "name" : "gram",
      "plural" : "grams"
    },
    "mealTypeId" : 1
  },
  "logDate" : "2010-04-28",
  "favorite" : false
},{
  "logId" : 1409227,
  "loggedFood" : {
    "foodId" : 111784,
    "name" : "Trader Joe's Organic Apple Strawberry 100% Natural Dried Fruit Wrap",
    "brand" : "Trader Joe's",
    "accessLevel" : "PRIVATE",
    "units" : [304],
    "calories" : 50,
    "amount" : 1.0,
    "unit" : {
      "id" : 304,
      "name" : "serving",
      "plural" : "servings"
    },
    "mealTypeId" : 4,
    "creatorEncodedId" : "229TGZ"
  },
  "logDate" : "2010-02-26",
  "favorite" : true
},{
  "logId" : 1408474,
  "loggedFood" : {
    "foodId" : 81438,
    "locale" : "en_US",
    "name" : "Sourdough Loaf",
    "brand" : "",
    "accessLevel" : "PUBLIC",
    "units" : [191,226,180,147,389],
    "calories" : 91,
    "amount" : 40.0,
    "unit" : {
      "id" : 147,
      "name" : "gram",
      "plural" : "grams"
    },
    "mealTypeId" : 3
  },
  "logDate" : "2010-02-26",
  "favorite" : true
},{
  "logId" : 1408483,
  "loggedFood" : {
    "foodId" : 31561,
    "locale" : "en_US",
    "name" : "Dutchmark Smoked Gouda Deli",
    "brand" : "Wegmans",
    "accessLevel" : "PUBLIC",
    "units" : [226,180,147,389],
    "calories" : 50,
    "amount" : 0.5,
    "unit" : {
      "id" : 226,
      "name" : "oz",
      "plural" : "oz"
    },
    "mealTypeId" : 3,
    "creatorEncodedId" : "228TQ7"
  },
  "logDate" : "2010-02-26",
  "favorite" : false
},{
  "logId" : 1408484,
  "loggedFood" : {
    "foodId" : 81013,
    "locale" : "en_US",
    "name" : "Lettuce",
    "brand" : "",
    "accessLevel" : "PUBLIC",
    "units" : [304,181,91,256,279],
    "calories" : 3,
    "amount" : 0.5,
    "unit" : {
      "id" : 91,
      "name" : "cup",
      "plural" : "cups"
    },
    "mealTypeId" : 3
  },
  "logDate" : "2010-02-26",
  "favorite" : false
},{
  "logId" : 1408485,
  "loggedFood" : {
    "foodId" : 82320,
    "locale" : "en_US",
    "name" : "Cucumber",
    "brand" : "",
    "accessLevel" : "PUBLIC",
    "units" : [311,204,226,180,147,389],
    "calories" : 5,
    "amount" : 7.0,
    "unit" : {
      "id" : 311,
      "name" : "slice",
      "plural" : "slices"
    },
    "mealTypeId" : 3
  },
  "logDate" : "2010-02-26",
  "favorite" : false
},{
  "logId" : 1408486,
  "loggedFood" : {
    "foodId" : 14161,
    "locale" : "en_US",
    "name" : "Grey poupon - mustard - deli",
    "brand" : "Grey Poupon",
    "accessLevel" : "PUBLIC",
    "units" : [226,180,147,389],
    "calories" : 5,
    "amount" : 1.0,
    "unit" : {
      "id" : 364,
      "name" : "tsp",
      "plural" : "tsp"
    },
    "mealTypeId" : 3
  },
  "logDate" : "2010-02-26",
  "favorite" : false
},{
  "logId" : 1408487,
  "loggedFood" : {
    "foodId" : 81555,
    "locale" : "en_US",
    "name" : "Apple Cider",
    "brand" : "",
    "accessLevel" : "PUBLIC",
    "units" : [209,189,128,364,349,91,256,279,401],
    "calories" : 62,
    "amount" : 4.0,
    "unit" : {
      "id" : 128,
      "name" : "fl oz",
      "plural" : "fl oz"
    },
    "mealTypeId" : 3
  },
  "logDate" : "2010-02-26",
  "favorite" : true
},{
  "logId" : 1408488,
  "loggedFood" : {
    "foodId" : 82129,
    "locale" : "en_US",
    "name" : "Mango",
    "brand" : "",
    "accessLevel" : "PUBLIC",
    "units" : [139,251,304,91,256,279,226,180,147,389],
    "calories" : 31,
    "amount" : 50.0,
    "unit" : {
      "id" : 147,
      "name" : "gram",
      "plural" : "grams"
    },
    "mealTypeId" : 3
  },
  "logDate" : "2010-02-26",
  "favorite" : false
},{
  "logId" : 1408489,
  "loggedFood" : {
    "foodId" : 81401,
    "locale" : "en_US",
    "name" : "Pineapple",
    "brand" : "",
    "accessLevel" : "PUBLIC",
    "units" : [311,91,256,279,226,180,147,389],
    "calories" : 22,
    "amount" : 50.0,
    "unit" : {
      "id" : 147,
      "name" : "gram",
      "plural" : "grams"
    },
    "mealTypeId" : 3
  },
  "logDate" : "2010-02-26",
  "favorite" : false
},{
  "logId" : 1408490,
  "loggedFood" : {
    "foodId" : 21738,
    "locale" : "en_US",
    "name" : "Blueberries, Frozen, Bag",
    "brand" : "Cascadian Farm",
    "accessLevel" : "PUBLIC",
    "units" : [91,256,279,226,180,147,389],
    "calories" : 9,
    "amount" : 17.0,
    "unit" : {
      "id" : 147,
      "name" : "gram",
      "plural" : "grams"
    },
    "mealTypeId" : 3
  },
  "logDate" : "2010-02-26",
  "favorite" : false
},{
  "logId" : 1408492,
  "loggedFood" : {
    "foodId" : 28994,
    "locale" : "en_US",
    "name" : "Red Raspberries, Frozen, Bag",
    "brand" : "Cascadian Farm",
    "accessLevel" : "PUBLIC",
    "units" : [91,256,279,226,180,147,389],
    "calories" : 9,
    "amount" : 17.0,
    "unit" : {
      "id" : 147,
      "name" : "gram",
      "plural" : "grams"
    },
    "mealTypeId" : 3
  },
  "logDate" : "2010-02-26",
  "favorite" : false
},{
  "logId" : 1408495,
  "loggedFood" : {
    "foodId" : 9166,
    "locale" : "en_US",
    "name" : "Marion Blackberries, Frozen",
    "brand" : "Flav-R-Pac",
    "accessLevel" : "PUBLIC",
    "units" : [91,256,279,226,180,147,389],
    "calories" : 10,
    "amount" : 16.0,
    "unit" : {
      "id" : 147,
      "name" : "gram",
      "plural" : "grams"
    },
    "mealTypeId" : 3
  },
  "logDate" : "2010-02-26",
  "favorite" : false
},{
  "logId" : 1408498,
  "loggedFood" : {
    "foodId" : 67430,
    "locale" : "en_US",
    "name" : "Banana",
    "brand" : "Chiquita",
    "accessLevel" : "PUBLIC",
    "units" : [304,16],
    "calories" : 37,
    "amount" : 0.33,
    "unit" : {
      "id" : 16,
      "name" : "banana",
      "plural" : "bananas"
    },
    "mealTypeId" : 3
  },
  "logDate" : "2010-02-26",
  "favorite" : false
},{
  "logId" : 1408475,
  "loggedFood" : {
    "foodId" : 81993,
    "locale" : "en_US",
    "name" : "Skim Milk",
    "brand" : "",
    "accessLevel" : "PUBLIC",
    "units" : [304,209,189,128,364,349,91,256,279,401],
    "calories" : 44,
    "amount" : 0.5,
    "unit" : {
      "id" : 91,
      "name" : "cup",
      "plural" : "cups"
    },
    "mealTypeId" : 1
  },
  "logDate" : "2010-02-26",
  "favorite" : true
},{
  "logId" : 1408478,
  "loggedFood" : {
    "foodId" : 35488,
    "locale" : "en_US",
    "name" : "Multigrain Cheerios Cereal",
    "brand" : "General Mills",
    "accessLevel" : "PUBLIC",
    "units" : [91,256,279,226,180,147,389],
    "calories" : 110,
    "amount" : 29.0,
    "unit" : {
      "id" : 147,
      "name" : "gram",
      "plural" : "grams"
    },
    "mealTypeId" : 1,
    "creatorEncodedId" : "228TQ7"
  },
  "logDate" : "2010-02-26",
  "favorite" : true
},{
  "logId" : 1408481,
  "loggedFood" : {
    "foodId" : 81361,
    "locale" : "en_US",
    "name" : "Snickerdoodle Cookie",
    "brand" : "",
    "accessLevel" : "PUBLIC",
    "units" : [304,226,180,147,389],
    "calories" : 400,
    "amount" : 1.0,
    "unit" : {
      "id" : 304,
      "name" : "serving",
      "plural" : "servings"
    },
    "mealTypeId" : 1
  },
  "logDate" : "2010-02-26",
  "favorite" : false
},{
  "logId" : 1408482,
  "loggedFood" : {
    "foodId" : 26185,
    "locale" : "en_US",
    "name" : "Chocolate Chip Cookie, Cp",
    "brand" : "",
    "accessLevel" : "PUBLIC",
    "units" : [70,226,180,147,389],
    "calories" : 68,
    "amount" : 1.0,
    "unit" : {
      "id" : 70,
      "name" : "cookie",
      "plural" : "cookies"
    },
    "mealTypeId" : 1
  },
  "logDate" : "2010-02-26",
  "favorite" : false
},{
  "logId" : 1393617,
  "loggedFood" : {
    "foodId" : 15410,
    "locale" : "en_US",
    "name" : "Special K Red Berry",
    "brand" : "Kellogg's",
    "accessLevel" : "PUBLIC",
    "units" : [91,256,279,226,180,147,389],
    "calories" : 103,
    "amount" : 28.0,
    "unit" : {
      "id" : 147,
      "name" : "gram",
      "plural" : "grams"
    },
    "mealTypeId" : 1
  },
  "logDate" : "2010-02-25",
  "favorite" : true
},{
  "logId" : 1393618,
  "loggedFood" : {
    "foodId" : 81993,
    "locale" : "en_US",
    "name" : "Skim Milk",
    "brand" : "",
    "accessLevel" : "PUBLIC",
    "units" : [304,209,189,128,364,349,91,256,279,401],
    "calories" : 44,
    "amount" : 0.5,
    "unit" : {
      "id" : 91,
      "name" : "cup",
      "plural" : "cups"
    },
    "mealTypeId" : 1
  },
  "logDate" : "2010-02-25",
  "favorite" : true
},{
  "logId" : 1393620,
  "loggedFood" : {
    "foodId" : 83019,
    "locale" : "en_US",
    "name" : "Cheese Pizza, Thin Crust",
    "brand" : "",
    "accessLevel" : "PUBLIC",
    "units" : [311,249,259,226,180,147,389],
    "calories" : 396,
    "amount" : 2.0,
    "unit" : {
      "id" : 311,
      "name" : "slice",
      "plural" : "slices"
    },
    "mealTypeId" : 1
  },
  "logDate" : "2010-02-25",
  "favorite" : false
},{
  "logId" : 1393621,
  "loggedFood" : {
    "foodId" : 111784,
    "name" : "Trader Joe's Organic Apple Strawberry 100% Natural Dried Fruit Wrap",
    "brand" : "Trader Joe's",
    "accessLevel" : "PRIVATE",
    "units" : [304],
    "calories" : 50,
    "amount" : 1.0,
    "unit" : {
      "id" : 304,
      "name" : "serving",
      "plural" : "servings"
    },
    "mealTypeId" : 1,
    "creatorEncodedId" : "229TGZ"
  },
  "logDate" : "2010-02-25",
  "favorite" : true
},{
  "logId" : 1380500,
  "loggedFood" : {
    "foodId" : 26553,
    "locale" : "en_US",
    "name" : "Banana, Raw",
    "brand" : "",
    "accessLevel" : "PUBLIC",
    "units" : [121,120,304,319,204,179,91,256,279,226,180,147,389],
    "calories" : 40,
    "amount" : 0.33,
    "unit" : {
      "id" : 179,
      "name" : "large",
      "plural" : "larges"
    },
    "mealTypeId" : 2
  },
  "logDate" : "2010-02-24",
  "favorite" : true
},{
  "logId" : 1380501,
  "loggedFood" : {
    "foodId" : 81555,
    "locale" : "en_US",
    "name" : "Apple Cider",
    "brand" : "",
    "accessLevel" : "PUBLIC",
    "units" : [209,189,128,364,349,91,256,279,401],
    "calories" : 59,
    "amount" : 0.5,
    "unit" : {
      "id" : 91,
      "name" : "cup",
      "plural" : "cups"
    },
    "mealTypeId" : 2
  },
  "logDate" : "2010-02-24",
  "favorite" : true
},{
  "logId" : 1380502,
  "loggedFood" : {
    "foodId" : 21738,
    "locale" : "en_US",
    "name" : "Blueberries, Frozen, Bag",
    "brand" : "Cascadian Farm",
    "accessLevel" : "PUBLIC",
    "units" : [91,256,279,226,180,147,389],
    "calories" : 25,
    "amount" : 50.0,
    "unit" : {
      "id" : 147,
      "name" : "gram",
      "plural" : "grams"
    },
    "mealTypeId" : 2
  },
  "logDate" : "2010-02-24",
  "favorite" : false
},{
  "logId" : 1380503,
  "loggedFood" : {
    "foodId" : 13858,
    "locale" : "en_US",
    "name" : "Blackberries, Frozen, Bag",
    "brand" : "Cascadian Farm",
    "accessLevel" : "PUBLIC",
    "units" : [91,256,279,226,180,147,389],
    "calories" : 29,
    "amount" : 50.0,
    "unit" : {
      "id" : 147,
      "name" : "gram",
      "plural" : "grams"
    },
    "mealTypeId" : 2
  },
  "logDate" : "2010-02-24",
  "favorite" : false
},{
  "logId" : 1380504,
  "loggedFood" : {
    "foodId" : 28994,
    "locale" : "en_US",
    "name" : "Red Raspberries, Frozen, Bag",
    "brand" : "Cascadian Farm",
    "accessLevel" : "PUBLIC",
    "units" : [91,256,279,226,180,147,389],
    "calories" : 25,
    "amount" : 50.0,
    "unit" : {
      "id" : 147,
      "name" : "gram",
      "plural" : "grams"
    },
    "mealTypeId" : 2
  },
  "logDate" : "2010-02-24",
  "favorite" : false
},{
  "logId" : 1379885,
  "loggedFood" : {
    "foodId" : 81993,
    "locale" : "en_US",
    "name" : "Skim Milk",
    "brand" : "",
    "accessLevel" : "PUBLIC",
    "units" : [304,209,189,128,364,349,91,256,279,401],
    "calories" : 44,
    "amount" : 0.5,
    "unit" : {
      "id" : 91,
      "name" : "cup",
      "plural" : "cups"
    },
    "mealTypeId" : 1
  },
  "logDate" : "2010-02-24",
  "favorite" : true
},{
  "logId" : 1379886,
  "loggedFood" : {
    "foodId" : 35488,
    "locale" : "en_US",
    "name" : "Multigrain Cheerios Cereal",
    "brand" : "General Mills",
    "accessLevel" : "PUBLIC",
    "units" : [91,256,279,226,180,147,389],
    "calories" : 110,
    "amount" : 29.0,
    "unit" : {
      "id" : 147,
      "name" : "gram",
      "plural" : "grams"
    },
    "mealTypeId" : 1,
    "creatorEncodedId" : "228TQ7"
  },
  "logDate" : "2010-02-24",
  "favorite" : true
},{
  "logId" : 1379888,
  "loggedFood" : {
    "foodId" : 110643,
    "name" : "Trader Joe's Raspberry Handmade 100% Dried Fruit Bar",
    "brand" : "Trader Joe's",
    "accessLevel" : "PRIVATE",
    "units" : [17],
    "calories" : 50,
    "amount" : 1.0,
    "unit" : {
      "id" : 17,
      "name" : "bar",
      "plural" : "bars"
    },
    "mealTypeId" : 1,
    "creatorEncodedId" : "229TGZ"
  },
  "logDate" : "2010-02-24",
  "favorite" : false
},{
  "logId" : 1372176,
  "loggedFood" : {
    "foodId" : 83035,
    "locale" : "en_US",
    "name" : "Tangerine",
    "brand" : "",
    "accessLevel" : "PUBLIC",
    "units" : [204,226,180,147,389],
    "calories" : 50,
    "amount" : 1.0,
    "unit" : {
      "id" : 204,
      "name" : "medium",
      "plural" : "mediums"
    },
    "mealTypeId" : 4
  },
  "logDate" : "2010-02-23",
  "favorite" : false
},{
  "logId" : 1368663,
  "loggedFood" : {
    "foodId" : 81401,
    "locale" : "en_US",
    "name" : "Pineapple",
    "brand" : "",
    "accessLevel" : "PUBLIC",
    "units" : [311,91,256,279,226,180,147,389],
    "calories" : 272,
    "amount" : 2.0,
    "unit" : {
      "id" : 91,
      "name" : "cup",
      "plural" : "cups"
    },
    "mealTypeId" : 3
  },
  "logDate" : "2010-02-23",
  "favorite" : false
},{
  "logId" : 1368169,
  "loggedFood" : {
    "foodId" : 82320,
    "locale" : "en_US",
    "name" : "Cucumber",
    "brand" : "",
    "accessLevel" : "PUBLIC",
    "units" : [311,204,226,180,147,389],
    "calories" : 3,
    "amount" : 5.0,
    "unit" : {
      "id" : 311,
      "name" : "slice",
      "plural" : "slices"
    },
    "mealTypeId" : 3
  },
  "logDate" : "2010-02-23",
  "favorite" : false
},{
  "logId" : 1368170,
  "loggedFood" : {
    "foodId" : 81438,
    "locale" : "en_US",
    "name" : "Sourdough Loaf",
    "brand" : "",
    "accessLevel" : "PUBLIC",
    "units" : [191,226,180,147,389],
    "calories" : 178,
    "amount" : 78.0,
    "unit" : {
      "id" : 147,
      "name" : "gram",
      "plural" : "grams"
    },
    "mealTypeId" : 3
  },
  "logDate" : "2010-02-23",
  "favorite" : true
},{
  "logId" : 1368171,
  "loggedFood" : {
    "foodId" : 81013,
    "locale" : "en_US",
    "name" : "Lettuce",
    "brand" : "",
    "accessLevel" : "PUBLIC",
    "units" : [304,181,91,256,279],
    "calories" : 3,
    "amount" : 0.5,
    "unit" : {
      "id" : 91,
      "name" : "cup",
      "plural" : "cups"
    },
    "mealTypeId" : 3
  },
  "logDate" : "2010-02-23",
  "favorite" : false
},{
  "logId" : 1368744,
  "loggedFood" : {
    "foodId" : 14161,
    "locale" : "en_US",
    "name" : "Grey poupon - mustard - deli",
    "brand" : "Grey Poupon",
    "accessLevel" : "PUBLIC",
    "units" : [226,180,147,389],
    "calories" : 5,
    "amount" : 1.0,
    "unit" : {
      "id" : 364,
      "name" : "tsp",
      "plural" : "tsp"
    },
    "mealTypeId" : 3
  },
  "logDate" : "2010-02-23",
  "favorite" : false
},{
  "logId" : 1368745,
  "loggedFood" : {
    "foodId" : 28038,
    "locale" : "en_US",
    "name" : "Swiss Cheese, Lowfat",
    "brand" : "",
    "accessLevel" : "PUBLIC",
    "units" : [89,91,256,279,226,180,147,389],
    "calories" : 23,
    "amount" : 0.5,
    "unit" : {
      "id" : 226,
      "name" : "oz",
      "plural" : "oz"
    },
    "mealTypeId" : 3
  },
  "logDate" : "2010-02-23",
  "favorite" : false
},{
  "logId" : 1368746,
  "loggedFood" : {
    "foodId" : 22953,
    "locale" : "en_US",
    "name" : "Mozzarella Cheese, Nonfat",
    "brand" : "Polly-O",
    "accessLevel" : "PUBLIC",
    "units" : [226,180,147,389],
    "calories" : 35,
    "amount" : 1.0,
    "unit" : {
      "id" : 226,
      "name" : "oz",
      "plural" : "oz"
    },
    "mealTypeId" : 3
  },
  "logDate" : "2010-02-23",
  "favorite" : false
},{
  "logId" : 1365924,
  "loggedFood" : {
    "foodId" : 26553,
    "locale" : "en_US",
    "name" : "Banana, Raw",
    "brand" : "",
    "accessLevel" : "PUBLIC",
    "units" : [121,120,304,319,204,179,91,256,279,226,180,147,389],
    "calories" : 40,
    "amount" : 0.33,
    "unit" : {
      "id" : 179,
      "name" : "large",
      "plural" : "larges"
    },
    "mealTypeId" : 2
  },
  "logDate" : "2010-02-23",
  "favorite" : true
},{
  "logId" : 1365925,
  "loggedFood" : {
    "foodId" : 26720,
    "locale" : "en_US",
    "name" : "Chia Seed, Dried",
    "brand" : "",
    "accessLevel" : "PUBLIC",
    "units" : [226,180,147,389],
    "calories" : 49,
    "amount" : 10.0,
    "unit" : {
      "id" : 147,
      "name" : "gram",
      "plural" : "grams"
    },
    "mealTypeId" : 2
  },
  "logDate" : "2010-02-23",
  "favorite" : true
},{
  "logId" : 1365926,
  "loggedFood" : {
    "foodId" : 81555,
    "locale" : "en_US",
    "name" : "Apple Cider",
    "brand" : "",
    "accessLevel" : "PUBLIC",
    "units" : [209,189,128,364,349,91,256,279,401],
    "calories" : 62,
    "amount" : 4.0,
    "unit" : {
      "id" : 128,
      "name" : "fl oz",
      "plural" : "fl oz"
    },
    "mealTypeId" : 2
  },
  "logDate" : "2010-02-23",
  "favorite" : true
},{
  "logId" : 1365927,
  "loggedFood" : {
    "foodId" : 82129,
    "locale" : "en_US",
    "name" : "Mango",
    "brand" : "",
    "accessLevel" : "PUBLIC",
    "units" : [139,251,304,91,256,279,226,180,147,389],
    "calories" : 37,
    "amount" : 60.0,
    "unit" : {
      "id" : 147,
      "name" : "gram",
      "plural" : "grams"
    },
    "mealTypeId" : 2
  },
  "logDate" : "2010-02-23",
  "favorite" : false
},{
  "logId" : 1365928,
  "loggedFood" : {
    "foodId" : 29790,
    "locale" : "en_US",
    "name" : "Strawberries, Frozen, Bag",
    "brand" : "Cascadian Farm",
    "accessLevel" : "PUBLIC",
    "units" : [91,256,279,226,180,147,389],
    "calories" : 19,
    "amount" : 60.0,
    "unit" : {
      "id" : 147,
      "name" : "gram",
      "plural" : "grams"
    },
    "mealTypeId" : 2
  },
  "logDate" : "2010-02-23",
  "favorite" : false
},{
  "logId" : 1365929,
  "loggedFood" : {
    "foodId" : 111784,
    "name" : "Trader Joe's Organic Apple Strawberry 100% Natural Dried Fruit Wrap",
    "brand" : "Trader Joe's",
    "accessLevel" : "PRIVATE",
    "units" : [304],
    "calories" : 50,
    "amount" : 1.0,
    "unit" : {
      "id" : 304,
      "name" : "serving",
      "plural" : "servings"
    },
    "mealTypeId" : 2,
    "creatorEncodedId" : "229TGZ"
  },
  "logDate" : "2010-02-23",
  "favorite" : true
},{
  "logId" : 1364163,
  "loggedFood" : {
    "foodId" : 35488,
    "locale" : "en_US",
    "name" : "Multigrain Cheerios Cereal",
    "brand" : "General Mills",
    "accessLevel" : "PUBLIC",
    "units" : [91,256,279,226,180,147,389],
    "calories" : 110,
    "amount" : 1.0,
    "unit" : {
      "id" : 91,
      "name" : "cup",
      "plural" : "cups"
    },
    "mealTypeId" : 1,
    "creatorEncodedId" : "228TQ7"
  },
  "logDate" : "2010-02-23",
  "favorite" : true
},{
  "logId" : 1364164,
  "loggedFood" : {
    "foodId" : 81993,
    "locale" : "en_US",
    "name" : "Skim Milk",
    "brand" : "",
    "accessLevel" : "PUBLIC",
    "units" : [304,209,189,128,364,349,91,256,279,401],
    "calories" : 44,
    "amount" : 0.5,
    "unit" : {
      "id" : 91,
      "name" : "cup",
      "plural" : "cups"
    },
    "mealTypeId" : 1
  },
  "logDate" : "2010-02-23",
  "favorite" : true
},{
  "logId" : 1356197,
  "loggedFood" : {
    "foodId" : 67430,
    "locale" : "en_US",
    "name" : "Banana",
    "brand" : "Chiquita",
    "accessLevel" : "PUBLIC",
    "units" : [304,16],
    "calories" : 37,
    "amount" : 0.33,
    "unit" : {
      "id" : 16,
      "name" : "banana",
      "plural" : "bananas"
    },
    "mealTypeId" : 4
  },
  "logDate" : "2010-02-22",
  "favorite" : false
},{
  "logId" : 1356198,
  "loggedFood" : {
    "foodId" : 16351,
    "locale" : "en_US",
    "name" : "Blueberry, Raw",
    "brand" : "",
    "accessLevel" : "PUBLIC",
    "units" : [20,91,256,279,226,180,147,389],
    "calories" : 56,
    "amount" : 100.0,
    "unit" : {
      "id" : 147,
      "name" : "gram",
      "plural" : "grams"
    },
    "mealTypeId" : 4
  },
  "logDate" : "2010-02-22",
  "favorite" : false
},{
  "logId" : 1356199,
  "loggedFood" : {
    "foodId" : 10041,
    "locale" : "en_US",
    "name" : "Mango, Raw",
    "brand" : "",
    "accessLevel" : "PUBLIC",
    "units" : [139,91,256,279,226,180,147,389],
    "calories" : 32,
    "amount" : 50.0,
    "unit" : {
      "id" : 147,
      "name" : "gram",
      "plural" : "grams"
    },
    "mealTypeId" : 4
  },
  "logDate" : "2010-02-22",
  "favorite" : false
},{
  "logId" : 1356200,
  "loggedFood" : {
    "foodId" : 26720,
    "locale" : "en_US",
    "name" : "Chia Seed, Dried",
    "brand" : "",
    "accessLevel" : "PUBLIC",
    "units" : [226,180,147,389],
    "calories" : 49,
    "amount" : 10.0,
    "unit" : {
      "id" : 147,
      "name" : "gram",
      "plural" : "grams"
    },
    "mealTypeId" : 4
  },
  "logDate" : "2010-02-22",
  "favorite" : true
},{
  "logId" : 1356201,
  "loggedFood" : {
    "foodId" : 113685,
    "name" : "Vruit Very Berry Blend",
    "brand" : "Vruit",
    "accessLevel" : "PRIVATE",
    "units" : [226,180,147,389],
    "calories" : 52,
    "amount" : 4.0,
    "unit" : {
      "id" : 226,
      "name" : "oz",
      "plural" : "oz"
    },
    "mealTypeId" : 4,
    "creatorEncodedId" : "229TGZ"
  },
  "logDate" : "2010-02-22",
  "favorite" : false
},{
  "logId" : 1356635,
  "loggedFood" : {
    "foodId" : 81875,
    "locale" : "en_US",
    "name" : "Grapes",
    "brand" : "",
    "accessLevel" : "PUBLIC",
    "units" : [304,91,256,279,226,180,147,389],
    "calories" : 67,
    "amount" : 1.0,
    "unit" : {
      "id" : 91,
      "name" : "cup",
      "plural" : "cups"
    },
    "mealTypeId" : 3
  },
  "logDate" : "2010-02-22",
  "favorite" : false
},{
  "logId" : 1353959,
  "loggedFood" : {
    "foodId" : 81438,
    "locale" : "en_US",
    "name" : "Sourdough Loaf",
    "brand" : "",
    "accessLevel" : "PUBLIC",
    "units" : [191,226,180,147,389],
    "calories" : 137,
    "amount" : 60.0,
    "unit" : {
      "id" : 147,
      "name" : "gram",
      "plural" : "grams"
    },
    "mealTypeId" : 3
  },
  "logDate" : "2010-02-22",
  "favorite" : true
},{
  "logId" : 1353960,
  "loggedFood" : {
    "foodId" : 27229,
    "locale" : "en_US",
    "name" : "Cucumber, Raw",
    "brand" : "",
    "accessLevel" : "PUBLIC",
    "units" : [226,180,147,389],
    "calories" : 3,
    "amount" : 1.0,
    "unit" : {
      "id" : 226,
      "name" : "oz",
      "plural" : "oz"
    },
    "mealTypeId" : 3
  },
  "logDate" : "2010-02-22",
  "favorite" : false
},{
  "logId" : 1353961,
  "loggedFood" : {
    "foodId" : 81013,
    "locale" : "en_US",
    "name" : "Lettuce",
    "brand" : "",
    "accessLevel" : "PUBLIC",
    "units" : [304,181,91,256,279],
    "calories" : 3,
    "amount" : 0.5,
    "unit" : {
      "id" : 91,
      "name" : "cup",
      "plural" : "cups"
    },
    "mealTypeId" : 3
  },
  "logDate" : "2010-02-22",
  "favorite" : false
},{
  "logId" : 1353962,
  "loggedFood" : {
    "foodId" : 14161,
    "locale" : "en_US",
    "name" : "Grey poupon - mustard - deli",
    "brand" : "Grey Poupon",
    "accessLevel" : "PUBLIC",
    "units" : [226,180,147,389],
    "calories" : 5,
    "amount" : 1.0,
    "unit" : {
      "id" : 364,
      "name" : "tsp",
      "plural" : "tsp"
    },
    "mealTypeId" : 3
  },
  "logDate" : "2010-02-22",
  "favorite" : false
},{
  "logId" : 1353963,
  "loggedFood" : {
    "foodId" : 27536,
    "locale" : "en_US",
    "name" : "Swiss Cheese",
    "brand" : "",
    "accessLevel" : "PUBLIC",
    "units" : [89,91,256,279,226,180,147,389],
    "calories" : 54,
    "amount" : 0.5,
    "unit" : {
      "id" : 226,
      "name" : "oz",
      "plural" : "oz"
    },
    "mealTypeId" : 3
  },
  "logDate" : "2010-02-22",
  "favorite" : false
},{
  "logId" : 1352001,
  "loggedFood" : {
    "foodId" : 34952,
    "locale" : "en_US",
    "name" : "Nutri-Grain Cereal Bar, Cherry",
    "brand" : "Kellogg's",
    "accessLevel" : "PUBLIC",
    "units" : [17,226,180,147,389],
    "calories" : 130,
    "amount" : 1.0,
    "unit" : {
      "id" : 17,
      "name" : "bar",
      "plural" : "bars"
    },
    "mealTypeId" : 1,
    "creatorEncodedId" : "228TQ7"
  },
  "logDate" : "2010-02-22",
  "favorite" : false
},{
  "logId" : 1351281,
  "loggedFood" : {
    "foodId" : 35488,
    "locale" : "en_US",
    "name" : "Multigrain Cheerios Cereal",
    "brand" : "General Mills",
    "accessLevel" : "PUBLIC",
    "units" : [91,256,279,226,180,147,389],
    "calories" : 110,
    "amount" : 29.0,
    "unit" : {
      "id" : 147,
      "name" : "gram",
      "plural" : "grams"
    },
    "mealTypeId" : 1,
    "creatorEncodedId" : "228TQ7"
  },
  "logDate" : "2010-02-22",
  "favorite" : true
},{
  "logId" : 1351282,
  "loggedFood" : {
    "foodId" : 81993,
    "locale" : "en_US",
    "name" : "Skim Milk",
    "brand" : "",
    "accessLevel" : "PUBLIC",
    "units" : [304,209,189,128,364,349,91,256,279,401],
    "calories" : 44,
    "amount" : 0.5,
    "unit" : {
      "id" : 91,
      "name" : "cup",
      "plural" : "cups"
    },
    "mealTypeId" : 1
  },
  "logDate" : "2010-02-22",
  "favorite" : true
},{
  "logId" : 1319196,
  "loggedFood" : {
    "foodId" : 35488,
    "locale" : "en_US",
    "name" : "Multigrain Cheerios Cereal",
    "brand" : "General Mills",
    "accessLevel" : "PUBLIC",
    "units" : [91,256,279,226,180,147,389],
    "calories" : 110,
    "amount" : 1.0,
    "unit" : {
      "id" : 91,
      "name" : "cup",
      "plural" : "cups"
    },
    "mealTypeId" : 1,
    "creatorEncodedId" : "228TQ7"
  },
  "logDate" : "2010-02-19",
  "favorite" : true
},{
  "logId" : 1319198,
  "loggedFood" : {
    "foodId" : 81993,
    "locale" : "en_US",
    "name" : "Skim Milk",
    "brand" : "",
    "accessLevel" : "PUBLIC",
    "units" : [304,209,189,128,364,349,91,256,279,401],
    "calories" : 44,
    "amount" : 0.5,
    "unit" : {
      "id" : 91,
      "name" : "cup",
      "plural" : "cups"
    },
    "mealTypeId" : 1
  },
  "logDate" : "2010-02-19",
  "favorite" : true
},{
  "logId" : 1309201,
  "loggedFood" : {
    "foodId" : 81438,
    "locale" : "en_US",
    "name" : "Sourdough Loaf",
    "brand" : "",
    "accessLevel" : "PUBLIC",
    "units" : [191,226,180,147,389],
    "calories" : 146,
    "amount" : 64.0,
    "unit" : {
      "id" : 147,
      "name" : "gram",
      "plural" : "grams"
    },
    "mealTypeId" : 3
  },
  "logDate" : "2010-02-18",
  "favorite" : true
},{
  "logId" : 1309202,
  "loggedFood" : {
    "foodId" : 81013,
    "locale" : "en_US",
    "name" : "Lettuce",
    "brand" : "",
    "accessLevel" : "PUBLIC",
    "units" : [304,181,91,256,279],
    "calories" : 3,
    "amount" : 0.5,
    "unit" : {
      "id" : 91,
      "name" : "cup",
      "plural" : "cups"
    },
    "mealTypeId" : 3
  },
  "logDate" : "2010-02-18",
  "favorite" : false
},{
  "logId" : 1309203,
  "loggedFood" : {
    "foodId" : 27229,
    "locale" : "en_US",
    "name" : "Cucumber, Raw",
    "brand" : "",
    "accessLevel" : "PUBLIC",
    "units" : [226,180,147,389],
    "calories" : 3,
    "amount" : 1.0,
    "unit" : {
      "id" : 226,
      "name" : "oz",
      "plural" : "oz"
    },
    "mealTypeId" : 3
  },
  "logDate" : "2010-02-18",
  "favorite" : false
},{
  "logId" : 1310088,
  "loggedFood" : {
    "foodId" : 6330,
    "locale" : "en_US",
    "name" : "Provolone Cheese, Slice, Reduced Fat",
    "brand" : "Sargento",
    "accessLevel" : "PUBLIC",
    "units" : [311,226,180,147,389],
    "calories" : 50,
    "amount" : 1.0,
    "unit" : {
      "id" : 311,
      "name" : "slice",
      "plural" : "slices"
    },
    "mealTypeId" : 3
  },
  "logDate" : "2010-02-18",
  "favorite" : false
},{
  "logId" : 1310089,
  "loggedFood" : {
    "foodId" : 14161,
    "locale" : "en_US",
    "name" : "Grey poupon - mustard - deli",
    "brand" : "Grey Poupon",
    "accessLevel" : "PUBLIC",
    "units" : [226,180,147,389],
    "calories" : 5,
    "amount" : 1.0,
    "unit" : {
      "id" : 364,
      "name" : "tsp",
      "plural" : "tsp"
    },
    "mealTypeId" : 3
  },
  "logDate" : "2010-02-18",
  "favorite" : false
},{
  "logId" : 1310091,
  "loggedFood" : {
    "foodId" : 26553,
    "locale" : "en_US",
    "name" : "Banana, Raw",
    "brand" : "",
    "accessLevel" : "PUBLIC",
    "units" : [121,120,304,319,204,179,91,256,279,226,180,147,389],
    "calories" : 35,
    "amount" : 0.33,
    "unit" : {
      "id" : 204,
      "name" : "medium",
      "plural" : "mediums"
    },
    "mealTypeId" : 3
  },
  "logDate" : "2010-02-18",
  "favorite" : true
},{
  "logId" : 1310092,
  "loggedFood" : {
    "foodId" : 26720,
    "locale" : "en_US",
    "name" : "Chia Seed, Dried",
    "brand" : "",
    "accessLevel" : "PUBLIC",
    "units" : [226,180,147,389],
    "calories" : 49,
    "amount" : 10.0,
    "unit" : {
      "id" : 147,
      "name" : "gram",
      "plural" : "grams"
    },
    "mealTypeId" : 3
  },
  "logDate" : "2010-02-18",
  "favorite" : true
},{
  "logId" : 1310093,
  "loggedFood" : {
    "foodId" : 81555,
    "locale" : "en_US",
    "name" : "Apple Cider",
    "brand" : "",
    "accessLevel" : "PUBLIC",
    "units" : [209,189,128,364,349,91,256,279,401],
    "calories" : 62,
    "amount" : 4.0,
    "unit" : {
      "id" : 128,
      "name" : "fl oz",
      "plural" : "fl oz"
    },
    "mealTypeId" : 3
  },
  "logDate" : "2010-02-18",
  "favorite" : true
},{
  "logId" : 1310094,
  "loggedFood" : {
    "foodId" : 82713,
    "locale" : "en_US",
    "name" : "Raspberries",
    "brand" : "",
    "accessLevel" : "PUBLIC",
    "units" : [304,91,256,279,226,180,147,389],
    "calories" : 24,
    "amount" : 50.0,
    "unit" : {
      "id" : 147,
      "name" : "gram",
      "plural" : "grams"
    },
    "mealTypeId" : 3
  },
  "logDate" : "2010-02-18",
  "favorite" : false
},{
  "logId" : 1310095,
  "loggedFood" : {
    "foodId" : 9166,
    "locale" : "en_US",
    "name" : "Marion Blackberries, Frozen",
    "brand" : "Flav-R-Pac",
    "accessLevel" : "PUBLIC",
    "units" : [91,256,279,226,180,147,389],
    "calories" : 32,
    "amount" : 50.0,
    "unit" : {
      "id" : 147,
      "name" : "gram",
      "plural" : "grams"
    },
    "mealTypeId" : 3
  },
  "logDate" : "2010-02-18",
  "favorite" : false
},{
  "logId" : 1310096,
  "loggedFood" : {
    "foodId" : 82547,
    "locale" : "en_US",
    "name" : "Blueberries",
    "brand" : "",
    "accessLevel" : "PUBLIC",
    "units" : [304,20,91,256,279,226,180,147,389],
    "calories" : 28,
    "amount" : 50.0,
    "unit" : {
      "id" : 147,
      "name" : "gram",
      "plural" : "grams"
    },
    "mealTypeId" : 3
  },
  "logDate" : "2010-02-18",
  "favorite" : false
},{
  "logId" : 1307620,
  "loggedFood" : {
    "foodId" : 82638,
    "locale" : "en_US",
    "name" : "Grapefruit",
    "brand" : "",
    "accessLevel" : "PUBLIC",
    "units" : [319,179,204,251,91,256,279,226,180,147,389],
    "calories" : 102,
    "amount" : 1.0,
    "unit" : {
      "id" : 204,
      "name" : "medium",
      "plural" : "mediums"
    },
    "mealTypeId" : 2
  },
  "logDate" : "2010-02-18",
  "favorite" : false
},{
  "logId" : 1305866,
  "loggedFood" : {
    "foodId" : 35488,
    "locale" : "en_US",
    "name" : "Multigrain Cheerios Cereal",
    "brand" : "General Mills",
    "accessLevel" : "PUBLIC",
    "units" : [91,256,279,226,180,147,389],
    "calories" : 110,
    "amount" : 1.0,
    "unit" : {
      "id" : 91,
      "name" : "cup",
      "plural" : "cups"
    },
    "mealTypeId" : 1,
    "creatorEncodedId" : "228TQ7"
  },
  "logDate" : "2010-02-18",
  "favorite" : true
},{
  "logId" : 1305867,
  "loggedFood" : {
    "foodId" : 81993,
    "locale" : "en_US",
    "name" : "Skim Milk",
    "brand" : "",
    "accessLevel" : "PUBLIC",
    "units" : [304,209,189,128,364,349,91,256,279,401],
    "calories" : 42,
    "amount" : 4.0,
    "unit" : {
      "id" : 128,
      "name" : "fl oz",
      "plural" : "fl oz"
    },
    "mealTypeId" : 1
  },
  "logDate" : "2010-02-18",
  "favorite" : true
},{
  "logId" : 1305871,
  "loggedFood" : {
    "foodId" : 111784,
    "name" : "Trader Joe's Organic Apple Strawberry 100% Natural Dried Fruit Wrap",
    "brand" : "Trader Joe's",
    "accessLevel" : "PRIVATE",
    "units" : [304],
    "calories" : 50,
    "amount" : 1.0,
    "unit" : {
      "id" : 304,
      "name" : "serving",
      "plural" : "servings"
    },
    "mealTypeId" : 1,
    "creatorEncodedId" : "229TGZ"
  },
  "logDate" : "2010-02-18",
  "favorite" : true
},{
  "logId" : 1297353,
  "loggedFood" : {
    "foodId" : 19540,
    "locale" : "en_US",
    "name" : "Mozzarella Cheese",
    "brand" : "Polly-O",
    "accessLevel" : "PUBLIC",
    "units" : [226,180,147,389],
    "calories" : 70,
    "amount" : 1.0,
    "unit" : {
      "id" : 226,
      "name" : "oz",
      "plural" : "oz"
    },
    "mealTypeId" : 4
  },
  "logDate" : "2010-02-17",
  "favorite" : false
},{
  "logId" : 1295258,
  "loggedFood" : {
    "foodId" : 107904,
    "name" : "Muscle Milk Light Nutritional Shake Vanilla Creme",
    "brand" : "Muscle Milk",
    "accessLevel" : "PRIVATE",
    "units" : [304],
    "calories" : 100,
    "amount" : 1.0,
    "unit" : {
      "id" : 304,
      "name" : "serving",
      "plural" : "servings"
    },
    "mealTypeId" : 3,
    "creatorEncodedId" : "229TGZ"
  },
  "logDate" : "2010-02-17",
  "favorite" : false
},{
  "logId" : 1294243,
  "loggedFood" : {
    "foodId" : 81555,
    "locale" : "en_US",
    "name" : "Apple Cider",
    "brand" : "",
    "accessLevel" : "PUBLIC",
    "units" : [209,189,128,364,349,91,256,279,401],
    "calories" : 62,
    "amount" : 4.0,
    "unit" : {
      "id" : 128,
      "name" : "fl oz",
      "plural" : "fl oz"
    },
    "mealTypeId" : 2
  },
  "logDate" : "2010-02-17",
  "favorite" : true
},{
  "logId" : 1294244,
  "loggedFood" : {
    "foodId" : 26553,
    "locale" : "en_US",
    "name" : "Banana, Raw",
    "brand" : "",
    "accessLevel" : "PUBLIC",
    "units" : [121,120,304,319,204,179,91,256,279,226,180,147,389],
    "calories" : 52,
    "amount" : 0.5,
    "unit" : {
      "id" : 204,
      "name" : "medium",
      "plural" : "mediums"
    },
    "mealTypeId" : 2
  },
  "logDate" : "2010-02-17",
  "favorite" : true
},{
  "logId" : 1294245,
  "loggedFood" : {
    "foodId" : 26720,
    "locale" : "en_US",
    "name" : "Chia Seed, Dried",
    "brand" : "",
    "accessLevel" : "PUBLIC",
    "units" : [226,180,147,389],
    "calories" : 49,
    "amount" : 10.0,
    "unit" : {
      "id" : 147,
      "name" : "gram",
      "plural" : "grams"
    },
    "mealTypeId" : 2
  },
  "logDate" : "2010-02-17",
  "favorite" : true
},{
  "logId" : 1294246,
  "loggedFood" : {
    "foodId" : 9166,
    "locale" : "en_US",
    "name" : "Marion Blackberries, Frozen",
    "brand" : "Flav-R-Pac",
    "accessLevel" : "PUBLIC",
    "units" : [91,256,279,226,180,147,389],
    "calories" : 32,
    "amount" : 50.0,
    "unit" : {
      "id" : 147,
      "name" : "gram",
      "plural" : "grams"
    },
    "mealTypeId" : 2
  },
  "logDate" : "2010-02-17",
  "favorite" : false
},{
  "logId" : 1294247,
  "loggedFood" : {
    "foodId" : 82713,
    "locale" : "en_US",
    "name" : "Raspberries",
    "brand" : "",
    "accessLevel" : "PUBLIC",
    "units" : [304,91,256,279,226,180,147,389],
    "calories" : 24,
    "amount" : 50.0,
    "unit" : {
      "id" : 147,
      "name" : "gram",
      "plural" : "grams"
    },
    "mealTypeId" : 2
  },
  "logDate" : "2010-02-17",
  "favorite" : false
},{
  "logId" : 1294248,
  "loggedFood" : {
    "foodId" : 82547,
    "locale" : "en_US",
    "name" : "Blueberries",
    "brand" : "",
    "accessLevel" : "PUBLIC",
    "units" : [304,20,91,256,279,226,180,147,389],
    "calories" : 28,
    "amount" : 50.0,
    "unit" : {
      "id" : 147,
      "name" : "gram",
      "plural" : "grams"
    },
    "mealTypeId" : 2
  },
  "logDate" : "2010-02-17",
  "favorite" : false
},{
  "logId" : 1292756,
  "loggedFood" : {
    "foodId" : 107182,
    "name" : "Trader Joe's Organic Apple Raspberry 100% Natural Food Wrap",
    "brand" : "Trader Joe's",
    "accessLevel" : "PRIVATE",
    "units" : [304],
    "calories" : 50,
    "amount" : 1.0,
    "unit" : {
      "id" : 304,
      "name" : "serving",
      "plural" : "servings"
    },
    "mealTypeId" : 1,
    "creatorEncodedId" : "229TGZ"
  },
  "logDate" : "2010-02-17",
  "favorite" : false
},{
  "logId" : 1291989,
  "loggedFood" : {
    "foodId" : 81993,
    "locale" : "en_US",
    "name" : "Skim Milk",
    "brand" : "",
    "accessLevel" : "PUBLIC",
    "units" : [304,209,189,128,364,349,91,256,279,401],
    "calories" : 44,
    "amount" : 0.5,
    "unit" : {
      "id" : 91,
      "name" : "cup",
      "plural" : "cups"
    },
    "mealTypeId" : 1
  },
  "logDate" : "2010-02-17",
  "favorite" : true
},{
  "logId" : 1291990,
  "loggedFood" : {
    "foodId" : 35488,
    "locale" : "en_US",
    "name" : "Multigrain Cheerios Cereal",
    "brand" : "General Mills",
    "accessLevel" : "PUBLIC",
    "units" : [91,256,279,226,180,147,389],
    "calories" : 110,
    "amount" : 1.0,
    "unit" : {
      "id" : 91,
      "name" : "cup",
      "plural" : "cups"
    },
    "mealTypeId" : 1,
    "creatorEncodedId" : "228TQ7"
  },
  "logDate" : "2010-02-17",
  "favorite" : true
},{
  "logId" : 1288736,
  "loggedFood" : {
    "foodId" : 27648,
    "locale" : "en_US",
    "name" : "Craisins, Original",
    "brand" : "Ocean Spray",
    "accessLevel" : "PUBLIC",
    "units" : [91,256,279],
    "calories" : 12,
    "amount" : 0.03,
    "unit" : {
      "id" : 91,
      "name" : "cup",
      "plural" : "cups"
    },
    "mealTypeId" : 5
  },
  "logDate" : "2010-02-16",
  "favorite" : false
},{
  "logId" : 1288737,
  "loggedFood" : {
    "foodId" : 25037,
    "locale" : "en_US",
    "name" : "Almond, Raw",
    "brand" : "",
    "accessLevel" : "PUBLIC",
    "units" : [1,91,256,279,226,180,147,389],
    "calories" : 24,
    "amount" : 4.0,
    "unit" : {
      "id" : 1,
      "name" : "almond",
      "plural" : "almonds"
    },
    "mealTypeId" : 5
  },
  "logDate" : "2010-02-16",
  "favorite" : true
},{
  "logId" : 1288738,
  "loggedFood" : {
    "foodId" : 35525,
    "locale" : "en_US",
    "name" : "Salad Dressing, Blue Cheese, Light",
    "brand" : "Wish-Bone",
    "accessLevel" : "PUBLIC",
    "units" : [209,189,128,364,349,91,256,279,401],
    "calories" : 8,
    "amount" : 1.0,
    "unit" : {
      "id" : 364,
      "name" : "tsp",
      "plural" : "tsp"
    },
    "mealTypeId" : 5,
    "creatorEncodedId" : "228TQ2"
  },
  "logDate" : "2010-02-16",
  "favorite" : false
},{
  "logId" : 1288739,
  "loggedFood" : {
    "foodId" : 83019,
    "locale" : "en_US",
    "name" : "Cheese Pizza, Thin Crust",
    "brand" : "",
    "accessLevel" : "PUBLIC",
    "units" : [311,249,259,226,180,147,389],
    "calories" : 396,
    "amount" : 2.0,
    "unit" : {
      "id" : 311,
      "name" : "slice",
      "plural" : "slices"
    },
    "mealTypeId" : 5
  },
  "logDate" : "2010-02-16",
  "favorite" : false
},{
  "logId" : 1289112,
  "loggedFood" : {
    "foodId" : 83035,
    "locale" : "en_US",
    "name" : "Tangerine",
    "brand" : "",
    "accessLevel" : "PUBLIC",
    "units" : [204,226,180,147,389],
    "calories" : 50,
    "amount" : 1.0,
    "unit" : {
      "id" : 204,
      "name" : "medium",
      "plural" : "mediums"
    },
    "mealTypeId" : 5
  },
  "logDate" : "2010-02-16",
  "favorite" : false
},{
  "logId" : 1289126,
  "loggedFood" : {
    "foodId" : 83048,
    "locale" : "en_US",
    "name" : "Animal Crackers",
    "brand" : "",
    "accessLevel" : "PUBLIC",
    "units" : [29,226,180,147,389],
    "calories" : 125,
    "amount" : 1.0,
    "unit" : {
      "id" : 226,
      "name" : "oz",
      "plural" : "oz"
    },
    "mealTypeId" : 5
  },
  "logDate" : "2010-02-16",
  "favorite" : false
},{
  "logId" : 1288123,
  "loggedFood" : {
    "foodId" : 6328,
    "locale" : "en_US",
    "name" : "Olive Oil",
    "brand" : "",
    "accessLevel" : "PUBLIC",
    "units" : [349,364,91,256,279,226,180,147,389],
    "calories" : 40,
    "amount" : 1.0,
    "unit" : {
      "id" : 364,
      "name" : "tsp",
      "plural" : "tsp"
    },
    "mealTypeId" : 5
  },
  "logDate" : "2010-02-16",
  "favorite" : false
},{
  "logId" : 1288124,
  "loggedFood" : {
    "foodId" : 81483,
    "locale" : "en_US",
    "name" : "Brussels Sprouts",
    "brand" : "",
    "accessLevel" : "PUBLIC",
    "units" : [330,304,91,256,279,226,180,147,389],
    "calories" : 80,
    "amount" : 10.0,
    "unit" : {
      "id" : 330,
      "name" : "sprout",
      "plural" : "sprouts"
    },
    "mealTypeId" : 5
  },
  "logDate" : "2010-02-16",
  "favorite" : false
},{
  "logId" : 1288125,
  "loggedFood" : {
    "foodId" : 81013,
    "locale" : "en_US",
    "name" : "Lettuce",
    "brand" : "",
    "accessLevel" : "PUBLIC",
    "units" : [304,181,91,256,279],
    "calories" : 6,
    "amount" : 1.0,
    "unit" : {
      "id" : 91,
      "name" : "cup",
      "plural" : "cups"
    },
    "mealTypeId" : 5
  },
  "logDate" : "2010-02-16",
  "favorite" : false
}]