[{
  "logId" : 45342608,
  "loggedFood" : {
    "foodId" : 0,
    "name" : "Almond Butter, Agave, Peaches",
    "brand" : "Lose It!",
    "accessLevel" : "PRIVATE",
    "units" : [201],
    "calories" : 515,
    "amount" : 1.0,
    "unit" : {
      "id" : 201,
      "name" : "meal",
      "plural" : "meals"
    },
    "mealTypeId" : 1
  },
  "nutritionalValues" : {
    "calories" : 515,
    "fat" : 37.8,
    "fiber" : 4.4,
    "carbs" : 40.2,
    "sodium" : 288.0,
    "protein" : 9.7
  },
  "logDate" : "2012-05-17",
  "favorite" : false
},{
  "logId" : 45083653,
  "loggedFood" : {
    "foodId" : 0,
    "name" : "Coffee, Almond Dream Unsweetened Original, Almond Dream Unsweetened Orig...",
    "brand" : "Lose It!",
    "accessLevel" : "PRIVATE",
    "units" : [201],
    "calories" : 424,
    "amount" : 1.0,
    "unit" : {
      "id" : 201,
      "name" : "meal",
      "plural" : "meals"
    },
    "mealTypeId" : 1
  },
  "nutritionalValues" : {
    "calories" : 424,
    "fat" : 7.9,
    "fiber" : 12.9,
    "carbs" : 73.4,
    "sodium" : 306.1,
    "protein" : 5.1
  },
  "logDate" : "2012-05-16",
  "favorite" : false
},{
  "logId" : 44544763,
  "loggedFood" : {
    "foodId" : 0,
    "name" : "Frozen Mango, Pineapple Frozen, Milk, Almond Dream Unsweetened Original,...",
    "brand" : "Lose It!",
    "accessLevel" : "PRIVATE",
    "units" : [201],
    "calories" : 633,
    "amount" : 1.0,
    "unit" : {
      "id" : 201,
      "name" : "meal",
      "plural" : "meals"
    },
    "mealTypeId" : 1
  },
  "nutritionalValues" : {
    "calories" : 633,
    "fat" : 25.1,
    "fiber" : 2.2,
    "carbs" : 61.9,
    "sodium" : 803.8,
    "protein" : 5.2
  },
  "logDate" : "2012-05-14",
  "favorite" : false
},{
  "logId" : 43958513,
  "loggedFood" : {
    "foodId" : 0,
    "name" : "Almond Butter HT Smooth, Peaches, Agave, Almond Dream Unsweetened Origin...",
    "brand" : "Lose It!",
    "accessLevel" : "PRIVATE",
    "units" : [201],
    "calories" : 487,
    "amount" : 1.0,
    "unit" : {
      "id" : 201,
      "name" : "meal",
      "plural" : "meals"
    },
    "mealTypeId" : 1
  },
  "nutritionalValues" : {
    "calories" : 487,
    "fat" : 32.9,
    "fiber" : 11.2,
    "carbs" : 44.8,
    "sodium" : 33.8,
    "protein" : 11.7
  },
  "logDate" : "2012-05-11",
  "favorite" : false
},{
  "logId" : 43736339,
  "loggedFood" : {
    "foodId" : 0,
    "name" : "Agave, Almond Dream Unsweetened Original, Blueberries, Dagoba Cocoa",
    "brand" : "Lose It!",
    "accessLevel" : "PRIVATE",
    "units" : [201],
    "calories" : 423,
    "amount" : 1.0,
    "unit" : {
      "id" : 201,
      "name" : "meal",
      "plural" : "meals"
    },
    "mealTypeId" : 1
  },
  "nutritionalValues" : {
    "calories" : 423,
    "fat" : 7.9,
    "fiber" : 12.9,
    "carbs" : 73.4,
    "sodium" : 303.8,
    "protein" : 4.9
  },
  "logDate" : "2012-05-10",
  "favorite" : false
},{
  "logId" : 43487867,
  "loggedFood" : {
    "foodId" : 0,
    "name" : "Agave, Frozen Mango, Milk, Almond Dream Unsweetened Original, Pineapple ...",
    "brand" : "Lose It!",
    "accessLevel" : "PRIVATE",
    "units" : [201],
    "calories" : 323,
    "amount" : 1.0,
    "unit" : {
      "id" : 201,
      "name" : "meal",
      "plural" : "meals"
    },
    "mealTypeId" : 1
  },
  "nutritionalValues" : {
    "calories" : 323,
    "fat" : 9.9,
    "fiber" : 2.8,
    "carbs" : 22.9,
    "sodium" : 63.8,
    "protein" : 0.2
  },
  "logDate" : "2012-05-09",
  "favorite" : false
},{
  "logId" : 43208396,
  "loggedFood" : {
    "foodId" : 0,
    "name" : "Almond Butter HT Smooth, Almond Dream Unsweetened Original, Peaches, Aga...",
    "brand" : "Lose It!",
    "accessLevel" : "PRIVATE",
    "units" : [201],
    "calories" : 483,
    "amount" : 1.0,
    "unit" : {
      "id" : 201,
      "name" : "meal",
      "plural" : "meals"
    },
    "mealTypeId" : 1
  },
  "nutritionalValues" : {
    "calories" : 483,
    "fat" : 32.9,
    "fiber" : 10.2,
    "carbs" : 41.4,
    "sodium" : 33.8,
    "protein" : 10.2
  },
  "logDate" : "2012-05-08",
  "favorite" : false
},{
  "logId" : 42369138,
  "loggedFood" : {
    "foodId" : 0,
    "name" : "Milk, Almond Dream Unsweetened Original, Pineapple Frozen, Agave, Frozen...",
    "brand" : "Lose It!",
    "accessLevel" : "PRIVATE",
    "units" : [201],
    "calories" : 358,
    "amount" : 1.0,
    "unit" : {
      "id" : 201,
      "name" : "meal",
      "plural" : "meals"
    },
    "mealTypeId" : 1
  },
  "nutritionalValues" : {
    "calories" : 358,
    "fat" : 12.1,
    "fiber" : 5.8,
    "carbs" : 26.4,
    "sodium" : 63.8,
    "protein" : 1.8
  },
  "logDate" : "2012-05-04",
  "favorite" : false
},{
  "logId" : 42170984,
  "loggedFood" : {
    "foodId" : 0,
    "name" : "Nuts",
    "brand" : "Lose It!",
    "accessLevel" : "PRIVATE",
    "units" : [201],
    "calories" : 62,
    "amount" : 1.0,
    "unit" : {
      "id" : 201,
      "name" : "meal",
      "plural" : "meals"
    },
    "mealTypeId" : 3
  },
  "nutritionalValues" : {
    "calories" : 62,
    "fat" : 5.4,
    "fiber" : 1.2,
    "carbs" : 2.0,
    "sodium" : 34.9,
    "protein" : 2.3
  },
  "logDate" : "2012-05-03",
  "favorite" : false
},{
  "logId" : 41927296,
  "loggedFood" : {
    "foodId" : 0,
    "name" : "Dannon Light & Fit Nonfat Cup, Nuts, Dark Chocolate 72% cocoa",
    "brand" : "Lose It!",
    "accessLevel" : "PRIVATE",
    "units" : [201],
    "calories" : 339,
    "amount" : 1.0,
    "unit" : {
      "id" : 201,
      "name" : "meal",
      "plural" : "meals"
    },
    "mealTypeId" : 7
  },
  "nutritionalValues" : {
    "calories" : 339,
    "fat" : 21.9,
    "fiber" : 6.5,
    "carbs" : 36.6,
    "sodium" : 56.4,
    "protein" : 9.3
  },
  "logDate" : "2012-05-02",
  "favorite" : false
},{
  "logId" : 41879588,
  "loggedFood" : {
    "foodId" : 0,
    "name" : "Almond Butter, Almond Dream Unsweetened Original, Peaches, Agave",
    "brand" : "Lose It!",
    "accessLevel" : "PRIVATE",
    "units" : [201],
    "calories" : 532,
    "amount" : 1.0,
    "unit" : {
      "id" : 201,
      "name" : "meal",
      "plural" : "meals"
    },
    "mealTypeId" : 1
  },
  "nutritionalValues" : {
    "calories" : 532,
    "fat" : 38.7,
    "fiber" : 5.6,
    "carbs" : 44.4,
    "sodium" : 321.8,
    "protein" : 11.4
  },
  "logDate" : "2012-05-02",
  "favorite" : false
},{
  "logId" : 41654154,
  "loggedFood" : {
    "foodId" : 0,
    "name" : "Dannon Light & Fit Nonfat Cup",
    "brand" : "Lose It!",
    "accessLevel" : "PRIVATE",
    "units" : [201],
    "calories" : 53,
    "amount" : 1.0,
    "unit" : {
      "id" : 201,
      "name" : "meal",
      "plural" : "meals"
    },
    "mealTypeId" : 7
  },
  "nutritionalValues" : {
    "calories" : 53,
    "fat" : 0.0,
    "fiber" : 0.0,
    "carbs" : 10.7,
    "sodium" : 50.0,
    "protein" : 3.3
  },
  "logDate" : "2012-05-01",
  "favorite" : false
},{
  "logId" : 41678589,
  "loggedFood" : {
    "foodId" : 0,
    "name" : "Mini Rigatoni With Vodka Cream Sauce, Dark Chocolate 72% cocoa",
    "brand" : "Lose It!",
    "accessLevel" : "PRIVATE",
    "units" : [201],
    "calories" : 500,
    "amount" : 1.0,
    "unit" : {
      "id" : 201,
      "name" : "meal",
      "plural" : "meals"
    },
    "mealTypeId" : 3
  },
  "nutritionalValues" : {
    "calories" : 500,
    "fat" : 22.0,
    "fiber" : 10.0,
    "carbs" : 70.0,
    "sodium" : 440.0,
    "protein" : 16.0
  },
  "logDate" : "2012-05-01",
  "favorite" : false
},{
  "logId" : 41618192,
  "loggedFood" : {
    "foodId" : 0,
    "name" : "Blueberries, Agave, Dagoba Cocoa, Almond Dream Unsweetened Original",
    "brand" : "Lose It!",
    "accessLevel" : "PRIVATE",
    "units" : [201],
    "calories" : 423,
    "amount" : 1.0,
    "unit" : {
      "id" : 201,
      "name" : "meal",
      "plural" : "meals"
    },
    "mealTypeId" : 1
  },
  "nutritionalValues" : {
    "calories" : 423,
    "fat" : 7.9,
    "fiber" : 12.9,
    "carbs" : 73.4,
    "sodium" : 303.8,
    "protein" : 4.9
  },
  "logDate" : "2012-05-01",
  "favorite" : false
},{
  "logId" : 41476300,
  "loggedFood" : {
    "foodId" : 0,
    "name" : "Protein - Lt. Vanilla Whey",
    "brand" : "Lose It!",
    "accessLevel" : "PRIVATE",
    "units" : [201],
    "calories" : 140,
    "amount" : 1.0,
    "unit" : {
      "id" : 201,
      "name" : "meal",
      "plural" : "meals"
    },
    "mealTypeId" : 7
  },
  "nutritionalValues" : {
    "calories" : 140,
    "fat" : 4.0,
    "fiber" : 1.0,
    "carbs" : 6.0,
    "sodium" : 260.0,
    "protein" : 20.0
  },
  "logDate" : "2012-04-30",
  "favorite" : false
},{
  "logId" : 41415609,
  "loggedFood" : {
    "foodId" : 0,
    "name" : "Dark Chocolate 72% cocoa, Pasta",
    "brand" : "Lose It!",
    "accessLevel" : "PRIVATE",
    "units" : [201],
    "calories" : 335,
    "amount" : 1.0,
    "unit" : {
      "id" : 201,
      "name" : "meal",
      "plural" : "meals"
    },
    "mealTypeId" : 3
  },
  "nutritionalValues" : {
    "calories" : 335,
    "fat" : 12.0,
    "fiber" : 6.5,
    "carbs" : 51.0,
    "sodium" : 640.0,
    "protein" : 10.5
  },
  "logDate" : "2012-04-30",
  "favorite" : false
},{
  "logId" : 41376672,
  "loggedFood" : {
    "foodId" : 0,
    "name" : "Pineapple Frozen, Frozen Mango, Almond Dream Unsweetened Original, Milk,...",
    "brand" : "Lose It!",
    "accessLevel" : "PRIVATE",
    "units" : [201],
    "calories" : 323,
    "amount" : 1.0,
    "unit" : {
      "id" : 201,
      "name" : "meal",
      "plural" : "meals"
    },
    "mealTypeId" : 1
  },
  "nutritionalValues" : {
    "calories" : 323,
    "fat" : 9.9,
    "fiber" : 2.8,
    "carbs" : 22.9,
    "sodium" : 63.8,
    "protein" : 0.2
  },
  "logDate" : "2012-04-30",
  "favorite" : false
},{
  "logId" : 40870655,
  "loggedFood" : {
    "foodId" : 0,
    "name" : "Dark Chocolate W/ Expresso Beans, Nuts",
    "brand" : "Lose It!",
    "accessLevel" : "PRIVATE",
    "units" : [201],
    "calories" : 308,
    "amount" : 1.0,
    "unit" : {
      "id" : 201,
      "name" : "meal",
      "plural" : "meals"
    },
    "mealTypeId" : 7
  },
  "nutritionalValues" : {
    "calories" : 308,
    "fat" : 24.9,
    "fiber" : 5.5,
    "carbs" : 26.6,
    "sodium" : 109.6,
    "protein" : 5.6
  },
  "logDate" : "2012-04-27",
  "favorite" : false
},{
  "logId" : 40823452,
  "loggedFood" : {
    "foodId" : 0,
    "name" : "Tamale Verde - Cheese, Dannon Light & Fit Nonfat Cup",
    "brand" : "Lose It!",
    "accessLevel" : "PRIVATE",
    "units" : [201],
    "calories" : 460,
    "amount" : 1.0,
    "unit" : {
      "id" : 201,
      "name" : "meal",
      "plural" : "meals"
    },
    "mealTypeId" : 3
  },
  "nutritionalValues" : {
    "calories" : 460,
    "fat" : 16.0,
    "fiber" : 7.0,
    "carbs" : 63.0,
    "sodium" : 836.2,
    "protein" : 16.8
  },
  "logDate" : "2012-04-27",
  "favorite" : false
},{
  "logId" : 40800729,
  "loggedFood" : {
    "foodId" : 0,
    "name" : "Raspberries, Blueberries, Agave, Milk, Avocado, Milk",
    "brand" : "Lose It!",
    "accessLevel" : "PRIVATE",
    "units" : [201],
    "calories" : 518,
    "amount" : 1.0,
    "unit" : {
      "id" : 201,
      "name" : "meal",
      "plural" : "meals"
    },
    "mealTypeId" : 1
  },
  "nutritionalValues" : {
    "calories" : 518,
    "fat" : 22.2,
    "fiber" : 24.5,
    "carbs" : 77.4,
    "sodium" : 74.5,
    "protein" : 6.3
  },
  "logDate" : "2012-04-27",
  "favorite" : false
},{
  "logId" : 40611911,
  "loggedFood" : {
    "foodId" : 0,
    "name" : "Light And Fit Yogurt - Strawberry, Cheese Enchilada w/ beans & corn, Dar...",
    "brand" : "Lose It!",
    "accessLevel" : "PRIVATE",
    "units" : [201],
    "calories" : 630,
    "amount" : 1.0,
    "unit" : {
      "id" : 201,
      "name" : "meal",
      "plural" : "meals"
    },
    "mealTypeId" : 3
  },
  "nutritionalValues" : {
    "calories" : 630,
    "fat" : 32.0,
    "fiber" : 14.0,
    "carbs" : 72.0,
    "sodium" : 680.0,
    "protein" : 20.0
  },
  "logDate" : "2012-04-26",
  "favorite" : false
},{
  "logId" : 40557239,
  "loggedFood" : {
    "foodId" : 0,
    "name" : "Blueberries, Almond Dream Unsweetened Original, Dagoba Cocoa, Agave",
    "brand" : "Lose It!",
    "accessLevel" : "PRIVATE",
    "units" : [201],
    "calories" : 415,
    "amount" : 1.0,
    "unit" : {
      "id" : 201,
      "name" : "meal",
      "plural" : "meals"
    },
    "mealTypeId" : 1
  },
  "nutritionalValues" : {
    "calories" : 415,
    "fat" : 7.9,
    "fiber" : 12.9,
    "carbs" : 73.4,
    "sodium" : 303.8,
    "protein" : 4.9
  },
  "logDate" : "2012-04-26",
  "favorite" : false
},{
  "logId" : 40351104,
  "loggedFood" : {
    "foodId" : 0,
    "name" : "50% less Salt Dry Roasted Almonds, Oranges",
    "brand" : "Lose It!",
    "accessLevel" : "PRIVATE",
    "units" : [201],
    "calories" : 107,
    "amount" : 1.0,
    "unit" : {
      "id" : 201,
      "name" : "meal",
      "plural" : "meals"
    },
    "mealTypeId" : 7
  },
  "nutritionalValues" : {
    "calories" : 107,
    "fat" : 0.2,
    "fiber" : 3.1,
    "carbs" : 15.4,
    "sodium" : 0.0,
    "protein" : 1.2
  },
  "logDate" : "2012-04-25",
  "favorite" : false
},{
  "logId" : 40370559,
  "loggedFood" : {
    "foodId" : 0,
    "name" : "Pizza, Dark Chocolate W/ Expresso Beans",
    "brand" : "Lose It!",
    "accessLevel" : "PRIVATE",
    "units" : [201],
    "calories" : 780,
    "amount" : 1.0,
    "unit" : {
      "id" : 201,
      "name" : "meal",
      "plural" : "meals"
    },
    "mealTypeId" : 3
  },
  "nutritionalValues" : {
    "calories" : 780,
    "fat" : 40.0,
    "fiber" : 13.9,
    "carbs" : 42.0,
    "sodium" : 648.0,
    "protein" : 26.0
  },
  "logDate" : "2012-04-25",
  "favorite" : false
},{
  "logId" : 40328720,
  "loggedFood" : {
    "foodId" : 0,
    "name" : "Almond Dream Unsweetened Original, Peaches, Almond Butter HT Smooth",
    "brand" : "Lose It!",
    "accessLevel" : "PRIVATE",
    "units" : [201],
    "calories" : 447,
    "amount" : 1.0,
    "unit" : {
      "id" : 201,
      "name" : "meal",
      "plural" : "meals"
    },
    "mealTypeId" : 1
  },
  "nutritionalValues" : {
    "calories" : 447,
    "fat" : 32.9,
    "fiber" : 11.2,
    "carbs" : 34.2,
    "sodium" : 33.8,
    "protein" : 11.7
  },
  "logDate" : "2012-04-25",
  "favorite" : false
},{
  "logId" : 40107234,
  "loggedFood" : {
    "foodId" : 0,
    "name" : "Mandarin Oranges, 50% less Salt Dry Roasted Almonds",
    "brand" : "Lose It!",
    "accessLevel" : "PRIVATE",
    "units" : [201],
    "calories" : 126,
    "amount" : 1.0,
    "unit" : {
      "id" : 201,
      "name" : "meal",
      "plural" : "meals"
    },
    "mealTypeId" : 7
  },
  "nutritionalValues" : {
    "calories" : 126,
    "fat" : 0.5,
    "fiber" : 2.7,
    "carbs" : 20.3,
    "sodium" : 3.0,
    "protein" : 1.2
  },
  "logDate" : "2012-04-24",
  "favorite" : false
},{
  "logId" : 40146582,
  "loggedFood" : {
    "foodId" : 0,
    "name" : "Protein - Lt. Vanilla Whey, Amy's Cheese enchilada, Dark Chocolate w/Dee...",
    "brand" : "Lose It!",
    "accessLevel" : "PRIVATE",
    "units" : [201],
    "calories" : 725,
    "amount" : 1.0,
    "unit" : {
      "id" : 201,
      "name" : "meal",
      "plural" : "meals"
    },
    "mealTypeId" : 3
  },
  "nutritionalValues" : {
    "calories" : 725,
    "fat" : 41.0,
    "fiber" : 9.5,
    "carbs" : 52.5,
    "sodium" : 1140.0,
    "protein" : 39.5
  },
  "logDate" : "2012-04-24",
  "favorite" : false
},{
  "logId" : 40066457,
  "loggedFood" : {
    "foodId" : 0,
    "name" : "Almond Dream Unsweetened Original, Frozen Mango, Pineapple Frozen, Milk,...",
    "brand" : "Lose It!",
    "accessLevel" : "PRIVATE",
    "units" : [201],
    "calories" : 323,
    "amount" : 1.0,
    "unit" : {
      "id" : 201,
      "name" : "meal",
      "plural" : "meals"
    },
    "mealTypeId" : 1
  },
  "nutritionalValues" : {
    "calories" : 323,
    "fat" : 9.9,
    "fiber" : 2.8,
    "carbs" : 22.9,
    "sodium" : 63.8,
    "protein" : 0.2
  },
  "logDate" : "2012-04-24",
  "favorite" : false
},{
  "logId" : 40026218,
  "loggedFood" : {
    "foodId" : 0,
    "name" : "Protein - Lt. Vanilla Whey, Extra virgin olive oil",
    "brand" : "Lose It!",
    "accessLevel" : "PRIVATE",
    "units" : [201],
    "calories" : 380,
    "amount" : 1.0,
    "unit" : {
      "id" : 201,
      "name" : "meal",
      "plural" : "meals"
    },
    "mealTypeId" : 7
  },
  "nutritionalValues" : {
    "calories" : 380,
    "fat" : 32.0,
    "fiber" : 1.0,
    "carbs" : 6.0,
    "sodium" : 260.0,
    "protein" : 20.0
  },
  "logDate" : "2012-04-23",
  "favorite" : false
},{
  "logId" : 39990659,
  "loggedFood" : {
    "foodId" : 0,
    "name" : "Blueberries, Agave, Almond Dream Unsweetened Original",
    "brand" : "Lose It!",
    "accessLevel" : "PRIVATE",
    "units" : [201],
    "calories" : 380,
    "amount" : 1.0,
    "unit" : {
      "id" : 201,
      "name" : "meal",
      "plural" : "meals"
    },
    "mealTypeId" : 5
  },
  "nutritionalValues" : {
    "calories" : 380,
    "fat" : 7.0,
    "fiber" : 12.7,
    "carbs" : 72.7,
    "sodium" : 270.0,
    "protein" : 4.7
  },
  "logDate" : "2012-04-23",
  "favorite" : false
},{
  "logId" : 39883205,
  "loggedFood" : {
    "foodId" : 0,
    "name" : "Dark Chocolate w/Deep Forest Mint, Salad, Tomatoes, Olives, Cheese, Oil",
    "brand" : "Lose It!",
    "accessLevel" : "PRIVATE",
    "units" : [201],
    "calories" : 362,
    "amount" : 1.0,
    "unit" : {
      "id" : 201,
      "name" : "meal",
      "plural" : "meals"
    },
    "mealTypeId" : 3
  },
  "nutritionalValues" : {
    "calories" : 362,
    "fat" : 31.3,
    "fiber" : 5.2,
    "carbs" : 21.7,
    "sodium" : 560.1,
    "protein" : 6.0
  },
  "logDate" : "2012-04-23",
  "favorite" : false
},{
  "logId" : 39810381,
  "loggedFood" : {
    "foodId" : 0,
    "name" : "Milk, Almond Dream Unsweetened Original, Avocado, Raspberries, Blueberri...",
    "brand" : "Lose It!",
    "accessLevel" : "PRIVATE",
    "units" : [201],
    "calories" : 521,
    "amount" : 1.0,
    "unit" : {
      "id" : 201,
      "name" : "meal",
      "plural" : "meals"
    },
    "mealTypeId" : 1
  },
  "nutritionalValues" : {
    "calories" : 521,
    "fat" : 22.4,
    "fiber" : 24.5,
    "carbs" : 77.7,
    "sodium" : 63.3,
    "protein" : 6.3
  },
  "logDate" : "2012-04-23",
  "favorite" : false
},{
  "logId" : 39022613,
  "loggedFood" : {
    "foodId" : 0,
    "name" : "Waffles, Sausage",
    "brand" : "Lose It!",
    "accessLevel" : "PRIVATE",
    "units" : [201],
    "calories" : 350,
    "amount" : 1.0,
    "unit" : {
      "id" : 201,
      "name" : "meal",
      "plural" : "meals"
    },
    "mealTypeId" : 1
  },
  "nutritionalValues" : {
    "calories" : 350,
    "fat" : 13.0,
    "fiber" : 4.0,
    "carbs" : 35.0,
    "sodium" : 960.0,
    "protein" : 25.0
  },
  "logDate" : "2012-04-19",
  "favorite" : false
},{
  "logId" : 38792878,
  "loggedFood" : {
    "foodId" : 0,
    "name" : "Blueberries, Raspberries, Agave, Milk, Milk",
    "brand" : "Lose It!",
    "accessLevel" : "PRIVATE",
    "units" : [201],
    "calories" : 365,
    "amount" : 1.0,
    "unit" : {
      "id" : 201,
      "name" : "meal",
      "plural" : "meals"
    },
    "mealTypeId" : 1
  },
  "nutritionalValues" : {
    "calories" : 365,
    "fat" : 8.2,
    "fiber" : 16.3,
    "carbs" : 67.3,
    "sodium" : 67.5,
    "protein" : 5.8
  },
  "logDate" : "2012-04-18",
  "favorite" : false
},{
  "logId" : 38651954,
  "loggedFood" : {
    "foodId" : 0,
    "name" : "Apples, Protein - Lt. Vanilla Whey, Nuts",
    "brand" : "Lose It!",
    "accessLevel" : "PRIVATE",
    "units" : [201],
    "calories" : 294,
    "amount" : 1.0,
    "unit" : {
      "id" : 201,
      "name" : "meal",
      "plural" : "meals"
    },
    "mealTypeId" : 7
  },
  "nutritionalValues" : {
    "calories" : 294,
    "fat" : 11.1,
    "fiber" : 6.1,
    "carbs" : 29.1,
    "sodium" : 305.2,
    "protein" : 23.2
  },
  "logDate" : "2012-04-17",
  "favorite" : false
},{
  "logId" : 38578642,
  "loggedFood" : {
    "foodId" : 0,
    "name" : "Cheese, Sandwich",
    "brand" : "Lose It!",
    "accessLevel" : "PRIVATE",
    "units" : [201],
    "calories" : 540,
    "amount" : 1.0,
    "unit" : {
      "id" : 201,
      "name" : "meal",
      "plural" : "meals"
    },
    "mealTypeId" : 3
  },
  "nutritionalValues" : {
    "calories" : 540,
    "fat" : 12.0,
    "fiber" : 10.0,
    "carbs" : 92.0,
    "sodium" : 1220.0,
    "protein" : 22.0
  },
  "logDate" : "2012-04-17",
  "favorite" : false
},{
  "logId" : 38561539,
  "loggedFood" : {
    "foodId" : 0,
    "name" : "Pineapple Frozen, Frozen Mango, Coconut Milk, Agave, Milk",
    "brand" : "Lose It!",
    "accessLevel" : "PRIVATE",
    "units" : [201],
    "calories" : 350,
    "amount" : 1.0,
    "unit" : {
      "id" : 201,
      "name" : "meal",
      "plural" : "meals"
    },
    "mealTypeId" : 1
  },
  "nutritionalValues" : {
    "calories" : 350,
    "fat" : 10.8,
    "fiber" : 0.8,
    "carbs" : 26.0,
    "sodium" : 75.0,
    "protein" : 2.2
  },
  "logDate" : "2012-04-17",
  "favorite" : false
},{
  "logId" : 38425584,
  "loggedFood" : {
    "foodId" : 0,
    "name" : "Granola, Almond Dream Unsweetened Original",
    "brand" : "Lose It!",
    "accessLevel" : "PRIVATE",
    "units" : [201],
    "calories" : 148,
    "amount" : 1.0,
    "unit" : {
      "id" : 201,
      "name" : "meal",
      "plural" : "meals"
    },
    "mealTypeId" : 7
  },
  "nutritionalValues" : {
    "calories" : 148,
    "fat" : 8.9,
    "fiber" : 2.2,
    "carbs" : 15.8,
    "sodium" : 68.8,
    "protein" : 3.2
  },
  "logDate" : "2012-04-16",
  "favorite" : false
},{
  "logId" : 38337965,
  "loggedFood" : {
    "foodId" : 0,
    "name" : "Lettuce, Fish, Eggs, Oil",
    "brand" : "Lose It!",
    "accessLevel" : "PRIVATE",
    "units" : [201],
    "calories" : 493,
    "amount" : 1.0,
    "unit" : {
      "id" : 201,
      "name" : "meal",
      "plural" : "meals"
    },
    "mealTypeId" : 3
  },
  "nutritionalValues" : {
    "calories" : 493,
    "fat" : 31.3,
    "fiber" : 3.9,
    "carbs" : 6.7,
    "sodium" : 638.4,
    "protein" : 46.2
  },
  "logDate" : "2012-04-16",
  "favorite" : false
},{
  "logId" : 38320391,
  "loggedFood" : {
    "foodId" : 0,
    "name" : "Almond Butter, Strawberries, Juice Drink, Milk",
    "brand" : "Lose It!",
    "accessLevel" : "PRIVATE",
    "units" : [201],
    "calories" : 330,
    "amount" : 1.0,
    "unit" : {
      "id" : 201,
      "name" : "meal",
      "plural" : "meals"
    },
    "mealTypeId" : 1
  },
  "nutritionalValues" : {
    "calories" : 330,
    "fat" : 19.9,
    "fiber" : 6.1,
    "carbs" : 38.1,
    "sodium" : 193.4,
    "protein" : 6.0
  },
  "logDate" : "2012-04-16",
  "favorite" : false
},{
  "logId" : 37763029,
  "loggedFood" : {
    "foodId" : 2163,
    "locale" : "en_US",
    "name" : "Soy Milk, Almond, Unsweetened (soymilk)",
    "brand" : "WestSoy",
    "accessLevel" : "PUBLIC",
    "units" : [91,256,279],
    "calories" : 23,
    "amount" : 0.25,
    "unit" : {
      "id" : 91,
      "name" : "cup",
      "plural" : "cups"
    },
    "mealTypeId" : 1
  },
  "logDate" : "2012-04-13",
  "favorite" : false
},{
  "logId" : 37763031,
  "loggedFood" : {
    "foodId" : 1388060,
    "name" : "Coconut milk unsweetened",
    "brand" : "SO Delicious",
    "accessLevel" : "PRIVATE",
    "units" : [91,256,279],
    "calories" : 100,
    "amount" : 2.0,
    "unit" : {
      "id" : 91,
      "name" : "cup",
      "plural" : "cups"
    },
    "mealTypeId" : 1,
    "creatorEncodedId" : "229TGZ"
  },
  "logDate" : "2012-04-13",
  "favorite" : false
},{
  "logId" : 37763032,
  "loggedFood" : {
    "foodId" : 61902,
    "locale" : "en_US",
    "name" : "Organic Low Glycemic Agave Syrup",
    "brand" : "Melissa's",
    "accessLevel" : "PUBLIC",
    "units" : [304,349,364,226,180,147,389],
    "calories" : 40,
    "amount" : 2.0,
    "unit" : {
      "id" : 364,
      "name" : "tsp",
      "plural" : "tsp"
    },
    "mealTypeId" : 1
  },
  "logDate" : "2012-04-13",
  "favorite" : false
},{
  "logId" : 37763034,
  "loggedFood" : {
    "foodId" : 82129,
    "locale" : "en_US",
    "name" : "Mango",
    "brand" : "",
    "accessLevel" : "PUBLIC",
    "units" : [139,251,304,91,256,279,226,180,147,389],
    "calories" : 186,
    "amount" : 1.5,
    "unit" : {
      "id" : 91,
      "name" : "cup",
      "plural" : "cups"
    },
    "mealTypeId" : 1
  },
  "logDate" : "2012-04-13",
  "favorite" : false
},{
  "logId" : 37763035,
  "loggedFood" : {
    "foodId" : 4070,
    "locale" : "en_US",
    "name" : "Peach, Raw",
    "brand" : "",
    "accessLevel" : "PUBLIC",
    "units" : [304,319,179,204,91,256,279,226,180,147,389],
    "calories" : 33,
    "amount" : 0.5,
    "unit" : {
      "id" : 91,
      "name" : "cup",
      "plural" : "cups"
    },
    "mealTypeId" : 1
  },
  "logDate" : "2012-04-13",
  "favorite" : false
},{
  "logId" : 37763036,
  "loggedFood" : {
    "foodId" : 17222,
    "locale" : "en_US",
    "name" : "Coffee",
    "brand" : "",
    "accessLevel" : "PUBLIC",
    "units" : [226,180,147,389],
    "calories" : 9,
    "amount" : 16.0,
    "unit" : {
      "id" : 226,
      "name" : "oz",
      "plural" : "oz"
    },
    "mealTypeId" : 1
  },
  "logDate" : "2012-04-13",
  "favorite" : false
},{
  "logId" : 37395453,
  "loggedFood" : {
    "foodId" : 38039,
    "locale" : "en_US",
    "name" : "Sugar Free Dark Chocolate Candy Covered Peppermint Pattie",
    "brand" : "York",
    "accessLevel" : "PUBLIC",
    "units" : [251,226,180,147,389],
    "calories" : 80,
    "amount" : 3.0,
    "unit" : {
      "id" : 251,
      "name" : "piece",
      "plural" : "pieces"
    },
    "mealTypeId" : 7,
    "creatorEncodedId" : "228VVM"
  },
  "logDate" : "2012-04-11",
  "favorite" : false
},{
  "logId" : 37374721,
  "loggedFood" : {
    "foodId" : 9370,
    "locale" : "en_US",
    "name" : "Enchilada, Cheese",
    "brand" : "Amy's Kitchen",
    "accessLevel" : "PUBLIC",
    "units" : [304,226,180,147,389],
    "calories" : 240,
    "amount" : 1.0,
    "unit" : {
      "id" : 304,
      "name" : "serving",
      "plural" : "servings"
    },
    "mealTypeId" : 3
  },
  "logDate" : "2012-04-11",
  "favorite" : false
},{
  "logId" : 37374724,
  "loggedFood" : {
    "foodId" : 23369,
    "locale" : "en_US",
    "name" : "Donut, Eclair",
    "brand" : "Dunkin' Donuts",
    "accessLevel" : "PUBLIC",
    "units" : [102],
    "calories" : 270,
    "amount" : 1.0,
    "unit" : {
      "id" : 102,
      "name" : "doughnut",
      "plural" : "doughnuts"
    },
    "mealTypeId" : 2
  },
  "logDate" : "2012-04-11",
  "favorite" : false
},{
  "logId" : 37374720,
  "loggedFood" : {
    "foodId" : 61902,
    "locale" : "en_US",
    "name" : "Organic Low Glycemic Agave Syrup",
    "brand" : "Melissa's",
    "accessLevel" : "PUBLIC",
    "units" : [304,349,364,226,180,147,389],
    "calories" : 40,
    "amount" : 2.0,
    "unit" : {
      "id" : 364,
      "name" : "tsp",
      "plural" : "tsp"
    },
    "mealTypeId" : 1
  },
  "logDate" : "2012-04-11",
  "favorite" : false
},{
  "logId" : 37374715,
  "loggedFood" : {
    "foodId" : 82713,
    "locale" : "en_US",
    "name" : "Raspberries",
    "brand" : "",
    "accessLevel" : "PUBLIC",
    "units" : [304,91,256,279,226,180,147,389],
    "calories" : 57,
    "amount" : 1.0,
    "unit" : {
      "id" : 91,
      "name" : "cup",
      "plural" : "cups"
    },
    "mealTypeId" : 1
  },
  "logDate" : "2012-04-11",
  "favorite" : false
},{
  "logId" : 37374716,
  "loggedFood" : {
    "foodId" : 1388060,
    "name" : "Coconut milk unsweetened",
    "brand" : "SO Delicious",
    "accessLevel" : "PRIVATE",
    "units" : [91,256,279],
    "calories" : 75,
    "amount" : 1.5,
    "unit" : {
      "id" : 91,
      "name" : "cup",
      "plural" : "cups"
    },
    "mealTypeId" : 1,
    "creatorEncodedId" : "229TGZ"
  },
  "logDate" : "2012-04-11",
  "favorite" : false
},{
  "logId" : 37374718,
  "loggedFood" : {
    "foodId" : 2163,
    "locale" : "en_US",
    "name" : "Soy Milk, Almond, Unsweetened (soymilk)",
    "brand" : "WestSoy",
    "accessLevel" : "PUBLIC",
    "units" : [91,256,279],
    "calories" : 23,
    "amount" : 0.25,
    "unit" : {
      "id" : 91,
      "name" : "cup",
      "plural" : "cups"
    },
    "mealTypeId" : 1
  },
  "logDate" : "2012-04-11",
  "favorite" : false
},{
  "logId" : 37374719,
  "loggedFood" : {
    "foodId" : 82547,
    "locale" : "en_US",
    "name" : "Blueberries",
    "brand" : "",
    "accessLevel" : "PUBLIC",
    "units" : [304,20,91,256,279,226,180,147,389],
    "calories" : 82,
    "amount" : 1.0,
    "unit" : {
      "id" : 91,
      "name" : "cup",
      "plural" : "cups"
    },
    "mealTypeId" : 1
  },
  "logDate" : "2012-04-11",
  "favorite" : false
},{
  "logId" : 37190260,
  "loggedFood" : {
    "foodId" : 107904,
    "name" : "Muscle Milk Light Nutritional Shake Vanilla Creme",
    "brand" : "Muscle Milk",
    "accessLevel" : "PRIVATE",
    "units" : [304],
    "calories" : 100,
    "amount" : 1.0,
    "unit" : {
      "id" : 304,
      "name" : "serving",
      "plural" : "servings"
    },
    "mealTypeId" : 4,
    "creatorEncodedId" : "229TGZ"
  },
  "logDate" : "2012-04-10",
  "favorite" : false
},{
  "logId" : 37154122,
  "loggedFood" : {
    "foodId" : 16101,
    "locale" : "en_US",
    "name" : "Almonds",
    "brand" : "Fisher",
    "accessLevel" : "PUBLIC",
    "units" : [91,256,279,226,180,147,389],
    "calories" : 85,
    "amount" : 0.13,
    "unit" : {
      "id" : 91,
      "name" : "cup",
      "plural" : "cups"
    },
    "mealTypeId" : 3
  },
  "logDate" : "2012-04-10",
  "favorite" : false
},{
  "logId" : 37154124,
  "loggedFood" : {
    "foodId" : 107758,
    "name" : "Trader Joe's Apricot Fiberful Handmade Dried Fruit Bar",
    "brand" : "Trader Joe's",
    "accessLevel" : "PRIVATE",
    "units" : [304],
    "calories" : 60,
    "amount" : 1.0,
    "unit" : {
      "id" : 304,
      "name" : "serving",
      "plural" : "servings"
    },
    "mealTypeId" : 3,
    "creatorEncodedId" : "229TGZ"
  },
  "logDate" : "2012-04-10",
  "favorite" : false
},{
  "logId" : 37154126,
  "loggedFood" : {
    "foodId" : 34635,
    "locale" : "en_US",
    "name" : "Black Bean Tamale Verde, Vegan",
    "brand" : "Amy's Kitchen",
    "accessLevel" : "PUBLIC",
    "units" : [304,226,180,147,389],
    "calories" : 330,
    "amount" : 1.0,
    "unit" : {
      "id" : 304,
      "name" : "serving",
      "plural" : "servings"
    },
    "mealTypeId" : 3,
    "creatorEncodedId" : "228TQ7"
  },
  "logDate" : "2012-04-10",
  "favorite" : false
},{
  "logId" : 37109353,
  "loggedFood" : {
    "foodId" : 61902,
    "locale" : "en_US",
    "name" : "Organic Low Glycemic Agave Syrup",
    "brand" : "Melissa's",
    "accessLevel" : "PUBLIC",
    "units" : [304,349,364,226,180,147,389],
    "calories" : 40,
    "amount" : 2.0,
    "unit" : {
      "id" : 364,
      "name" : "tsp",
      "plural" : "tsp"
    },
    "mealTypeId" : 1
  },
  "logDate" : "2012-04-10",
  "favorite" : false
},{
  "logId" : 37109111,
  "loggedFood" : {
    "foodId" : 81401,
    "locale" : "en_US",
    "name" : "Pineapple",
    "brand" : "",
    "accessLevel" : "PUBLIC",
    "units" : [311,91,256,279,226,180,147,389],
    "calories" : 68,
    "amount" : 0.5,
    "unit" : {
      "id" : 91,
      "name" : "cup",
      "plural" : "cups"
    },
    "mealTypeId" : 1
  },
  "logDate" : "2012-04-10",
  "favorite" : false
},{
  "logId" : 37109454,
  "loggedFood" : {
    "foodId" : 2163,
    "locale" : "en_US",
    "name" : "Soy Milk, Almond, Unsweetened (soymilk)",
    "brand" : "WestSoy",
    "accessLevel" : "PUBLIC",
    "units" : [91,256,279],
    "calories" : 23,
    "amount" : 0.25,
    "unit" : {
      "id" : 91,
      "name" : "cup",
      "plural" : "cups"
    },
    "mealTypeId" : 1
  },
  "logDate" : "2012-04-10",
  "favorite" : false
},{
  "logId" : 37110484,
  "loggedFood" : {
    "foodId" : 1388060,
    "name" : "Coconut milk unsweetened",
    "brand" : "SO Delicious",
    "accessLevel" : "PRIVATE",
    "units" : [91,256,279],
    "calories" : 100,
    "amount" : 2.0,
    "unit" : {
      "id" : 91,
      "name" : "cup",
      "plural" : "cups"
    },
    "mealTypeId" : 1,
    "creatorEncodedId" : "229TGZ"
  },
  "logDate" : "2012-04-10",
  "favorite" : false
},{
  "logId" : 36917420,
  "loggedFood" : {
    "foodId" : 16865,
    "locale" : "en_US",
    "name" : "Enchilada, Black Bean Vegetable, Vegan",
    "brand" : "Amy's Kitchen",
    "accessLevel" : "PUBLIC",
    "units" : [304,226,180,147,389],
    "calories" : 180,
    "amount" : 1.0,
    "unit" : {
      "id" : 304,
      "name" : "serving",
      "plural" : "servings"
    },
    "mealTypeId" : 3
  },
  "logDate" : "2012-04-09",
  "favorite" : false
},{
  "logId" : 36921825,
  "loggedFood" : {
    "foodId" : 1382900,
    "name" : "Intense Dark Chocolate with Cacao Nibs",
    "brand" : "Endangered species chocolate",
    "accessLevel" : "PRIVATE",
    "units" : [304],
    "calories" : 210,
    "amount" : 1.0,
    "unit" : {
      "id" : 304,
      "name" : "serving",
      "plural" : "servings"
    },
    "mealTypeId" : 3,
    "creatorEncodedId" : "229TGZ"
  },
  "logDate" : "2012-04-09",
  "favorite" : false
},{
  "logId" : 36917421,
  "loggedFood" : {
    "foodId" : 83035,
    "locale" : "en_US",
    "name" : "Tangerine",
    "brand" : "",
    "accessLevel" : "PUBLIC",
    "units" : [204,226,180,147,389],
    "calories" : 50,
    "amount" : 1.0,
    "unit" : {
      "id" : 204,
      "name" : "medium",
      "plural" : "mediums"
    },
    "mealTypeId" : 2
  },
  "logDate" : "2012-04-09",
  "favorite" : false
},{
  "logId" : 36917422,
  "loggedFood" : {
    "foodId" : 61902,
    "locale" : "en_US",
    "name" : "Organic Low Glycemic Agave Syrup",
    "brand" : "Melissa's",
    "accessLevel" : "PUBLIC",
    "units" : [304,349,364,226,180,147,389],
    "calories" : 60,
    "amount" : 1.0,
    "unit" : {
      "id" : 304,
      "name" : "serving",
      "plural" : "servings"
    },
    "mealTypeId" : 1
  },
  "logDate" : "2012-04-09",
  "favorite" : false
},{
  "logId" : 36917424,
  "loggedFood" : {
    "foodId" : 2163,
    "locale" : "en_US",
    "name" : "Soy Milk, Almond, Unsweetened (soymilk)",
    "brand" : "WestSoy",
    "accessLevel" : "PUBLIC",
    "units" : [91,256,279],
    "calories" : 180,
    "amount" : 2.0,
    "unit" : {
      "id" : 91,
      "name" : "cup",
      "plural" : "cups"
    },
    "mealTypeId" : 1
  },
  "logDate" : "2012-04-09",
  "favorite" : false
},{
  "logId" : 36917425,
  "loggedFood" : {
    "foodId" : 82547,
    "locale" : "en_US",
    "name" : "Blueberries",
    "brand" : "",
    "accessLevel" : "PUBLIC",
    "units" : [304,20,91,256,279,226,180,147,389],
    "calories" : 164,
    "amount" : 2.0,
    "unit" : {
      "id" : 91,
      "name" : "cup",
      "plural" : "cups"
    },
    "mealTypeId" : 1
  },
  "logDate" : "2012-04-09",
  "favorite" : false
},{
  "logId" : 36917426,
  "loggedFood" : {
    "foodId" : 81993,
    "locale" : "en_US",
    "name" : "Skim Milk",
    "brand" : "",
    "accessLevel" : "PUBLIC",
    "units" : [304,209,189,128,364,349,91,256,279,401],
    "calories" : 22,
    "amount" : 0.25,
    "unit" : {
      "id" : 91,
      "name" : "cup",
      "plural" : "cups"
    },
    "mealTypeId" : 1
  },
  "logDate" : "2012-04-09",
  "favorite" : true
},{
  "logId" : 35045450,
  "loggedFood" : {
    "foodId" : 59867,
    "locale" : "en_US",
    "name" : "Waffle Potato Fries (Small, Salted)",
    "brand" : "Chick-Fil-A",
    "accessLevel" : "PUBLIC",
    "units" : [304,226,180,147,389],
    "calories" : 280,
    "amount" : 1.0,
    "unit" : {
      "id" : 304,
      "name" : "serving",
      "plural" : "servings"
    },
    "mealTypeId" : 3
  },
  "logDate" : "2012-03-30",
  "favorite" : false
},{
  "logId" : 35047585,
  "loggedFood" : {
    "foodId" : 81337,
    "locale" : "en_US",
    "name" : "Fat Free Milk",
    "brand" : "",
    "accessLevel" : "PUBLIC",
    "units" : [304,209,189,128,364,349,91,256,279,401],
    "calories" : 22,
    "amount" : 0.25,
    "unit" : {
      "id" : 91,
      "name" : "cup",
      "plural" : "cups"
    },
    "mealTypeId" : 1
  },
  "logDate" : "2012-03-30",
  "favorite" : false
},{
  "logId" : 35047588,
  "loggedFood" : {
    "foodId" : 16101,
    "locale" : "en_US",
    "name" : "Almonds",
    "brand" : "Fisher",
    "accessLevel" : "PUBLIC",
    "units" : [91,256,279,226,180,147,389],
    "calories" : 85,
    "amount" : 0.13,
    "unit" : {
      "id" : 91,
      "name" : "cup",
      "plural" : "cups"
    },
    "mealTypeId" : 1
  },
  "logDate" : "2012-03-30",
  "favorite" : false
},{
  "logId" : 35047589,
  "loggedFood" : {
    "foodId" : 1066,
    "locale" : "en_US",
    "name" : "Asian Noodle Stir-fry, Vegan",
    "brand" : "Amy's Kitchen",
    "accessLevel" : "PUBLIC",
    "units" : [226,180,147,389],
    "calories" : 290,
    "amount" : 10.0,
    "unit" : {
      "id" : 226,
      "name" : "oz",
      "plural" : "oz"
    },
    "mealTypeId" : 1
  },
  "logDate" : "2012-03-30",
  "favorite" : false
},{
  "logId" : 20893342,
  "loggedFood" : {
    "foodId" : 81994,
    "locale" : "en_US",
    "name" : "Coconut Milk, Lite",
    "brand" : "",
    "accessLevel" : "PUBLIC",
    "units" : [349,364,91,256,279,226,180,147,389],
    "calories" : 270,
    "amount" : 2.0,
    "unit" : {
      "id" : 91,
      "name" : "cup",
      "plural" : "cups"
    },
    "mealTypeId" : 7
  },
  "logDate" : "2012-01-09",
  "favorite" : false
},{
  "logId" : 15991352,
  "loggedFood" : {
    "foodId" : 21738,
    "locale" : "en_US",
    "name" : "Blueberries, Frozen, Bag",
    "brand" : "Cascadian Farm",
    "accessLevel" : "PUBLIC",
    "units" : [91,256,279,226,180,147,389],
    "calories" : 140,
    "amount" : 2.0,
    "unit" : {
      "id" : 91,
      "name" : "cup",
      "plural" : "cups"
    },
    "mealTypeId" : 1
  },
  "logDate" : "2011-10-11",
  "favorite" : false
},{
  "logId" : 15991354,
  "loggedFood" : {
    "foodId" : 2163,
    "locale" : "en_US",
    "name" : "Soy Milk, Almond, Unsweetened (soymilk)",
    "brand" : "WestSoy",
    "accessLevel" : "PUBLIC",
    "units" : [91,256,279],
    "calories" : 180,
    "amount" : 2.0,
    "unit" : {
      "id" : 91,
      "name" : "cup",
      "plural" : "cups"
    },
    "mealTypeId" : 1
  },
  "logDate" : "2011-10-11",
  "favorite" : false
},{
  "logId" : 6022436,
  "loggedFood" : {
    "foodId" : 81412,
    "locale" : "en_US",
    "name" : "Spinach",
    "brand" : "",
    "accessLevel" : "PUBLIC",
    "units" : [38,181,304,91,256,279,226,180,147,389],
    "calories" : 40,
    "amount" : 2.0,
    "unit" : {
      "id" : 91,
      "name" : "cup",
      "plural" : "cups"
    },
    "mealTypeId" : 1
  },
  "logDate" : "2011-01-10",
  "favorite" : false
},{
  "logId" : 6022437,
  "loggedFood" : {
    "foodId" : 80881,
    "locale" : "en_US",
    "name" : "Lentils",
    "brand" : "",
    "accessLevel" : "PUBLIC",
    "units" : [304,91,256,279],
    "calories" : 120,
    "amount" : 0.5,
    "unit" : {
      "id" : 91,
      "name" : "cup",
      "plural" : "cups"
    },
    "mealTypeId" : 1
  },
  "logDate" : "2011-01-10",
  "favorite" : false
},{
  "logId" : 6022438,
  "loggedFood" : {
    "foodId" : 80851,
    "locale" : "en_US",
    "name" : "Egg",
    "brand" : "",
    "accessLevel" : "PUBLIC",
    "units" : [304,111,91,256,279,226,180,147,389],
    "calories" : 80,
    "amount" : 1.0,
    "unit" : {
      "id" : 111,
      "name" : "egg",
      "plural" : "eggs"
    },
    "mealTypeId" : 1
  },
  "logDate" : "2011-01-10",
  "favorite" : true
},{
  "logId" : 6022439,
  "loggedFood" : {
    "foodId" : 81002,
    "locale" : "en_US",
    "name" : "Onion",
    "brand" : "",
    "accessLevel" : "PUBLIC",
    "units" : [288,316,311,319,204,179,304,349,364,91,256,279,226,180,147,389],
    "calories" : 16,
    "amount" : 4.0,
    "unit" : {
      "id" : 316,
      "name" : "slice (thin)",
      "plural" : "slice (thin)s"
    },
    "mealTypeId" : 1
  },
  "logDate" : "2011-01-10",
  "favorite" : false
},{
  "logId" : 6022440,
  "loggedFood" : {
    "foodId" : 4306,
    "locale" : "en_US",
    "name" : "Coconut Oil",
    "brand" : "",
    "accessLevel" : "PUBLIC",
    "units" : [226,180,147,389],
    "calories" : 44,
    "amount" : 5.0,
    "unit" : {
      "id" : 147,
      "name" : "gram",
      "plural" : "grams"
    },
    "mealTypeId" : 1
  },
  "logDate" : "2011-01-10",
  "favorite" : false
},{
  "logId" : 6022441,
  "loggedFood" : {
    "foodId" : 37545,
    "locale" : "en_US",
    "name" : "Yogurt, Oikos, Honey",
    "brand" : "Stonyfield Farm",
    "accessLevel" : "PUBLIC",
    "units" : [69,226,180,147,389],
    "calories" : 91,
    "amount" : 4.0,
    "unit" : {
      "id" : 226,
      "name" : "oz",
      "plural" : "oz"
    },
    "mealTypeId" : 1,
    "creatorEncodedId" : "228TQ7"
  },
  "logDate" : "2011-01-10",
  "favorite" : false
},{
  "logId" : 5768282,
  "loggedFood" : {
    "foodId" : 105677,
    "name" : "Trader Joe's Apple Blueberry Fiberful Handmade Dried Fruit Bar",
    "brand" : "Trader Joe's",
    "accessLevel" : "PRIVATE",
    "units" : [304],
    "calories" : 60,
    "amount" : 1.0,
    "unit" : {
      "id" : 304,
      "name" : "serving",
      "plural" : "servings"
    },
    "mealTypeId" : 7,
    "creatorEncodedId" : "229TGZ"
  },
  "logDate" : "2011-01-03",
  "favorite" : false
},{
  "logId" : 5768288,
  "loggedFood" : {
    "foodId" : 26720,
    "locale" : "en_US",
    "name" : "Chia Seed, Dried",
    "brand" : "",
    "accessLevel" : "PUBLIC",
    "units" : [226,180,147,389],
    "calories" : 24,
    "amount" : 5.0,
    "unit" : {
      "id" : 147,
      "name" : "gram",
      "plural" : "grams"
    },
    "mealTypeId" : 1
  },
  "logDate" : "2011-01-03",
  "favorite" : true
},{
  "logId" : 5768289,
  "loggedFood" : {
    "foodId" : 81555,
    "locale" : "en_US",
    "name" : "Apple Cider",
    "brand" : "",
    "accessLevel" : "PUBLIC",
    "units" : [209,189,128,364,349,91,256,279,401],
    "calories" : 31,
    "amount" : 2.0,
    "unit" : {
      "id" : 128,
      "name" : "fl oz",
      "plural" : "fl oz"
    },
    "mealTypeId" : 1
  },
  "logDate" : "2011-01-03",
  "favorite" : true
},{
  "logId" : 5768291,
  "loggedFood" : {
    "foodId" : 26553,
    "locale" : "en_US",
    "name" : "Banana, Raw",
    "brand" : "",
    "accessLevel" : "PUBLIC",
    "units" : [121,120,304,319,204,179,91,256,279,226,180,147,389],
    "calories" : 30,
    "amount" : 0.25,
    "unit" : {
      "id" : 179,
      "name" : "large",
      "plural" : "larges"
    },
    "mealTypeId" : 1
  },
  "logDate" : "2011-01-03",
  "favorite" : true
},{
  "logId" : 5768293,
  "loggedFood" : {
    "foodId" : 16756,
    "locale" : "en_US",
    "name" : "Cherries, Sweet, Raw",
    "brand" : "2 NN Nutrient Literature",
    "accessLevel" : "PUBLIC",
    "units" : [226,180,147,389],
    "calories" : 18,
    "amount" : 25.0,
    "unit" : {
      "id" : 147,
      "name" : "gram",
      "plural" : "grams"
    },
    "mealTypeId" : 1
  },
  "logDate" : "2011-01-03",
  "favorite" : false
},{
  "logId" : 5768294,
  "loggedFood" : {
    "foodId" : 29790,
    "locale" : "en_US",
    "name" : "Strawberries, Frozen, Bag",
    "brand" : "Cascadian Farm",
    "accessLevel" : "PUBLIC",
    "units" : [91,256,279,226,180,147,389],
    "calories" : 8,
    "amount" : 25.0,
    "unit" : {
      "id" : 147,
      "name" : "gram",
      "plural" : "grams"
    },
    "mealTypeId" : 1
  },
  "logDate" : "2011-01-03",
  "favorite" : false
},{
  "logId" : 5768295,
  "loggedFood" : {
    "foodId" : 28994,
    "locale" : "en_US",
    "name" : "Red Raspberries, Frozen, Bag",
    "brand" : "Cascadian Farm",
    "accessLevel" : "PUBLIC",
    "units" : [91,256,279,226,180,147,389],
    "calories" : 13,
    "amount" : 25.0,
    "unit" : {
      "id" : 147,
      "name" : "gram",
      "plural" : "grams"
    },
    "mealTypeId" : 1
  },
  "logDate" : "2011-01-03",
  "favorite" : false
},{
  "logId" : 5768296,
  "loggedFood" : {
    "foodId" : 4306,
    "locale" : "en_US",
    "name" : "Coconut Oil",
    "brand" : "",
    "accessLevel" : "PUBLIC",
    "units" : [226,180,147,389],
    "calories" : 27,
    "amount" : 3.0,
    "unit" : {
      "id" : 147,
      "name" : "gram",
      "plural" : "grams"
    },
    "mealTypeId" : 1
  },
  "logDate" : "2011-01-03",
  "favorite" : false
},{
  "logId" : 5768298,
  "loggedFood" : {
    "foodId" : 13152,
    "locale" : "en_US",
    "name" : "Macadamia Nut, Dry Roasted W/salt (bushnut)",
    "brand" : "",
    "accessLevel" : "PUBLIC",
    "units" : [91,256,279,226,180,147,389],
    "calories" : 57,
    "amount" : 8.0,
    "unit" : {
      "id" : 147,
      "name" : "gram",
      "plural" : "grams"
    },
    "mealTypeId" : 1
  },
  "logDate" : "2011-01-03",
  "favorite" : false
},{
  "logId" : 5767534,
  "loggedFood" : {
    "foodId" : 17736,
    "locale" : "en_US",
    "name" : "Macadamia Nut, Dried, Raw (bushnut)",
    "brand" : "",
    "accessLevel" : "PUBLIC",
    "units" : [91,256,279,226,180,147,389],
    "calories" : 57,
    "amount" : 8.0,
    "unit" : {
      "id" : 147,
      "name" : "gram",
      "plural" : "grams"
    },
    "mealTypeId" : 1
  },
  "logDate" : "2010-12-30",
  "favorite" : false
},{
  "logId" : 5766280,
  "loggedFood" : {
    "foodId" : 16756,
    "locale" : "en_US",
    "name" : "Cherries, Sweet, Raw",
    "brand" : "2 NN Nutrient Literature",
    "accessLevel" : "PUBLIC",
    "units" : [226,180,147,389],
    "calories" : 18,
    "amount" : 25.0,
    "unit" : {
      "id" : 147,
      "name" : "gram",
      "plural" : "grams"
    },
    "mealTypeId" : 1
  },
  "logDate" : "2010-12-30",
  "favorite" : false
},{
  "logId" : 5766281,
  "loggedFood" : {
    "foodId" : 18716,
    "locale" : "en_US",
    "name" : "Strawberry, Raw",
    "brand" : "",
    "accessLevel" : "PUBLIC",
    "units" : [120,304,319,179,204,91,256,279,226,180,147,389],
    "calories" : 8,
    "amount" : 1.0,
    "unit" : {
      "id" : 226,
      "name" : "oz",
      "plural" : "oz"
    },
    "mealTypeId" : 1
  },
  "logDate" : "2010-12-30",
  "favorite" : false
},{
  "logId" : 5766282,
  "loggedFood" : {
    "foodId" : 82713,
    "locale" : "en_US",
    "name" : "Raspberries",
    "brand" : "",
    "accessLevel" : "PUBLIC",
    "units" : [304,91,256,279,226,180,147,389],
    "calories" : 12,
    "amount" : 25.0,
    "unit" : {
      "id" : 147,
      "name" : "gram",
      "plural" : "grams"
    },
    "mealTypeId" : 1
  },
  "logDate" : "2010-12-30",
  "favorite" : false
},{
  "logId" : 5766283,
  "loggedFood" : {
    "foodId" : 4306,
    "locale" : "en_US",
    "name" : "Coconut Oil",
    "brand" : "",
    "accessLevel" : "PUBLIC",
    "units" : [226,180,147,389],
    "calories" : 27,
    "amount" : 3.0,
    "unit" : {
      "id" : 147,
      "name" : "gram",
      "plural" : "grams"
    },
    "mealTypeId" : 1
  },
  "logDate" : "2010-12-30",
  "favorite" : false
},{
  "logId" : 5765809,
  "loggedFood" : {
    "foodId" : 26720,
    "locale" : "en_US",
    "name" : "Chia Seed, Dried",
    "brand" : "",
    "accessLevel" : "PUBLIC",
    "units" : [226,180,147,389],
    "calories" : 24,
    "amount" : 5.0,
    "unit" : {
      "id" : 147,
      "name" : "gram",
      "plural" : "grams"
    },
    "mealTypeId" : 1
  },
  "logDate" : "2010-12-30",
  "favorite" : true
},{
  "logId" : 5765810,
  "loggedFood" : {
    "foodId" : 81555,
    "locale" : "en_US",
    "name" : "Apple Cider",
    "brand" : "",
    "accessLevel" : "PUBLIC",
    "units" : [209,189,128,364,349,91,256,279,401],
    "calories" : 31,
    "amount" : 2.0,
    "unit" : {
      "id" : 128,
      "name" : "fl oz",
      "plural" : "fl oz"
    },
    "mealTypeId" : 1
  },
  "logDate" : "2010-12-30",
  "favorite" : true
},{
  "logId" : 5765811,
  "loggedFood" : {
    "foodId" : 26553,
    "locale" : "en_US",
    "name" : "Banana, Raw",
    "brand" : "",
    "accessLevel" : "PUBLIC",
    "units" : [121,120,304,319,204,179,91,256,279,226,180,147,389],
    "calories" : 30,
    "amount" : 0.25,
    "unit" : {
      "id" : 179,
      "name" : "large",
      "plural" : "larges"
    },
    "mealTypeId" : 1
  },
  "logDate" : "2010-12-30",
  "favorite" : true
},{
  "logId" : 3772465,
  "loggedFood" : {
    "foodId" : 25037,
    "locale" : "en_US",
    "name" : "Almond, Raw",
    "brand" : "",
    "accessLevel" : "PUBLIC",
    "units" : [1,91,256,279,226,180,147,389],
    "calories" : 84,
    "amount" : 14.0,
    "unit" : {
      "id" : 1,
      "name" : "almond",
      "plural" : "almonds"
    },
    "mealTypeId" : 7
  },
  "logDate" : "2010-08-17",
  "favorite" : true
}]