[{
  "logId" : 86179012,
  "loggedFood" : {
    "foodId" : 0,
    "name" : "Frozen Mango, Pineapple Frozen, Agave, Milk, Milk",
    "brand" : "Lose It!",
    "accessLevel" : "PRIVATE",
    "units" : [201],
    "calories" : 330,
    "amount" : 1.0,
    "unit" : {
      "id" : 201,
      "name" : "meal",
      "plural" : "meals"
    },
    "mealTypeId" : 1
  },
  "nutritionalValues" : {
    "calories" : 330,
    "fat" : 9.8,
    "fiber" : 2.8,
    "carbs" : 24.8,
    "sodium" : 79.2,
    "protein" : 0.3
  },
  "logDate" : "2012-10-30",
  "favorite" : false
},{
  "logId" : 85937225,
  "loggedFood" : {
    "foodId" : 0,
    "name" : "Bar, Bar",
    "brand" : "Lose It!",
    "accessLevel" : "PRIVATE",
    "units" : [201],
    "calories" : 380,
    "amount" : 1.0,
    "unit" : {
      "id" : 201,
      "name" : "meal",
      "plural" : "meals"
    },
    "mealTypeId" : 3
  },
  "nutritionalValues" : {
    "calories" : 380,
    "fat" : 17.0,
    "fiber" : 4.0,
    "carbs" : 42.0,
    "sodium" : 450.0,
    "protein" : 19.0
  },
  "logDate" : "2012-10-29",
  "favorite" : false
},{
  "logId" : 85933452,
  "loggedFood" : {
    "foodId" : 0,
    "name" : "Milk",
    "brand" : "Lose It!",
    "accessLevel" : "PRIVATE",
    "units" : [201],
    "calories" : 15,
    "amount" : 1.0,
    "unit" : {
      "id" : 201,
      "name" : "meal",
      "plural" : "meals"
    },
    "mealTypeId" : 1
  },
  "nutritionalValues" : {
    "calories" : 15,
    "fat" : 0.6,
    "fiber" : 0.2,
    "carbs" : 2.0,
    "sodium" : 37.0,
    "protein" : 0.2
  },
  "logDate" : "2012-10-29",
  "favorite" : false
},{
  "logId" : 85286369,
  "loggedFood" : {
    "foodId" : 0,
    "name" : "Milk, Dagoba Cocoa, Wholesome, Blueberries",
    "brand" : "Lose It!",
    "accessLevel" : "PRIVATE",
    "units" : [201],
    "calories" : 345,
    "amount" : 1.0,
    "unit" : {
      "id" : 201,
      "name" : "meal",
      "plural" : "meals"
    },
    "mealTypeId" : 1
  },
  "nutritionalValues" : {
    "calories" : 345,
    "fat" : 5.5,
    "fiber" : 10.2,
    "carbs" : 62.4,
    "sodium" : 332.7,
    "protein" : 3.8
  },
  "logDate" : "2012-10-26",
  "favorite" : false
},{
  "logId" : 85051620,
  "loggedFood" : {
    "foodId" : 0,
    "name" : "Milk, Almond Butter, Peaches, Agave",
    "brand" : "Lose It!",
    "accessLevel" : "PRIVATE",
    "units" : [201],
    "calories" : 525,
    "amount" : 1.0,
    "unit" : {
      "id" : 201,
      "name" : "meal",
      "plural" : "meals"
    },
    "mealTypeId" : 1
  },
  "nutritionalValues" : {
    "calories" : 525,
    "fat" : 38.6,
    "fiber" : 4.6,
    "carbs" : 40.7,
    "sodium" : 333.0,
    "protein" : 9.9
  },
  "logDate" : "2012-10-25",
  "favorite" : false
},{
  "logId" : 83315589,
  "loggedFood" : {
    "foodId" : 0,
    "name" : "Mojo Bar - Chocolate Almond Coconut",
    "brand" : "Lose It!",
    "accessLevel" : "PRIVATE",
    "units" : [201],
    "calories" : 200,
    "amount" : 1.0,
    "unit" : {
      "id" : 201,
      "name" : "meal",
      "plural" : "meals"
    },
    "mealTypeId" : 3
  },
  "nutritionalValues" : {
    "calories" : 200,
    "fat" : 12.0,
    "fiber" : 3.0,
    "carbs" : 20.0,
    "sodium" : 180.0,
    "protein" : 8.0
  },
  "logDate" : "2012-10-18",
  "favorite" : false
},{
  "logId" : 83273971,
  "loggedFood" : {
    "foodId" : 0,
    "name" : "Almond Milk, Bagel, Cream Cheese",
    "brand" : "Lose It!",
    "accessLevel" : "PRIVATE",
    "units" : [201],
    "calories" : 355,
    "amount" : 1.0,
    "unit" : {
      "id" : 201,
      "name" : "meal",
      "plural" : "meals"
    },
    "mealTypeId" : 1
  },
  "nutritionalValues" : {
    "calories" : 355,
    "fat" : 8.6,
    "fiber" : 2.2,
    "carbs" : 60.0,
    "sodium" : 597.5,
    "protein" : 11.2
  },
  "logDate" : "2012-10-18",
  "favorite" : false
},{
  "logId" : 83069170,
  "loggedFood" : {
    "foodId" : 0,
    "name" : "Bar",
    "brand" : "Lose It!",
    "accessLevel" : "PRIVATE",
    "units" : [201],
    "calories" : 190,
    "amount" : 1.0,
    "unit" : {
      "id" : 201,
      "name" : "meal",
      "plural" : "meals"
    },
    "mealTypeId" : 1
  },
  "nutritionalValues" : {
    "calories" : 190,
    "fat" : 9.0,
    "fiber" : 2.0,
    "carbs" : 20.0,
    "sodium" : 220.0,
    "protein" : 9.0
  },
  "logDate" : "2012-10-17",
  "favorite" : false
},{
  "logId" : 82728814,
  "loggedFood" : {
    "foodId" : 0,
    "name" : "Almond Dream Unsweetened Original, Agave, Frozen Mango, Pineapple Frozen...",
    "brand" : "Lose It!",
    "accessLevel" : "PRIVATE",
    "units" : [201],
    "calories" : 323,
    "amount" : 1.0,
    "unit" : {
      "id" : 201,
      "name" : "meal",
      "plural" : "meals"
    },
    "mealTypeId" : 1
  },
  "nutritionalValues" : {
    "calories" : 323,
    "fat" : 9.9,
    "fiber" : 2.8,
    "carbs" : 22.9,
    "sodium" : 63.8,
    "protein" : 0.2
  },
  "logDate" : "2012-10-16",
  "favorite" : false
},{
  "logId" : 80177145,
  "loggedFood" : {
    "foodId" : 0,
    "name" : "Protein - Lt. Vanilla Whey",
    "brand" : "Lose It!",
    "accessLevel" : "PRIVATE",
    "units" : [201],
    "calories" : 140,
    "amount" : 1.0,
    "unit" : {
      "id" : 201,
      "name" : "meal",
      "plural" : "meals"
    },
    "mealTypeId" : 3
  },
  "nutritionalValues" : {
    "calories" : 140,
    "fat" : 4.0,
    "fiber" : 1.0,
    "carbs" : 6.0,
    "sodium" : 260.0,
    "protein" : 20.0
  },
  "logDate" : "2012-10-05",
  "favorite" : false
},{
  "logId" : 80177039,
  "loggedFood" : {
    "foodId" : 0,
    "name" : "Blueberries, Milk, Agave, Dagoba Cocoa",
    "brand" : "Lose It!",
    "accessLevel" : "PRIVATE",
    "units" : [201],
    "calories" : 400,
    "amount" : 1.0,
    "unit" : {
      "id" : 201,
      "name" : "meal",
      "plural" : "meals"
    },
    "mealTypeId" : 1
  },
  "nutritionalValues" : {
    "calories" : 400,
    "fat" : 6.8,
    "fiber" : 12.9,
    "carbs" : 71.2,
    "sodium" : 405.0,
    "protein" : 4.9
  },
  "logDate" : "2012-10-05",
  "favorite" : false
},{
  "logId" : 79816732,
  "loggedFood" : {
    "foodId" : 0,
    "name" : "Peaches, Agave, Almond Butter, Almond Dream Unsweetened Original",
    "brand" : "Lose It!",
    "accessLevel" : "PRIVATE",
    "units" : [201],
    "calories" : 528,
    "amount" : 1.0,
    "unit" : {
      "id" : 201,
      "name" : "meal",
      "plural" : "meals"
    },
    "mealTypeId" : 1
  },
  "nutritionalValues" : {
    "calories" : 528,
    "fat" : 38.7,
    "fiber" : 4.6,
    "carbs" : 41.0,
    "sodium" : 321.8,
    "protein" : 9.9
  },
  "logDate" : "2012-10-04",
  "favorite" : false
},{
  "logId" : 79549386,
  "loggedFood" : {
    "foodId" : 0,
    "name" : "Milk, Frozen Mango, Pineapple Frozen, Milk, Agave",
    "brand" : "Lose It!",
    "accessLevel" : "PRIVATE",
    "units" : [201],
    "calories" : 320,
    "amount" : 1.0,
    "unit" : {
      "id" : 201,
      "name" : "meal",
      "plural" : "meals"
    },
    "mealTypeId" : 1
  },
  "nutritionalValues" : {
    "calories" : 320,
    "fat" : 9.8,
    "fiber" : 2.8,
    "carbs" : 22.7,
    "sodium" : 75.0,
    "protein" : 0.2
  },
  "logDate" : "2012-10-03",
  "favorite" : false
},{
  "logId" : 78953760,
  "loggedFood" : {
    "foodId" : 0,
    "name" : "Milk",
    "brand" : "Lose It!",
    "accessLevel" : "PRIVATE",
    "units" : [201],
    "calories" : 10,
    "amount" : 1.0,
    "unit" : {
      "id" : 201,
      "name" : "meal",
      "plural" : "meals"
    },
    "mealTypeId" : 1
  },
  "nutritionalValues" : {
    "calories" : 10,
    "fat" : 0.8,
    "fiber" : 0.2,
    "carbs" : 0.5,
    "sodium" : 45.0,
    "protein" : 0.2
  },
  "logDate" : "2012-10-01",
  "favorite" : false
},{
  "logId" : 78301436,
  "loggedFood" : {
    "foodId" : 0,
    "name" : "Milk, Almond Butter, Peaches, Agave",
    "brand" : "Lose It!",
    "accessLevel" : "PRIVATE",
    "units" : [201],
    "calories" : 525,
    "amount" : 1.0,
    "unit" : {
      "id" : 201,
      "name" : "meal",
      "plural" : "meals"
    },
    "mealTypeId" : 1
  },
  "nutritionalValues" : {
    "calories" : 525,
    "fat" : 38.6,
    "fiber" : 4.6,
    "carbs" : 40.7,
    "sodium" : 333.0,
    "protein" : 9.9
  },
  "logDate" : "2012-09-28",
  "favorite" : false
},{
  "logId" : 77845810,
  "loggedFood" : {
    "foodId" : 0,
    "name" : "Protein Recovery Shake",
    "brand" : "Lose It!",
    "accessLevel" : "PRIVATE",
    "units" : [201],
    "calories" : 290,
    "amount" : 1.0,
    "unit" : {
      "id" : 201,
      "name" : "meal",
      "plural" : "meals"
    },
    "mealTypeId" : 3
  },
  "nutritionalValues" : {
    "calories" : 290,
    "fat" : 5.0,
    "fiber" : 3.0,
    "carbs" : 25.0,
    "sodium" : 270.0,
    "protein" : 35.0
  },
  "logDate" : "2012-09-26",
  "favorite" : false
},{
  "logId" : 77846786,
  "loggedFood" : {
    "foodId" : 0,
    "name" : "Strawberries, Almond Butter",
    "brand" : "Lose It!",
    "accessLevel" : "PRIVATE",
    "units" : [201],
    "calories" : 560,
    "amount" : 1.0,
    "unit" : {
      "id" : 201,
      "name" : "meal",
      "plural" : "meals"
    },
    "mealTypeId" : 1
  },
  "nutritionalValues" : {
    "calories" : 560,
    "fat" : 38.3,
    "fiber" : 11.6,
    "carbs" : 53.9,
    "sodium" : 296.8,
    "protein" : 11.6
  },
  "logDate" : "2012-09-26",
  "favorite" : false
},{
  "logId" : 77466589,
  "loggedFood" : {
    "foodId" : 0,
    "name" : "Milk, Donut",
    "brand" : "Lose It!",
    "accessLevel" : "PRIVATE",
    "units" : [201],
    "calories" : 710,
    "amount" : 1.0,
    "unit" : {
      "id" : 201,
      "name" : "meal",
      "plural" : "meals"
    },
    "mealTypeId" : 1
  },
  "nutritionalValues" : {
    "calories" : 710,
    "fat" : 38.8,
    "fiber" : 2.2,
    "carbs" : 78.5,
    "sodium" : 725.0,
    "protein" : 6.2
  },
  "logDate" : "2012-09-25",
  "favorite" : false
},{
  "logId" : 77227207,
  "loggedFood" : {
    "foodId" : 0,
    "name" : "Candy, Candy",
    "brand" : "Lose It!",
    "accessLevel" : "PRIVATE",
    "units" : [201],
    "calories" : 249,
    "amount" : 1.0,
    "unit" : {
      "id" : 201,
      "name" : "meal",
      "plural" : "meals"
    },
    "mealTypeId" : 7
  },
  "nutritionalValues" : {
    "calories" : 249,
    "fat" : 11.6,
    "fiber" : 1.0,
    "carbs" : 31.9,
    "sodium" : 20.0,
    "protein" : 4.0
  },
  "logDate" : "2012-09-24",
  "favorite" : false
},{
  "logId" : 77199042,
  "loggedFood" : {
    "foodId" : 0,
    "name" : "Frozen Mango, Pineapple Frozen, Milk, Agave, Milk",
    "brand" : "Lose It!",
    "accessLevel" : "PRIVATE",
    "units" : [201],
    "calories" : 320,
    "amount" : 1.0,
    "unit" : {
      "id" : 201,
      "name" : "meal",
      "plural" : "meals"
    },
    "mealTypeId" : 1
  },
  "nutritionalValues" : {
    "calories" : 320,
    "fat" : 9.8,
    "fiber" : 2.8,
    "carbs" : 22.7,
    "sodium" : 75.0,
    "protein" : 0.2
  },
  "logDate" : "2012-09-24",
  "favorite" : false
},{
  "logId" : 75922009,
  "loggedFood" : {
    "foodId" : 0,
    "name" : "Almond Butter, Agave, Strawberries, Peaches",
    "brand" : "Lose It!",
    "accessLevel" : "PRIVATE",
    "units" : [201],
    "calories" : 519,
    "amount" : 1.0,
    "unit" : {
      "id" : 201,
      "name" : "meal",
      "plural" : "meals"
    },
    "mealTypeId" : 1
  },
  "nutritionalValues" : {
    "calories" : 519,
    "fat" : 37.9,
    "fiber" : 5.7,
    "carbs" : 42.3,
    "sodium" : 290.2,
    "protein" : 10.1
  },
  "logDate" : "2012-09-19",
  "favorite" : false
},{
  "logId" : 75725828,
  "loggedFood" : {
    "foodId" : 0,
    "name" : "Protein Recovery Shake",
    "brand" : "Lose It!",
    "accessLevel" : "PRIVATE",
    "units" : [201],
    "calories" : 290,
    "amount" : 1.0,
    "unit" : {
      "id" : 201,
      "name" : "meal",
      "plural" : "meals"
    },
    "mealTypeId" : 3
  },
  "nutritionalValues" : {
    "calories" : 290,
    "fat" : 5.0,
    "fiber" : 3.0,
    "carbs" : 25.0,
    "sodium" : 270.0,
    "protein" : 35.0
  },
  "logDate" : "2012-09-18",
  "favorite" : false
},{
  "logId" : 75625323,
  "loggedFood" : {
    "foodId" : 0,
    "name" : "Pineapple Frozen, Frozen Mango, Milk, Agave, Almond Dream Unsweetened Or...",
    "brand" : "Lose It!",
    "accessLevel" : "PRIVATE",
    "units" : [201],
    "calories" : 323,
    "amount" : 1.0,
    "unit" : {
      "id" : 201,
      "name" : "meal",
      "plural" : "meals"
    },
    "mealTypeId" : 1
  },
  "nutritionalValues" : {
    "calories" : 323,
    "fat" : 9.9,
    "fiber" : 2.8,
    "carbs" : 22.9,
    "sodium" : 63.8,
    "protein" : 0.2
  },
  "logDate" : "2012-09-18",
  "favorite" : false
},{
  "logId" : 73569135,
  "loggedFood" : {
    "foodId" : 0,
    "name" : "Almond Dream Unsweetened Original, Frozen Mango, Pineapple Frozen, Milk,...",
    "brand" : "Lose It!",
    "accessLevel" : "PRIVATE",
    "units" : [201],
    "calories" : 323,
    "amount" : 1.0,
    "unit" : {
      "id" : 201,
      "name" : "meal",
      "plural" : "meals"
    },
    "mealTypeId" : 1
  },
  "nutritionalValues" : {
    "calories" : 323,
    "fat" : 9.9,
    "fiber" : 2.8,
    "carbs" : 22.9,
    "sodium" : 63.8,
    "protein" : 0.2
  },
  "logDate" : "2012-09-10",
  "favorite" : false
},{
  "logId" : 72112331,
  "loggedFood" : {
    "foodId" : 0,
    "name" : "Chips, Sandwich, Dark Chocolate 72% cocoa with blueberries , Mayonnaise,...",
    "brand" : "Lose It!",
    "accessLevel" : "PRIVATE",
    "units" : [201],
    "calories" : 705,
    "amount" : 1.0,
    "unit" : {
      "id" : 201,
      "name" : "meal",
      "plural" : "meals"
    },
    "mealTypeId" : 3
  },
  "nutritionalValues" : {
    "calories" : 705,
    "fat" : 33.9,
    "fiber" : 10.1,
    "carbs" : 93.2,
    "sodium" : 1147.5,
    "protein" : 16.5
  },
  "logDate" : "2012-09-04",
  "favorite" : false
},{
  "logId" : 72065929,
  "loggedFood" : {
    "foodId" : 0,
    "name" : "Almond Dream Unsweetened Original",
    "brand" : "Lose It!",
    "accessLevel" : "PRIVATE",
    "units" : [201],
    "calories" : 17,
    "amount" : 1.0,
    "unit" : {
      "id" : 201,
      "name" : "meal",
      "plural" : "meals"
    },
    "mealTypeId" : 1
  },
  "nutritionalValues" : {
    "calories" : 17,
    "fat" : 1.2,
    "fiber" : 0.3,
    "carbs" : 1.0,
    "sodium" : 45.0,
    "protein" : 0.3
  },
  "logDate" : "2012-09-04",
  "favorite" : false
},{
  "logId" : 70951806,
  "loggedFood" : {
    "foodId" : 0,
    "name" : "Burrito, Dark Chocolate 72% cocoa with blueberries",
    "brand" : "Lose It!",
    "accessLevel" : "PRIVATE",
    "units" : [201],
    "calories" : 385,
    "amount" : 1.0,
    "unit" : {
      "id" : 201,
      "name" : "meal",
      "plural" : "meals"
    },
    "mealTypeId" : 3
  },
  "nutritionalValues" : {
    "calories" : 385,
    "fat" : 8.0,
    "fiber" : 2.5,
    "carbs" : 11.0,
    "sodium" : 0.0,
    "protein" : 1.5
  },
  "logDate" : "2012-08-30",
  "favorite" : false
},{
  "logId" : 70945564,
  "loggedFood" : {
    "foodId" : 0,
    "name" : "Bagel, Cream Cheese, Milk",
    "brand" : "Lose It!",
    "accessLevel" : "PRIVATE",
    "units" : [201],
    "calories" : 350,
    "amount" : 1.0,
    "unit" : {
      "id" : 201,
      "name" : "meal",
      "plural" : "meals"
    },
    "mealTypeId" : 1
  },
  "nutritionalValues" : {
    "calories" : 350,
    "fat" : 8.8,
    "fiber" : 2.2,
    "carbs" : 58.5,
    "sodium" : 605.0,
    "protein" : 11.2
  },
  "logDate" : "2012-08-30",
  "favorite" : false
},{
  "logId" : 70625311,
  "loggedFood" : {
    "foodId" : 0,
    "name" : "Strawberries, Almond Butter, Almond Dream Unsweetened Original, Agave",
    "brand" : "Lose It!",
    "accessLevel" : "PRIVATE",
    "units" : [201],
    "calories" : 371,
    "amount" : 1.0,
    "unit" : {
      "id" : 201,
      "name" : "meal",
      "plural" : "meals"
    },
    "mealTypeId" : 1
  },
  "nutritionalValues" : {
    "calories" : 371,
    "fat" : 20.2,
    "fiber" : 8.4,
    "carbs" : 48.5,
    "sodium" : 184.4,
    "protein" : 6.5
  },
  "logDate" : "2012-08-29",
  "favorite" : false
},{
  "logId" : 70296975,
  "loggedFood" : {
    "foodId" : 0,
    "name" : "Blueberries, Milk, Agave, Dagoba Cocoa",
    "brand" : "Lose It!",
    "accessLevel" : "PRIVATE",
    "units" : [201],
    "calories" : 400,
    "amount" : 1.0,
    "unit" : {
      "id" : 201,
      "name" : "meal",
      "plural" : "meals"
    },
    "mealTypeId" : 1
  },
  "nutritionalValues" : {
    "calories" : 400,
    "fat" : 6.8,
    "fiber" : 12.9,
    "carbs" : 71.2,
    "sodium" : 405.0,
    "protein" : 4.9
  },
  "logDate" : "2012-08-28",
  "favorite" : false
},{
  "logId" : 70024650,
  "loggedFood" : {
    "foodId" : 0,
    "name" : "Almond Dream Unsweetened Original",
    "brand" : "Lose It!",
    "accessLevel" : "PRIVATE",
    "units" : [201],
    "calories" : 13,
    "amount" : 1.0,
    "unit" : {
      "id" : 201,
      "name" : "meal",
      "plural" : "meals"
    },
    "mealTypeId" : 1
  },
  "nutritionalValues" : {
    "calories" : 13,
    "fat" : 0.9,
    "fiber" : 0.2,
    "carbs" : 0.8,
    "sodium" : 33.8,
    "protein" : 0.2
  },
  "logDate" : "2012-08-27",
  "favorite" : false
},{
  "logId" : 68581250,
  "loggedFood" : {
    "foodId" : 0,
    "name" : "Almond Butter, Agave, Strawberries, Almond Dream Unsweetened Original",
    "brand" : "Lose It!",
    "accessLevel" : "PRIVATE",
    "units" : [201],
    "calories" : 535,
    "amount" : 1.0,
    "unit" : {
      "id" : 201,
      "name" : "meal",
      "plural" : "meals"
    },
    "mealTypeId" : 1
  },
  "nutritionalValues" : {
    "calories" : 535,
    "fat" : 38.9,
    "fiber" : 7.3,
    "carbs" : 45.2,
    "sodium" : 326.2,
    "protein" : 10.9
  },
  "logDate" : "2012-08-21",
  "favorite" : false
},{
  "logId" : 68374932,
  "loggedFood" : {
    "foodId" : 0,
    "name" : "Candy",
    "brand" : "Lose It!",
    "accessLevel" : "PRIVATE",
    "units" : [201],
    "calories" : 35,
    "amount" : 1.0,
    "unit" : {
      "id" : 201,
      "name" : "meal",
      "plural" : "meals"
    },
    "mealTypeId" : 7
  },
  "nutritionalValues" : {
    "calories" : 35,
    "fat" : 0.0,
    "fiber" : 0.0,
    "carbs" : 14.0,
    "sodium" : 0.0,
    "protein" : 0.0
  },
  "logDate" : "2012-08-20",
  "favorite" : false
},{
  "logId" : 68375903,
  "loggedFood" : {
    "foodId" : 0,
    "name" : "Protein - Lt. Vanilla Whey",
    "brand" : "Lose It!",
    "accessLevel" : "PRIVATE",
    "units" : [201],
    "calories" : 140,
    "amount" : 1.0,
    "unit" : {
      "id" : 201,
      "name" : "meal",
      "plural" : "meals"
    },
    "mealTypeId" : 3
  },
  "nutritionalValues" : {
    "calories" : 140,
    "fat" : 4.0,
    "fiber" : 1.0,
    "carbs" : 6.0,
    "sodium" : 260.0,
    "protein" : 20.0
  },
  "logDate" : "2012-08-20",
  "favorite" : false
},{
  "logId" : 68374929,
  "loggedFood" : {
    "foodId" : 0,
    "name" : "Almond Butter, Peaches, Agave",
    "brand" : "Lose It!",
    "accessLevel" : "PRIVATE",
    "units" : [201],
    "calories" : 515,
    "amount" : 1.0,
    "unit" : {
      "id" : 201,
      "name" : "meal",
      "plural" : "meals"
    },
    "mealTypeId" : 1
  },
  "nutritionalValues" : {
    "calories" : 515,
    "fat" : 37.8,
    "fiber" : 4.4,
    "carbs" : 40.2,
    "sodium" : 288.0,
    "protein" : 9.7
  },
  "logDate" : "2012-08-20",
  "favorite" : false
},{
  "logId" : 64735956,
  "loggedFood" : {
    "foodId" : 0,
    "name" : "Almond Butter, Agave, Peaches, Almond Dream Unsweetened Original",
    "brand" : "Lose It!",
    "accessLevel" : "PRIVATE",
    "units" : [201],
    "calories" : 528,
    "amount" : 1.0,
    "unit" : {
      "id" : 201,
      "name" : "meal",
      "plural" : "meals"
    },
    "mealTypeId" : 1
  },
  "nutritionalValues" : {
    "calories" : 528,
    "fat" : 38.7,
    "fiber" : 4.6,
    "carbs" : 41.0,
    "sodium" : 321.8,
    "protein" : 9.9
  },
  "logDate" : "2012-08-06",
  "favorite" : false
},{
  "logId" : 64125754,
  "loggedFood" : {
    "foodId" : 0,
    "name" : "Amy's Cheese Enchiladas, Endangered Species 88% Dark Chocolate (85g=1bar)...",
    "brand" : "Lose It!",
    "accessLevel" : "PRIVATE",
    "units" : [201],
    "calories" : 564,
    "amount" : 1.0,
    "unit" : {
      "id" : 201,
      "name" : "meal",
      "plural" : "meals"
    },
    "mealTypeId" : 3
  },
  "nutritionalValues" : {
    "calories" : 564,
    "fat" : 36.0,
    "fiber" : 8.4,
    "carbs" : 42.8,
    "sodium" : 880.0,
    "protein" : 19.6
  },
  "logDate" : "2012-08-03",
  "favorite" : false
},{
  "logId" : 64093771,
  "loggedFood" : {
    "foodId" : 0,
    "name" : "Raspberries, Blueberries, Avocado, Agave, Milk, Almond Dream Unsweetened...",
    "brand" : "Lose It!",
    "accessLevel" : "PRIVATE",
    "units" : [201],
    "calories" : 448,
    "amount" : 1.0,
    "unit" : {
      "id" : 201,
      "name" : "meal",
      "plural" : "meals"
    },
    "mealTypeId" : 1
  },
  "nutritionalValues" : {
    "calories" : 448,
    "fat" : 15.7,
    "fiber" : 19.6,
    "carbs" : 71.9,
    "sodium" : 59.8,
    "protein" : 6.8
  },
  "logDate" : "2012-08-03",
  "favorite" : false
},{
  "logId" : 61540396,
  "loggedFood" : {
    "foodId" : 0,
    "name" : "Amy's Tomale Verde, Candy",
    "brand" : "Lose It!",
    "accessLevel" : "PRIVATE",
    "units" : [201],
    "calories" : 458,
    "amount" : 1.0,
    "unit" : {
      "id" : 201,
      "name" : "meal",
      "plural" : "meals"
    },
    "mealTypeId" : 3
  },
  "nutritionalValues" : {
    "calories" : 458,
    "fat" : 15.2,
    "fiber" : 12.0,
    "carbs" : 73.8,
    "sodium" : 806.2,
    "protein" : 8.5
  },
  "logDate" : "2012-07-24",
  "favorite" : false
},{
  "logId" : 61493594,
  "loggedFood" : {
    "foodId" : 0,
    "name" : "Almond Butter, Peaches, Agave",
    "brand" : "Lose It!",
    "accessLevel" : "PRIVATE",
    "units" : [201],
    "calories" : 515,
    "amount" : 1.0,
    "unit" : {
      "id" : 201,
      "name" : "meal",
      "plural" : "meals"
    },
    "mealTypeId" : 1
  },
  "nutritionalValues" : {
    "calories" : 515,
    "fat" : 37.8,
    "fiber" : 4.4,
    "carbs" : 40.2,
    "sodium" : 288.0,
    "protein" : 9.7
  },
  "logDate" : "2012-07-24",
  "favorite" : false
},{
  "logId" : 60557177,
  "loggedFood" : {
    "foodId" : 0,
    "name" : "Almond Dream Unsweetened Original, Agave, Dagoba Cocoa, Blueberries",
    "brand" : "Lose It!",
    "accessLevel" : "PRIVATE",
    "units" : [201],
    "calories" : 422,
    "amount" : 1.0,
    "unit" : {
      "id" : 201,
      "name" : "meal",
      "plural" : "meals"
    },
    "mealTypeId" : 1
  },
  "nutritionalValues" : {
    "calories" : 422,
    "fat" : 7.9,
    "fiber" : 12.9,
    "carbs" : 73.4,
    "sodium" : 303.8,
    "protein" : 4.9
  },
  "logDate" : "2012-07-20",
  "favorite" : false
},{
  "logId" : 59754980,
  "loggedFood" : {
    "foodId" : 0,
    "name" : "Almond Butter, Agave, Strawberries",
    "brand" : "Lose It!",
    "accessLevel" : "PRIVATE",
    "units" : [201],
    "calories" : 522,
    "amount" : 1.0,
    "unit" : {
      "id" : 201,
      "name" : "meal",
      "plural" : "meals"
    },
    "mealTypeId" : 1
  },
  "nutritionalValues" : {
    "calories" : 522,
    "fat" : 38.1,
    "fiber" : 7.0,
    "carbs" : 44.4,
    "sodium" : 292.4,
    "protein" : 10.6
  },
  "logDate" : "2012-07-17",
  "favorite" : false
},{
  "logId" : 59467984,
  "loggedFood" : {
    "foodId" : 0,
    "name" : "Strawberries, Almond Butter, Agave, Milk",
    "brand" : "Lose It!",
    "accessLevel" : "PRIVATE",
    "units" : [201],
    "calories" : 532,
    "amount" : 1.0,
    "unit" : {
      "id" : 201,
      "name" : "meal",
      "plural" : "meals"
    },
    "mealTypeId" : 1
  },
  "nutritionalValues" : {
    "calories" : 532,
    "fat" : 38.8,
    "fiber" : 7.3,
    "carbs" : 44.9,
    "sodium" : 337.4,
    "protein" : 10.9
  },
  "logDate" : "2012-07-16",
  "favorite" : false
},{
  "logId" : 57745335,
  "loggedFood" : {
    "foodId" : 0,
    "name" : "Fiberful Dried Fruit Bar",
    "brand" : "Lose It!",
    "accessLevel" : "PRIVATE",
    "units" : [201],
    "calories" : 60,
    "amount" : 1.0,
    "unit" : {
      "id" : 201,
      "name" : "meal",
      "plural" : "meals"
    },
    "mealTypeId" : 7
  },
  "nutritionalValues" : {
    "calories" : 60,
    "fat" : 0.0,
    "fiber" : 6.0,
    "carbs" : 14.0,
    "sodium" : 5.0,
    "protein" : 1.0
  },
  "logDate" : "2012-07-09",
  "favorite" : false
},{
  "logId" : 57761074,
  "loggedFood" : {
    "foodId" : 0,
    "name" : "Pizza (traditional four cheese)",
    "brand" : "Lose It!",
    "accessLevel" : "PRIVATE",
    "units" : [201],
    "calories" : 350,
    "amount" : 1.0,
    "unit" : {
      "id" : 201,
      "name" : "meal",
      "plural" : "meals"
    },
    "mealTypeId" : 3
  },
  "nutritionalValues" : {
    "calories" : 350,
    "fat" : 6.0,
    "fiber" : 3.0,
    "carbs" : 57.0,
    "sodium" : 580.0,
    "protein" : 19.0
  },
  "logDate" : "2012-07-09",
  "favorite" : false
},{
  "logId" : 57726022,
  "loggedFood" : {
    "foodId" : 0,
    "name" : "Almond Butter, Agave, Strawberries",
    "brand" : "Lose It!",
    "accessLevel" : "PRIVATE",
    "units" : [201],
    "calories" : 359,
    "amount" : 1.0,
    "unit" : {
      "id" : 201,
      "name" : "meal",
      "plural" : "meals"
    },
    "mealTypeId" : 1
  },
  "nutritionalValues" : {
    "calories" : 359,
    "fat" : 19.3,
    "fiber" : 8.1,
    "carbs" : 47.7,
    "sodium" : 150.6,
    "protein" : 6.3
  },
  "logDate" : "2012-07-09",
  "favorite" : false
},{
  "logId" : 56855897,
  "loggedFood" : {
    "foodId" : 0,
    "name" : "Almond Dream Unsweetened Original, Blueberries, Agave, Dagoba Cocoa",
    "brand" : "Lose It!",
    "accessLevel" : "PRIVATE",
    "units" : [201],
    "calories" : 422,
    "amount" : 1.0,
    "unit" : {
      "id" : 201,
      "name" : "meal",
      "plural" : "meals"
    },
    "mealTypeId" : 1
  },
  "nutritionalValues" : {
    "calories" : 422,
    "fat" : 7.9,
    "fiber" : 12.9,
    "carbs" : 73.4,
    "sodium" : 303.8,
    "protein" : 4.9
  },
  "logDate" : "2012-07-05",
  "favorite" : false
},{
  "logId" : 56446972,
  "loggedFood" : {
    "foodId" : 0,
    "name" : "Amy's Cheese enchilada, Chocolate 72% almonds and cranberries",
    "brand" : "Lose It!",
    "accessLevel" : "PRIVATE",
    "units" : [201],
    "calories" : 648,
    "amount" : 1.0,
    "unit" : {
      "id" : 201,
      "name" : "meal",
      "plural" : "meals"
    },
    "mealTypeId" : 3
  },
  "nutritionalValues" : {
    "calories" : 648,
    "fat" : 41.6,
    "fiber" : 10.0,
    "carbs" : 52.8,
    "sodium" : 880.0,
    "protein" : 20.4
  },
  "logDate" : "2012-07-03",
  "favorite" : false
},{
  "logId" : 56414910,
  "loggedFood" : {
    "foodId" : 0,
    "name" : "Almond Butter, Agave, Strawberries, Frozen Mango",
    "brand" : "Lose It!",
    "accessLevel" : "PRIVATE",
    "units" : [201],
    "calories" : 364,
    "amount" : 1.0,
    "unit" : {
      "id" : 201,
      "name" : "meal",
      "plural" : "meals"
    },
    "mealTypeId" : 1
  },
  "nutritionalValues" : {
    "calories" : 364,
    "fat" : 19.2,
    "fiber" : 7.0,
    "carbs" : 42.7,
    "sodium" : 149.5,
    "protein" : 6.0
  },
  "logDate" : "2012-07-03",
  "favorite" : false
},{
  "logId" : 56203333,
  "loggedFood" : {
    "foodId" : 0,
    "name" : "Pizza, Chocolate 72% almonds and cranberries",
    "brand" : "Lose It!",
    "accessLevel" : "PRIVATE",
    "units" : [201],
    "calories" : 444,
    "amount" : 1.0,
    "unit" : {
      "id" : 201,
      "name" : "meal",
      "plural" : "meals"
    },
    "mealTypeId" : 3
  },
  "nutritionalValues" : {
    "calories" : 444,
    "fat" : 12.8,
    "fiber" : 5.9,
    "carbs" : 8.4,
    "sodium" : 648.0,
    "protein" : 21.2
  },
  "logDate" : "2012-07-02",
  "favorite" : false
},{
  "logId" : 56197810,
  "loggedFood" : {
    "foodId" : 0,
    "name" : "Frozen Mango, Pineapple Frozen, Agave, Milk",
    "brand" : "Lose It!",
    "accessLevel" : "PRIVATE",
    "units" : [201],
    "calories" : 320,
    "amount" : 1.0,
    "unit" : {
      "id" : 201,
      "name" : "meal",
      "plural" : "meals"
    },
    "mealTypeId" : 1
  },
  "nutritionalValues" : {
    "calories" : 320,
    "fat" : 10.0,
    "fiber" : 0.5,
    "carbs" : 20.2,
    "sodium" : 30.0,
    "protein" : 2.0
  },
  "logDate" : "2012-07-02",
  "favorite" : false
},{
  "logId" : 55292855,
  "loggedFood" : {
    "foodId" : 0,
    "name" : "Milk, Blueberries, Agave, Dagoba Cocoa",
    "brand" : "Lose It!",
    "accessLevel" : "PRIVATE",
    "units" : [201],
    "calories" : 400,
    "amount" : 1.0,
    "unit" : {
      "id" : 201,
      "name" : "meal",
      "plural" : "meals"
    },
    "mealTypeId" : 1
  },
  "nutritionalValues" : {
    "calories" : 400,
    "fat" : 6.8,
    "fiber" : 12.9,
    "carbs" : 71.2,
    "sodium" : 405.0,
    "protein" : 4.9
  },
  "logDate" : "2012-06-28",
  "favorite" : false
},{
  "logId" : 55065252,
  "loggedFood" : {
    "foodId" : 0,
    "name" : "Enchilada, Endangered Species 88% Dark Chocolate (85g=1bar)",
    "brand" : "Lose It!",
    "accessLevel" : "PRIVATE",
    "units" : [201],
    "calories" : 404,
    "amount" : 1.0,
    "unit" : {
      "id" : 201,
      "name" : "meal",
      "plural" : "meals"
    },
    "mealTypeId" : 3
  },
  "nutritionalValues" : {
    "calories" : 404,
    "fat" : 20.0,
    "fiber" : 8.4,
    "carbs" : 50.8,
    "sodium" : 780.0,
    "protein" : 11.6
  },
  "logDate" : "2012-06-27",
  "favorite" : false
},{
  "logId" : 55010917,
  "loggedFood" : {
    "foodId" : 0,
    "name" : "Milk, Milk, Pineapple Frozen, Frozen Mango, Agave",
    "brand" : "Lose It!",
    "accessLevel" : "PRIVATE",
    "units" : [201],
    "calories" : 411,
    "amount" : 1.0,
    "unit" : {
      "id" : 201,
      "name" : "meal",
      "plural" : "meals"
    },
    "mealTypeId" : 1
  },
  "nutritionalValues" : {
    "calories" : 411,
    "fat" : 10.9,
    "fiber" : 3.5,
    "carbs" : 30.7,
    "sodium" : 78.8,
    "protein" : 0.2
  },
  "logDate" : "2012-06-27",
  "favorite" : false
},{
  "logId" : 54809672,
  "loggedFood" : {
    "foodId" : 0,
    "name" : "Jalapeno Chips, Sandwich",
    "brand" : "Lose It!",
    "accessLevel" : "PRIVATE",
    "units" : [201],
    "calories" : 670,
    "amount" : 1.0,
    "unit" : {
      "id" : 201,
      "name" : "meal",
      "plural" : "meals"
    },
    "mealTypeId" : 3
  },
  "nutritionalValues" : {
    "calories" : 670,
    "fat" : 17.0,
    "fiber" : 12.0,
    "carbs" : 112.0,
    "sodium" : 1000.0,
    "protein" : 21.0
  },
  "logDate" : "2012-06-26",
  "favorite" : false
},{
  "logId" : 54807195,
  "loggedFood" : {
    "foodId" : 0,
    "name" : "Almond Butter HT Smooth, Peaches, Agave",
    "brand" : "Lose It!",
    "accessLevel" : "PRIVATE",
    "units" : [201],
    "calories" : 470,
    "amount" : 1.0,
    "unit" : {
      "id" : 201,
      "name" : "meal",
      "plural" : "meals"
    },
    "mealTypeId" : 1
  },
  "nutritionalValues" : {
    "calories" : 470,
    "fat" : 32.0,
    "fiber" : 10.0,
    "carbs" : 40.7,
    "sodium" : 0.0,
    "protein" : 10.0
  },
  "logDate" : "2012-06-26",
  "favorite" : false
},{
  "logId" : 54514225,
  "loggedFood" : {
    "foodId" : 0,
    "name" : "Enchilada, York Peppermint Patties",
    "brand" : "Lose It!",
    "accessLevel" : "PRIVATE",
    "units" : [201],
    "calories" : 520,
    "amount" : 1.0,
    "unit" : {
      "id" : 201,
      "name" : "meal",
      "plural" : "meals"
    },
    "mealTypeId" : 3
  },
  "nutritionalValues" : {
    "calories" : 520,
    "fat" : 16.0,
    "fiber" : 6.7,
    "carbs" : 88.0,
    "sodium" : 800.0,
    "protein" : 10.7
  },
  "logDate" : "2012-06-25",
  "favorite" : false
},{
  "logId" : 54454237,
  "loggedFood" : {
    "foodId" : 0,
    "name" : "Blueberries, Milk, Agave, Dagoba Cocoa",
    "brand" : "Lose It!",
    "accessLevel" : "PRIVATE",
    "units" : [201],
    "calories" : 400,
    "amount" : 1.0,
    "unit" : {
      "id" : 201,
      "name" : "meal",
      "plural" : "meals"
    },
    "mealTypeId" : 1
  },
  "nutritionalValues" : {
    "calories" : 400,
    "fat" : 6.8,
    "fiber" : 12.9,
    "carbs" : 71.2,
    "sodium" : 405.0,
    "protein" : 4.9
  },
  "logDate" : "2012-06-25",
  "favorite" : false
},{
  "logId" : 53545014,
  "loggedFood" : {
    "foodId" : 0,
    "name" : "Milk",
    "brand" : "Lose It!",
    "accessLevel" : "PRIVATE",
    "units" : [201],
    "calories" : 10,
    "amount" : 1.0,
    "unit" : {
      "id" : 201,
      "name" : "meal",
      "plural" : "meals"
    },
    "mealTypeId" : 1
  },
  "nutritionalValues" : {
    "calories" : 10,
    "fat" : 0.8,
    "fiber" : 0.2,
    "carbs" : 0.5,
    "sodium" : 45.0,
    "protein" : 0.2
  },
  "logDate" : "2012-06-21",
  "favorite" : false
},{
  "logId" : 53281224,
  "loggedFood" : {
    "foodId" : 0,
    "name" : "Blueberries, Milk, Agave, Dagoba Cocoa",
    "brand" : "Lose It!",
    "accessLevel" : "PRIVATE",
    "units" : [201],
    "calories" : 400,
    "amount" : 1.0,
    "unit" : {
      "id" : 201,
      "name" : "meal",
      "plural" : "meals"
    },
    "mealTypeId" : 1
  },
  "nutritionalValues" : {
    "calories" : 400,
    "fat" : 6.8,
    "fiber" : 12.9,
    "carbs" : 71.2,
    "sodium" : 405.0,
    "protein" : 4.9
  },
  "logDate" : "2012-06-20",
  "favorite" : false
},{
  "logId" : 53092083,
  "loggedFood" : {
    "foodId" : 0,
    "name" : "Protein - Lt. Vanilla Whey",
    "brand" : "Lose It!",
    "accessLevel" : "PRIVATE",
    "units" : [201],
    "calories" : 140,
    "amount" : 1.0,
    "unit" : {
      "id" : 201,
      "name" : "meal",
      "plural" : "meals"
    },
    "mealTypeId" : 3
  },
  "nutritionalValues" : {
    "calories" : 140,
    "fat" : 4.0,
    "fiber" : 1.0,
    "carbs" : 6.0,
    "sodium" : 260.0,
    "protein" : 20.0
  },
  "logDate" : "2012-06-19",
  "favorite" : false
},{
  "logId" : 53094238,
  "loggedFood" : {
    "foodId" : 0,
    "name" : "Almond Dream Unsweetened Original, Bagel, Cream Cheese, Candy",
    "brand" : "Lose It!",
    "accessLevel" : "PRIVATE",
    "units" : [201],
    "calories" : 448,
    "amount" : 1.0,
    "unit" : {
      "id" : 201,
      "name" : "meal",
      "plural" : "meals"
    },
    "mealTypeId" : 1
  },
  "nutritionalValues" : {
    "calories" : 448,
    "fat" : 14.6,
    "fiber" : 2.4,
    "carbs" : 70.0,
    "sodium" : 592.6,
    "protein" : 12.2
  },
  "logDate" : "2012-06-19",
  "favorite" : false
},{
  "logId" : 52825264,
  "loggedFood" : {
    "foodId" : 0,
    "name" : "Sandwich",
    "brand" : "Lose It!",
    "accessLevel" : "PRIVATE",
    "units" : [201],
    "calories" : 460,
    "amount" : 1.0,
    "unit" : {
      "id" : 201,
      "name" : "meal",
      "plural" : "meals"
    },
    "mealTypeId" : 3
  },
  "nutritionalValues" : {
    "calories" : 460,
    "fat" : 5.0,
    "fiber" : 10.0,
    "carbs" : 90.0,
    "sodium" : 820.0,
    "protein" : 18.0
  },
  "logDate" : "2012-06-18",
  "favorite" : false
},{
  "logId" : 52717577,
  "loggedFood" : {
    "foodId" : 0,
    "name" : "Raspberries, Blueberries, Milk, Agave, Avocado, Almond Dream Unsweetened...",
    "brand" : "Lose It!",
    "accessLevel" : "PRIVATE",
    "units" : [201],
    "calories" : 521,
    "amount" : 1.0,
    "unit" : {
      "id" : 201,
      "name" : "meal",
      "plural" : "meals"
    },
    "mealTypeId" : 1
  },
  "nutritionalValues" : {
    "calories" : 521,
    "fat" : 22.4,
    "fiber" : 24.5,
    "carbs" : 77.7,
    "sodium" : 63.3,
    "protein" : 6.3
  },
  "logDate" : "2012-06-18",
  "favorite" : false
},{
  "logId" : 51919428,
  "loggedFood" : {
    "foodId" : 0,
    "name" : "Activia, Dark Chocolate with Hazelnut Toffee",
    "brand" : "Lose It!",
    "accessLevel" : "PRIVATE",
    "units" : [201],
    "calories" : 222,
    "amount" : 1.0,
    "unit" : {
      "id" : 201,
      "name" : "meal",
      "plural" : "meals"
    },
    "mealTypeId" : 7
  },
  "nutritionalValues" : {
    "calories" : 222,
    "fat" : 11.6,
    "fiber" : 2.1,
    "carbs" : 30.2,
    "sodium" : 80.3,
    "protein" : 6.6
  },
  "logDate" : "2012-06-14",
  "favorite" : false
},{
  "logId" : 51904622,
  "loggedFood" : {
    "foodId" : 0,
    "name" : "Cheese Enchilada w/ beans & corn, Dark Chocolate with Hazelnut Toffee",
    "brand" : "Lose It!",
    "accessLevel" : "PRIVATE",
    "units" : [201],
    "calories" : 510,
    "amount" : 1.0,
    "unit" : {
      "id" : 201,
      "name" : "meal",
      "plural" : "meals"
    },
    "mealTypeId" : 3
  },
  "nutritionalValues" : {
    "calories" : 510,
    "fat" : 27.0,
    "fiber" : 11.7,
    "carbs" : 55.0,
    "sodium" : 686.7,
    "protein" : 19.0
  },
  "logDate" : "2012-06-14",
  "favorite" : false
},{
  "logId" : 51837592,
  "loggedFood" : {
    "foodId" : 0,
    "name" : "Frozen Mango, Milk, Pineapple Frozen, Agave, Milk",
    "brand" : "Lose It!",
    "accessLevel" : "PRIVATE",
    "units" : [201],
    "calories" : 320,
    "amount" : 1.0,
    "unit" : {
      "id" : 201,
      "name" : "meal",
      "plural" : "meals"
    },
    "mealTypeId" : 1
  },
  "nutritionalValues" : {
    "calories" : 320,
    "fat" : 9.8,
    "fiber" : 2.8,
    "carbs" : 22.7,
    "sodium" : 75.0,
    "protein" : 0.2
  },
  "logDate" : "2012-06-14",
  "favorite" : false
},{
  "logId" : 51614629,
  "loggedFood" : {
    "foodId" : 0,
    "name" : "Nuts, Grapes",
    "brand" : "Lose It!",
    "accessLevel" : "PRIVATE",
    "units" : [201],
    "calories" : 123,
    "amount" : 1.0,
    "unit" : {
      "id" : 201,
      "name" : "meal",
      "plural" : "meals"
    },
    "mealTypeId" : 7
  },
  "nutritionalValues" : {
    "calories" : 123,
    "fat" : 5.8,
    "fiber" : 2.0,
    "carbs" : 17.8,
    "sodium" : 36.8,
    "protein" : 2.9
  },
  "logDate" : "2012-06-13",
  "favorite" : false
},{
  "logId" : 51578007,
  "loggedFood" : {
    "foodId" : 0,
    "name" : "Raspberries, Blueberries, Avocado, Milk, Agave, Milk",
    "brand" : "Lose It!",
    "accessLevel" : "PRIVATE",
    "units" : [201],
    "calories" : 438,
    "amount" : 1.0,
    "unit" : {
      "id" : 201,
      "name" : "meal",
      "plural" : "meals"
    },
    "mealTypeId" : 1
  },
  "nutritionalValues" : {
    "calories" : 438,
    "fat" : 14.9,
    "fiber" : 21.1,
    "carbs" : 73.1,
    "sodium" : 71.0,
    "protein" : 5.3
  },
  "logDate" : "2012-06-13",
  "favorite" : false
},{
  "logId" : 51348366,
  "loggedFood" : {
    "foodId" : 0,
    "name" : "Milk, Milk, Pineapple Frozen, Agave, Frozen Mango",
    "brand" : "Lose It!",
    "accessLevel" : "PRIVATE",
    "units" : [201],
    "calories" : 320,
    "amount" : 1.0,
    "unit" : {
      "id" : 201,
      "name" : "meal",
      "plural" : "meals"
    },
    "mealTypeId" : 1
  },
  "nutritionalValues" : {
    "calories" : 320,
    "fat" : 9.8,
    "fiber" : 2.8,
    "carbs" : 22.7,
    "sodium" : 75.0,
    "protein" : 0.2
  },
  "logDate" : "2012-06-12",
  "favorite" : false
},{
  "logId" : 51044300,
  "loggedFood" : {
    "foodId" : 0,
    "name" : "Milk, Protein - Lt. Vanilla Whey",
    "brand" : "Lose It!",
    "accessLevel" : "PRIVATE",
    "units" : [201],
    "calories" : 150,
    "amount" : 1.0,
    "unit" : {
      "id" : 201,
      "name" : "meal",
      "plural" : "meals"
    },
    "mealTypeId" : 1
  },
  "nutritionalValues" : {
    "calories" : 150,
    "fat" : 4.8,
    "fiber" : 1.2,
    "carbs" : 6.5,
    "sodium" : 305.0,
    "protein" : 20.2
  },
  "logDate" : "2012-06-11",
  "favorite" : false
},{
  "logId" : 50429358,
  "loggedFood" : {
    "foodId" : 0,
    "name" : "Blueberries, Raspberries, Agave, Avocado, Milk, Milk",
    "brand" : "Lose It!",
    "accessLevel" : "PRIVATE",
    "units" : [201],
    "calories" : 445,
    "amount" : 1.0,
    "unit" : {
      "id" : 201,
      "name" : "meal",
      "plural" : "meals"
    },
    "mealTypeId" : 1
  },
  "nutritionalValues" : {
    "calories" : 445,
    "fat" : 15.6,
    "fiber" : 19.6,
    "carbs" : 71.6,
    "sodium" : 71.0,
    "protein" : 6.8
  },
  "logDate" : "2012-06-08",
  "favorite" : false
},{
  "logId" : 50223946,
  "loggedFood" : {
    "foodId" : 0,
    "name" : "Candy, Macadamia Nuts",
    "brand" : "Lose It!",
    "accessLevel" : "PRIVATE",
    "units" : [201],
    "calories" : 453,
    "amount" : 1.0,
    "unit" : {
      "id" : 201,
      "name" : "meal",
      "plural" : "meals"
    },
    "mealTypeId" : 7
  },
  "nutritionalValues" : {
    "calories" : 453,
    "fat" : 35.3,
    "fiber" : 3.7,
    "carbs" : 26.4,
    "sodium" : 98.9,
    "protein" : 6.3
  },
  "logDate" : "2012-06-07",
  "favorite" : false
},{
  "logId" : 50202523,
  "loggedFood" : {
    "foodId" : 0,
    "name" : "Cheese Enchilada w/ beans & corn",
    "brand" : "Lose It!",
    "accessLevel" : "PRIVATE",
    "units" : [201],
    "calories" : 370,
    "amount" : 1.0,
    "unit" : {
      "id" : 201,
      "name" : "meal",
      "plural" : "meals"
    },
    "mealTypeId" : 3
  },
  "nutritionalValues" : {
    "calories" : 370,
    "fat" : 15.0,
    "fiber" : 9.0,
    "carbs" : 41.0,
    "sodium" : 680.0,
    "protein" : 17.0
  },
  "logDate" : "2012-06-07",
  "favorite" : false
},{
  "logId" : 50199687,
  "loggedFood" : {
    "foodId" : 0,
    "name" : "Agave, Dagoba Cocoa, Blueberries, Almond Dream Unsweetened Original",
    "brand" : "Lose It!",
    "accessLevel" : "PRIVATE",
    "units" : [201],
    "calories" : 423,
    "amount" : 1.0,
    "unit" : {
      "id" : 201,
      "name" : "meal",
      "plural" : "meals"
    },
    "mealTypeId" : 1
  },
  "nutritionalValues" : {
    "calories" : 423,
    "fat" : 7.9,
    "fiber" : 12.9,
    "carbs" : 73.4,
    "sodium" : 303.8,
    "protein" : 4.9
  },
  "logDate" : "2012-06-07",
  "favorite" : false
},{
  "logId" : 49998245,
  "loggedFood" : {
    "foodId" : 0,
    "name" : "Protein - Lt. Vanilla Whey",
    "brand" : "Lose It!",
    "accessLevel" : "PRIVATE",
    "units" : [201],
    "calories" : 140,
    "amount" : 1.0,
    "unit" : {
      "id" : 201,
      "name" : "meal",
      "plural" : "meals"
    },
    "mealTypeId" : 7
  },
  "nutritionalValues" : {
    "calories" : 140,
    "fat" : 4.0,
    "fiber" : 1.0,
    "carbs" : 6.0,
    "sodium" : 260.0,
    "protein" : 20.0
  },
  "logDate" : "2012-06-06",
  "favorite" : false
},{
  "logId" : 49938434,
  "loggedFood" : {
    "foodId" : 0,
    "name" : "Cheese Enchilada w/ beans & corn",
    "brand" : "Lose It!",
    "accessLevel" : "PRIVATE",
    "units" : [201],
    "calories" : 370,
    "amount" : 1.0,
    "unit" : {
      "id" : 201,
      "name" : "meal",
      "plural" : "meals"
    },
    "mealTypeId" : 3
  },
  "nutritionalValues" : {
    "calories" : 370,
    "fat" : 15.0,
    "fiber" : 9.0,
    "carbs" : 41.0,
    "sodium" : 680.0,
    "protein" : 17.0
  },
  "logDate" : "2012-06-06",
  "favorite" : false
},{
  "logId" : 49913738,
  "loggedFood" : {
    "foodId" : 0,
    "name" : "Strawberries, Pineapple Frozen, Milk, Agave, Milk",
    "brand" : "Lose It!",
    "accessLevel" : "PRIVATE",
    "units" : [201],
    "calories" : 286,
    "amount" : 1.0,
    "unit" : {
      "id" : 201,
      "name" : "meal",
      "plural" : "meals"
    },
    "mealTypeId" : 1
  },
  "nutritionalValues" : {
    "calories" : 286,
    "fat" : 10.1,
    "fiber" : 9.7,
    "carbs" : 52.9,
    "sodium" : 81.6,
    "protein" : 1.7
  },
  "logDate" : "2012-06-06",
  "favorite" : false
},{
  "logId" : 49667212,
  "loggedFood" : {
    "foodId" : 0,
    "name" : "Macadamia Nuts",
    "brand" : "Lose It!",
    "accessLevel" : "PRIVATE",
    "units" : [201],
    "calories" : 110,
    "amount" : 1.0,
    "unit" : {
      "id" : 201,
      "name" : "meal",
      "plural" : "meals"
    },
    "mealTypeId" : 7
  },
  "nutritionalValues" : {
    "calories" : 110,
    "fat" : 11.0,
    "fiber" : 1.0,
    "carbs" : 1.0,
    "sodium" : 30.0,
    "protein" : 1.5
  },
  "logDate" : "2012-06-05",
  "favorite" : false
},{
  "logId" : 49667211,
  "loggedFood" : {
    "foodId" : 0,
    "name" : "Frozen Mango, Pineapple Frozen, Agave, Milk",
    "brand" : "Lose It!",
    "accessLevel" : "PRIVATE",
    "units" : [201],
    "calories" : 228,
    "amount" : 1.0,
    "unit" : {
      "id" : 201,
      "name" : "meal",
      "plural" : "meals"
    },
    "mealTypeId" : 1
  },
  "nutritionalValues" : {
    "calories" : 228,
    "fat" : 6.8,
    "fiber" : 2.0,
    "carbs" : 18.5,
    "sodium" : 22.5,
    "protein" : 0.0
  },
  "logDate" : "2012-06-05",
  "favorite" : false
},{
  "logId" : 49386044,
  "loggedFood" : {
    "foodId" : 0,
    "name" : "Macadamia Nuts",
    "brand" : "Lose It!",
    "accessLevel" : "PRIVATE",
    "units" : [201],
    "calories" : 110,
    "amount" : 1.0,
    "unit" : {
      "id" : 201,
      "name" : "meal",
      "plural" : "meals"
    },
    "mealTypeId" : 7
  },
  "nutritionalValues" : {
    "calories" : 110,
    "fat" : 11.0,
    "fiber" : 1.0,
    "carbs" : 1.0,
    "sodium" : 30.0,
    "protein" : 1.5
  },
  "logDate" : "2012-06-04",
  "favorite" : false
},{
  "logId" : 49377454,
  "loggedFood" : {
    "foodId" : 0,
    "name" : "Almond Dream Unsweetened Original, Raspberries, Blueberries, Avocado, Ag...",
    "brand" : "Lose It!",
    "accessLevel" : "PRIVATE",
    "units" : [201],
    "calories" : 510,
    "amount" : 1.0,
    "unit" : {
      "id" : 201,
      "name" : "meal",
      "plural" : "meals"
    },
    "mealTypeId" : 1
  },
  "nutritionalValues" : {
    "calories" : 510,
    "fat" : 8.6,
    "fiber" : 20.0,
    "carbs" : 109.1,
    "sodium" : 39.8,
    "protein" : 4.3
  },
  "logDate" : "2012-06-04",
  "favorite" : false
},{
  "logId" : 48780963,
  "loggedFood" : {
    "foodId" : 0,
    "name" : "Almond Dream Unsweetened Original",
    "brand" : "Lose It!",
    "accessLevel" : "PRIVATE",
    "units" : [201],
    "calories" : 13,
    "amount" : 1.0,
    "unit" : {
      "id" : 201,
      "name" : "meal",
      "plural" : "meals"
    },
    "mealTypeId" : 1
  },
  "nutritionalValues" : {
    "calories" : 13,
    "fat" : 0.9,
    "fiber" : 0.2,
    "carbs" : 0.8,
    "sodium" : 33.8,
    "protein" : 0.2
  },
  "logDate" : "2012-06-01",
  "favorite" : false
},{
  "logId" : 48651774,
  "loggedFood" : {
    "foodId" : 0,
    "name" : "Nuts",
    "brand" : "Lose It!",
    "accessLevel" : "PRIVATE",
    "units" : [201],
    "calories" : 77,
    "amount" : 1.0,
    "unit" : {
      "id" : 201,
      "name" : "meal",
      "plural" : "meals"
    },
    "mealTypeId" : 7
  },
  "nutritionalValues" : {
    "calories" : 77,
    "fat" : 6.8,
    "fiber" : 1.5,
    "carbs" : 2.5,
    "sodium" : 43.7,
    "protein" : 2.8
  },
  "logDate" : "2012-05-31",
  "favorite" : false
},{
  "logId" : 48678644,
  "loggedFood" : {
    "foodId" : 0,
    "name" : "Cheese, Peach Yogurt",
    "brand" : "Lose It!",
    "accessLevel" : "PRIVATE",
    "units" : [201],
    "calories" : 200,
    "amount" : 1.0,
    "unit" : {
      "id" : 201,
      "name" : "meal",
      "plural" : "meals"
    },
    "mealTypeId" : 5
  },
  "nutritionalValues" : {
    "calories" : 200,
    "fat" : 7.0,
    "fiber" : 0.0,
    "carbs" : 23.0,
    "sodium" : 230.0,
    "protein" : 12.0
  },
  "logDate" : "2012-05-31",
  "favorite" : false
},{
  "logId" : 48609668,
  "loggedFood" : {
    "foodId" : 0,
    "name" : "Tamale Verde, Strawberry Yogurt",
    "brand" : "Lose It!",
    "accessLevel" : "PRIVATE",
    "units" : [201],
    "calories" : 520,
    "amount" : 1.0,
    "unit" : {
      "id" : 201,
      "name" : "meal",
      "plural" : "meals"
    },
    "mealTypeId" : 3
  },
  "nutritionalValues" : {
    "calories" : 520,
    "fat" : 18.0,
    "fiber" : 7.0,
    "carbs" : 73.0,
    "sodium" : 845.0,
    "protein" : 17.0
  },
  "logDate" : "2012-05-31",
  "favorite" : false
},{
  "logId" : 48569410,
  "loggedFood" : {
    "foodId" : 0,
    "name" : "Protein - Lt. Vanilla Whey, Nuts",
    "brand" : "Lose It!",
    "accessLevel" : "PRIVATE",
    "units" : [201],
    "calories" : 217,
    "amount" : 1.0,
    "unit" : {
      "id" : 201,
      "name" : "meal",
      "plural" : "meals"
    },
    "mealTypeId" : 1
  },
  "nutritionalValues" : {
    "calories" : 217,
    "fat" : 10.8,
    "fiber" : 2.5,
    "carbs" : 8.5,
    "sodium" : 303.7,
    "protein" : 22.8
  },
  "logDate" : "2012-05-31",
  "favorite" : false
},{
  "logId" : 48427527,
  "loggedFood" : {
    "foodId" : 0,
    "name" : "Nuts, Protein - Lt. Vanilla Whey, Danon Activia Blueberry Yogurt",
    "brand" : "Lose It!",
    "accessLevel" : "PRIVATE",
    "units" : [201],
    "calories" : 367,
    "amount" : 1.0,
    "unit" : {
      "id" : 201,
      "name" : "meal",
      "plural" : "meals"
    },
    "mealTypeId" : 7
  },
  "nutritionalValues" : {
    "calories" : 367,
    "fat" : 14.3,
    "fiber" : 3.0,
    "carbs" : 32.6,
    "sodium" : 315.2,
    "protein" : 27.6
  },
  "logDate" : "2012-05-30",
  "favorite" : false
},{
  "logId" : 48484468,
  "loggedFood" : {
    "foodId" : 0,
    "name" : "Low Fat Sandwiches, 4 cheese pizza",
    "brand" : "Lose It!",
    "accessLevel" : "PRIVATE",
    "units" : [201],
    "calories" : 500,
    "amount" : 1.0,
    "unit" : {
      "id" : 201,
      "name" : "meal",
      "plural" : "meals"
    },
    "mealTypeId" : 5
  },
  "nutritionalValues" : {
    "calories" : 500,
    "fat" : 8.0,
    "fiber" : 6.0,
    "carbs" : 88.0,
    "sodium" : 730.0,
    "protein" : 23.0
  },
  "logDate" : "2012-05-30",
  "favorite" : false
},{
  "logId" : 48341905,
  "loggedFood" : {
    "foodId" : 0,
    "name" : "Amy's Cheese enchilada",
    "brand" : "Lose It!",
    "accessLevel" : "PRIVATE",
    "units" : [201],
    "calories" : 480,
    "amount" : 1.0,
    "unit" : {
      "id" : 201,
      "name" : "meal",
      "plural" : "meals"
    },
    "mealTypeId" : 3
  },
  "nutritionalValues" : {
    "calories" : 480,
    "fat" : 28.0,
    "fiber" : 6.0,
    "carbs" : 36.0,
    "sodium" : 880.0,
    "protein" : 18.0
  },
  "logDate" : "2012-05-30",
  "favorite" : false
},{
  "logId" : 48285460,
  "loggedFood" : {
    "foodId" : 0,
    "name" : "Almond Dream Unsweetened Original, Frozen Mango, Pineapple Frozen, Agave...",
    "brand" : "Lose It!",
    "accessLevel" : "PRIVATE",
    "units" : [201],
    "calories" : 323,
    "amount" : 1.0,
    "unit" : {
      "id" : 201,
      "name" : "meal",
      "plural" : "meals"
    },
    "mealTypeId" : 1
  },
  "nutritionalValues" : {
    "calories" : 323,
    "fat" : 9.9,
    "fiber" : 2.8,
    "carbs" : 22.9,
    "sodium" : 63.8,
    "protein" : 0.2
  },
  "logDate" : "2012-05-30",
  "favorite" : false
},{
  "logId" : 48009715,
  "loggedFood" : {
    "foodId" : 0,
    "name" : "Milk",
    "brand" : "Lose It!",
    "accessLevel" : "PRIVATE",
    "units" : [201],
    "calories" : 10,
    "amount" : 1.0,
    "unit" : {
      "id" : 201,
      "name" : "meal",
      "plural" : "meals"
    },
    "mealTypeId" : 1
  },
  "nutritionalValues" : {
    "calories" : 10,
    "fat" : 0.8,
    "fiber" : 0.2,
    "carbs" : 0.5,
    "sodium" : 45.0,
    "protein" : 0.2
  },
  "logDate" : "2012-05-29",
  "favorite" : false
},{
  "logId" : 47836385,
  "loggedFood" : {
    "foodId" : 0,
    "name" : "Blueberries, Milk, Agave, Dagoba Cocoa",
    "brand" : "Lose It!",
    "accessLevel" : "PRIVATE",
    "units" : [201],
    "calories" : 390,
    "amount" : 1.0,
    "unit" : {
      "id" : 201,
      "name" : "meal",
      "plural" : "meals"
    },
    "mealTypeId" : 3
  },
  "nutritionalValues" : {
    "calories" : 390,
    "fat" : 6.0,
    "fiber" : 12.7,
    "carbs" : 70.7,
    "sodium" : 360.0,
    "protein" : 4.7
  },
  "logDate" : "2012-05-28",
  "favorite" : false
},{
  "logId" : 47838411,
  "loggedFood" : {
    "foodId" : 0,
    "name" : "Milk, Donut",
    "brand" : "Lose It!",
    "accessLevel" : "PRIVATE",
    "units" : [201],
    "calories" : 650,
    "amount" : 1.0,
    "unit" : {
      "id" : 201,
      "name" : "meal",
      "plural" : "meals"
    },
    "mealTypeId" : 1
  },
  "nutritionalValues" : {
    "calories" : 650,
    "fat" : 38.8,
    "fiber" : 2.2,
    "carbs" : 70.5,
    "sodium" : 505.0,
    "protein" : 6.2
  },
  "logDate" : "2012-05-28",
  "favorite" : false
},{
  "logId" : 47618965,
  "loggedFood" : {
    "foodId" : 0,
    "name" : "Almond Dream Unsweetened Original",
    "brand" : "Lose It!",
    "accessLevel" : "PRIVATE",
    "units" : [201],
    "calories" : 13,
    "amount" : 1.0,
    "unit" : {
      "id" : 201,
      "name" : "meal",
      "plural" : "meals"
    },
    "mealTypeId" : 1
  },
  "nutritionalValues" : {
    "calories" : 13,
    "fat" : 0.9,
    "fiber" : 0.2,
    "carbs" : 0.8,
    "sodium" : 33.8,
    "protein" : 0.2
  },
  "logDate" : "2012-05-27",
  "favorite" : false
},{
  "logId" : 47221469,
  "loggedFood" : {
    "foodId" : 0,
    "name" : "Organic Fat Free Milk",
    "brand" : "Lose It!",
    "accessLevel" : "PRIVATE",
    "units" : [201],
    "calories" : 23,
    "amount" : 1.0,
    "unit" : {
      "id" : 201,
      "name" : "meal",
      "plural" : "meals"
    },
    "mealTypeId" : 1
  },
  "nutritionalValues" : {
    "calories" : 23,
    "fat" : 0.0,
    "fiber" : 0.0,
    "carbs" : 3.0,
    "sodium" : 31.2,
    "protein" : 2.0
  },
  "logDate" : "2012-05-25",
  "favorite" : false
},{
  "logId" : 47005102,
  "loggedFood" : {
    "foodId" : 0,
    "name" : "Bar",
    "brand" : "Lose It!",
    "accessLevel" : "PRIVATE",
    "units" : [201],
    "calories" : 130,
    "amount" : 1.0,
    "unit" : {
      "id" : 201,
      "name" : "meal",
      "plural" : "meals"
    },
    "mealTypeId" : 1
  },
  "nutritionalValues" : {
    "calories" : 130,
    "fat" : 3.0,
    "fiber" : 3.0,
    "carbs" : 24.0,
    "sodium" : 100.0,
    "protein" : 2.0
  },
  "logDate" : "2012-05-24",
  "favorite" : false
},{
  "logId" : 46259544,
  "loggedFood" : {
    "foodId" : 0,
    "name" : "Candy Bar",
    "brand" : "Lose It!",
    "accessLevel" : "PRIVATE",
    "units" : [201],
    "calories" : 61,
    "amount" : 1.0,
    "unit" : {
      "id" : 201,
      "name" : "meal",
      "plural" : "meals"
    },
    "mealTypeId" : 7
  },
  "nutritionalValues" : {
    "calories" : 61,
    "fat" : 1.8,
    "fiber" : 0.2,
    "carbs" : 10.9,
    "sodium" : 27.2,
    "protein" : 0.4
  },
  "logDate" : "2012-05-21",
  "favorite" : false
},{
  "logId" : 46259684,
  "loggedFood" : {
    "foodId" : 0,
    "name" : "Amys Roasted Veg Tamale",
    "brand" : "Lose It!",
    "accessLevel" : "PRIVATE",
    "units" : [201],
    "calories" : 280,
    "amount" : 1.0,
    "unit" : {
      "id" : 201,
      "name" : "meal",
      "plural" : "meals"
    },
    "mealTypeId" : 3
  },
  "nutritionalValues" : {
    "calories" : 280,
    "fat" : 7.0,
    "fiber" : 10.0,
    "carbs" : 44.0,
    "sodium" : 740.0,
    "protein" : 9.0
  },
  "logDate" : "2012-05-21",
  "favorite" : false
},{
  "logId" : 46204762,
  "loggedFood" : {
    "foodId" : 0,
    "name" : "Frozen Mango, Pineapple Frozen, Agave, Milk",
    "brand" : "Lose It!",
    "accessLevel" : "PRIVATE",
    "units" : [201],
    "calories" : 310,
    "amount" : 1.0,
    "unit" : {
      "id" : 201,
      "name" : "meal",
      "plural" : "meals"
    },
    "mealTypeId" : 1
  },
  "nutritionalValues" : {
    "calories" : 310,
    "fat" : 9.0,
    "fiber" : 2.5,
    "carbs" : 22.2,
    "sodium" : 30.0,
    "protein" : 0.0
  },
  "logDate" : "2012-05-21",
  "favorite" : false
}]