[{
  "logId" : 2562563120,
  "loggedFood" : {
    "foodId" : 0,
    "name" : "Lunch Summary",
    "brand" : "MyFitnessPal",
    "accessLevel" : "PRIVATE",
    "units" : [201],
    "calories" : 507,
    "amount" : 1.0,
    "unit" : {
      "id" : 201,
      "name" : "meal",
      "plural" : "meals"
    },
    "mealTypeId" : 3
  },
  "nutritionalValues" : {
    "calories" : 507,
    "fat" : 26.0,
    "fiber" : 7.0,
    "carbs" : 24.0,
    "sodium" : 1609.0,
    "protein" : 46.0
  },
  "logDate" : "2015-05-19",
  "favorite" : false
},{
  "logId" : 2561286639,
  "loggedFood" : {
    "foodId" : 0,
    "name" : "Breakfast Summary",
    "brand" : "MyFitnessPal",
    "accessLevel" : "PRIVATE",
    "units" : [201],
    "calories" : 503,
    "amount" : 1.0,
    "unit" : {
      "id" : 201,
      "name" : "meal",
      "plural" : "meals"
    },
    "mealTypeId" : 1
  },
  "nutritionalValues" : {
    "calories" : 503,
    "fat" : 14.0,
    "fiber" : 7.0,
    "carbs" : 63.0,
    "sodium" : 263.0,
    "protein" : 29.0
  },
  "logDate" : "2015-05-19",
  "favorite" : false
},{
  "logId" : 2554390617,
  "loggedFood" : {
    "foodId" : 0,
    "name" : "Lunch Summary",
    "brand" : "MyFitnessPal",
    "accessLevel" : "PRIVATE",
    "units" : [201],
    "calories" : 503,
    "amount" : 1.0,
    "unit" : {
      "id" : 201,
      "name" : "meal",
      "plural" : "meals"
    },
    "mealTypeId" : 3
  },
  "nutritionalValues" : {
    "calories" : 503,
    "fat" : 14.0,
    "fiber" : 7.0,
    "carbs" : 63.0,
    "sodium" : 263.0,
    "protein" : 29.0
  },
  "logDate" : "2015-05-18",
  "favorite" : false
},{
  "logId" : 2554377737,
  "loggedFood" : {
    "foodId" : 0,
    "name" : "Breakfast Summary",
    "brand" : "MyFitnessPal",
    "accessLevel" : "PRIVATE",
    "units" : [201],
    "calories" : 503,
    "amount" : 1.0,
    "unit" : {
      "id" : 201,
      "name" : "meal",
      "plural" : "meals"
    },
    "mealTypeId" : 1
  },
  "nutritionalValues" : {
    "calories" : 503,
    "fat" : 14.0,
    "fiber" : 7.0,
    "carbs" : 63.0,
    "sodium" : 263.0,
    "protein" : 29.0
  },
  "logDate" : "2015-05-18",
  "favorite" : false
},{
  "logId" : 2548900933,
  "loggedFood" : {
    "foodId" : 0,
    "name" : "Snacks Summary",
    "brand" : "MyFitnessPal",
    "accessLevel" : "PRIVATE",
    "units" : [201],
    "calories" : 180,
    "amount" : 1.0,
    "unit" : {
      "id" : 201,
      "name" : "meal",
      "plural" : "meals"
    },
    "mealTypeId" : 7
  },
  "nutritionalValues" : {
    "calories" : 180,
    "fat" : 0.0,
    "fiber" : 0.0,
    "carbs" : 46.0,
    "sodium" : 0.0,
    "protein" : 0.0
  },
  "logDate" : "2015-05-17",
  "favorite" : false
},{
  "logId" : 2549698036,
  "loggedFood" : {
    "foodId" : 0,
    "name" : "Dinner Summary",
    "brand" : "MyFitnessPal",
    "accessLevel" : "PRIVATE",
    "units" : [201],
    "calories" : 540,
    "amount" : 1.0,
    "unit" : {
      "id" : 201,
      "name" : "meal",
      "plural" : "meals"
    },
    "mealTypeId" : 5
  },
  "nutritionalValues" : {
    "calories" : 540,
    "fat" : 0.0,
    "fiber" : 0.0,
    "carbs" : 0.0,
    "sodium" : 0.0,
    "protein" : 0.0
  },
  "logDate" : "2015-05-17",
  "favorite" : false
},{
  "logId" : 2547603406,
  "loggedFood" : {
    "foodId" : 0,
    "name" : "Lunch Summary",
    "brand" : "MyFitnessPal",
    "accessLevel" : "PRIVATE",
    "units" : [201],
    "calories" : 503,
    "amount" : 1.0,
    "unit" : {
      "id" : 201,
      "name" : "meal",
      "plural" : "meals"
    },
    "mealTypeId" : 3
  },
  "nutritionalValues" : {
    "calories" : 503,
    "fat" : 14.0,
    "fiber" : 7.0,
    "carbs" : 63.0,
    "sodium" : 263.0,
    "protein" : 29.0
  },
  "logDate" : "2015-05-17",
  "favorite" : false
},{
  "logId" : 2547318437,
  "loggedFood" : {
    "foodId" : 0,
    "name" : "Breakfast Summary",
    "brand" : "MyFitnessPal",
    "accessLevel" : "PRIVATE",
    "units" : [201],
    "calories" : 670,
    "amount" : 1.0,
    "unit" : {
      "id" : 201,
      "name" : "meal",
      "plural" : "meals"
    },
    "mealTypeId" : 1
  },
  "nutritionalValues" : {
    "calories" : 670,
    "fat" : 19.0,
    "fiber" : 9.0,
    "carbs" : 84.0,
    "sodium" : 350.0,
    "protein" : 38.0
  },
  "logDate" : "2015-05-17",
  "favorite" : false
},{
  "logId" : 2512360917,
  "loggedFood" : {
    "foodId" : 0,
    "name" : "Breakfast Summary",
    "brand" : "MyFitnessPal",
    "accessLevel" : "PRIVATE",
    "units" : [201],
    "calories" : 670,
    "amount" : 1.0,
    "unit" : {
      "id" : 201,
      "name" : "meal",
      "plural" : "meals"
    },
    "mealTypeId" : 1
  },
  "nutritionalValues" : {
    "calories" : 670,
    "fat" : 19.0,
    "fiber" : 9.0,
    "carbs" : 84.0,
    "sodium" : 350.0,
    "protein" : 38.0
  },
  "logDate" : "2015-05-12",
  "favorite" : false
},{
  "logId" : 2509482295,
  "loggedFood" : {
    "foodId" : 0,
    "name" : "Dinner Summary",
    "brand" : "MyFitnessPal",
    "accessLevel" : "PRIVATE",
    "units" : [201],
    "calories" : 700,
    "amount" : 1.0,
    "unit" : {
      "id" : 201,
      "name" : "meal",
      "plural" : "meals"
    },
    "mealTypeId" : 5
  },
  "nutritionalValues" : {
    "calories" : 700,
    "fat" : 0.0,
    "fiber" : 0.0,
    "carbs" : 0.0,
    "sodium" : 0.0,
    "protein" : 0.0
  },
  "logDate" : "2015-05-11",
  "favorite" : false
},{
  "logId" : 2507095544,
  "loggedFood" : {
    "foodId" : 0,
    "name" : "Lunch Summary",
    "brand" : "MyFitnessPal",
    "accessLevel" : "PRIVATE",
    "units" : [201],
    "calories" : 350,
    "amount" : 1.0,
    "unit" : {
      "id" : 201,
      "name" : "meal",
      "plural" : "meals"
    },
    "mealTypeId" : 3
  },
  "nutritionalValues" : {
    "calories" : 350,
    "fat" : 0.0,
    "fiber" : 0.0,
    "carbs" : 0.0,
    "sodium" : 0.0,
    "protein" : 0.0
  },
  "logDate" : "2015-05-11",
  "favorite" : false
},{
  "logId" : 2505942086,
  "loggedFood" : {
    "foodId" : 0,
    "name" : "Breakfast Summary",
    "brand" : "MyFitnessPal",
    "accessLevel" : "PRIVATE",
    "units" : [201],
    "calories" : 670,
    "amount" : 1.0,
    "unit" : {
      "id" : 201,
      "name" : "meal",
      "plural" : "meals"
    },
    "mealTypeId" : 1
  },
  "nutritionalValues" : {
    "calories" : 670,
    "fat" : 19.0,
    "fiber" : 9.0,
    "carbs" : 84.0,
    "sodium" : 350.0,
    "protein" : 38.0
  },
  "logDate" : "2015-05-11",
  "favorite" : false
},{
  "logId" : 2447539503,
  "loggedFood" : {
    "foodId" : 0,
    "name" : "Breakfast Summary",
    "brand" : "MyFitnessPal",
    "accessLevel" : "PRIVATE",
    "units" : [201],
    "calories" : 274,
    "amount" : 1.0,
    "unit" : {
      "id" : 201,
      "name" : "meal",
      "plural" : "meals"
    },
    "mealTypeId" : 1
  },
  "nutritionalValues" : {
    "calories" : 274,
    "fat" : 9.0,
    "fiber" : 2.0,
    "carbs" : 11.0,
    "sodium" : 464.0,
    "protein" : 39.0
  },
  "logDate" : "2015-05-02",
  "favorite" : false
},{
  "logId" : 2441595983,
  "loggedFood" : {
    "foodId" : 0,
    "name" : "Breakfast Summary",
    "brand" : "MyFitnessPal",
    "accessLevel" : "PRIVATE",
    "units" : [201],
    "calories" : 370,
    "amount" : 1.0,
    "unit" : {
      "id" : 201,
      "name" : "meal",
      "plural" : "meals"
    },
    "mealTypeId" : 1
  },
  "nutritionalValues" : {
    "calories" : 370,
    "fat" : 8.0,
    "fiber" : 4.0,
    "carbs" : 22.0,
    "sodium" : 440.0,
    "protein" : 52.0
  },
  "logDate" : "2015-05-01",
  "favorite" : false
},{
  "logId" : 2426975466,
  "loggedFood" : {
    "foodId" : 0,
    "name" : "Breakfast Summary",
    "brand" : "MyFitnessPal",
    "accessLevel" : "PRIVATE",
    "units" : [201],
    "calories" : 370,
    "amount" : 1.0,
    "unit" : {
      "id" : 201,
      "name" : "meal",
      "plural" : "meals"
    },
    "mealTypeId" : 1
  },
  "nutritionalValues" : {
    "calories" : 370,
    "fat" : 8.0,
    "fiber" : 4.0,
    "carbs" : 22.0,
    "sodium" : 440.0,
    "protein" : 52.0
  },
  "logDate" : "2015-04-29",
  "favorite" : false
},{
  "logId" : 2400691159,
  "loggedFood" : {
    "foodId" : 0,
    "name" : "Breakfast Summary",
    "brand" : "MyFitnessPal",
    "accessLevel" : "PRIVATE",
    "units" : [201],
    "calories" : 233,
    "amount" : 1.0,
    "unit" : {
      "id" : 201,
      "name" : "meal",
      "plural" : "meals"
    },
    "mealTypeId" : 1
  },
  "nutritionalValues" : {
    "calories" : 233,
    "fat" : 16.0,
    "fiber" : 5.0,
    "carbs" : 16.0,
    "sodium" : 173.0,
    "protein" : 8.0
  },
  "logDate" : "2015-04-25",
  "favorite" : false
},{
  "logId" : 2365709643,
  "loggedFood" : {
    "foodId" : 0,
    "name" : "Lunch Summary",
    "brand" : "MyFitnessPal",
    "accessLevel" : "PRIVATE",
    "units" : [201],
    "calories" : 230,
    "amount" : 1.0,
    "unit" : {
      "id" : 201,
      "name" : "meal",
      "plural" : "meals"
    },
    "mealTypeId" : 3
  },
  "nutritionalValues" : {
    "calories" : 230,
    "fat" : 16.0,
    "fiber" : 3.0,
    "carbs" : 15.0,
    "sodium" : 120.0,
    "protein" : 10.0
  },
  "logDate" : "2015-04-20",
  "favorite" : false
},{
  "logId" : 2168667747,
  "loggedFood" : {
    "foodId" : 0,
    "name" : "Snacks Summary",
    "brand" : "MyFitnessPal",
    "accessLevel" : "PRIVATE",
    "units" : [201],
    "calories" : 130,
    "amount" : 1.0,
    "unit" : {
      "id" : 201,
      "name" : "meal",
      "plural" : "meals"
    },
    "mealTypeId" : 7
  },
  "nutritionalValues" : {
    "calories" : 130,
    "fat" : 0.0,
    "fiber" : 0.0,
    "carbs" : 34.0,
    "sodium" : 270.0,
    "protein" : 0.0
  },
  "logDate" : "2015-03-20",
  "favorite" : false
},{
  "logId" : 2156235240,
  "loggedFood" : {
    "foodId" : 0,
    "name" : "Lunch Summary",
    "brand" : "MyFitnessPal",
    "accessLevel" : "PRIVATE",
    "units" : [201],
    "calories" : 390,
    "amount" : 1.0,
    "unit" : {
      "id" : 201,
      "name" : "meal",
      "plural" : "meals"
    },
    "mealTypeId" : 3
  },
  "nutritionalValues" : {
    "calories" : 390,
    "fat" : 18.0,
    "fiber" : 3.0,
    "carbs" : 44.0,
    "sodium" : 630.0,
    "protein" : 15.0
  },
  "logDate" : "2015-03-18",
  "favorite" : false
},{
  "logId" : 2117299123,
  "loggedFood" : {
    "foodId" : 0,
    "name" : "Lunch Summary",
    "brand" : "MyFitnessPal",
    "accessLevel" : "PRIVATE",
    "units" : [201],
    "calories" : 370,
    "amount" : 1.0,
    "unit" : {
      "id" : 201,
      "name" : "meal",
      "plural" : "meals"
    },
    "mealTypeId" : 3
  },
  "nutritionalValues" : {
    "calories" : 370,
    "fat" : 8.0,
    "fiber" : 4.0,
    "carbs" : 22.0,
    "sodium" : 440.0,
    "protein" : 52.0
  },
  "logDate" : "2015-03-12",
  "favorite" : false
},{
  "logId" : 2117307150,
  "loggedFood" : {
    "foodId" : 0,
    "name" : "Breakfast Summary",
    "brand" : "MyFitnessPal",
    "accessLevel" : "PRIVATE",
    "units" : [201],
    "calories" : 398,
    "amount" : 1.0,
    "unit" : {
      "id" : 201,
      "name" : "meal",
      "plural" : "meals"
    },
    "mealTypeId" : 1
  },
  "nutritionalValues" : {
    "calories" : 398,
    "fat" : 16.0,
    "fiber" : 6.0,
    "carbs" : 65.0,
    "sodium" : 45.0,
    "protein" : 9.0
  },
  "logDate" : "2015-03-12",
  "favorite" : false
},{
  "logId" : 2093735956,
  "loggedFood" : {
    "foodId" : 0,
    "name" : "Breakfast Summary",
    "brand" : "MyFitnessPal",
    "accessLevel" : "PRIVATE",
    "units" : [201],
    "calories" : 190,
    "amount" : 1.0,
    "unit" : {
      "id" : 201,
      "name" : "meal",
      "plural" : "meals"
    },
    "mealTypeId" : 1
  },
  "nutritionalValues" : {
    "calories" : 190,
    "fat" : 6.0,
    "fiber" : 2.0,
    "carbs" : 29.0,
    "sodium" : 160.0,
    "protein" : 4.0
  },
  "logDate" : "2015-03-09",
  "favorite" : false
},{
  "logId" : 2055328374,
  "loggedFood" : {
    "foodId" : 0,
    "name" : "Breakfast Summary",
    "brand" : "MyFitnessPal",
    "accessLevel" : "PRIVATE",
    "units" : [201],
    "calories" : 394,
    "amount" : 1.0,
    "unit" : {
      "id" : 201,
      "name" : "meal",
      "plural" : "meals"
    },
    "mealTypeId" : 1
  },
  "nutritionalValues" : {
    "calories" : 394,
    "fat" : 10.0,
    "fiber" : 8.0,
    "carbs" : 54.0,
    "sodium" : 830.0,
    "protein" : 20.0
  },
  "logDate" : "2015-03-03",
  "favorite" : false
},{
  "logId" : 2004958779,
  "loggedFood" : {
    "foodId" : 0,
    "name" : "Lunch Summary",
    "brand" : "MyFitnessPal",
    "accessLevel" : "PRIVATE",
    "units" : [201],
    "calories" : 140,
    "amount" : 1.0,
    "unit" : {
      "id" : 201,
      "name" : "meal",
      "plural" : "meals"
    },
    "mealTypeId" : 3
  },
  "nutritionalValues" : {
    "calories" : 140,
    "fat" : 4.0,
    "fiber" : 2.0,
    "carbs" : 7.0,
    "sodium" : 260.0,
    "protein" : 20.0
  },
  "logDate" : "2015-02-23",
  "favorite" : false
},{
  "logId" : 2004963134,
  "loggedFood" : {
    "foodId" : 0,
    "name" : "Breakfast Summary",
    "brand" : "MyFitnessPal",
    "accessLevel" : "PRIVATE",
    "units" : [201],
    "calories" : 273,
    "amount" : 1.0,
    "unit" : {
      "id" : 201,
      "name" : "meal",
      "plural" : "meals"
    },
    "mealTypeId" : 1
  },
  "nutritionalValues" : {
    "calories" : 273,
    "fat" : 1.0,
    "fiber" : 13.0,
    "carbs" : 62.0,
    "sodium" : 433.0,
    "protein" : 9.0
  },
  "logDate" : "2015-02-23",
  "favorite" : false
},{
  "logId" : 1957588793,
  "loggedFood" : {
    "foodId" : 0,
    "name" : "Breakfast Summary",
    "brand" : "MyFitnessPal",
    "accessLevel" : "PRIVATE",
    "units" : [201],
    "calories" : 292,
    "amount" : 1.0,
    "unit" : {
      "id" : 201,
      "name" : "meal",
      "plural" : "meals"
    },
    "mealTypeId" : 1
  },
  "nutritionalValues" : {
    "calories" : 292,
    "fat" : 9.0,
    "fiber" : 5.0,
    "carbs" : 44.0,
    "sodium" : 39.0,
    "protein" : 5.0
  },
  "logDate" : "2015-02-16",
  "favorite" : false
},{
  "logId" : 1912786210,
  "loggedFood" : {
    "foodId" : 0,
    "name" : "Snacks Summary",
    "brand" : "MyFitnessPal",
    "accessLevel" : "PRIVATE",
    "units" : [201],
    "calories" : 140,
    "amount" : 1.0,
    "unit" : {
      "id" : 201,
      "name" : "meal",
      "plural" : "meals"
    },
    "mealTypeId" : 7
  },
  "nutritionalValues" : {
    "calories" : 140,
    "fat" : 4.0,
    "fiber" : 2.0,
    "carbs" : 7.0,
    "sodium" : 260.0,
    "protein" : 20.0
  },
  "logDate" : "2015-02-09",
  "favorite" : false
},{
  "logId" : 1912287543,
  "loggedFood" : {
    "foodId" : 0,
    "name" : "Breakfast Summary",
    "brand" : "MyFitnessPal",
    "accessLevel" : "PRIVATE",
    "units" : [201],
    "calories" : 30,
    "amount" : 1.0,
    "unit" : {
      "id" : 201,
      "name" : "meal",
      "plural" : "meals"
    },
    "mealTypeId" : 1
  },
  "nutritionalValues" : {
    "calories" : 30,
    "fat" : 0.0,
    "fiber" : 1.0,
    "carbs" : 7.0,
    "sodium" : 19.0,
    "protein" : 0.0
  },
  "logDate" : "2015-02-09",
  "favorite" : false
},{
  "logId" : 1872594179,
  "loggedFood" : {
    "foodId" : 0,
    "name" : "Snacks Summary",
    "brand" : "MyFitnessPal",
    "accessLevel" : "PRIVATE",
    "units" : [201],
    "calories" : 120,
    "amount" : 1.0,
    "unit" : {
      "id" : 201,
      "name" : "meal",
      "plural" : "meals"
    },
    "mealTypeId" : 7
  },
  "nutritionalValues" : {
    "calories" : 120,
    "fat" : 3.0,
    "fiber" : 3.0,
    "carbs" : 24.0,
    "sodium" : 110.0,
    "protein" : 2.0
  },
  "logDate" : "2015-02-03",
  "favorite" : false
},{
  "logId" : 1872593339,
  "loggedFood" : {
    "foodId" : 0,
    "name" : "Breakfast Summary",
    "brand" : "MyFitnessPal",
    "accessLevel" : "PRIVATE",
    "units" : [201],
    "calories" : 84,
    "amount" : 1.0,
    "unit" : {
      "id" : 201,
      "name" : "meal",
      "plural" : "meals"
    },
    "mealTypeId" : 1
  },
  "nutritionalValues" : {
    "calories" : 84,
    "fat" : 1.0,
    "fiber" : 1.0,
    "carbs" : 15.0,
    "sodium" : 53.0,
    "protein" : 3.0
  },
  "logDate" : "2015-02-03",
  "favorite" : false
},{
  "logId" : 1784208704,
  "loggedFood" : {
    "foodId" : 0,
    "name" : "Breakfast Summary",
    "brand" : "MyFitnessPal",
    "accessLevel" : "PRIVATE",
    "units" : [201],
    "calories" : 222,
    "amount" : 1.0,
    "unit" : {
      "id" : 201,
      "name" : "meal",
      "plural" : "meals"
    },
    "mealTypeId" : 1
  },
  "nutritionalValues" : {
    "calories" : 222,
    "fat" : 2.0,
    "fiber" : 4.0,
    "carbs" : 36.0,
    "sodium" : 1662.0,
    "protein" : 10.0
  },
  "logDate" : "2015-01-21",
  "favorite" : false
},{
  "logId" : 1664395935,
  "loggedFood" : {
    "foodId" : 0,
    "name" : "Breakfast Summary",
    "brand" : "MyFitnessPal",
    "accessLevel" : "PRIVATE",
    "units" : [201],
    "calories" : 262,
    "amount" : 1.0,
    "unit" : {
      "id" : 201,
      "name" : "meal",
      "plural" : "meals"
    },
    "mealTypeId" : 1
  },
  "nutritionalValues" : {
    "calories" : 262,
    "fat" : 9.0,
    "fiber" : 5.0,
    "carbs" : 39.0,
    "sodium" : 93.0,
    "protein" : 8.0
  },
  "logDate" : "2015-01-04",
  "favorite" : false
},{
  "logId" : 1654826774,
  "loggedFood" : {
    "foodId" : 0,
    "name" : "Breakfast Summary",
    "brand" : "MyFitnessPal",
    "accessLevel" : "PRIVATE",
    "units" : [201],
    "calories" : 432,
    "amount" : 1.0,
    "unit" : {
      "id" : 201,
      "name" : "meal",
      "plural" : "meals"
    },
    "mealTypeId" : 1
  },
  "nutritionalValues" : {
    "calories" : 432,
    "fat" : 19.0,
    "fiber" : 8.0,
    "carbs" : 45.0,
    "sodium" : 543.0,
    "protein" : 24.0
  },
  "logDate" : "2015-01-02",
  "favorite" : false
},{
  "logId" : 1654800413,
  "loggedFood" : {
    "foodId" : 0,
    "name" : "Breakfast Summary",
    "brand" : "MyFitnessPal",
    "accessLevel" : "PRIVATE",
    "units" : [201],
    "calories" : 172,
    "amount" : 1.0,
    "unit" : {
      "id" : 201,
      "name" : "meal",
      "plural" : "meals"
    },
    "mealTypeId" : 1
  },
  "nutritionalValues" : {
    "calories" : 172,
    "fat" : 3.0,
    "fiber" : 4.0,
    "carbs" : 30.0,
    "sodium" : 46.0,
    "protein" : 5.0
  },
  "logDate" : "2014-12-31",
  "favorite" : false
},{
  "logId" : 1604568153,
  "loggedFood" : {
    "foodId" : 0,
    "name" : "Snacks Summary",
    "brand" : "MyFitnessPal",
    "accessLevel" : "PRIVATE",
    "units" : [201],
    "calories" : 160,
    "amount" : 1.0,
    "unit" : {
      "id" : 201,
      "name" : "meal",
      "plural" : "meals"
    },
    "mealTypeId" : 7
  },
  "nutritionalValues" : {
    "calories" : 160,
    "fat" : 8.0,
    "fiber" : 2.0,
    "carbs" : 20.0,
    "sodium" : 200.0,
    "protein" : 4.0
  },
  "logDate" : "2014-12-15",
  "favorite" : false
},{
  "logId" : 1604398004,
  "loggedFood" : {
    "foodId" : 0,
    "name" : "Lunch Summary",
    "brand" : "MyFitnessPal",
    "accessLevel" : "PRIVATE",
    "units" : [201],
    "calories" : 140,
    "amount" : 1.0,
    "unit" : {
      "id" : 201,
      "name" : "meal",
      "plural" : "meals"
    },
    "mealTypeId" : 3
  },
  "nutritionalValues" : {
    "calories" : 140,
    "fat" : 4.0,
    "fiber" : 2.0,
    "carbs" : 7.0,
    "sodium" : 260.0,
    "protein" : 20.0
  },
  "logDate" : "2014-12-15",
  "favorite" : false
},{
  "logId" : 1603743288,
  "loggedFood" : {
    "foodId" : 0,
    "name" : "Breakfast Summary",
    "brand" : "MyFitnessPal",
    "accessLevel" : "PRIVATE",
    "units" : [201],
    "calories" : 445,
    "amount" : 1.0,
    "unit" : {
      "id" : 201,
      "name" : "meal",
      "plural" : "meals"
    },
    "mealTypeId" : 1
  },
  "nutritionalValues" : {
    "calories" : 445,
    "fat" : 18.0,
    "fiber" : 5.0,
    "carbs" : 71.0,
    "sodium" : 138.0,
    "protein" : 11.0
  },
  "logDate" : "2014-12-15",
  "favorite" : false
},{
  "logId" : 1603605986,
  "loggedFood" : {
    "foodId" : 0,
    "name" : "Breakfast Summary",
    "brand" : "MyFitnessPal",
    "accessLevel" : "PRIVATE",
    "units" : [201],
    "calories" : 280,
    "amount" : 1.0,
    "unit" : {
      "id" : 201,
      "name" : "meal",
      "plural" : "meals"
    },
    "mealTypeId" : 1
  },
  "nutritionalValues" : {
    "calories" : 280,
    "fat" : 3.0,
    "fiber" : 2.0,
    "carbs" : 56.0,
    "sodium" : 460.0,
    "protein" : 10.0
  },
  "logDate" : "2014-12-13",
  "favorite" : false
},{
  "logId" : 1521753096,
  "loggedFood" : {
    "foodId" : 0,
    "name" : "Breakfast Summary",
    "brand" : "MyFitnessPal",
    "accessLevel" : "PRIVATE",
    "units" : [201],
    "calories" : 228,
    "amount" : 1.0,
    "unit" : {
      "id" : 201,
      "name" : "meal",
      "plural" : "meals"
    },
    "mealTypeId" : 1
  },
  "nutritionalValues" : {
    "calories" : 228,
    "fat" : 14.0,
    "fiber" : 3.0,
    "carbs" : 25.0,
    "sodium" : 55.0,
    "protein" : 5.0
  },
  "logDate" : "2014-12-06",
  "favorite" : false
},{
  "logId" : 1470773166,
  "loggedFood" : {
    "foodId" : 0,
    "name" : "Lunch Summary",
    "brand" : "MyFitnessPal",
    "accessLevel" : "PRIVATE",
    "units" : [201],
    "calories" : 650,
    "amount" : 1.0,
    "unit" : {
      "id" : 201,
      "name" : "meal",
      "plural" : "meals"
    },
    "mealTypeId" : 3
  },
  "nutritionalValues" : {
    "calories" : 650,
    "fat" : 24.0,
    "fiber" : 10.0,
    "carbs" : 51.0,
    "sodium" : 1500.0,
    "protein" : 27.0
  },
  "logDate" : "2014-11-17",
  "favorite" : false
},{
  "logId" : 1470068454,
  "loggedFood" : {
    "foodId" : 0,
    "name" : "Breakfast Summary",
    "brand" : "MyFitnessPal",
    "accessLevel" : "PRIVATE",
    "units" : [201],
    "calories" : 156,
    "amount" : 1.0,
    "unit" : {
      "id" : 201,
      "name" : "meal",
      "plural" : "meals"
    },
    "mealTypeId" : 1
  },
  "nutritionalValues" : {
    "calories" : 156,
    "fat" : 0.0,
    "fiber" : 3.0,
    "carbs" : 35.0,
    "sodium" : 66.0,
    "protein" : 5.0
  },
  "logDate" : "2014-11-17",
  "favorite" : false
},{
  "logId" : 1434272535,
  "loggedFood" : {
    "foodId" : 0,
    "name" : "Breakfast Summary",
    "brand" : "MyFitnessPal",
    "accessLevel" : "PRIVATE",
    "units" : [201],
    "calories" : 43,
    "amount" : 1.0,
    "unit" : {
      "id" : 201,
      "name" : "meal",
      "plural" : "meals"
    },
    "mealTypeId" : 1
  },
  "nutritionalValues" : {
    "calories" : 43,
    "fat" : 0.0,
    "fiber" : 0.0,
    "carbs" : 7.0,
    "sodium" : 43.0,
    "protein" : 2.0
  },
  "logDate" : "2014-11-05",
  "favorite" : false
},{
  "logId" : 1419964471,
  "loggedFood" : {
    "foodId" : 0,
    "name" : "Snacks Summary",
    "brand" : "MyFitnessPal",
    "accessLevel" : "PRIVATE",
    "units" : [201],
    "calories" : 190,
    "amount" : 1.0,
    "unit" : {
      "id" : 201,
      "name" : "meal",
      "plural" : "meals"
    },
    "mealTypeId" : 7
  },
  "nutritionalValues" : {
    "calories" : 190,
    "fat" : 12.0,
    "fiber" : 3.0,
    "carbs" : 21.0,
    "sodium" : 25.0,
    "protein" : 3.0
  },
  "logDate" : "2014-10-31",
  "favorite" : false
},{
  "logId" : 1419839752,
  "loggedFood" : {
    "foodId" : 0,
    "name" : "Lunch Summary",
    "brand" : "MyFitnessPal",
    "accessLevel" : "PRIVATE",
    "units" : [201],
    "calories" : 140,
    "amount" : 1.0,
    "unit" : {
      "id" : 201,
      "name" : "meal",
      "plural" : "meals"
    },
    "mealTypeId" : 3
  },
  "nutritionalValues" : {
    "calories" : 140,
    "fat" : 4.0,
    "fiber" : 2.0,
    "carbs" : 7.0,
    "sodium" : 260.0,
    "protein" : 20.0
  },
  "logDate" : "2014-10-31",
  "favorite" : false
},{
  "logId" : 1419839746,
  "loggedFood" : {
    "foodId" : 0,
    "name" : "Breakfast Summary",
    "brand" : "MyFitnessPal",
    "accessLevel" : "PRIVATE",
    "units" : [201],
    "calories" : 205,
    "amount" : 1.0,
    "unit" : {
      "id" : 201,
      "name" : "meal",
      "plural" : "meals"
    },
    "mealTypeId" : 1
  },
  "nutritionalValues" : {
    "calories" : 205,
    "fat" : 11.0,
    "fiber" : 3.0,
    "carbs" : 24.0,
    "sodium" : 65.0,
    "protein" : 4.0
  },
  "logDate" : "2014-10-31",
  "favorite" : false
},{
  "logId" : 1379890413,
  "loggedFood" : {
    "foodId" : 0,
    "name" : "Breakfast Summary",
    "brand" : "MyFitnessPal",
    "accessLevel" : "PRIVATE",
    "units" : [201],
    "calories" : 221,
    "amount" : 1.0,
    "unit" : {
      "id" : 201,
      "name" : "meal",
      "plural" : "meals"
    },
    "mealTypeId" : 1
  },
  "nutritionalValues" : {
    "calories" : 221,
    "fat" : 11.0,
    "fiber" : 3.0,
    "carbs" : 25.0,
    "sodium" : 50.0,
    "protein" : 6.0
  },
  "logDate" : "2014-10-19",
  "favorite" : false
},{
  "logId" : 1375350004,
  "loggedFood" : {
    "foodId" : 0,
    "name" : "Breakfast Summary",
    "brand" : "MyFitnessPal",
    "accessLevel" : "PRIVATE",
    "units" : [201],
    "calories" : 350,
    "amount" : 1.0,
    "unit" : {
      "id" : 201,
      "name" : "meal",
      "plural" : "meals"
    },
    "mealTypeId" : 1
  },
  "nutritionalValues" : {
    "calories" : 350,
    "fat" : 10.0,
    "fiber" : 3.0,
    "carbs" : 48.0,
    "sodium" : 215.0,
    "protein" : 19.0
  },
  "logDate" : "2014-10-17",
  "favorite" : false
},{
  "logId" : 1364025268,
  "loggedFood" : {
    "foodId" : 0,
    "name" : "Breakfast Summary",
    "brand" : "MyFitnessPal",
    "accessLevel" : "PRIVATE",
    "units" : [201],
    "calories" : 315,
    "amount" : 1.0,
    "unit" : {
      "id" : 201,
      "name" : "meal",
      "plural" : "meals"
    },
    "mealTypeId" : 1
  },
  "nutritionalValues" : {
    "calories" : 315,
    "fat" : 7.0,
    "fiber" : 3.0,
    "carbs" : 22.0,
    "sodium" : 430.0,
    "protein" : 40.0
  },
  "logDate" : "2014-10-14",
  "favorite" : false
},{
  "logId" : 1332261179,
  "loggedFood" : {
    "foodId" : 0,
    "name" : "Breakfast Summary",
    "brand" : "MyFitnessPal",
    "accessLevel" : "PRIVATE",
    "units" : [201],
    "calories" : 370,
    "amount" : 1.0,
    "unit" : {
      "id" : 201,
      "name" : "meal",
      "plural" : "meals"
    },
    "mealTypeId" : 1
  },
  "nutritionalValues" : {
    "calories" : 370,
    "fat" : 13.0,
    "fiber" : 3.0,
    "carbs" : 44.0,
    "sodium" : 205.0,
    "protein" : 21.0
  },
  "logDate" : "2014-10-04",
  "favorite" : false
},{
  "logId" : 1327642396,
  "loggedFood" : {
    "foodId" : 0,
    "name" : "Snacks Summary",
    "brand" : "MyFitnessPal",
    "accessLevel" : "PRIVATE",
    "units" : [201],
    "calories" : 480,
    "amount" : 1.0,
    "unit" : {
      "id" : 201,
      "name" : "meal",
      "plural" : "meals"
    },
    "mealTypeId" : 7
  },
  "nutritionalValues" : {
    "calories" : 480,
    "fat" : 0.0,
    "fiber" : 0.0,
    "carbs" : 120.0,
    "sodium" : 0.0,
    "protein" : 0.0
  },
  "logDate" : "2014-10-02",
  "favorite" : false
},{
  "logId" : 1327643945,
  "loggedFood" : {
    "foodId" : 0,
    "name" : "Breakfast Summary",
    "brand" : "MyFitnessPal",
    "accessLevel" : "PRIVATE",
    "units" : [201],
    "calories" : 330,
    "amount" : 1.0,
    "unit" : {
      "id" : 201,
      "name" : "meal",
      "plural" : "meals"
    },
    "mealTypeId" : 1
  },
  "nutritionalValues" : {
    "calories" : 330,
    "fat" : 8.0,
    "fiber" : 3.0,
    "carbs" : 24.0,
    "sodium" : 470.0,
    "protein" : 40.0
  },
  "logDate" : "2014-10-02",
  "favorite" : false
},{
  "logId" : 1319534993,
  "loggedFood" : {
    "foodId" : 0,
    "name" : "Snacks Summary",
    "brand" : "MyFitnessPal",
    "accessLevel" : "PRIVATE",
    "units" : [201],
    "calories" : 185,
    "amount" : 1.0,
    "unit" : {
      "id" : 201,
      "name" : "meal",
      "plural" : "meals"
    },
    "mealTypeId" : 7
  },
  "nutritionalValues" : {
    "calories" : 185,
    "fat" : 5.0,
    "fiber" : 2.0,
    "carbs" : 16.0,
    "sodium" : 320.0,
    "protein" : 20.0
  },
  "logDate" : "2014-09-30",
  "favorite" : false
},{
  "logId" : 1319703807,
  "loggedFood" : {
    "foodId" : 0,
    "name" : "Lunch Summary",
    "brand" : "MyFitnessPal",
    "accessLevel" : "PRIVATE",
    "units" : [201],
    "calories" : 406,
    "amount" : 1.0,
    "unit" : {
      "id" : 201,
      "name" : "meal",
      "plural" : "meals"
    },
    "mealTypeId" : 3
  },
  "nutritionalValues" : {
    "calories" : 406,
    "fat" : 15.0,
    "fiber" : 4.0,
    "carbs" : 31.0,
    "sodium" : 712.0,
    "protein" : 7.0
  },
  "logDate" : "2014-09-30",
  "favorite" : false
},{
  "logId" : 1318413085,
  "loggedFood" : {
    "foodId" : 0,
    "name" : "Breakfast Summary",
    "brand" : "MyFitnessPal",
    "accessLevel" : "PRIVATE",
    "units" : [201],
    "calories" : 300,
    "amount" : 1.0,
    "unit" : {
      "id" : 201,
      "name" : "meal",
      "plural" : "meals"
    },
    "mealTypeId" : 1
  },
  "nutritionalValues" : {
    "calories" : 300,
    "fat" : 7.0,
    "fiber" : 3.0,
    "carbs" : 20.0,
    "sodium" : 390.0,
    "protein" : 40.0
  },
  "logDate" : "2014-09-30",
  "favorite" : false
},{
  "logId" : 1317684340,
  "loggedFood" : {
    "foodId" : 0,
    "name" : "Snacks Summary",
    "brand" : "MyFitnessPal",
    "accessLevel" : "PRIVATE",
    "units" : [201],
    "calories" : 662,
    "amount" : 1.0,
    "unit" : {
      "id" : 201,
      "name" : "meal",
      "plural" : "meals"
    },
    "mealTypeId" : 7
  },
  "nutritionalValues" : {
    "calories" : 662,
    "fat" : 45.0,
    "fiber" : 8.0,
    "carbs" : 64.0,
    "sodium" : 83.0,
    "protein" : 7.0
  },
  "logDate" : "2014-09-29",
  "favorite" : false
},{
  "logId" : 1316591774,
  "loggedFood" : {
    "foodId" : 0,
    "name" : "Dinner Summary",
    "brand" : "MyFitnessPal",
    "accessLevel" : "PRIVATE",
    "units" : [201],
    "calories" : 587,
    "amount" : 1.0,
    "unit" : {
      "id" : 201,
      "name" : "meal",
      "plural" : "meals"
    },
    "mealTypeId" : 5
  },
  "nutritionalValues" : {
    "calories" : 587,
    "fat" : 21.0,
    "fiber" : 12.0,
    "carbs" : 85.0,
    "sodium" : 426.0,
    "protein" : 21.0
  },
  "logDate" : "2014-09-29",
  "favorite" : false
},{
  "logId" : 1314564105,
  "loggedFood" : {
    "foodId" : 0,
    "name" : "Breakfast Summary",
    "brand" : "MyFitnessPal",
    "accessLevel" : "PRIVATE",
    "units" : [201],
    "calories" : 97,
    "amount" : 1.0,
    "unit" : {
      "id" : 201,
      "name" : "meal",
      "plural" : "meals"
    },
    "mealTypeId" : 1
  },
  "nutritionalValues" : {
    "calories" : 97,
    "fat" : 0.0,
    "fiber" : 3.0,
    "carbs" : 24.0,
    "sodium" : 21.0,
    "protein" : 1.0
  },
  "logDate" : "2014-09-29",
  "favorite" : false
},{
  "logId" : 1306333406,
  "loggedFood" : {
    "foodId" : 0,
    "name" : "Caramel Almond & Sea Salt, Milk",
    "brand" : "Lose It!",
    "accessLevel" : "PRIVATE",
    "units" : [201],
    "calories" : 208,
    "amount" : 1.0,
    "unit" : {
      "id" : 201,
      "name" : "meal",
      "plural" : "meals"
    },
    "mealTypeId" : 1
  },
  "nutritionalValues" : {
    "calories" : 208,
    "fat" : 16.3,
    "fiber" : 7.1,
    "carbs" : 16.0,
    "sodium" : 147.5,
    "protein" : 6.1
  },
  "logDate" : "2014-09-26",
  "favorite" : false
},{
  "logId" : 1244119668,
  "loggedFood" : {
    "foodId" : 0,
    "name" : "Organic Fat Free Milk, Cranberry Almond Kind bar",
    "brand" : "Lose It!",
    "accessLevel" : "PRIVATE",
    "units" : [201],
    "calories" : 203,
    "amount" : 1.0,
    "unit" : {
      "id" : 201,
      "name" : "meal",
      "plural" : "meals"
    },
    "mealTypeId" : 1
  },
  "nutritionalValues" : {
    "calories" : 203,
    "fat" : 9.0,
    "fiber" : 2.5,
    "carbs" : 25.0,
    "sodium" : 51.2,
    "protein" : 6.0
  },
  "logDate" : "2014-09-08",
  "favorite" : false
},{
  "logId" : 1209003848,
  "loggedFood" : {
    "foodId" : 0,
    "name" : "Kind Bar, Milk",
    "brand" : "Lose It!",
    "accessLevel" : "PRIVATE",
    "units" : [201],
    "calories" : 190,
    "amount" : 1.0,
    "unit" : {
      "id" : 201,
      "name" : "meal",
      "plural" : "meals"
    },
    "mealTypeId" : 1
  },
  "nutritionalValues" : {
    "calories" : 190,
    "fat" : 10.8,
    "fiber" : 5.2,
    "carbs" : 23.5,
    "sodium" : 70.0,
    "protein" : 3.2
  },
  "logDate" : "2014-08-28",
  "favorite" : false
},{
  "logId" : 1198067798,
  "loggedFood" : {
    "foodId" : 0,
    "name" : "Whey Protein Shake, Almond Milk",
    "brand" : "Lose It!",
    "accessLevel" : "PRIVATE",
    "units" : [201],
    "calories" : 340,
    "amount" : 1.0,
    "unit" : {
      "id" : 201,
      "name" : "meal",
      "plural" : "meals"
    },
    "mealTypeId" : 3
  },
  "nutritionalValues" : {
    "calories" : 340,
    "fat" : 11.5,
    "fiber" : 5.5,
    "carbs" : 19.0,
    "sodium" : 850.0,
    "protein" : 41.5
  },
  "logDate" : "2014-08-25",
  "favorite" : false
},{
  "logId" : 1197280668,
  "loggedFood" : {
    "foodId" : 0,
    "name" : "Kind Bar",
    "brand" : "Lose It!",
    "accessLevel" : "PRIVATE",
    "units" : [201],
    "calories" : 200,
    "amount" : 1.0,
    "unit" : {
      "id" : 201,
      "name" : "meal",
      "plural" : "meals"
    },
    "mealTypeId" : 1
  },
  "nutritionalValues" : {
    "calories" : 200,
    "fat" : 13.0,
    "fiber" : 2.5,
    "carbs" : 19.0,
    "sodium" : 15.0,
    "protein" : 5.0
  },
  "logDate" : "2014-08-25",
  "favorite" : false
},{
  "logId" : 1130185535,
  "loggedFood" : {
    "foodId" : 0,
    "name" : "Cashew Butter, Peaches",
    "brand" : "Lose It!",
    "accessLevel" : "PRIVATE",
    "units" : [201],
    "calories" : 410,
    "amount" : 1.0,
    "unit" : {
      "id" : 201,
      "name" : "meal",
      "plural" : "meals"
    },
    "mealTypeId" : 1
  },
  "nutritionalValues" : {
    "calories" : 410,
    "fat" : 32.0,
    "fiber" : 4.0,
    "carbs" : 29.0,
    "sodium" : 0.0,
    "protein" : 10.5
  },
  "logDate" : "2014-08-05",
  "favorite" : false
},{
  "logId" : 1130176566,
  "loggedFood" : {
    "foodId" : 0,
    "name" : "Egg, Lettuce, Shallots, Capers, Juice, Fish, Gummy Penguins",
    "brand" : "Lose It!",
    "accessLevel" : "PRIVATE",
    "units" : [201],
    "calories" : 316,
    "amount" : 1.0,
    "unit" : {
      "id" : 201,
      "name" : "meal",
      "plural" : "meals"
    },
    "mealTypeId" : 3
  },
  "nutritionalValues" : {
    "calories" : 316,
    "fat" : 8.5,
    "fiber" : 0.6,
    "carbs" : 21.3,
    "sodium" : 650.7,
    "protein" : 33.7
  },
  "logDate" : "2014-08-04",
  "favorite" : false
},{
  "logId" : 1126324902,
  "loggedFood" : {
    "foodId" : 0,
    "name" : "Dark Chocolate Cherry Cashew, Muscle Milk Drink, Almond Milk",
    "brand" : "Lose It!",
    "accessLevel" : "PRIVATE",
    "units" : [201],
    "calories" : 338,
    "amount" : 1.0,
    "unit" : {
      "id" : 201,
      "name" : "meal",
      "plural" : "meals"
    },
    "mealTypeId" : 1
  },
  "nutritionalValues" : {
    "calories" : 338,
    "fat" : 13.6,
    "fiber" : 4.8,
    "carbs" : 30.0,
    "sodium" : 377.5,
    "protein" : 24.2
  },
  "logDate" : "2014-08-04",
  "favorite" : false
},{
  "logId" : 1081231336,
  "loggedFood" : {
    "foodId" : 0,
    "name" : "Fruit, Wasabi peas",
    "brand" : "Lose It!",
    "accessLevel" : "PRIVATE",
    "units" : [201],
    "calories" : 260,
    "amount" : 1.0,
    "unit" : {
      "id" : 201,
      "name" : "meal",
      "plural" : "meals"
    },
    "mealTypeId" : 7
  },
  "nutritionalValues" : {
    "calories" : 260,
    "fat" : 11.4,
    "fiber" : 1.0,
    "carbs" : 37.2,
    "sodium" : 240.0,
    "protein" : 4.7
  },
  "logDate" : "2014-07-21",
  "favorite" : false
},{
  "logId" : 1081254843,
  "loggedFood" : {
    "foodId" : 0,
    "name" : "Fish",
    "brand" : "Lose It!",
    "accessLevel" : "PRIVATE",
    "units" : [201],
    "calories" : 179,
    "amount" : 1.0,
    "unit" : {
      "id" : 201,
      "name" : "meal",
      "plural" : "meals"
    },
    "mealTypeId" : 3
  },
  "nutritionalValues" : {
    "calories" : 179,
    "fat" : 1.4,
    "fiber" : 0.0,
    "carbs" : 0.0,
    "sodium" : 154.7,
    "protein" : 39.0
  },
  "logDate" : "2014-07-21",
  "favorite" : false
},{
  "logId" : 1081229227,
  "loggedFood" : {
    "foodId" : 0,
    "name" : "Combat Protein",
    "brand" : "Lose It!",
    "accessLevel" : "PRIVATE",
    "units" : [201],
    "calories" : 280,
    "amount" : 1.0,
    "unit" : {
      "id" : 201,
      "name" : "meal",
      "plural" : "meals"
    },
    "mealTypeId" : 1
  },
  "nutritionalValues" : {
    "calories" : 280,
    "fat" : 4.0,
    "fiber" : 2.0,
    "carbs" : 10.0,
    "sodium" : 200.0,
    "protein" : 50.0
  },
  "logDate" : "2014-07-21",
  "favorite" : false
},{
  "logId" : 1077677748,
  "loggedFood" : {
    "foodId" : 0,
    "name" : "Cranberry Almond Kind bar",
    "brand" : "Lose It!",
    "accessLevel" : "PRIVATE",
    "units" : [201],
    "calories" : 180,
    "amount" : 1.0,
    "unit" : {
      "id" : 201,
      "name" : "meal",
      "plural" : "meals"
    },
    "mealTypeId" : 7
  },
  "nutritionalValues" : {
    "calories" : 180,
    "fat" : 9.0,
    "fiber" : 2.5,
    "carbs" : 22.0,
    "sodium" : 20.0,
    "protein" : 4.0
  },
  "logDate" : "2014-07-20",
  "favorite" : false
},{
  "logId" : 1078218504,
  "loggedFood" : {
    "foodId" : 0,
    "name" : "Pizza",
    "brand" : "Lose It!",
    "accessLevel" : "PRIVATE",
    "units" : [201],
    "calories" : 820,
    "amount" : 1.0,
    "unit" : {
      "id" : 201,
      "name" : "meal",
      "plural" : "meals"
    },
    "mealTypeId" : 3
  },
  "nutritionalValues" : {
    "calories" : 820,
    "fat" : 42.0,
    "fiber" : 4.0,
    "carbs" : 76.0,
    "sodium" : 2120.0,
    "protein" : 32.0
  },
  "logDate" : "2014-07-20",
  "favorite" : false
},{
  "logId" : 1077671738,
  "loggedFood" : {
    "foodId" : 0,
    "name" : "Milk, Combat Protein",
    "brand" : "Lose It!",
    "accessLevel" : "PRIVATE",
    "units" : [201],
    "calories" : 301,
    "amount" : 1.0,
    "unit" : {
      "id" : 201,
      "name" : "meal",
      "plural" : "meals"
    },
    "mealTypeId" : 1
  },
  "nutritionalValues" : {
    "calories" : 301,
    "fat" : 4.0,
    "fiber" : 2.0,
    "carbs" : 13.0,
    "sodium" : 225.7,
    "protein" : 52.1
  },
  "logDate" : "2014-07-20",
  "favorite" : false
},{
  "logId" : 1077677758,
  "loggedFood" : {
    "foodId" : 0,
    "name" : "Almond Milk, Kind Cashew Cherry Bar, Apple, Watermelon",
    "brand" : "Lose It!",
    "accessLevel" : "PRIVATE",
    "units" : [201],
    "calories" : 265,
    "amount" : 1.0,
    "unit" : {
      "id" : 201,
      "name" : "meal",
      "plural" : "meals"
    },
    "mealTypeId" : 1
  },
  "nutritionalValues" : {
    "calories" : 265,
    "fat" : 9.6,
    "fiber" : 3.1,
    "carbs" : 43.1,
    "sodium" : 20.6,
    "protein" : 4.9
  },
  "logDate" : "2014-07-16",
  "favorite" : false
},{
  "logId" : 1061245733,
  "loggedFood" : {
    "foodId" : 0,
    "name" : "Shake",
    "brand" : "Lose It!",
    "accessLevel" : "PRIVATE",
    "units" : [201],
    "calories" : 140,
    "amount" : 1.0,
    "unit" : {
      "id" : 201,
      "name" : "meal",
      "plural" : "meals"
    },
    "mealTypeId" : 7
  },
  "nutritionalValues" : {
    "calories" : 140,
    "fat" : 4.0,
    "fiber" : 2.0,
    "carbs" : 7.0,
    "sodium" : 260.0,
    "protein" : 20.0
  },
  "logDate" : "2014-07-15",
  "favorite" : false
},{
  "logId" : 1060663278,
  "loggedFood" : {
    "foodId" : 0,
    "name" : "Milk",
    "brand" : "Lose It!",
    "accessLevel" : "PRIVATE",
    "units" : [201],
    "calories" : 5,
    "amount" : 1.0,
    "unit" : {
      "id" : 201,
      "name" : "meal",
      "plural" : "meals"
    },
    "mealTypeId" : 3
  },
  "nutritionalValues" : {
    "calories" : 5,
    "fat" : 0.4,
    "fiber" : 0.1,
    "carbs" : 0.2,
    "sodium" : 22.5,
    "protein" : 0.1
  },
  "logDate" : "2014-07-15",
  "favorite" : false
},{
  "logId" : 1060579796,
  "loggedFood" : {
    "foodId" : 0,
    "name" : "Kind Bar",
    "brand" : "Lose It!",
    "accessLevel" : "PRIVATE",
    "units" : [201],
    "calories" : 190,
    "amount" : 1.0,
    "unit" : {
      "id" : 201,
      "name" : "meal",
      "plural" : "meals"
    },
    "mealTypeId" : 1
  },
  "nutritionalValues" : {
    "calories" : 190,
    "fat" : 11.0,
    "fiber" : 4.0,
    "carbs" : 20.0,
    "sodium" : 15.0,
    "protein" : 5.0
  },
  "logDate" : "2014-07-15",
  "favorite" : false
},{
  "logId" : 1037861943,
  "loggedFood" : {
    "foodId" : 0,
    "name" : "Builder's Max, Milk",
    "brand" : "Lose It!",
    "accessLevel" : "PRIVATE",
    "units" : [201],
    "calories" : 401,
    "amount" : 1.0,
    "unit" : {
      "id" : 201,
      "name" : "meal",
      "plural" : "meals"
    },
    "mealTypeId" : 1
  },
  "nutritionalValues" : {
    "calories" : 401,
    "fat" : 12.0,
    "fiber" : 3.0,
    "carbs" : 42.0,
    "sodium" : 415.7,
    "protein" : 32.1
  },
  "logDate" : "2014-07-08",
  "favorite" : false
},{
  "logId" : 1032309019,
  "loggedFood" : {
    "foodId" : 0,
    "name" : "Bar",
    "brand" : "Lose It!",
    "accessLevel" : "PRIVATE",
    "units" : [201],
    "calories" : 210,
    "amount" : 1.0,
    "unit" : {
      "id" : 201,
      "name" : "meal",
      "plural" : "meals"
    },
    "mealTypeId" : 7
  },
  "nutritionalValues" : {
    "calories" : 210,
    "fat" : 16.0,
    "fiber" : 5.0,
    "carbs" : 14.0,
    "sodium" : 15.0,
    "protein" : 7.0
  },
  "logDate" : "2014-07-06",
  "favorite" : false
},{
  "logId" : 1032148903,
  "loggedFood" : {
    "foodId" : 0,
    "name" : "Fish, Egg, Juice, Shallots, Apple",
    "brand" : "Lose It!",
    "accessLevel" : "PRIVATE",
    "units" : [201],
    "calories" : 461,
    "amount" : 1.0,
    "unit" : {
      "id" : 201,
      "name" : "meal",
      "plural" : "meals"
    },
    "mealTypeId" : 3
  },
  "nutritionalValues" : {
    "calories" : 461,
    "fat" : 16.8,
    "fiber" : 5.4,
    "carbs" : 32.4,
    "sodium" : 688.0,
    "protein" : 44.3
  },
  "logDate" : "2014-07-06",
  "favorite" : false
},{
  "logId" : 1032144605,
  "loggedFood" : {
    "foodId" : 0,
    "name" : "Milk",
    "brand" : "Lose It!",
    "accessLevel" : "PRIVATE",
    "units" : [201],
    "calories" : 21,
    "amount" : 1.0,
    "unit" : {
      "id" : 201,
      "name" : "meal",
      "plural" : "meals"
    },
    "mealTypeId" : 1
  },
  "nutritionalValues" : {
    "calories" : 21,
    "fat" : 0.0,
    "fiber" : 0.0,
    "carbs" : 3.0,
    "sodium" : 25.7,
    "protein" : 2.1
  },
  "logDate" : "2014-07-06",
  "favorite" : false
},{
  "logId" : 1001552520,
  "loggedFood" : {
    "foodId" : 0,
    "name" : "Cranberry Almond Bar + Antioxidants",
    "brand" : "Lose It!",
    "accessLevel" : "PRIVATE",
    "units" : [201],
    "calories" : 190,
    "amount" : 1.0,
    "unit" : {
      "id" : 201,
      "name" : "meal",
      "plural" : "meals"
    },
    "mealTypeId" : 7
  },
  "nutritionalValues" : {
    "calories" : 190,
    "fat" : 13.0,
    "fiber" : 3.0,
    "carbs" : 20.0,
    "sodium" : 25.0,
    "protein" : 4.0
  },
  "logDate" : "2014-06-26",
  "favorite" : false
},{
  "logId" : 1001556926,
  "loggedFood" : {
    "foodId" : 0,
    "name" : "Whey Protein Shake, Milk",
    "brand" : "Lose It!",
    "accessLevel" : "PRIVATE",
    "units" : [201],
    "calories" : 161,
    "amount" : 1.0,
    "unit" : {
      "id" : 201,
      "name" : "meal",
      "plural" : "meals"
    },
    "mealTypeId" : 1
  },
  "nutritionalValues" : {
    "calories" : 161,
    "fat" : 3.5,
    "fiber" : 2.0,
    "carbs" : 11.0,
    "sodium" : 315.7,
    "protein" : 22.1
  },
  "logDate" : "2014-06-26",
  "favorite" : false
},{
  "logId" : 999194980,
  "loggedFood" : {
    "foodId" : 14535951,
    "locale" : "en_US",
    "name" : "Manchego D.O.",
    "brand" : "Primo Taglio",
    "accessLevel" : "PUBLIC",
    "units" : [89,226,180,147,389],
    "calories" : 260,
    "amount" : 2.0,
    "unit" : {
      "id" : 89,
      "name" : "cubic-inch",
      "plural" : "cubic-inches"
    },
    "mealTypeId" : 7
  },
  "nutritionalValues" : {
    "calories" : 260,
    "fat" : 22.0,
    "fiber" : 0.0,
    "carbs" : 0.0,
    "sodium" : 460.0,
    "protein" : 16.0
  },
  "logDate" : "2014-06-25",
  "favorite" : false
},{
  "logId" : 998290428,
  "loggedFood" : {
    "foodId" : 0,
    "name" : "Dark Chocolate Cherry Cashew",
    "brand" : "Lose It!",
    "accessLevel" : "PRIVATE",
    "units" : [201],
    "calories" : 180,
    "amount" : 1.0,
    "unit" : {
      "id" : 201,
      "name" : "meal",
      "plural" : "meals"
    },
    "mealTypeId" : 7
  },
  "nutritionalValues" : {
    "calories" : 180,
    "fat" : 9.0,
    "fiber" : 2.5,
    "carbs" : 22.0,
    "sodium" : 20.0,
    "protein" : 4.0
  },
  "logDate" : "2014-06-25",
  "favorite" : false
},{
  "logId" : 998291523,
  "loggedFood" : {
    "foodId" : 0,
    "name" : "Muscle Milk Drink, Milk",
    "brand" : "Lose It!",
    "accessLevel" : "PRIVATE",
    "units" : [201],
    "calories" : 171,
    "amount" : 1.0,
    "unit" : {
      "id" : 201,
      "name" : "meal",
      "plural" : "meals"
    },
    "mealTypeId" : 1
  },
  "nutritionalValues" : {
    "calories" : 171,
    "fat" : 4.0,
    "fiber" : 2.0,
    "carbs" : 11.0,
    "sodium" : 345.7,
    "protein" : 22.1
  },
  "logDate" : "2014-06-25",
  "favorite" : false
},{
  "logId" : 994354160,
  "loggedFood" : {
    "foodId" : 0,
    "name" : "Spicy Chik'n, Cheese, Mustard, Pickles, Bun",
    "brand" : "Lose It!",
    "accessLevel" : "PRIVATE",
    "units" : [201],
    "calories" : 716,
    "amount" : 1.0,
    "unit" : {
      "id" : 201,
      "name" : "meal",
      "plural" : "meals"
    },
    "mealTypeId" : 3
  },
  "nutritionalValues" : {
    "calories" : 716,
    "fat" : 33.0,
    "fiber" : 10.0,
    "carbs" : 67.4,
    "sodium" : 1913.2,
    "protein" : 42.3
  },
  "logDate" : "2014-06-24",
  "favorite" : false
},{
  "logId" : 994247399,
  "loggedFood" : {
    "foodId" : 0,
    "name" : "Milk, Muscle Milk Drink",
    "brand" : "Lose It!",
    "accessLevel" : "PRIVATE",
    "units" : [201],
    "calories" : 165,
    "amount" : 1.0,
    "unit" : {
      "id" : 201,
      "name" : "meal",
      "plural" : "meals"
    },
    "mealTypeId" : 1
  },
  "nutritionalValues" : {
    "calories" : 165,
    "fat" : 4.6,
    "fiber" : 2.2,
    "carbs" : 10.0,
    "sodium" : 357.0,
    "protein" : 20.2
  },
  "logDate" : "2014-06-24",
  "favorite" : false
},{
  "logId" : 990820091,
  "loggedFood" : {
    "foodId" : 0,
    "name" : "Madagascar Vanilla Almond Bar",
    "brand" : "Lose It!",
    "accessLevel" : "PRIVATE",
    "units" : [201],
    "calories" : 210,
    "amount" : 1.0,
    "unit" : {
      "id" : 201,
      "name" : "meal",
      "plural" : "meals"
    },
    "mealTypeId" : 3
  },
  "nutritionalValues" : {
    "calories" : 210,
    "fat" : 16.0,
    "fiber" : 5.0,
    "carbs" : 14.0,
    "sodium" : 15.0,
    "protein" : 7.0
  },
  "logDate" : "2014-06-23",
  "favorite" : false
},{
  "logId" : 990505794,
  "loggedFood" : {
    "foodId" : 0,
    "name" : "Juice, Whey Protein Shake, Milk, Pear",
    "brand" : "Lose It!",
    "accessLevel" : "PRIVATE",
    "units" : [201],
    "calories" : 224,
    "amount" : 1.0,
    "unit" : {
      "id" : 201,
      "name" : "meal",
      "plural" : "meals"
    },
    "mealTypeId" : 1
  },
  "nutritionalValues" : {
    "calories" : 224,
    "fat" : 4.1,
    "fiber" : 3.5,
    "carbs" : 27.3,
    "sodium" : 310.1,
    "protein" : 21.1
  },
  "logDate" : "2014-06-23",
  "favorite" : false
},{
  "logId" : 982375212,
  "loggedFood" : {
    "foodId" : 0,
    "name" : "Muscle Milk Drink, Milk",
    "brand" : "Lose It!",
    "accessLevel" : "PRIVATE",
    "units" : [201],
    "calories" : 158,
    "amount" : 1.0,
    "unit" : {
      "id" : 201,
      "name" : "meal",
      "plural" : "meals"
    },
    "mealTypeId" : 1
  },
  "nutritionalValues" : {
    "calories" : 158,
    "fat" : 4.3,
    "fiber" : 2.1,
    "carbs" : 9.0,
    "sodium" : 338.5,
    "protein" : 20.1
  },
  "logDate" : "2014-06-20",
  "favorite" : false
},{
  "logId" : 978891909,
  "loggedFood" : {
    "foodId" : 0,
    "name" : "Protein Plus, Milk",
    "brand" : "Lose It!",
    "accessLevel" : "PRIVATE",
    "units" : [201],
    "calories" : 320,
    "amount" : 1.0,
    "unit" : {
      "id" : 201,
      "name" : "meal",
      "plural" : "meals"
    },
    "mealTypeId" : 1
  },
  "nutritionalValues" : {
    "calories" : 320,
    "fat" : 5.1,
    "fiber" : 2.0,
    "carbs" : 19.8,
    "sodium" : 343.7,
    "protein" : 48.0
  },
  "logDate" : "2014-06-19",
  "favorite" : false
},{
  "logId" : 968783978,
  "loggedFood" : {
    "foodId" : 0,
    "name" : "Dark Chocolate Nuts & Sea Salt",
    "brand" : "Lose It!",
    "accessLevel" : "PRIVATE",
    "units" : [201],
    "calories" : 200,
    "amount" : 1.0,
    "unit" : {
      "id" : 201,
      "name" : "meal",
      "plural" : "meals"
    },
    "mealTypeId" : 3
  },
  "nutritionalValues" : {
    "calories" : 200,
    "fat" : 15.0,
    "fiber" : 7.0,
    "carbs" : 16.0,
    "sodium" : 125.0,
    "protein" : 6.0
  },
  "logDate" : "2014-06-16",
  "favorite" : false
},{
  "logId" : 968777975,
  "loggedFood" : {
    "foodId" : 0,
    "name" : "Muscle Milk Drink, Milk",
    "brand" : "Lose It!",
    "accessLevel" : "PRIVATE",
    "units" : [201],
    "calories" : 165,
    "amount" : 1.0,
    "unit" : {
      "id" : 201,
      "name" : "meal",
      "plural" : "meals"
    },
    "mealTypeId" : 1
  },
  "nutritionalValues" : {
    "calories" : 165,
    "fat" : 4.6,
    "fiber" : 2.2,
    "carbs" : 10.0,
    "sodium" : 357.0,
    "protein" : 20.2
  },
  "logDate" : "2014-06-16",
  "favorite" : false
},{
  "logId" : 954091637,
  "loggedFood" : {
    "foodId" : 0,
    "name" : "Protein Plus, Milk",
    "brand" : "Lose It!",
    "accessLevel" : "PRIVATE",
    "units" : [201],
    "calories" : 220,
    "amount" : 1.0,
    "unit" : {
      "id" : 201,
      "name" : "meal",
      "plural" : "meals"
    },
    "mealTypeId" : 1
  },
  "nutritionalValues" : {
    "calories" : 220,
    "fat" : 1.0,
    "fiber" : 0.3,
    "carbs" : 6.6,
    "sodium" : 97.2,
    "protein" : 46.3
  },
  "logDate" : "2014-06-11",
  "favorite" : false
},{
  "logId" : 939347750,
  "loggedFood" : {
    "foodId" : 0,
    "name" : "Cranberry Almond Kind bar",
    "brand" : "Lose It!",
    "accessLevel" : "PRIVATE",
    "units" : [201],
    "calories" : 180,
    "amount" : 1.0,
    "unit" : {
      "id" : 201,
      "name" : "meal",
      "plural" : "meals"
    },
    "mealTypeId" : 7
  },
  "nutritionalValues" : {
    "calories" : 180,
    "fat" : 9.0,
    "fiber" : 2.5,
    "carbs" : 22.0,
    "sodium" : 20.0,
    "protein" : 4.0
  },
  "logDate" : "2014-06-06",
  "favorite" : false
},{
  "logId" : 939353079,
  "loggedFood" : {
    "foodId" : 0,
    "name" : "Milk, Whey Protein Shake",
    "brand" : "Lose It!",
    "accessLevel" : "PRIVATE",
    "units" : [201],
    "calories" : 160,
    "amount" : 1.0,
    "unit" : {
      "id" : 201,
      "name" : "meal",
      "plural" : "meals"
    },
    "mealTypeId" : 1
  },
  "nutritionalValues" : {
    "calories" : 160,
    "fat" : 4.3,
    "fiber" : 2.3,
    "carbs" : 10.6,
    "sodium" : 339.2,
    "protein" : 20.3
  },
  "logDate" : "2014-06-06",
  "favorite" : false
},{
  "logId" : 936773163,
  "loggedFood" : {
    "foodId" : 0,
    "name" : "Muscle Milk Drink, Milk",
    "brand" : "Lose It!",
    "accessLevel" : "PRIVATE",
    "units" : [201],
    "calories" : 158,
    "amount" : 1.0,
    "unit" : {
      "id" : 201,
      "name" : "meal",
      "plural" : "meals"
    },
    "mealTypeId" : 1
  },
  "nutritionalValues" : {
    "calories" : 158,
    "fat" : 4.3,
    "fiber" : 2.1,
    "carbs" : 9.0,
    "sodium" : 338.5,
    "protein" : 20.1
  },
  "logDate" : "2014-06-05",
  "favorite" : false
},{
  "logId" : 933400418,
  "loggedFood" : {
    "foodId" : 0,
    "name" : "Dark Chocolate Cherry Cashew",
    "brand" : "Lose It!",
    "accessLevel" : "PRIVATE",
    "units" : [201],
    "calories" : 180,
    "amount" : 1.0,
    "unit" : {
      "id" : 201,
      "name" : "meal",
      "plural" : "meals"
    },
    "mealTypeId" : 7
  },
  "nutritionalValues" : {
    "calories" : 180,
    "fat" : 9.0,
    "fiber" : 2.5,
    "carbs" : 22.0,
    "sodium" : 20.0,
    "protein" : 4.0
  },
  "logDate" : "2014-06-04",
  "favorite" : false
},{
  "logId" : 933757245,
  "loggedFood" : {
    "foodId" : 0,
    "name" : "Organic Cheese, Burrito",
    "brand" : "Lose It!",
    "accessLevel" : "PRIVATE",
    "units" : [201],
    "calories" : 620,
    "amount" : 1.0,
    "unit" : {
      "id" : 201,
      "name" : "meal",
      "plural" : "meals"
    },
    "mealTypeId" : 3
  },
  "nutritionalValues" : {
    "calories" : 620,
    "fat" : 10.0,
    "fiber" : 14.0,
    "carbs" : 96.0,
    "sodium" : 980.0,
    "protein" : 26.0
  },
  "logDate" : "2014-06-04",
  "favorite" : false
},{
  "logId" : 933391601,
  "loggedFood" : {
    "foodId" : 0,
    "name" : "Muscle Milk Drink, Milk",
    "brand" : "Lose It!",
    "accessLevel" : "PRIVATE",
    "units" : [201],
    "calories" : 165,
    "amount" : 1.0,
    "unit" : {
      "id" : 201,
      "name" : "meal",
      "plural" : "meals"
    },
    "mealTypeId" : 1
  },
  "nutritionalValues" : {
    "calories" : 165,
    "fat" : 4.6,
    "fiber" : 2.2,
    "carbs" : 10.0,
    "sodium" : 357.0,
    "protein" : 20.2
  },
  "logDate" : "2014-06-04",
  "favorite" : false
},{
  "logId" : 930513069,
  "loggedFood" : {
    "foodId" : 0,
    "name" : "Pure Coconut Water, Apple, Whey Protein Shake",
    "brand" : "Lose It!",
    "accessLevel" : "PRIVATE",
    "units" : [201],
    "calories" : 335,
    "amount" : 1.0,
    "unit" : {
      "id" : 201,
      "name" : "meal",
      "plural" : "meals"
    },
    "mealTypeId" : 7
  },
  "nutritionalValues" : {
    "calories" : 335,
    "fat" : 3.8,
    "fiber" : 6.4,
    "carbs" : 57.1,
    "sodium" : 341.8,
    "protein" : 20.5
  },
  "logDate" : "2014-06-03",
  "favorite" : false
}]