[{
  "logId" : 11223306874,
  "loggedFood" : {
    "foodId" : 0,
    "name" : "Lunch Summary",
    "brand" : "MyFitnessPal",
    "accessLevel" : "PRIVATE",
    "units" : [201],
    "calories" : 1266,
    "amount" : 1.0,
    "unit" : {
      "id" : 201,
      "name" : "meal",
      "plural" : "meals"
    },
    "mealTypeId" : 3
  },
  "nutritionalValues" : {
    "calories" : 1266,
    "fat" : 43.0,
    "fiber" : 7.0,
    "carbs" : 186.0,
    "sodium" : 1884.0,
    "protein" : 38.0
  },
  "logDate" : "2017-06-07",
  "favorite" : false
},{
  "logId" : 11223322204,
  "loggedFood" : {
    "foodId" : 0,
    "name" : "Breakfast Summary",
    "brand" : "MyFitnessPal",
    "accessLevel" : "PRIVATE",
    "units" : [201],
    "calories" : 640,
    "amount" : 1.0,
    "unit" : {
      "id" : 201,
      "name" : "meal",
      "plural" : "meals"
    },
    "mealTypeId" : 1
  },
  "nutritionalValues" : {
    "calories" : 640,
    "fat" : 37.0,
    "fiber" : 1.0,
    "carbs" : 53.0,
    "sodium" : 1040.0,
    "protein" : 25.0
  },
  "logDate" : "2017-06-07",
  "favorite" : false
},{
  "logId" : 11157940481,
  "loggedFood" : {
    "foodId" : 0,
    "name" : "Snacks Summary",
    "brand" : "MyFitnessPal",
    "accessLevel" : "PRIVATE",
    "units" : [201],
    "calories" : 225,
    "amount" : 1.0,
    "unit" : {
      "id" : 201,
      "name" : "meal",
      "plural" : "meals"
    },
    "mealTypeId" : 7
  },
  "nutritionalValues" : {
    "calories" : 225,
    "fat" : 14.0,
    "fiber" : 4.0,
    "carbs" : 22.0,
    "sodium" : 180.0,
    "protein" : 5.0
  },
  "logDate" : "2017-06-01",
  "favorite" : false
},{
  "logId" : 11153252421,
  "loggedFood" : {
    "foodId" : 0,
    "name" : "Breakfast Summary",
    "brand" : "MyFitnessPal",
    "accessLevel" : "PRIVATE",
    "units" : [201],
    "calories" : 381,
    "amount" : 1.0,
    "unit" : {
      "id" : 201,
      "name" : "meal",
      "plural" : "meals"
    },
    "mealTypeId" : 1
  },
  "nutritionalValues" : {
    "calories" : 381,
    "fat" : 14.0,
    "fiber" : 6.0,
    "carbs" : 60.0,
    "sodium" : 0.0,
    "protein" : 5.0
  },
  "logDate" : "2017-06-01",
  "favorite" : false
},{
  "logId" : 11145460026,
  "loggedFood" : {
    "foodId" : 0,
    "name" : "Snacks Summary",
    "brand" : "MyFitnessPal",
    "accessLevel" : "PRIVATE",
    "units" : [201],
    "calories" : 340,
    "amount" : 1.0,
    "unit" : {
      "id" : 201,
      "name" : "meal",
      "plural" : "meals"
    },
    "mealTypeId" : 7
  },
  "nutritionalValues" : {
    "calories" : 340,
    "fat" : 22.0,
    "fiber" : 3.0,
    "carbs" : 16.0,
    "sodium" : 200.0,
    "protein" : 16.0
  },
  "logDate" : "2017-05-31",
  "favorite" : false
},{
  "logId" : 11143892625,
  "loggedFood" : {
    "foodId" : 0,
    "name" : "Lunch Summary",
    "brand" : "MyFitnessPal",
    "accessLevel" : "PRIVATE",
    "units" : [201],
    "calories" : 513,
    "amount" : 1.0,
    "unit" : {
      "id" : 201,
      "name" : "meal",
      "plural" : "meals"
    },
    "mealTypeId" : 3
  },
  "nutritionalValues" : {
    "calories" : 513,
    "fat" : 33.0,
    "fiber" : 4.0,
    "carbs" : 12.0,
    "sodium" : 320.0,
    "protein" : 38.0
  },
  "logDate" : "2017-05-31",
  "favorite" : false
},{
  "logId" : 11129648763,
  "loggedFood" : {
    "foodId" : 0,
    "name" : "Snacks Summary",
    "brand" : "MyFitnessPal",
    "accessLevel" : "PRIVATE",
    "units" : [201],
    "calories" : 5,
    "amount" : 1.0,
    "unit" : {
      "id" : 201,
      "name" : "meal",
      "plural" : "meals"
    },
    "mealTypeId" : 7
  },
  "nutritionalValues" : {
    "calories" : 5,
    "fat" : 0.0,
    "fiber" : 0.0,
    "carbs" : 2.0,
    "sodium" : 230.0,
    "protein" : 0.0
  },
  "logDate" : "2017-05-30",
  "favorite" : false
},{
  "logId" : 11010602569,
  "loggedFood" : {
    "foodId" : 0,
    "name" : "Snacks Summary",
    "brand" : "MyFitnessPal",
    "accessLevel" : "PRIVATE",
    "units" : [201],
    "calories" : 120,
    "amount" : 1.0,
    "unit" : {
      "id" : 201,
      "name" : "meal",
      "plural" : "meals"
    },
    "mealTypeId" : 7
  },
  "nutritionalValues" : {
    "calories" : 120,
    "fat" : 6.0,
    "fiber" : 4.0,
    "carbs" : 19.0,
    "sodium" : 15.0,
    "protein" : 1.0
  },
  "logDate" : "2017-05-18",
  "favorite" : false
},{
  "logId" : 11010382887,
  "loggedFood" : {
    "foodId" : 0,
    "name" : "Breakfast Summary",
    "brand" : "MyFitnessPal",
    "accessLevel" : "PRIVATE",
    "units" : [201],
    "calories" : 125,
    "amount" : 1.0,
    "unit" : {
      "id" : 201,
      "name" : "meal",
      "plural" : "meals"
    },
    "mealTypeId" : 1
  },
  "nutritionalValues" : {
    "calories" : 125,
    "fat" : 14.0,
    "fiber" : 0.0,
    "carbs" : 0.0,
    "sodium" : 0.0,
    "protein" : 0.0
  },
  "logDate" : "2017-05-18",
  "favorite" : false
},{
  "logId" : 10898787528,
  "loggedFood" : {
    "foodId" : 0,
    "name" : "Lunch Summary",
    "brand" : "MyFitnessPal",
    "accessLevel" : "PRIVATE",
    "units" : [201],
    "calories" : 497,
    "amount" : 1.0,
    "unit" : {
      "id" : 201,
      "name" : "meal",
      "plural" : "meals"
    },
    "mealTypeId" : 3
  },
  "nutritionalValues" : {
    "calories" : 497,
    "fat" : 16.0,
    "fiber" : 22.0,
    "carbs" : 74.0,
    "sodium" : 25.0,
    "protein" : 21.0
  },
  "logDate" : "2017-05-08",
  "favorite" : false
},{
  "logId" : 10849814885,
  "loggedFood" : {
    "foodId" : 0,
    "name" : "Lunch Summary",
    "brand" : "MyFitnessPal",
    "accessLevel" : "PRIVATE",
    "units" : [201],
    "calories" : 343,
    "amount" : 1.0,
    "unit" : {
      "id" : 201,
      "name" : "meal",
      "plural" : "meals"
    },
    "mealTypeId" : 3
  },
  "nutritionalValues" : {
    "calories" : 343,
    "fat" : 12.0,
    "fiber" : 13.0,
    "carbs" : 50.0,
    "sodium" : 126.0,
    "protein" : 12.0
  },
  "logDate" : "2017-05-03",
  "favorite" : false
},{
  "logId" : 10839744458,
  "loggedFood" : {
    "foodId" : 0,
    "name" : "Snacks Summary",
    "brand" : "MyFitnessPal",
    "accessLevel" : "PRIVATE",
    "units" : [201],
    "calories" : 5,
    "amount" : 1.0,
    "unit" : {
      "id" : 201,
      "name" : "meal",
      "plural" : "meals"
    },
    "mealTypeId" : 7
  },
  "nutritionalValues" : {
    "calories" : 5,
    "fat" : 0.0,
    "fiber" : 0.0,
    "carbs" : 2.0,
    "sodium" : 230.0,
    "protein" : 0.0
  },
  "logDate" : "2017-05-02",
  "favorite" : false
},{
  "logId" : 10842322141,
  "loggedFood" : {
    "foodId" : 0,
    "name" : "Dinner Summary",
    "brand" : "MyFitnessPal",
    "accessLevel" : "PRIVATE",
    "units" : [201],
    "calories" : 383,
    "amount" : 1.0,
    "unit" : {
      "id" : 201,
      "name" : "meal",
      "plural" : "meals"
    },
    "mealTypeId" : 5
  },
  "nutritionalValues" : {
    "calories" : 383,
    "fat" : 2.0,
    "fiber" : 12.0,
    "carbs" : 73.0,
    "sodium" : 218.0,
    "protein" : 18.0
  },
  "logDate" : "2017-05-02",
  "favorite" : false
},{
  "logId" : 10839652420,
  "loggedFood" : {
    "foodId" : 0,
    "name" : "Breakfast Summary",
    "brand" : "MyFitnessPal",
    "accessLevel" : "PRIVATE",
    "units" : [201],
    "calories" : 252,
    "amount" : 1.0,
    "unit" : {
      "id" : 201,
      "name" : "meal",
      "plural" : "meals"
    },
    "mealTypeId" : 1
  },
  "nutritionalValues" : {
    "calories" : 252,
    "fat" : 0.0,
    "fiber" : 12.0,
    "carbs" : 46.0,
    "sodium" : 2.0,
    "protein" : 3.0
  },
  "logDate" : "2017-05-02",
  "favorite" : false
},{
  "logId" : 10806964845,
  "loggedFood" : {
    "foodId" : 0,
    "name" : "Breakfast Summary",
    "brand" : "MyFitnessPal",
    "accessLevel" : "PRIVATE",
    "units" : [201],
    "calories" : 525,
    "amount" : 1.0,
    "unit" : {
      "id" : 201,
      "name" : "meal",
      "plural" : "meals"
    },
    "mealTypeId" : 1
  },
  "nutritionalValues" : {
    "calories" : 525,
    "fat" : 31.0,
    "fiber" : 6.0,
    "carbs" : 36.0,
    "sodium" : 713.0,
    "protein" : 23.0
  },
  "logDate" : "2017-04-29",
  "favorite" : false
},{
  "logId" : 10797156551,
  "loggedFood" : {
    "foodId" : 0,
    "name" : "Breakfast Summary",
    "brand" : "MyFitnessPal",
    "accessLevel" : "PRIVATE",
    "units" : [201],
    "calories" : 475,
    "amount" : 1.0,
    "unit" : {
      "id" : 201,
      "name" : "meal",
      "plural" : "meals"
    },
    "mealTypeId" : 1
  },
  "nutritionalValues" : {
    "calories" : 475,
    "fat" : 20.0,
    "fiber" : 18.0,
    "carbs" : 44.0,
    "sodium" : 724.0,
    "protein" : 33.0
  },
  "logDate" : "2017-04-28",
  "favorite" : false
},{
  "logId" : 10791632200,
  "loggedFood" : {
    "foodId" : 0,
    "name" : "Snacks Summary",
    "brand" : "MyFitnessPal",
    "accessLevel" : "PRIVATE",
    "units" : [201],
    "calories" : 304,
    "amount" : 1.0,
    "unit" : {
      "id" : 201,
      "name" : "meal",
      "plural" : "meals"
    },
    "mealTypeId" : 7
  },
  "nutritionalValues" : {
    "calories" : 304,
    "fat" : 12.0,
    "fiber" : 5.0,
    "carbs" : 87.0,
    "sodium" : 105.0,
    "protein" : 2.0
  },
  "logDate" : "2017-04-27",
  "favorite" : false
},{
  "logId" : 10789084905,
  "loggedFood" : {
    "foodId" : 0,
    "name" : "Lunch Summary",
    "brand" : "MyFitnessPal",
    "accessLevel" : "PRIVATE",
    "units" : [201],
    "calories" : 175,
    "amount" : 1.0,
    "unit" : {
      "id" : 201,
      "name" : "meal",
      "plural" : "meals"
    },
    "mealTypeId" : 3
  },
  "nutritionalValues" : {
    "calories" : 175,
    "fat" : 7.0,
    "fiber" : 8.0,
    "carbs" : 24.0,
    "sodium" : 240.0,
    "protein" : 3.0
  },
  "logDate" : "2017-04-27",
  "favorite" : false
},{
  "logId" : 10786146096,
  "loggedFood" : {
    "foodId" : 0,
    "name" : "Breakfast Summary",
    "brand" : "MyFitnessPal",
    "accessLevel" : "PRIVATE",
    "units" : [201],
    "calories" : 423,
    "amount" : 1.0,
    "unit" : {
      "id" : 201,
      "name" : "meal",
      "plural" : "meals"
    },
    "mealTypeId" : 1
  },
  "nutritionalValues" : {
    "calories" : 423,
    "fat" : 21.0,
    "fiber" : 6.0,
    "carbs" : 32.0,
    "sodium" : 447.0,
    "protein" : 23.0
  },
  "logDate" : "2017-04-27",
  "favorite" : false
},{
  "logId" : 10775927559,
  "loggedFood" : {
    "foodId" : 0,
    "name" : "Breakfast Summary",
    "brand" : "MyFitnessPal",
    "accessLevel" : "PRIVATE",
    "units" : [201],
    "calories" : 423,
    "amount" : 1.0,
    "unit" : {
      "id" : 201,
      "name" : "meal",
      "plural" : "meals"
    },
    "mealTypeId" : 1
  },
  "nutritionalValues" : {
    "calories" : 423,
    "fat" : 21.0,
    "fiber" : 6.0,
    "carbs" : 32.0,
    "sodium" : 447.0,
    "protein" : 23.0
  },
  "logDate" : "2017-04-26",
  "favorite" : false
},{
  "logId" : 10766796492,
  "loggedFood" : {
    "foodId" : 0,
    "name" : "Snacks Summary",
    "brand" : "MyFitnessPal",
    "accessLevel" : "PRIVATE",
    "units" : [201],
    "calories" : 149,
    "amount" : 1.0,
    "unit" : {
      "id" : 201,
      "name" : "meal",
      "plural" : "meals"
    },
    "mealTypeId" : 7
  },
  "nutritionalValues" : {
    "calories" : 149,
    "fat" : 5.0,
    "fiber" : 1.0,
    "carbs" : 61.0,
    "sodium" : 63.0,
    "protein" : 3.0
  },
  "logDate" : "2017-04-25",
  "favorite" : false
},{
  "logId" : 10763030143,
  "loggedFood" : {
    "foodId" : 0,
    "name" : "Lunch Summary",
    "brand" : "MyFitnessPal",
    "accessLevel" : "PRIVATE",
    "units" : [201],
    "calories" : 167,
    "amount" : 1.0,
    "unit" : {
      "id" : 201,
      "name" : "meal",
      "plural" : "meals"
    },
    "mealTypeId" : 3
  },
  "nutritionalValues" : {
    "calories" : 167,
    "fat" : 11.0,
    "fiber" : 4.0,
    "carbs" : 14.0,
    "sodium" : 179.0,
    "protein" : 2.0
  },
  "logDate" : "2017-04-25",
  "favorite" : false
},{
  "logId" : 10761087258,
  "loggedFood" : {
    "foodId" : 0,
    "name" : "Breakfast Summary",
    "brand" : "MyFitnessPal",
    "accessLevel" : "PRIVATE",
    "units" : [201],
    "calories" : 293,
    "amount" : 1.0,
    "unit" : {
      "id" : 201,
      "name" : "meal",
      "plural" : "meals"
    },
    "mealTypeId" : 1
  },
  "nutritionalValues" : {
    "calories" : 293,
    "fat" : 16.0,
    "fiber" : 4.0,
    "carbs" : 18.0,
    "sodium" : 327.0,
    "protein" : 19.0
  },
  "logDate" : "2017-04-25",
  "favorite" : false
},{
  "logId" : 10748924777,
  "loggedFood" : {
    "foodId" : 0,
    "name" : "Breakfast Summary",
    "brand" : "MyFitnessPal",
    "accessLevel" : "PRIVATE",
    "units" : [201],
    "calories" : 125,
    "amount" : 1.0,
    "unit" : {
      "id" : 201,
      "name" : "meal",
      "plural" : "meals"
    },
    "mealTypeId" : 1
  },
  "nutritionalValues" : {
    "calories" : 125,
    "fat" : 14.0,
    "fiber" : 0.0,
    "carbs" : 0.0,
    "sodium" : 0.0,
    "protein" : 0.0
  },
  "logDate" : "2017-04-24",
  "favorite" : false
},{
  "logId" : 10704599923,
  "loggedFood" : {
    "foodId" : 0,
    "name" : "Snacks Summary",
    "brand" : "MyFitnessPal",
    "accessLevel" : "PRIVATE",
    "units" : [201],
    "calories" : 217,
    "amount" : 1.0,
    "unit" : {
      "id" : 201,
      "name" : "meal",
      "plural" : "meals"
    },
    "mealTypeId" : 7
  },
  "nutritionalValues" : {
    "calories" : 217,
    "fat" : 21.0,
    "fiber" : 3.0,
    "carbs" : 10.0,
    "sodium" : 53.0,
    "protein" : 2.0
  },
  "logDate" : "2017-04-19",
  "favorite" : false
},{
  "logId" : 10701353048,
  "loggedFood" : {
    "foodId" : 0,
    "name" : "Lunch Summary",
    "brand" : "MyFitnessPal",
    "accessLevel" : "PRIVATE",
    "units" : [201],
    "calories" : 426,
    "amount" : 1.0,
    "unit" : {
      "id" : 201,
      "name" : "meal",
      "plural" : "meals"
    },
    "mealTypeId" : 3
  },
  "nutritionalValues" : {
    "calories" : 426,
    "fat" : 35.0,
    "fiber" : 1.0,
    "carbs" : 3.0,
    "sodium" : 323.0,
    "protein" : 23.0
  },
  "logDate" : "2017-04-19",
  "favorite" : false
},{
  "logId" : 10701352675,
  "loggedFood" : {
    "foodId" : 0,
    "name" : "Breakfast Summary",
    "brand" : "MyFitnessPal",
    "accessLevel" : "PRIVATE",
    "units" : [201],
    "calories" : 180,
    "amount" : 1.0,
    "unit" : {
      "id" : 201,
      "name" : "meal",
      "plural" : "meals"
    },
    "mealTypeId" : 1
  },
  "nutritionalValues" : {
    "calories" : 180,
    "fat" : 8.0,
    "fiber" : 6.0,
    "carbs" : 11.0,
    "sodium" : 41.0,
    "protein" : 16.0
  },
  "logDate" : "2017-04-19",
  "favorite" : false
},{
  "logId" : 6253890336,
  "loggedFood" : {
    "foodId" : 0,
    "name" : "Breakfast Summary",
    "brand" : "MyFitnessPal",
    "accessLevel" : "PRIVATE",
    "units" : [201],
    "calories" : 503,
    "amount" : 1.0,
    "unit" : {
      "id" : 201,
      "name" : "meal",
      "plural" : "meals"
    },
    "mealTypeId" : 1
  },
  "nutritionalValues" : {
    "calories" : 503,
    "fat" : 14.0,
    "fiber" : 7.0,
    "carbs" : 63.0,
    "sodium" : 263.0,
    "protein" : 29.0
  },
  "logDate" : "2016-01-25",
  "favorite" : false
},{
  "logId" : 5845425935,
  "loggedFood" : {
    "foodId" : 0,
    "name" : "Breakfast Summary",
    "brand" : "MyFitnessPal",
    "accessLevel" : "PRIVATE",
    "units" : [201],
    "calories" : 130,
    "amount" : 1.0,
    "unit" : {
      "id" : 201,
      "name" : "meal",
      "plural" : "meals"
    },
    "mealTypeId" : 1
  },
  "nutritionalValues" : {
    "calories" : 130,
    "fat" : 1.0,
    "fiber" : 4.0,
    "carbs" : 28.0,
    "sodium" : 280.0,
    "protein" : 3.0
  },
  "logDate" : "2015-12-28",
  "favorite" : false
},{
  "logId" : 5841003769,
  "loggedFood" : {
    "foodId" : 0,
    "name" : "Lunch Summary",
    "brand" : "MyFitnessPal",
    "accessLevel" : "PRIVATE",
    "units" : [201],
    "calories" : 158,
    "amount" : 1.0,
    "unit" : {
      "id" : 201,
      "name" : "meal",
      "plural" : "meals"
    },
    "mealTypeId" : 3
  },
  "nutritionalValues" : {
    "calories" : 158,
    "fat" : 6.0,
    "fiber" : 2.0,
    "carbs" : 24.0,
    "sodium" : 392.0,
    "protein" : 3.0
  },
  "logDate" : "2015-12-26",
  "favorite" : false
},{
  "logId" : 5840905648,
  "loggedFood" : {
    "foodId" : 0,
    "name" : "Breakfast Summary",
    "brand" : "MyFitnessPal",
    "accessLevel" : "PRIVATE",
    "units" : [201],
    "calories" : 578,
    "amount" : 1.0,
    "unit" : {
      "id" : 201,
      "name" : "meal",
      "plural" : "meals"
    },
    "mealTypeId" : 1
  },
  "nutritionalValues" : {
    "calories" : 578,
    "fat" : 29.0,
    "fiber" : 1.0,
    "carbs" : 64.0,
    "sodium" : 715.0,
    "protein" : 17.0
  },
  "logDate" : "2015-12-26",
  "favorite" : false
},{
  "logId" : 5735726878,
  "loggedFood" : {
    "foodId" : 0,
    "name" : "Breakfast Summary",
    "brand" : "MyFitnessPal",
    "accessLevel" : "PRIVATE",
    "units" : [201],
    "calories" : 230,
    "amount" : 1.0,
    "unit" : {
      "id" : 201,
      "name" : "meal",
      "plural" : "meals"
    },
    "mealTypeId" : 1
  },
  "nutritionalValues" : {
    "calories" : 230,
    "fat" : 4.0,
    "fiber" : 5.0,
    "carbs" : 47.0,
    "sodium" : 200.0,
    "protein" : 5.0
  },
  "logDate" : "2015-12-09",
  "favorite" : false
},{
  "logId" : 5717055787,
  "loggedFood" : {
    "foodId" : 0,
    "name" : "Breakfast Summary",
    "brand" : "MyFitnessPal",
    "accessLevel" : "PRIVATE",
    "units" : [201],
    "calories" : 370,
    "amount" : 1.0,
    "unit" : {
      "id" : 201,
      "name" : "meal",
      "plural" : "meals"
    },
    "mealTypeId" : 1
  },
  "nutritionalValues" : {
    "calories" : 370,
    "fat" : 7.0,
    "fiber" : 2.0,
    "carbs" : 52.0,
    "sodium" : 268.0,
    "protein" : 23.0
  },
  "logDate" : "2015-12-06",
  "favorite" : false
},{
  "logId" : 5706768590,
  "loggedFood" : {
    "foodId" : 0,
    "name" : "Breakfast Summary",
    "brand" : "MyFitnessPal",
    "accessLevel" : "PRIVATE",
    "units" : [201],
    "calories" : 438,
    "amount" : 1.0,
    "unit" : {
      "id" : 201,
      "name" : "meal",
      "plural" : "meals"
    },
    "mealTypeId" : 1
  },
  "nutritionalValues" : {
    "calories" : 438,
    "fat" : 19.0,
    "fiber" : 2.0,
    "carbs" : 48.0,
    "sodium" : 263.0,
    "protein" : 20.0
  },
  "logDate" : "2015-12-04",
  "favorite" : false
},{
  "logId" : 5557268742,
  "loggedFood" : {
    "foodId" : 0,
    "name" : "Breakfast Summary",
    "brand" : "MyFitnessPal",
    "accessLevel" : "PRIVATE",
    "units" : [201],
    "calories" : 180,
    "amount" : 1.0,
    "unit" : {
      "id" : 201,
      "name" : "meal",
      "plural" : "meals"
    },
    "mealTypeId" : 1
  },
  "nutritionalValues" : {
    "calories" : 180,
    "fat" : 9.0,
    "fiber" : 3.0,
    "carbs" : 22.0,
    "sodium" : 20.0,
    "protein" : 4.0
  },
  "logDate" : "2015-11-08",
  "favorite" : false
},{
  "logId" : 5553181418,
  "loggedFood" : {
    "foodId" : 0,
    "name" : "Breakfast Summary",
    "brand" : "MyFitnessPal",
    "accessLevel" : "PRIVATE",
    "units" : [201],
    "calories" : 15,
    "amount" : 1.0,
    "unit" : {
      "id" : 201,
      "name" : "meal",
      "plural" : "meals"
    },
    "mealTypeId" : 1
  },
  "nutritionalValues" : {
    "calories" : 15,
    "fat" : 1.0,
    "fiber" : 0.0,
    "carbs" : 2.0,
    "sodium" : 40.0,
    "protein" : 0.0
  },
  "logDate" : "2015-11-07",
  "favorite" : false
},{
  "logId" : 3710189740,
  "loggedFood" : {
    "foodId" : 0,
    "name" : "Snacks Summary",
    "brand" : "MyFitnessPal",
    "accessLevel" : "PRIVATE",
    "units" : [201],
    "calories" : 140,
    "amount" : 1.0,
    "unit" : {
      "id" : 201,
      "name" : "meal",
      "plural" : "meals"
    },
    "mealTypeId" : 7
  },
  "nutritionalValues" : {
    "calories" : 140,
    "fat" : 4.0,
    "fiber" : 2.0,
    "carbs" : 7.0,
    "sodium" : 260.0,
    "protein" : 20.0
  },
  "logDate" : "2015-11-05",
  "favorite" : false
},{
  "logId" : 3708090644,
  "loggedFood" : {
    "foodId" : 0,
    "name" : "Breakfast Summary",
    "brand" : "MyFitnessPal",
    "accessLevel" : "PRIVATE",
    "units" : [201],
    "calories" : 573,
    "amount" : 1.0,
    "unit" : {
      "id" : 201,
      "name" : "meal",
      "plural" : "meals"
    },
    "mealTypeId" : 1
  },
  "nutritionalValues" : {
    "calories" : 573,
    "fat" : 43.0,
    "fiber" : 4.0,
    "carbs" : 22.0,
    "sodium" : 626.0,
    "protein" : 30.0
  },
  "logDate" : "2015-11-05",
  "favorite" : false
},{
  "logId" : 3704741341,
  "loggedFood" : {
    "foodId" : 0,
    "name" : "Dinner Summary",
    "brand" : "MyFitnessPal",
    "accessLevel" : "PRIVATE",
    "units" : [201],
    "calories" : 675,
    "amount" : 1.0,
    "unit" : {
      "id" : 201,
      "name" : "meal",
      "plural" : "meals"
    },
    "mealTypeId" : 5
  },
  "nutritionalValues" : {
    "calories" : 675,
    "fat" : 0.0,
    "fiber" : 0.0,
    "carbs" : 0.0,
    "sodium" : 0.0,
    "protein" : 0.0
  },
  "logDate" : "2015-11-04",
  "favorite" : false
},{
  "logId" : 3703728151,
  "loggedFood" : {
    "foodId" : 0,
    "name" : "Lunch Summary",
    "brand" : "MyFitnessPal",
    "accessLevel" : "PRIVATE",
    "units" : [201],
    "calories" : 508,
    "amount" : 1.0,
    "unit" : {
      "id" : 201,
      "name" : "meal",
      "plural" : "meals"
    },
    "mealTypeId" : 3
  },
  "nutritionalValues" : {
    "calories" : 508,
    "fat" : 2.0,
    "fiber" : 20.0,
    "carbs" : 76.0,
    "sodium" : 1556.0,
    "protein" : 24.0
  },
  "logDate" : "2015-11-04",
  "favorite" : false
},{
  "logId" : 3701156988,
  "loggedFood" : {
    "foodId" : 0,
    "name" : "Breakfast Summary",
    "brand" : "MyFitnessPal",
    "accessLevel" : "PRIVATE",
    "units" : [201],
    "calories" : 315,
    "amount" : 1.0,
    "unit" : {
      "id" : 201,
      "name" : "meal",
      "plural" : "meals"
    },
    "mealTypeId" : 1
  },
  "nutritionalValues" : {
    "calories" : 315,
    "fat" : 13.0,
    "fiber" : 6.0,
    "carbs" : 52.0,
    "sodium" : 66.0,
    "protein" : 4.0
  },
  "logDate" : "2015-11-04",
  "favorite" : false
},{
  "logId" : 3676376811,
  "loggedFood" : {
    "foodId" : 0,
    "name" : "Breakfast Summary",
    "brand" : "MyFitnessPal",
    "accessLevel" : "PRIVATE",
    "units" : [201],
    "calories" : 225,
    "amount" : 1.0,
    "unit" : {
      "id" : 201,
      "name" : "meal",
      "plural" : "meals"
    },
    "mealTypeId" : 1
  },
  "nutritionalValues" : {
    "calories" : 225,
    "fat" : 15.0,
    "fiber" : 2.0,
    "carbs" : 19.0,
    "sodium" : 125.0,
    "protein" : 5.0
  },
  "logDate" : "2015-10-31",
  "favorite" : false
},{
  "logId" : 3633987634,
  "loggedFood" : {
    "foodId" : 0,
    "name" : "Breakfast Summary",
    "brand" : "MyFitnessPal",
    "accessLevel" : "PRIVATE",
    "units" : [201],
    "calories" : 700,
    "amount" : 1.0,
    "unit" : {
      "id" : 201,
      "name" : "meal",
      "plural" : "meals"
    },
    "mealTypeId" : 1
  },
  "nutritionalValues" : {
    "calories" : 700,
    "fat" : 0.0,
    "fiber" : 0.0,
    "carbs" : 0.0,
    "sodium" : 0.0,
    "protein" : 0.0
  },
  "logDate" : "2015-10-24",
  "favorite" : false
},{
  "logId" : 3628704067,
  "loggedFood" : {
    "foodId" : 0,
    "name" : "Breakfast Summary",
    "brand" : "MyFitnessPal",
    "accessLevel" : "PRIVATE",
    "units" : [201],
    "calories" : 170,
    "amount" : 1.0,
    "unit" : {
      "id" : 201,
      "name" : "meal",
      "plural" : "meals"
    },
    "mealTypeId" : 1
  },
  "nutritionalValues" : {
    "calories" : 170,
    "fat" : 0.0,
    "fiber" : 0.0,
    "carbs" : 25.0,
    "sodium" : 190.0,
    "protein" : 16.0
  },
  "logDate" : "2015-10-23",
  "favorite" : false
},{
  "logId" : 3608574089,
  "loggedFood" : {
    "foodId" : 0,
    "name" : "Lunch Summary",
    "brand" : "MyFitnessPal",
    "accessLevel" : "PRIVATE",
    "units" : [201],
    "calories" : 160,
    "amount" : 1.0,
    "unit" : {
      "id" : 201,
      "name" : "meal",
      "plural" : "meals"
    },
    "mealTypeId" : 3
  },
  "nutritionalValues" : {
    "calories" : 160,
    "fat" : 4.0,
    "fiber" : 0.0,
    "carbs" : 11.0,
    "sodium" : 0.0,
    "protein" : 20.0
  },
  "logDate" : "2015-10-20",
  "favorite" : false
},{
  "logId" : 3608462981,
  "loggedFood" : {
    "foodId" : 0,
    "name" : "Breakfast Summary",
    "brand" : "MyFitnessPal",
    "accessLevel" : "PRIVATE",
    "units" : [201],
    "calories" : 15,
    "amount" : 1.0,
    "unit" : {
      "id" : 201,
      "name" : "meal",
      "plural" : "meals"
    },
    "mealTypeId" : 1
  },
  "nutritionalValues" : {
    "calories" : 15,
    "fat" : 1.0,
    "fiber" : 0.0,
    "carbs" : 2.0,
    "sodium" : 40.0,
    "protein" : 0.0
  },
  "logDate" : "2015-10-20",
  "favorite" : false
},{
  "logId" : 3478505487,
  "loggedFood" : {
    "foodId" : 0,
    "name" : "Snacks Summary",
    "brand" : "MyFitnessPal",
    "accessLevel" : "PRIVATE",
    "units" : [201],
    "calories" : 74,
    "amount" : 1.0,
    "unit" : {
      "id" : 201,
      "name" : "meal",
      "plural" : "meals"
    },
    "mealTypeId" : 7
  },
  "nutritionalValues" : {
    "calories" : 74,
    "fat" : 2.0,
    "fiber" : 1.0,
    "carbs" : 8.0,
    "sodium" : 353.0,
    "protein" : 10.0
  },
  "logDate" : "2015-09-29",
  "favorite" : false
},{
  "logId" : 3478561898,
  "loggedFood" : {
    "foodId" : 0,
    "name" : "Lunch Summary",
    "brand" : "MyFitnessPal",
    "accessLevel" : "PRIVATE",
    "units" : [201],
    "calories" : 265,
    "amount" : 1.0,
    "unit" : {
      "id" : 201,
      "name" : "meal",
      "plural" : "meals"
    },
    "mealTypeId" : 3
  },
  "nutritionalValues" : {
    "calories" : 265,
    "fat" : 13.0,
    "fiber" : 0.0,
    "carbs" : 6.0,
    "sodium" : 307.0,
    "protein" : 30.0
  },
  "logDate" : "2015-09-29",
  "favorite" : false
},{
  "logId" : 3478547008,
  "loggedFood" : {
    "foodId" : 0,
    "name" : "Breakfast Summary",
    "brand" : "MyFitnessPal",
    "accessLevel" : "PRIVATE",
    "units" : [201],
    "calories" : 60,
    "amount" : 1.0,
    "unit" : {
      "id" : 201,
      "name" : "meal",
      "plural" : "meals"
    },
    "mealTypeId" : 1
  },
  "nutritionalValues" : {
    "calories" : 60,
    "fat" : 1.0,
    "fiber" : 0.0,
    "carbs" : 12.0,
    "sodium" : 30.0,
    "protein" : 2.0
  },
  "logDate" : "2015-09-29",
  "favorite" : false
},{
  "logId" : 3468764822,
  "loggedFood" : {
    "foodId" : 0,
    "name" : "Breakfast Summary",
    "brand" : "MyFitnessPal",
    "accessLevel" : "PRIVATE",
    "units" : [201],
    "calories" : 10,
    "amount" : 1.0,
    "unit" : {
      "id" : 201,
      "name" : "meal",
      "plural" : "meals"
    },
    "mealTypeId" : 1
  },
  "nutritionalValues" : {
    "calories" : 10,
    "fat" : 1.0,
    "fiber" : 0.0,
    "carbs" : 1.0,
    "sodium" : 45.0,
    "protein" : 0.0
  },
  "logDate" : "2015-09-28",
  "favorite" : false
},{
  "logId" : 3423265719,
  "loggedFood" : {
    "foodId" : 0,
    "name" : "Breakfast Summary",
    "brand" : "MyFitnessPal",
    "accessLevel" : "PRIVATE",
    "units" : [201],
    "calories" : 280,
    "amount" : 1.0,
    "unit" : {
      "id" : 201,
      "name" : "meal",
      "plural" : "meals"
    },
    "mealTypeId" : 1
  },
  "nutritionalValues" : {
    "calories" : 280,
    "fat" : 17.0,
    "fiber" : 6.0,
    "carbs" : 30.0,
    "sodium" : 60.0,
    "protein" : 9.0
  },
  "logDate" : "2015-09-21",
  "favorite" : false
},{
  "logId" : 3407576079,
  "loggedFood" : {
    "foodId" : 0,
    "name" : "Breakfast Summary",
    "brand" : "MyFitnessPal",
    "accessLevel" : "PRIVATE",
    "units" : [201],
    "calories" : 225,
    "amount" : 1.0,
    "unit" : {
      "id" : 201,
      "name" : "meal",
      "plural" : "meals"
    },
    "mealTypeId" : 1
  },
  "nutritionalValues" : {
    "calories" : 225,
    "fat" : 15.0,
    "fiber" : 3.0,
    "carbs" : 20.0,
    "sodium" : 75.0,
    "protein" : 5.0
  },
  "logDate" : "2015-09-18",
  "favorite" : false
},{
  "logId" : 3377262463,
  "loggedFood" : {
    "foodId" : 0,
    "name" : "Lunch Summary",
    "brand" : "MyFitnessPal",
    "accessLevel" : "PRIVATE",
    "units" : [201],
    "calories" : 642,
    "amount" : 1.0,
    "unit" : {
      "id" : 201,
      "name" : "meal",
      "plural" : "meals"
    },
    "mealTypeId" : 3
  },
  "nutritionalValues" : {
    "calories" : 642,
    "fat" : 21.0,
    "fiber" : 7.0,
    "carbs" : 63.0,
    "sodium" : 381.0,
    "protein" : 47.0
  },
  "logDate" : "2015-09-14",
  "favorite" : false
},{
  "logId" : 3376325292,
  "loggedFood" : {
    "foodId" : 0,
    "name" : "Breakfast Summary",
    "brand" : "MyFitnessPal",
    "accessLevel" : "PRIVATE",
    "units" : [201],
    "calories" : 175,
    "amount" : 1.0,
    "unit" : {
      "id" : 201,
      "name" : "meal",
      "plural" : "meals"
    },
    "mealTypeId" : 1
  },
  "nutritionalValues" : {
    "calories" : 175,
    "fat" : 5.0,
    "fiber" : 0.0,
    "carbs" : 13.0,
    "sodium" : 40.0,
    "protein" : 20.0
  },
  "logDate" : "2015-09-14",
  "favorite" : false
},{
  "logId" : 3366003074,
  "loggedFood" : {
    "foodId" : 0,
    "name" : "Lunch Summary",
    "brand" : "MyFitnessPal",
    "accessLevel" : "PRIVATE",
    "units" : [201],
    "calories" : 610,
    "amount" : 1.0,
    "unit" : {
      "id" : 201,
      "name" : "meal",
      "plural" : "meals"
    },
    "mealTypeId" : 3
  },
  "nutritionalValues" : {
    "calories" : 610,
    "fat" : 0.0,
    "fiber" : 0.0,
    "carbs" : 0.0,
    "sodium" : 0.0,
    "protein" : 0.0
  },
  "logDate" : "2015-09-12",
  "favorite" : false
},{
  "logId" : 3366000454,
  "loggedFood" : {
    "foodId" : 0,
    "name" : "Breakfast Summary",
    "brand" : "MyFitnessPal",
    "accessLevel" : "PRIVATE",
    "units" : [201],
    "calories" : 170,
    "amount" : 1.0,
    "unit" : {
      "id" : 201,
      "name" : "meal",
      "plural" : "meals"
    },
    "mealTypeId" : 1
  },
  "nutritionalValues" : {
    "calories" : 170,
    "fat" : 0.0,
    "fiber" : 0.0,
    "carbs" : 25.0,
    "sodium" : 190.0,
    "protein" : 16.0
  },
  "logDate" : "2015-09-12",
  "favorite" : false
},{
  "logId" : 3346605592,
  "loggedFood" : {
    "foodId" : 0,
    "name" : "Lunch Summary",
    "brand" : "MyFitnessPal",
    "accessLevel" : "PRIVATE",
    "units" : [201],
    "calories" : 724,
    "amount" : 1.0,
    "unit" : {
      "id" : 201,
      "name" : "meal",
      "plural" : "meals"
    },
    "mealTypeId" : 3
  },
  "nutritionalValues" : {
    "calories" : 724,
    "fat" : 36.0,
    "fiber" : 11.0,
    "carbs" : 83.0,
    "sodium" : 0.0,
    "protein" : 14.0
  },
  "logDate" : "2015-09-09",
  "favorite" : false
},{
  "logId" : 3344981707,
  "loggedFood" : {
    "foodId" : 0,
    "name" : "Breakfast Summary",
    "brand" : "MyFitnessPal",
    "accessLevel" : "PRIVATE",
    "units" : [201],
    "calories" : 225,
    "amount" : 1.0,
    "unit" : {
      "id" : 201,
      "name" : "meal",
      "plural" : "meals"
    },
    "mealTypeId" : 1
  },
  "nutritionalValues" : {
    "calories" : 225,
    "fat" : 15.0,
    "fiber" : 2.0,
    "carbs" : 19.0,
    "sodium" : 125.0,
    "protein" : 5.0
  },
  "logDate" : "2015-09-09",
  "favorite" : false
},{
  "logId" : 3299890712,
  "loggedFood" : {
    "foodId" : 0,
    "name" : "Breakfast Summary",
    "brand" : "MyFitnessPal",
    "accessLevel" : "PRIVATE",
    "units" : [201],
    "calories" : 255,
    "amount" : 1.0,
    "unit" : {
      "id" : 201,
      "name" : "meal",
      "plural" : "meals"
    },
    "mealTypeId" : 1
  },
  "nutritionalValues" : {
    "calories" : 255,
    "fat" : 15.0,
    "fiber" : 3.0,
    "carbs" : 27.0,
    "sodium" : 125.0,
    "protein" : 5.0
  },
  "logDate" : "2015-09-02",
  "favorite" : false
},{
  "logId" : 3283444470,
  "loggedFood" : {
    "foodId" : 0,
    "name" : "Breakfast Summary",
    "brand" : "MyFitnessPal",
    "accessLevel" : "PRIVATE",
    "units" : [201],
    "calories" : 220,
    "amount" : 1.0,
    "unit" : {
      "id" : 201,
      "name" : "meal",
      "plural" : "meals"
    },
    "mealTypeId" : 1
  },
  "nutritionalValues" : {
    "calories" : 220,
    "fat" : 15.0,
    "fiber" : 2.0,
    "carbs" : 18.0,
    "sodium" : 130.0,
    "protein" : 5.0
  },
  "logDate" : "2015-08-31",
  "favorite" : false
},{
  "logId" : 3260538592,
  "loggedFood" : {
    "foodId" : 0,
    "name" : "Breakfast Summary",
    "brand" : "MyFitnessPal",
    "accessLevel" : "PRIVATE",
    "units" : [201],
    "calories" : 10,
    "amount" : 1.0,
    "unit" : {
      "id" : 201,
      "name" : "meal",
      "plural" : "meals"
    },
    "mealTypeId" : 1
  },
  "nutritionalValues" : {
    "calories" : 10,
    "fat" : 1.0,
    "fiber" : 0.0,
    "carbs" : 1.0,
    "sodium" : 45.0,
    "protein" : 0.0
  },
  "logDate" : "2015-08-27",
  "favorite" : false
},{
  "logId" : 3248493545,
  "loggedFood" : {
    "foodId" : 0,
    "name" : "Lunch Summary",
    "brand" : "MyFitnessPal",
    "accessLevel" : "PRIVATE",
    "units" : [201],
    "calories" : 1516,
    "amount" : 1.0,
    "unit" : {
      "id" : 201,
      "name" : "meal",
      "plural" : "meals"
    },
    "mealTypeId" : 3
  },
  "nutritionalValues" : {
    "calories" : 1516,
    "fat" : 68.0,
    "fiber" : 7.0,
    "carbs" : 197.0,
    "sodium" : 1944.0,
    "protein" : 49.0
  },
  "logDate" : "2015-08-25",
  "favorite" : false
},{
  "logId" : 3248490618,
  "loggedFood" : {
    "foodId" : 0,
    "name" : "Breakfast Summary",
    "brand" : "MyFitnessPal",
    "accessLevel" : "PRIVATE",
    "units" : [201],
    "calories" : 607,
    "amount" : 1.0,
    "unit" : {
      "id" : 201,
      "name" : "meal",
      "plural" : "meals"
    },
    "mealTypeId" : 1
  },
  "nutritionalValues" : {
    "calories" : 607,
    "fat" : 31.0,
    "fiber" : 4.0,
    "carbs" : 57.0,
    "sodium" : 840.0,
    "protein" : 30.0
  },
  "logDate" : "2015-08-25",
  "favorite" : false
},{
  "logId" : 3209896662,
  "loggedFood" : {
    "foodId" : 0,
    "name" : "Snacks Summary",
    "brand" : "MyFitnessPal",
    "accessLevel" : "PRIVATE",
    "units" : [201],
    "calories" : 140,
    "amount" : 1.0,
    "unit" : {
      "id" : 201,
      "name" : "meal",
      "plural" : "meals"
    },
    "mealTypeId" : 7
  },
  "nutritionalValues" : {
    "calories" : 140,
    "fat" : 4.0,
    "fiber" : 2.0,
    "carbs" : 7.0,
    "sodium" : 260.0,
    "protein" : 20.0
  },
  "logDate" : "2015-08-24",
  "favorite" : false
},{
  "logId" : 3210928353,
  "loggedFood" : {
    "foodId" : 0,
    "name" : "Lunch Summary",
    "brand" : "MyFitnessPal",
    "accessLevel" : "PRIVATE",
    "units" : [201],
    "calories" : 210,
    "amount" : 1.0,
    "unit" : {
      "id" : 201,
      "name" : "meal",
      "plural" : "meals"
    },
    "mealTypeId" : 3
  },
  "nutritionalValues" : {
    "calories" : 210,
    "fat" : 14.0,
    "fiber" : 3.0,
    "carbs" : 18.0,
    "sodium" : 35.0,
    "protein" : 5.0
  },
  "logDate" : "2015-08-24",
  "favorite" : false
},{
  "logId" : 3209922319,
  "loggedFood" : {
    "foodId" : 0,
    "name" : "Breakfast Summary",
    "brand" : "MyFitnessPal",
    "accessLevel" : "PRIVATE",
    "units" : [201],
    "calories" : 10,
    "amount" : 1.0,
    "unit" : {
      "id" : 201,
      "name" : "meal",
      "plural" : "meals"
    },
    "mealTypeId" : 1
  },
  "nutritionalValues" : {
    "calories" : 10,
    "fat" : 1.0,
    "fiber" : 0.0,
    "carbs" : 1.0,
    "sodium" : 45.0,
    "protein" : 0.0
  },
  "logDate" : "2015-08-24",
  "favorite" : false
},{
  "logId" : 3151503483,
  "loggedFood" : {
    "foodId" : 0,
    "name" : "Breakfast Summary",
    "brand" : "MyFitnessPal",
    "accessLevel" : "PRIVATE",
    "units" : [201],
    "calories" : 375,
    "amount" : 1.0,
    "unit" : {
      "id" : 201,
      "name" : "meal",
      "plural" : "meals"
    },
    "mealTypeId" : 1
  },
  "nutritionalValues" : {
    "calories" : 375,
    "fat" : 11.0,
    "fiber" : 5.0,
    "carbs" : 50.0,
    "sodium" : 825.0,
    "protein" : 21.0
  },
  "logDate" : "2015-08-15",
  "favorite" : false
},{
  "logId" : 3147861954,
  "loggedFood" : {
    "foodId" : 0,
    "name" : "Lunch Summary",
    "brand" : "MyFitnessPal",
    "accessLevel" : "PRIVATE",
    "units" : [201],
    "calories" : 160,
    "amount" : 1.0,
    "unit" : {
      "id" : 201,
      "name" : "meal",
      "plural" : "meals"
    },
    "mealTypeId" : 3
  },
  "nutritionalValues" : {
    "calories" : 160,
    "fat" : 4.0,
    "fiber" : 0.0,
    "carbs" : 11.0,
    "sodium" : 160.0,
    "protein" : 20.0
  },
  "logDate" : "2015-08-14",
  "favorite" : false
},{
  "logId" : 3139412706,
  "loggedFood" : {
    "foodId" : 0,
    "name" : "Breakfast Summary",
    "brand" : "MyFitnessPal",
    "accessLevel" : "PRIVATE",
    "units" : [201],
    "calories" : 10,
    "amount" : 1.0,
    "unit" : {
      "id" : 201,
      "name" : "meal",
      "plural" : "meals"
    },
    "mealTypeId" : 1
  },
  "nutritionalValues" : {
    "calories" : 10,
    "fat" : 1.0,
    "fiber" : 0.0,
    "carbs" : 1.0,
    "sodium" : 45.0,
    "protein" : 0.0
  },
  "logDate" : "2015-08-13",
  "favorite" : false
},{
  "logId" : 3133533096,
  "loggedFood" : {
    "foodId" : 0,
    "name" : "Lunch Summary",
    "brand" : "MyFitnessPal",
    "accessLevel" : "PRIVATE",
    "units" : [201],
    "calories" : 460,
    "amount" : 1.0,
    "unit" : {
      "id" : 201,
      "name" : "meal",
      "plural" : "meals"
    },
    "mealTypeId" : 3
  },
  "nutritionalValues" : {
    "calories" : 460,
    "fat" : 5.0,
    "fiber" : 10.0,
    "carbs" : 88.0,
    "sodium" : 560.0,
    "protein" : 16.0
  },
  "logDate" : "2015-08-12",
  "favorite" : false
},{
  "logId" : 3131886558,
  "loggedFood" : {
    "foodId" : 0,
    "name" : "Breakfast Summary",
    "brand" : "MyFitnessPal",
    "accessLevel" : "PRIVATE",
    "units" : [201],
    "calories" : 380,
    "amount" : 1.0,
    "unit" : {
      "id" : 201,
      "name" : "meal",
      "plural" : "meals"
    },
    "mealTypeId" : 1
  },
  "nutritionalValues" : {
    "calories" : 380,
    "fat" : 6.0,
    "fiber" : 3.0,
    "carbs" : 66.0,
    "sodium" : 540.0,
    "protein" : 17.0
  },
  "logDate" : "2015-08-12",
  "favorite" : false
},{
  "logId" : 3127512416,
  "loggedFood" : {
    "foodId" : 0,
    "name" : "Snacks Summary",
    "brand" : "MyFitnessPal",
    "accessLevel" : "PRIVATE",
    "units" : [201],
    "calories" : 278,
    "amount" : 1.0,
    "unit" : {
      "id" : 201,
      "name" : "meal",
      "plural" : "meals"
    },
    "mealTypeId" : 7
  },
  "nutritionalValues" : {
    "calories" : 278,
    "fat" : 0.0,
    "fiber" : 1.0,
    "carbs" : 69.0,
    "sodium" : 0.0,
    "protein" : 1.0
  },
  "logDate" : "2015-08-11",
  "favorite" : false
},{
  "logId" : 3127036302,
  "loggedFood" : {
    "foodId" : 0,
    "name" : "Lunch Summary",
    "brand" : "MyFitnessPal",
    "accessLevel" : "PRIVATE",
    "units" : [201],
    "calories" : 503,
    "amount" : 1.0,
    "unit" : {
      "id" : 201,
      "name" : "meal",
      "plural" : "meals"
    },
    "mealTypeId" : 3
  },
  "nutritionalValues" : {
    "calories" : 503,
    "fat" : 14.0,
    "fiber" : 7.0,
    "carbs" : 63.0,
    "sodium" : 263.0,
    "protein" : 29.0
  },
  "logDate" : "2015-08-11",
  "favorite" : false
},{
  "logId" : 3123112418,
  "loggedFood" : {
    "foodId" : 0,
    "name" : "Breakfast Summary",
    "brand" : "MyFitnessPal",
    "accessLevel" : "PRIVATE",
    "units" : [201],
    "calories" : 233,
    "amount" : 1.0,
    "unit" : {
      "id" : 201,
      "name" : "meal",
      "plural" : "meals"
    },
    "mealTypeId" : 1
  },
  "nutritionalValues" : {
    "calories" : 233,
    "fat" : 7.0,
    "fiber" : 3.0,
    "carbs" : 29.0,
    "sodium" : 162.0,
    "protein" : 13.0
  },
  "logDate" : "2015-08-11",
  "favorite" : false
},{
  "logId" : 3120479501,
  "loggedFood" : {
    "foodId" : 0,
    "name" : "Snacks Summary",
    "brand" : "MyFitnessPal",
    "accessLevel" : "PRIVATE",
    "units" : [201],
    "calories" : 240,
    "amount" : 1.0,
    "unit" : {
      "id" : 201,
      "name" : "meal",
      "plural" : "meals"
    },
    "mealTypeId" : 7
  },
  "nutritionalValues" : {
    "calories" : 240,
    "fat" : 28.0,
    "fiber" : 0.0,
    "carbs" : 0.0,
    "sodium" : 0.0,
    "protein" : 0.0
  },
  "logDate" : "2015-08-10",
  "favorite" : false
},{
  "logId" : 3120335116,
  "loggedFood" : {
    "foodId" : 0,
    "name" : "Dinner Summary",
    "brand" : "MyFitnessPal",
    "accessLevel" : "PRIVATE",
    "units" : [201],
    "calories" : 1051,
    "amount" : 1.0,
    "unit" : {
      "id" : 201,
      "name" : "meal",
      "plural" : "meals"
    },
    "mealTypeId" : 5
  },
  "nutritionalValues" : {
    "calories" : 1051,
    "fat" : 0.0,
    "fiber" : 0.0,
    "carbs" : 0.0,
    "sodium" : 0.0,
    "protein" : 0.0
  },
  "logDate" : "2015-08-10",
  "favorite" : false
},{
  "logId" : 3117683629,
  "loggedFood" : {
    "foodId" : 0,
    "name" : "Lunch Summary",
    "brand" : "MyFitnessPal",
    "accessLevel" : "PRIVATE",
    "units" : [201],
    "calories" : 503,
    "amount" : 1.0,
    "unit" : {
      "id" : 201,
      "name" : "meal",
      "plural" : "meals"
    },
    "mealTypeId" : 3
  },
  "nutritionalValues" : {
    "calories" : 503,
    "fat" : 14.0,
    "fiber" : 7.0,
    "carbs" : 63.0,
    "sodium" : 263.0,
    "protein" : 29.0
  },
  "logDate" : "2015-08-10",
  "favorite" : false
},{
  "logId" : 3115486747,
  "loggedFood" : {
    "foodId" : 0,
    "name" : "Breakfast Summary",
    "brand" : "MyFitnessPal",
    "accessLevel" : "PRIVATE",
    "units" : [201],
    "calories" : 261,
    "amount" : 1.0,
    "unit" : {
      "id" : 201,
      "name" : "meal",
      "plural" : "meals"
    },
    "mealTypeId" : 1
  },
  "nutritionalValues" : {
    "calories" : 261,
    "fat" : 8.0,
    "fiber" : 3.0,
    "carbs" : 33.0,
    "sodium" : 176.0,
    "protein" : 14.0
  },
  "logDate" : "2015-08-10",
  "favorite" : false
},{
  "logId" : 3113680613,
  "loggedFood" : {
    "foodId" : 0,
    "name" : "Snacks Summary",
    "brand" : "MyFitnessPal",
    "accessLevel" : "PRIVATE",
    "units" : [201],
    "calories" : 240,
    "amount" : 1.0,
    "unit" : {
      "id" : 201,
      "name" : "meal",
      "plural" : "meals"
    },
    "mealTypeId" : 7
  },
  "nutritionalValues" : {
    "calories" : 240,
    "fat" : 28.0,
    "fiber" : 0.0,
    "carbs" : 0.0,
    "sodium" : 0.0,
    "protein" : 0.0
  },
  "logDate" : "2015-08-09",
  "favorite" : false
},{
  "logId" : 3113364727,
  "loggedFood" : {
    "foodId" : 0,
    "name" : "Dinner Summary",
    "brand" : "MyFitnessPal",
    "accessLevel" : "PRIVATE",
    "units" : [201],
    "calories" : 825,
    "amount" : 1.0,
    "unit" : {
      "id" : 201,
      "name" : "meal",
      "plural" : "meals"
    },
    "mealTypeId" : 5
  },
  "nutritionalValues" : {
    "calories" : 825,
    "fat" : 0.0,
    "fiber" : 0.0,
    "carbs" : 0.0,
    "sodium" : 0.0,
    "protein" : 0.0
  },
  "logDate" : "2015-08-09",
  "favorite" : false
},{
  "logId" : 3110371065,
  "loggedFood" : {
    "foodId" : 0,
    "name" : "Lunch Summary",
    "brand" : "MyFitnessPal",
    "accessLevel" : "PRIVATE",
    "units" : [201],
    "calories" : 585,
    "amount" : 1.0,
    "unit" : {
      "id" : 201,
      "name" : "meal",
      "plural" : "meals"
    },
    "mealTypeId" : 3
  },
  "nutritionalValues" : {
    "calories" : 585,
    "fat" : 25.0,
    "fiber" : 5.0,
    "carbs" : 58.0,
    "sodium" : 1345.0,
    "protein" : 35.0
  },
  "logDate" : "2015-08-09",
  "favorite" : false
},{
  "logId" : 3104630539,
  "loggedFood" : {
    "foodId" : 0,
    "name" : "Breakfast Summary",
    "brand" : "MyFitnessPal",
    "accessLevel" : "PRIVATE",
    "units" : [201],
    "calories" : 251,
    "amount" : 1.0,
    "unit" : {
      "id" : 201,
      "name" : "meal",
      "plural" : "meals"
    },
    "mealTypeId" : 1
  },
  "nutritionalValues" : {
    "calories" : 251,
    "fat" : 7.0,
    "fiber" : 3.0,
    "carbs" : 32.0,
    "sodium" : 131.0,
    "protein" : 14.0
  },
  "logDate" : "2015-08-08",
  "favorite" : false
},{
  "logId" : 2997523244,
  "loggedFood" : {
    "foodId" : 0,
    "name" : "Breakfast Summary",
    "brand" : "MyFitnessPal",
    "accessLevel" : "PRIVATE",
    "units" : [201],
    "calories" : 230,
    "amount" : 1.0,
    "unit" : {
      "id" : 201,
      "name" : "meal",
      "plural" : "meals"
    },
    "mealTypeId" : 1
  },
  "nutritionalValues" : {
    "calories" : 230,
    "fat" : 6.0,
    "fiber" : 2.0,
    "carbs" : 41.0,
    "sodium" : 155.0,
    "protein" : 4.0
  },
  "logDate" : "2015-07-23",
  "favorite" : false
},{
  "logId" : 2982562213,
  "loggedFood" : {
    "foodId" : 0,
    "name" : "Snacks Summary",
    "brand" : "MyFitnessPal",
    "accessLevel" : "PRIVATE",
    "units" : [201],
    "calories" : 140,
    "amount" : 1.0,
    "unit" : {
      "id" : 201,
      "name" : "meal",
      "plural" : "meals"
    },
    "mealTypeId" : 7
  },
  "nutritionalValues" : {
    "calories" : 140,
    "fat" : 4.0,
    "fiber" : 2.0,
    "carbs" : 7.0,
    "sodium" : 260.0,
    "protein" : 20.0
  },
  "logDate" : "2015-07-21",
  "favorite" : false
},{
  "logId" : 2982559964,
  "loggedFood" : {
    "foodId" : 0,
    "name" : "Breakfast Summary",
    "brand" : "MyFitnessPal",
    "accessLevel" : "PRIVATE",
    "units" : [201],
    "calories" : 503,
    "amount" : 1.0,
    "unit" : {
      "id" : 201,
      "name" : "meal",
      "plural" : "meals"
    },
    "mealTypeId" : 1
  },
  "nutritionalValues" : {
    "calories" : 503,
    "fat" : 14.0,
    "fiber" : 7.0,
    "carbs" : 63.0,
    "sodium" : 263.0,
    "protein" : 29.0
  },
  "logDate" : "2015-07-21",
  "favorite" : false
},{
  "logId" : 2937332830,
  "loggedFood" : {
    "foodId" : 0,
    "name" : "Snacks Summary",
    "brand" : "MyFitnessPal",
    "accessLevel" : "PRIVATE",
    "units" : [201],
    "calories" : 53,
    "amount" : 1.0,
    "unit" : {
      "id" : 201,
      "name" : "meal",
      "plural" : "meals"
    },
    "mealTypeId" : 7
  },
  "nutritionalValues" : {
    "calories" : 53,
    "fat" : 0.0,
    "fiber" : 2.0,
    "carbs" : 15.0,
    "sodium" : 0.0,
    "protein" : 1.0
  },
  "logDate" : "2015-07-14",
  "favorite" : false
},{
  "logId" : 2937361514,
  "loggedFood" : {
    "foodId" : 0,
    "name" : "Lunch Summary",
    "brand" : "MyFitnessPal",
    "accessLevel" : "PRIVATE",
    "units" : [201],
    "calories" : 510,
    "amount" : 1.0,
    "unit" : {
      "id" : 201,
      "name" : "meal",
      "plural" : "meals"
    },
    "mealTypeId" : 3
  },
  "nutritionalValues" : {
    "calories" : 510,
    "fat" : 15.0,
    "fiber" : 10.0,
    "carbs" : 43.0,
    "sodium" : 1140.0,
    "protein" : 21.0
  },
  "logDate" : "2015-07-14",
  "favorite" : false
},{
  "logId" : 2937366181,
  "loggedFood" : {
    "foodId" : 0,
    "name" : "Breakfast Summary",
    "brand" : "MyFitnessPal",
    "accessLevel" : "PRIVATE",
    "units" : [201],
    "calories" : 503,
    "amount" : 1.0,
    "unit" : {
      "id" : 201,
      "name" : "meal",
      "plural" : "meals"
    },
    "mealTypeId" : 1
  },
  "nutritionalValues" : {
    "calories" : 503,
    "fat" : 14.0,
    "fiber" : 7.0,
    "carbs" : 63.0,
    "sodium" : 263.0,
    "protein" : 29.0
  },
  "logDate" : "2015-07-14",
  "favorite" : false
},{
  "logId" : 2837474517,
  "loggedFood" : {
    "foodId" : 0,
    "name" : "Snacks Summary",
    "brand" : "MyFitnessPal",
    "accessLevel" : "PRIVATE",
    "units" : [201],
    "calories" : 160,
    "amount" : 1.0,
    "unit" : {
      "id" : 201,
      "name" : "meal",
      "plural" : "meals"
    },
    "mealTypeId" : 7
  },
  "nutritionalValues" : {
    "calories" : 160,
    "fat" : 4.0,
    "fiber" : 0.0,
    "carbs" : 11.0,
    "sodium" : 160.0,
    "protein" : 20.0
  },
  "logDate" : "2015-06-29",
  "favorite" : false
},{
  "logId" : 2837495960,
  "loggedFood" : {
    "foodId" : 0,
    "name" : "Breakfast Summary",
    "brand" : "MyFitnessPal",
    "accessLevel" : "PRIVATE",
    "units" : [201],
    "calories" : 503,
    "amount" : 1.0,
    "unit" : {
      "id" : 201,
      "name" : "meal",
      "plural" : "meals"
    },
    "mealTypeId" : 1
  },
  "nutritionalValues" : {
    "calories" : 503,
    "fat" : 14.0,
    "fiber" : 7.0,
    "carbs" : 63.0,
    "sodium" : 263.0,
    "protein" : 29.0
  },
  "logDate" : "2015-06-29",
  "favorite" : false
},{
  "logId" : 2800487817,
  "loggedFood" : {
    "foodId" : 0,
    "name" : "Lunch Summary",
    "brand" : "MyFitnessPal",
    "accessLevel" : "PRIVATE",
    "units" : [201],
    "calories" : 160,
    "amount" : 1.0,
    "unit" : {
      "id" : 201,
      "name" : "meal",
      "plural" : "meals"
    },
    "mealTypeId" : 3
  },
  "nutritionalValues" : {
    "calories" : 160,
    "fat" : 4.0,
    "fiber" : 0.0,
    "carbs" : 11.0,
    "sodium" : 160.0,
    "protein" : 20.0
  },
  "logDate" : "2015-06-23",
  "favorite" : false
},{
  "logId" : 2798350153,
  "loggedFood" : {
    "foodId" : 0,
    "name" : "Breakfast Summary",
    "brand" : "MyFitnessPal",
    "accessLevel" : "PRIVATE",
    "units" : [201],
    "calories" : 250,
    "amount" : 1.0,
    "unit" : {
      "id" : 201,
      "name" : "meal",
      "plural" : "meals"
    },
    "mealTypeId" : 1
  },
  "nutritionalValues" : {
    "calories" : 250,
    "fat" : 6.0,
    "fiber" : 3.0,
    "carbs" : 44.0,
    "sodium" : 190.0,
    "protein" : 5.0
  },
  "logDate" : "2015-06-23",
  "favorite" : false
},{
  "logId" : 2776568675,
  "loggedFood" : {
    "foodId" : 0,
    "name" : "Lunch Summary",
    "brand" : "MyFitnessPal",
    "accessLevel" : "PRIVATE",
    "units" : [201],
    "calories" : 503,
    "amount" : 1.0,
    "unit" : {
      "id" : 201,
      "name" : "meal",
      "plural" : "meals"
    },
    "mealTypeId" : 3
  },
  "nutritionalValues" : {
    "calories" : 503,
    "fat" : 14.0,
    "fiber" : 7.0,
    "carbs" : 63.0,
    "sodium" : 263.0,
    "protein" : 29.0
  },
  "logDate" : "2015-06-19",
  "favorite" : false
},{
  "logId" : 2776569492,
  "loggedFood" : {
    "foodId" : 0,
    "name" : "Breakfast Summary",
    "brand" : "MyFitnessPal",
    "accessLevel" : "PRIVATE",
    "units" : [201],
    "calories" : 170,
    "amount" : 1.0,
    "unit" : {
      "id" : 201,
      "name" : "meal",
      "plural" : "meals"
    },
    "mealTypeId" : 1
  },
  "nutritionalValues" : {
    "calories" : 170,
    "fat" : 0.0,
    "fiber" : 0.0,
    "carbs" : 25.0,
    "sodium" : 190.0,
    "protein" : 16.0
  },
  "logDate" : "2015-06-19",
  "favorite" : false
},{
  "logId" : 2703357213,
  "loggedFood" : {
    "foodId" : 0,
    "name" : "Breakfast Summary",
    "brand" : "MyFitnessPal",
    "accessLevel" : "PRIVATE",
    "units" : [201],
    "calories" : 503,
    "amount" : 1.0,
    "unit" : {
      "id" : 201,
      "name" : "meal",
      "plural" : "meals"
    },
    "mealTypeId" : 1
  },
  "nutritionalValues" : {
    "calories" : 503,
    "fat" : 14.0,
    "fiber" : 7.0,
    "carbs" : 63.0,
    "sodium" : 263.0,
    "protein" : 29.0
  },
  "logDate" : "2015-06-09",
  "favorite" : false
},{
  "logId" : 2614669609,
  "loggedFood" : {
    "foodId" : 0,
    "name" : "Lunch Summary",
    "brand" : "MyFitnessPal",
    "accessLevel" : "PRIVATE",
    "units" : [201],
    "calories" : 160,
    "amount" : 1.0,
    "unit" : {
      "id" : 201,
      "name" : "meal",
      "plural" : "meals"
    },
    "mealTypeId" : 3
  },
  "nutritionalValues" : {
    "calories" : 160,
    "fat" : 4.0,
    "fiber" : 0.0,
    "carbs" : 11.0,
    "sodium" : 160.0,
    "protein" : 20.0
  },
  "logDate" : "2015-05-27",
  "favorite" : false
},{
  "logId" : 2613743111,
  "loggedFood" : {
    "foodId" : 0,
    "name" : "Breakfast Summary",
    "brand" : "MyFitnessPal",
    "accessLevel" : "PRIVATE",
    "units" : [201],
    "calories" : 503,
    "amount" : 1.0,
    "unit" : {
      "id" : 201,
      "name" : "meal",
      "plural" : "meals"
    },
    "mealTypeId" : 1
  },
  "nutritionalValues" : {
    "calories" : 503,
    "fat" : 14.0,
    "fiber" : 7.0,
    "carbs" : 63.0,
    "sodium" : 263.0,
    "protein" : 29.0
  },
  "logDate" : "2015-05-27",
  "favorite" : false
},{
  "logId" : 2614655820,
  "loggedFood" : {
    "foodId" : 0,
    "name" : "Snacks Summary",
    "brand" : "MyFitnessPal",
    "accessLevel" : "PRIVATE",
    "units" : [201],
    "calories" : 160,
    "amount" : 1.0,
    "unit" : {
      "id" : 201,
      "name" : "meal",
      "plural" : "meals"
    },
    "mealTypeId" : 7
  },
  "nutritionalValues" : {
    "calories" : 160,
    "fat" : 4.0,
    "fiber" : 0.0,
    "carbs" : 11.0,
    "sodium" : 160.0,
    "protein" : 20.0
  },
  "logDate" : "2015-05-26",
  "favorite" : false
},{
  "logId" : 2614668709,
  "loggedFood" : {
    "foodId" : 0,
    "name" : "Lunch Summary",
    "brand" : "MyFitnessPal",
    "accessLevel" : "PRIVATE",
    "units" : [201],
    "calories" : 503,
    "amount" : 1.0,
    "unit" : {
      "id" : 201,
      "name" : "meal",
      "plural" : "meals"
    },
    "mealTypeId" : 3
  },
  "nutritionalValues" : {
    "calories" : 503,
    "fat" : 14.0,
    "fiber" : 7.0,
    "carbs" : 63.0,
    "sodium" : 263.0,
    "protein" : 29.0
  },
  "logDate" : "2015-05-26",
  "favorite" : false
},{
  "logId" : 2604837545,
  "loggedFood" : {
    "foodId" : 0,
    "name" : "Breakfast Summary",
    "brand" : "MyFitnessPal",
    "accessLevel" : "PRIVATE",
    "units" : [201],
    "calories" : 503,
    "amount" : 1.0,
    "unit" : {
      "id" : 201,
      "name" : "meal",
      "plural" : "meals"
    },
    "mealTypeId" : 1
  },
  "nutritionalValues" : {
    "calories" : 503,
    "fat" : 14.0,
    "fiber" : 7.0,
    "carbs" : 63.0,
    "sodium" : 263.0,
    "protein" : 29.0
  },
  "logDate" : "2015-05-26",
  "favorite" : false
}]