[{
  "logId" : 16147905815,
  "loggedFood" : {
    "foodId" : 0,
    "name" : "Breakfast Summary",
    "brand" : "MyFitnessPal",
    "accessLevel" : "PRIVATE",
    "units" : [201],
    "calories" : 50,
    "amount" : 1.0,
    "unit" : {
      "id" : 201,
      "name" : "meal",
      "plural" : "meals"
    },
    "mealTypeId" : 1
  },
  "nutritionalValues" : {
    "calories" : 50,
    "fat" : 0.0,
    "fiber" : 0.0,
    "carbs" : 12.0,
    "sodium" : 0.0,
    "protein" : 0.0
  },
  "logDate" : "2018-11-14",
  "favorite" : false
},{
  "logId" : 16063591973,
  "loggedFood" : {
    "foodId" : 0,
    "name" : "Lunch Summary",
    "brand" : "MyFitnessPal",
    "accessLevel" : "PRIVATE",
    "units" : [201],
    "calories" : 660,
    "amount" : 1.0,
    "unit" : {
      "id" : 201,
      "name" : "meal",
      "plural" : "meals"
    },
    "mealTypeId" : 3
  },
  "nutritionalValues" : {
    "calories" : 660,
    "fat" : 43.0,
    "fiber" : 3.0,
    "carbs" : 49.0,
    "sodium" : 780.0,
    "protein" : 22.0
  },
  "logDate" : "2018-11-04",
  "favorite" : false
},{
  "logId" : 16052890188,
  "loggedFood" : {
    "foodId" : 0,
    "name" : "Breakfast Summary",
    "brand" : "MyFitnessPal",
    "accessLevel" : "PRIVATE",
    "units" : [201],
    "calories" : 480,
    "amount" : 1.0,
    "unit" : {
      "id" : 201,
      "name" : "meal",
      "plural" : "meals"
    },
    "mealTypeId" : 1
  },
  "nutritionalValues" : {
    "calories" : 480,
    "fat" : 27.0,
    "fiber" : 4.0,
    "carbs" : 30.0,
    "sodium" : 533.0,
    "protein" : 22.0
  },
  "logDate" : "2018-11-02",
  "favorite" : false
},{
  "logId" : 16046697941,
  "loggedFood" : {
    "foodId" : 0,
    "name" : "Snacks Summary",
    "brand" : "MyFitnessPal",
    "accessLevel" : "PRIVATE",
    "units" : [201],
    "calories" : 216,
    "amount" : 1.0,
    "unit" : {
      "id" : 201,
      "name" : "meal",
      "plural" : "meals"
    },
    "mealTypeId" : 7
  },
  "nutritionalValues" : {
    "calories" : 216,
    "fat" : 0.0,
    "fiber" : 0.0,
    "carbs" : 0.0,
    "sodium" : 0.0,
    "protein" : 0.0
  },
  "logDate" : "2018-11-01",
  "favorite" : false
},{
  "logId" : 16041437186,
  "loggedFood" : {
    "foodId" : 0,
    "name" : "Breakfast Summary",
    "brand" : "MyFitnessPal",
    "accessLevel" : "PRIVATE",
    "units" : [201],
    "calories" : 292,
    "amount" : 1.0,
    "unit" : {
      "id" : 201,
      "name" : "meal",
      "plural" : "meals"
    },
    "mealTypeId" : 1
  },
  "nutritionalValues" : {
    "calories" : 292,
    "fat" : 1.0,
    "fiber" : 7.0,
    "carbs" : 52.0,
    "sodium" : 52.0,
    "protein" : 4.0
  },
  "logDate" : "2018-11-01",
  "favorite" : false
},{
  "logId" : 16041059272,
  "loggedFood" : {
    "foodId" : 0,
    "name" : "Breakfast Summary",
    "brand" : "MyFitnessPal",
    "accessLevel" : "PRIVATE",
    "units" : [201],
    "calories" : 272,
    "amount" : 1.0,
    "unit" : {
      "id" : 201,
      "name" : "meal",
      "plural" : "meals"
    },
    "mealTypeId" : 1
  },
  "nutritionalValues" : {
    "calories" : 272,
    "fat" : 1.0,
    "fiber" : 6.0,
    "carbs" : 48.0,
    "sodium" : 52.0,
    "protein" : 3.0
  },
  "logDate" : "2018-11-01",
  "favorite" : false
},{
  "logId" : 16024399732,
  "loggedFood" : {
    "foodId" : 0,
    "name" : "Breakfast Summary",
    "brand" : "MyFitnessPal",
    "accessLevel" : "PRIVATE",
    "units" : [201],
    "calories" : 380,
    "amount" : 1.0,
    "unit" : {
      "id" : 201,
      "name" : "meal",
      "plural" : "meals"
    },
    "mealTypeId" : 1
  },
  "nutritionalValues" : {
    "calories" : 380,
    "fat" : 14.0,
    "fiber" : 4.0,
    "carbs" : 52.0,
    "sodium" : 1820.0,
    "protein" : 10.0
  },
  "logDate" : "2018-10-30",
  "favorite" : false
},{
  "logId" : 15984150085,
  "loggedFood" : {
    "foodId" : 0,
    "name" : "Breakfast Summary",
    "brand" : "MyFitnessPal",
    "accessLevel" : "PRIVATE",
    "units" : [201],
    "calories" : 220,
    "amount" : 1.0,
    "unit" : {
      "id" : 201,
      "name" : "meal",
      "plural" : "meals"
    },
    "mealTypeId" : 1
  },
  "nutritionalValues" : {
    "calories" : 220,
    "fat" : 9.0,
    "fiber" : 7.0,
    "carbs" : 31.0,
    "sodium" : 67.0,
    "protein" : 5.0
  },
  "logDate" : "2018-10-25",
  "favorite" : false
},{
  "logId" : 15875431830,
  "loggedFood" : {
    "foodId" : 0,
    "name" : "Breakfast Summary",
    "brand" : "MyFitnessPal",
    "accessLevel" : "PRIVATE",
    "units" : [201],
    "calories" : 60,
    "amount" : 1.0,
    "unit" : {
      "id" : 201,
      "name" : "meal",
      "plural" : "meals"
    },
    "mealTypeId" : 1
  },
  "nutritionalValues" : {
    "calories" : 60,
    "fat" : 7.0,
    "fiber" : 0.0,
    "carbs" : 0.0,
    "sodium" : 10.0,
    "protein" : 0.0
  },
  "logDate" : "2018-10-13",
  "favorite" : false
},{
  "logId" : 15648861165,
  "loggedFood" : {
    "foodId" : 0,
    "name" : "Breakfast Summary",
    "brand" : "MyFitnessPal",
    "accessLevel" : "PRIVATE",
    "units" : [201],
    "calories" : 240,
    "amount" : 1.0,
    "unit" : {
      "id" : 201,
      "name" : "meal",
      "plural" : "meals"
    },
    "mealTypeId" : 1
  },
  "nutritionalValues" : {
    "calories" : 240,
    "fat" : 1.0,
    "fiber" : 2.0,
    "carbs" : 44.0,
    "sodium" : 180.0,
    "protein" : 15.0
  },
  "logDate" : "2018-09-18",
  "favorite" : false
},{
  "logId" : 15573278114,
  "loggedFood" : {
    "foodId" : 0,
    "name" : "Snacks Summary",
    "brand" : "MyFitnessPal",
    "accessLevel" : "PRIVATE",
    "units" : [201],
    "calories" : 140,
    "amount" : 1.0,
    "unit" : {
      "id" : 201,
      "name" : "meal",
      "plural" : "meals"
    },
    "mealTypeId" : 7
  },
  "nutritionalValues" : {
    "calories" : 140,
    "fat" : 5.0,
    "fiber" : 0.0,
    "carbs" : 23.0,
    "sodium" : 0.0,
    "protein" : 1.0
  },
  "logDate" : "2018-09-10",
  "favorite" : false
},{
  "logId" : 15573683743,
  "loggedFood" : {
    "foodId" : 0,
    "name" : "Lunch Summary",
    "brand" : "MyFitnessPal",
    "accessLevel" : "PRIVATE",
    "units" : [201],
    "calories" : 520,
    "amount" : 1.0,
    "unit" : {
      "id" : 201,
      "name" : "meal",
      "plural" : "meals"
    },
    "mealTypeId" : 3
  },
  "nutritionalValues" : {
    "calories" : 520,
    "fat" : 26.0,
    "fiber" : 3.0,
    "carbs" : 46.0,
    "sodium" : 830.0,
    "protein" : 23.0
  },
  "logDate" : "2018-09-10",
  "favorite" : false
},{
  "logId" : 15468629820,
  "loggedFood" : {
    "foodId" : 0,
    "name" : "Lunch Summary",
    "brand" : "MyFitnessPal",
    "accessLevel" : "PRIVATE",
    "units" : [201],
    "calories" : 1220,
    "amount" : 1.0,
    "unit" : {
      "id" : 201,
      "name" : "meal",
      "plural" : "meals"
    },
    "mealTypeId" : 3
  },
  "nutritionalValues" : {
    "calories" : 1220,
    "fat" : 78.0,
    "fiber" : 7.0,
    "carbs" : 93.0,
    "sodium" : 2140.0,
    "protein" : 49.0
  },
  "logDate" : "2018-08-29",
  "favorite" : false
},{
  "logId" : 15463466745,
  "loggedFood" : {
    "foodId" : 0,
    "name" : "Breakfast Summary",
    "brand" : "MyFitnessPal",
    "accessLevel" : "PRIVATE",
    "units" : [201],
    "calories" : 260,
    "amount" : 1.0,
    "unit" : {
      "id" : 201,
      "name" : "meal",
      "plural" : "meals"
    },
    "mealTypeId" : 1
  },
  "nutritionalValues" : {
    "calories" : 260,
    "fat" : 18.0,
    "fiber" : 5.0,
    "carbs" : 22.0,
    "sodium" : 0.0,
    "protein" : 7.0
  },
  "logDate" : "2018-08-29",
  "favorite" : false
},{
  "logId" : 15388011033,
  "loggedFood" : {
    "foodId" : 0,
    "name" : "Breakfast Summary",
    "brand" : "MyFitnessPal",
    "accessLevel" : "PRIVATE",
    "units" : [201],
    "calories" : 483,
    "amount" : 1.0,
    "unit" : {
      "id" : 201,
      "name" : "meal",
      "plural" : "meals"
    },
    "mealTypeId" : 1
  },
  "nutritionalValues" : {
    "calories" : 483,
    "fat" : 25.0,
    "fiber" : 6.0,
    "carbs" : 47.0,
    "sodium" : 482.0,
    "protein" : 25.0
  },
  "logDate" : "2018-08-21",
  "favorite" : false
},{
  "logId" : 15370407726,
  "loggedFood" : {
    "foodId" : 0,
    "name" : "Snacks Summary",
    "brand" : "MyFitnessPal",
    "accessLevel" : "PRIVATE",
    "units" : [201],
    "calories" : 240,
    "amount" : 1.0,
    "unit" : {
      "id" : 201,
      "name" : "meal",
      "plural" : "meals"
    },
    "mealTypeId" : 7
  },
  "nutritionalValues" : {
    "calories" : 240,
    "fat" : 0.0,
    "fiber" : 0.0,
    "carbs" : 36.0,
    "sodium" : 0.0,
    "protein" : 0.0
  },
  "logDate" : "2018-08-19",
  "favorite" : false
},{
  "logId" : 15370127187,
  "loggedFood" : {
    "foodId" : 0,
    "name" : "Lunch Summary",
    "brand" : "MyFitnessPal",
    "accessLevel" : "PRIVATE",
    "units" : [201],
    "calories" : 620,
    "amount" : 1.0,
    "unit" : {
      "id" : 201,
      "name" : "meal",
      "plural" : "meals"
    },
    "mealTypeId" : 3
  },
  "nutritionalValues" : {
    "calories" : 620,
    "fat" : 26.0,
    "fiber" : 5.0,
    "carbs" : 79.0,
    "sodium" : 690.0,
    "protein" : 15.0
  },
  "logDate" : "2018-08-19",
  "favorite" : false
},{
  "logId" : 15273501393,
  "loggedFood" : {
    "foodId" : 0,
    "name" : "Breakfast Summary",
    "brand" : "MyFitnessPal",
    "accessLevel" : "PRIVATE",
    "units" : [201],
    "calories" : 40,
    "amount" : 1.0,
    "unit" : {
      "id" : 201,
      "name" : "meal",
      "plural" : "meals"
    },
    "mealTypeId" : 1
  },
  "nutritionalValues" : {
    "calories" : 40,
    "fat" : 3.0,
    "fiber" : 1.0,
    "carbs" : 2.0,
    "sodium" : 180.0,
    "protein" : 1.0
  },
  "logDate" : "2018-08-09",
  "favorite" : false
},{
  "logId" : 15241082951,
  "loggedFood" : {
    "foodId" : 0,
    "name" : "Breakfast Summary",
    "brand" : "MyFitnessPal",
    "accessLevel" : "PRIVATE",
    "units" : [201],
    "calories" : 30,
    "amount" : 1.0,
    "unit" : {
      "id" : 201,
      "name" : "meal",
      "plural" : "meals"
    },
    "mealTypeId" : 1
  },
  "nutritionalValues" : {
    "calories" : 30,
    "fat" : 3.0,
    "fiber" : 1.0,
    "carbs" : 1.0,
    "sodium" : 125.0,
    "protein" : 1.0
  },
  "logDate" : "2018-08-06",
  "favorite" : false
},{
  "logId" : 15183706175,
  "loggedFood" : {
    "foodId" : 0,
    "name" : "Breakfast Summary",
    "brand" : "MyFitnessPal",
    "accessLevel" : "PRIVATE",
    "units" : [201],
    "calories" : 270,
    "amount" : 1.0,
    "unit" : {
      "id" : 201,
      "name" : "meal",
      "plural" : "meals"
    },
    "mealTypeId" : 1
  },
  "nutritionalValues" : {
    "calories" : 270,
    "fat" : 19.0,
    "fiber" : 5.0,
    "carbs" : 22.0,
    "sodium" : 42.0,
    "protein" : 7.0
  },
  "logDate" : "2018-07-31",
  "favorite" : false
},{
  "logId" : 15168102418,
  "loggedFood" : {
    "foodId" : 0,
    "name" : "Breakfast Summary",
    "brand" : "MyFitnessPal",
    "accessLevel" : "PRIVATE",
    "units" : [201],
    "calories" : 8,
    "amount" : 1.0,
    "unit" : {
      "id" : 201,
      "name" : "meal",
      "plural" : "meals"
    },
    "mealTypeId" : 1
  },
  "nutritionalValues" : {
    "calories" : 8,
    "fat" : 1.0,
    "fiber" : 0.0,
    "carbs" : 0.0,
    "sodium" : 31.0,
    "protein" : 0.0
  },
  "logDate" : "2018-07-30",
  "favorite" : false
},{
  "logId" : 15079747893,
  "loggedFood" : {
    "foodId" : 0,
    "name" : "Breakfast Summary",
    "brand" : "MyFitnessPal",
    "accessLevel" : "PRIVATE",
    "units" : [201],
    "calories" : 458,
    "amount" : 1.0,
    "unit" : {
      "id" : 201,
      "name" : "meal",
      "plural" : "meals"
    },
    "mealTypeId" : 1
  },
  "nutritionalValues" : {
    "calories" : 458,
    "fat" : 12.0,
    "fiber" : 2.0,
    "carbs" : 68.0,
    "sodium" : 475.0,
    "protein" : 19.0
  },
  "logDate" : "2018-07-20",
  "favorite" : false
},{
  "logId" : 14622230806,
  "loggedFood" : {
    "foodId" : 0,
    "name" : "Lunch Summary",
    "brand" : "MyFitnessPal",
    "accessLevel" : "PRIVATE",
    "units" : [201],
    "calories" : 190,
    "amount" : 1.0,
    "unit" : {
      "id" : 201,
      "name" : "meal",
      "plural" : "meals"
    },
    "mealTypeId" : 3
  },
  "nutritionalValues" : {
    "calories" : 190,
    "fat" : 13.0,
    "fiber" : 5.0,
    "carbs" : 18.0,
    "sodium" : 20.0,
    "protein" : 4.0
  },
  "logDate" : "2018-06-04",
  "favorite" : false
},{
  "logId" : 14276448656,
  "loggedFood" : {
    "foodId" : 0,
    "name" : "Snacks Summary",
    "brand" : "MyFitnessPal",
    "accessLevel" : "PRIVATE",
    "units" : [201],
    "calories" : 220,
    "amount" : 1.0,
    "unit" : {
      "id" : 201,
      "name" : "meal",
      "plural" : "meals"
    },
    "mealTypeId" : 7
  },
  "nutritionalValues" : {
    "calories" : 220,
    "fat" : 10.0,
    "fiber" : 3.0,
    "carbs" : 22.0,
    "sodium" : 250.0,
    "protein" : 12.0
  },
  "logDate" : "2018-05-01",
  "favorite" : false
},{
  "logId" : 14261277770,
  "loggedFood" : {
    "foodId" : 0,
    "name" : "Lunch Summary",
    "brand" : "MyFitnessPal",
    "accessLevel" : "PRIVATE",
    "units" : [201],
    "calories" : 415,
    "amount" : 1.0,
    "unit" : {
      "id" : 201,
      "name" : "meal",
      "plural" : "meals"
    },
    "mealTypeId" : 3
  },
  "nutritionalValues" : {
    "calories" : 415,
    "fat" : 10.0,
    "fiber" : 5.0,
    "carbs" : 110.0,
    "sodium" : 240.0,
    "protein" : 9.0
  },
  "logDate" : "2018-04-30",
  "favorite" : false
},{
  "logId" : 14175777035,
  "loggedFood" : {
    "foodId" : 0,
    "name" : "Snacks Summary",
    "brand" : "MyFitnessPal",
    "accessLevel" : "PRIVATE",
    "units" : [201],
    "calories" : 150,
    "amount" : 1.0,
    "unit" : {
      "id" : 201,
      "name" : "meal",
      "plural" : "meals"
    },
    "mealTypeId" : 7
  },
  "nutritionalValues" : {
    "calories" : 150,
    "fat" : 6.0,
    "fiber" : 2.0,
    "carbs" : 22.0,
    "sodium" : 85.0,
    "protein" : 3.0
  },
  "logDate" : "2018-04-22",
  "favorite" : false
},{
  "logId" : 14167810734,
  "loggedFood" : {
    "foodId" : 0,
    "name" : "Lunch Summary",
    "brand" : "MyFitnessPal",
    "accessLevel" : "PRIVATE",
    "units" : [201],
    "calories" : 180,
    "amount" : 1.0,
    "unit" : {
      "id" : 201,
      "name" : "meal",
      "plural" : "meals"
    },
    "mealTypeId" : 3
  },
  "nutritionalValues" : {
    "calories" : 180,
    "fat" : 9.0,
    "fiber" : 3.0,
    "carbs" : 22.0,
    "sodium" : 20.0,
    "protein" : 4.0
  },
  "logDate" : "2018-04-21",
  "favorite" : false
},{
  "logId" : 14126554115,
  "loggedFood" : {
    "foodId" : 0,
    "name" : "Snacks Summary",
    "brand" : "MyFitnessPal",
    "accessLevel" : "PRIVATE",
    "units" : [201],
    "calories" : 300,
    "amount" : 1.0,
    "unit" : {
      "id" : 201,
      "name" : "meal",
      "plural" : "meals"
    },
    "mealTypeId" : 7
  },
  "nutritionalValues" : {
    "calories" : 300,
    "fat" : 0.0,
    "fiber" : 0.0,
    "carbs" : 26.0,
    "sodium" : 192.0,
    "protein" : 4.0
  },
  "logDate" : "2018-04-17",
  "favorite" : false
},{
  "logId" : 14090123580,
  "loggedFood" : {
    "foodId" : 0,
    "name" : "Breakfast Summary",
    "brand" : "MyFitnessPal",
    "accessLevel" : "PRIVATE",
    "units" : [201],
    "calories" : 170,
    "amount" : 1.0,
    "unit" : {
      "id" : 201,
      "name" : "meal",
      "plural" : "meals"
    },
    "mealTypeId" : 1
  },
  "nutritionalValues" : {
    "calories" : 170,
    "fat" : 0.0,
    "fiber" : 0.0,
    "carbs" : 25.0,
    "sodium" : 190.0,
    "protein" : 16.0
  },
  "logDate" : "2018-04-14",
  "favorite" : false
},{
  "logId" : 13757545342,
  "loggedFood" : {
    "foodId" : 0,
    "name" : "Lunch Summary",
    "brand" : "MyFitnessPal",
    "accessLevel" : "PRIVATE",
    "units" : [201],
    "calories" : 277,
    "amount" : 1.0,
    "unit" : {
      "id" : 201,
      "name" : "meal",
      "plural" : "meals"
    },
    "mealTypeId" : 3
  },
  "nutritionalValues" : {
    "calories" : 277,
    "fat" : 13.0,
    "fiber" : 10.0,
    "carbs" : 25.0,
    "sodium" : 259.0,
    "protein" : 17.0
  },
  "logDate" : "2018-03-13",
  "favorite" : false
},{
  "logId" : 13607090120,
  "loggedFood" : {
    "foodId" : 0,
    "name" : "Lunch Summary",
    "brand" : "MyFitnessPal",
    "accessLevel" : "PRIVATE",
    "units" : [201],
    "calories" : 240,
    "amount" : 1.0,
    "unit" : {
      "id" : 201,
      "name" : "meal",
      "plural" : "meals"
    },
    "mealTypeId" : 3
  },
  "nutritionalValues" : {
    "calories" : 240,
    "fat" : 10.0,
    "fiber" : 4.0,
    "carbs" : 29.0,
    "sodium" : 95.0,
    "protein" : 12.0
  },
  "logDate" : "2018-02-27",
  "favorite" : false
},{
  "logId" : 13558973602,
  "loggedFood" : {
    "foodId" : 0,
    "name" : "Snacks Summary",
    "brand" : "MyFitnessPal",
    "accessLevel" : "PRIVATE",
    "units" : [201],
    "calories" : 160,
    "amount" : 1.0,
    "unit" : {
      "id" : 201,
      "name" : "meal",
      "plural" : "meals"
    },
    "mealTypeId" : 7
  },
  "nutritionalValues" : {
    "calories" : 160,
    "fat" : 10.0,
    "fiber" : 1.0,
    "carbs" : 15.0,
    "sodium" : 250.0,
    "protein" : 2.0
  },
  "logDate" : "2018-02-22",
  "favorite" : false
},{
  "logId" : 13553256953,
  "loggedFood" : {
    "foodId" : 0,
    "name" : "Breakfast Summary",
    "brand" : "MyFitnessPal",
    "accessLevel" : "PRIVATE",
    "units" : [201],
    "calories" : 22,
    "amount" : 1.0,
    "unit" : {
      "id" : 201,
      "name" : "meal",
      "plural" : "meals"
    },
    "mealTypeId" : 1
  },
  "nutritionalValues" : {
    "calories" : 22,
    "fat" : 0.0,
    "fiber" : 0.0,
    "carbs" : 6.0,
    "sodium" : 356.0,
    "protein" : 0.0
  },
  "logDate" : "2018-02-22",
  "favorite" : false
},{
  "logId" : 13531349137,
  "loggedFood" : {
    "foodId" : 0,
    "name" : "Lunch Summary",
    "brand" : "MyFitnessPal",
    "accessLevel" : "PRIVATE",
    "units" : [201],
    "calories" : 770,
    "amount" : 1.0,
    "unit" : {
      "id" : 201,
      "name" : "meal",
      "plural" : "meals"
    },
    "mealTypeId" : 3
  },
  "nutritionalValues" : {
    "calories" : 770,
    "fat" : 39.0,
    "fiber" : 10.0,
    "carbs" : 93.0,
    "sodium" : 1160.0,
    "protein" : 19.0
  },
  "logDate" : "2018-02-20",
  "favorite" : false
},{
  "logId" : 13323678355,
  "loggedFood" : {
    "foodId" : 0,
    "name" : "Snacks Summary",
    "brand" : "MyFitnessPal",
    "accessLevel" : "PRIVATE",
    "units" : [201],
    "calories" : 660,
    "amount" : 1.0,
    "unit" : {
      "id" : 201,
      "name" : "meal",
      "plural" : "meals"
    },
    "mealTypeId" : 7
  },
  "nutritionalValues" : {
    "calories" : 660,
    "fat" : 38.0,
    "fiber" : 14.0,
    "carbs" : 74.0,
    "sodium" : 410.0,
    "protein" : 13.0
  },
  "logDate" : "2018-02-01",
  "favorite" : false
},{
  "logId" : 13311345806,
  "loggedFood" : {
    "foodId" : 0,
    "name" : "Snacks Summary",
    "brand" : "MyFitnessPal",
    "accessLevel" : "PRIVATE",
    "units" : [201],
    "calories" : 210,
    "amount" : 1.0,
    "unit" : {
      "id" : 201,
      "name" : "meal",
      "plural" : "meals"
    },
    "mealTypeId" : 7
  },
  "nutritionalValues" : {
    "calories" : 210,
    "fat" : 9.0,
    "fiber" : 5.0,
    "carbs" : 24.0,
    "sodium" : 240.0,
    "protein" : 12.0
  },
  "logDate" : "2018-01-31",
  "favorite" : false
},{
  "logId" : 13308184660,
  "loggedFood" : {
    "foodId" : 0,
    "name" : "Lunch Summary",
    "brand" : "MyFitnessPal",
    "accessLevel" : "PRIVATE",
    "units" : [201],
    "calories" : 189,
    "amount" : 1.0,
    "unit" : {
      "id" : 201,
      "name" : "meal",
      "plural" : "meals"
    },
    "mealTypeId" : 3
  },
  "nutritionalValues" : {
    "calories" : 189,
    "fat" : 0.0,
    "fiber" : 1.0,
    "carbs" : 18.0,
    "sodium" : 0.0,
    "protein" : 9.0
  },
  "logDate" : "2018-01-31",
  "favorite" : false
},{
  "logId" : 13304710117,
  "loggedFood" : {
    "foodId" : 0,
    "name" : "Breakfast Summary",
    "brand" : "MyFitnessPal",
    "accessLevel" : "PRIVATE",
    "units" : [201],
    "calories" : 580,
    "amount" : 1.0,
    "unit" : {
      "id" : 201,
      "name" : "meal",
      "plural" : "meals"
    },
    "mealTypeId" : 1
  },
  "nutritionalValues" : {
    "calories" : 580,
    "fat" : 25.0,
    "fiber" : 14.0,
    "carbs" : 58.0,
    "sodium" : 410.0,
    "protein" : 18.0
  },
  "logDate" : "2018-01-31",
  "favorite" : false
},{
  "logId" : 13276553739,
  "loggedFood" : {
    "foodId" : 0,
    "name" : "Breakfast Summary",
    "brand" : "MyFitnessPal",
    "accessLevel" : "PRIVATE",
    "units" : [201],
    "calories" : 60,
    "amount" : 1.0,
    "unit" : {
      "id" : 201,
      "name" : "meal",
      "plural" : "meals"
    },
    "mealTypeId" : 1
  },
  "nutritionalValues" : {
    "calories" : 60,
    "fat" : 7.0,
    "fiber" : 0.0,
    "carbs" : 0.0,
    "sodium" : 10.0,
    "protein" : 0.0
  },
  "logDate" : "2018-01-29",
  "favorite" : false
},{
  "logId" : 13265422504,
  "loggedFood" : {
    "foodId" : 0,
    "name" : "Breakfast Summary",
    "brand" : "MyFitnessPal",
    "accessLevel" : "PRIVATE",
    "units" : [201],
    "calories" : 210,
    "amount" : 1.0,
    "unit" : {
      "id" : 201,
      "name" : "meal",
      "plural" : "meals"
    },
    "mealTypeId" : 1
  },
  "nutritionalValues" : {
    "calories" : 210,
    "fat" : 17.0,
    "fiber" : 2.0,
    "carbs" : 7.0,
    "sodium" : 173.0,
    "protein" : 9.0
  },
  "logDate" : "2018-01-28",
  "favorite" : false
},{
  "logId" : 13237387079,
  "loggedFood" : {
    "foodId" : 0,
    "name" : "Lunch Summary",
    "brand" : "MyFitnessPal",
    "accessLevel" : "PRIVATE",
    "units" : [201],
    "calories" : 970,
    "amount" : 1.0,
    "unit" : {
      "id" : 201,
      "name" : "meal",
      "plural" : "meals"
    },
    "mealTypeId" : 3
  },
  "nutritionalValues" : {
    "calories" : 970,
    "fat" : 60.0,
    "fiber" : 6.0,
    "carbs" : 72.0,
    "sodium" : 1760.0,
    "protein" : 47.0
  },
  "logDate" : "2018-01-25",
  "favorite" : false
},{
  "logId" : 13214501427,
  "loggedFood" : {
    "foodId" : 0,
    "name" : "Lunch Summary",
    "brand" : "MyFitnessPal",
    "accessLevel" : "PRIVATE",
    "units" : [201],
    "calories" : 500,
    "amount" : 1.0,
    "unit" : {
      "id" : 201,
      "name" : "meal",
      "plural" : "meals"
    },
    "mealTypeId" : 3
  },
  "nutritionalValues" : {
    "calories" : 500,
    "fat" : 23.0,
    "fiber" : 4.0,
    "carbs" : 48.0,
    "sodium" : 0.0,
    "protein" : 26.0
  },
  "logDate" : "2018-01-23",
  "favorite" : false
},{
  "logId" : 13210058678,
  "loggedFood" : {
    "foodId" : 0,
    "name" : "Breakfast Summary",
    "brand" : "MyFitnessPal",
    "accessLevel" : "PRIVATE",
    "units" : [201],
    "calories" : 220,
    "amount" : 1.0,
    "unit" : {
      "id" : 201,
      "name" : "meal",
      "plural" : "meals"
    },
    "mealTypeId" : 1
  },
  "nutritionalValues" : {
    "calories" : 220,
    "fat" : 6.0,
    "fiber" : 2.0,
    "carbs" : 15.0,
    "sodium" : 565.0,
    "protein" : 30.0
  },
  "logDate" : "2018-01-23",
  "favorite" : false
},{
  "logId" : 13144342612,
  "loggedFood" : {
    "foodId" : 0,
    "name" : "Snacks Summary",
    "brand" : "MyFitnessPal",
    "accessLevel" : "PRIVATE",
    "units" : [201],
    "calories" : 170,
    "amount" : 1.0,
    "unit" : {
      "id" : 201,
      "name" : "meal",
      "plural" : "meals"
    },
    "mealTypeId" : 7
  },
  "nutritionalValues" : {
    "calories" : 170,
    "fat" : 10.0,
    "fiber" : 3.0,
    "carbs" : 14.0,
    "sodium" : 0.0,
    "protein" : 5.0
  },
  "logDate" : "2018-01-17",
  "favorite" : false
},{
  "logId" : 13138833087,
  "loggedFood" : {
    "foodId" : 0,
    "name" : "Breakfast Summary",
    "brand" : "MyFitnessPal",
    "accessLevel" : "PRIVATE",
    "units" : [201],
    "calories" : 140,
    "amount" : 1.0,
    "unit" : {
      "id" : 201,
      "name" : "meal",
      "plural" : "meals"
    },
    "mealTypeId" : 1
  },
  "nutritionalValues" : {
    "calories" : 140,
    "fat" : 6.0,
    "fiber" : 2.0,
    "carbs" : 6.0,
    "sodium" : 520.0,
    "protein" : 18.0
  },
  "logDate" : "2018-01-17",
  "favorite" : false
},{
  "logId" : 13072121988,
  "loggedFood" : {
    "foodId" : 0,
    "name" : "Lunch Summary",
    "brand" : "MyFitnessPal",
    "accessLevel" : "PRIVATE",
    "units" : [201],
    "calories" : 713,
    "amount" : 1.0,
    "unit" : {
      "id" : 201,
      "name" : "meal",
      "plural" : "meals"
    },
    "mealTypeId" : 3
  },
  "nutritionalValues" : {
    "calories" : 713,
    "fat" : 24.0,
    "fiber" : 23.0,
    "carbs" : 79.0,
    "sodium" : 840.0,
    "protein" : 38.0
  },
  "logDate" : "2018-01-11",
  "favorite" : false
},{
  "logId" : 13026570120,
  "loggedFood" : {
    "foodId" : 0,
    "name" : "Breakfast Summary",
    "brand" : "MyFitnessPal",
    "accessLevel" : "PRIVATE",
    "units" : [201],
    "calories" : 60,
    "amount" : 1.0,
    "unit" : {
      "id" : 201,
      "name" : "meal",
      "plural" : "meals"
    },
    "mealTypeId" : 1
  },
  "nutritionalValues" : {
    "calories" : 60,
    "fat" : 7.0,
    "fiber" : 0.0,
    "carbs" : 0.0,
    "sodium" : 10.0,
    "protein" : 0.0
  },
  "logDate" : "2018-01-08",
  "favorite" : false
},{
  "logId" : 12989877008,
  "loggedFood" : {
    "foodId" : 0,
    "name" : "Lunch Summary",
    "brand" : "MyFitnessPal",
    "accessLevel" : "PRIVATE",
    "units" : [201],
    "calories" : 690,
    "amount" : 1.0,
    "unit" : {
      "id" : 201,
      "name" : "meal",
      "plural" : "meals"
    },
    "mealTypeId" : 3
  },
  "nutritionalValues" : {
    "calories" : 690,
    "fat" : 19.0,
    "fiber" : 6.0,
    "carbs" : 77.0,
    "sodium" : 0.0,
    "protein" : 49.0
  },
  "logDate" : "2018-01-04",
  "favorite" : false
},{
  "logId" : 12933569099,
  "loggedFood" : {
    "foodId" : 0,
    "name" : "Lunch Summary",
    "brand" : "MyFitnessPal",
    "accessLevel" : "PRIVATE",
    "units" : [201],
    "calories" : 510,
    "amount" : 1.0,
    "unit" : {
      "id" : 201,
      "name" : "meal",
      "plural" : "meals"
    },
    "mealTypeId" : 3
  },
  "nutritionalValues" : {
    "calories" : 510,
    "fat" : 26.0,
    "fiber" : 0.0,
    "carbs" : 47.0,
    "sodium" : 0.0,
    "protein" : 25.0
  },
  "logDate" : "2017-12-28",
  "favorite" : false
},{
  "logId" : 12927678850,
  "loggedFood" : {
    "foodId" : 0,
    "name" : "Snacks Summary",
    "brand" : "MyFitnessPal",
    "accessLevel" : "PRIVATE",
    "units" : [201],
    "calories" : 180,
    "amount" : 1.0,
    "unit" : {
      "id" : 201,
      "name" : "meal",
      "plural" : "meals"
    },
    "mealTypeId" : 7
  },
  "nutritionalValues" : {
    "calories" : 180,
    "fat" : 10.0,
    "fiber" : 3.0,
    "carbs" : 16.0,
    "sodium" : 200.0,
    "protein" : 6.0
  },
  "logDate" : "2017-12-27",
  "favorite" : false
},{
  "logId" : 12928574210,
  "loggedFood" : {
    "foodId" : 0,
    "name" : "Lunch Summary",
    "brand" : "MyFitnessPal",
    "accessLevel" : "PRIVATE",
    "units" : [201],
    "calories" : 954,
    "amount" : 1.0,
    "unit" : {
      "id" : 201,
      "name" : "meal",
      "plural" : "meals"
    },
    "mealTypeId" : 3
  },
  "nutritionalValues" : {
    "calories" : 954,
    "fat" : 43.0,
    "fiber" : 3.0,
    "carbs" : 81.0,
    "sodium" : 780.0,
    "protein" : 22.0
  },
  "logDate" : "2017-12-27",
  "favorite" : false
},{
  "logId" : 12927659250,
  "loggedFood" : {
    "foodId" : 0,
    "name" : "Breakfast Summary",
    "brand" : "MyFitnessPal",
    "accessLevel" : "PRIVATE",
    "units" : [201],
    "calories" : 170,
    "amount" : 1.0,
    "unit" : {
      "id" : 201,
      "name" : "meal",
      "plural" : "meals"
    },
    "mealTypeId" : 1
  },
  "nutritionalValues" : {
    "calories" : 170,
    "fat" : 0.0,
    "fiber" : 0.0,
    "carbs" : 25.0,
    "sodium" : 190.0,
    "protein" : 16.0
  },
  "logDate" : "2017-12-27",
  "favorite" : false
},{
  "logId" : 12920316860,
  "loggedFood" : {
    "foodId" : 0,
    "name" : "Breakfast Summary",
    "brand" : "MyFitnessPal",
    "accessLevel" : "PRIVATE",
    "units" : [201],
    "calories" : 125,
    "amount" : 1.0,
    "unit" : {
      "id" : 201,
      "name" : "meal",
      "plural" : "meals"
    },
    "mealTypeId" : 1
  },
  "nutritionalValues" : {
    "calories" : 125,
    "fat" : 14.0,
    "fiber" : 0.0,
    "carbs" : 0.0,
    "sodium" : 0.0,
    "protein" : 0.0
  },
  "logDate" : "2017-12-26",
  "favorite" : false
},{
  "logId" : 12910299761,
  "loggedFood" : {
    "foodId" : 0,
    "name" : "Breakfast Summary",
    "brand" : "MyFitnessPal",
    "accessLevel" : "PRIVATE",
    "units" : [201],
    "calories" : 62,
    "amount" : 1.0,
    "unit" : {
      "id" : 201,
      "name" : "meal",
      "plural" : "meals"
    },
    "mealTypeId" : 1
  },
  "nutritionalValues" : {
    "calories" : 62,
    "fat" : 7.0,
    "fiber" : 0.0,
    "carbs" : 0.0,
    "sodium" : 27.0,
    "protein" : 0.0
  },
  "logDate" : "2017-12-23",
  "favorite" : false
},{
  "logId" : 12845823024,
  "loggedFood" : {
    "foodId" : 0,
    "name" : "Snacks Summary",
    "brand" : "MyFitnessPal",
    "accessLevel" : "PRIVATE",
    "units" : [201],
    "calories" : 200,
    "amount" : 1.0,
    "unit" : {
      "id" : 201,
      "name" : "meal",
      "plural" : "meals"
    },
    "mealTypeId" : 7
  },
  "nutritionalValues" : {
    "calories" : 200,
    "fat" : 16.0,
    "fiber" : 3.0,
    "carbs" : 4.0,
    "sodium" : 90.0,
    "protein" : 7.0
  },
  "logDate" : "2017-12-12",
  "favorite" : false
},{
  "logId" : 12845484974,
  "loggedFood" : {
    "foodId" : 0,
    "name" : "Lunch Summary",
    "brand" : "MyFitnessPal",
    "accessLevel" : "PRIVATE",
    "units" : [201],
    "calories" : 540,
    "amount" : 1.0,
    "unit" : {
      "id" : 201,
      "name" : "meal",
      "plural" : "meals"
    },
    "mealTypeId" : 3
  },
  "nutritionalValues" : {
    "calories" : 540,
    "fat" : 28.0,
    "fiber" : 14.0,
    "carbs" : 62.0,
    "sodium" : 840.0,
    "protein" : 18.0
  },
  "logDate" : "2017-12-12",
  "favorite" : false
},{
  "logId" : 12844721151,
  "loggedFood" : {
    "foodId" : 0,
    "name" : "Breakfast Summary",
    "brand" : "MyFitnessPal",
    "accessLevel" : "PRIVATE",
    "units" : [201],
    "calories" : 60,
    "amount" : 1.0,
    "unit" : {
      "id" : 201,
      "name" : "meal",
      "plural" : "meals"
    },
    "mealTypeId" : 1
  },
  "nutritionalValues" : {
    "calories" : 60,
    "fat" : 7.0,
    "fiber" : 0.0,
    "carbs" : 0.0,
    "sodium" : 10.0,
    "protein" : 0.0
  },
  "logDate" : "2017-12-12",
  "favorite" : false
},{
  "logId" : 12835052881,
  "loggedFood" : {
    "foodId" : 0,
    "name" : "Breakfast Summary",
    "brand" : "MyFitnessPal",
    "accessLevel" : "PRIVATE",
    "units" : [201],
    "calories" : 0,
    "amount" : 1.0,
    "unit" : {
      "id" : 201,
      "name" : "meal",
      "plural" : "meals"
    },
    "mealTypeId" : 1
  },
  "nutritionalValues" : {
    "calories" : 0,
    "fat" : 0.0,
    "fiber" : 0.0,
    "carbs" : 0.0,
    "sodium" : 0.0,
    "protein" : 0.0
  },
  "logDate" : "2017-12-11",
  "favorite" : false
},{
  "logId" : 12784595781,
  "loggedFood" : {
    "foodId" : 0,
    "name" : "Breakfast Summary",
    "brand" : "MyFitnessPal",
    "accessLevel" : "PRIVATE",
    "units" : [201],
    "calories" : 140,
    "amount" : 1.0,
    "unit" : {
      "id" : 201,
      "name" : "meal",
      "plural" : "meals"
    },
    "mealTypeId" : 1
  },
  "nutritionalValues" : {
    "calories" : 140,
    "fat" : 7.0,
    "fiber" : 2.0,
    "carbs" : 17.0,
    "sodium" : 0.0,
    "protein" : 2.0
  },
  "logDate" : "2017-12-04",
  "favorite" : false
},{
  "logId" : 12741368146,
  "loggedFood" : {
    "foodId" : 0,
    "name" : "Snacks Summary",
    "brand" : "MyFitnessPal",
    "accessLevel" : "PRIVATE",
    "units" : [201],
    "calories" : 220,
    "amount" : 1.0,
    "unit" : {
      "id" : 201,
      "name" : "meal",
      "plural" : "meals"
    },
    "mealTypeId" : 7
  },
  "nutritionalValues" : {
    "calories" : 220,
    "fat" : 18.0,
    "fiber" : 3.0,
    "carbs" : 6.0,
    "sodium" : 0.0,
    "protein" : 9.0
  },
  "logDate" : "2017-11-28",
  "favorite" : false
},{
  "logId" : 12735567967,
  "loggedFood" : {
    "foodId" : 0,
    "name" : "Snacks Summary",
    "brand" : "MyFitnessPal",
    "accessLevel" : "PRIVATE",
    "units" : [201],
    "calories" : 200,
    "amount" : 1.0,
    "unit" : {
      "id" : 201,
      "name" : "meal",
      "plural" : "meals"
    },
    "mealTypeId" : 7
  },
  "nutritionalValues" : {
    "calories" : 200,
    "fat" : 14.0,
    "fiber" : 3.0,
    "carbs" : 15.0,
    "sodium" : 0.0,
    "protein" : 4.0
  },
  "logDate" : "2017-11-27",
  "favorite" : false
},{
  "logId" : 12733633052,
  "loggedFood" : {
    "foodId" : 0,
    "name" : "Breakfast Summary",
    "brand" : "MyFitnessPal",
    "accessLevel" : "PRIVATE",
    "units" : [201],
    "calories" : 595,
    "amount" : 1.0,
    "unit" : {
      "id" : 201,
      "name" : "meal",
      "plural" : "meals"
    },
    "mealTypeId" : 1
  },
  "nutritionalValues" : {
    "calories" : 595,
    "fat" : 23.0,
    "fiber" : 4.0,
    "carbs" : 87.0,
    "sodium" : 1260.0,
    "protein" : 14.0
  },
  "logDate" : "2017-11-27",
  "favorite" : false
},{
  "logId" : 12669459768,
  "loggedFood" : {
    "foodId" : 0,
    "name" : "Breakfast Summary",
    "brand" : "MyFitnessPal",
    "accessLevel" : "PRIVATE",
    "units" : [201],
    "calories" : 60,
    "amount" : 1.0,
    "unit" : {
      "id" : 201,
      "name" : "meal",
      "plural" : "meals"
    },
    "mealTypeId" : 1
  },
  "nutritionalValues" : {
    "calories" : 60,
    "fat" : 0.0,
    "fiber" : 0.0,
    "carbs" : 18.0,
    "sodium" : 20.0,
    "protein" : 0.0
  },
  "logDate" : "2017-11-17",
  "favorite" : false
},{
  "logId" : 12650653204,
  "loggedFood" : {
    "foodId" : 0,
    "name" : "Breakfast Summary",
    "brand" : "MyFitnessPal",
    "accessLevel" : "PRIVATE",
    "units" : [201],
    "calories" : 0,
    "amount" : 1.0,
    "unit" : {
      "id" : 201,
      "name" : "meal",
      "plural" : "meals"
    },
    "mealTypeId" : 1
  },
  "nutritionalValues" : {
    "calories" : 0,
    "fat" : 0.0,
    "fiber" : 0.0,
    "carbs" : 0.0,
    "sodium" : 0.0,
    "protein" : 0.0
  },
  "logDate" : "2017-11-15",
  "favorite" : false
},{
  "logId" : 12641493618,
  "loggedFood" : {
    "foodId" : 0,
    "name" : "Breakfast Summary",
    "brand" : "MyFitnessPal",
    "accessLevel" : "PRIVATE",
    "units" : [201],
    "calories" : 0,
    "amount" : 1.0,
    "unit" : {
      "id" : 201,
      "name" : "meal",
      "plural" : "meals"
    },
    "mealTypeId" : 1
  },
  "nutritionalValues" : {
    "calories" : 0,
    "fat" : 0.0,
    "fiber" : 0.0,
    "carbs" : 0.0,
    "sodium" : 0.0,
    "protein" : 0.0
  },
  "logDate" : "2017-11-14",
  "favorite" : false
},{
  "logId" : 12599735163,
  "loggedFood" : {
    "foodId" : 0,
    "name" : "Snacks Summary",
    "brand" : "MyFitnessPal",
    "accessLevel" : "PRIVATE",
    "units" : [201],
    "calories" : 345,
    "amount" : 1.0,
    "unit" : {
      "id" : 201,
      "name" : "meal",
      "plural" : "meals"
    },
    "mealTypeId" : 7
  },
  "nutritionalValues" : {
    "calories" : 345,
    "fat" : 14.0,
    "fiber" : 10.0,
    "carbs" : 32.0,
    "sodium" : 241.0,
    "protein" : 20.0
  },
  "logDate" : "2017-11-08",
  "favorite" : false
},{
  "logId" : 12596506680,
  "loggedFood" : {
    "foodId" : 0,
    "name" : "Breakfast Summary",
    "brand" : "MyFitnessPal",
    "accessLevel" : "PRIVATE",
    "units" : [201],
    "calories" : 125,
    "amount" : 1.0,
    "unit" : {
      "id" : 201,
      "name" : "meal",
      "plural" : "meals"
    },
    "mealTypeId" : 1
  },
  "nutritionalValues" : {
    "calories" : 125,
    "fat" : 14.0,
    "fiber" : 0.0,
    "carbs" : 0.0,
    "sodium" : 0.0,
    "protein" : 0.0
  },
  "logDate" : "2017-11-08",
  "favorite" : false
},{
  "logId" : 12575576745,
  "loggedFood" : {
    "foodId" : 0,
    "name" : "Breakfast Summary",
    "brand" : "MyFitnessPal",
    "accessLevel" : "PRIVATE",
    "units" : [201],
    "calories" : 0,
    "amount" : 1.0,
    "unit" : {
      "id" : 201,
      "name" : "meal",
      "plural" : "meals"
    },
    "mealTypeId" : 1
  },
  "nutritionalValues" : {
    "calories" : 0,
    "fat" : 0.0,
    "fiber" : 0.0,
    "carbs" : 0.0,
    "sodium" : 0.0,
    "protein" : 0.0
  },
  "logDate" : "2017-11-06",
  "favorite" : false
},{
  "logId" : 12494065637,
  "loggedFood" : {
    "foodId" : 0,
    "name" : "Breakfast Summary",
    "brand" : "MyFitnessPal",
    "accessLevel" : "PRIVATE",
    "units" : [201],
    "calories" : 713,
    "amount" : 1.0,
    "unit" : {
      "id" : 201,
      "name" : "meal",
      "plural" : "meals"
    },
    "mealTypeId" : 1
  },
  "nutritionalValues" : {
    "calories" : 713,
    "fat" : 24.0,
    "fiber" : 23.0,
    "carbs" : 79.0,
    "sodium" : 840.0,
    "protein" : 38.0
  },
  "logDate" : "2017-10-26",
  "favorite" : false
},{
  "logId" : 12466297465,
  "loggedFood" : {
    "foodId" : 0,
    "name" : "Breakfast Summary",
    "brand" : "MyFitnessPal",
    "accessLevel" : "PRIVATE",
    "units" : [201],
    "calories" : 125,
    "amount" : 1.0,
    "unit" : {
      "id" : 201,
      "name" : "meal",
      "plural" : "meals"
    },
    "mealTypeId" : 1
  },
  "nutritionalValues" : {
    "calories" : 125,
    "fat" : 14.0,
    "fiber" : 0.0,
    "carbs" : 0.0,
    "sodium" : 0.0,
    "protein" : 0.0
  },
  "logDate" : "2017-10-23",
  "favorite" : false
},{
  "logId" : 12453193810,
  "loggedFood" : {
    "foodId" : 0,
    "name" : "Breakfast Summary",
    "brand" : "MyFitnessPal",
    "accessLevel" : "PRIVATE",
    "units" : [201],
    "calories" : 340,
    "amount" : 1.0,
    "unit" : {
      "id" : 201,
      "name" : "meal",
      "plural" : "meals"
    },
    "mealTypeId" : 1
  },
  "nutritionalValues" : {
    "calories" : 340,
    "fat" : 8.0,
    "fiber" : 2.0,
    "carbs" : 58.0,
    "sodium" : 560.0,
    "protein" : 11.0
  },
  "logDate" : "2017-10-21",
  "favorite" : false
},{
  "logId" : 12324294343,
  "loggedFood" : {
    "foodId" : 0,
    "name" : "Snacks Summary",
    "brand" : "MyFitnessPal",
    "accessLevel" : "PRIVATE",
    "units" : [201],
    "calories" : 192,
    "amount" : 1.0,
    "unit" : {
      "id" : 201,
      "name" : "meal",
      "plural" : "meals"
    },
    "mealTypeId" : 7
  },
  "nutritionalValues" : {
    "calories" : 192,
    "fat" : 10.0,
    "fiber" : 2.0,
    "carbs" : 16.0,
    "sodium" : 230.0,
    "protein" : 7.0
  },
  "logDate" : "2017-10-05",
  "favorite" : false
},{
  "logId" : 12169343748,
  "loggedFood" : {
    "foodId" : 0,
    "name" : "Breakfast Summary",
    "brand" : "MyFitnessPal",
    "accessLevel" : "PRIVATE",
    "units" : [201],
    "calories" : 170,
    "amount" : 1.0,
    "unit" : {
      "id" : 201,
      "name" : "meal",
      "plural" : "meals"
    },
    "mealTypeId" : 1
  },
  "nutritionalValues" : {
    "calories" : 170,
    "fat" : 0.0,
    "fiber" : 0.0,
    "carbs" : 25.0,
    "sodium" : 190.0,
    "protein" : 16.0
  },
  "logDate" : "2017-09-17",
  "favorite" : false
},{
  "logId" : 12123973942,
  "loggedFood" : {
    "foodId" : 0,
    "name" : "Snacks Summary",
    "brand" : "MyFitnessPal",
    "accessLevel" : "PRIVATE",
    "units" : [201],
    "calories" : 5,
    "amount" : 1.0,
    "unit" : {
      "id" : 201,
      "name" : "meal",
      "plural" : "meals"
    },
    "mealTypeId" : 7
  },
  "nutritionalValues" : {
    "calories" : 5,
    "fat" : 0.0,
    "fiber" : 0.0,
    "carbs" : 2.0,
    "sodium" : 230.0,
    "protein" : 0.0
  },
  "logDate" : "2017-09-12",
  "favorite" : false
},{
  "logId" : 12124247627,
  "loggedFood" : {
    "foodId" : 0,
    "name" : "Breakfast Summary",
    "brand" : "MyFitnessPal",
    "accessLevel" : "PRIVATE",
    "units" : [201],
    "calories" : 70,
    "amount" : 1.0,
    "unit" : {
      "id" : 201,
      "name" : "meal",
      "plural" : "meals"
    },
    "mealTypeId" : 1
  },
  "nutritionalValues" : {
    "calories" : 70,
    "fat" : 7.0,
    "fiber" : 0.0,
    "carbs" : 1.0,
    "sodium" : 0.0,
    "protein" : 0.0
  },
  "logDate" : "2017-09-12",
  "favorite" : false
},{
  "logId" : 12115238178,
  "loggedFood" : {
    "foodId" : 0,
    "name" : "Breakfast Summary",
    "brand" : "MyFitnessPal",
    "accessLevel" : "PRIVATE",
    "units" : [201],
    "calories" : 70,
    "amount" : 1.0,
    "unit" : {
      "id" : 201,
      "name" : "meal",
      "plural" : "meals"
    },
    "mealTypeId" : 1
  },
  "nutritionalValues" : {
    "calories" : 70,
    "fat" : 7.0,
    "fiber" : 0.0,
    "carbs" : 1.0,
    "sodium" : 0.0,
    "protein" : 0.0
  },
  "logDate" : "2017-09-11",
  "favorite" : false
},{
  "logId" : 12014204836,
  "loggedFood" : {
    "foodId" : 0,
    "name" : "Breakfast Summary",
    "brand" : "MyFitnessPal",
    "accessLevel" : "PRIVATE",
    "units" : [201],
    "calories" : 90,
    "amount" : 1.0,
    "unit" : {
      "id" : 201,
      "name" : "meal",
      "plural" : "meals"
    },
    "mealTypeId" : 1
  },
  "nutritionalValues" : {
    "calories" : 90,
    "fat" : 3.0,
    "fiber" : 0.0,
    "carbs" : 8.0,
    "sodium" : 2000.0,
    "protein" : 7.0
  },
  "logDate" : "2017-08-30",
  "favorite" : false
},{
  "logId" : 11941932720,
  "loggedFood" : {
    "foodId" : 0,
    "name" : "Snacks Summary",
    "brand" : "MyFitnessPal",
    "accessLevel" : "PRIVATE",
    "units" : [201],
    "calories" : 130,
    "amount" : 1.0,
    "unit" : {
      "id" : 201,
      "name" : "meal",
      "plural" : "meals"
    },
    "mealTypeId" : 7
  },
  "nutritionalValues" : {
    "calories" : 130,
    "fat" : 5.0,
    "fiber" : 2.0,
    "carbs" : 19.0,
    "sodium" : 105.0,
    "protein" : 2.0
  },
  "logDate" : "2017-08-22",
  "favorite" : false
},{
  "logId" : 11942478445,
  "loggedFood" : {
    "foodId" : 0,
    "name" : "Lunch Summary",
    "brand" : "MyFitnessPal",
    "accessLevel" : "PRIVATE",
    "units" : [201],
    "calories" : 380,
    "amount" : 1.0,
    "unit" : {
      "id" : 201,
      "name" : "meal",
      "plural" : "meals"
    },
    "mealTypeId" : 3
  },
  "nutritionalValues" : {
    "calories" : 380,
    "fat" : 12.0,
    "fiber" : 3.0,
    "carbs" : 52.0,
    "sodium" : 1135.0,
    "protein" : 21.0
  },
  "logDate" : "2017-08-22",
  "favorite" : false
},{
  "logId" : 11908804678,
  "loggedFood" : {
    "foodId" : 0,
    "name" : "Lunch Summary",
    "brand" : "MyFitnessPal",
    "accessLevel" : "PRIVATE",
    "units" : [201],
    "calories" : 410,
    "amount" : 1.0,
    "unit" : {
      "id" : 201,
      "name" : "meal",
      "plural" : "meals"
    },
    "mealTypeId" : 3
  },
  "nutritionalValues" : {
    "calories" : 410,
    "fat" : 16.0,
    "fiber" : 2.0,
    "carbs" : 43.0,
    "sodium" : 1115.0,
    "protein" : 26.0
  },
  "logDate" : "2017-08-18",
  "favorite" : false
},{
  "logId" : 11901799883,
  "loggedFood" : {
    "foodId" : 0,
    "name" : "Lunch Summary",
    "brand" : "MyFitnessPal",
    "accessLevel" : "PRIVATE",
    "units" : [201],
    "calories" : 477,
    "amount" : 1.0,
    "unit" : {
      "id" : 201,
      "name" : "meal",
      "plural" : "meals"
    },
    "mealTypeId" : 3
  },
  "nutritionalValues" : {
    "calories" : 477,
    "fat" : 12.0,
    "fiber" : 6.0,
    "carbs" : 77.0,
    "sodium" : 1135.0,
    "protein" : 23.0
  },
  "logDate" : "2017-08-17",
  "favorite" : false
},{
  "logId" : 11899219738,
  "loggedFood" : {
    "foodId" : 0,
    "name" : "Breakfast Summary",
    "brand" : "MyFitnessPal",
    "accessLevel" : "PRIVATE",
    "units" : [201],
    "calories" : 130,
    "amount" : 1.0,
    "unit" : {
      "id" : 201,
      "name" : "meal",
      "plural" : "meals"
    },
    "mealTypeId" : 1
  },
  "nutritionalValues" : {
    "calories" : 130,
    "fat" : 14.0,
    "fiber" : 0.0,
    "carbs" : 0.0,
    "sodium" : 9.0,
    "protein" : 1.0
  },
  "logDate" : "2017-08-17",
  "favorite" : false
},{
  "logId" : 11893639971,
  "loggedFood" : {
    "foodId" : 0,
    "name" : "Lunch Summary",
    "brand" : "MyFitnessPal",
    "accessLevel" : "PRIVATE",
    "units" : [201],
    "calories" : 838,
    "amount" : 1.0,
    "unit" : {
      "id" : 201,
      "name" : "meal",
      "plural" : "meals"
    },
    "mealTypeId" : 3
  },
  "nutritionalValues" : {
    "calories" : 838,
    "fat" : 54.0,
    "fiber" : 9.0,
    "carbs" : 58.0,
    "sodium" : 1573.0,
    "protein" : 32.0
  },
  "logDate" : "2017-08-16",
  "favorite" : false
},{
  "logId" : 11893550786,
  "loggedFood" : {
    "foodId" : 0,
    "name" : "Breakfast Summary",
    "brand" : "MyFitnessPal",
    "accessLevel" : "PRIVATE",
    "units" : [201],
    "calories" : 434,
    "amount" : 1.0,
    "unit" : {
      "id" : 201,
      "name" : "meal",
      "plural" : "meals"
    },
    "mealTypeId" : 1
  },
  "nutritionalValues" : {
    "calories" : 434,
    "fat" : 28.0,
    "fiber" : 10.0,
    "carbs" : 24.0,
    "sodium" : 317.0,
    "protein" : 19.0
  },
  "logDate" : "2017-08-16",
  "favorite" : false
},{
  "logId" : 11878999926,
  "loggedFood" : {
    "foodId" : 0,
    "name" : "Breakfast Summary",
    "brand" : "MyFitnessPal",
    "accessLevel" : "PRIVATE",
    "units" : [201],
    "calories" : 451,
    "amount" : 1.0,
    "unit" : {
      "id" : 201,
      "name" : "meal",
      "plural" : "meals"
    },
    "mealTypeId" : 1
  },
  "nutritionalValues" : {
    "calories" : 451,
    "fat" : 17.0,
    "fiber" : 12.0,
    "carbs" : 40.0,
    "sodium" : 522.0,
    "protein" : 25.0
  },
  "logDate" : "2017-08-15",
  "favorite" : false
},{
  "logId" : 11853838715,
  "loggedFood" : {
    "foodId" : 0,
    "name" : "Breakfast Summary",
    "brand" : "MyFitnessPal",
    "accessLevel" : "PRIVATE",
    "units" : [201],
    "calories" : 170,
    "amount" : 1.0,
    "unit" : {
      "id" : 201,
      "name" : "meal",
      "plural" : "meals"
    },
    "mealTypeId" : 1
  },
  "nutritionalValues" : {
    "calories" : 170,
    "fat" : 0.0,
    "fiber" : 0.0,
    "carbs" : 25.0,
    "sodium" : 190.0,
    "protein" : 16.0
  },
  "logDate" : "2017-08-12",
  "favorite" : false
},{
  "logId" : 11766855167,
  "loggedFood" : {
    "foodId" : 0,
    "name" : "Snacks Summary",
    "brand" : "MyFitnessPal",
    "accessLevel" : "PRIVATE",
    "units" : [201],
    "calories" : 185,
    "amount" : 1.0,
    "unit" : {
      "id" : 201,
      "name" : "meal",
      "plural" : "meals"
    },
    "mealTypeId" : 7
  },
  "nutritionalValues" : {
    "calories" : 185,
    "fat" : 10.0,
    "fiber" : 3.0,
    "carbs" : 18.0,
    "sodium" : 430.0,
    "protein" : 6.0
  },
  "logDate" : "2017-08-02",
  "favorite" : false
},{
  "logId" : 11763864375,
  "loggedFood" : {
    "foodId" : 0,
    "name" : "Lunch Summary",
    "brand" : "MyFitnessPal",
    "accessLevel" : "PRIVATE",
    "units" : [201],
    "calories" : 486,
    "amount" : 1.0,
    "unit" : {
      "id" : 201,
      "name" : "meal",
      "plural" : "meals"
    },
    "mealTypeId" : 3
  },
  "nutritionalValues" : {
    "calories" : 486,
    "fat" : 13.0,
    "fiber" : 2.0,
    "carbs" : 55.0,
    "sodium" : 823.0,
    "protein" : 39.0
  },
  "logDate" : "2017-08-02",
  "favorite" : false
},{
  "logId" : 11760792352,
  "loggedFood" : {
    "foodId" : 0,
    "name" : "Breakfast Summary",
    "brand" : "MyFitnessPal",
    "accessLevel" : "PRIVATE",
    "units" : [201],
    "calories" : 225,
    "amount" : 1.0,
    "unit" : {
      "id" : 201,
      "name" : "meal",
      "plural" : "meals"
    },
    "mealTypeId" : 1
  },
  "nutritionalValues" : {
    "calories" : 225,
    "fat" : 25.0,
    "fiber" : 0.0,
    "carbs" : 0.0,
    "sodium" : 100.0,
    "protein" : 0.0
  },
  "logDate" : "2017-08-02",
  "favorite" : false
},{
  "logId" : 11546564658,
  "loggedFood" : {
    "foodId" : 0,
    "name" : "Snacks Summary",
    "brand" : "MyFitnessPal",
    "accessLevel" : "PRIVATE",
    "units" : [201],
    "calories" : 350,
    "amount" : 1.0,
    "unit" : {
      "id" : 201,
      "name" : "meal",
      "plural" : "meals"
    },
    "mealTypeId" : 7
  },
  "nutritionalValues" : {
    "calories" : 350,
    "fat" : 19.0,
    "fiber" : 7.0,
    "carbs" : 36.0,
    "sodium" : 0.0,
    "protein" : 9.0
  },
  "logDate" : "2017-07-11",
  "favorite" : false
},{
  "logId" : 11544524405,
  "loggedFood" : {
    "foodId" : 0,
    "name" : "Breakfast Summary",
    "brand" : "MyFitnessPal",
    "accessLevel" : "PRIVATE",
    "units" : [201],
    "calories" : 196,
    "amount" : 1.0,
    "unit" : {
      "id" : 201,
      "name" : "meal",
      "plural" : "meals"
    },
    "mealTypeId" : 1
  },
  "nutritionalValues" : {
    "calories" : 196,
    "fat" : 20.0,
    "fiber" : 0.0,
    "carbs" : 6.0,
    "sodium" : 380.0,
    "protein" : 0.0
  },
  "logDate" : "2017-07-11",
  "favorite" : false
},{
  "logId" : 11413030956,
  "loggedFood" : {
    "foodId" : 0,
    "name" : "Snacks Summary",
    "brand" : "MyFitnessPal",
    "accessLevel" : "PRIVATE",
    "units" : [201],
    "calories" : 190,
    "amount" : 1.0,
    "unit" : {
      "id" : 201,
      "name" : "meal",
      "plural" : "meals"
    },
    "mealTypeId" : 7
  },
  "nutritionalValues" : {
    "calories" : 190,
    "fat" : 9.0,
    "fiber" : 0.0,
    "carbs" : 20.0,
    "sodium" : 18.0,
    "protein" : 6.0
  },
  "logDate" : "2017-06-22",
  "favorite" : false
},{
  "logId" : 11371304576,
  "loggedFood" : {
    "foodId" : 0,
    "name" : "Lunch Summary",
    "brand" : "MyFitnessPal",
    "accessLevel" : "PRIVATE",
    "units" : [201],
    "calories" : 300,
    "amount" : 1.0,
    "unit" : {
      "id" : 201,
      "name" : "meal",
      "plural" : "meals"
    },
    "mealTypeId" : 3
  },
  "nutritionalValues" : {
    "calories" : 300,
    "fat" : 8.0,
    "fiber" : 3.0,
    "carbs" : 44.0,
    "sodium" : 610.0,
    "protein" : 12.0
  },
  "logDate" : "2017-06-22",
  "favorite" : false
},{
  "logId" : 11370331490,
  "loggedFood" : {
    "foodId" : 0,
    "name" : "Breakfast Summary",
    "brand" : "MyFitnessPal",
    "accessLevel" : "PRIVATE",
    "units" : [201],
    "calories" : 118,
    "amount" : 1.0,
    "unit" : {
      "id" : 201,
      "name" : "meal",
      "plural" : "meals"
    },
    "mealTypeId" : 1
  },
  "nutritionalValues" : {
    "calories" : 118,
    "fat" : 1.0,
    "fiber" : 3.0,
    "carbs" : 27.0,
    "sodium" : 228.0,
    "protein" : 2.0
  },
  "logDate" : "2017-06-22",
  "favorite" : false
},{
  "logId" : 11344815397,
  "loggedFood" : {
    "foodId" : 0,
    "name" : "Breakfast Summary",
    "brand" : "MyFitnessPal",
    "accessLevel" : "PRIVATE",
    "units" : [201],
    "calories" : 70,
    "amount" : 1.0,
    "unit" : {
      "id" : 201,
      "name" : "meal",
      "plural" : "meals"
    },
    "mealTypeId" : 1
  },
  "nutritionalValues" : {
    "calories" : 70,
    "fat" : 7.0,
    "fiber" : 0.0,
    "carbs" : 1.0,
    "sodium" : 0.0,
    "protein" : 0.0
  },
  "logDate" : "2017-06-20",
  "favorite" : false
},{
  "logId" : 11312963300,
  "loggedFood" : {
    "foodId" : 0,
    "name" : "Snacks Summary",
    "brand" : "MyFitnessPal",
    "accessLevel" : "PRIVATE",
    "units" : [201],
    "calories" : 165,
    "amount" : 1.0,
    "unit" : {
      "id" : 201,
      "name" : "meal",
      "plural" : "meals"
    },
    "mealTypeId" : 7
  },
  "nutritionalValues" : {
    "calories" : 165,
    "fat" : 0.0,
    "fiber" : 0.0,
    "carbs" : 0.0,
    "sodium" : 0.0,
    "protein" : 0.0
  },
  "logDate" : "2017-06-16",
  "favorite" : false
},{
  "logId" : 11308925901,
  "loggedFood" : {
    "foodId" : 0,
    "name" : "Breakfast Summary",
    "brand" : "MyFitnessPal",
    "accessLevel" : "PRIVATE",
    "units" : [201],
    "calories" : 340,
    "amount" : 1.0,
    "unit" : {
      "id" : 201,
      "name" : "meal",
      "plural" : "meals"
    },
    "mealTypeId" : 1
  },
  "nutritionalValues" : {
    "calories" : 340,
    "fat" : 8.0,
    "fiber" : 2.0,
    "carbs" : 58.0,
    "sodium" : 560.0,
    "protein" : 11.0
  },
  "logDate" : "2017-06-16",
  "favorite" : false
},{
  "logId" : 11287304076,
  "loggedFood" : {
    "foodId" : 0,
    "name" : "Breakfast Summary",
    "brand" : "MyFitnessPal",
    "accessLevel" : "PRIVATE",
    "units" : [201],
    "calories" : 7,
    "amount" : 1.0,
    "unit" : {
      "id" : 201,
      "name" : "meal",
      "plural" : "meals"
    },
    "mealTypeId" : 1
  },
  "nutritionalValues" : {
    "calories" : 7,
    "fat" : 0.0,
    "fiber" : 0.0,
    "carbs" : 2.0,
    "sodium" : 247.0,
    "protein" : 0.0
  },
  "logDate" : "2017-06-14",
  "favorite" : false
},{
  "logId" : 11277954900,
  "loggedFood" : {
    "foodId" : 0,
    "name" : "Lunch Summary",
    "brand" : "MyFitnessPal",
    "accessLevel" : "PRIVATE",
    "units" : [201],
    "calories" : 567,
    "amount" : 1.0,
    "unit" : {
      "id" : 201,
      "name" : "meal",
      "plural" : "meals"
    },
    "mealTypeId" : 3
  },
  "nutritionalValues" : {
    "calories" : 567,
    "fat" : 22.0,
    "fiber" : 2.0,
    "carbs" : 45.0,
    "sodium" : 502.0,
    "protein" : 33.0
  },
  "logDate" : "2017-06-13",
  "favorite" : false
},{
  "logId" : 11223476093,
  "loggedFood" : {
    "foodId" : 0,
    "name" : "Dinner Summary",
    "brand" : "MyFitnessPal",
    "accessLevel" : "PRIVATE",
    "units" : [201],
    "calories" : 265,
    "amount" : 1.0,
    "unit" : {
      "id" : 201,
      "name" : "meal",
      "plural" : "meals"
    },
    "mealTypeId" : 5
  },
  "nutritionalValues" : {
    "calories" : 265,
    "fat" : 21.0,
    "fiber" : 2.0,
    "carbs" : 7.0,
    "sodium" : 747.0,
    "protein" : 12.0
  },
  "logDate" : "2017-06-07",
  "favorite" : false
}]