[{
  "logId" : 171840324,
  "loggedFood" : {
    "foodId" : 0,
    "name" : "Clean Energizer Smoothie, Milk",
    "brand" : "Lose It!",
    "accessLevel" : "PRIVATE",
    "units" : [201],
    "calories" : 530,
    "amount" : 1.0,
    "unit" : {
      "id" : 201,
      "name" : "meal",
      "plural" : "meals"
    },
    "mealTypeId" : 1
  },
  "nutritionalValues" : {
    "calories" : 530,
    "fat" : 38.4,
    "fiber" : 4.6,
    "carbs" : 42.2,
    "sodium" : 325.0,
    "protein" : 9.9
  },
  "logDate" : "2013-03-19",
  "favorite" : false
},{
  "logId" : 170776934,
  "loggedFood" : {
    "foodId" : 0,
    "name" : "Clean Mango Smoothie, Milk",
    "brand" : "Lose It!",
    "accessLevel" : "PRIVATE",
    "units" : [201],
    "calories" : 395,
    "amount" : 1.0,
    "unit" : {
      "id" : 201,
      "name" : "meal",
      "plural" : "meals"
    },
    "mealTypeId" : 1
  },
  "nutritionalValues" : {
    "calories" : 395,
    "fat" : 10.6,
    "fiber" : 0.7,
    "carbs" : 34.1,
    "sodium" : 97.0,
    "protein" : 2.2
  },
  "logDate" : "2013-03-18",
  "favorite" : false
},{
  "logId" : 168560883,
  "loggedFood" : {
    "foodId" : 0,
    "name" : "Clean Energizer Smoothie, Milk",
    "brand" : "Lose It!",
    "accessLevel" : "PRIVATE",
    "units" : [201],
    "calories" : 530,
    "amount" : 1.0,
    "unit" : {
      "id" : 201,
      "name" : "meal",
      "plural" : "meals"
    },
    "mealTypeId" : 1
  },
  "nutritionalValues" : {
    "calories" : 530,
    "fat" : 38.4,
    "fiber" : 4.6,
    "carbs" : 42.2,
    "sodium" : 325.0,
    "protein" : 9.9
  },
  "logDate" : "2013-03-15",
  "favorite" : false
},{
  "logId" : 167619567,
  "loggedFood" : {
    "foodId" : 0,
    "name" : "Almond Milk, Clean Blueberry Cacao Smoothie",
    "brand" : "Lose It!",
    "accessLevel" : "PRIVATE",
    "units" : [201],
    "calories" : 296,
    "amount" : 1.0,
    "unit" : {
      "id" : 201,
      "name" : "meal",
      "plural" : "meals"
    },
    "mealTypeId" : 1
  },
  "nutritionalValues" : {
    "calories" : 296,
    "fat" : 5.6,
    "fiber" : 7.6,
    "carbs" : 49.1,
    "sodium" : 333.2,
    "protein" : 3.6
  },
  "logDate" : "2013-03-14",
  "favorite" : false
},{
  "logId" : 166955114,
  "loggedFood" : {
    "foodId" : 0,
    "name" : "Garbage Trail Mix, Coffee",
    "brand" : "Lose It!",
    "accessLevel" : "PRIVATE",
    "units" : [201],
    "calories" : 213,
    "amount" : 1.0,
    "unit" : {
      "id" : 201,
      "name" : "meal",
      "plural" : "meals"
    },
    "mealTypeId" : 7
  },
  "nutritionalValues" : {
    "calories" : 213,
    "fat" : 12.2,
    "fiber" : 4.0,
    "carbs" : 22.6,
    "sodium" : 89.5,
    "protein" : 4.6
  },
  "logDate" : "2013-03-13",
  "favorite" : false
},{
  "logId" : 166945613,
  "loggedFood" : {
    "foodId" : 0,
    "name" : "Fish, Milk, Salad, Oil, Asian Dipping Sauce, Cranberries, Onion, Nuts",
    "brand" : "Lose It!",
    "accessLevel" : "PRIVATE",
    "units" : [201],
    "calories" : 450,
    "amount" : 1.0,
    "unit" : {
      "id" : 201,
      "name" : "meal",
      "plural" : "meals"
    },
    "mealTypeId" : 3
  },
  "nutritionalValues" : {
    "calories" : 450,
    "fat" : 20.3,
    "fiber" : 2.0,
    "carbs" : 11.1,
    "sodium" : 321.5,
    "protein" : 52.8
  },
  "logDate" : "2013-03-13",
  "favorite" : false
},{
  "logId" : 166944037,
  "loggedFood" : {
    "foodId" : 0,
    "name" : "Clean Energizer Smoothie, Milk, Coffee",
    "brand" : "Lose It!",
    "accessLevel" : "PRIVATE",
    "units" : [201],
    "calories" : 533,
    "amount" : 1.0,
    "unit" : {
      "id" : 201,
      "name" : "meal",
      "plural" : "meals"
    },
    "mealTypeId" : 1
  },
  "nutritionalValues" : {
    "calories" : 533,
    "fat" : 38.5,
    "fiber" : 4.6,
    "carbs" : 42.2,
    "sodium" : 330.3,
    "protein" : 10.2
  },
  "logDate" : "2013-03-13",
  "favorite" : false
},{
  "logId" : 165885830,
  "loggedFood" : {
    "foodId" : 0,
    "name" : "Prunes, Fruit",
    "brand" : "Lose It!",
    "accessLevel" : "PRIVATE",
    "units" : [201],
    "calories" : 126,
    "amount" : 1.0,
    "unit" : {
      "id" : 201,
      "name" : "meal",
      "plural" : "meals"
    },
    "mealTypeId" : 7
  },
  "nutritionalValues" : {
    "calories" : 126,
    "fat" : 2.2,
    "fiber" : 2.7,
    "carbs" : 28.8,
    "sodium" : 0.8,
    "protein" : 1.0
  },
  "logDate" : "2013-03-12",
  "favorite" : false
},{
  "logId" : 166185402,
  "loggedFood" : {
    "foodId" : 0,
    "name" : "Clean Raspberry",
    "brand" : "Lose It!",
    "accessLevel" : "PRIVATE",
    "units" : [201],
    "calories" : 493,
    "amount" : 1.0,
    "unit" : {
      "id" : 201,
      "name" : "meal",
      "plural" : "meals"
    },
    "mealTypeId" : 5
  },
  "nutritionalValues" : {
    "calories" : 493,
    "fat" : 14.9,
    "fiber" : 22.1,
    "carbs" : 84.3,
    "sodium" : 49.0,
    "protein" : 6.7
  },
  "logDate" : "2013-03-12",
  "favorite" : false
},{
  "logId" : 165885829,
  "loggedFood" : {
    "foodId" : 0,
    "name" : "Fish, Oil, Nuts, Cranberries, Milk",
    "brand" : "Lose It!",
    "accessLevel" : "PRIVATE",
    "units" : [201],
    "calories" : 538,
    "amount" : 1.0,
    "unit" : {
      "id" : 201,
      "name" : "meal",
      "plural" : "meals"
    },
    "mealTypeId" : 3
  },
  "nutritionalValues" : {
    "calories" : 538,
    "fat" : 39.4,
    "fiber" : 2.6,
    "carbs" : 11.3,
    "sodium" : 160.4,
    "protein" : 36.8
  },
  "logDate" : "2013-03-12",
  "favorite" : false
},{
  "logId" : 165876745,
  "loggedFood" : {
    "foodId" : 0,
    "name" : "Clean Mango Smoothie, Milk",
    "brand" : "Lose It!",
    "accessLevel" : "PRIVATE",
    "units" : [201],
    "calories" : 395,
    "amount" : 1.0,
    "unit" : {
      "id" : 201,
      "name" : "meal",
      "plural" : "meals"
    },
    "mealTypeId" : 1
  },
  "nutritionalValues" : {
    "calories" : 395,
    "fat" : 10.6,
    "fiber" : 0.7,
    "carbs" : 34.1,
    "sodium" : 97.0,
    "protein" : 2.2
  },
  "logDate" : "2013-03-12",
  "favorite" : false
},{
  "logId" : 164721956,
  "loggedFood" : {
    "foodId" : 0,
    "name" : "Garbage Trail Mix",
    "brand" : "Lose It!",
    "accessLevel" : "PRIVATE",
    "units" : [201],
    "calories" : 211,
    "amount" : 1.0,
    "unit" : {
      "id" : 201,
      "name" : "meal",
      "plural" : "meals"
    },
    "mealTypeId" : 7
  },
  "nutritionalValues" : {
    "calories" : 211,
    "fat" : 12.1,
    "fiber" : 4.0,
    "carbs" : 22.6,
    "sodium" : 84.2,
    "protein" : 4.3
  },
  "logDate" : "2013-03-11",
  "favorite" : false
},{
  "logId" : 164800604,
  "loggedFood" : {
    "foodId" : 0,
    "name" : "Salad, Cheese, Pear, Fish, Nuts, Oil",
    "brand" : "Lose It!",
    "accessLevel" : "PRIVATE",
    "units" : [201],
    "calories" : 629,
    "amount" : 1.0,
    "unit" : {
      "id" : 201,
      "name" : "meal",
      "plural" : "meals"
    },
    "mealTypeId" : 3
  },
  "nutritionalValues" : {
    "calories" : 629,
    "fat" : 39.8,
    "fiber" : 4.1,
    "carbs" : 15.4,
    "sodium" : 670.1,
    "protein" : 53.1
  },
  "logDate" : "2013-03-11",
  "favorite" : false
},{
  "logId" : 164567398,
  "loggedFood" : {
    "foodId" : 0,
    "name" : "Clean Energizer Smoothie, Milk",
    "brand" : "Lose It!",
    "accessLevel" : "PRIVATE",
    "units" : [201],
    "calories" : 530,
    "amount" : 1.0,
    "unit" : {
      "id" : 201,
      "name" : "meal",
      "plural" : "meals"
    },
    "mealTypeId" : 1
  },
  "nutritionalValues" : {
    "calories" : 530,
    "fat" : 38.4,
    "fiber" : 4.6,
    "carbs" : 42.2,
    "sodium" : 325.0,
    "protein" : 9.9
  },
  "logDate" : "2013-03-11",
  "favorite" : false
},{
  "logId" : 163938030,
  "loggedFood" : {
    "foodId" : 0,
    "name" : "Garbage Trail Mix",
    "brand" : "Lose It!",
    "accessLevel" : "PRIVATE",
    "units" : [201],
    "calories" : 316,
    "amount" : 1.0,
    "unit" : {
      "id" : 201,
      "name" : "meal",
      "plural" : "meals"
    },
    "mealTypeId" : 7
  },
  "nutritionalValues" : {
    "calories" : 316,
    "fat" : 18.2,
    "fiber" : 6.0,
    "carbs" : 33.9,
    "sodium" : 126.5,
    "protein" : 6.5
  },
  "logDate" : "2013-03-10",
  "favorite" : false
},{
  "logId" : 163779972,
  "loggedFood" : {
    "foodId" : 0,
    "name" : "Blueberries, Raspberries, Agave, Coconut Milk, Avocado, Milk",
    "brand" : "Lose It!",
    "accessLevel" : "PRIVATE",
    "units" : [201],
    "calories" : 535,
    "amount" : 1.0,
    "unit" : {
      "id" : 201,
      "name" : "meal",
      "plural" : "meals"
    },
    "mealTypeId" : 1
  },
  "nutritionalValues" : {
    "calories" : 535,
    "fat" : 18.0,
    "fiber" : 19.6,
    "carbs" : 85.6,
    "sodium" : 100.5,
    "protein" : 7.3
  },
  "logDate" : "2013-03-10",
  "favorite" : false
},{
  "logId" : 162636384,
  "loggedFood" : {
    "foodId" : 0,
    "name" : "Garbage Trail Mix, English Vintage Cheddar",
    "brand" : "Lose It!",
    "accessLevel" : "PRIVATE",
    "units" : [201],
    "calories" : 550,
    "amount" : 1.0,
    "unit" : {
      "id" : 201,
      "name" : "meal",
      "plural" : "meals"
    },
    "mealTypeId" : 7
  },
  "nutritionalValues" : {
    "calories" : 550,
    "fat" : 38.2,
    "fiber" : 6.0,
    "carbs" : 34.1,
    "sodium" : 502.5,
    "protein" : 20.5
  },
  "logDate" : "2013-03-08",
  "favorite" : false
},{
  "logId" : 162638766,
  "loggedFood" : {
    "foodId" : 0,
    "name" : "Bread, Almond Butter HT Smooth, Honey",
    "brand" : "Lose It!",
    "accessLevel" : "PRIVATE",
    "units" : [201],
    "calories" : 351,
    "amount" : 1.0,
    "unit" : {
      "id" : 201,
      "name" : "meal",
      "plural" : "meals"
    },
    "mealTypeId" : 3
  },
  "nutritionalValues" : {
    "calories" : 351,
    "fat" : 13.0,
    "fiber" : 6.0,
    "carbs" : 53.3,
    "sodium" : 340.3,
    "protein" : 10.5
  },
  "logDate" : "2013-03-08",
  "favorite" : false
},{
  "logId" : 162638154,
  "loggedFood" : {
    "foodId" : 0,
    "name" : "Almond Butter HT Smooth, Raspberries, Agave",
    "brand" : "Lose It!",
    "accessLevel" : "PRIVATE",
    "units" : [201],
    "calories" : 520,
    "amount" : 1.0,
    "unit" : {
      "id" : 201,
      "name" : "meal",
      "plural" : "meals"
    },
    "mealTypeId" : 1
  },
  "nutritionalValues" : {
    "calories" : 520,
    "fat" : 32.0,
    "fiber" : 18.7,
    "carbs" : 51.3,
    "sodium" : 0.0,
    "protein" : 12.7
  },
  "logDate" : "2013-03-08",
  "favorite" : false
},{
  "logId" : 161275441,
  "loggedFood" : {
    "foodId" : 0,
    "name" : "Almond Butter, Peaches, Agave",
    "brand" : "Lose It!",
    "accessLevel" : "PRIVATE",
    "units" : [201],
    "calories" : 495,
    "amount" : 1.0,
    "unit" : {
      "id" : 201,
      "name" : "meal",
      "plural" : "meals"
    },
    "mealTypeId" : 1
  },
  "nutritionalValues" : {
    "calories" : 495,
    "fat" : 32.0,
    "fiber" : 11.0,
    "carbs" : 42.1,
    "sodium" : 0.0,
    "protein" : 15.5
  },
  "logDate" : "2013-03-07",
  "favorite" : false
},{
  "logId" : 160248330,
  "loggedFood" : {
    "foodId" : 0,
    "name" : "Milk, Whey Protein",
    "brand" : "Lose It!",
    "accessLevel" : "PRIVATE",
    "units" : [201],
    "calories" : 215,
    "amount" : 1.0,
    "unit" : {
      "id" : 201,
      "name" : "meal",
      "plural" : "meals"
    },
    "mealTypeId" : 1
  },
  "nutritionalValues" : {
    "calories" : 215,
    "fat" : 5.6,
    "fiber" : 1.2,
    "carbs" : 12.9,
    "sodium" : 299.8,
    "protein" : 28.2
  },
  "logDate" : "2013-03-06",
  "favorite" : false
},{
  "logId" : 158401669,
  "loggedFood" : {
    "foodId" : 0,
    "name" : "Candy",
    "brand" : "Lose It!",
    "accessLevel" : "PRIVATE",
    "units" : [201],
    "calories" : 112,
    "amount" : 1.0,
    "unit" : {
      "id" : 201,
      "name" : "meal",
      "plural" : "meals"
    },
    "mealTypeId" : 3
  },
  "nutritionalValues" : {
    "calories" : 112,
    "fat" : 0.0,
    "fiber" : 0.0,
    "carbs" : 28.8,
    "sodium" : 8.0,
    "protein" : 0.0
  },
  "logDate" : "2013-03-04",
  "favorite" : false
},{
  "logId" : 158404929,
  "loggedFood" : {
    "foodId" : 0,
    "name" : "Milk, Whey Protein",
    "brand" : "Lose It!",
    "accessLevel" : "PRIVATE",
    "units" : [201],
    "calories" : 230,
    "amount" : 1.0,
    "unit" : {
      "id" : 201,
      "name" : "meal",
      "plural" : "meals"
    },
    "mealTypeId" : 1
  },
  "nutritionalValues" : {
    "calories" : 230,
    "fat" : 6.2,
    "fiber" : 1.5,
    "carbs" : 14.8,
    "sodium" : 336.8,
    "protein" : 28.5
  },
  "logDate" : "2013-03-04",
  "favorite" : false
},{
  "logId" : 155749480,
  "loggedFood" : {
    "foodId" : 0,
    "name" : "Whey Protein, Milk",
    "brand" : "Lose It!",
    "accessLevel" : "PRIVATE",
    "units" : [201],
    "calories" : 215,
    "amount" : 1.0,
    "unit" : {
      "id" : 201,
      "name" : "meal",
      "plural" : "meals"
    },
    "mealTypeId" : 1
  },
  "nutritionalValues" : {
    "calories" : 215,
    "fat" : 5.6,
    "fiber" : 1.2,
    "carbs" : 12.9,
    "sodium" : 299.8,
    "protein" : 28.2
  },
  "logDate" : "2013-03-01",
  "favorite" : false
},{
  "logId" : 154772122,
  "loggedFood" : {
    "foodId" : 0,
    "name" : "Milk",
    "brand" : "Lose It!",
    "accessLevel" : "PRIVATE",
    "units" : [201],
    "calories" : 15,
    "amount" : 1.0,
    "unit" : {
      "id" : 201,
      "name" : "meal",
      "plural" : "meals"
    },
    "mealTypeId" : 1
  },
  "nutritionalValues" : {
    "calories" : 15,
    "fat" : 0.6,
    "fiber" : 0.2,
    "carbs" : 2.0,
    "sodium" : 37.0,
    "protein" : 0.2
  },
  "logDate" : "2013-02-28",
  "favorite" : false
},{
  "logId" : 153974546,
  "loggedFood" : {
    "foodId" : 0,
    "name" : "Fat Free Milk, Whey Protein",
    "brand" : "Lose It!",
    "accessLevel" : "PRIVATE",
    "units" : [201],
    "calories" : 180,
    "amount" : 1.0,
    "unit" : {
      "id" : 201,
      "name" : "meal",
      "plural" : "meals"
    },
    "mealTypeId" : 7
  },
  "nutritionalValues" : {
    "calories" : 180,
    "fat" : 2.5,
    "fiber" : 0.0,
    "carbs" : 9.0,
    "sodium" : 180.0,
    "protein" : 31.5
  },
  "logDate" : "2013-02-27",
  "favorite" : false
},{
  "logId" : 153979199,
  "loggedFood" : {
    "foodId" : 0,
    "name" : "Spicy Chik'n, Sandwich Slims, Cheese, Mustard, Pickles",
    "brand" : "Lose It!",
    "accessLevel" : "PRIVATE",
    "units" : [201],
    "calories" : 347,
    "amount" : 1.0,
    "unit" : {
      "id" : 201,
      "name" : "meal",
      "plural" : "meals"
    },
    "mealTypeId" : 3
  },
  "nutritionalValues" : {
    "calories" : 347,
    "fat" : 13.2,
    "fiber" : 7.2,
    "carbs" : 42.3,
    "sodium" : 966.8,
    "protein" : 21.2
  },
  "logDate" : "2013-02-27",
  "favorite" : false
},{
  "logId" : 153877049,
  "loggedFood" : {
    "foodId" : 0,
    "name" : "Milk",
    "brand" : "Lose It!",
    "accessLevel" : "PRIVATE",
    "units" : [201],
    "calories" : 15,
    "amount" : 1.0,
    "unit" : {
      "id" : 201,
      "name" : "meal",
      "plural" : "meals"
    },
    "mealTypeId" : 1
  },
  "nutritionalValues" : {
    "calories" : 15,
    "fat" : 0.6,
    "fiber" : 0.2,
    "carbs" : 2.0,
    "sodium" : 37.0,
    "protein" : 0.2
  },
  "logDate" : "2013-02-27",
  "favorite" : false
},{
  "logId" : 152737690,
  "loggedFood" : {
    "foodId" : 0,
    "name" : "Milk, Whey Protein",
    "brand" : "Lose It!",
    "accessLevel" : "PRIVATE",
    "units" : [201],
    "calories" : 200,
    "amount" : 1.0,
    "unit" : {
      "id" : 201,
      "name" : "meal",
      "plural" : "meals"
    },
    "mealTypeId" : 1
  },
  "nutritionalValues" : {
    "calories" : 200,
    "fat" : 5.0,
    "fiber" : 1.0,
    "carbs" : 10.9,
    "sodium" : 262.9,
    "protein" : 28.0
  },
  "logDate" : "2013-02-26",
  "favorite" : false
},{
  "logId" : 151873343,
  "loggedFood" : {
    "foodId" : 0,
    "name" : "Garbage Trail Mix",
    "brand" : "Lose It!",
    "accessLevel" : "PRIVATE",
    "units" : [201],
    "calories" : 316,
    "amount" : 1.0,
    "unit" : {
      "id" : 201,
      "name" : "meal",
      "plural" : "meals"
    },
    "mealTypeId" : 7
  },
  "nutritionalValues" : {
    "calories" : 316,
    "fat" : 18.2,
    "fiber" : 6.0,
    "carbs" : 33.9,
    "sodium" : 126.5,
    "protein" : 6.5
  },
  "logDate" : "2013-02-25",
  "favorite" : false
},{
  "logId" : 151873342,
  "loggedFood" : {
    "foodId" : 0,
    "name" : "Protein Recovery Shake",
    "brand" : "Lose It!",
    "accessLevel" : "PRIVATE",
    "units" : [201],
    "calories" : 290,
    "amount" : 1.0,
    "unit" : {
      "id" : 201,
      "name" : "meal",
      "plural" : "meals"
    },
    "mealTypeId" : 3
  },
  "nutritionalValues" : {
    "calories" : 290,
    "fat" : 5.0,
    "fiber" : 3.0,
    "carbs" : 25.0,
    "sodium" : 270.0,
    "protein" : 35.0
  },
  "logDate" : "2013-02-25",
  "favorite" : false
},{
  "logId" : 151681291,
  "loggedFood" : {
    "foodId" : 0,
    "name" : "Milk, Whey Protein",
    "brand" : "Lose It!",
    "accessLevel" : "PRIVATE",
    "units" : [201],
    "calories" : 215,
    "amount" : 1.0,
    "unit" : {
      "id" : 201,
      "name" : "meal",
      "plural" : "meals"
    },
    "mealTypeId" : 1
  },
  "nutritionalValues" : {
    "calories" : 215,
    "fat" : 5.6,
    "fiber" : 1.2,
    "carbs" : 12.9,
    "sodium" : 299.8,
    "protein" : 28.2
  },
  "logDate" : "2013-02-25",
  "favorite" : false
},{
  "logId" : 145524060,
  "loggedFood" : {
    "foodId" : 0,
    "name" : "Whey Protein, Milk",
    "brand" : "Lose It!",
    "accessLevel" : "PRIVATE",
    "units" : [201],
    "calories" : 215,
    "amount" : 1.0,
    "unit" : {
      "id" : 201,
      "name" : "meal",
      "plural" : "meals"
    },
    "mealTypeId" : 1
  },
  "nutritionalValues" : {
    "calories" : 215,
    "fat" : 5.6,
    "fiber" : 1.2,
    "carbs" : 12.9,
    "sodium" : 299.8,
    "protein" : 28.2
  },
  "logDate" : "2013-02-18",
  "favorite" : false
},{
  "logId" : 143647016,
  "loggedFood" : {
    "foodId" : 0,
    "name" : "Garbage Trail Mix",
    "brand" : "Lose It!",
    "accessLevel" : "PRIVATE",
    "units" : [201],
    "calories" : 316,
    "amount" : 1.0,
    "unit" : {
      "id" : 201,
      "name" : "meal",
      "plural" : "meals"
    },
    "mealTypeId" : 7
  },
  "nutritionalValues" : {
    "calories" : 316,
    "fat" : 18.2,
    "fiber" : 6.0,
    "carbs" : 33.9,
    "sodium" : 126.5,
    "protein" : 6.5
  },
  "logDate" : "2013-02-15",
  "favorite" : false
},{
  "logId" : 143533402,
  "loggedFood" : {
    "foodId" : 0,
    "name" : "Protein Recovery Shake",
    "brand" : "Lose It!",
    "accessLevel" : "PRIVATE",
    "units" : [201],
    "calories" : 290,
    "amount" : 1.0,
    "unit" : {
      "id" : 201,
      "name" : "meal",
      "plural" : "meals"
    },
    "mealTypeId" : 3
  },
  "nutritionalValues" : {
    "calories" : 290,
    "fat" : 5.0,
    "fiber" : 3.0,
    "carbs" : 25.0,
    "sodium" : 270.0,
    "protein" : 35.0
  },
  "logDate" : "2013-02-15",
  "favorite" : false
},{
  "logId" : 143298191,
  "loggedFood" : {
    "foodId" : 0,
    "name" : "Milk, Whey Protein",
    "brand" : "Lose It!",
    "accessLevel" : "PRIVATE",
    "units" : [201],
    "calories" : 190,
    "amount" : 1.0,
    "unit" : {
      "id" : 201,
      "name" : "meal",
      "plural" : "meals"
    },
    "mealTypeId" : 1
  },
  "nutritionalValues" : {
    "calories" : 190,
    "fat" : 6.2,
    "fiber" : 1.2,
    "carbs" : 5.5,
    "sodium" : 340.0,
    "protein" : 28.2
  },
  "logDate" : "2013-02-15",
  "favorite" : false
},{
  "logId" : 142539269,
  "loggedFood" : {
    "foodId" : 0,
    "name" : "Milk",
    "brand" : "Lose It!",
    "accessLevel" : "PRIVATE",
    "units" : [201],
    "calories" : 74,
    "amount" : 1.0,
    "unit" : {
      "id" : 201,
      "name" : "meal",
      "plural" : "meals"
    },
    "mealTypeId" : 1
  },
  "nutritionalValues" : {
    "calories" : 74,
    "fat" : 4.0,
    "fiber" : 0.0,
    "carbs" : 5.9,
    "sodium" : 52.5,
    "protein" : 3.8
  },
  "logDate" : "2013-02-14",
  "favorite" : false
},{
  "logId" : 136394092,
  "loggedFood" : {
    "foodId" : 0,
    "name" : "Milk",
    "brand" : "Lose It!",
    "accessLevel" : "PRIVATE",
    "units" : [201],
    "calories" : 10,
    "amount" : 1.0,
    "unit" : {
      "id" : 201,
      "name" : "meal",
      "plural" : "meals"
    },
    "mealTypeId" : 1
  },
  "nutritionalValues" : {
    "calories" : 10,
    "fat" : 0.8,
    "fiber" : 0.2,
    "carbs" : 0.5,
    "sodium" : 45.0,
    "protein" : 0.2
  },
  "logDate" : "2013-02-07",
  "favorite" : false
},{
  "logId" : 135462351,
  "loggedFood" : {
    "foodId" : 0,
    "name" : "Clean Mango Smoothie, Banana, Milk",
    "brand" : "Lose It!",
    "accessLevel" : "PRIVATE",
    "units" : [201],
    "calories" : 460,
    "amount" : 1.0,
    "unit" : {
      "id" : 201,
      "name" : "meal",
      "plural" : "meals"
    },
    "mealTypeId" : 1
  },
  "nutritionalValues" : {
    "calories" : 460,
    "fat" : 11.0,
    "fiber" : 2.8,
    "carbs" : 50.6,
    "sodium" : 105.8,
    "protein" : 3.1
  },
  "logDate" : "2013-02-06",
  "favorite" : false
},{
  "logId" : 133459456,
  "loggedFood" : {
    "foodId" : 0,
    "name" : "Whey Protein, Milk",
    "brand" : "Lose It!",
    "accessLevel" : "PRIVATE",
    "units" : [201],
    "calories" : 190,
    "amount" : 1.0,
    "unit" : {
      "id" : 201,
      "name" : "meal",
      "plural" : "meals"
    },
    "mealTypeId" : 1
  },
  "nutritionalValues" : {
    "calories" : 190,
    "fat" : 6.2,
    "fiber" : 1.2,
    "carbs" : 5.5,
    "sodium" : 340.0,
    "protein" : 28.2
  },
  "logDate" : "2013-02-04",
  "favorite" : false
},{
  "logId" : 131234234,
  "loggedFood" : {
    "foodId" : 0,
    "name" : "English Vintage Cheddar, Crackers, Garbage Trail Mix",
    "brand" : "Lose It!",
    "accessLevel" : "PRIVATE",
    "units" : [201],
    "calories" : 369,
    "amount" : 1.0,
    "unit" : {
      "id" : 201,
      "name" : "meal",
      "plural" : "meals"
    },
    "mealTypeId" : 7
  },
  "nutritionalValues" : {
    "calories" : 369,
    "fat" : 21.8,
    "fiber" : 4.3,
    "carbs" : 33.0,
    "sodium" : 428.4,
    "protein" : 10.6
  },
  "logDate" : "2013-02-01",
  "favorite" : false
},{
  "logId" : 131402591,
  "loggedFood" : {
    "foodId" : 0,
    "name" : "Fish, Lettuce, Capers, Shallots, Juice",
    "brand" : "Lose It!",
    "accessLevel" : "PRIVATE",
    "units" : [201],
    "calories" : 287,
    "amount" : 1.0,
    "unit" : {
      "id" : 201,
      "name" : "meal",
      "plural" : "meals"
    },
    "mealTypeId" : 3
  },
  "nutritionalValues" : {
    "calories" : 287,
    "fat" : 11.8,
    "fiber" : 2.1,
    "carbs" : 5.1,
    "sodium" : 654.4,
    "protein" : 39.0
  },
  "logDate" : "2013-02-01",
  "favorite" : false
},{
  "logId" : 131105347,
  "loggedFood" : {
    "foodId" : 0,
    "name" : "Whey Protein, Milk",
    "brand" : "Lose It!",
    "accessLevel" : "PRIVATE",
    "units" : [201],
    "calories" : 215,
    "amount" : 1.0,
    "unit" : {
      "id" : 201,
      "name" : "meal",
      "plural" : "meals"
    },
    "mealTypeId" : 1
  },
  "nutritionalValues" : {
    "calories" : 215,
    "fat" : 5.6,
    "fiber" : 1.2,
    "carbs" : 12.9,
    "sodium" : 299.8,
    "protein" : 28.2
  },
  "logDate" : "2013-02-01",
  "favorite" : false
},{
  "logId" : 130603972,
  "loggedFood" : {
    "foodId" : 0,
    "name" : "York Peppermint Patties",
    "brand" : "Lose It!",
    "accessLevel" : "PRIVATE",
    "units" : [201],
    "calories" : 200,
    "amount" : 1.0,
    "unit" : {
      "id" : 201,
      "name" : "meal",
      "plural" : "meals"
    },
    "mealTypeId" : 7
  },
  "nutritionalValues" : {
    "calories" : 200,
    "fat" : 4.0,
    "fiber" : 0.7,
    "carbs" : 44.0,
    "sodium" : 20.0,
    "protein" : 0.7
  },
  "logDate" : "2013-01-31",
  "favorite" : false
},{
  "logId" : 130608598,
  "loggedFood" : {
    "foodId" : 0,
    "name" : "Crackers, Cracker, English Vintage Cheddar, Pizza",
    "brand" : "Lose It!",
    "accessLevel" : "PRIVATE",
    "units" : [201],
    "calories" : 604,
    "amount" : 1.0,
    "unit" : {
      "id" : 201,
      "name" : "meal",
      "plural" : "meals"
    },
    "mealTypeId" : 3
  },
  "nutritionalValues" : {
    "calories" : 604,
    "fat" : 22.5,
    "fiber" : 4.0,
    "carbs" : 69.1,
    "sodium" : 1064.7,
    "protein" : 29.7
  },
  "logDate" : "2013-01-31",
  "favorite" : false
},{
  "logId" : 130216039,
  "loggedFood" : {
    "foodId" : 0,
    "name" : "Almond Dream Unsweetened Original, Whey Protein, Cafe Latte",
    "brand" : "Lose It!",
    "accessLevel" : "PRIVATE",
    "units" : [201],
    "calories" : 360,
    "amount" : 1.0,
    "unit" : {
      "id" : 201,
      "name" : "meal",
      "plural" : "meals"
    },
    "mealTypeId" : 1
  },
  "nutritionalValues" : {
    "calories" : 360,
    "fat" : 6.0,
    "fiber" : 1.0,
    "carbs" : 31.0,
    "sodium" : 250.0,
    "protein" : 44.0
  },
  "logDate" : "2013-01-31",
  "favorite" : false
},{
  "logId" : 128160867,
  "loggedFood" : {
    "foodId" : 0,
    "name" : "Whey Protein, Milk",
    "brand" : "Lose It!",
    "accessLevel" : "PRIVATE",
    "units" : [201],
    "calories" : 215,
    "amount" : 1.0,
    "unit" : {
      "id" : 201,
      "name" : "meal",
      "plural" : "meals"
    },
    "mealTypeId" : 1
  },
  "nutritionalValues" : {
    "calories" : 215,
    "fat" : 5.6,
    "fiber" : 1.2,
    "carbs" : 12.9,
    "sodium" : 299.8,
    "protein" : 28.2
  },
  "logDate" : "2013-01-29",
  "favorite" : false
},{
  "logId" : 127027962,
  "loggedFood" : {
    "foodId" : 0,
    "name" : "Whey Protein, Milk",
    "brand" : "Lose It!",
    "accessLevel" : "PRIVATE",
    "units" : [201],
    "calories" : 200,
    "amount" : 1.0,
    "unit" : {
      "id" : 201,
      "name" : "meal",
      "plural" : "meals"
    },
    "mealTypeId" : 1
  },
  "nutritionalValues" : {
    "calories" : 200,
    "fat" : 5.0,
    "fiber" : 1.0,
    "carbs" : 10.9,
    "sodium" : 262.9,
    "protein" : 28.0
  },
  "logDate" : "2013-01-28",
  "favorite" : false
},{
  "logId" : 126261363,
  "loggedFood" : {
    "foodId" : 0,
    "name" : "Whey Protein, Milk",
    "brand" : "Lose It!",
    "accessLevel" : "PRIVATE",
    "units" : [201],
    "calories" : 190,
    "amount" : 1.0,
    "unit" : {
      "id" : 201,
      "name" : "meal",
      "plural" : "meals"
    },
    "mealTypeId" : 1
  },
  "nutritionalValues" : {
    "calories" : 190,
    "fat" : 6.2,
    "fiber" : 1.2,
    "carbs" : 5.5,
    "sodium" : 340.0,
    "protein" : 28.2
  },
  "logDate" : "2013-01-27",
  "favorite" : false
},{
  "logId" : 124977543,
  "loggedFood" : {
    "foodId" : 0,
    "name" : "Garbage Trail Mix",
    "brand" : "Lose It!",
    "accessLevel" : "PRIVATE",
    "units" : [201],
    "calories" : 158,
    "amount" : 1.0,
    "unit" : {
      "id" : 201,
      "name" : "meal",
      "plural" : "meals"
    },
    "mealTypeId" : 7
  },
  "nutritionalValues" : {
    "calories" : 158,
    "fat" : 9.1,
    "fiber" : 3.0,
    "carbs" : 16.9,
    "sodium" : 63.2,
    "protein" : 3.2
  },
  "logDate" : "2013-01-25",
  "favorite" : false
},{
  "logId" : 124823336,
  "loggedFood" : {
    "foodId" : 0,
    "name" : "Bagel, Cream Cheese, Milk",
    "brand" : "Lose It!",
    "accessLevel" : "PRIVATE",
    "units" : [201],
    "calories" : 350,
    "amount" : 1.0,
    "unit" : {
      "id" : 201,
      "name" : "meal",
      "plural" : "meals"
    },
    "mealTypeId" : 1
  },
  "nutritionalValues" : {
    "calories" : 350,
    "fat" : 8.8,
    "fiber" : 2.2,
    "carbs" : 58.5,
    "sodium" : 605.0,
    "protein" : 11.2
  },
  "logDate" : "2013-01-25",
  "favorite" : false
},{
  "logId" : 123960653,
  "loggedFood" : {
    "foodId" : 0,
    "name" : "Nutri-Grain Cherry Cereal Bar",
    "brand" : "Lose It!",
    "accessLevel" : "PRIVATE",
    "units" : [201],
    "calories" : 120,
    "amount" : 1.0,
    "unit" : {
      "id" : 201,
      "name" : "meal",
      "plural" : "meals"
    },
    "mealTypeId" : 7
  },
  "nutritionalValues" : {
    "calories" : 120,
    "fat" : 3.0,
    "fiber" : 3.0,
    "carbs" : 24.0,
    "sodium" : 110.0,
    "protein" : 2.0
  },
  "logDate" : "2013-01-24",
  "favorite" : false
},{
  "logId" : 124074758,
  "loggedFood" : {
    "foodId" : 0,
    "name" : "Protein - Lt. Vanilla Whey",
    "brand" : "Lose It!",
    "accessLevel" : "PRIVATE",
    "units" : [201],
    "calories" : 140,
    "amount" : 1.0,
    "unit" : {
      "id" : 201,
      "name" : "meal",
      "plural" : "meals"
    },
    "mealTypeId" : 3
  },
  "nutritionalValues" : {
    "calories" : 140,
    "fat" : 4.0,
    "fiber" : 1.0,
    "carbs" : 6.0,
    "sodium" : 260.0,
    "protein" : 20.0
  },
  "logDate" : "2013-01-24",
  "favorite" : false
},{
  "logId" : 123874701,
  "loggedFood" : {
    "foodId" : 0,
    "name" : "Clean Mango Smoothie, Whey Protein, Milk, Banana",
    "brand" : "Lose It!",
    "accessLevel" : "PRIVATE",
    "units" : [201],
    "calories" : 605,
    "amount" : 1.0,
    "unit" : {
      "id" : 201,
      "name" : "meal",
      "plural" : "meals"
    },
    "mealTypeId" : 1
  },
  "nutritionalValues" : {
    "calories" : 605,
    "fat" : 16.4,
    "fiber" : 2.8,
    "carbs" : 46.6,
    "sodium" : 400.4,
    "protein" : 30.7
  },
  "logDate" : "2013-01-24",
  "favorite" : false
},{
  "logId" : 122105205,
  "loggedFood" : {
    "foodId" : 0,
    "name" : "Clean Mango Smoothie, Banana",
    "brand" : "Lose It!",
    "accessLevel" : "PRIVATE",
    "units" : [201],
    "calories" : 433,
    "amount" : 1.0,
    "unit" : {
      "id" : 201,
      "name" : "meal",
      "plural" : "meals"
    },
    "mealTypeId" : 3
  },
  "nutritionalValues" : {
    "calories" : 433,
    "fat" : 10.2,
    "fiber" : 2.0,
    "carbs" : 45.6,
    "sodium" : 60.6,
    "protein" : 2.6
  },
  "logDate" : "2013-01-22",
  "favorite" : false
},{
  "logId" : 121969342,
  "loggedFood" : {
    "foodId" : 0,
    "name" : "Whey Protein, Almond Dream Unsweetened Original, Banana",
    "brand" : "Lose It!",
    "accessLevel" : "PRIVATE",
    "units" : [201],
    "calories" : 229,
    "amount" : 1.0,
    "unit" : {
      "id" : 201,
      "name" : "meal",
      "plural" : "meals"
    },
    "mealTypeId" : 1
  },
  "nutritionalValues" : {
    "calories" : 229,
    "fat" : 7.0,
    "fiber" : 2.0,
    "carbs" : 13.5,
    "sodium" : 284.0,
    "protein" : 28.6
  },
  "logDate" : "2013-01-22",
  "favorite" : false
},{
  "logId" : 116635681,
  "loggedFood" : {
    "foodId" : 0,
    "name" : "Nutri-Grain Cherry Cereal Bar, Cereal Bar",
    "brand" : "Lose It!",
    "accessLevel" : "PRIVATE",
    "units" : [201],
    "calories" : 210,
    "amount" : 1.0,
    "unit" : {
      "id" : 201,
      "name" : "meal",
      "plural" : "meals"
    },
    "mealTypeId" : 7
  },
  "nutritionalValues" : {
    "calories" : 210,
    "fat" : 5.0,
    "fiber" : 6.0,
    "carbs" : 42.0,
    "sodium" : 195.0,
    "protein" : 3.0
  },
  "logDate" : "2013-01-16",
  "favorite" : false
},{
  "logId" : 116630255,
  "loggedFood" : {
    "foodId" : 0,
    "name" : "Milk",
    "brand" : "Lose It!",
    "accessLevel" : "PRIVATE",
    "units" : [201],
    "calories" : 30,
    "amount" : 1.0,
    "unit" : {
      "id" : 201,
      "name" : "meal",
      "plural" : "meals"
    },
    "mealTypeId" : 1
  },
  "nutritionalValues" : {
    "calories" : 30,
    "fat" : 1.2,
    "fiber" : 0.5,
    "carbs" : 3.9,
    "sodium" : 73.9,
    "protein" : 0.5
  },
  "logDate" : "2013-01-16",
  "favorite" : false
},{
  "logId" : 115539065,
  "loggedFood" : {
    "foodId" : 0,
    "name" : "Milk, Frozen Mango, Coconut Milk, Pineapple Frozen, Agave",
    "brand" : "Lose It!",
    "accessLevel" : "PRIVATE",
    "units" : [201],
    "calories" : 395,
    "amount" : 1.0,
    "unit" : {
      "id" : 201,
      "name" : "meal",
      "plural" : "meals"
    },
    "mealTypeId" : 1
  },
  "nutritionalValues" : {
    "calories" : 395,
    "fat" : 10.6,
    "fiber" : 0.7,
    "carbs" : 34.1,
    "sodium" : 97.0,
    "protein" : 2.2
  },
  "logDate" : "2013-01-15",
  "favorite" : false
},{
  "logId" : 115065119,
  "loggedFood" : {
    "foodId" : 0,
    "name" : "Cooking Light - Mexican Casserole, Salsa, Activia",
    "brand" : "Lose It!",
    "accessLevel" : "PRIVATE",
    "units" : [201],
    "calories" : 433,
    "amount" : 1.0,
    "unit" : {
      "id" : 201,
      "name" : "meal",
      "plural" : "meals"
    },
    "mealTypeId" : 5
  },
  "nutritionalValues" : {
    "calories" : 433,
    "fat" : 14.9,
    "fiber" : 0.0,
    "carbs" : 51.2,
    "sodium" : 305.0,
    "protein" : 25.6
  },
  "logDate" : "2013-01-14",
  "favorite" : false
},{
  "logId" : 114835788,
  "loggedFood" : {
    "foodId" : 0,
    "name" : "Protein Recovery Shake, Cooking Light - Mexican Casserole",
    "brand" : "Lose It!",
    "accessLevel" : "PRIVATE",
    "units" : [201],
    "calories" : 603,
    "amount" : 1.0,
    "unit" : {
      "id" : 201,
      "name" : "meal",
      "plural" : "meals"
    },
    "mealTypeId" : 3
  },
  "nutritionalValues" : {
    "calories" : 603,
    "fat" : 17.9,
    "fiber" : 3.0,
    "carbs" : 55.2,
    "sodium" : 270.0,
    "protein" : 55.6
  },
  "logDate" : "2013-01-14",
  "favorite" : false
},{
  "logId" : 114835276,
  "loggedFood" : {
    "foodId" : 0,
    "name" : "Milk, Nuts, Prunes, Fruit, Macadamia Nuts",
    "brand" : "Lose It!",
    "accessLevel" : "PRIVATE",
    "units" : [201],
    "calories" : 337,
    "amount" : 1.0,
    "unit" : {
      "id" : 201,
      "name" : "meal",
      "plural" : "meals"
    },
    "mealTypeId" : 1
  },
  "nutritionalValues" : {
    "calories" : 337,
    "fat" : 22.5,
    "fiber" : 4.6,
    "carbs" : 32.5,
    "sodium" : 72.6,
    "protein" : 5.0
  },
  "logDate" : "2013-01-14",
  "favorite" : false
},{
  "logId" : 111301479,
  "loggedFood" : {
    "foodId" : 0,
    "name" : "Whey Protein, Milk",
    "brand" : "Lose It!",
    "accessLevel" : "PRIVATE",
    "units" : [201],
    "calories" : 230,
    "amount" : 1.0,
    "unit" : {
      "id" : 201,
      "name" : "meal",
      "plural" : "meals"
    },
    "mealTypeId" : 1
  },
  "nutritionalValues" : {
    "calories" : 230,
    "fat" : 6.2,
    "fiber" : 1.5,
    "carbs" : 14.8,
    "sodium" : 336.8,
    "protein" : 28.5
  },
  "logDate" : "2013-01-10",
  "favorite" : false
},{
  "logId" : 110528792,
  "loggedFood" : {
    "foodId" : 0,
    "name" : "Kellogg's Berry Cereal Bar",
    "brand" : "Lose It!",
    "accessLevel" : "PRIVATE",
    "units" : [201],
    "calories" : 90,
    "amount" : 1.0,
    "unit" : {
      "id" : 201,
      "name" : "meal",
      "plural" : "meals"
    },
    "mealTypeId" : 7
  },
  "nutritionalValues" : {
    "calories" : 90,
    "fat" : 1.5,
    "fiber" : 3.0,
    "carbs" : 18.0,
    "sodium" : 85.0,
    "protein" : 0.0
  },
  "logDate" : "2013-01-09",
  "favorite" : false
},{
  "logId" : 110429584,
  "loggedFood" : {
    "foodId" : 0,
    "name" : "Burgers, Cheese, Miracle Whip Light, Pickles, Slimwich, Mustard",
    "brand" : "Lose It!",
    "accessLevel" : "PRIVATE",
    "units" : [201],
    "calories" : 339,
    "amount" : 1.0,
    "unit" : {
      "id" : 201,
      "name" : "meal",
      "plural" : "meals"
    },
    "mealTypeId" : 3
  },
  "nutritionalValues" : {
    "calories" : 339,
    "fat" : 14.5,
    "fiber" : 7.0,
    "carbs" : 36.2,
    "sodium" : 1033.8,
    "protein" : 21.0
  },
  "logDate" : "2013-01-09",
  "favorite" : false
},{
  "logId" : 110429551,
  "loggedFood" : {
    "foodId" : 0,
    "name" : "Whey Protein, Milk, Cheese, Bread",
    "brand" : "Lose It!",
    "accessLevel" : "PRIVATE",
    "units" : [201],
    "calories" : 615,
    "amount" : 1.0,
    "unit" : {
      "id" : 201,
      "name" : "meal",
      "plural" : "meals"
    },
    "mealTypeId" : 1
  },
  "nutritionalValues" : {
    "calories" : 615,
    "fat" : 19.5,
    "fiber" : 5.0,
    "carbs" : 42.0,
    "sodium" : 1199.8,
    "protein" : 44.5
  },
  "logDate" : "2013-01-09",
  "favorite" : false
},{
  "logId" : 109688030,
  "loggedFood" : {
    "foodId" : 0,
    "name" : "Beer",
    "brand" : "Lose It!",
    "accessLevel" : "PRIVATE",
    "units" : [201],
    "calories" : 510,
    "amount" : 1.0,
    "unit" : {
      "id" : 201,
      "name" : "meal",
      "plural" : "meals"
    },
    "mealTypeId" : 7
  },
  "nutritionalValues" : {
    "calories" : 510,
    "fat" : 0.0,
    "fiber" : 0.0,
    "carbs" : 42.1,
    "sodium" : 47.5,
    "protein" : 5.5
  },
  "logDate" : "2013-01-08",
  "favorite" : false
},{
  "logId" : 109332180,
  "loggedFood" : {
    "foodId" : 0,
    "name" : "Burgers, Cheese, Slimwich, Miracle Whip Light, Mustard, Pickles",
    "brand" : "Lose It!",
    "accessLevel" : "PRIVATE",
    "units" : [201],
    "calories" : 675,
    "amount" : 1.0,
    "unit" : {
      "id" : 201,
      "name" : "meal",
      "plural" : "meals"
    },
    "mealTypeId" : 3
  },
  "nutritionalValues" : {
    "calories" : 675,
    "fat" : 27.5,
    "fiber" : 14.0,
    "carbs" : 75.0,
    "sodium" : 1845.0,
    "protein" : 42.0
  },
  "logDate" : "2013-01-08",
  "favorite" : false
},{
  "logId" : 109688029,
  "loggedFood" : {
    "foodId" : 0,
    "name" : "Milk, Coconut Milk, Mango, Frozen Pineapple, Organic Blue Agave, Whey Pr...",
    "brand" : "Lose It!",
    "accessLevel" : "PRIVATE",
    "units" : [201],
    "calories" : 549,
    "amount" : 1.0,
    "unit" : {
      "id" : 201,
      "name" : "meal",
      "plural" : "meals"
    },
    "mealTypeId" : 1
  },
  "nutritionalValues" : {
    "calories" : 549,
    "fat" : 12.5,
    "fiber" : 4.5,
    "carbs" : 71.1,
    "sodium" : 312.5,
    "protein" : 41.5
  },
  "logDate" : "2013-01-08",
  "favorite" : false
},{
  "logId" : 107592156,
  "loggedFood" : {
    "foodId" : 0,
    "name" : "Bar, Raspberry dried fruit bar",
    "brand" : "Lose It!",
    "accessLevel" : "PRIVATE",
    "units" : [201],
    "calories" : 290,
    "amount" : 1.0,
    "unit" : {
      "id" : 201,
      "name" : "meal",
      "plural" : "meals"
    },
    "mealTypeId" : 7
  },
  "nutritionalValues" : {
    "calories" : 290,
    "fat" : 5.0,
    "fiber" : 6.5,
    "carbs" : 55.0,
    "sodium" : 135.0,
    "protein" : 11.0
  },
  "logDate" : "2013-01-06",
  "favorite" : false
},{
  "logId" : 107592155,
  "loggedFood" : {
    "foodId" : 0,
    "name" : "Bagel, Cream Cheese, Cafe Latte",
    "brand" : "Lose It!",
    "accessLevel" : "PRIVATE",
    "units" : [201],
    "calories" : 510,
    "amount" : 1.0,
    "unit" : {
      "id" : 201,
      "name" : "meal",
      "plural" : "meals"
    },
    "mealTypeId" : 1
  },
  "nutritionalValues" : {
    "calories" : 510,
    "fat" : 8.0,
    "fiber" : 2.0,
    "carbs" : 83.0,
    "sodium" : 560.0,
    "protein" : 27.0
  },
  "logDate" : "2013-01-06",
  "favorite" : false
},{
  "logId" : 105718704,
  "loggedFood" : {
    "foodId" : 0,
    "name" : "Clean Energizer Smoothie, Milk, Chia Seeds",
    "brand" : "Lose It!",
    "accessLevel" : "PRIVATE",
    "units" : [201],
    "calories" : 600,
    "amount" : 1.0,
    "unit" : {
      "id" : 201,
      "name" : "meal",
      "plural" : "meals"
    },
    "mealTypeId" : 1
  },
  "nutritionalValues" : {
    "calories" : 600,
    "fat" : 42.9,
    "fiber" : 10.6,
    "carbs" : 49.2,
    "sodium" : 325.0,
    "protein" : 12.9
  },
  "logDate" : "2013-01-04",
  "favorite" : false
},{
  "logId" : 103850687,
  "loggedFood" : {
    "foodId" : 0,
    "name" : "Milk",
    "brand" : "Lose It!",
    "accessLevel" : "PRIVATE",
    "units" : [201],
    "calories" : 15,
    "amount" : 1.0,
    "unit" : {
      "id" : 201,
      "name" : "meal",
      "plural" : "meals"
    },
    "mealTypeId" : 1
  },
  "nutritionalValues" : {
    "calories" : 15,
    "fat" : 0.6,
    "fiber" : 0.2,
    "carbs" : 2.0,
    "sodium" : 37.0,
    "protein" : 0.2
  },
  "logDate" : "2013-01-02",
  "favorite" : false
},{
  "logId" : 103219640,
  "loggedFood" : {
    "foodId" : 0,
    "name" : "Sandwich, Cafe Latte",
    "brand" : "Lose It!",
    "accessLevel" : "PRIVATE",
    "units" : [201],
    "calories" : 1070,
    "amount" : 1.0,
    "unit" : {
      "id" : 201,
      "name" : "meal",
      "plural" : "meals"
    },
    "mealTypeId" : 1
  },
  "nutritionalValues" : {
    "calories" : 1070,
    "fat" : 54.0,
    "fiber" : 4.0,
    "carbs" : 85.0,
    "sodium" : 1840.0,
    "protein" : 58.0
  },
  "logDate" : "2013-01-01",
  "favorite" : false
},{
  "logId" : 118255929,
  "loggedFood" : {
    "foodId" : 0,
    "name" : "Electrolyte Drink Mix",
    "brand" : "Lose It!",
    "accessLevel" : "PRIVATE",
    "units" : [201],
    "calories" : 0,
    "amount" : 1.0,
    "unit" : {
      "id" : 201,
      "name" : "meal",
      "plural" : "meals"
    },
    "mealTypeId" : 7
  },
  "nutritionalValues" : {
    "calories" : 0,
    "fat" : 0.0,
    "fiber" : 0.0,
    "carbs" : 3.0,
    "sodium" : 405.0,
    "protein" : 0.0
  },
  "logDate" : "2012-12-30",
  "favorite" : false
},{
  "logId" : 118255928,
  "loggedFood" : {
    "foodId" : 0,
    "name" : "Egg, Milk, Butter, Mild Cheddar Cheese, Strawberry Conserve, Marmalade, ...",
    "brand" : "Lose It!",
    "accessLevel" : "PRIVATE",
    "units" : [201],
    "calories" : 696,
    "amount" : 1.0,
    "unit" : {
      "id" : 201,
      "name" : "meal",
      "plural" : "meals"
    },
    "mealTypeId" : 1
  },
  "nutritionalValues" : {
    "calories" : 696,
    "fat" : 33.4,
    "fiber" : 6.1,
    "carbs" : 67.8,
    "sodium" : 1458.1,
    "protein" : 33.5
  },
  "logDate" : "2012-12-30",
  "favorite" : false
},{
  "logId" : 101935612,
  "loggedFood" : {
    "foodId" : 0,
    "name" : "Clean Energizer Smoothie, Milk",
    "brand" : "Lose It!",
    "accessLevel" : "PRIVATE",
    "units" : [201],
    "calories" : 530,
    "amount" : 1.0,
    "unit" : {
      "id" : 201,
      "name" : "meal",
      "plural" : "meals"
    },
    "mealTypeId" : 1
  },
  "nutritionalValues" : {
    "calories" : 530,
    "fat" : 38.4,
    "fiber" : 4.6,
    "carbs" : 42.2,
    "sodium" : 325.0,
    "protein" : 9.9
  },
  "logDate" : "2012-12-29",
  "favorite" : false
},{
  "logId" : 99129315,
  "loggedFood" : {
    "foodId" : 0,
    "name" : "Nuts",
    "brand" : "Lose It!",
    "accessLevel" : "PRIVATE",
    "units" : [201],
    "calories" : 124,
    "amount" : 1.0,
    "unit" : {
      "id" : 201,
      "name" : "meal",
      "plural" : "meals"
    },
    "mealTypeId" : 4
  },
  "nutritionalValues" : {
    "calories" : 124,
    "fat" : 10.7,
    "fiber" : 2.6,
    "carbs" : 4.7,
    "sodium" : 0.2,
    "protein" : 4.6
  },
  "logDate" : "2012-12-19",
  "favorite" : false
},{
  "logId" : 99120141,
  "loggedFood" : {
    "foodId" : 0,
    "name" : "Frozen Mango, Pineapple Frozen, Milk, Agave, Cafe Latte",
    "brand" : "Lose It!",
    "accessLevel" : "PRIVATE",
    "units" : [201],
    "calories" : 510,
    "amount" : 1.0,
    "unit" : {
      "id" : 201,
      "name" : "meal",
      "plural" : "meals"
    },
    "mealTypeId" : 1
  },
  "nutritionalValues" : {
    "calories" : 510,
    "fat" : 9.0,
    "fiber" : 3.0,
    "carbs" : 54.7,
    "sodium" : 30.0,
    "protein" : 16.0
  },
  "logDate" : "2012-12-19",
  "favorite" : false
},{
  "logId" : 99092128,
  "loggedFood" : {
    "foodId" : 0,
    "name" : "Milk",
    "brand" : "Lose It!",
    "accessLevel" : "PRIVATE",
    "units" : [201],
    "calories" : 15,
    "amount" : 1.0,
    "unit" : {
      "id" : 201,
      "name" : "meal",
      "plural" : "meals"
    },
    "mealTypeId" : 1
  },
  "nutritionalValues" : {
    "calories" : 15,
    "fat" : 0.6,
    "fiber" : 0.2,
    "carbs" : 2.0,
    "sodium" : 37.0,
    "protein" : 0.2
  },
  "logDate" : "2012-12-19",
  "favorite" : false
},{
  "logId" : 96699299,
  "loggedFood" : {
    "foodId" : 0,
    "name" : "Milk",
    "brand" : "Lose It!",
    "accessLevel" : "PRIVATE",
    "units" : [201],
    "calories" : 90,
    "amount" : 1.0,
    "unit" : {
      "id" : 201,
      "name" : "meal",
      "plural" : "meals"
    },
    "mealTypeId" : 1
  },
  "nutritionalValues" : {
    "calories" : 90,
    "fat" : 9.0,
    "fiber" : 2.0,
    "carbs" : 4.0,
    "sodium" : 30.0,
    "protein" : 0.0
  },
  "logDate" : "2012-12-10",
  "favorite" : false
},{
  "logId" : 94849794,
  "loggedFood" : {
    "foodId" : 0,
    "name" : "Clean Energizer Smoothie",
    "brand" : "Lose It!",
    "accessLevel" : "PRIVATE",
    "units" : [201],
    "calories" : 515,
    "amount" : 1.0,
    "unit" : {
      "id" : 201,
      "name" : "meal",
      "plural" : "meals"
    },
    "mealTypeId" : 1
  },
  "nutritionalValues" : {
    "calories" : 515,
    "fat" : 37.8,
    "fiber" : 4.4,
    "carbs" : 40.2,
    "sodium" : 288.0,
    "protein" : 9.7
  },
  "logDate" : "2012-12-04",
  "favorite" : false
},{
  "logId" : 93595205,
  "loggedFood" : {
    "foodId" : 0,
    "name" : "Strawberries, Almond Butter, Agave, Milk",
    "brand" : "Lose It!",
    "accessLevel" : "PRIVATE",
    "units" : [201],
    "calories" : 537,
    "amount" : 1.0,
    "unit" : {
      "id" : 201,
      "name" : "meal",
      "plural" : "meals"
    },
    "mealTypeId" : 1
  },
  "nutritionalValues" : {
    "calories" : 537,
    "fat" : 38.7,
    "fiber" : 7.3,
    "carbs" : 46.4,
    "sodium" : 329.4,
    "protein" : 10.8
  },
  "logDate" : "2012-11-30",
  "favorite" : false
},{
  "logId" : 93301421,
  "loggedFood" : {
    "foodId" : 0,
    "name" : "Blueberries, Agave, Dagoba Cocoa, Milk",
    "brand" : "Lose It!",
    "accessLevel" : "PRIVATE",
    "units" : [201],
    "calories" : 445,
    "amount" : 1.0,
    "unit" : {
      "id" : 201,
      "name" : "meal",
      "plural" : "meals"
    },
    "mealTypeId" : 1
  },
  "nutritionalValues" : {
    "calories" : 445,
    "fat" : 5.5,
    "fiber" : 12.9,
    "carbs" : 84.4,
    "sodium" : 332.7,
    "protein" : 4.9
  },
  "logDate" : "2012-11-29",
  "favorite" : false
},{
  "logId" : 93020370,
  "loggedFood" : {
    "foodId" : 0,
    "name" : "Almond Butter, Agave, Milk, Strawberries",
    "brand" : "Lose It!",
    "accessLevel" : "PRIVATE",
    "units" : [201],
    "calories" : 537,
    "amount" : 1.0,
    "unit" : {
      "id" : 201,
      "name" : "meal",
      "plural" : "meals"
    },
    "mealTypeId" : 1
  },
  "nutritionalValues" : {
    "calories" : 537,
    "fat" : 38.7,
    "fiber" : 7.3,
    "carbs" : 46.4,
    "sodium" : 329.4,
    "protein" : 10.8
  },
  "logDate" : "2012-11-28",
  "favorite" : false
},{
  "logId" : 91161047,
  "loggedFood" : {
    "foodId" : 0,
    "name" : "Milk, Strawberries, Pineapple Frozen, Agave",
    "brand" : "Lose It!",
    "accessLevel" : "PRIVATE",
    "units" : [201],
    "calories" : 312,
    "amount" : 1.0,
    "unit" : {
      "id" : 201,
      "name" : "meal",
      "plural" : "meals"
    },
    "mealTypeId" : 1
  },
  "nutritionalValues" : {
    "calories" : 312,
    "fat" : 5.8,
    "fiber" : 7.9,
    "carbs" : 63.6,
    "sodium" : 337.1,
    "protein" : 3.2
  },
  "logDate" : "2012-11-20",
  "favorite" : false
},{
  "logId" : 91080625,
  "loggedFood" : {
    "foodId" : 0,
    "name" : "Almond Butter, Strawberries, Nuts, Nuts, Agave, Wine",
    "brand" : "Lose It!",
    "accessLevel" : "PRIVATE",
    "units" : [201],
    "calories" : 777,
    "amount" : 1.0,
    "unit" : {
      "id" : 201,
      "name" : "meal",
      "plural" : "meals"
    },
    "mealTypeId" : 5
  },
  "nutritionalValues" : {
    "calories" : 777,
    "fat" : 43.2,
    "fiber" : 7.9,
    "carbs" : 52.2,
    "sodium" : 302.0,
    "protein" : 12.4
  },
  "logDate" : "2012-11-19",
  "favorite" : false
},{
  "logId" : 90927398,
  "loggedFood" : {
    "foodId" : 0,
    "name" : "Buddha's Satay, Tofu",
    "brand" : "Lose It!",
    "accessLevel" : "PRIVATE",
    "units" : [201],
    "calories" : 808,
    "amount" : 1.0,
    "unit" : {
      "id" : 201,
      "name" : "meal",
      "plural" : "meals"
    },
    "mealTypeId" : 3
  },
  "nutritionalValues" : {
    "calories" : 808,
    "fat" : 23.9,
    "fiber" : 0.0,
    "carbs" : 113.1,
    "sodium" : 0.0,
    "protein" : 18.3
  },
  "logDate" : "2012-11-19",
  "favorite" : false
},{
  "logId" : 90908943,
  "loggedFood" : {
    "foodId" : 0,
    "name" : "Milk, Agave, Dagoba Cocoa, Blueberries",
    "brand" : "Lose It!",
    "accessLevel" : "PRIVATE",
    "units" : [201],
    "calories" : 445,
    "amount" : 1.0,
    "unit" : {
      "id" : 201,
      "name" : "meal",
      "plural" : "meals"
    },
    "mealTypeId" : 1
  },
  "nutritionalValues" : {
    "calories" : 445,
    "fat" : 5.5,
    "fiber" : 12.9,
    "carbs" : 84.4,
    "sodium" : 332.7,
    "protein" : 4.9
  },
  "logDate" : "2012-11-19",
  "favorite" : false
},{
  "logId" : 89442100,
  "loggedFood" : {
    "foodId" : 0,
    "name" : "Milk, Almond Butter, Peaches, Agave",
    "brand" : "Lose It!",
    "accessLevel" : "PRIVATE",
    "units" : [201],
    "calories" : 530,
    "amount" : 1.0,
    "unit" : {
      "id" : 201,
      "name" : "meal",
      "plural" : "meals"
    },
    "mealTypeId" : 1
  },
  "nutritionalValues" : {
    "calories" : 530,
    "fat" : 38.4,
    "fiber" : 4.6,
    "carbs" : 42.2,
    "sodium" : 325.0,
    "protein" : 9.9
  },
  "logDate" : "2012-11-13",
  "favorite" : false
},{
  "logId" : 88005338,
  "loggedFood" : {
    "foodId" : 0,
    "name" : "Cranberry Almond Crisp",
    "brand" : "Lose It!",
    "accessLevel" : "PRIVATE",
    "units" : [201],
    "calories" : 260,
    "amount" : 1.0,
    "unit" : {
      "id" : 201,
      "name" : "meal",
      "plural" : "meals"
    },
    "mealTypeId" : 1
  },
  "nutritionalValues" : {
    "calories" : 260,
    "fat" : 0.0,
    "fiber" : 0.0,
    "carbs" : 0.0,
    "sodium" : 0.0,
    "protein" : 0.0
  },
  "logDate" : "2012-11-07",
  "favorite" : false
},{
  "logId" : 87774937,
  "loggedFood" : {
    "foodId" : 0,
    "name" : "Blueberries, Milk, Agave, Dagoba Cocoa",
    "brand" : "Lose It!",
    "accessLevel" : "PRIVATE",
    "units" : [201],
    "calories" : 445,
    "amount" : 1.0,
    "unit" : {
      "id" : 201,
      "name" : "meal",
      "plural" : "meals"
    },
    "mealTypeId" : 1
  },
  "nutritionalValues" : {
    "calories" : 445,
    "fat" : 5.5,
    "fiber" : 12.9,
    "carbs" : 84.4,
    "sodium" : 332.7,
    "protein" : 4.9
  },
  "logDate" : "2012-11-06",
  "favorite" : false
},{
  "logId" : 87589984,
  "loggedFood" : {
    "foodId" : 0,
    "name" : "Fruit, Macadamia Nuts, Protein Recovery Shake",
    "brand" : "Lose It!",
    "accessLevel" : "PRIVATE",
    "units" : [201],
    "calories" : 558,
    "amount" : 1.0,
    "unit" : {
      "id" : 201,
      "name" : "meal",
      "plural" : "meals"
    },
    "mealTypeId" : 7
  },
  "nutritionalValues" : {
    "calories" : 558,
    "fat" : 26.2,
    "fiber" : 4.2,
    "carbs" : 44.4,
    "sodium" : 305.0,
    "protein" : 37.5
  },
  "logDate" : "2012-11-05",
  "favorite" : false
},{
  "logId" : 87512663,
  "loggedFood" : {
    "foodId" : 0,
    "name" : "Pizza",
    "brand" : "Lose It!",
    "accessLevel" : "PRIVATE",
    "units" : [201],
    "calories" : 360,
    "amount" : 1.0,
    "unit" : {
      "id" : 201,
      "name" : "meal",
      "plural" : "meals"
    },
    "mealTypeId" : 3
  },
  "nutritionalValues" : {
    "calories" : 360,
    "fat" : 6.0,
    "fiber" : 3.9,
    "carbs" : 0.0,
    "sodium" : 648.0,
    "protein" : 20.0
  },
  "logDate" : "2012-11-05",
  "favorite" : false
},{
  "logId" : 87491696,
  "loggedFood" : {
    "foodId" : 0,
    "name" : "Milk, Frozen Mango, Pineapple Frozen, Milk, Agave",
    "brand" : "Lose It!",
    "accessLevel" : "PRIVATE",
    "units" : [201],
    "calories" : 325,
    "amount" : 1.0,
    "unit" : {
      "id" : 201,
      "name" : "meal",
      "plural" : "meals"
    },
    "mealTypeId" : 1
  },
  "nutritionalValues" : {
    "calories" : 325,
    "fat" : 9.6,
    "fiber" : 2.7,
    "carbs" : 24.1,
    "sodium" : 67.0,
    "protein" : 0.2
  },
  "logDate" : "2012-11-05",
  "favorite" : false
},{
  "logId" : 86426414,
  "loggedFood" : {
    "foodId" : 0,
    "name" : "Cheese, Candy",
    "brand" : "Lose It!",
    "accessLevel" : "PRIVATE",
    "units" : [201],
    "calories" : 280,
    "amount" : 1.0,
    "unit" : {
      "id" : 201,
      "name" : "meal",
      "plural" : "meals"
    },
    "mealTypeId" : 7
  },
  "nutritionalValues" : {
    "calories" : 280,
    "fat" : 13.5,
    "fiber" : 1.0,
    "carbs" : 26.0,
    "sodium" : 360.0,
    "protein" : 10.0
  },
  "logDate" : "2012-10-31",
  "favorite" : false
},{
  "logId" : 86395623,
  "loggedFood" : {
    "foodId" : 0,
    "name" : "Bar",
    "brand" : "Lose It!",
    "accessLevel" : "PRIVATE",
    "units" : [201],
    "calories" : 250,
    "amount" : 1.0,
    "unit" : {
      "id" : 201,
      "name" : "meal",
      "plural" : "meals"
    },
    "mealTypeId" : 1
  },
  "nutritionalValues" : {
    "calories" : 250,
    "fat" : 5.0,
    "fiber" : 5.0,
    "carbs" : 44.0,
    "sodium" : 110.0,
    "protein" : 10.0
  },
  "logDate" : "2012-10-31",
  "favorite" : false
},{
  "logId" : 86231939,
  "loggedFood" : {
    "foodId" : 0,
    "name" : "Nuts, Fruit, Nuts",
    "brand" : "Lose It!",
    "accessLevel" : "PRIVATE",
    "units" : [201],
    "calories" : 298,
    "amount" : 1.0,
    "unit" : {
      "id" : 201,
      "name" : "meal",
      "plural" : "meals"
    },
    "mealTypeId" : 7
  },
  "nutritionalValues" : {
    "calories" : 298,
    "fat" : 22.6,
    "fiber" : 2.9,
    "carbs" : 23.5,
    "sodium" : 0.3,
    "protein" : 6.0
  },
  "logDate" : "2012-10-30",
  "favorite" : false
},{
  "logId" : 86233121,
  "loggedFood" : {
    "foodId" : 0,
    "name" : "No Summary",
    "brand" : "Lose It!",
    "accessLevel" : "PRIVATE",
    "units" : [201],
    "calories" : 0,
    "amount" : 1.0,
    "unit" : {
      "id" : 201,
      "name" : "meal",
      "plural" : "meals"
    },
    "mealTypeId" : 5
  },
  "nutritionalValues" : {
    "calories" : 0,
    "fat" : 0.0,
    "fiber" : 0.0,
    "carbs" : 0.0,
    "sodium" : 0.0,
    "protein" : 0.0
  },
  "logDate" : "2012-10-30",
  "favorite" : false
},{
  "logId" : 86231436,
  "loggedFood" : {
    "foodId" : 0,
    "name" : "Fish, Oil, Lettuce, Capers, Egg, Cherries",
    "brand" : "Lose It!",
    "accessLevel" : "PRIVATE",
    "units" : [201],
    "calories" : 501,
    "amount" : 1.0,
    "unit" : {
      "id" : 201,
      "name" : "meal",
      "plural" : "meals"
    },
    "mealTypeId" : 3
  },
  "nutritionalValues" : {
    "calories" : 501,
    "fat" : 30.9,
    "fiber" : 0.9,
    "carbs" : 8.7,
    "sodium" : 679.8,
    "protein" : 45.1
  },
  "logDate" : "2012-10-30",
  "favorite" : false
}]