[{
  "dateTime" : "05/01/11 00:00:00",
  "value" : "166"
},{
  "dateTime" : "05/02/11 00:00:00",
  "value" : "230"
},{
  "dateTime" : "05/03/11 00:00:00",
  "value" : "293"
},{
  "dateTime" : "05/04/11 00:00:00",
  "value" : "316"
},{
  "dateTime" : "05/05/11 00:00:00",
  "value" : "215"
},{
  "dateTime" : "05/06/11 00:00:00",
  "value" : "233"
},{
  "dateTime" : "05/07/11 00:00:00",
  "value" : "272"
},{
  "dateTime" : "05/08/11 00:00:00",
  "value" : "314"
},{
  "dateTime" : "05/09/11 00:00:00",
  "value" : "270"
},{
  "dateTime" : "05/10/11 00:00:00",
  "value" : "221"
},{
  "dateTime" : "05/11/11 00:00:00",
  "value" : "280"
},{
  "dateTime" : "05/12/11 00:00:00",
  "value" : "232"
},{
  "dateTime" : "05/13/11 00:00:00",
  "value" : "239"
},{
  "dateTime" : "05/14/11 00:00:00",
  "value" : "303"
},{
  "dateTime" : "05/15/11 00:00:00",
  "value" : "177"
},{
  "dateTime" : "05/16/11 00:00:00",
  "value" : "192"
},{
  "dateTime" : "05/17/11 00:00:00",
  "value" : "277"
},{
  "dateTime" : "05/18/11 00:00:00",
  "value" : "228"
},{
  "dateTime" : "05/19/11 00:00:00",
  "value" : "239"
},{
  "dateTime" : "05/20/11 00:00:00",
  "value" : "212"
},{
  "dateTime" : "05/21/11 00:00:00",
  "value" : "314"
},{
  "dateTime" : "05/22/11 00:00:00",
  "value" : "250"
},{
  "dateTime" : "05/23/11 00:00:00",
  "value" : "266"
},{
  "dateTime" : "05/24/11 00:00:00",
  "value" : "166"
},{
  "dateTime" : "05/25/11 00:00:00",
  "value" : "200"
},{
  "dateTime" : "05/26/11 00:00:00",
  "value" : "235"
},{
  "dateTime" : "05/27/11 00:00:00",
  "value" : "303"
},{
  "dateTime" : "05/28/11 00:00:00",
  "value" : "156"
},{
  "dateTime" : "05/29/11 00:00:00",
  "value" : "358"
},{
  "dateTime" : "05/30/11 00:00:00",
  "value" : "299"
}]