[{
  "dateTime" : "10/17/13 00:00:00",
  "value" : "237"
},{
  "dateTime" : "10/18/13 00:00:00",
  "value" : "164"
},{
  "dateTime" : "10/19/13 00:00:00",
  "value" : "253"
},{
  "dateTime" : "10/20/13 00:00:00",
  "value" : "310"
},{
  "dateTime" : "10/21/13 00:00:00",
  "value" : "201"
},{
  "dateTime" : "10/22/13 00:00:00",
  "value" : "213"
},{
  "dateTime" : "10/23/13 00:00:00",
  "value" : "273"
},{
  "dateTime" : "10/24/13 00:00:00",
  "value" : "188"
},{
  "dateTime" : "10/25/13 00:00:00",
  "value" : "121"
},{
  "dateTime" : "10/26/13 00:00:00",
  "value" : "229"
},{
  "dateTime" : "10/27/13 00:00:00",
  "value" : "291"
},{
  "dateTime" : "10/28/13 00:00:00",
  "value" : "212"
},{
  "dateTime" : "10/29/13 00:00:00",
  "value" : "277"
},{
  "dateTime" : "10/30/13 00:00:00",
  "value" : "218"
},{
  "dateTime" : "10/31/13 00:00:00",
  "value" : "247"
},{
  "dateTime" : "11/01/13 00:00:00",
  "value" : "216"
},{
  "dateTime" : "11/02/13 00:00:00",
  "value" : "159"
},{
  "dateTime" : "11/03/13 00:00:00",
  "value" : "219"
},{
  "dateTime" : "11/04/13 00:00:00",
  "value" : "247"
},{
  "dateTime" : "11/05/13 00:00:00",
  "value" : "248"
},{
  "dateTime" : "11/06/13 00:00:00",
  "value" : "192"
},{
  "dateTime" : "11/07/13 00:00:00",
  "value" : "232"
},{
  "dateTime" : "11/08/13 00:00:00",
  "value" : "182"
},{
  "dateTime" : "11/09/13 00:00:00",
  "value" : "150"
},{
  "dateTime" : "11/10/13 00:00:00",
  "value" : "228"
},{
  "dateTime" : "11/11/13 00:00:00",
  "value" : "163"
},{
  "dateTime" : "11/12/13 00:00:00",
  "value" : "8"
},{
  "dateTime" : "11/13/13 00:00:00",
  "value" : "0"
},{
  "dateTime" : "11/14/13 00:00:00",
  "value" : "0"
},{
  "dateTime" : "11/15/13 00:00:00",
  "value" : "0"
}]