[{
  "dateTime" : "12/27/11 00:00:00",
  "value" : "319"
},{
  "dateTime" : "12/28/11 00:00:00",
  "value" : "228"
},{
  "dateTime" : "12/29/11 00:00:00",
  "value" : "256"
},{
  "dateTime" : "12/30/11 00:00:00",
  "value" : "232"
},{
  "dateTime" : "12/31/11 00:00:00",
  "value" : "307"
},{
  "dateTime" : "01/01/12 00:00:00",
  "value" : "206"
},{
  "dateTime" : "01/02/12 00:00:00",
  "value" : "302"
},{
  "dateTime" : "01/03/12 00:00:00",
  "value" : "202"
},{
  "dateTime" : "01/04/12 00:00:00",
  "value" : "288"
},{
  "dateTime" : "01/05/12 00:00:00",
  "value" : "200"
},{
  "dateTime" : "01/06/12 00:00:00",
  "value" : "254"
},{
  "dateTime" : "01/07/12 00:00:00",
  "value" : "326"
},{
  "dateTime" : "01/08/12 00:00:00",
  "value" : "326"
},{
  "dateTime" : "01/09/12 00:00:00",
  "value" : "291"
},{
  "dateTime" : "01/10/12 00:00:00",
  "value" : "219"
},{
  "dateTime" : "01/11/12 00:00:00",
  "value" : "298"
},{
  "dateTime" : "01/12/12 00:00:00",
  "value" : "201"
},{
  "dateTime" : "01/13/12 00:00:00",
  "value" : "128"
},{
  "dateTime" : "01/14/12 00:00:00",
  "value" : "246"
},{
  "dateTime" : "01/15/12 00:00:00",
  "value" : "359"
},{
  "dateTime" : "01/16/12 00:00:00",
  "value" : "326"
},{
  "dateTime" : "01/17/12 00:00:00",
  "value" : "245"
},{
  "dateTime" : "01/18/12 00:00:00",
  "value" : "231"
},{
  "dateTime" : "01/19/12 00:00:00",
  "value" : "154"
},{
  "dateTime" : "01/20/12 00:00:00",
  "value" : "164"
},{
  "dateTime" : "01/21/12 00:00:00",
  "value" : "213"
},{
  "dateTime" : "01/22/12 00:00:00",
  "value" : "229"
},{
  "dateTime" : "01/23/12 00:00:00",
  "value" : "308"
},{
  "dateTime" : "01/24/12 00:00:00",
  "value" : "273"
},{
  "dateTime" : "01/25/12 00:00:00",
  "value" : "277"
}]