[{
  "dateTime" : "12/20/18 00:00:00",
  "value" : "267"
},{
  "dateTime" : "12/21/18 00:00:00",
  "value" : "241"
},{
  "dateTime" : "12/22/18 00:00:00",
  "value" : "129"
},{
  "dateTime" : "12/23/18 00:00:00",
  "value" : "226"
},{
  "dateTime" : "12/24/18 00:00:00",
  "value" : "249"
},{
  "dateTime" : "12/25/18 00:00:00",
  "value" : "258"
},{
  "dateTime" : "12/26/18 00:00:00",
  "value" : "328"
},{
  "dateTime" : "12/27/18 00:00:00",
  "value" : "117"
},{
  "dateTime" : "12/28/18 00:00:00",
  "value" : "193"
},{
  "dateTime" : "12/29/18 00:00:00",
  "value" : "341"
},{
  "dateTime" : "12/30/18 00:00:00",
  "value" : "116"
},{
  "dateTime" : "12/31/18 00:00:00",
  "value" : "268"
},{
  "dateTime" : "01/01/19 00:00:00",
  "value" : "141"
},{
  "dateTime" : "01/02/19 00:00:00",
  "value" : "160"
},{
  "dateTime" : "01/03/19 00:00:00",
  "value" : "213"
},{
  "dateTime" : "01/04/19 00:00:00",
  "value" : "195"
},{
  "dateTime" : "01/05/19 00:00:00",
  "value" : "178"
},{
  "dateTime" : "01/06/19 00:00:00",
  "value" : "122"
},{
  "dateTime" : "01/07/19 00:00:00",
  "value" : "264"
},{
  "dateTime" : "01/08/19 00:00:00",
  "value" : "215"
},{
  "dateTime" : "01/09/19 00:00:00",
  "value" : "227"
},{
  "dateTime" : "01/10/19 00:00:00",
  "value" : "218"
},{
  "dateTime" : "01/11/19 00:00:00",
  "value" : "276"
},{
  "dateTime" : "01/12/19 00:00:00",
  "value" : "223"
},{
  "dateTime" : "01/13/19 00:00:00",
  "value" : "206"
},{
  "dateTime" : "01/14/19 00:00:00",
  "value" : "119"
},{
  "dateTime" : "01/15/19 00:00:00",
  "value" : "209"
},{
  "dateTime" : "01/16/19 00:00:00",
  "value" : "215"
},{
  "dateTime" : "01/17/19 00:00:00",
  "value" : "146"
},{
  "dateTime" : "01/18/19 00:00:00",
  "value" : "178"
}]