[{
  "dateTime" : "03/26/12 00:00:00",
  "value" : "218"
},{
  "dateTime" : "03/27/12 00:00:00",
  "value" : "190"
},{
  "dateTime" : "03/28/12 00:00:00",
  "value" : "183"
},{
  "dateTime" : "03/29/12 00:00:00",
  "value" : "213"
},{
  "dateTime" : "03/30/12 00:00:00",
  "value" : "258"
},{
  "dateTime" : "03/31/12 00:00:00",
  "value" : "290"
},{
  "dateTime" : "04/01/12 00:00:00",
  "value" : "259"
},{
  "dateTime" : "04/02/12 00:00:00",
  "value" : "202"
},{
  "dateTime" : "04/03/12 00:00:00",
  "value" : "240"
},{
  "dateTime" : "04/04/12 00:00:00",
  "value" : "235"
},{
  "dateTime" : "04/05/12 00:00:00",
  "value" : "240"
},{
  "dateTime" : "04/06/12 00:00:00",
  "value" : "315"
},{
  "dateTime" : "04/07/12 00:00:00",
  "value" : "272"
},{
  "dateTime" : "04/08/12 00:00:00",
  "value" : "173"
},{
  "dateTime" : "04/09/12 00:00:00",
  "value" : "220"
},{
  "dateTime" : "04/10/12 00:00:00",
  "value" : "231"
},{
  "dateTime" : "04/11/12 00:00:00",
  "value" : "215"
},{
  "dateTime" : "04/12/12 00:00:00",
  "value" : "225"
},{
  "dateTime" : "04/13/12 00:00:00",
  "value" : "187"
},{
  "dateTime" : "04/14/12 00:00:00",
  "value" : "225"
},{
  "dateTime" : "04/15/12 00:00:00",
  "value" : "271"
},{
  "dateTime" : "04/16/12 00:00:00",
  "value" : "243"
},{
  "dateTime" : "04/17/12 00:00:00",
  "value" : "212"
},{
  "dateTime" : "04/18/12 00:00:00",
  "value" : "308"
},{
  "dateTime" : "04/19/12 00:00:00",
  "value" : "243"
},{
  "dateTime" : "04/20/12 00:00:00",
  "value" : "227"
},{
  "dateTime" : "04/21/12 00:00:00",
  "value" : "254"
},{
  "dateTime" : "04/22/12 00:00:00",
  "value" : "268"
},{
  "dateTime" : "04/23/12 00:00:00",
  "value" : "207"
},{
  "dateTime" : "04/24/12 00:00:00",
  "value" : "166"
}]