[{
  "dateTime" : "10/03/10 00:00:00",
  "value" : "194"
},{
  "dateTime" : "10/04/10 00:00:00",
  "value" : "254"
},{
  "dateTime" : "10/05/10 00:00:00",
  "value" : "255"
},{
  "dateTime" : "10/06/10 00:00:00",
  "value" : "233"
},{
  "dateTime" : "10/07/10 00:00:00",
  "value" : "192"
},{
  "dateTime" : "10/08/10 00:00:00",
  "value" : "432"
},{
  "dateTime" : "10/09/10 00:00:00",
  "value" : "341"
},{
  "dateTime" : "10/10/10 00:00:00",
  "value" : "357"
},{
  "dateTime" : "10/11/10 00:00:00",
  "value" : "234"
},{
  "dateTime" : "10/12/10 00:00:00",
  "value" : "211"
},{
  "dateTime" : "10/13/10 00:00:00",
  "value" : "311"
},{
  "dateTime" : "10/14/10 00:00:00",
  "value" : "50"
},{
  "dateTime" : "10/15/10 00:00:00",
  "value" : "0"
},{
  "dateTime" : "10/16/10 00:00:00",
  "value" : "0"
},{
  "dateTime" : "10/17/10 00:00:00",
  "value" : "0"
},{
  "dateTime" : "10/18/10 00:00:00",
  "value" : "125"
},{
  "dateTime" : "10/19/10 00:00:00",
  "value" : "211"
},{
  "dateTime" : "10/20/10 00:00:00",
  "value" : "62"
},{
  "dateTime" : "10/21/10 00:00:00",
  "value" : "138"
},{
  "dateTime" : "10/22/10 00:00:00",
  "value" : "234"
},{
  "dateTime" : "10/23/10 00:00:00",
  "value" : "118"
},{
  "dateTime" : "10/24/10 00:00:00",
  "value" : "0"
},{
  "dateTime" : "10/25/10 00:00:00",
  "value" : "0"
},{
  "dateTime" : "10/26/10 00:00:00",
  "value" : "0"
},{
  "dateTime" : "10/27/10 00:00:00",
  "value" : "0"
},{
  "dateTime" : "10/28/10 00:00:00",
  "value" : "0"
},{
  "dateTime" : "10/29/10 00:00:00",
  "value" : "0"
},{
  "dateTime" : "10/30/10 00:00:00",
  "value" : "0"
},{
  "dateTime" : "10/31/10 00:00:00",
  "value" : "0"
},{
  "dateTime" : "11/01/10 00:00:00",
  "value" : "0"
}]