[{
  "dateTime" : "04/01/11 00:00:00",
  "value" : "227"
},{
  "dateTime" : "04/02/11 00:00:00",
  "value" : "250"
},{
  "dateTime" : "04/03/11 00:00:00",
  "value" : "243"
},{
  "dateTime" : "04/04/11 00:00:00",
  "value" : "281"
},{
  "dateTime" : "04/05/11 00:00:00",
  "value" : "249"
},{
  "dateTime" : "04/06/11 00:00:00",
  "value" : "286"
},{
  "dateTime" : "04/07/11 00:00:00",
  "value" : "199"
},{
  "dateTime" : "04/08/11 00:00:00",
  "value" : "230"
},{
  "dateTime" : "04/09/11 00:00:00",
  "value" : "305"
},{
  "dateTime" : "04/10/11 00:00:00",
  "value" : "273"
},{
  "dateTime" : "04/11/11 00:00:00",
  "value" : "235"
},{
  "dateTime" : "04/12/11 00:00:00",
  "value" : "222"
},{
  "dateTime" : "04/13/11 00:00:00",
  "value" : "260"
},{
  "dateTime" : "04/14/11 00:00:00",
  "value" : "253"
},{
  "dateTime" : "04/15/11 00:00:00",
  "value" : "238"
},{
  "dateTime" : "04/16/11 00:00:00",
  "value" : "190"
},{
  "dateTime" : "04/17/11 00:00:00",
  "value" : "176"
},{
  "dateTime" : "04/18/11 00:00:00",
  "value" : "206"
},{
  "dateTime" : "04/19/11 00:00:00",
  "value" : "205"
},{
  "dateTime" : "04/20/11 00:00:00",
  "value" : "222"
},{
  "dateTime" : "04/21/11 00:00:00",
  "value" : "242"
},{
  "dateTime" : "04/22/11 00:00:00",
  "value" : "175"
},{
  "dateTime" : "04/23/11 00:00:00",
  "value" : "246"
},{
  "dateTime" : "04/24/11 00:00:00",
  "value" : "387"
},{
  "dateTime" : "04/25/11 00:00:00",
  "value" : "247"
},{
  "dateTime" : "04/26/11 00:00:00",
  "value" : "247"
},{
  "dateTime" : "04/27/11 00:00:00",
  "value" : "265"
},{
  "dateTime" : "04/28/11 00:00:00",
  "value" : "146"
},{
  "dateTime" : "04/29/11 00:00:00",
  "value" : "219"
},{
  "dateTime" : "04/30/11 00:00:00",
  "value" : "283"
}]