[{
  "dateTime" : "06/09/15 00:00:00",
  "value" : "264"
},{
  "dateTime" : "06/10/15 00:00:00",
  "value" : "206"
},{
  "dateTime" : "06/11/15 00:00:00",
  "value" : "260"
},{
  "dateTime" : "06/12/15 00:00:00",
  "value" : "226"
},{
  "dateTime" : "06/13/15 00:00:00",
  "value" : "155"
},{
  "dateTime" : "06/14/15 00:00:00",
  "value" : "284"
},{
  "dateTime" : "06/15/15 00:00:00",
  "value" : "292"
},{
  "dateTime" : "06/16/15 00:00:00",
  "value" : "156"
},{
  "dateTime" : "06/17/15 00:00:00",
  "value" : "213"
},{
  "dateTime" : "06/18/15 00:00:00",
  "value" : "211"
},{
  "dateTime" : "06/19/15 00:00:00",
  "value" : "226"
},{
  "dateTime" : "06/20/15 00:00:00",
  "value" : "198"
},{
  "dateTime" : "06/21/15 00:00:00",
  "value" : "163"
},{
  "dateTime" : "06/22/15 00:00:00",
  "value" : "210"
},{
  "dateTime" : "06/23/15 00:00:00",
  "value" : "384"
},{
  "dateTime" : "06/24/15 00:00:00",
  "value" : "254"
},{
  "dateTime" : "06/25/15 00:00:00",
  "value" : "228"
},{
  "dateTime" : "06/26/15 00:00:00",
  "value" : "215"
},{
  "dateTime" : "06/27/15 00:00:00",
  "value" : "392"
},{
  "dateTime" : "06/28/15 00:00:00",
  "value" : "222"
},{
  "dateTime" : "06/29/15 00:00:00",
  "value" : "254"
},{
  "dateTime" : "06/30/15 00:00:00",
  "value" : "196"
},{
  "dateTime" : "07/01/15 00:00:00",
  "value" : "325"
},{
  "dateTime" : "07/02/15 00:00:00",
  "value" : "230"
},{
  "dateTime" : "07/03/15 00:00:00",
  "value" : "303"
},{
  "dateTime" : "07/04/15 00:00:00",
  "value" : "297"
},{
  "dateTime" : "07/05/15 00:00:00",
  "value" : "92"
},{
  "dateTime" : "07/06/15 00:00:00",
  "value" : "255"
},{
  "dateTime" : "07/07/15 00:00:00",
  "value" : "261"
},{
  "dateTime" : "07/08/15 00:00:00",
  "value" : "178"
}]