[{
  "dateTime" : "07/14/14 00:00:00",
  "value" : "92"
},{
  "dateTime" : "07/15/14 00:00:00",
  "value" : "161"
},{
  "dateTime" : "07/16/14 00:00:00",
  "value" : "141"
},{
  "dateTime" : "07/17/14 00:00:00",
  "value" : "138"
},{
  "dateTime" : "07/18/14 00:00:00",
  "value" : "181"
},{
  "dateTime" : "07/19/14 00:00:00",
  "value" : "103"
},{
  "dateTime" : "07/20/14 00:00:00",
  "value" : "199"
},{
  "dateTime" : "07/21/14 00:00:00",
  "value" : "135"
},{
  "dateTime" : "07/22/14 00:00:00",
  "value" : "138"
},{
  "dateTime" : "07/23/14 00:00:00",
  "value" : "216"
},{
  "dateTime" : "07/24/14 00:00:00",
  "value" : "110"
},{
  "dateTime" : "07/25/14 00:00:00",
  "value" : "172"
},{
  "dateTime" : "07/26/14 00:00:00",
  "value" : "175"
},{
  "dateTime" : "07/27/14 00:00:00",
  "value" : "138"
},{
  "dateTime" : "07/28/14 00:00:00",
  "value" : "159"
},{
  "dateTime" : "07/29/14 00:00:00",
  "value" : "167"
},{
  "dateTime" : "07/30/14 00:00:00",
  "value" : "127"
},{
  "dateTime" : "07/31/14 00:00:00",
  "value" : "186"
},{
  "dateTime" : "08/01/14 00:00:00",
  "value" : "68"
},{
  "dateTime" : "08/02/14 00:00:00",
  "value" : "152"
},{
  "dateTime" : "08/03/14 00:00:00",
  "value" : "161"
},{
  "dateTime" : "08/04/14 00:00:00",
  "value" : "197"
},{
  "dateTime" : "08/05/14 00:00:00",
  "value" : "176"
},{
  "dateTime" : "08/06/14 00:00:00",
  "value" : "148"
},{
  "dateTime" : "08/07/14 00:00:00",
  "value" : "101"
},{
  "dateTime" : "08/08/14 00:00:00",
  "value" : "128"
},{
  "dateTime" : "08/09/14 00:00:00",
  "value" : "149"
},{
  "dateTime" : "08/10/14 00:00:00",
  "value" : "125"
},{
  "dateTime" : "08/11/14 00:00:00",
  "value" : "186"
},{
  "dateTime" : "08/12/14 00:00:00",
  "value" : "175"
}]