[{
  "dateTime" : "04/25/12 00:00:00",
  "value" : "250"
},{
  "dateTime" : "04/26/12 00:00:00",
  "value" : "223"
},{
  "dateTime" : "04/27/12 00:00:00",
  "value" : "230"
},{
  "dateTime" : "04/28/12 00:00:00",
  "value" : "279"
},{
  "dateTime" : "04/29/12 00:00:00",
  "value" : "258"
},{
  "dateTime" : "04/30/12 00:00:00",
  "value" : "234"
},{
  "dateTime" : "05/01/12 00:00:00",
  "value" : "241"
},{
  "dateTime" : "05/02/12 00:00:00",
  "value" : "267"
},{
  "dateTime" : "05/03/12 00:00:00",
  "value" : "212"
},{
  "dateTime" : "05/04/12 00:00:00",
  "value" : "261"
},{
  "dateTime" : "05/05/12 00:00:00",
  "value" : "306"
},{
  "dateTime" : "05/06/12 00:00:00",
  "value" : "340"
},{
  "dateTime" : "05/07/12 00:00:00",
  "value" : "253"
},{
  "dateTime" : "05/08/12 00:00:00",
  "value" : "241"
},{
  "dateTime" : "05/09/12 00:00:00",
  "value" : "226"
},{
  "dateTime" : "05/10/12 00:00:00",
  "value" : "234"
},{
  "dateTime" : "05/11/12 00:00:00",
  "value" : "249"
},{
  "dateTime" : "05/12/12 00:00:00",
  "value" : "287"
},{
  "dateTime" : "05/13/12 00:00:00",
  "value" : "311"
},{
  "dateTime" : "05/14/12 00:00:00",
  "value" : "256"
},{
  "dateTime" : "05/15/12 00:00:00",
  "value" : "163"
},{
  "dateTime" : "05/16/12 00:00:00",
  "value" : "252"
},{
  "dateTime" : "05/17/12 00:00:00",
  "value" : "239"
},{
  "dateTime" : "05/18/12 00:00:00",
  "value" : "201"
},{
  "dateTime" : "05/19/12 00:00:00",
  "value" : "157"
},{
  "dateTime" : "05/20/12 00:00:00",
  "value" : "220"
},{
  "dateTime" : "05/21/12 00:00:00",
  "value" : "228"
},{
  "dateTime" : "05/22/12 00:00:00",
  "value" : "127"
},{
  "dateTime" : "05/23/12 00:00:00",
  "value" : "204"
},{
  "dateTime" : "05/24/12 00:00:00",
  "value" : "252"
}]