[{
  "dateTime" : "10/31/16 00:00:00",
  "value" : "132"
},{
  "dateTime" : "11/01/16 00:00:00",
  "value" : "234"
},{
  "dateTime" : "11/02/16 00:00:00",
  "value" : "0"
},{
  "dateTime" : "11/03/16 00:00:00",
  "value" : "0"
},{
  "dateTime" : "11/04/16 00:00:00",
  "value" : "104"
},{
  "dateTime" : "11/05/16 00:00:00",
  "value" : "257"
},{
  "dateTime" : "11/06/16 00:00:00",
  "value" : "113"
},{
  "dateTime" : "11/07/16 00:00:00",
  "value" : "160"
},{
  "dateTime" : "11/08/16 00:00:00",
  "value" : "182"
},{
  "dateTime" : "11/09/16 00:00:00",
  "value" : "134"
},{
  "dateTime" : "11/10/16 00:00:00",
  "value" : "226"
},{
  "dateTime" : "11/11/16 00:00:00",
  "value" : "246"
},{
  "dateTime" : "11/12/16 00:00:00",
  "value" : "52"
},{
  "dateTime" : "11/13/16 00:00:00",
  "value" : "0"
},{
  "dateTime" : "11/14/16 00:00:00",
  "value" : "0"
},{
  "dateTime" : "11/15/16 00:00:00",
  "value" : "0"
},{
  "dateTime" : "11/16/16 00:00:00",
  "value" : "118"
},{
  "dateTime" : "11/17/16 00:00:00",
  "value" : "256"
},{
  "dateTime" : "11/18/16 00:00:00",
  "value" : "245"
},{
  "dateTime" : "11/19/16 00:00:00",
  "value" : "183"
},{
  "dateTime" : "11/20/16 00:00:00",
  "value" : "131"
},{
  "dateTime" : "11/21/16 00:00:00",
  "value" : "149"
},{
  "dateTime" : "11/22/16 00:00:00",
  "value" : "170"
},{
  "dateTime" : "11/23/16 00:00:00",
  "value" : "146"
},{
  "dateTime" : "11/24/16 00:00:00",
  "value" : "310"
},{
  "dateTime" : "11/25/16 00:00:00",
  "value" : "75"
},{
  "dateTime" : "11/26/16 00:00:00",
  "value" : "56"
},{
  "dateTime" : "11/27/16 00:00:00",
  "value" : "207"
},{
  "dateTime" : "11/28/16 00:00:00",
  "value" : "143"
},{
  "dateTime" : "11/29/16 00:00:00",
  "value" : "128"
}]