[{
  "dateTime" : "12/06/15 00:00:00",
  "value" : "328"
},{
  "dateTime" : "12/07/15 00:00:00",
  "value" : "398"
},{
  "dateTime" : "12/08/15 00:00:00",
  "value" : "187"
},{
  "dateTime" : "12/09/15 00:00:00",
  "value" : "352"
},{
  "dateTime" : "12/10/15 00:00:00",
  "value" : "147"
},{
  "dateTime" : "12/11/15 00:00:00",
  "value" : "184"
},{
  "dateTime" : "12/12/15 00:00:00",
  "value" : "144"
},{
  "dateTime" : "12/13/15 00:00:00",
  "value" : "233"
},{
  "dateTime" : "12/14/15 00:00:00",
  "value" : "353"
},{
  "dateTime" : "12/15/15 00:00:00",
  "value" : "142"
},{
  "dateTime" : "12/16/15 00:00:00",
  "value" : "312"
},{
  "dateTime" : "12/17/15 00:00:00",
  "value" : "220"
},{
  "dateTime" : "12/18/15 00:00:00",
  "value" : "240"
},{
  "dateTime" : "12/19/15 00:00:00",
  "value" : "212"
},{
  "dateTime" : "12/20/15 00:00:00",
  "value" : "169"
},{
  "dateTime" : "12/21/15 00:00:00",
  "value" : "241"
},{
  "dateTime" : "12/22/15 00:00:00",
  "value" : "193"
},{
  "dateTime" : "12/23/15 00:00:00",
  "value" : "201"
},{
  "dateTime" : "12/24/15 00:00:00",
  "value" : "257"
},{
  "dateTime" : "12/25/15 00:00:00",
  "value" : "146"
},{
  "dateTime" : "12/26/15 00:00:00",
  "value" : "211"
},{
  "dateTime" : "12/27/15 00:00:00",
  "value" : "203"
},{
  "dateTime" : "12/28/15 00:00:00",
  "value" : "349"
},{
  "dateTime" : "12/29/15 00:00:00",
  "value" : "318"
},{
  "dateTime" : "12/30/15 00:00:00",
  "value" : "184"
},{
  "dateTime" : "12/31/15 00:00:00",
  "value" : "173"
},{
  "dateTime" : "01/01/16 00:00:00",
  "value" : "111"
},{
  "dateTime" : "01/02/16 00:00:00",
  "value" : "191"
},{
  "dateTime" : "01/03/16 00:00:00",
  "value" : "238"
},{
  "dateTime" : "01/04/16 00:00:00",
  "value" : "269"
}]