[{
  "dateTime" : "11/06/15 00:00:00",
  "value" : "266"
},{
  "dateTime" : "11/07/15 00:00:00",
  "value" : "166"
},{
  "dateTime" : "11/08/15 00:00:00",
  "value" : "248"
},{
  "dateTime" : "11/09/15 00:00:00",
  "value" : "280"
},{
  "dateTime" : "11/10/15 00:00:00",
  "value" : "97"
},{
  "dateTime" : "11/11/15 00:00:00",
  "value" : "340"
},{
  "dateTime" : "11/12/15 00:00:00",
  "value" : "280"
},{
  "dateTime" : "11/13/15 00:00:00",
  "value" : "312"
},{
  "dateTime" : "11/14/15 00:00:00",
  "value" : "311"
},{
  "dateTime" : "11/15/15 00:00:00",
  "value" : "229"
},{
  "dateTime" : "11/16/15 00:00:00",
  "value" : "243"
},{
  "dateTime" : "11/17/15 00:00:00",
  "value" : "328"
},{
  "dateTime" : "11/18/15 00:00:00",
  "value" : "338"
},{
  "dateTime" : "11/19/15 00:00:00",
  "value" : "207"
},{
  "dateTime" : "11/20/15 00:00:00",
  "value" : "245"
},{
  "dateTime" : "11/21/15 00:00:00",
  "value" : "177"
},{
  "dateTime" : "11/22/15 00:00:00",
  "value" : "318"
},{
  "dateTime" : "11/23/15 00:00:00",
  "value" : "227"
},{
  "dateTime" : "11/24/15 00:00:00",
  "value" : "263"
},{
  "dateTime" : "11/25/15 00:00:00",
  "value" : "293"
},{
  "dateTime" : "11/26/15 00:00:00",
  "value" : "416"
},{
  "dateTime" : "11/27/15 00:00:00",
  "value" : "217"
},{
  "dateTime" : "11/28/15 00:00:00",
  "value" : "241"
},{
  "dateTime" : "11/29/15 00:00:00",
  "value" : "281"
},{
  "dateTime" : "11/30/15 00:00:00",
  "value" : "267"
},{
  "dateTime" : "12/01/15 00:00:00",
  "value" : "218"
},{
  "dateTime" : "12/02/15 00:00:00",
  "value" : "328"
},{
  "dateTime" : "12/03/15 00:00:00",
  "value" : "236"
},{
  "dateTime" : "12/04/15 00:00:00",
  "value" : "156"
},{
  "dateTime" : "12/05/15 00:00:00",
  "value" : "196"
}]