[{
  "dateTime" : "10/28/11 00:00:00",
  "value" : "291"
},{
  "dateTime" : "10/29/11 00:00:00",
  "value" : "350"
},{
  "dateTime" : "10/30/11 00:00:00",
  "value" : "256"
},{
  "dateTime" : "10/31/11 00:00:00",
  "value" : "283"
},{
  "dateTime" : "11/01/11 00:00:00",
  "value" : "268"
},{
  "dateTime" : "11/02/11 00:00:00",
  "value" : "250"
},{
  "dateTime" : "11/03/11 00:00:00",
  "value" : "286"
},{
  "dateTime" : "11/04/11 00:00:00",
  "value" : "440"
},{
  "dateTime" : "11/05/11 00:00:00",
  "value" : "347"
},{
  "dateTime" : "11/06/11 00:00:00",
  "value" : "253"
},{
  "dateTime" : "11/07/11 00:00:00",
  "value" : "285"
},{
  "dateTime" : "11/08/11 00:00:00",
  "value" : "307"
},{
  "dateTime" : "11/09/11 00:00:00",
  "value" : "256"
},{
  "dateTime" : "11/10/11 00:00:00",
  "value" : "292"
},{
  "dateTime" : "11/11/11 00:00:00",
  "value" : "253"
},{
  "dateTime" : "11/12/11 00:00:00",
  "value" : "197"
},{
  "dateTime" : "11/13/11 00:00:00",
  "value" : "222"
},{
  "dateTime" : "11/14/11 00:00:00",
  "value" : "235"
},{
  "dateTime" : "11/15/11 00:00:00",
  "value" : "274"
},{
  "dateTime" : "11/16/11 00:00:00",
  "value" : "225"
},{
  "dateTime" : "11/17/11 00:00:00",
  "value" : "229"
},{
  "dateTime" : "11/18/11 00:00:00",
  "value" : "224"
},{
  "dateTime" : "11/19/11 00:00:00",
  "value" : "237"
},{
  "dateTime" : "11/20/11 00:00:00",
  "value" : "256"
},{
  "dateTime" : "11/21/11 00:00:00",
  "value" : "351"
},{
  "dateTime" : "11/22/11 00:00:00",
  "value" : "209"
},{
  "dateTime" : "11/23/11 00:00:00",
  "value" : "151"
},{
  "dateTime" : "11/24/11 00:00:00",
  "value" : "480"
},{
  "dateTime" : "11/25/11 00:00:00",
  "value" : "150"
},{
  "dateTime" : "11/26/11 00:00:00",
  "value" : "324"
}]