[{
  "dateTime" : "01/10/15 00:00:00",
  "value" : "203"
},{
  "dateTime" : "01/11/15 00:00:00",
  "value" : "191"
},{
  "dateTime" : "01/12/15 00:00:00",
  "value" : "272"
},{
  "dateTime" : "01/13/15 00:00:00",
  "value" : "203"
},{
  "dateTime" : "01/14/15 00:00:00",
  "value" : "247"
},{
  "dateTime" : "01/15/15 00:00:00",
  "value" : "207"
},{
  "dateTime" : "01/16/15 00:00:00",
  "value" : "173"
},{
  "dateTime" : "01/17/15 00:00:00",
  "value" : "290"
},{
  "dateTime" : "01/18/15 00:00:00",
  "value" : "161"
},{
  "dateTime" : "01/19/15 00:00:00",
  "value" : "193"
},{
  "dateTime" : "01/20/15 00:00:00",
  "value" : "217"
},{
  "dateTime" : "01/21/15 00:00:00",
  "value" : "261"
},{
  "dateTime" : "01/22/15 00:00:00",
  "value" : "213"
},{
  "dateTime" : "01/23/15 00:00:00",
  "value" : "275"
},{
  "dateTime" : "01/24/15 00:00:00",
  "value" : "175"
},{
  "dateTime" : "01/25/15 00:00:00",
  "value" : "233"
},{
  "dateTime" : "01/26/15 00:00:00",
  "value" : "265"
},{
  "dateTime" : "01/27/15 00:00:00",
  "value" : "202"
},{
  "dateTime" : "01/28/15 00:00:00",
  "value" : "297"
},{
  "dateTime" : "01/29/15 00:00:00",
  "value" : "167"
},{
  "dateTime" : "01/30/15 00:00:00",
  "value" : "228"
},{
  "dateTime" : "01/31/15 00:00:00",
  "value" : "176"
},{
  "dateTime" : "02/01/15 00:00:00",
  "value" : "218"
},{
  "dateTime" : "02/02/15 00:00:00",
  "value" : "286"
},{
  "dateTime" : "02/03/15 00:00:00",
  "value" : "343"
},{
  "dateTime" : "02/04/15 00:00:00",
  "value" : "200"
},{
  "dateTime" : "02/05/15 00:00:00",
  "value" : "234"
},{
  "dateTime" : "02/06/15 00:00:00",
  "value" : "151"
},{
  "dateTime" : "02/07/15 00:00:00",
  "value" : "257"
},{
  "dateTime" : "02/08/15 00:00:00",
  "value" : "84"
}]