[{
  "dateTime" : "12/07/09 00:00:00",
  "value" : "0"
},{
  "dateTime" : "12/08/09 00:00:00",
  "value" : "0"
},{
  "dateTime" : "12/09/09 00:00:00",
  "value" : "0"
},{
  "dateTime" : "12/10/09 00:00:00",
  "value" : "0"
},{
  "dateTime" : "12/11/09 00:00:00",
  "value" : "0"
},{
  "dateTime" : "12/12/09 00:00:00",
  "value" : "0"
},{
  "dateTime" : "12/13/09 00:00:00",
  "value" : "0"
},{
  "dateTime" : "12/14/09 00:00:00",
  "value" : "0"
},{
  "dateTime" : "12/15/09 00:00:00",
  "value" : "0"
},{
  "dateTime" : "12/16/09 00:00:00",
  "value" : "0"
},{
  "dateTime" : "12/17/09 00:00:00",
  "value" : "0"
},{
  "dateTime" : "12/18/09 00:00:00",
  "value" : "0"
},{
  "dateTime" : "12/19/09 00:00:00",
  "value" : "0"
},{
  "dateTime" : "12/20/09 00:00:00",
  "value" : "0"
},{
  "dateTime" : "12/21/09 00:00:00",
  "value" : "0"
},{
  "dateTime" : "12/22/09 00:00:00",
  "value" : "0"
},{
  "dateTime" : "12/23/09 00:00:00",
  "value" : "0"
},{
  "dateTime" : "12/24/09 00:00:00",
  "value" : "0"
},{
  "dateTime" : "12/25/09 00:00:00",
  "value" : "0"
},{
  "dateTime" : "12/26/09 00:00:00",
  "value" : "0"
},{
  "dateTime" : "12/27/09 00:00:00",
  "value" : "0"
},{
  "dateTime" : "12/28/09 00:00:00",
  "value" : "0"
},{
  "dateTime" : "12/29/09 00:00:00",
  "value" : "0"
},{
  "dateTime" : "12/30/09 00:00:00",
  "value" : "0"
},{
  "dateTime" : "12/31/09 00:00:00",
  "value" : "0"
},{
  "dateTime" : "01/01/10 00:00:00",
  "value" : "0"
},{
  "dateTime" : "01/02/10 00:00:00",
  "value" : "0"
},{
  "dateTime" : "01/03/10 00:00:00",
  "value" : "0"
},{
  "dateTime" : "01/04/10 00:00:00",
  "value" : "0"
},{
  "dateTime" : "01/05/10 00:00:00",
  "value" : "0"
}]