[{
  "dateTime" : "11/21/12 00:00:00",
  "value" : "317"
},{
  "dateTime" : "11/22/12 00:00:00",
  "value" : "206"
},{
  "dateTime" : "11/23/12 00:00:00",
  "value" : "207"
},{
  "dateTime" : "11/24/12 00:00:00",
  "value" : "260"
},{
  "dateTime" : "11/25/12 00:00:00",
  "value" : "216"
},{
  "dateTime" : "11/26/12 00:00:00",
  "value" : "183"
},{
  "dateTime" : "11/27/12 00:00:00",
  "value" : "226"
},{
  "dateTime" : "11/28/12 00:00:00",
  "value" : "240"
},{
  "dateTime" : "11/29/12 00:00:00",
  "value" : "197"
},{
  "dateTime" : "11/30/12 00:00:00",
  "value" : "263"
},{
  "dateTime" : "12/01/12 00:00:00",
  "value" : "226"
},{
  "dateTime" : "12/02/12 00:00:00",
  "value" : "214"
},{
  "dateTime" : "12/03/12 00:00:00",
  "value" : "178"
},{
  "dateTime" : "12/04/12 00:00:00",
  "value" : "191"
},{
  "dateTime" : "12/05/12 00:00:00",
  "value" : "203"
},{
  "dateTime" : "12/06/12 00:00:00",
  "value" : "173"
},{
  "dateTime" : "12/07/12 00:00:00",
  "value" : "226"
},{
  "dateTime" : "12/08/12 00:00:00",
  "value" : "189"
},{
  "dateTime" : "12/09/12 00:00:00",
  "value" : "245"
},{
  "dateTime" : "12/10/12 00:00:00",
  "value" : "213"
},{
  "dateTime" : "12/11/12 00:00:00",
  "value" : "201"
},{
  "dateTime" : "12/12/12 00:00:00",
  "value" : "223"
},{
  "dateTime" : "12/13/12 00:00:00",
  "value" : "209"
},{
  "dateTime" : "12/14/12 00:00:00",
  "value" : "169"
},{
  "dateTime" : "12/15/12 00:00:00",
  "value" : "255"
},{
  "dateTime" : "12/16/12 00:00:00",
  "value" : "246"
},{
  "dateTime" : "12/17/12 00:00:00",
  "value" : "255"
},{
  "dateTime" : "12/18/12 00:00:00",
  "value" : "234"
},{
  "dateTime" : "12/19/12 00:00:00",
  "value" : "276"
},{
  "dateTime" : "12/20/12 00:00:00",
  "value" : "272"
}]