[{
  "dateTime" : "01/24/18 00:00:00",
  "value" : "163"
},{
  "dateTime" : "01/25/18 00:00:00",
  "value" : "234"
},{
  "dateTime" : "01/26/18 00:00:00",
  "value" : "229"
},{
  "dateTime" : "01/27/18 00:00:00",
  "value" : "118"
},{
  "dateTime" : "01/28/18 00:00:00",
  "value" : "314"
},{
  "dateTime" : "01/29/18 00:00:00",
  "value" : "180"
},{
  "dateTime" : "01/30/18 00:00:00",
  "value" : "288"
},{
  "dateTime" : "01/31/18 00:00:00",
  "value" : "232"
},{
  "dateTime" : "02/01/18 00:00:00",
  "value" : "255"
},{
  "dateTime" : "02/02/18 00:00:00",
  "value" : "250"
},{
  "dateTime" : "02/03/18 00:00:00",
  "value" : "249"
},{
  "dateTime" : "02/04/18 00:00:00",
  "value" : "182"
},{
  "dateTime" : "02/05/18 00:00:00",
  "value" : "261"
},{
  "dateTime" : "02/06/18 00:00:00",
  "value" : "313"
},{
  "dateTime" : "02/07/18 00:00:00",
  "value" : "228"
},{
  "dateTime" : "02/08/18 00:00:00",
  "value" : "232"
},{
  "dateTime" : "02/09/18 00:00:00",
  "value" : "203"
},{
  "dateTime" : "02/10/18 00:00:00",
  "value" : "270"
},{
  "dateTime" : "02/11/18 00:00:00",
  "value" : "115"
},{
  "dateTime" : "02/12/18 00:00:00",
  "value" : "194"
},{
  "dateTime" : "02/13/18 00:00:00",
  "value" : "194"
},{
  "dateTime" : "02/14/18 00:00:00",
  "value" : "183"
},{
  "dateTime" : "02/15/18 00:00:00",
  "value" : "250"
},{
  "dateTime" : "02/16/18 00:00:00",
  "value" : "166"
},{
  "dateTime" : "02/17/18 00:00:00",
  "value" : "271"
},{
  "dateTime" : "02/18/18 00:00:00",
  "value" : "259"
},{
  "dateTime" : "02/19/18 00:00:00",
  "value" : "25"
},{
  "dateTime" : "02/20/18 00:00:00",
  "value" : "141"
},{
  "dateTime" : "02/21/18 00:00:00",
  "value" : "158"
},{
  "dateTime" : "02/22/18 00:00:00",
  "value" : "192"
}]