[{
  "dateTime" : "09/28/11 00:00:00",
  "value" : "188"
},{
  "dateTime" : "09/29/11 00:00:00",
  "value" : "259"
},{
  "dateTime" : "09/30/11 00:00:00",
  "value" : "267"
},{
  "dateTime" : "10/01/11 00:00:00",
  "value" : "207"
},{
  "dateTime" : "10/02/11 00:00:00",
  "value" : "246"
},{
  "dateTime" : "10/03/11 00:00:00",
  "value" : "172"
},{
  "dateTime" : "10/04/11 00:00:00",
  "value" : "175"
},{
  "dateTime" : "10/05/11 00:00:00",
  "value" : "276"
},{
  "dateTime" : "10/06/11 00:00:00",
  "value" : "221"
},{
  "dateTime" : "10/07/11 00:00:00",
  "value" : "208"
},{
  "dateTime" : "10/08/11 00:00:00",
  "value" : "318"
},{
  "dateTime" : "10/09/11 00:00:00",
  "value" : "159"
},{
  "dateTime" : "10/10/11 00:00:00",
  "value" : "275"
},{
  "dateTime" : "10/11/11 00:00:00",
  "value" : "216"
},{
  "dateTime" : "10/12/11 00:00:00",
  "value" : "424"
},{
  "dateTime" : "10/13/11 00:00:00",
  "value" : "164"
},{
  "dateTime" : "10/14/11 00:00:00",
  "value" : "182"
},{
  "dateTime" : "10/15/11 00:00:00",
  "value" : "164"
},{
  "dateTime" : "10/16/11 00:00:00",
  "value" : "198"
},{
  "dateTime" : "10/17/11 00:00:00",
  "value" : "270"
},{
  "dateTime" : "10/18/11 00:00:00",
  "value" : "279"
},{
  "dateTime" : "10/19/11 00:00:00",
  "value" : "249"
},{
  "dateTime" : "10/20/11 00:00:00",
  "value" : "299"
},{
  "dateTime" : "10/21/11 00:00:00",
  "value" : "255"
},{
  "dateTime" : "10/22/11 00:00:00",
  "value" : "254"
},{
  "dateTime" : "10/23/11 00:00:00",
  "value" : "231"
},{
  "dateTime" : "10/24/11 00:00:00",
  "value" : "301"
},{
  "dateTime" : "10/25/11 00:00:00",
  "value" : "277"
},{
  "dateTime" : "10/26/11 00:00:00",
  "value" : "299"
},{
  "dateTime" : "10/27/11 00:00:00",
  "value" : "196"
}]