[{
  "dateTime" : "05/24/18 00:00:00",
  "value" : "318"
},{
  "dateTime" : "05/25/18 00:00:00",
  "value" : "247"
},{
  "dateTime" : "05/26/18 00:00:00",
  "value" : "324"
},{
  "dateTime" : "05/27/18 00:00:00",
  "value" : "170"
},{
  "dateTime" : "05/28/18 00:00:00",
  "value" : "255"
},{
  "dateTime" : "05/29/18 00:00:00",
  "value" : "267"
},{
  "dateTime" : "05/30/18 00:00:00",
  "value" : "244"
},{
  "dateTime" : "05/31/18 00:00:00",
  "value" : "349"
},{
  "dateTime" : "06/01/18 00:00:00",
  "value" : "234"
},{
  "dateTime" : "06/02/18 00:00:00",
  "value" : "217"
},{
  "dateTime" : "06/03/18 00:00:00",
  "value" : "46"
},{
  "dateTime" : "06/04/18 00:00:00",
  "value" : "262"
},{
  "dateTime" : "06/05/18 00:00:00",
  "value" : "235"
},{
  "dateTime" : "06/06/18 00:00:00",
  "value" : "211"
},{
  "dateTime" : "06/07/18 00:00:00",
  "value" : "303"
},{
  "dateTime" : "06/08/18 00:00:00",
  "value" : "308"
},{
  "dateTime" : "06/09/18 00:00:00",
  "value" : "224"
},{
  "dateTime" : "06/10/18 00:00:00",
  "value" : "610"
},{
  "dateTime" : "06/11/18 00:00:00",
  "value" : "336"
},{
  "dateTime" : "06/12/18 00:00:00",
  "value" : "245"
},{
  "dateTime" : "06/13/18 00:00:00",
  "value" : "279"
},{
  "dateTime" : "06/14/18 00:00:00",
  "value" : "285"
},{
  "dateTime" : "06/15/18 00:00:00",
  "value" : "344"
},{
  "dateTime" : "06/16/18 00:00:00",
  "value" : "195"
},{
  "dateTime" : "06/17/18 00:00:00",
  "value" : "258"
},{
  "dateTime" : "06/18/18 00:00:00",
  "value" : "298"
},{
  "dateTime" : "06/19/18 00:00:00",
  "value" : "251"
},{
  "dateTime" : "06/20/18 00:00:00",
  "value" : "257"
},{
  "dateTime" : "06/21/18 00:00:00",
  "value" : "183"
},{
  "dateTime" : "06/22/18 00:00:00",
  "value" : "210"
}]