[{
  "dateTime" : "02/04/16 00:00:00",
  "value" : "245"
},{
  "dateTime" : "02/05/16 00:00:00",
  "value" : "207"
},{
  "dateTime" : "02/06/16 00:00:00",
  "value" : "143"
},{
  "dateTime" : "02/07/16 00:00:00",
  "value" : "251"
},{
  "dateTime" : "02/08/16 00:00:00",
  "value" : "203"
},{
  "dateTime" : "02/09/16 00:00:00",
  "value" : "265"
},{
  "dateTime" : "02/10/16 00:00:00",
  "value" : "126"
},{
  "dateTime" : "02/11/16 00:00:00",
  "value" : "250"
},{
  "dateTime" : "02/12/16 00:00:00",
  "value" : "205"
},{
  "dateTime" : "02/13/16 00:00:00",
  "value" : "133"
},{
  "dateTime" : "02/14/16 00:00:00",
  "value" : "276"
},{
  "dateTime" : "02/15/16 00:00:00",
  "value" : "184"
},{
  "dateTime" : "02/16/16 00:00:00",
  "value" : "241"
},{
  "dateTime" : "02/17/16 00:00:00",
  "value" : "185"
},{
  "dateTime" : "02/18/16 00:00:00",
  "value" : "231"
},{
  "dateTime" : "02/19/16 00:00:00",
  "value" : "282"
},{
  "dateTime" : "02/20/16 00:00:00",
  "value" : "314"
},{
  "dateTime" : "02/21/16 00:00:00",
  "value" : "187"
},{
  "dateTime" : "02/22/16 00:00:00",
  "value" : "204"
},{
  "dateTime" : "02/23/16 00:00:00",
  "value" : "205"
},{
  "dateTime" : "02/24/16 00:00:00",
  "value" : "171"
},{
  "dateTime" : "02/25/16 00:00:00",
  "value" : "256"
},{
  "dateTime" : "02/26/16 00:00:00",
  "value" : "154"
},{
  "dateTime" : "02/27/16 00:00:00",
  "value" : "209"
},{
  "dateTime" : "02/28/16 00:00:00",
  "value" : "92"
},{
  "dateTime" : "02/29/16 00:00:00",
  "value" : "200"
},{
  "dateTime" : "03/01/16 00:00:00",
  "value" : "207"
},{
  "dateTime" : "03/02/16 00:00:00",
  "value" : "197"
},{
  "dateTime" : "03/03/16 00:00:00",
  "value" : "265"
},{
  "dateTime" : "03/04/16 00:00:00",
  "value" : "138"
}]