[{
  "dateTime" : "12/30/16 00:00:00",
  "value" : "253"
},{
  "dateTime" : "12/31/16 00:00:00",
  "value" : "296"
},{
  "dateTime" : "01/01/17 00:00:00",
  "value" : "152"
},{
  "dateTime" : "01/02/17 00:00:00",
  "value" : "1"
},{
  "dateTime" : "01/03/17 00:00:00",
  "value" : "0"
},{
  "dateTime" : "01/04/17 00:00:00",
  "value" : "105"
},{
  "dateTime" : "01/05/17 00:00:00",
  "value" : "297"
},{
  "dateTime" : "01/06/17 00:00:00",
  "value" : "200"
},{
  "dateTime" : "01/07/17 00:00:00",
  "value" : "331"
},{
  "dateTime" : "01/08/17 00:00:00",
  "value" : "189"
},{
  "dateTime" : "01/09/17 00:00:00",
  "value" : "234"
},{
  "dateTime" : "01/10/17 00:00:00",
  "value" : "266"
},{
  "dateTime" : "01/11/17 00:00:00",
  "value" : "172"
},{
  "dateTime" : "01/12/17 00:00:00",
  "value" : "385"
},{
  "dateTime" : "01/13/17 00:00:00",
  "value" : "258"
},{
  "dateTime" : "01/14/17 00:00:00",
  "value" : "186"
},{
  "dateTime" : "01/15/17 00:00:00",
  "value" : "252"
},{
  "dateTime" : "01/16/17 00:00:00",
  "value" : "233"
},{
  "dateTime" : "01/17/17 00:00:00",
  "value" : "308"
},{
  "dateTime" : "01/18/17 00:00:00",
  "value" : "183"
},{
  "dateTime" : "01/19/17 00:00:00",
  "value" : "227"
},{
  "dateTime" : "01/20/17 00:00:00",
  "value" : "14"
},{
  "dateTime" : "01/21/17 00:00:00",
  "value" : "0"
},{
  "dateTime" : "01/22/17 00:00:00",
  "value" : "178"
},{
  "dateTime" : "01/23/17 00:00:00",
  "value" : "249"
},{
  "dateTime" : "01/24/17 00:00:00",
  "value" : "396"
},{
  "dateTime" : "01/25/17 00:00:00",
  "value" : "135"
},{
  "dateTime" : "01/26/17 00:00:00",
  "value" : "186"
},{
  "dateTime" : "01/27/17 00:00:00",
  "value" : "245"
},{
  "dateTime" : "01/28/17 00:00:00",
  "value" : "175"
}]