[{
  "dateTime" : "12/21/12 00:00:00",
  "value" : "261"
},{
  "dateTime" : "12/22/12 00:00:00",
  "value" : "220"
},{
  "dateTime" : "12/23/12 00:00:00",
  "value" : "226"
},{
  "dateTime" : "12/24/12 00:00:00",
  "value" : "368"
},{
  "dateTime" : "12/25/12 00:00:00",
  "value" : "239"
},{
  "dateTime" : "12/26/12 00:00:00",
  "value" : "291"
},{
  "dateTime" : "12/27/12 00:00:00",
  "value" : "292"
},{
  "dateTime" : "12/28/12 00:00:00",
  "value" : "190"
},{
  "dateTime" : "12/29/12 00:00:00",
  "value" : "226"
},{
  "dateTime" : "12/30/12 00:00:00",
  "value" : "260"
},{
  "dateTime" : "12/31/12 00:00:00",
  "value" : "284"
},{
  "dateTime" : "01/01/13 00:00:00",
  "value" : "252"
},{
  "dateTime" : "01/02/13 00:00:00",
  "value" : "268"
},{
  "dateTime" : "01/03/13 00:00:00",
  "value" : "333"
},{
  "dateTime" : "01/04/13 00:00:00",
  "value" : "322"
},{
  "dateTime" : "01/05/13 00:00:00",
  "value" : "208"
},{
  "dateTime" : "01/06/13 00:00:00",
  "value" : "283"
},{
  "dateTime" : "01/07/13 00:00:00",
  "value" : "291"
},{
  "dateTime" : "01/08/13 00:00:00",
  "value" : "329"
},{
  "dateTime" : "01/09/13 00:00:00",
  "value" : "201"
},{
  "dateTime" : "01/10/13 00:00:00",
  "value" : "265"
},{
  "dateTime" : "01/11/13 00:00:00",
  "value" : "217"
},{
  "dateTime" : "01/12/13 00:00:00",
  "value" : "221"
},{
  "dateTime" : "01/13/13 00:00:00",
  "value" : "217"
},{
  "dateTime" : "01/14/13 00:00:00",
  "value" : "327"
},{
  "dateTime" : "01/15/13 00:00:00",
  "value" : "321"
},{
  "dateTime" : "01/16/13 00:00:00",
  "value" : "323"
},{
  "dateTime" : "01/17/13 00:00:00",
  "value" : "211"
},{
  "dateTime" : "01/18/13 00:00:00",
  "value" : "285"
},{
  "dateTime" : "01/19/13 00:00:00",
  "value" : "178"
}]