[{
  "dateTime" : "04/24/18 00:00:00",
  "value" : "243"
},{
  "dateTime" : "04/25/18 00:00:00",
  "value" : "239"
},{
  "dateTime" : "04/26/18 00:00:00",
  "value" : "223"
},{
  "dateTime" : "04/27/18 00:00:00",
  "value" : "240"
},{
  "dateTime" : "04/28/18 00:00:00",
  "value" : "202"
},{
  "dateTime" : "04/29/18 00:00:00",
  "value" : "205"
},{
  "dateTime" : "04/30/18 00:00:00",
  "value" : "309"
},{
  "dateTime" : "05/01/18 00:00:00",
  "value" : "351"
},{
  "dateTime" : "05/02/18 00:00:00",
  "value" : "251"
},{
  "dateTime" : "05/03/18 00:00:00",
  "value" : "186"
},{
  "dateTime" : "05/04/18 00:00:00",
  "value" : "198"
},{
  "dateTime" : "05/05/18 00:00:00",
  "value" : "262"
},{
  "dateTime" : "05/06/18 00:00:00",
  "value" : "272"
},{
  "dateTime" : "05/07/18 00:00:00",
  "value" : "241"
},{
  "dateTime" : "05/08/18 00:00:00",
  "value" : "86"
},{
  "dateTime" : "05/09/18 00:00:00",
  "value" : "276"
},{
  "dateTime" : "05/10/18 00:00:00",
  "value" : "310"
},{
  "dateTime" : "05/11/18 00:00:00",
  "value" : "274"
},{
  "dateTime" : "05/12/18 00:00:00",
  "value" : "253"
},{
  "dateTime" : "05/13/18 00:00:00",
  "value" : "226"
},{
  "dateTime" : "05/14/18 00:00:00",
  "value" : "299"
},{
  "dateTime" : "05/15/18 00:00:00",
  "value" : "327"
},{
  "dateTime" : "05/16/18 00:00:00",
  "value" : "256"
},{
  "dateTime" : "05/17/18 00:00:00",
  "value" : "257"
},{
  "dateTime" : "05/18/18 00:00:00",
  "value" : "273"
},{
  "dateTime" : "05/19/18 00:00:00",
  "value" : "258"
},{
  "dateTime" : "05/20/18 00:00:00",
  "value" : "197"
},{
  "dateTime" : "05/21/18 00:00:00",
  "value" : "233"
},{
  "dateTime" : "05/22/18 00:00:00",
  "value" : "241"
},{
  "dateTime" : "05/23/18 00:00:00",
  "value" : "251"
}]