[{
  "dateTime" : "05/10/15 00:00:00",
  "value" : "178"
},{
  "dateTime" : "05/11/15 00:00:00",
  "value" : "334"
},{
  "dateTime" : "05/12/15 00:00:00",
  "value" : "342"
},{
  "dateTime" : "05/13/15 00:00:00",
  "value" : "268"
},{
  "dateTime" : "05/14/15 00:00:00",
  "value" : "269"
},{
  "dateTime" : "05/15/15 00:00:00",
  "value" : "246"
},{
  "dateTime" : "05/16/15 00:00:00",
  "value" : "162"
},{
  "dateTime" : "05/17/15 00:00:00",
  "value" : "280"
},{
  "dateTime" : "05/18/15 00:00:00",
  "value" : "270"
},{
  "dateTime" : "05/19/15 00:00:00",
  "value" : "188"
},{
  "dateTime" : "05/20/15 00:00:00",
  "value" : "284"
},{
  "dateTime" : "05/21/15 00:00:00",
  "value" : "310"
},{
  "dateTime" : "05/22/15 00:00:00",
  "value" : "290"
},{
  "dateTime" : "05/23/15 00:00:00",
  "value" : "222"
},{
  "dateTime" : "05/24/15 00:00:00",
  "value" : "197"
},{
  "dateTime" : "05/25/15 00:00:00",
  "value" : "184"
},{
  "dateTime" : "05/26/15 00:00:00",
  "value" : "368"
},{
  "dateTime" : "05/27/15 00:00:00",
  "value" : "332"
},{
  "dateTime" : "05/28/15 00:00:00",
  "value" : "320"
},{
  "dateTime" : "05/29/15 00:00:00",
  "value" : "259"
},{
  "dateTime" : "05/30/15 00:00:00",
  "value" : "175"
},{
  "dateTime" : "05/31/15 00:00:00",
  "value" : "242"
},{
  "dateTime" : "06/01/15 00:00:00",
  "value" : "235"
},{
  "dateTime" : "06/02/15 00:00:00",
  "value" : "308"
},{
  "dateTime" : "06/03/15 00:00:00",
  "value" : "305"
},{
  "dateTime" : "06/04/15 00:00:00",
  "value" : "261"
},{
  "dateTime" : "06/05/15 00:00:00",
  "value" : "456"
},{
  "dateTime" : "06/06/15 00:00:00",
  "value" : "252"
},{
  "dateTime" : "06/07/15 00:00:00",
  "value" : "394"
},{
  "dateTime" : "06/08/15 00:00:00",
  "value" : "241"
}]