[{
  "dateTime" : "09/07/15 00:00:00",
  "value" : "169"
},{
  "dateTime" : "09/08/15 00:00:00",
  "value" : "280"
},{
  "dateTime" : "09/09/15 00:00:00",
  "value" : "246"
},{
  "dateTime" : "09/10/15 00:00:00",
  "value" : "301"
},{
  "dateTime" : "09/11/15 00:00:00",
  "value" : "186"
},{
  "dateTime" : "09/12/15 00:00:00",
  "value" : "343"
},{
  "dateTime" : "09/13/15 00:00:00",
  "value" : "355"
},{
  "dateTime" : "09/14/15 00:00:00",
  "value" : "400"
},{
  "dateTime" : "09/15/15 00:00:00",
  "value" : "194"
},{
  "dateTime" : "09/16/15 00:00:00",
  "value" : "303"
},{
  "dateTime" : "09/17/15 00:00:00",
  "value" : "296"
},{
  "dateTime" : "09/18/15 00:00:00",
  "value" : "161"
},{
  "dateTime" : "09/19/15 00:00:00",
  "value" : "150"
},{
  "dateTime" : "09/20/15 00:00:00",
  "value" : "332"
},{
  "dateTime" : "09/21/15 00:00:00",
  "value" : "316"
},{
  "dateTime" : "09/22/15 00:00:00",
  "value" : "217"
},{
  "dateTime" : "09/23/15 00:00:00",
  "value" : "208"
},{
  "dateTime" : "09/24/15 00:00:00",
  "value" : "239"
},{
  "dateTime" : "09/25/15 00:00:00",
  "value" : "271"
},{
  "dateTime" : "09/26/15 00:00:00",
  "value" : "376"
},{
  "dateTime" : "09/27/15 00:00:00",
  "value" : "169"
},{
  "dateTime" : "09/28/15 00:00:00",
  "value" : "257"
},{
  "dateTime" : "09/29/15 00:00:00",
  "value" : "209"
},{
  "dateTime" : "09/30/15 00:00:00",
  "value" : "298"
},{
  "dateTime" : "10/01/15 00:00:00",
  "value" : "176"
},{
  "dateTime" : "10/02/15 00:00:00",
  "value" : "257"
},{
  "dateTime" : "10/03/15 00:00:00",
  "value" : "215"
},{
  "dateTime" : "10/04/15 00:00:00",
  "value" : "294"
},{
  "dateTime" : "10/05/15 00:00:00",
  "value" : "326"
},{
  "dateTime" : "10/06/15 00:00:00",
  "value" : "287"
}]