[{
  "dateTime" : "09/12/14 00:00:00",
  "value" : "159"
},{
  "dateTime" : "09/13/14 00:00:00",
  "value" : "159"
},{
  "dateTime" : "09/14/14 00:00:00",
  "value" : "68"
},{
  "dateTime" : "09/15/14 00:00:00",
  "value" : "159"
},{
  "dateTime" : "09/16/14 00:00:00",
  "value" : "116"
},{
  "dateTime" : "09/17/14 00:00:00",
  "value" : "177"
},{
  "dateTime" : "09/18/14 00:00:00",
  "value" : "209"
},{
  "dateTime" : "09/19/14 00:00:00",
  "value" : "123"
},{
  "dateTime" : "09/20/14 00:00:00",
  "value" : "181"
},{
  "dateTime" : "09/21/14 00:00:00",
  "value" : "191"
},{
  "dateTime" : "09/22/14 00:00:00",
  "value" : "151"
},{
  "dateTime" : "09/23/14 00:00:00",
  "value" : "122"
},{
  "dateTime" : "09/24/14 00:00:00",
  "value" : "124"
},{
  "dateTime" : "09/25/14 00:00:00",
  "value" : "158"
},{
  "dateTime" : "09/26/14 00:00:00",
  "value" : "195"
},{
  "dateTime" : "09/27/14 00:00:00",
  "value" : "116"
},{
  "dateTime" : "09/28/14 00:00:00",
  "value" : "120"
},{
  "dateTime" : "09/29/14 00:00:00",
  "value" : "189"
},{
  "dateTime" : "09/30/14 00:00:00",
  "value" : "168"
},{
  "dateTime" : "10/01/14 00:00:00",
  "value" : "162"
},{
  "dateTime" : "10/02/14 00:00:00",
  "value" : "161"
},{
  "dateTime" : "10/03/14 00:00:00",
  "value" : "129"
},{
  "dateTime" : "10/04/14 00:00:00",
  "value" : "144"
},{
  "dateTime" : "10/05/14 00:00:00",
  "value" : "145"
},{
  "dateTime" : "10/06/14 00:00:00",
  "value" : "174"
},{
  "dateTime" : "10/07/14 00:00:00",
  "value" : "118"
},{
  "dateTime" : "10/08/14 00:00:00",
  "value" : "185"
},{
  "dateTime" : "10/09/14 00:00:00",
  "value" : "118"
},{
  "dateTime" : "10/10/14 00:00:00",
  "value" : "125"
},{
  "dateTime" : "10/11/14 00:00:00",
  "value" : "110"
}]