[{
  "dateTime" : "03/16/14 00:00:00",
  "value" : "145"
},{
  "dateTime" : "03/17/14 00:00:00",
  "value" : "159"
},{
  "dateTime" : "03/18/14 00:00:00",
  "value" : "134"
},{
  "dateTime" : "03/19/14 00:00:00",
  "value" : "132"
},{
  "dateTime" : "03/20/14 00:00:00",
  "value" : "149"
},{
  "dateTime" : "03/21/14 00:00:00",
  "value" : "151"
},{
  "dateTime" : "03/22/14 00:00:00",
  "value" : "119"
},{
  "dateTime" : "03/23/14 00:00:00",
  "value" : "131"
},{
  "dateTime" : "03/24/14 00:00:00",
  "value" : "187"
},{
  "dateTime" : "03/25/14 00:00:00",
  "value" : "174"
},{
  "dateTime" : "03/26/14 00:00:00",
  "value" : "137"
},{
  "dateTime" : "03/27/14 00:00:00",
  "value" : "117"
},{
  "dateTime" : "03/28/14 00:00:00",
  "value" : "162"
},{
  "dateTime" : "03/29/14 00:00:00",
  "value" : "72"
},{
  "dateTime" : "03/30/14 00:00:00",
  "value" : "182"
},{
  "dateTime" : "03/31/14 00:00:00",
  "value" : "135"
},{
  "dateTime" : "04/01/14 00:00:00",
  "value" : "169"
},{
  "dateTime" : "04/02/14 00:00:00",
  "value" : "154"
},{
  "dateTime" : "04/03/14 00:00:00",
  "value" : "130"
},{
  "dateTime" : "04/04/14 00:00:00",
  "value" : "148"
},{
  "dateTime" : "04/05/14 00:00:00",
  "value" : "173"
},{
  "dateTime" : "04/06/14 00:00:00",
  "value" : "162"
},{
  "dateTime" : "04/07/14 00:00:00",
  "value" : "197"
},{
  "dateTime" : "04/08/14 00:00:00",
  "value" : "127"
},{
  "dateTime" : "04/09/14 00:00:00",
  "value" : "80"
},{
  "dateTime" : "04/10/14 00:00:00",
  "value" : "107"
},{
  "dateTime" : "04/11/14 00:00:00",
  "value" : "156"
},{
  "dateTime" : "04/12/14 00:00:00",
  "value" : "90"
},{
  "dateTime" : "04/13/14 00:00:00",
  "value" : "171"
},{
  "dateTime" : "04/14/14 00:00:00",
  "value" : "255"
}]