[{
  "dateTime" : "08/04/10 00:00:00",
  "value" : "219"
},{
  "dateTime" : "08/05/10 00:00:00",
  "value" : "199"
},{
  "dateTime" : "08/06/10 00:00:00",
  "value" : "173"
},{
  "dateTime" : "08/07/10 00:00:00",
  "value" : "325"
},{
  "dateTime" : "08/08/10 00:00:00",
  "value" : "228"
},{
  "dateTime" : "08/09/10 00:00:00",
  "value" : "226"
},{
  "dateTime" : "08/10/10 00:00:00",
  "value" : "229"
},{
  "dateTime" : "08/11/10 00:00:00",
  "value" : "262"
},{
  "dateTime" : "08/12/10 00:00:00",
  "value" : "197"
},{
  "dateTime" : "08/13/10 00:00:00",
  "value" : "265"
},{
  "dateTime" : "08/14/10 00:00:00",
  "value" : "295"
},{
  "dateTime" : "08/15/10 00:00:00",
  "value" : "280"
},{
  "dateTime" : "08/16/10 00:00:00",
  "value" : "232"
},{
  "dateTime" : "08/17/10 00:00:00",
  "value" : "196"
},{
  "dateTime" : "08/18/10 00:00:00",
  "value" : "233"
},{
  "dateTime" : "08/19/10 00:00:00",
  "value" : "241"
},{
  "dateTime" : "08/20/10 00:00:00",
  "value" : "206"
},{
  "dateTime" : "08/21/10 00:00:00",
  "value" : "338"
},{
  "dateTime" : "08/22/10 00:00:00",
  "value" : "229"
},{
  "dateTime" : "08/23/10 00:00:00",
  "value" : "219"
},{
  "dateTime" : "08/24/10 00:00:00",
  "value" : "229"
},{
  "dateTime" : "08/25/10 00:00:00",
  "value" : "198"
},{
  "dateTime" : "08/26/10 00:00:00",
  "value" : "237"
},{
  "dateTime" : "08/27/10 00:00:00",
  "value" : "249"
},{
  "dateTime" : "08/28/10 00:00:00",
  "value" : "229"
},{
  "dateTime" : "08/29/10 00:00:00",
  "value" : "276"
},{
  "dateTime" : "08/30/10 00:00:00",
  "value" : "228"
},{
  "dateTime" : "08/31/10 00:00:00",
  "value" : "227"
},{
  "dateTime" : "09/01/10 00:00:00",
  "value" : "230"
},{
  "dateTime" : "09/02/10 00:00:00",
  "value" : "168"
}]