[{
  "dateTime" : "03/30/17 00:00:00",
  "value" : "121"
},{
  "dateTime" : "03/31/17 00:00:00",
  "value" : "68"
},{
  "dateTime" : "04/01/17 00:00:00",
  "value" : "270"
},{
  "dateTime" : "04/02/17 00:00:00",
  "value" : "240"
},{
  "dateTime" : "04/03/17 00:00:00",
  "value" : "183"
},{
  "dateTime" : "04/04/17 00:00:00",
  "value" : "223"
},{
  "dateTime" : "04/05/17 00:00:00",
  "value" : "109"
},{
  "dateTime" : "04/06/17 00:00:00",
  "value" : "209"
},{
  "dateTime" : "04/07/17 00:00:00",
  "value" : "206"
},{
  "dateTime" : "04/08/17 00:00:00",
  "value" : "139"
},{
  "dateTime" : "04/09/17 00:00:00",
  "value" : "160"
},{
  "dateTime" : "04/10/17 00:00:00",
  "value" : "187"
},{
  "dateTime" : "04/11/17 00:00:00",
  "value" : "169"
},{
  "dateTime" : "04/12/17 00:00:00",
  "value" : "159"
},{
  "dateTime" : "04/13/17 00:00:00",
  "value" : "156"
},{
  "dateTime" : "04/14/17 00:00:00",
  "value" : "185"
},{
  "dateTime" : "04/15/17 00:00:00",
  "value" : "251"
},{
  "dateTime" : "04/16/17 00:00:00",
  "value" : "268"
},{
  "dateTime" : "04/17/17 00:00:00",
  "value" : "247"
},{
  "dateTime" : "04/18/17 00:00:00",
  "value" : "181"
},{
  "dateTime" : "04/19/17 00:00:00",
  "value" : "74"
},{
  "dateTime" : "04/20/17 00:00:00",
  "value" : "288"
},{
  "dateTime" : "04/21/17 00:00:00",
  "value" : "200"
},{
  "dateTime" : "04/22/17 00:00:00",
  "value" : "208"
},{
  "dateTime" : "04/23/17 00:00:00",
  "value" : "183"
},{
  "dateTime" : "04/24/17 00:00:00",
  "value" : "261"
},{
  "dateTime" : "04/25/17 00:00:00",
  "value" : "206"
},{
  "dateTime" : "04/26/17 00:00:00",
  "value" : "173"
},{
  "dateTime" : "04/27/17 00:00:00",
  "value" : "269"
},{
  "dateTime" : "04/28/17 00:00:00",
  "value" : "222"
}]