[{
  "dateTime" : "06/14/14 00:00:00",
  "value" : "129"
},{
  "dateTime" : "06/15/14 00:00:00",
  "value" : "89"
},{
  "dateTime" : "06/16/14 00:00:00",
  "value" : "136"
},{
  "dateTime" : "06/17/14 00:00:00",
  "value" : "164"
},{
  "dateTime" : "06/18/14 00:00:00",
  "value" : "263"
},{
  "dateTime" : "06/19/14 00:00:00",
  "value" : "159"
},{
  "dateTime" : "06/20/14 00:00:00",
  "value" : "103"
},{
  "dateTime" : "06/21/14 00:00:00",
  "value" : "152"
},{
  "dateTime" : "06/22/14 00:00:00",
  "value" : "120"
},{
  "dateTime" : "06/23/14 00:00:00",
  "value" : "212"
},{
  "dateTime" : "06/24/14 00:00:00",
  "value" : "183"
},{
  "dateTime" : "06/25/14 00:00:00",
  "value" : "155"
},{
  "dateTime" : "06/26/14 00:00:00",
  "value" : "187"
},{
  "dateTime" : "06/27/14 00:00:00",
  "value" : "149"
},{
  "dateTime" : "06/28/14 00:00:00",
  "value" : "117"
},{
  "dateTime" : "06/29/14 00:00:00",
  "value" : "154"
},{
  "dateTime" : "06/30/14 00:00:00",
  "value" : "190"
},{
  "dateTime" : "07/01/14 00:00:00",
  "value" : "216"
},{
  "dateTime" : "07/02/14 00:00:00",
  "value" : "83"
},{
  "dateTime" : "07/03/14 00:00:00",
  "value" : "83"
},{
  "dateTime" : "07/04/14 00:00:00",
  "value" : "164"
},{
  "dateTime" : "07/05/14 00:00:00",
  "value" : "143"
},{
  "dateTime" : "07/06/14 00:00:00",
  "value" : "170"
},{
  "dateTime" : "07/07/14 00:00:00",
  "value" : "135"
},{
  "dateTime" : "07/08/14 00:00:00",
  "value" : "171"
},{
  "dateTime" : "07/09/14 00:00:00",
  "value" : "229"
},{
  "dateTime" : "07/10/14 00:00:00",
  "value" : "131"
},{
  "dateTime" : "07/11/14 00:00:00",
  "value" : "208"
},{
  "dateTime" : "07/12/14 00:00:00",
  "value" : "104"
},{
  "dateTime" : "07/13/14 00:00:00",
  "value" : "166"
}]