[{
  "dateTime" : "02/14/14 00:00:00",
  "value" : "171"
},{
  "dateTime" : "02/15/14 00:00:00",
  "value" : "118"
},{
  "dateTime" : "02/16/14 00:00:00",
  "value" : "167"
},{
  "dateTime" : "02/17/14 00:00:00",
  "value" : "178"
},{
  "dateTime" : "02/18/14 00:00:00",
  "value" : "217"
},{
  "dateTime" : "02/19/14 00:00:00",
  "value" : "91"
},{
  "dateTime" : "02/20/14 00:00:00",
  "value" : "99"
},{
  "dateTime" : "02/21/14 00:00:00",
  "value" : "96"
},{
  "dateTime" : "02/22/14 00:00:00",
  "value" : "134"
},{
  "dateTime" : "02/23/14 00:00:00",
  "value" : "133"
},{
  "dateTime" : "02/24/14 00:00:00",
  "value" : "2"
},{
  "dateTime" : "02/25/14 00:00:00",
  "value" : "0"
},{
  "dateTime" : "02/26/14 00:00:00",
  "value" : "1"
},{
  "dateTime" : "02/27/14 00:00:00",
  "value" : "8"
},{
  "dateTime" : "02/28/14 00:00:00",
  "value" : "165"
},{
  "dateTime" : "03/01/14 00:00:00",
  "value" : "149"
},{
  "dateTime" : "03/02/14 00:00:00",
  "value" : "150"
},{
  "dateTime" : "03/03/14 00:00:00",
  "value" : "100"
},{
  "dateTime" : "03/04/14 00:00:00",
  "value" : "178"
},{
  "dateTime" : "03/05/14 00:00:00",
  "value" : "130"
},{
  "dateTime" : "03/06/14 00:00:00",
  "value" : "158"
},{
  "dateTime" : "03/07/14 00:00:00",
  "value" : "142"
},{
  "dateTime" : "03/08/14 00:00:00",
  "value" : "119"
},{
  "dateTime" : "03/09/14 00:00:00",
  "value" : "136"
},{
  "dateTime" : "03/10/14 00:00:00",
  "value" : "153"
},{
  "dateTime" : "03/11/14 00:00:00",
  "value" : "179"
},{
  "dateTime" : "03/12/14 00:00:00",
  "value" : "135"
},{
  "dateTime" : "03/13/14 00:00:00",
  "value" : "127"
},{
  "dateTime" : "03/14/14 00:00:00",
  "value" : "116"
},{
  "dateTime" : "03/15/14 00:00:00",
  "value" : "104"
}]