[{
  "dateTime" : "08/27/17 00:00:00",
  "value" : "220"
},{
  "dateTime" : "08/28/17 00:00:00",
  "value" : "266"
},{
  "dateTime" : "08/29/17 00:00:00",
  "value" : "302"
},{
  "dateTime" : "08/30/17 00:00:00",
  "value" : "325"
},{
  "dateTime" : "08/31/17 00:00:00",
  "value" : "255"
},{
  "dateTime" : "09/01/17 00:00:00",
  "value" : "235"
},{
  "dateTime" : "09/02/17 00:00:00",
  "value" : "210"
},{
  "dateTime" : "09/03/17 00:00:00",
  "value" : "215"
},{
  "dateTime" : "09/04/17 00:00:00",
  "value" : "240"
},{
  "dateTime" : "09/05/17 00:00:00",
  "value" : "182"
},{
  "dateTime" : "09/06/17 00:00:00",
  "value" : "239"
},{
  "dateTime" : "09/07/17 00:00:00",
  "value" : "216"
},{
  "dateTime" : "09/08/17 00:00:00",
  "value" : "285"
},{
  "dateTime" : "09/09/17 00:00:00",
  "value" : "209"
},{
  "dateTime" : "09/10/17 00:00:00",
  "value" : "302"
},{
  "dateTime" : "09/11/17 00:00:00",
  "value" : "233"
},{
  "dateTime" : "09/12/17 00:00:00",
  "value" : "256"
},{
  "dateTime" : "09/13/17 00:00:00",
  "value" : "221"
},{
  "dateTime" : "09/14/17 00:00:00",
  "value" : "211"
},{
  "dateTime" : "09/15/17 00:00:00",
  "value" : "197"
},{
  "dateTime" : "09/16/17 00:00:00",
  "value" : "174"
},{
  "dateTime" : "09/17/17 00:00:00",
  "value" : "324"
},{
  "dateTime" : "09/18/17 00:00:00",
  "value" : "194"
},{
  "dateTime" : "09/19/17 00:00:00",
  "value" : "233"
},{
  "dateTime" : "09/20/17 00:00:00",
  "value" : "197"
},{
  "dateTime" : "09/21/17 00:00:00",
  "value" : "217"
},{
  "dateTime" : "09/22/17 00:00:00",
  "value" : "394"
},{
  "dateTime" : "09/23/17 00:00:00",
  "value" : "206"
},{
  "dateTime" : "09/24/17 00:00:00",
  "value" : "247"
},{
  "dateTime" : "09/25/17 00:00:00",
  "value" : "149"
}]