[{
  "dateTime" : "09/01/16 00:00:00",
  "value" : "177"
},{
  "dateTime" : "09/02/16 00:00:00",
  "value" : "231"
},{
  "dateTime" : "09/03/16 00:00:00",
  "value" : "275"
},{
  "dateTime" : "09/04/16 00:00:00",
  "value" : "304"
},{
  "dateTime" : "09/05/16 00:00:00",
  "value" : "220"
},{
  "dateTime" : "09/06/16 00:00:00",
  "value" : "292"
},{
  "dateTime" : "09/07/16 00:00:00",
  "value" : "192"
},{
  "dateTime" : "09/08/16 00:00:00",
  "value" : "220"
},{
  "dateTime" : "09/09/16 00:00:00",
  "value" : "255"
},{
  "dateTime" : "09/10/16 00:00:00",
  "value" : "232"
},{
  "dateTime" : "09/11/16 00:00:00",
  "value" : "314"
},{
  "dateTime" : "09/12/16 00:00:00",
  "value" : "135"
},{
  "dateTime" : "09/13/16 00:00:00",
  "value" : "248"
},{
  "dateTime" : "09/14/16 00:00:00",
  "value" : "126"
},{
  "dateTime" : "09/15/16 00:00:00",
  "value" : "211"
},{
  "dateTime" : "09/16/16 00:00:00",
  "value" : "197"
},{
  "dateTime" : "09/17/16 00:00:00",
  "value" : "70"
},{
  "dateTime" : "09/18/16 00:00:00",
  "value" : "190"
},{
  "dateTime" : "09/19/16 00:00:00",
  "value" : "205"
},{
  "dateTime" : "09/20/16 00:00:00",
  "value" : "328"
},{
  "dateTime" : "09/21/16 00:00:00",
  "value" : "96"
},{
  "dateTime" : "09/22/16 00:00:00",
  "value" : "194"
},{
  "dateTime" : "09/23/16 00:00:00",
  "value" : "1380"
},{
  "dateTime" : "09/24/16 00:00:00",
  "value" : "1380"
},{
  "dateTime" : "09/25/16 00:00:00",
  "value" : "1380"
},{
  "dateTime" : "09/26/16 00:00:00",
  "value" : "1020"
},{
  "dateTime" : "09/27/16 00:00:00",
  "value" : "1440"
},{
  "dateTime" : "09/28/16 00:00:00",
  "value" : "1323"
},{
  "dateTime" : "09/29/16 00:00:00",
  "value" : "1322"
},{
  "dateTime" : "09/30/16 00:00:00",
  "value" : "1440"
}]