[{
  "dateTime" : "07/23/18 00:00:00",
  "value" : "340"
},{
  "dateTime" : "07/24/18 00:00:00",
  "value" : "272"
},{
  "dateTime" : "07/25/18 00:00:00",
  "value" : "262"
},{
  "dateTime" : "07/26/18 00:00:00",
  "value" : "210"
},{
  "dateTime" : "07/27/18 00:00:00",
  "value" : "330"
},{
  "dateTime" : "07/28/18 00:00:00",
  "value" : "200"
},{
  "dateTime" : "07/29/18 00:00:00",
  "value" : "194"
},{
  "dateTime" : "07/30/18 00:00:00",
  "value" : "294"
},{
  "dateTime" : "07/31/18 00:00:00",
  "value" : "345"
},{
  "dateTime" : "08/01/18 00:00:00",
  "value" : "160"
},{
  "dateTime" : "08/02/18 00:00:00",
  "value" : "298"
},{
  "dateTime" : "08/03/18 00:00:00",
  "value" : "277"
},{
  "dateTime" : "08/04/18 00:00:00",
  "value" : "244"
},{
  "dateTime" : "08/05/18 00:00:00",
  "value" : "183"
},{
  "dateTime" : "08/06/18 00:00:00",
  "value" : "269"
},{
  "dateTime" : "08/07/18 00:00:00",
  "value" : "222"
},{
  "dateTime" : "08/08/18 00:00:00",
  "value" : "216"
},{
  "dateTime" : "08/09/18 00:00:00",
  "value" : "256"
},{
  "dateTime" : "08/10/18 00:00:00",
  "value" : "259"
},{
  "dateTime" : "08/11/18 00:00:00",
  "value" : "250"
},{
  "dateTime" : "08/12/18 00:00:00",
  "value" : "230"
},{
  "dateTime" : "08/13/18 00:00:00",
  "value" : "166"
},{
  "dateTime" : "08/14/18 00:00:00",
  "value" : "267"
},{
  "dateTime" : "08/15/18 00:00:00",
  "value" : "186"
},{
  "dateTime" : "08/16/18 00:00:00",
  "value" : "250"
},{
  "dateTime" : "08/17/18 00:00:00",
  "value" : "215"
},{
  "dateTime" : "08/18/18 00:00:00",
  "value" : "105"
},{
  "dateTime" : "08/19/18 00:00:00",
  "value" : "272"
},{
  "dateTime" : "08/20/18 00:00:00",
  "value" : "245"
},{
  "dateTime" : "08/21/18 00:00:00",
  "value" : "301"
}]