[{
  "dateTime" : "09/21/18 00:00:00",
  "value" : "310"
},{
  "dateTime" : "09/22/18 00:00:00",
  "value" : "254"
},{
  "dateTime" : "09/23/18 00:00:00",
  "value" : "194"
},{
  "dateTime" : "09/24/18 00:00:00",
  "value" : "201"
},{
  "dateTime" : "09/25/18 00:00:00",
  "value" : "184"
},{
  "dateTime" : "09/26/18 00:00:00",
  "value" : "221"
},{
  "dateTime" : "09/27/18 00:00:00",
  "value" : "37"
},{
  "dateTime" : "09/28/18 00:00:00",
  "value" : "134"
},{
  "dateTime" : "09/29/18 00:00:00",
  "value" : "0"
},{
  "dateTime" : "09/30/18 00:00:00",
  "value" : "108"
},{
  "dateTime" : "10/01/18 00:00:00",
  "value" : "225"
},{
  "dateTime" : "10/02/18 00:00:00",
  "value" : "125"
},{
  "dateTime" : "10/03/18 00:00:00",
  "value" : "133"
},{
  "dateTime" : "10/04/18 00:00:00",
  "value" : "136"
},{
  "dateTime" : "10/05/18 00:00:00",
  "value" : "238"
},{
  "dateTime" : "10/06/18 00:00:00",
  "value" : "129"
},{
  "dateTime" : "10/07/18 00:00:00",
  "value" : "141"
},{
  "dateTime" : "10/08/18 00:00:00",
  "value" : "100"
},{
  "dateTime" : "10/09/18 00:00:00",
  "value" : "184"
},{
  "dateTime" : "10/10/18 00:00:00",
  "value" : "173"
},{
  "dateTime" : "10/11/18 00:00:00",
  "value" : "192"
},{
  "dateTime" : "10/12/18 00:00:00",
  "value" : "168"
},{
  "dateTime" : "10/13/18 00:00:00",
  "value" : "164"
},{
  "dateTime" : "10/14/18 00:00:00",
  "value" : "0"
},{
  "dateTime" : "10/15/18 00:00:00",
  "value" : "0"
},{
  "dateTime" : "10/16/18 00:00:00",
  "value" : "0"
},{
  "dateTime" : "10/17/18 00:00:00",
  "value" : "0"
},{
  "dateTime" : "10/18/18 00:00:00",
  "value" : "0"
},{
  "dateTime" : "10/19/18 00:00:00",
  "value" : "19"
},{
  "dateTime" : "10/20/18 00:00:00",
  "value" : "223"
}]