[{
  "dateTime" : "08/02/16 00:00:00",
  "value" : "183"
},{
  "dateTime" : "08/03/16 00:00:00",
  "value" : "266"
},{
  "dateTime" : "08/04/16 00:00:00",
  "value" : "168"
},{
  "dateTime" : "08/05/16 00:00:00",
  "value" : "355"
},{
  "dateTime" : "08/06/16 00:00:00",
  "value" : "170"
},{
  "dateTime" : "08/07/16 00:00:00",
  "value" : "309"
},{
  "dateTime" : "08/08/16 00:00:00",
  "value" : "251"
},{
  "dateTime" : "08/09/16 00:00:00",
  "value" : "229"
},{
  "dateTime" : "08/10/16 00:00:00",
  "value" : "187"
},{
  "dateTime" : "08/11/16 00:00:00",
  "value" : "175"
},{
  "dateTime" : "08/12/16 00:00:00",
  "value" : "177"
},{
  "dateTime" : "08/13/16 00:00:00",
  "value" : "260"
},{
  "dateTime" : "08/14/16 00:00:00",
  "value" : "180"
},{
  "dateTime" : "08/15/16 00:00:00",
  "value" : "232"
},{
  "dateTime" : "08/16/16 00:00:00",
  "value" : "223"
},{
  "dateTime" : "08/17/16 00:00:00",
  "value" : "213"
},{
  "dateTime" : "08/18/16 00:00:00",
  "value" : "233"
},{
  "dateTime" : "08/19/16 00:00:00",
  "value" : "218"
},{
  "dateTime" : "08/20/16 00:00:00",
  "value" : "223"
},{
  "dateTime" : "08/21/16 00:00:00",
  "value" : "212"
},{
  "dateTime" : "08/22/16 00:00:00",
  "value" : "190"
},{
  "dateTime" : "08/23/16 00:00:00",
  "value" : "253"
},{
  "dateTime" : "08/24/16 00:00:00",
  "value" : "197"
},{
  "dateTime" : "08/25/16 00:00:00",
  "value" : "209"
},{
  "dateTime" : "08/26/16 00:00:00",
  "value" : "134"
},{
  "dateTime" : "08/27/16 00:00:00",
  "value" : "301"
},{
  "dateTime" : "08/28/16 00:00:00",
  "value" : "246"
},{
  "dateTime" : "08/29/16 00:00:00",
  "value" : "251"
},{
  "dateTime" : "08/30/16 00:00:00",
  "value" : "185"
},{
  "dateTime" : "08/31/16 00:00:00",
  "value" : "192"
}]