[{
  "dateTime" : "04/20/13 00:00:00",
  "value" : "226"
},{
  "dateTime" : "04/21/13 00:00:00",
  "value" : "286"
},{
  "dateTime" : "04/22/13 00:00:00",
  "value" : "346"
},{
  "dateTime" : "04/23/13 00:00:00",
  "value" : "295"
},{
  "dateTime" : "04/24/13 00:00:00",
  "value" : "166"
},{
  "dateTime" : "04/25/13 00:00:00",
  "value" : "181"
},{
  "dateTime" : "04/26/13 00:00:00",
  "value" : "293"
},{
  "dateTime" : "04/27/13 00:00:00",
  "value" : "296"
},{
  "dateTime" : "04/28/13 00:00:00",
  "value" : "177"
},{
  "dateTime" : "04/29/13 00:00:00",
  "value" : "364"
},{
  "dateTime" : "04/30/13 00:00:00",
  "value" : "327"
},{
  "dateTime" : "05/01/13 00:00:00",
  "value" : "296"
},{
  "dateTime" : "05/02/13 00:00:00",
  "value" : "255"
},{
  "dateTime" : "05/03/13 00:00:00",
  "value" : "276"
},{
  "dateTime" : "05/04/13 00:00:00",
  "value" : "233"
},{
  "dateTime" : "05/05/13 00:00:00",
  "value" : "296"
},{
  "dateTime" : "05/06/13 00:00:00",
  "value" : "310"
},{
  "dateTime" : "05/07/13 00:00:00",
  "value" : "247"
},{
  "dateTime" : "05/08/13 00:00:00",
  "value" : "366"
},{
  "dateTime" : "05/09/13 00:00:00",
  "value" : "266"
},{
  "dateTime" : "05/10/13 00:00:00",
  "value" : "270"
},{
  "dateTime" : "05/11/13 00:00:00",
  "value" : "218"
},{
  "dateTime" : "05/12/13 00:00:00",
  "value" : "225"
},{
  "dateTime" : "05/13/13 00:00:00",
  "value" : "246"
},{
  "dateTime" : "05/14/13 00:00:00",
  "value" : "289"
},{
  "dateTime" : "05/15/13 00:00:00",
  "value" : "263"
},{
  "dateTime" : "05/16/13 00:00:00",
  "value" : "326"
},{
  "dateTime" : "05/17/13 00:00:00",
  "value" : "253"
},{
  "dateTime" : "05/18/13 00:00:00",
  "value" : "228"
},{
  "dateTime" : "05/19/13 00:00:00",
  "value" : "347"
}]