[{
  "dateTime" : "12/11/14 00:00:00",
  "value" : "211"
},{
  "dateTime" : "12/12/14 00:00:00",
  "value" : "180"
},{
  "dateTime" : "12/13/14 00:00:00",
  "value" : "150"
},{
  "dateTime" : "12/14/14 00:00:00",
  "value" : "181"
},{
  "dateTime" : "12/15/14 00:00:00",
  "value" : "246"
},{
  "dateTime" : "12/16/14 00:00:00",
  "value" : "298"
},{
  "dateTime" : "12/17/14 00:00:00",
  "value" : "212"
},{
  "dateTime" : "12/18/14 00:00:00",
  "value" : "268"
},{
  "dateTime" : "12/19/14 00:00:00",
  "value" : "177"
},{
  "dateTime" : "12/20/14 00:00:00",
  "value" : "294"
},{
  "dateTime" : "12/21/14 00:00:00",
  "value" : "226"
},{
  "dateTime" : "12/22/14 00:00:00",
  "value" : "150"
},{
  "dateTime" : "12/23/14 00:00:00",
  "value" : "167"
},{
  "dateTime" : "12/24/14 00:00:00",
  "value" : "245"
},{
  "dateTime" : "12/25/14 00:00:00",
  "value" : "261"
},{
  "dateTime" : "12/26/14 00:00:00",
  "value" : "148"
},{
  "dateTime" : "12/27/14 00:00:00",
  "value" : "243"
},{
  "dateTime" : "12/28/14 00:00:00",
  "value" : "177"
},{
  "dateTime" : "12/29/14 00:00:00",
  "value" : "239"
},{
  "dateTime" : "12/30/14 00:00:00",
  "value" : "145"
},{
  "dateTime" : "12/31/14 00:00:00",
  "value" : "196"
},{
  "dateTime" : "01/01/15 00:00:00",
  "value" : "185"
},{
  "dateTime" : "01/02/15 00:00:00",
  "value" : "331"
},{
  "dateTime" : "01/03/15 00:00:00",
  "value" : "215"
},{
  "dateTime" : "01/04/15 00:00:00",
  "value" : "197"
},{
  "dateTime" : "01/05/15 00:00:00",
  "value" : "228"
},{
  "dateTime" : "01/06/15 00:00:00",
  "value" : "246"
},{
  "dateTime" : "01/07/15 00:00:00",
  "value" : "198"
},{
  "dateTime" : "01/08/15 00:00:00",
  "value" : "236"
},{
  "dateTime" : "01/09/15 00:00:00",
  "value" : "150"
}]