[{
  "dateTime" : "11/25/17 00:00:00",
  "value" : "0"
},{
  "dateTime" : "11/26/17 00:00:00",
  "value" : "0"
},{
  "dateTime" : "11/27/17 00:00:00",
  "value" : "225"
},{
  "dateTime" : "11/28/17 00:00:00",
  "value" : "337"
},{
  "dateTime" : "11/29/17 00:00:00",
  "value" : "198"
},{
  "dateTime" : "11/30/17 00:00:00",
  "value" : "132"
},{
  "dateTime" : "12/01/17 00:00:00",
  "value" : "198"
},{
  "dateTime" : "12/02/17 00:00:00",
  "value" : "251"
},{
  "dateTime" : "12/03/17 00:00:00",
  "value" : "207"
},{
  "dateTime" : "12/04/17 00:00:00",
  "value" : "278"
},{
  "dateTime" : "12/05/17 00:00:00",
  "value" : "147"
},{
  "dateTime" : "12/06/17 00:00:00",
  "value" : "245"
},{
  "dateTime" : "12/07/17 00:00:00",
  "value" : "228"
},{
  "dateTime" : "12/08/17 00:00:00",
  "value" : "212"
},{
  "dateTime" : "12/09/17 00:00:00",
  "value" : "241"
},{
  "dateTime" : "12/10/17 00:00:00",
  "value" : "101"
},{
  "dateTime" : "12/11/17 00:00:00",
  "value" : "218"
},{
  "dateTime" : "12/12/17 00:00:00",
  "value" : "221"
},{
  "dateTime" : "12/13/17 00:00:00",
  "value" : "189"
},{
  "dateTime" : "12/14/17 00:00:00",
  "value" : "248"
},{
  "dateTime" : "12/15/17 00:00:00",
  "value" : "337"
},{
  "dateTime" : "12/16/17 00:00:00",
  "value" : "121"
},{
  "dateTime" : "12/17/17 00:00:00",
  "value" : "155"
},{
  "dateTime" : "12/18/17 00:00:00",
  "value" : "200"
},{
  "dateTime" : "12/19/17 00:00:00",
  "value" : "172"
},{
  "dateTime" : "12/20/17 00:00:00",
  "value" : "214"
},{
  "dateTime" : "12/21/17 00:00:00",
  "value" : "228"
},{
  "dateTime" : "12/22/17 00:00:00",
  "value" : "152"
},{
  "dateTime" : "12/23/17 00:00:00",
  "value" : "322"
},{
  "dateTime" : "12/24/17 00:00:00",
  "value" : "206"
}]