[{
  "dateTime" : "06/24/12 00:00:00",
  "value" : "207"
},{
  "dateTime" : "06/25/12 00:00:00",
  "value" : "253"
},{
  "dateTime" : "06/26/12 00:00:00",
  "value" : "234"
},{
  "dateTime" : "06/27/12 00:00:00",
  "value" : "241"
},{
  "dateTime" : "06/28/12 00:00:00",
  "value" : "193"
},{
  "dateTime" : "06/29/12 00:00:00",
  "value" : "245"
},{
  "dateTime" : "06/30/12 00:00:00",
  "value" : "228"
},{
  "dateTime" : "07/01/12 00:00:00",
  "value" : "241"
},{
  "dateTime" : "07/02/12 00:00:00",
  "value" : "230"
},{
  "dateTime" : "07/03/12 00:00:00",
  "value" : "235"
},{
  "dateTime" : "07/04/12 00:00:00",
  "value" : "201"
},{
  "dateTime" : "07/05/12 00:00:00",
  "value" : "183"
},{
  "dateTime" : "07/06/12 00:00:00",
  "value" : "210"
},{
  "dateTime" : "07/07/12 00:00:00",
  "value" : "225"
},{
  "dateTime" : "07/08/12 00:00:00",
  "value" : "212"
},{
  "dateTime" : "07/09/12 00:00:00",
  "value" : "382"
},{
  "dateTime" : "07/10/12 00:00:00",
  "value" : "218"
},{
  "dateTime" : "07/11/12 00:00:00",
  "value" : "120"
},{
  "dateTime" : "07/12/12 00:00:00",
  "value" : "118"
},{
  "dateTime" : "07/13/12 00:00:00",
  "value" : "215"
},{
  "dateTime" : "07/14/12 00:00:00",
  "value" : "205"
},{
  "dateTime" : "07/15/12 00:00:00",
  "value" : "240"
},{
  "dateTime" : "07/16/12 00:00:00",
  "value" : "216"
},{
  "dateTime" : "07/17/12 00:00:00",
  "value" : "213"
},{
  "dateTime" : "07/18/12 00:00:00",
  "value" : "251"
},{
  "dateTime" : "07/19/12 00:00:00",
  "value" : "201"
},{
  "dateTime" : "07/20/12 00:00:00",
  "value" : "212"
},{
  "dateTime" : "07/21/12 00:00:00",
  "value" : "160"
},{
  "dateTime" : "07/22/12 00:00:00",
  "value" : "244"
},{
  "dateTime" : "07/23/12 00:00:00",
  "value" : "264"
}]