[{
  "dateTime" : "01/05/16 00:00:00",
  "value" : "278"
},{
  "dateTime" : "01/06/16 00:00:00",
  "value" : "231"
},{
  "dateTime" : "01/07/16 00:00:00",
  "value" : "200"
},{
  "dateTime" : "01/08/16 00:00:00",
  "value" : "399"
},{
  "dateTime" : "01/09/16 00:00:00",
  "value" : "229"
},{
  "dateTime" : "01/10/16 00:00:00",
  "value" : "237"
},{
  "dateTime" : "01/11/16 00:00:00",
  "value" : "207"
},{
  "dateTime" : "01/12/16 00:00:00",
  "value" : "256"
},{
  "dateTime" : "01/13/16 00:00:00",
  "value" : "166"
},{
  "dateTime" : "01/14/16 00:00:00",
  "value" : "227"
},{
  "dateTime" : "01/15/16 00:00:00",
  "value" : "277"
},{
  "dateTime" : "01/16/16 00:00:00",
  "value" : "155"
},{
  "dateTime" : "01/17/16 00:00:00",
  "value" : "281"
},{
  "dateTime" : "01/18/16 00:00:00",
  "value" : "282"
},{
  "dateTime" : "01/19/16 00:00:00",
  "value" : "268"
},{
  "dateTime" : "01/20/16 00:00:00",
  "value" : "193"
},{
  "dateTime" : "01/21/16 00:00:00",
  "value" : "252"
},{
  "dateTime" : "01/22/16 00:00:00",
  "value" : "273"
},{
  "dateTime" : "01/23/16 00:00:00",
  "value" : "440"
},{
  "dateTime" : "01/24/16 00:00:00",
  "value" : "97"
},{
  "dateTime" : "01/25/16 00:00:00",
  "value" : "202"
},{
  "dateTime" : "01/26/16 00:00:00",
  "value" : "340"
},{
  "dateTime" : "01/27/16 00:00:00",
  "value" : "183"
},{
  "dateTime" : "01/28/16 00:00:00",
  "value" : "209"
},{
  "dateTime" : "01/29/16 00:00:00",
  "value" : "242"
},{
  "dateTime" : "01/30/16 00:00:00",
  "value" : "293"
},{
  "dateTime" : "01/31/16 00:00:00",
  "value" : "253"
},{
  "dateTime" : "02/01/16 00:00:00",
  "value" : "290"
},{
  "dateTime" : "02/02/16 00:00:00",
  "value" : "209"
},{
  "dateTime" : "02/03/16 00:00:00",
  "value" : "184"
}]