[{
  "dateTime" : "12/02/10 00:00:00",
  "value" : "93"
},{
  "dateTime" : "12/03/10 00:00:00",
  "value" : "115"
},{
  "dateTime" : "12/04/10 00:00:00",
  "value" : "0"
},{
  "dateTime" : "12/05/10 00:00:00",
  "value" : "63"
},{
  "dateTime" : "12/06/10 00:00:00",
  "value" : "242"
},{
  "dateTime" : "12/07/10 00:00:00",
  "value" : "143"
},{
  "dateTime" : "12/08/10 00:00:00",
  "value" : "232"
},{
  "dateTime" : "12/09/10 00:00:00",
  "value" : "287"
},{
  "dateTime" : "12/10/10 00:00:00",
  "value" : "174"
},{
  "dateTime" : "12/11/10 00:00:00",
  "value" : "81"
},{
  "dateTime" : "12/12/10 00:00:00",
  "value" : "0"
},{
  "dateTime" : "12/13/10 00:00:00",
  "value" : "81"
},{
  "dateTime" : "12/14/10 00:00:00",
  "value" : "123"
},{
  "dateTime" : "12/15/10 00:00:00",
  "value" : "150"
},{
  "dateTime" : "12/16/10 00:00:00",
  "value" : "223"
},{
  "dateTime" : "12/17/10 00:00:00",
  "value" : "235"
},{
  "dateTime" : "12/18/10 00:00:00",
  "value" : "148"
},{
  "dateTime" : "12/19/10 00:00:00",
  "value" : "301"
},{
  "dateTime" : "12/20/10 00:00:00",
  "value" : "232"
},{
  "dateTime" : "12/21/10 00:00:00",
  "value" : "254"
},{
  "dateTime" : "12/22/10 00:00:00",
  "value" : "192"
},{
  "dateTime" : "12/23/10 00:00:00",
  "value" : "373"
},{
  "dateTime" : "12/24/10 00:00:00",
  "value" : "8"
},{
  "dateTime" : "12/25/10 00:00:00",
  "value" : "173"
},{
  "dateTime" : "12/26/10 00:00:00",
  "value" : "344"
},{
  "dateTime" : "12/27/10 00:00:00",
  "value" : "269"
},{
  "dateTime" : "12/28/10 00:00:00",
  "value" : "212"
},{
  "dateTime" : "12/29/10 00:00:00",
  "value" : "249"
},{
  "dateTime" : "12/30/10 00:00:00",
  "value" : "280"
},{
  "dateTime" : "12/31/10 00:00:00",
  "value" : "317"
}]