[{
  "dateTime" : "06/23/18 00:00:00",
  "value" : "147"
},{
  "dateTime" : "06/24/18 00:00:00",
  "value" : "158"
},{
  "dateTime" : "06/25/18 00:00:00",
  "value" : "192"
},{
  "dateTime" : "06/26/18 00:00:00",
  "value" : "298"
},{
  "dateTime" : "06/27/18 00:00:00",
  "value" : "151"
},{
  "dateTime" : "06/28/18 00:00:00",
  "value" : "224"
},{
  "dateTime" : "06/29/18 00:00:00",
  "value" : "187"
},{
  "dateTime" : "06/30/18 00:00:00",
  "value" : "353"
},{
  "dateTime" : "07/01/18 00:00:00",
  "value" : "30"
},{
  "dateTime" : "07/02/18 00:00:00",
  "value" : "254"
},{
  "dateTime" : "07/03/18 00:00:00",
  "value" : "322"
},{
  "dateTime" : "07/04/18 00:00:00",
  "value" : "174"
},{
  "dateTime" : "07/05/18 00:00:00",
  "value" : "312"
},{
  "dateTime" : "07/06/18 00:00:00",
  "value" : "302"
},{
  "dateTime" : "07/07/18 00:00:00",
  "value" : "240"
},{
  "dateTime" : "07/08/18 00:00:00",
  "value" : "171"
},{
  "dateTime" : "07/09/18 00:00:00",
  "value" : "263"
},{
  "dateTime" : "07/10/18 00:00:00",
  "value" : "260"
},{
  "dateTime" : "07/11/18 00:00:00",
  "value" : "332"
},{
  "dateTime" : "07/12/18 00:00:00",
  "value" : "179"
},{
  "dateTime" : "07/13/18 00:00:00",
  "value" : "300"
},{
  "dateTime" : "07/14/18 00:00:00",
  "value" : "223"
},{
  "dateTime" : "07/15/18 00:00:00",
  "value" : "282"
},{
  "dateTime" : "07/16/18 00:00:00",
  "value" : "177"
},{
  "dateTime" : "07/17/18 00:00:00",
  "value" : "316"
},{
  "dateTime" : "07/18/18 00:00:00",
  "value" : "152"
},{
  "dateTime" : "07/19/18 00:00:00",
  "value" : "228"
},{
  "dateTime" : "07/20/18 00:00:00",
  "value" : "276"
},{
  "dateTime" : "07/21/18 00:00:00",
  "value" : "0"
},{
  "dateTime" : "07/22/18 00:00:00",
  "value" : "0"
}]