[{
  "dateTime" : "03/02/11 00:00:00",
  "value" : "217"
},{
  "dateTime" : "03/03/11 00:00:00",
  "value" : "224"
},{
  "dateTime" : "03/04/11 00:00:00",
  "value" : "196"
},{
  "dateTime" : "03/05/11 00:00:00",
  "value" : "179"
},{
  "dateTime" : "03/06/11 00:00:00",
  "value" : "348"
},{
  "dateTime" : "03/07/11 00:00:00",
  "value" : "246"
},{
  "dateTime" : "03/08/11 00:00:00",
  "value" : "186"
},{
  "dateTime" : "03/09/11 00:00:00",
  "value" : "181"
},{
  "dateTime" : "03/10/11 00:00:00",
  "value" : "242"
},{
  "dateTime" : "03/11/11 00:00:00",
  "value" : "267"
},{
  "dateTime" : "03/12/11 00:00:00",
  "value" : "246"
},{
  "dateTime" : "03/13/11 00:00:00",
  "value" : "285"
},{
  "dateTime" : "03/14/11 00:00:00",
  "value" : "216"
},{
  "dateTime" : "03/15/11 00:00:00",
  "value" : "185"
},{
  "dateTime" : "03/16/11 00:00:00",
  "value" : "188"
},{
  "dateTime" : "03/17/11 00:00:00",
  "value" : "216"
},{
  "dateTime" : "03/18/11 00:00:00",
  "value" : "209"
},{
  "dateTime" : "03/19/11 00:00:00",
  "value" : "346"
},{
  "dateTime" : "03/20/11 00:00:00",
  "value" : "264"
},{
  "dateTime" : "03/21/11 00:00:00",
  "value" : "198"
},{
  "dateTime" : "03/22/11 00:00:00",
  "value" : "187"
},{
  "dateTime" : "03/23/11 00:00:00",
  "value" : "173"
},{
  "dateTime" : "03/24/11 00:00:00",
  "value" : "213"
},{
  "dateTime" : "03/25/11 00:00:00",
  "value" : "219"
},{
  "dateTime" : "03/26/11 00:00:00",
  "value" : "330"
},{
  "dateTime" : "03/27/11 00:00:00",
  "value" : "229"
},{
  "dateTime" : "03/28/11 00:00:00",
  "value" : "183"
},{
  "dateTime" : "03/29/11 00:00:00",
  "value" : "234"
},{
  "dateTime" : "03/30/11 00:00:00",
  "value" : "290"
},{
  "dateTime" : "03/31/11 00:00:00",
  "value" : "225"
}]