[{
  "dateTime" : "09/17/13 00:00:00",
  "value" : "247"
},{
  "dateTime" : "09/18/13 00:00:00",
  "value" : "291"
},{
  "dateTime" : "09/19/13 00:00:00",
  "value" : "267"
},{
  "dateTime" : "09/20/13 00:00:00",
  "value" : "223"
},{
  "dateTime" : "09/21/13 00:00:00",
  "value" : "289"
},{
  "dateTime" : "09/22/13 00:00:00",
  "value" : "194"
},{
  "dateTime" : "09/23/13 00:00:00",
  "value" : "254"
},{
  "dateTime" : "09/24/13 00:00:00",
  "value" : "246"
},{
  "dateTime" : "09/25/13 00:00:00",
  "value" : "221"
},{
  "dateTime" : "09/26/13 00:00:00",
  "value" : "249"
},{
  "dateTime" : "09/27/13 00:00:00",
  "value" : "432"
},{
  "dateTime" : "09/28/13 00:00:00",
  "value" : "196"
},{
  "dateTime" : "09/29/13 00:00:00",
  "value" : "251"
},{
  "dateTime" : "09/30/13 00:00:00",
  "value" : "260"
},{
  "dateTime" : "10/01/13 00:00:00",
  "value" : "312"
},{
  "dateTime" : "10/02/13 00:00:00",
  "value" : "213"
},{
  "dateTime" : "10/03/13 00:00:00",
  "value" : "267"
},{
  "dateTime" : "10/04/13 00:00:00",
  "value" : "274"
},{
  "dateTime" : "10/05/13 00:00:00",
  "value" : "155"
},{
  "dateTime" : "10/06/13 00:00:00",
  "value" : "208"
},{
  "dateTime" : "10/07/13 00:00:00",
  "value" : "261"
},{
  "dateTime" : "10/08/13 00:00:00",
  "value" : "301"
},{
  "dateTime" : "10/09/13 00:00:00",
  "value" : "292"
},{
  "dateTime" : "10/10/13 00:00:00",
  "value" : "250"
},{
  "dateTime" : "10/11/13 00:00:00",
  "value" : "214"
},{
  "dateTime" : "10/12/13 00:00:00",
  "value" : "340"
},{
  "dateTime" : "10/13/13 00:00:00",
  "value" : "285"
},{
  "dateTime" : "10/14/13 00:00:00",
  "value" : "225"
},{
  "dateTime" : "10/15/13 00:00:00",
  "value" : "352"
},{
  "dateTime" : "10/16/13 00:00:00",
  "value" : "264"
}]