[{
  "dateTime" : "07/03/16 00:00:00",
  "value" : "202"
},{
  "dateTime" : "07/04/16 00:00:00",
  "value" : "291"
},{
  "dateTime" : "07/05/16 00:00:00",
  "value" : "198"
},{
  "dateTime" : "07/06/16 00:00:00",
  "value" : "194"
},{
  "dateTime" : "07/07/16 00:00:00",
  "value" : "209"
},{
  "dateTime" : "07/08/16 00:00:00",
  "value" : "225"
},{
  "dateTime" : "07/09/16 00:00:00",
  "value" : "289"
},{
  "dateTime" : "07/10/16 00:00:00",
  "value" : "258"
},{
  "dateTime" : "07/11/16 00:00:00",
  "value" : "300"
},{
  "dateTime" : "07/12/16 00:00:00",
  "value" : "271"
},{
  "dateTime" : "07/13/16 00:00:00",
  "value" : "267"
},{
  "dateTime" : "07/14/16 00:00:00",
  "value" : "177"
},{
  "dateTime" : "07/15/16 00:00:00",
  "value" : "227"
},{
  "dateTime" : "07/16/16 00:00:00",
  "value" : "280"
},{
  "dateTime" : "07/17/16 00:00:00",
  "value" : "215"
},{
  "dateTime" : "07/18/16 00:00:00",
  "value" : "231"
},{
  "dateTime" : "07/19/16 00:00:00",
  "value" : "242"
},{
  "dateTime" : "07/20/16 00:00:00",
  "value" : "233"
},{
  "dateTime" : "07/21/16 00:00:00",
  "value" : "154"
},{
  "dateTime" : "07/22/16 00:00:00",
  "value" : "174"
},{
  "dateTime" : "07/23/16 00:00:00",
  "value" : "180"
},{
  "dateTime" : "07/24/16 00:00:00",
  "value" : "181"
},{
  "dateTime" : "07/25/16 00:00:00",
  "value" : "238"
},{
  "dateTime" : "07/26/16 00:00:00",
  "value" : "312"
},{
  "dateTime" : "07/27/16 00:00:00",
  "value" : "295"
},{
  "dateTime" : "07/28/16 00:00:00",
  "value" : "298"
},{
  "dateTime" : "07/29/16 00:00:00",
  "value" : "201"
},{
  "dateTime" : "07/30/16 00:00:00",
  "value" : "300"
},{
  "dateTime" : "07/31/16 00:00:00",
  "value" : "249"
},{
  "dateTime" : "08/01/16 00:00:00",
  "value" : "210"
}]