[{
  "dateTime" : "06/03/16 00:00:00",
  "value" : "301"
},{
  "dateTime" : "06/04/16 00:00:00",
  "value" : "164"
},{
  "dateTime" : "06/05/16 00:00:00",
  "value" : "318"
},{
  "dateTime" : "06/06/16 00:00:00",
  "value" : "177"
},{
  "dateTime" : "06/07/16 00:00:00",
  "value" : "265"
},{
  "dateTime" : "06/08/16 00:00:00",
  "value" : "344"
},{
  "dateTime" : "06/09/16 00:00:00",
  "value" : "232"
},{
  "dateTime" : "06/10/16 00:00:00",
  "value" : "393"
},{
  "dateTime" : "06/11/16 00:00:00",
  "value" : "183"
},{
  "dateTime" : "06/12/16 00:00:00",
  "value" : "155"
},{
  "dateTime" : "06/13/16 00:00:00",
  "value" : "204"
},{
  "dateTime" : "06/14/16 00:00:00",
  "value" : "196"
},{
  "dateTime" : "06/15/16 00:00:00",
  "value" : "221"
},{
  "dateTime" : "06/16/16 00:00:00",
  "value" : "194"
},{
  "dateTime" : "06/17/16 00:00:00",
  "value" : "175"
},{
  "dateTime" : "06/18/16 00:00:00",
  "value" : "220"
},{
  "dateTime" : "06/19/16 00:00:00",
  "value" : "235"
},{
  "dateTime" : "06/20/16 00:00:00",
  "value" : "197"
},{
  "dateTime" : "06/21/16 00:00:00",
  "value" : "162"
},{
  "dateTime" : "06/22/16 00:00:00",
  "value" : "355"
},{
  "dateTime" : "06/23/16 00:00:00",
  "value" : "291"
},{
  "dateTime" : "06/24/16 00:00:00",
  "value" : "212"
},{
  "dateTime" : "06/25/16 00:00:00",
  "value" : "221"
},{
  "dateTime" : "06/26/16 00:00:00",
  "value" : "207"
},{
  "dateTime" : "06/27/16 00:00:00",
  "value" : "160"
},{
  "dateTime" : "06/28/16 00:00:00",
  "value" : "265"
},{
  "dateTime" : "06/29/16 00:00:00",
  "value" : "283"
},{
  "dateTime" : "06/30/16 00:00:00",
  "value" : "260"
},{
  "dateTime" : "07/01/16 00:00:00",
  "value" : "161"
},{
  "dateTime" : "07/02/16 00:00:00",
  "value" : "334"
}]