[{
  "dateTime" : "07/24/12 00:00:00",
  "value" : "225"
},{
  "dateTime" : "07/25/12 00:00:00",
  "value" : "226"
},{
  "dateTime" : "07/26/12 00:00:00",
  "value" : "218"
},{
  "dateTime" : "07/27/12 00:00:00",
  "value" : "217"
},{
  "dateTime" : "07/28/12 00:00:00",
  "value" : "375"
},{
  "dateTime" : "07/29/12 00:00:00",
  "value" : "332"
},{
  "dateTime" : "07/30/12 00:00:00",
  "value" : "200"
},{
  "dateTime" : "07/31/12 00:00:00",
  "value" : "262"
},{
  "dateTime" : "08/01/12 00:00:00",
  "value" : "205"
},{
  "dateTime" : "08/02/12 00:00:00",
  "value" : "219"
},{
  "dateTime" : "08/03/12 00:00:00",
  "value" : "203"
},{
  "dateTime" : "08/04/12 00:00:00",
  "value" : "236"
},{
  "dateTime" : "08/05/12 00:00:00",
  "value" : "281"
},{
  "dateTime" : "08/06/12 00:00:00",
  "value" : "193"
},{
  "dateTime" : "08/07/12 00:00:00",
  "value" : "186"
},{
  "dateTime" : "08/08/12 00:00:00",
  "value" : "132"
},{
  "dateTime" : "08/09/12 00:00:00",
  "value" : "157"
},{
  "dateTime" : "08/10/12 00:00:00",
  "value" : "205"
},{
  "dateTime" : "08/11/12 00:00:00",
  "value" : "111"
},{
  "dateTime" : "08/12/12 00:00:00",
  "value" : "192"
},{
  "dateTime" : "08/13/12 00:00:00",
  "value" : "253"
},{
  "dateTime" : "08/14/12 00:00:00",
  "value" : "225"
},{
  "dateTime" : "08/15/12 00:00:00",
  "value" : "218"
},{
  "dateTime" : "08/16/12 00:00:00",
  "value" : "237"
},{
  "dateTime" : "08/17/12 00:00:00",
  "value" : "267"
},{
  "dateTime" : "08/18/12 00:00:00",
  "value" : "308"
},{
  "dateTime" : "08/19/12 00:00:00",
  "value" : "253"
},{
  "dateTime" : "08/20/12 00:00:00",
  "value" : "187"
},{
  "dateTime" : "08/21/12 00:00:00",
  "value" : "246"
},{
  "dateTime" : "08/22/12 00:00:00",
  "value" : "220"
}]