[{
  "dateTime" : "06/28/17 00:00:00",
  "value" : "222"
},{
  "dateTime" : "06/29/17 00:00:00",
  "value" : "380"
},{
  "dateTime" : "06/30/17 00:00:00",
  "value" : "335"
},{
  "dateTime" : "07/01/17 00:00:00",
  "value" : "292"
},{
  "dateTime" : "07/02/17 00:00:00",
  "value" : "253"
},{
  "dateTime" : "07/03/17 00:00:00",
  "value" : "244"
},{
  "dateTime" : "07/04/17 00:00:00",
  "value" : "0"
},{
  "dateTime" : "07/05/17 00:00:00",
  "value" : "0"
},{
  "dateTime" : "07/06/17 00:00:00",
  "value" : "308"
},{
  "dateTime" : "07/07/17 00:00:00",
  "value" : "169"
},{
  "dateTime" : "07/08/17 00:00:00",
  "value" : "333"
},{
  "dateTime" : "07/09/17 00:00:00",
  "value" : "290"
},{
  "dateTime" : "07/10/17 00:00:00",
  "value" : "209"
},{
  "dateTime" : "07/11/17 00:00:00",
  "value" : "259"
},{
  "dateTime" : "07/12/17 00:00:00",
  "value" : "160"
},{
  "dateTime" : "07/13/17 00:00:00",
  "value" : "179"
},{
  "dateTime" : "07/14/17 00:00:00",
  "value" : "182"
},{
  "dateTime" : "07/15/17 00:00:00",
  "value" : "205"
},{
  "dateTime" : "07/16/17 00:00:00",
  "value" : "209"
},{
  "dateTime" : "07/17/17 00:00:00",
  "value" : "212"
},{
  "dateTime" : "07/18/17 00:00:00",
  "value" : "337"
},{
  "dateTime" : "07/19/17 00:00:00",
  "value" : "183"
},{
  "dateTime" : "07/20/17 00:00:00",
  "value" : "303"
},{
  "dateTime" : "07/21/17 00:00:00",
  "value" : "189"
},{
  "dateTime" : "07/22/17 00:00:00",
  "value" : "169"
},{
  "dateTime" : "07/23/17 00:00:00",
  "value" : "156"
},{
  "dateTime" : "07/24/17 00:00:00",
  "value" : "237"
},{
  "dateTime" : "07/25/17 00:00:00",
  "value" : "167"
},{
  "dateTime" : "07/26/17 00:00:00",
  "value" : "273"
},{
  "dateTime" : "07/27/17 00:00:00",
  "value" : "299"
}]