[{
  "dateTime" : "02/19/13 00:00:00",
  "value" : "216"
},{
  "dateTime" : "02/20/13 00:00:00",
  "value" : "162"
},{
  "dateTime" : "02/21/13 00:00:00",
  "value" : "218"
},{
  "dateTime" : "02/22/13 00:00:00",
  "value" : "210"
},{
  "dateTime" : "02/23/13 00:00:00",
  "value" : "232"
},{
  "dateTime" : "02/24/13 00:00:00",
  "value" : "228"
},{
  "dateTime" : "02/25/13 00:00:00",
  "value" : "292"
},{
  "dateTime" : "02/26/13 00:00:00",
  "value" : "214"
},{
  "dateTime" : "02/27/13 00:00:00",
  "value" : "275"
},{
  "dateTime" : "02/28/13 00:00:00",
  "value" : "144"
},{
  "dateTime" : "03/01/13 00:00:00",
  "value" : "311"
},{
  "dateTime" : "03/02/13 00:00:00",
  "value" : "284"
},{
  "dateTime" : "03/03/13 00:00:00",
  "value" : "219"
},{
  "dateTime" : "03/04/13 00:00:00",
  "value" : "262"
},{
  "dateTime" : "03/05/13 00:00:00",
  "value" : "366"
},{
  "dateTime" : "03/06/13 00:00:00",
  "value" : "265"
},{
  "dateTime" : "03/07/13 00:00:00",
  "value" : "255"
},{
  "dateTime" : "03/08/13 00:00:00",
  "value" : "178"
},{
  "dateTime" : "03/09/13 00:00:00",
  "value" : "189"
},{
  "dateTime" : "03/10/13 00:00:00",
  "value" : "273"
},{
  "dateTime" : "03/11/13 00:00:00",
  "value" : "209"
},{
  "dateTime" : "03/12/13 00:00:00",
  "value" : "271"
},{
  "dateTime" : "03/13/13 00:00:00",
  "value" : "202"
},{
  "dateTime" : "03/14/13 00:00:00",
  "value" : "282"
},{
  "dateTime" : "03/15/13 00:00:00",
  "value" : "213"
},{
  "dateTime" : "03/16/13 00:00:00",
  "value" : "268"
},{
  "dateTime" : "03/17/13 00:00:00",
  "value" : "156"
},{
  "dateTime" : "03/18/13 00:00:00",
  "value" : "253"
},{
  "dateTime" : "03/19/13 00:00:00",
  "value" : "171"
},{
  "dateTime" : "03/20/13 00:00:00",
  "value" : "188"
}]