[{
  "dateTime" : "03/25/18 00:00:00",
  "value" : "0"
},{
  "dateTime" : "03/26/18 00:00:00",
  "value" : "0"
},{
  "dateTime" : "03/27/18 00:00:00",
  "value" : "0"
},{
  "dateTime" : "03/28/18 00:00:00",
  "value" : "0"
},{
  "dateTime" : "03/29/18 00:00:00",
  "value" : "59"
},{
  "dateTime" : "03/30/18 00:00:00",
  "value" : "281"
},{
  "dateTime" : "03/31/18 00:00:00",
  "value" : "256"
},{
  "dateTime" : "04/01/18 00:00:00",
  "value" : "229"
},{
  "dateTime" : "04/02/18 00:00:00",
  "value" : "234"
},{
  "dateTime" : "04/03/18 00:00:00",
  "value" : "310"
},{
  "dateTime" : "04/04/18 00:00:00",
  "value" : "149"
},{
  "dateTime" : "04/05/18 00:00:00",
  "value" : "236"
},{
  "dateTime" : "04/06/18 00:00:00",
  "value" : "285"
},{
  "dateTime" : "04/07/18 00:00:00",
  "value" : "321"
},{
  "dateTime" : "04/08/18 00:00:00",
  "value" : "173"
},{
  "dateTime" : "04/09/18 00:00:00",
  "value" : "140"
},{
  "dateTime" : "04/10/18 00:00:00",
  "value" : "304"
},{
  "dateTime" : "04/11/18 00:00:00",
  "value" : "227"
},{
  "dateTime" : "04/12/18 00:00:00",
  "value" : "252"
},{
  "dateTime" : "04/13/18 00:00:00",
  "value" : "222"
},{
  "dateTime" : "04/14/18 00:00:00",
  "value" : "232"
},{
  "dateTime" : "04/15/18 00:00:00",
  "value" : "25"
},{
  "dateTime" : "04/16/18 00:00:00",
  "value" : "171"
},{
  "dateTime" : "04/17/18 00:00:00",
  "value" : "310"
},{
  "dateTime" : "04/18/18 00:00:00",
  "value" : "247"
},{
  "dateTime" : "04/19/18 00:00:00",
  "value" : "174"
},{
  "dateTime" : "04/20/18 00:00:00",
  "value" : "242"
},{
  "dateTime" : "04/21/18 00:00:00",
  "value" : "262"
},{
  "dateTime" : "04/22/18 00:00:00",
  "value" : "226"
},{
  "dateTime" : "04/23/18 00:00:00",
  "value" : "191"
}]