[{
  "dateTime" : "11/27/11 00:00:00",
  "value" : "304"
},{
  "dateTime" : "11/28/11 00:00:00",
  "value" : "222"
},{
  "dateTime" : "11/29/11 00:00:00",
  "value" : "247"
},{
  "dateTime" : "11/30/11 00:00:00",
  "value" : "210"
},{
  "dateTime" : "12/01/11 00:00:00",
  "value" : "267"
},{
  "dateTime" : "12/02/11 00:00:00",
  "value" : "209"
},{
  "dateTime" : "12/03/11 00:00:00",
  "value" : "280"
},{
  "dateTime" : "12/04/11 00:00:00",
  "value" : "196"
},{
  "dateTime" : "12/05/11 00:00:00",
  "value" : "256"
},{
  "dateTime" : "12/06/11 00:00:00",
  "value" : "182"
},{
  "dateTime" : "12/07/11 00:00:00",
  "value" : "252"
},{
  "dateTime" : "12/08/11 00:00:00",
  "value" : "226"
},{
  "dateTime" : "12/09/11 00:00:00",
  "value" : "285"
},{
  "dateTime" : "12/10/11 00:00:00",
  "value" : "238"
},{
  "dateTime" : "12/11/11 00:00:00",
  "value" : "220"
},{
  "dateTime" : "12/12/11 00:00:00",
  "value" : "207"
},{
  "dateTime" : "12/13/11 00:00:00",
  "value" : "205"
},{
  "dateTime" : "12/14/11 00:00:00",
  "value" : "253"
},{
  "dateTime" : "12/15/11 00:00:00",
  "value" : "254"
},{
  "dateTime" : "12/16/11 00:00:00",
  "value" : "293"
},{
  "dateTime" : "12/17/11 00:00:00",
  "value" : "324"
},{
  "dateTime" : "12/18/11 00:00:00",
  "value" : "386"
},{
  "dateTime" : "12/19/11 00:00:00",
  "value" : "269"
},{
  "dateTime" : "12/20/11 00:00:00",
  "value" : "227"
},{
  "dateTime" : "12/21/11 00:00:00",
  "value" : "261"
},{
  "dateTime" : "12/22/11 00:00:00",
  "value" : "261"
},{
  "dateTime" : "12/23/11 00:00:00",
  "value" : "339"
},{
  "dateTime" : "12/24/11 00:00:00",
  "value" : "169"
},{
  "dateTime" : "12/25/11 00:00:00",
  "value" : "220"
},{
  "dateTime" : "12/26/11 00:00:00",
  "value" : "266"
}]