[{
  "dateTime" : "08/08/15 00:00:00",
  "value" : "380"
},{
  "dateTime" : "08/09/15 00:00:00",
  "value" : "211"
},{
  "dateTime" : "08/10/15 00:00:00",
  "value" : "221"
},{
  "dateTime" : "08/11/15 00:00:00",
  "value" : "254"
},{
  "dateTime" : "08/12/15 00:00:00",
  "value" : "264"
},{
  "dateTime" : "08/13/15 00:00:00",
  "value" : "199"
},{
  "dateTime" : "08/14/15 00:00:00",
  "value" : "213"
},{
  "dateTime" : "08/15/15 00:00:00",
  "value" : "281"
},{
  "dateTime" : "08/16/15 00:00:00",
  "value" : "215"
},{
  "dateTime" : "08/17/15 00:00:00",
  "value" : "270"
},{
  "dateTime" : "08/18/15 00:00:00",
  "value" : "346"
},{
  "dateTime" : "08/19/15 00:00:00",
  "value" : "268"
},{
  "dateTime" : "08/20/15 00:00:00",
  "value" : "177"
},{
  "dateTime" : "08/21/15 00:00:00",
  "value" : "279"
},{
  "dateTime" : "08/22/15 00:00:00",
  "value" : "195"
},{
  "dateTime" : "08/23/15 00:00:00",
  "value" : "157"
},{
  "dateTime" : "08/24/15 00:00:00",
  "value" : "372"
},{
  "dateTime" : "08/25/15 00:00:00",
  "value" : "196"
},{
  "dateTime" : "08/26/15 00:00:00",
  "value" : "357"
},{
  "dateTime" : "08/27/15 00:00:00",
  "value" : "314"
},{
  "dateTime" : "08/28/15 00:00:00",
  "value" : "203"
},{
  "dateTime" : "08/29/15 00:00:00",
  "value" : "236"
},{
  "dateTime" : "08/30/15 00:00:00",
  "value" : "308"
},{
  "dateTime" : "08/31/15 00:00:00",
  "value" : "256"
},{
  "dateTime" : "09/01/15 00:00:00",
  "value" : "304"
},{
  "dateTime" : "09/02/15 00:00:00",
  "value" : "409"
},{
  "dateTime" : "09/03/15 00:00:00",
  "value" : "278"
},{
  "dateTime" : "09/04/15 00:00:00",
  "value" : "339"
},{
  "dateTime" : "09/05/15 00:00:00",
  "value" : "173"
},{
  "dateTime" : "09/06/15 00:00:00",
  "value" : "306"
}]