[{
  "dateTime" : "05/31/11 00:00:00",
  "value" : "316"
},{
  "dateTime" : "06/01/11 00:00:00",
  "value" : "256"
},{
  "dateTime" : "06/02/11 00:00:00",
  "value" : "272"
},{
  "dateTime" : "06/03/11 00:00:00",
  "value" : "209"
},{
  "dateTime" : "06/04/11 00:00:00",
  "value" : "187"
},{
  "dateTime" : "06/05/11 00:00:00",
  "value" : "217"
},{
  "dateTime" : "06/06/11 00:00:00",
  "value" : "286"
},{
  "dateTime" : "06/07/11 00:00:00",
  "value" : "266"
},{
  "dateTime" : "06/08/11 00:00:00",
  "value" : "280"
},{
  "dateTime" : "06/09/11 00:00:00",
  "value" : "207"
},{
  "dateTime" : "06/10/11 00:00:00",
  "value" : "253"
},{
  "dateTime" : "06/11/11 00:00:00",
  "value" : "442"
},{
  "dateTime" : "06/12/11 00:00:00",
  "value" : "262"
},{
  "dateTime" : "06/13/11 00:00:00",
  "value" : "277"
},{
  "dateTime" : "06/14/11 00:00:00",
  "value" : "278"
},{
  "dateTime" : "06/15/11 00:00:00",
  "value" : "259"
},{
  "dateTime" : "06/16/11 00:00:00",
  "value" : "272"
},{
  "dateTime" : "06/17/11 00:00:00",
  "value" : "253"
},{
  "dateTime" : "06/18/11 00:00:00",
  "value" : "220"
},{
  "dateTime" : "06/19/11 00:00:00",
  "value" : "228"
},{
  "dateTime" : "06/20/11 00:00:00",
  "value" : "278"
},{
  "dateTime" : "06/21/11 00:00:00",
  "value" : "219"
},{
  "dateTime" : "06/22/11 00:00:00",
  "value" : "276"
},{
  "dateTime" : "06/23/11 00:00:00",
  "value" : "256"
},{
  "dateTime" : "06/24/11 00:00:00",
  "value" : "293"
},{
  "dateTime" : "06/25/11 00:00:00",
  "value" : "277"
},{
  "dateTime" : "06/26/11 00:00:00",
  "value" : "189"
},{
  "dateTime" : "06/27/11 00:00:00",
  "value" : "264"
},{
  "dateTime" : "06/28/11 00:00:00",
  "value" : "232"
},{
  "dateTime" : "06/29/11 00:00:00",
  "value" : "301"
}]