[{
  "dateTime" : "08/23/12 00:00:00",
  "value" : "214"
},{
  "dateTime" : "08/24/12 00:00:00",
  "value" : "225"
},{
  "dateTime" : "08/25/12 00:00:00",
  "value" : "315"
},{
  "dateTime" : "08/26/12 00:00:00",
  "value" : "268"
},{
  "dateTime" : "08/27/12 00:00:00",
  "value" : "222"
},{
  "dateTime" : "08/28/12 00:00:00",
  "value" : "185"
},{
  "dateTime" : "08/29/12 00:00:00",
  "value" : "239"
},{
  "dateTime" : "08/30/12 00:00:00",
  "value" : "226"
},{
  "dateTime" : "08/31/12 00:00:00",
  "value" : "208"
},{
  "dateTime" : "09/01/12 00:00:00",
  "value" : "237"
},{
  "dateTime" : "09/02/12 00:00:00",
  "value" : "286"
},{
  "dateTime" : "09/03/12 00:00:00",
  "value" : "288"
},{
  "dateTime" : "09/04/12 00:00:00",
  "value" : "233"
},{
  "dateTime" : "09/05/12 00:00:00",
  "value" : "192"
},{
  "dateTime" : "09/06/12 00:00:00",
  "value" : "225"
},{
  "dateTime" : "09/07/12 00:00:00",
  "value" : "202"
},{
  "dateTime" : "09/08/12 00:00:00",
  "value" : "164"
},{
  "dateTime" : "09/09/12 00:00:00",
  "value" : "224"
},{
  "dateTime" : "09/10/12 00:00:00",
  "value" : "213"
},{
  "dateTime" : "09/11/12 00:00:00",
  "value" : "194"
},{
  "dateTime" : "09/12/12 00:00:00",
  "value" : "218"
},{
  "dateTime" : "09/13/12 00:00:00",
  "value" : "329"
},{
  "dateTime" : "09/14/12 00:00:00",
  "value" : "503"
},{
  "dateTime" : "09/15/12 00:00:00",
  "value" : "215"
},{
  "dateTime" : "09/16/12 00:00:00",
  "value" : "173"
},{
  "dateTime" : "09/17/12 00:00:00",
  "value" : "169"
},{
  "dateTime" : "09/18/12 00:00:00",
  "value" : "217"
},{
  "dateTime" : "09/19/12 00:00:00",
  "value" : "193"
},{
  "dateTime" : "09/20/12 00:00:00",
  "value" : "239"
},{
  "dateTime" : "09/21/12 00:00:00",
  "value" : "285"
}]