[{
  "dateTime" : "07/05/10 00:00:00",
  "value" : "150"
},{
  "dateTime" : "07/06/10 00:00:00",
  "value" : "47"
},{
  "dateTime" : "07/07/10 00:00:00",
  "value" : "228"
},{
  "dateTime" : "07/08/10 00:00:00",
  "value" : "229"
},{
  "dateTime" : "07/09/10 00:00:00",
  "value" : "251"
},{
  "dateTime" : "07/10/10 00:00:00",
  "value" : "346"
},{
  "dateTime" : "07/11/10 00:00:00",
  "value" : "282"
},{
  "dateTime" : "07/12/10 00:00:00",
  "value" : "236"
},{
  "dateTime" : "07/13/10 00:00:00",
  "value" : "236"
},{
  "dateTime" : "07/14/10 00:00:00",
  "value" : "258"
},{
  "dateTime" : "07/15/10 00:00:00",
  "value" : "251"
},{
  "dateTime" : "07/16/10 00:00:00",
  "value" : "220"
},{
  "dateTime" : "07/17/10 00:00:00",
  "value" : "325"
},{
  "dateTime" : "07/18/10 00:00:00",
  "value" : "287"
},{
  "dateTime" : "07/19/10 00:00:00",
  "value" : "254"
},{
  "dateTime" : "07/20/10 00:00:00",
  "value" : "226"
},{
  "dateTime" : "07/21/10 00:00:00",
  "value" : "250"
},{
  "dateTime" : "07/22/10 00:00:00",
  "value" : "232"
},{
  "dateTime" : "07/23/10 00:00:00",
  "value" : "222"
},{
  "dateTime" : "07/24/10 00:00:00",
  "value" : "146"
},{
  "dateTime" : "07/25/10 00:00:00",
  "value" : "175"
},{
  "dateTime" : "07/26/10 00:00:00",
  "value" : "0"
},{
  "dateTime" : "07/27/10 00:00:00",
  "value" : "106"
},{
  "dateTime" : "07/28/10 00:00:00",
  "value" : "213"
},{
  "dateTime" : "07/29/10 00:00:00",
  "value" : "281"
},{
  "dateTime" : "07/30/10 00:00:00",
  "value" : "249"
},{
  "dateTime" : "07/31/10 00:00:00",
  "value" : "310"
},{
  "dateTime" : "08/01/10 00:00:00",
  "value" : "148"
},{
  "dateTime" : "08/02/10 00:00:00",
  "value" : "241"
},{
  "dateTime" : "08/03/10 00:00:00",
  "value" : "174"
}]