[{
  "dateTime" : "08/22/18 00:00:00",
  "value" : "199"
},{
  "dateTime" : "08/23/18 00:00:00",
  "value" : "252"
},{
  "dateTime" : "08/24/18 00:00:00",
  "value" : "143"
},{
  "dateTime" : "08/25/18 00:00:00",
  "value" : "179"
},{
  "dateTime" : "08/26/18 00:00:00",
  "value" : "99"
},{
  "dateTime" : "08/27/18 00:00:00",
  "value" : "264"
},{
  "dateTime" : "08/28/18 00:00:00",
  "value" : "234"
},{
  "dateTime" : "08/29/18 00:00:00",
  "value" : "209"
},{
  "dateTime" : "08/30/18 00:00:00",
  "value" : "229"
},{
  "dateTime" : "08/31/18 00:00:00",
  "value" : "114"
},{
  "dateTime" : "09/01/18 00:00:00",
  "value" : "267"
},{
  "dateTime" : "09/02/18 00:00:00",
  "value" : "120"
},{
  "dateTime" : "09/03/18 00:00:00",
  "value" : "83"
},{
  "dateTime" : "09/04/18 00:00:00",
  "value" : "236"
},{
  "dateTime" : "09/05/18 00:00:00",
  "value" : "305"
},{
  "dateTime" : "09/06/18 00:00:00",
  "value" : "190"
},{
  "dateTime" : "09/07/18 00:00:00",
  "value" : "192"
},{
  "dateTime" : "09/08/18 00:00:00",
  "value" : "235"
},{
  "dateTime" : "09/09/18 00:00:00",
  "value" : "255"
},{
  "dateTime" : "09/10/18 00:00:00",
  "value" : "274"
},{
  "dateTime" : "09/11/18 00:00:00",
  "value" : "297"
},{
  "dateTime" : "09/12/18 00:00:00",
  "value" : "157"
},{
  "dateTime" : "09/13/18 00:00:00",
  "value" : "294"
},{
  "dateTime" : "09/14/18 00:00:00",
  "value" : "1"
},{
  "dateTime" : "09/15/18 00:00:00",
  "value" : "11"
},{
  "dateTime" : "09/16/18 00:00:00",
  "value" : "305"
},{
  "dateTime" : "09/17/18 00:00:00",
  "value" : "222"
},{
  "dateTime" : "09/18/18 00:00:00",
  "value" : "346"
},{
  "dateTime" : "09/19/18 00:00:00",
  "value" : "272"
},{
  "dateTime" : "09/20/18 00:00:00",
  "value" : "104"
}]