[{
  "dateTime" : "08/29/11 00:00:00",
  "value" : "201"
},{
  "dateTime" : "08/30/11 00:00:00",
  "value" : "252"
},{
  "dateTime" : "08/31/11 00:00:00",
  "value" : "254"
},{
  "dateTime" : "09/01/11 00:00:00",
  "value" : "235"
},{
  "dateTime" : "09/02/11 00:00:00",
  "value" : "162"
},{
  "dateTime" : "09/03/11 00:00:00",
  "value" : "178"
},{
  "dateTime" : "09/04/11 00:00:00",
  "value" : "191"
},{
  "dateTime" : "09/05/11 00:00:00",
  "value" : "221"
},{
  "dateTime" : "09/06/11 00:00:00",
  "value" : "246"
},{
  "dateTime" : "09/07/11 00:00:00",
  "value" : "217"
},{
  "dateTime" : "09/08/11 00:00:00",
  "value" : "220"
},{
  "dateTime" : "09/09/11 00:00:00",
  "value" : "163"
},{
  "dateTime" : "09/10/11 00:00:00",
  "value" : "28"
},{
  "dateTime" : "09/11/11 00:00:00",
  "value" : "190"
},{
  "dateTime" : "09/12/11 00:00:00",
  "value" : "256"
},{
  "dateTime" : "09/13/11 00:00:00",
  "value" : "163"
},{
  "dateTime" : "09/14/11 00:00:00",
  "value" : "213"
},{
  "dateTime" : "09/15/11 00:00:00",
  "value" : "279"
},{
  "dateTime" : "09/16/11 00:00:00",
  "value" : "263"
},{
  "dateTime" : "09/17/11 00:00:00",
  "value" : "217"
},{
  "dateTime" : "09/18/11 00:00:00",
  "value" : "272"
},{
  "dateTime" : "09/19/11 00:00:00",
  "value" : "246"
},{
  "dateTime" : "09/20/11 00:00:00",
  "value" : "195"
},{
  "dateTime" : "09/21/11 00:00:00",
  "value" : "251"
},{
  "dateTime" : "09/22/11 00:00:00",
  "value" : "349"
},{
  "dateTime" : "09/23/11 00:00:00",
  "value" : "299"
},{
  "dateTime" : "09/24/11 00:00:00",
  "value" : "296"
},{
  "dateTime" : "09/25/11 00:00:00",
  "value" : "316"
},{
  "dateTime" : "09/26/11 00:00:00",
  "value" : "211"
},{
  "dateTime" : "09/27/11 00:00:00",
  "value" : "246"
}]