[{
  "dateTime" : "07/09/15 00:00:00",
  "value" : "320"
},{
  "dateTime" : "07/10/15 00:00:00",
  "value" : "204"
},{
  "dateTime" : "07/11/15 00:00:00",
  "value" : "302"
},{
  "dateTime" : "07/12/15 00:00:00",
  "value" : "254"
},{
  "dateTime" : "07/13/15 00:00:00",
  "value" : "232"
},{
  "dateTime" : "07/14/15 00:00:00",
  "value" : "280"
},{
  "dateTime" : "07/15/15 00:00:00",
  "value" : "255"
},{
  "dateTime" : "07/16/15 00:00:00",
  "value" : "204"
},{
  "dateTime" : "07/17/15 00:00:00",
  "value" : "288"
},{
  "dateTime" : "07/18/15 00:00:00",
  "value" : "261"
},{
  "dateTime" : "07/19/15 00:00:00",
  "value" : "235"
},{
  "dateTime" : "07/20/15 00:00:00",
  "value" : "140"
},{
  "dateTime" : "07/21/15 00:00:00",
  "value" : "333"
},{
  "dateTime" : "07/22/15 00:00:00",
  "value" : "142"
},{
  "dateTime" : "07/23/15 00:00:00",
  "value" : "238"
},{
  "dateTime" : "07/24/15 00:00:00",
  "value" : "236"
},{
  "dateTime" : "07/25/15 00:00:00",
  "value" : "241"
},{
  "dateTime" : "07/26/15 00:00:00",
  "value" : "161"
},{
  "dateTime" : "07/27/15 00:00:00",
  "value" : "249"
},{
  "dateTime" : "07/28/15 00:00:00",
  "value" : "372"
},{
  "dateTime" : "07/29/15 00:00:00",
  "value" : "256"
},{
  "dateTime" : "07/30/15 00:00:00",
  "value" : "258"
},{
  "dateTime" : "07/31/15 00:00:00",
  "value" : "342"
},{
  "dateTime" : "08/01/15 00:00:00",
  "value" : "525"
},{
  "dateTime" : "08/02/15 00:00:00",
  "value" : "165"
},{
  "dateTime" : "08/03/15 00:00:00",
  "value" : "339"
},{
  "dateTime" : "08/04/15 00:00:00",
  "value" : "301"
},{
  "dateTime" : "08/05/15 00:00:00",
  "value" : "218"
},{
  "dateTime" : "08/06/15 00:00:00",
  "value" : "421"
},{
  "dateTime" : "08/07/15 00:00:00",
  "value" : "195"
}]