[{
  "dateTime" : "09/22/12 00:00:00",
  "value" : "228"
},{
  "dateTime" : "09/23/12 00:00:00",
  "value" : "186"
},{
  "dateTime" : "09/24/12 00:00:00",
  "value" : "209"
},{
  "dateTime" : "09/25/12 00:00:00",
  "value" : "215"
},{
  "dateTime" : "09/26/12 00:00:00",
  "value" : "283"
},{
  "dateTime" : "09/27/12 00:00:00",
  "value" : "198"
},{
  "dateTime" : "09/28/12 00:00:00",
  "value" : "219"
},{
  "dateTime" : "09/29/12 00:00:00",
  "value" : "218"
},{
  "dateTime" : "09/30/12 00:00:00",
  "value" : "284"
},{
  "dateTime" : "10/01/12 00:00:00",
  "value" : "237"
},{
  "dateTime" : "10/02/12 00:00:00",
  "value" : "260"
},{
  "dateTime" : "10/03/12 00:00:00",
  "value" : "220"
},{
  "dateTime" : "10/04/12 00:00:00",
  "value" : "225"
},{
  "dateTime" : "10/05/12 00:00:00",
  "value" : "226"
},{
  "dateTime" : "10/06/12 00:00:00",
  "value" : "223"
},{
  "dateTime" : "10/07/12 00:00:00",
  "value" : "284"
},{
  "dateTime" : "10/08/12 00:00:00",
  "value" : "197"
},{
  "dateTime" : "10/09/12 00:00:00",
  "value" : "183"
},{
  "dateTime" : "10/10/12 00:00:00",
  "value" : "216"
},{
  "dateTime" : "10/11/12 00:00:00",
  "value" : "251"
},{
  "dateTime" : "10/12/12 00:00:00",
  "value" : "250"
},{
  "dateTime" : "10/13/12 00:00:00",
  "value" : "211"
},{
  "dateTime" : "10/14/12 00:00:00",
  "value" : "266"
},{
  "dateTime" : "10/15/12 00:00:00",
  "value" : "248"
},{
  "dateTime" : "10/16/12 00:00:00",
  "value" : "325"
},{
  "dateTime" : "10/17/12 00:00:00",
  "value" : "245"
},{
  "dateTime" : "10/18/12 00:00:00",
  "value" : "251"
},{
  "dateTime" : "10/19/12 00:00:00",
  "value" : "226"
},{
  "dateTime" : "10/20/12 00:00:00",
  "value" : "208"
},{
  "dateTime" : "10/21/12 00:00:00",
  "value" : "208"
}]