[{
  "dateTime" : "01/31/11 00:00:00",
  "value" : "288"
},{
  "dateTime" : "02/01/11 00:00:00",
  "value" : "317"
},{
  "dateTime" : "02/02/11 00:00:00",
  "value" : "387"
},{
  "dateTime" : "02/03/11 00:00:00",
  "value" : "222"
},{
  "dateTime" : "02/04/11 00:00:00",
  "value" : "339"
},{
  "dateTime" : "02/05/11 00:00:00",
  "value" : "301"
},{
  "dateTime" : "02/06/11 00:00:00",
  "value" : "277"
},{
  "dateTime" : "02/07/11 00:00:00",
  "value" : "284"
},{
  "dateTime" : "02/08/11 00:00:00",
  "value" : "207"
},{
  "dateTime" : "02/09/11 00:00:00",
  "value" : "232"
},{
  "dateTime" : "02/10/11 00:00:00",
  "value" : "192"
},{
  "dateTime" : "02/11/11 00:00:00",
  "value" : "196"
},{
  "dateTime" : "02/12/11 00:00:00",
  "value" : "249"
},{
  "dateTime" : "02/13/11 00:00:00",
  "value" : "324"
},{
  "dateTime" : "02/14/11 00:00:00",
  "value" : "233"
},{
  "dateTime" : "02/15/11 00:00:00",
  "value" : "222"
},{
  "dateTime" : "02/16/11 00:00:00",
  "value" : "247"
},{
  "dateTime" : "02/17/11 00:00:00",
  "value" : "216"
},{
  "dateTime" : "02/18/11 00:00:00",
  "value" : "195"
},{
  "dateTime" : "02/19/11 00:00:00",
  "value" : "393"
},{
  "dateTime" : "02/20/11 00:00:00",
  "value" : "266"
},{
  "dateTime" : "02/21/11 00:00:00",
  "value" : "250"
},{
  "dateTime" : "02/22/11 00:00:00",
  "value" : "182"
},{
  "dateTime" : "02/23/11 00:00:00",
  "value" : "226"
},{
  "dateTime" : "02/24/11 00:00:00",
  "value" : "247"
},{
  "dateTime" : "02/25/11 00:00:00",
  "value" : "230"
},{
  "dateTime" : "02/26/11 00:00:00",
  "value" : "257"
},{
  "dateTime" : "02/27/11 00:00:00",
  "value" : "311"
},{
  "dateTime" : "02/28/11 00:00:00",
  "value" : "288"
},{
  "dateTime" : "03/01/11 00:00:00",
  "value" : "213"
}]