[{
  "dateTime" : "11/30/16 00:00:00",
  "value" : "141"
},{
  "dateTime" : "12/01/16 00:00:00",
  "value" : "85"
},{
  "dateTime" : "12/02/16 00:00:00",
  "value" : "137"
},{
  "dateTime" : "12/03/16 00:00:00",
  "value" : "105"
},{
  "dateTime" : "12/04/16 00:00:00",
  "value" : "98"
},{
  "dateTime" : "12/05/16 00:00:00",
  "value" : "57"
},{
  "dateTime" : "12/06/16 00:00:00",
  "value" : "207"
},{
  "dateTime" : "12/07/16 00:00:00",
  "value" : "56"
},{
  "dateTime" : "12/08/16 00:00:00",
  "value" : "181"
},{
  "dateTime" : "12/09/16 00:00:00",
  "value" : "253"
},{
  "dateTime" : "12/10/16 00:00:00",
  "value" : "210"
},{
  "dateTime" : "12/11/16 00:00:00",
  "value" : "162"
},{
  "dateTime" : "12/12/16 00:00:00",
  "value" : "228"
},{
  "dateTime" : "12/13/16 00:00:00",
  "value" : "265"
},{
  "dateTime" : "12/14/16 00:00:00",
  "value" : "215"
},{
  "dateTime" : "12/15/16 00:00:00",
  "value" : "246"
},{
  "dateTime" : "12/16/16 00:00:00",
  "value" : "249"
},{
  "dateTime" : "12/17/16 00:00:00",
  "value" : "267"
},{
  "dateTime" : "12/18/16 00:00:00",
  "value" : "178"
},{
  "dateTime" : "12/19/16 00:00:00",
  "value" : "199"
},{
  "dateTime" : "12/20/16 00:00:00",
  "value" : "265"
},{
  "dateTime" : "12/21/16 00:00:00",
  "value" : "204"
},{
  "dateTime" : "12/22/16 00:00:00",
  "value" : "115"
},{
  "dateTime" : "12/23/16 00:00:00",
  "value" : "143"
},{
  "dateTime" : "12/24/16 00:00:00",
  "value" : "218"
},{
  "dateTime" : "12/25/16 00:00:00",
  "value" : "172"
},{
  "dateTime" : "12/26/16 00:00:00",
  "value" : "164"
},{
  "dateTime" : "12/27/16 00:00:00",
  "value" : "2"
},{
  "dateTime" : "12/28/16 00:00:00",
  "value" : "0"
},{
  "dateTime" : "12/29/16 00:00:00",
  "value" : "13"
}]