[{
  "dateTime" : "10/22/12 00:00:00",
  "value" : "212"
},{
  "dateTime" : "10/23/12 00:00:00",
  "value" : "224"
},{
  "dateTime" : "10/24/12 00:00:00",
  "value" : "237"
},{
  "dateTime" : "10/25/12 00:00:00",
  "value" : "254"
},{
  "dateTime" : "10/26/12 00:00:00",
  "value" : "230"
},{
  "dateTime" : "10/27/12 00:00:00",
  "value" : "181"
},{
  "dateTime" : "10/28/12 00:00:00",
  "value" : "257"
},{
  "dateTime" : "10/29/12 00:00:00",
  "value" : "206"
},{
  "dateTime" : "10/30/12 00:00:00",
  "value" : "237"
},{
  "dateTime" : "10/31/12 00:00:00",
  "value" : "316"
},{
  "dateTime" : "11/01/12 00:00:00",
  "value" : "235"
},{
  "dateTime" : "11/02/12 00:00:00",
  "value" : "240"
},{
  "dateTime" : "11/03/12 00:00:00",
  "value" : "378"
},{
  "dateTime" : "11/04/12 00:00:00",
  "value" : "191"
},{
  "dateTime" : "11/05/12 00:00:00",
  "value" : "248"
},{
  "dateTime" : "11/06/12 00:00:00",
  "value" : "251"
},{
  "dateTime" : "11/07/12 00:00:00",
  "value" : "224"
},{
  "dateTime" : "11/08/12 00:00:00",
  "value" : "183"
},{
  "dateTime" : "11/09/12 00:00:00",
  "value" : "208"
},{
  "dateTime" : "11/10/12 00:00:00",
  "value" : "306"
},{
  "dateTime" : "11/11/12 00:00:00",
  "value" : "312"
},{
  "dateTime" : "11/12/12 00:00:00",
  "value" : "201"
},{
  "dateTime" : "11/13/12 00:00:00",
  "value" : "245"
},{
  "dateTime" : "11/14/12 00:00:00",
  "value" : "236"
},{
  "dateTime" : "11/15/12 00:00:00",
  "value" : "270"
},{
  "dateTime" : "11/16/12 00:00:00",
  "value" : "251"
},{
  "dateTime" : "11/17/12 00:00:00",
  "value" : "263"
},{
  "dateTime" : "11/18/12 00:00:00",
  "value" : "324"
},{
  "dateTime" : "11/19/12 00:00:00",
  "value" : "209"
},{
  "dateTime" : "11/20/12 00:00:00",
  "value" : "290"
}]