[{
  "dateTime" : "04/29/17 00:00:00",
  "value" : "11"
},{
  "dateTime" : "04/30/17 00:00:00",
  "value" : "8"
},{
  "dateTime" : "05/01/17 00:00:00",
  "value" : "180"
},{
  "dateTime" : "05/02/17 00:00:00",
  "value" : "288"
},{
  "dateTime" : "05/03/17 00:00:00",
  "value" : "269"
},{
  "dateTime" : "05/04/17 00:00:00",
  "value" : "207"
},{
  "dateTime" : "05/05/17 00:00:00",
  "value" : "174"
},{
  "dateTime" : "05/06/17 00:00:00",
  "value" : "229"
},{
  "dateTime" : "05/07/17 00:00:00",
  "value" : "0"
},{
  "dateTime" : "05/08/17 00:00:00",
  "value" : "142"
},{
  "dateTime" : "05/09/17 00:00:00",
  "value" : "302"
},{
  "dateTime" : "05/10/17 00:00:00",
  "value" : "198"
},{
  "dateTime" : "05/11/17 00:00:00",
  "value" : "205"
},{
  "dateTime" : "05/12/17 00:00:00",
  "value" : "197"
},{
  "dateTime" : "05/13/17 00:00:00",
  "value" : "341"
},{
  "dateTime" : "05/14/17 00:00:00",
  "value" : "155"
},{
  "dateTime" : "05/15/17 00:00:00",
  "value" : "400"
},{
  "dateTime" : "05/16/17 00:00:00",
  "value" : "224"
},{
  "dateTime" : "05/17/17 00:00:00",
  "value" : "181"
},{
  "dateTime" : "05/18/17 00:00:00",
  "value" : "226"
},{
  "dateTime" : "05/19/17 00:00:00",
  "value" : "207"
},{
  "dateTime" : "05/20/17 00:00:00",
  "value" : "240"
},{
  "dateTime" : "05/21/17 00:00:00",
  "value" : "301"
},{
  "dateTime" : "05/22/17 00:00:00",
  "value" : "296"
},{
  "dateTime" : "05/23/17 00:00:00",
  "value" : "236"
},{
  "dateTime" : "05/24/17 00:00:00",
  "value" : "147"
},{
  "dateTime" : "05/25/17 00:00:00",
  "value" : "187"
},{
  "dateTime" : "05/26/17 00:00:00",
  "value" : "362"
},{
  "dateTime" : "05/27/17 00:00:00",
  "value" : "257"
},{
  "dateTime" : "05/28/17 00:00:00",
  "value" : "164"
}]