[{
  "dateTime" : "04/06/10 00:00:00",
  "value" : "0"
},{
  "dateTime" : "04/07/10 00:00:00",
  "value" : "0"
},{
  "dateTime" : "04/08/10 00:00:00",
  "value" : "0"
},{
  "dateTime" : "04/09/10 00:00:00",
  "value" : "0"
},{
  "dateTime" : "04/10/10 00:00:00",
  "value" : "48"
},{
  "dateTime" : "04/11/10 00:00:00",
  "value" : "364"
},{
  "dateTime" : "04/12/10 00:00:00",
  "value" : "290"
},{
  "dateTime" : "04/13/10 00:00:00",
  "value" : "213"
},{
  "dateTime" : "04/14/10 00:00:00",
  "value" : "87"
},{
  "dateTime" : "04/15/10 00:00:00",
  "value" : "86"
},{
  "dateTime" : "04/16/10 00:00:00",
  "value" : "67"
},{
  "dateTime" : "04/17/10 00:00:00",
  "value" : "0"
},{
  "dateTime" : "04/18/10 00:00:00",
  "value" : "0"
},{
  "dateTime" : "04/19/10 00:00:00",
  "value" : "0"
},{
  "dateTime" : "04/20/10 00:00:00",
  "value" : "0"
},{
  "dateTime" : "04/21/10 00:00:00",
  "value" : "20"
},{
  "dateTime" : "04/22/10 00:00:00",
  "value" : "194"
},{
  "dateTime" : "04/23/10 00:00:00",
  "value" : "240"
},{
  "dateTime" : "04/24/10 00:00:00",
  "value" : "281"
},{
  "dateTime" : "04/25/10 00:00:00",
  "value" : "282"
},{
  "dateTime" : "04/26/10 00:00:00",
  "value" : "262"
},{
  "dateTime" : "04/27/10 00:00:00",
  "value" : "218"
},{
  "dateTime" : "04/28/10 00:00:00",
  "value" : "206"
},{
  "dateTime" : "04/29/10 00:00:00",
  "value" : "240"
},{
  "dateTime" : "04/30/10 00:00:00",
  "value" : "186"
},{
  "dateTime" : "05/01/10 00:00:00",
  "value" : "334"
},{
  "dateTime" : "05/02/10 00:00:00",
  "value" : "310"
},{
  "dateTime" : "05/03/10 00:00:00",
  "value" : "205"
},{
  "dateTime" : "05/04/10 00:00:00",
  "value" : "279"
},{
  "dateTime" : "05/05/10 00:00:00",
  "value" : "243"
}]