[{
  "dateTime" : "10/12/14 00:00:00",
  "value" : "182"
},{
  "dateTime" : "10/13/14 00:00:00",
  "value" : "163"
},{
  "dateTime" : "10/14/14 00:00:00",
  "value" : "145"
},{
  "dateTime" : "10/15/14 00:00:00",
  "value" : "111"
},{
  "dateTime" : "10/16/14 00:00:00",
  "value" : "166"
},{
  "dateTime" : "10/17/14 00:00:00",
  "value" : "150"
},{
  "dateTime" : "10/18/14 00:00:00",
  "value" : "104"
},{
  "dateTime" : "10/19/14 00:00:00",
  "value" : "111"
},{
  "dateTime" : "10/20/14 00:00:00",
  "value" : "164"
},{
  "dateTime" : "10/21/14 00:00:00",
  "value" : "139"
},{
  "dateTime" : "10/22/14 00:00:00",
  "value" : "173"
},{
  "dateTime" : "10/23/14 00:00:00",
  "value" : "57"
},{
  "dateTime" : "10/24/14 00:00:00",
  "value" : "81"
},{
  "dateTime" : "10/25/14 00:00:00",
  "value" : "194"
},{
  "dateTime" : "10/26/14 00:00:00",
  "value" : "93"
},{
  "dateTime" : "10/27/14 00:00:00",
  "value" : "132"
},{
  "dateTime" : "10/28/14 00:00:00",
  "value" : "121"
},{
  "dateTime" : "10/29/14 00:00:00",
  "value" : "135"
},{
  "dateTime" : "10/30/14 00:00:00",
  "value" : "155"
},{
  "dateTime" : "10/31/14 00:00:00",
  "value" : "275"
},{
  "dateTime" : "11/01/14 00:00:00",
  "value" : "151"
},{
  "dateTime" : "11/02/14 00:00:00",
  "value" : "174"
},{
  "dateTime" : "11/03/14 00:00:00",
  "value" : "231"
},{
  "dateTime" : "11/04/14 00:00:00",
  "value" : "256"
},{
  "dateTime" : "11/05/14 00:00:00",
  "value" : "0"
},{
  "dateTime" : "11/06/14 00:00:00",
  "value" : "0"
},{
  "dateTime" : "11/07/14 00:00:00",
  "value" : "0"
},{
  "dateTime" : "11/08/14 00:00:00",
  "value" : "0"
},{
  "dateTime" : "11/09/14 00:00:00",
  "value" : "0"
},{
  "dateTime" : "11/10/14 00:00:00",
  "value" : "174"
}]