[{
  "dateTime" : "05/25/12 00:00:00",
  "value" : "220"
},{
  "dateTime" : "05/26/12 00:00:00",
  "value" : "163"
},{
  "dateTime" : "05/27/12 00:00:00",
  "value" : "256"
},{
  "dateTime" : "05/28/12 00:00:00",
  "value" : "404"
},{
  "dateTime" : "05/29/12 00:00:00",
  "value" : "215"
},{
  "dateTime" : "05/30/12 00:00:00",
  "value" : "219"
},{
  "dateTime" : "05/31/12 00:00:00",
  "value" : "203"
},{
  "dateTime" : "06/01/12 00:00:00",
  "value" : "239"
},{
  "dateTime" : "06/02/12 00:00:00",
  "value" : "204"
},{
  "dateTime" : "06/03/12 00:00:00",
  "value" : "305"
},{
  "dateTime" : "06/04/12 00:00:00",
  "value" : "274"
},{
  "dateTime" : "06/05/12 00:00:00",
  "value" : "281"
},{
  "dateTime" : "06/06/12 00:00:00",
  "value" : "223"
},{
  "dateTime" : "06/07/12 00:00:00",
  "value" : "277"
},{
  "dateTime" : "06/08/12 00:00:00",
  "value" : "263"
},{
  "dateTime" : "06/09/12 00:00:00",
  "value" : "162"
},{
  "dateTime" : "06/10/12 00:00:00",
  "value" : "227"
},{
  "dateTime" : "06/11/12 00:00:00",
  "value" : "295"
},{
  "dateTime" : "06/12/12 00:00:00",
  "value" : "266"
},{
  "dateTime" : "06/13/12 00:00:00",
  "value" : "231"
},{
  "dateTime" : "06/14/12 00:00:00",
  "value" : "237"
},{
  "dateTime" : "06/15/12 00:00:00",
  "value" : "189"
},{
  "dateTime" : "06/16/12 00:00:00",
  "value" : "251"
},{
  "dateTime" : "06/17/12 00:00:00",
  "value" : "180"
},{
  "dateTime" : "06/18/12 00:00:00",
  "value" : "214"
},{
  "dateTime" : "06/19/12 00:00:00",
  "value" : "240"
},{
  "dateTime" : "06/20/12 00:00:00",
  "value" : "246"
},{
  "dateTime" : "06/21/12 00:00:00",
  "value" : "245"
},{
  "dateTime" : "06/22/12 00:00:00",
  "value" : "243"
},{
  "dateTime" : "06/23/12 00:00:00",
  "value" : "388"
}]