[{
  "dateTime" : "08/18/13 00:00:00",
  "value" : "261"
},{
  "dateTime" : "08/19/13 00:00:00",
  "value" : "355"
},{
  "dateTime" : "08/20/13 00:00:00",
  "value" : "309"
},{
  "dateTime" : "08/21/13 00:00:00",
  "value" : "300"
},{
  "dateTime" : "08/22/13 00:00:00",
  "value" : "289"
},{
  "dateTime" : "08/23/13 00:00:00",
  "value" : "254"
},{
  "dateTime" : "08/24/13 00:00:00",
  "value" : "363"
},{
  "dateTime" : "08/25/13 00:00:00",
  "value" : "283"
},{
  "dateTime" : "08/26/13 00:00:00",
  "value" : "290"
},{
  "dateTime" : "08/27/13 00:00:00",
  "value" : "268"
},{
  "dateTime" : "08/28/13 00:00:00",
  "value" : "305"
},{
  "dateTime" : "08/29/13 00:00:00",
  "value" : "377"
},{
  "dateTime" : "08/30/13 00:00:00",
  "value" : "315"
},{
  "dateTime" : "08/31/13 00:00:00",
  "value" : "251"
},{
  "dateTime" : "09/01/13 00:00:00",
  "value" : "275"
},{
  "dateTime" : "09/02/13 00:00:00",
  "value" : "209"
},{
  "dateTime" : "09/03/13 00:00:00",
  "value" : "247"
},{
  "dateTime" : "09/04/13 00:00:00",
  "value" : "281"
},{
  "dateTime" : "09/05/13 00:00:00",
  "value" : "258"
},{
  "dateTime" : "09/06/13 00:00:00",
  "value" : "256"
},{
  "dateTime" : "09/07/13 00:00:00",
  "value" : "290"
},{
  "dateTime" : "09/08/13 00:00:00",
  "value" : "253"
},{
  "dateTime" : "09/09/13 00:00:00",
  "value" : "278"
},{
  "dateTime" : "09/10/13 00:00:00",
  "value" : "266"
},{
  "dateTime" : "09/11/13 00:00:00",
  "value" : "299"
},{
  "dateTime" : "09/12/13 00:00:00",
  "value" : "419"
},{
  "dateTime" : "09/13/13 00:00:00",
  "value" : "278"
},{
  "dateTime" : "09/14/13 00:00:00",
  "value" : "242"
},{
  "dateTime" : "09/15/13 00:00:00",
  "value" : "242"
},{
  "dateTime" : "09/16/13 00:00:00",
  "value" : "263"
}]