[{
  "dateTime" : "04/04/16 00:00:00",
  "value" : "22"
},{
  "dateTime" : "04/05/16 00:00:00",
  "value" : "151"
},{
  "dateTime" : "04/06/16 00:00:00",
  "value" : "214"
},{
  "dateTime" : "04/07/16 00:00:00",
  "value" : "280"
},{
  "dateTime" : "04/08/16 00:00:00",
  "value" : "279"
},{
  "dateTime" : "04/09/16 00:00:00",
  "value" : "340"
},{
  "dateTime" : "04/10/16 00:00:00",
  "value" : "231"
},{
  "dateTime" : "04/11/16 00:00:00",
  "value" : "233"
},{
  "dateTime" : "04/12/16 00:00:00",
  "value" : "327"
},{
  "dateTime" : "04/13/16 00:00:00",
  "value" : "186"
},{
  "dateTime" : "04/14/16 00:00:00",
  "value" : "236"
},{
  "dateTime" : "04/15/16 00:00:00",
  "value" : "271"
},{
  "dateTime" : "04/16/16 00:00:00",
  "value" : "282"
},{
  "dateTime" : "04/17/16 00:00:00",
  "value" : "164"
},{
  "dateTime" : "04/18/16 00:00:00",
  "value" : "236"
},{
  "dateTime" : "04/19/16 00:00:00",
  "value" : "237"
},{
  "dateTime" : "04/20/16 00:00:00",
  "value" : "191"
},{
  "dateTime" : "04/21/16 00:00:00",
  "value" : "211"
},{
  "dateTime" : "04/22/16 00:00:00",
  "value" : "147"
},{
  "dateTime" : "04/23/16 00:00:00",
  "value" : "285"
},{
  "dateTime" : "04/24/16 00:00:00",
  "value" : "142"
},{
  "dateTime" : "04/25/16 00:00:00",
  "value" : "133"
},{
  "dateTime" : "04/26/16 00:00:00",
  "value" : "182"
},{
  "dateTime" : "04/27/16 00:00:00",
  "value" : "213"
},{
  "dateTime" : "04/28/16 00:00:00",
  "value" : "227"
},{
  "dateTime" : "04/29/16 00:00:00",
  "value" : "216"
},{
  "dateTime" : "04/30/16 00:00:00",
  "value" : "285"
},{
  "dateTime" : "05/01/16 00:00:00",
  "value" : "209"
},{
  "dateTime" : "05/02/16 00:00:00",
  "value" : "202"
},{
  "dateTime" : "05/03/16 00:00:00",
  "value" : "192"
}]