[{
  "dateTime" : "03/21/13 00:00:00",
  "value" : "237"
},{
  "dateTime" : "03/22/13 00:00:00",
  "value" : "249"
},{
  "dateTime" : "03/23/13 00:00:00",
  "value" : "223"
},{
  "dateTime" : "03/24/13 00:00:00",
  "value" : "299"
},{
  "dateTime" : "03/25/13 00:00:00",
  "value" : "282"
},{
  "dateTime" : "03/26/13 00:00:00",
  "value" : "260"
},{
  "dateTime" : "03/27/13 00:00:00",
  "value" : "228"
},{
  "dateTime" : "03/28/13 00:00:00",
  "value" : "175"
},{
  "dateTime" : "03/29/13 00:00:00",
  "value" : "211"
},{
  "dateTime" : "03/30/13 00:00:00",
  "value" : "218"
},{
  "dateTime" : "03/31/13 00:00:00",
  "value" : "249"
},{
  "dateTime" : "04/01/13 00:00:00",
  "value" : "235"
},{
  "dateTime" : "04/02/13 00:00:00",
  "value" : "292"
},{
  "dateTime" : "04/03/13 00:00:00",
  "value" : "240"
},{
  "dateTime" : "04/04/13 00:00:00",
  "value" : "190"
},{
  "dateTime" : "04/05/13 00:00:00",
  "value" : "206"
},{
  "dateTime" : "04/06/13 00:00:00",
  "value" : "187"
},{
  "dateTime" : "04/07/13 00:00:00",
  "value" : "305"
},{
  "dateTime" : "04/08/13 00:00:00",
  "value" : "234"
},{
  "dateTime" : "04/09/13 00:00:00",
  "value" : "249"
},{
  "dateTime" : "04/10/13 00:00:00",
  "value" : "276"
},{
  "dateTime" : "04/11/13 00:00:00",
  "value" : "178"
},{
  "dateTime" : "04/12/13 00:00:00",
  "value" : "228"
},{
  "dateTime" : "04/13/13 00:00:00",
  "value" : "227"
},{
  "dateTime" : "04/14/13 00:00:00",
  "value" : "266"
},{
  "dateTime" : "04/15/13 00:00:00",
  "value" : "242"
},{
  "dateTime" : "04/16/13 00:00:00",
  "value" : "291"
},{
  "dateTime" : "04/17/13 00:00:00",
  "value" : "250"
},{
  "dateTime" : "04/18/13 00:00:00",
  "value" : "239"
},{
  "dateTime" : "04/19/13 00:00:00",
  "value" : "211"
}]