[{
  "dateTime" : "12/16/13 00:00:00",
  "value" : "255"
},{
  "dateTime" : "12/17/13 00:00:00",
  "value" : "204"
},{
  "dateTime" : "12/18/13 00:00:00",
  "value" : "197"
},{
  "dateTime" : "12/19/13 00:00:00",
  "value" : "265"
},{
  "dateTime" : "12/20/13 00:00:00",
  "value" : "178"
},{
  "dateTime" : "12/21/13 00:00:00",
  "value" : "196"
},{
  "dateTime" : "12/22/13 00:00:00",
  "value" : "189"
},{
  "dateTime" : "12/23/13 00:00:00",
  "value" : "250"
},{
  "dateTime" : "12/24/13 00:00:00",
  "value" : "355"
},{
  "dateTime" : "12/25/13 00:00:00",
  "value" : "212"
},{
  "dateTime" : "12/26/13 00:00:00",
  "value" : "159"
},{
  "dateTime" : "12/27/13 00:00:00",
  "value" : "207"
},{
  "dateTime" : "12/28/13 00:00:00",
  "value" : "266"
},{
  "dateTime" : "12/29/13 00:00:00",
  "value" : "120"
},{
  "dateTime" : "12/30/13 00:00:00",
  "value" : "216"
},{
  "dateTime" : "12/31/13 00:00:00",
  "value" : "325"
},{
  "dateTime" : "01/01/14 00:00:00",
  "value" : "162"
},{
  "dateTime" : "01/02/14 00:00:00",
  "value" : "253"
},{
  "dateTime" : "01/03/14 00:00:00",
  "value" : "217"
},{
  "dateTime" : "01/04/14 00:00:00",
  "value" : "245"
},{
  "dateTime" : "01/05/14 00:00:00",
  "value" : "271"
},{
  "dateTime" : "01/06/14 00:00:00",
  "value" : "149"
},{
  "dateTime" : "01/07/14 00:00:00",
  "value" : "277"
},{
  "dateTime" : "01/08/14 00:00:00",
  "value" : "278"
},{
  "dateTime" : "01/09/14 00:00:00",
  "value" : "219"
},{
  "dateTime" : "01/10/14 00:00:00",
  "value" : "231"
},{
  "dateTime" : "01/11/14 00:00:00",
  "value" : "155"
},{
  "dateTime" : "01/12/14 00:00:00",
  "value" : "309"
},{
  "dateTime" : "01/13/14 00:00:00",
  "value" : "267"
},{
  "dateTime" : "01/14/14 00:00:00",
  "value" : "222"
}]