[{
  "dateTime" : "07/19/13 00:00:00",
  "value" : "247"
},{
  "dateTime" : "07/20/13 00:00:00",
  "value" : "298"
},{
  "dateTime" : "07/21/13 00:00:00",
  "value" : "273"
},{
  "dateTime" : "07/22/13 00:00:00",
  "value" : "232"
},{
  "dateTime" : "07/23/13 00:00:00",
  "value" : "359"
},{
  "dateTime" : "07/24/13 00:00:00",
  "value" : "248"
},{
  "dateTime" : "07/25/13 00:00:00",
  "value" : "202"
},{
  "dateTime" : "07/26/13 00:00:00",
  "value" : "270"
},{
  "dateTime" : "07/27/13 00:00:00",
  "value" : "118"
},{
  "dateTime" : "07/28/13 00:00:00",
  "value" : "231"
},{
  "dateTime" : "07/29/13 00:00:00",
  "value" : "324"
},{
  "dateTime" : "07/30/13 00:00:00",
  "value" : "272"
},{
  "dateTime" : "07/31/13 00:00:00",
  "value" : "342"
},{
  "dateTime" : "08/01/13 00:00:00",
  "value" : "246"
},{
  "dateTime" : "08/02/13 00:00:00",
  "value" : "250"
},{
  "dateTime" : "08/03/13 00:00:00",
  "value" : "302"
},{
  "dateTime" : "08/04/13 00:00:00",
  "value" : "300"
},{
  "dateTime" : "08/05/13 00:00:00",
  "value" : "332"
},{
  "dateTime" : "08/06/13 00:00:00",
  "value" : "260"
},{
  "dateTime" : "08/07/13 00:00:00",
  "value" : "305"
},{
  "dateTime" : "08/08/13 00:00:00",
  "value" : "260"
},{
  "dateTime" : "08/09/13 00:00:00",
  "value" : "269"
},{
  "dateTime" : "08/10/13 00:00:00",
  "value" : "250"
},{
  "dateTime" : "08/11/13 00:00:00",
  "value" : "349"
},{
  "dateTime" : "08/12/13 00:00:00",
  "value" : "357"
},{
  "dateTime" : "08/13/13 00:00:00",
  "value" : "280"
},{
  "dateTime" : "08/14/13 00:00:00",
  "value" : "360"
},{
  "dateTime" : "08/15/13 00:00:00",
  "value" : "393"
},{
  "dateTime" : "08/16/13 00:00:00",
  "value" : "293"
},{
  "dateTime" : "08/17/13 00:00:00",
  "value" : "345"
}]