[{
  "dateTime" : "05/29/17 00:00:00",
  "value" : "148"
},{
  "dateTime" : "05/30/17 00:00:00",
  "value" : "392"
},{
  "dateTime" : "05/31/17 00:00:00",
  "value" : "278"
},{
  "dateTime" : "06/01/17 00:00:00",
  "value" : "217"
},{
  "dateTime" : "06/02/17 00:00:00",
  "value" : "257"
},{
  "dateTime" : "06/03/17 00:00:00",
  "value" : "78"
},{
  "dateTime" : "06/04/17 00:00:00",
  "value" : "46"
},{
  "dateTime" : "06/05/17 00:00:00",
  "value" : "331"
},{
  "dateTime" : "06/06/17 00:00:00",
  "value" : "285"
},{
  "dateTime" : "06/07/17 00:00:00",
  "value" : "219"
},{
  "dateTime" : "06/08/17 00:00:00",
  "value" : "282"
},{
  "dateTime" : "06/09/17 00:00:00",
  "value" : "214"
},{
  "dateTime" : "06/10/17 00:00:00",
  "value" : "216"
},{
  "dateTime" : "06/11/17 00:00:00",
  "value" : "338"
},{
  "dateTime" : "06/12/17 00:00:00",
  "value" : "349"
},{
  "dateTime" : "06/13/17 00:00:00",
  "value" : "143"
},{
  "dateTime" : "06/14/17 00:00:00",
  "value" : "304"
},{
  "dateTime" : "06/15/17 00:00:00",
  "value" : "226"
},{
  "dateTime" : "06/16/17 00:00:00",
  "value" : "299"
},{
  "dateTime" : "06/17/17 00:00:00",
  "value" : "258"
},{
  "dateTime" : "06/18/17 00:00:00",
  "value" : "196"
},{
  "dateTime" : "06/19/17 00:00:00",
  "value" : "235"
},{
  "dateTime" : "06/20/17 00:00:00",
  "value" : "214"
},{
  "dateTime" : "06/21/17 00:00:00",
  "value" : "232"
},{
  "dateTime" : "06/22/17 00:00:00",
  "value" : "196"
},{
  "dateTime" : "06/23/17 00:00:00",
  "value" : "251"
},{
  "dateTime" : "06/24/17 00:00:00",
  "value" : "218"
},{
  "dateTime" : "06/25/17 00:00:00",
  "value" : "224"
},{
  "dateTime" : "06/26/17 00:00:00",
  "value" : "94"
},{
  "dateTime" : "06/27/17 00:00:00",
  "value" : "207"
}]