[{
  "dateTime" : "10/07/15 00:00:00",
  "value" : "249"
},{
  "dateTime" : "10/08/15 00:00:00",
  "value" : "240"
},{
  "dateTime" : "10/09/15 00:00:00",
  "value" : "254"
},{
  "dateTime" : "10/10/15 00:00:00",
  "value" : "353"
},{
  "dateTime" : "10/11/15 00:00:00",
  "value" : "193"
},{
  "dateTime" : "10/12/15 00:00:00",
  "value" : "448"
},{
  "dateTime" : "10/13/15 00:00:00",
  "value" : "309"
},{
  "dateTime" : "10/14/15 00:00:00",
  "value" : "189"
},{
  "dateTime" : "10/15/15 00:00:00",
  "value" : "322"
},{
  "dateTime" : "10/16/15 00:00:00",
  "value" : "182"
},{
  "dateTime" : "10/17/15 00:00:00",
  "value" : "343"
},{
  "dateTime" : "10/18/15 00:00:00",
  "value" : "158"
},{
  "dateTime" : "10/19/15 00:00:00",
  "value" : "193"
},{
  "dateTime" : "10/20/15 00:00:00",
  "value" : "360"
},{
  "dateTime" : "10/21/15 00:00:00",
  "value" : "302"
},{
  "dateTime" : "10/22/15 00:00:00",
  "value" : "185"
},{
  "dateTime" : "10/23/15 00:00:00",
  "value" : "251"
},{
  "dateTime" : "10/24/15 00:00:00",
  "value" : "175"
},{
  "dateTime" : "10/25/15 00:00:00",
  "value" : "224"
},{
  "dateTime" : "10/26/15 00:00:00",
  "value" : "282"
},{
  "dateTime" : "10/27/15 00:00:00",
  "value" : "300"
},{
  "dateTime" : "10/28/15 00:00:00",
  "value" : "220"
},{
  "dateTime" : "10/29/15 00:00:00",
  "value" : "376"
},{
  "dateTime" : "10/30/15 00:00:00",
  "value" : "334"
},{
  "dateTime" : "10/31/15 00:00:00",
  "value" : "332"
},{
  "dateTime" : "11/01/15 00:00:00",
  "value" : "229"
},{
  "dateTime" : "11/02/15 00:00:00",
  "value" : "281"
},{
  "dateTime" : "11/03/15 00:00:00",
  "value" : "247"
},{
  "dateTime" : "11/04/15 00:00:00",
  "value" : "262"
},{
  "dateTime" : "11/05/15 00:00:00",
  "value" : "357"
}]