[{
  "dateTime" : "05/04/16 00:00:00",
  "value" : "7"
},{
  "dateTime" : "05/05/16 00:00:00",
  "value" : "64"
},{
  "dateTime" : "05/06/16 00:00:00",
  "value" : "266"
},{
  "dateTime" : "05/07/16 00:00:00",
  "value" : "281"
},{
  "dateTime" : "05/08/16 00:00:00",
  "value" : "322"
},{
  "dateTime" : "05/09/16 00:00:00",
  "value" : "245"
},{
  "dateTime" : "05/10/16 00:00:00",
  "value" : "246"
},{
  "dateTime" : "05/11/16 00:00:00",
  "value" : "348"
},{
  "dateTime" : "05/12/16 00:00:00",
  "value" : "284"
},{
  "dateTime" : "05/13/16 00:00:00",
  "value" : "534"
},{
  "dateTime" : "05/14/16 00:00:00",
  "value" : "246"
},{
  "dateTime" : "05/15/16 00:00:00",
  "value" : "384"
},{
  "dateTime" : "05/16/16 00:00:00",
  "value" : "370"
},{
  "dateTime" : "05/17/16 00:00:00",
  "value" : "262"
},{
  "dateTime" : "05/18/16 00:00:00",
  "value" : "319"
},{
  "dateTime" : "05/19/16 00:00:00",
  "value" : "267"
},{
  "dateTime" : "05/20/16 00:00:00",
  "value" : "235"
},{
  "dateTime" : "05/21/16 00:00:00",
  "value" : "264"
},{
  "dateTime" : "05/22/16 00:00:00",
  "value" : "349"
},{
  "dateTime" : "05/23/16 00:00:00",
  "value" : "135"
},{
  "dateTime" : "05/24/16 00:00:00",
  "value" : "332"
},{
  "dateTime" : "05/25/16 00:00:00",
  "value" : "327"
},{
  "dateTime" : "05/26/16 00:00:00",
  "value" : "254"
},{
  "dateTime" : "05/27/16 00:00:00",
  "value" : "308"
},{
  "dateTime" : "05/28/16 00:00:00",
  "value" : "251"
},{
  "dateTime" : "05/29/16 00:00:00",
  "value" : "379"
},{
  "dateTime" : "05/30/16 00:00:00",
  "value" : "167"
},{
  "dateTime" : "05/31/16 00:00:00",
  "value" : "231"
},{
  "dateTime" : "06/01/16 00:00:00",
  "value" : "268"
},{
  "dateTime" : "06/02/16 00:00:00",
  "value" : "191"
}]