[{
  "dateTime" : "09/03/10 00:00:00",
  "value" : "159"
},{
  "dateTime" : "09/04/10 00:00:00",
  "value" : "323"
},{
  "dateTime" : "09/05/10 00:00:00",
  "value" : "195"
},{
  "dateTime" : "09/06/10 00:00:00",
  "value" : "356"
},{
  "dateTime" : "09/07/10 00:00:00",
  "value" : "186"
},{
  "dateTime" : "09/08/10 00:00:00",
  "value" : "172"
},{
  "dateTime" : "09/09/10 00:00:00",
  "value" : "192"
},{
  "dateTime" : "09/10/10 00:00:00",
  "value" : "201"
},{
  "dateTime" : "09/11/10 00:00:00",
  "value" : "263"
},{
  "dateTime" : "09/12/10 00:00:00",
  "value" : "281"
},{
  "dateTime" : "09/13/10 00:00:00",
  "value" : "271"
},{
  "dateTime" : "09/14/10 00:00:00",
  "value" : "230"
},{
  "dateTime" : "09/15/10 00:00:00",
  "value" : "192"
},{
  "dateTime" : "09/16/10 00:00:00",
  "value" : "193"
},{
  "dateTime" : "09/17/10 00:00:00",
  "value" : "269"
},{
  "dateTime" : "09/18/10 00:00:00",
  "value" : "329"
},{
  "dateTime" : "09/19/10 00:00:00",
  "value" : "262"
},{
  "dateTime" : "09/20/10 00:00:00",
  "value" : "283"
},{
  "dateTime" : "09/21/10 00:00:00",
  "value" : "221"
},{
  "dateTime" : "09/22/10 00:00:00",
  "value" : "238"
},{
  "dateTime" : "09/23/10 00:00:00",
  "value" : "227"
},{
  "dateTime" : "09/24/10 00:00:00",
  "value" : "244"
},{
  "dateTime" : "09/25/10 00:00:00",
  "value" : "174"
},{
  "dateTime" : "09/26/10 00:00:00",
  "value" : "124"
},{
  "dateTime" : "09/27/10 00:00:00",
  "value" : "216"
},{
  "dateTime" : "09/28/10 00:00:00",
  "value" : "232"
},{
  "dateTime" : "09/29/10 00:00:00",
  "value" : "253"
},{
  "dateTime" : "09/30/10 00:00:00",
  "value" : "219"
},{
  "dateTime" : "10/01/10 00:00:00",
  "value" : "202"
},{
  "dateTime" : "10/02/10 00:00:00",
  "value" : "241"
}]