[{
  "dateTime" : "02/23/18 00:00:00",
  "value" : "186"
},{
  "dateTime" : "02/24/18 00:00:00",
  "value" : "151"
},{
  "dateTime" : "02/25/18 00:00:00",
  "value" : "297"
},{
  "dateTime" : "02/26/18 00:00:00",
  "value" : "172"
},{
  "dateTime" : "02/27/18 00:00:00",
  "value" : "358"
},{
  "dateTime" : "02/28/18 00:00:00",
  "value" : "173"
},{
  "dateTime" : "03/01/18 00:00:00",
  "value" : "180"
},{
  "dateTime" : "03/02/18 00:00:00",
  "value" : "13"
},{
  "dateTime" : "03/03/18 00:00:00",
  "value" : "54"
},{
  "dateTime" : "03/04/18 00:00:00",
  "value" : "24"
},{
  "dateTime" : "03/05/18 00:00:00",
  "value" : "235"
},{
  "dateTime" : "03/06/18 00:00:00",
  "value" : "261"
},{
  "dateTime" : "03/07/18 00:00:00",
  "value" : "231"
},{
  "dateTime" : "03/08/18 00:00:00",
  "value" : "230"
},{
  "dateTime" : "03/09/18 00:00:00",
  "value" : "200"
},{
  "dateTime" : "03/10/18 00:00:00",
  "value" : "257"
},{
  "dateTime" : "03/11/18 00:00:00",
  "value" : "276"
},{
  "dateTime" : "03/12/18 00:00:00",
  "value" : "222"
},{
  "dateTime" : "03/13/18 00:00:00",
  "value" : "262"
},{
  "dateTime" : "03/14/18 00:00:00",
  "value" : "177"
},{
  "dateTime" : "03/15/18 00:00:00",
  "value" : "213"
},{
  "dateTime" : "03/16/18 00:00:00",
  "value" : "193"
},{
  "dateTime" : "03/17/18 00:00:00",
  "value" : "191"
},{
  "dateTime" : "03/18/18 00:00:00",
  "value" : "169"
},{
  "dateTime" : "03/19/18 00:00:00",
  "value" : "273"
},{
  "dateTime" : "03/20/18 00:00:00",
  "value" : "181"
},{
  "dateTime" : "03/21/18 00:00:00",
  "value" : "128"
},{
  "dateTime" : "03/22/18 00:00:00",
  "value" : "364"
},{
  "dateTime" : "03/23/18 00:00:00",
  "value" : "226"
},{
  "dateTime" : "03/24/18 00:00:00",
  "value" : "0"
}]