[{
  "dateTime" : "05/20/13 00:00:00",
  "value" : "369"
},{
  "dateTime" : "05/21/13 00:00:00",
  "value" : "257"
},{
  "dateTime" : "05/22/13 00:00:00",
  "value" : "228"
},{
  "dateTime" : "05/23/13 00:00:00",
  "value" : "317"
},{
  "dateTime" : "05/24/13 00:00:00",
  "value" : "250"
},{
  "dateTime" : "05/25/13 00:00:00",
  "value" : "198"
},{
  "dateTime" : "05/26/13 00:00:00",
  "value" : "240"
},{
  "dateTime" : "05/27/13 00:00:00",
  "value" : "331"
},{
  "dateTime" : "05/28/13 00:00:00",
  "value" : "347"
},{
  "dateTime" : "05/29/13 00:00:00",
  "value" : "290"
},{
  "dateTime" : "05/30/13 00:00:00",
  "value" : "312"
},{
  "dateTime" : "05/31/13 00:00:00",
  "value" : "372"
},{
  "dateTime" : "06/01/13 00:00:00",
  "value" : "315"
},{
  "dateTime" : "06/02/13 00:00:00",
  "value" : "267"
},{
  "dateTime" : "06/03/13 00:00:00",
  "value" : "370"
},{
  "dateTime" : "06/04/13 00:00:00",
  "value" : "246"
},{
  "dateTime" : "06/05/13 00:00:00",
  "value" : "331"
},{
  "dateTime" : "06/06/13 00:00:00",
  "value" : "284"
},{
  "dateTime" : "06/07/13 00:00:00",
  "value" : "315"
},{
  "dateTime" : "06/08/13 00:00:00",
  "value" : "250"
},{
  "dateTime" : "06/09/13 00:00:00",
  "value" : "248"
},{
  "dateTime" : "06/10/13 00:00:00",
  "value" : "292"
},{
  "dateTime" : "06/11/13 00:00:00",
  "value" : "284"
},{
  "dateTime" : "06/12/13 00:00:00",
  "value" : "223"
},{
  "dateTime" : "06/13/13 00:00:00",
  "value" : "243"
},{
  "dateTime" : "06/14/13 00:00:00",
  "value" : "277"
},{
  "dateTime" : "06/15/13 00:00:00",
  "value" : "219"
},{
  "dateTime" : "06/16/13 00:00:00",
  "value" : "214"
},{
  "dateTime" : "06/17/13 00:00:00",
  "value" : "323"
},{
  "dateTime" : "06/18/13 00:00:00",
  "value" : "334"
}]