[{
  "dateTime" : "01/19/19 00:00:00",
  "value" : "184"
},{
  "dateTime" : "01/20/19 00:00:00",
  "value" : "444"
},{
  "dateTime" : "01/21/19 00:00:00",
  "value" : "123"
},{
  "dateTime" : "01/22/19 00:00:00",
  "value" : "265"
},{
  "dateTime" : "01/23/19 00:00:00",
  "value" : "180"
},{
  "dateTime" : "01/24/19 00:00:00",
  "value" : "292"
},{
  "dateTime" : "01/25/19 00:00:00",
  "value" : "238"
},{
  "dateTime" : "01/26/19 00:00:00",
  "value" : "130"
},{
  "dateTime" : "01/27/19 00:00:00",
  "value" : "211"
},{
  "dateTime" : "01/28/19 00:00:00",
  "value" : "234"
},{
  "dateTime" : "01/29/19 00:00:00",
  "value" : "256"
},{
  "dateTime" : "01/30/19 00:00:00",
  "value" : "260"
},{
  "dateTime" : "01/31/19 00:00:00",
  "value" : "134"
},{
  "dateTime" : "02/01/19 00:00:00",
  "value" : "252"
},{
  "dateTime" : "02/02/19 00:00:00",
  "value" : "141"
},{
  "dateTime" : "02/03/19 00:00:00",
  "value" : "254"
},{
  "dateTime" : "02/04/19 00:00:00",
  "value" : "132"
},{
  "dateTime" : "02/05/19 00:00:00",
  "value" : "249"
},{
  "dateTime" : "02/06/19 00:00:00",
  "value" : "293"
},{
  "dateTime" : "02/07/19 00:00:00",
  "value" : "191"
},{
  "dateTime" : "02/08/19 00:00:00",
  "value" : "263"
},{
  "dateTime" : "02/09/19 00:00:00",
  "value" : "457"
},{
  "dateTime" : "02/10/19 00:00:00",
  "value" : "105"
},{
  "dateTime" : "02/11/19 00:00:00",
  "value" : "215"
},{
  "dateTime" : "02/12/19 00:00:00",
  "value" : "265"
},{
  "dateTime" : "02/13/19 00:00:00",
  "value" : "191"
},{
  "dateTime" : "02/14/19 00:00:00",
  "value" : "159"
},{
  "dateTime" : "02/15/19 00:00:00",
  "value" : "185"
},{
  "dateTime" : "02/16/19 00:00:00",
  "value" : "209"
},{
  "dateTime" : "02/17/19 00:00:00",
  "value" : "156"
}]