[{
  "dateTime" : "07/30/11 00:00:00",
  "value" : "287"
},{
  "dateTime" : "07/31/11 00:00:00",
  "value" : "251"
},{
  "dateTime" : "08/01/11 00:00:00",
  "value" : "273"
},{
  "dateTime" : "08/02/11 00:00:00",
  "value" : "176"
},{
  "dateTime" : "08/03/11 00:00:00",
  "value" : "274"
},{
  "dateTime" : "08/04/11 00:00:00",
  "value" : "250"
},{
  "dateTime" : "08/05/11 00:00:00",
  "value" : "225"
},{
  "dateTime" : "08/06/11 00:00:00",
  "value" : "281"
},{
  "dateTime" : "08/07/11 00:00:00",
  "value" : "292"
},{
  "dateTime" : "08/08/11 00:00:00",
  "value" : "187"
},{
  "dateTime" : "08/09/11 00:00:00",
  "value" : "241"
},{
  "dateTime" : "08/10/11 00:00:00",
  "value" : "204"
},{
  "dateTime" : "08/11/11 00:00:00",
  "value" : "246"
},{
  "dateTime" : "08/12/11 00:00:00",
  "value" : "200"
},{
  "dateTime" : "08/13/11 00:00:00",
  "value" : "238"
},{
  "dateTime" : "08/14/11 00:00:00",
  "value" : "217"
},{
  "dateTime" : "08/15/11 00:00:00",
  "value" : "266"
},{
  "dateTime" : "08/16/11 00:00:00",
  "value" : "217"
},{
  "dateTime" : "08/17/11 00:00:00",
  "value" : "204"
},{
  "dateTime" : "08/18/11 00:00:00",
  "value" : "209"
},{
  "dateTime" : "08/19/11 00:00:00",
  "value" : "208"
},{
  "dateTime" : "08/20/11 00:00:00",
  "value" : "315"
},{
  "dateTime" : "08/21/11 00:00:00",
  "value" : "206"
},{
  "dateTime" : "08/22/11 00:00:00",
  "value" : "190"
},{
  "dateTime" : "08/23/11 00:00:00",
  "value" : "183"
},{
  "dateTime" : "08/24/11 00:00:00",
  "value" : "220"
},{
  "dateTime" : "08/25/11 00:00:00",
  "value" : "227"
},{
  "dateTime" : "08/26/11 00:00:00",
  "value" : "308"
},{
  "dateTime" : "08/27/11 00:00:00",
  "value" : "212"
},{
  "dateTime" : "08/28/11 00:00:00",
  "value" : "257"
}]