[{
  "dateTime" : "06/30/11 00:00:00",
  "value" : "221"
},{
  "dateTime" : "07/01/11 00:00:00",
  "value" : "318"
},{
  "dateTime" : "07/02/11 00:00:00",
  "value" : "322"
},{
  "dateTime" : "07/03/11 00:00:00",
  "value" : "338"
},{
  "dateTime" : "07/04/11 00:00:00",
  "value" : "182"
},{
  "dateTime" : "07/05/11 00:00:00",
  "value" : "182"
},{
  "dateTime" : "07/06/11 00:00:00",
  "value" : "239"
},{
  "dateTime" : "07/07/11 00:00:00",
  "value" : "234"
},{
  "dateTime" : "07/08/11 00:00:00",
  "value" : "303"
},{
  "dateTime" : "07/09/11 00:00:00",
  "value" : "283"
},{
  "dateTime" : "07/10/11 00:00:00",
  "value" : "257"
},{
  "dateTime" : "07/11/11 00:00:00",
  "value" : "328"
},{
  "dateTime" : "07/12/11 00:00:00",
  "value" : "270"
},{
  "dateTime" : "07/13/11 00:00:00",
  "value" : "279"
},{
  "dateTime" : "07/14/11 00:00:00",
  "value" : "231"
},{
  "dateTime" : "07/15/11 00:00:00",
  "value" : "285"
},{
  "dateTime" : "07/16/11 00:00:00",
  "value" : "354"
},{
  "dateTime" : "07/17/11 00:00:00",
  "value" : "331"
},{
  "dateTime" : "07/18/11 00:00:00",
  "value" : "246"
},{
  "dateTime" : "07/19/11 00:00:00",
  "value" : "258"
},{
  "dateTime" : "07/20/11 00:00:00",
  "value" : "257"
},{
  "dateTime" : "07/21/11 00:00:00",
  "value" : "269"
},{
  "dateTime" : "07/22/11 00:00:00",
  "value" : "231"
},{
  "dateTime" : "07/23/11 00:00:00",
  "value" : "190"
},{
  "dateTime" : "07/24/11 00:00:00",
  "value" : "409"
},{
  "dateTime" : "07/25/11 00:00:00",
  "value" : "154"
},{
  "dateTime" : "07/26/11 00:00:00",
  "value" : "232"
},{
  "dateTime" : "07/27/11 00:00:00",
  "value" : "229"
},{
  "dateTime" : "07/28/11 00:00:00",
  "value" : "280"
},{
  "dateTime" : "07/29/11 00:00:00",
  "value" : "264"
}]