[{
  "dateTime" : "05/06/10 00:00:00",
  "value" : "222"
},{
  "dateTime" : "05/07/10 00:00:00",
  "value" : "262"
},{
  "dateTime" : "05/08/10 00:00:00",
  "value" : "266"
},{
  "dateTime" : "05/09/10 00:00:00",
  "value" : "320"
},{
  "dateTime" : "05/10/10 00:00:00",
  "value" : "248"
},{
  "dateTime" : "05/11/10 00:00:00",
  "value" : "216"
},{
  "dateTime" : "05/12/10 00:00:00",
  "value" : "219"
},{
  "dateTime" : "05/13/10 00:00:00",
  "value" : "185"
},{
  "dateTime" : "05/14/10 00:00:00",
  "value" : "221"
},{
  "dateTime" : "05/15/10 00:00:00",
  "value" : "351"
},{
  "dateTime" : "05/16/10 00:00:00",
  "value" : "285"
},{
  "dateTime" : "05/17/10 00:00:00",
  "value" : "226"
},{
  "dateTime" : "05/18/10 00:00:00",
  "value" : "220"
},{
  "dateTime" : "05/19/10 00:00:00",
  "value" : "255"
},{
  "dateTime" : "05/20/10 00:00:00",
  "value" : "350"
},{
  "dateTime" : "05/21/10 00:00:00",
  "value" : "220"
},{
  "dateTime" : "05/22/10 00:00:00",
  "value" : "265"
},{
  "dateTime" : "05/23/10 00:00:00",
  "value" : "310"
},{
  "dateTime" : "05/24/10 00:00:00",
  "value" : "243"
},{
  "dateTime" : "05/25/10 00:00:00",
  "value" : "286"
},{
  "dateTime" : "05/26/10 00:00:00",
  "value" : "217"
},{
  "dateTime" : "05/27/10 00:00:00",
  "value" : "222"
},{
  "dateTime" : "05/28/10 00:00:00",
  "value" : "228"
},{
  "dateTime" : "05/29/10 00:00:00",
  "value" : "146"
},{
  "dateTime" : "05/30/10 00:00:00",
  "value" : "349"
},{
  "dateTime" : "05/31/10 00:00:00",
  "value" : "372"
},{
  "dateTime" : "06/01/10 00:00:00",
  "value" : "348"
},{
  "dateTime" : "06/02/10 00:00:00",
  "value" : "296"
},{
  "dateTime" : "06/03/10 00:00:00",
  "value" : "232"
},{
  "dateTime" : "06/04/10 00:00:00",
  "value" : "248"
}]