[{
  "dateTime" : "08/13/14 00:00:00",
  "value" : "190"
},{
  "dateTime" : "08/14/14 00:00:00",
  "value" : "145"
},{
  "dateTime" : "08/15/14 00:00:00",
  "value" : "158"
},{
  "dateTime" : "08/16/14 00:00:00",
  "value" : "189"
},{
  "dateTime" : "08/17/14 00:00:00",
  "value" : "125"
},{
  "dateTime" : "08/18/14 00:00:00",
  "value" : "159"
},{
  "dateTime" : "08/19/14 00:00:00",
  "value" : "145"
},{
  "dateTime" : "08/20/14 00:00:00",
  "value" : "188"
},{
  "dateTime" : "08/21/14 00:00:00",
  "value" : "135"
},{
  "dateTime" : "08/22/14 00:00:00",
  "value" : "143"
},{
  "dateTime" : "08/23/14 00:00:00",
  "value" : "186"
},{
  "dateTime" : "08/24/14 00:00:00",
  "value" : "104"
},{
  "dateTime" : "08/25/14 00:00:00",
  "value" : "156"
},{
  "dateTime" : "08/26/14 00:00:00",
  "value" : "131"
},{
  "dateTime" : "08/27/14 00:00:00",
  "value" : "104"
},{
  "dateTime" : "08/28/14 00:00:00",
  "value" : "176"
},{
  "dateTime" : "08/29/14 00:00:00",
  "value" : "174"
},{
  "dateTime" : "08/30/14 00:00:00",
  "value" : "87"
},{
  "dateTime" : "08/31/14 00:00:00",
  "value" : "91"
},{
  "dateTime" : "09/01/14 00:00:00",
  "value" : "87"
},{
  "dateTime" : "09/02/14 00:00:00",
  "value" : "118"
},{
  "dateTime" : "09/03/14 00:00:00",
  "value" : "112"
},{
  "dateTime" : "09/04/14 00:00:00",
  "value" : "165"
},{
  "dateTime" : "09/05/14 00:00:00",
  "value" : "145"
},{
  "dateTime" : "09/06/14 00:00:00",
  "value" : "162"
},{
  "dateTime" : "09/07/14 00:00:00",
  "value" : "134"
},{
  "dateTime" : "09/08/14 00:00:00",
  "value" : "127"
},{
  "dateTime" : "09/09/14 00:00:00",
  "value" : "129"
},{
  "dateTime" : "09/10/14 00:00:00",
  "value" : "109"
},{
  "dateTime" : "09/11/14 00:00:00",
  "value" : "135"
}]