[{
  "dateTime" : "03/20/19 00:00:00",
  "value" : "247"
},{
  "dateTime" : "03/21/19 00:00:00",
  "value" : "306"
},{
  "dateTime" : "03/22/19 00:00:00",
  "value" : "79"
},{
  "dateTime" : "03/23/19 00:00:00",
  "value" : "297"
},{
  "dateTime" : "03/24/19 00:00:00",
  "value" : "264"
},{
  "dateTime" : "03/25/19 00:00:00",
  "value" : "248"
},{
  "dateTime" : "03/26/19 00:00:00",
  "value" : "236"
},{
  "dateTime" : "03/27/19 00:00:00",
  "value" : "166"
},{
  "dateTime" : "03/28/19 00:00:00",
  "value" : "244"
},{
  "dateTime" : "03/29/19 00:00:00",
  "value" : "254"
},{
  "dateTime" : "03/30/19 00:00:00",
  "value" : "272"
},{
  "dateTime" : "03/31/19 00:00:00",
  "value" : "209"
},{
  "dateTime" : "04/01/19 00:00:00",
  "value" : "162"
},{
  "dateTime" : "04/02/19 00:00:00",
  "value" : "261"
},{
  "dateTime" : "04/03/19 00:00:00",
  "value" : "242"
},{
  "dateTime" : "04/04/19 00:00:00",
  "value" : "207"
},{
  "dateTime" : "04/05/19 00:00:00",
  "value" : "166"
},{
  "dateTime" : "04/06/19 00:00:00",
  "value" : "258"
},{
  "dateTime" : "04/07/19 00:00:00",
  "value" : "122"
},{
  "dateTime" : "04/08/19 00:00:00",
  "value" : "175"
},{
  "dateTime" : "04/09/19 00:00:00",
  "value" : "240"
},{
  "dateTime" : "04/10/19 00:00:00",
  "value" : "267"
},{
  "dateTime" : "04/11/19 00:00:00",
  "value" : "205"
},{
  "dateTime" : "04/12/19 00:00:00",
  "value" : "166"
},{
  "dateTime" : "04/13/19 00:00:00",
  "value" : "299"
},{
  "dateTime" : "04/14/19 00:00:00",
  "value" : "243"
},{
  "dateTime" : "04/15/19 00:00:00",
  "value" : "332"
},{
  "dateTime" : "04/16/19 00:00:00",
  "value" : "242"
},{
  "dateTime" : "04/17/19 00:00:00",
  "value" : "299"
},{
  "dateTime" : "04/18/19 00:00:00",
  "value" : "204"
}]