[{
  "dateTime" : "01/26/12 00:00:00",
  "value" : "289"
},{
  "dateTime" : "01/27/12 00:00:00",
  "value" : "251"
},{
  "dateTime" : "01/28/12 00:00:00",
  "value" : "234"
},{
  "dateTime" : "01/29/12 00:00:00",
  "value" : "287"
},{
  "dateTime" : "01/30/12 00:00:00",
  "value" : "252"
},{
  "dateTime" : "01/31/12 00:00:00",
  "value" : "239"
},{
  "dateTime" : "02/01/12 00:00:00",
  "value" : "223"
},{
  "dateTime" : "02/02/12 00:00:00",
  "value" : "211"
},{
  "dateTime" : "02/03/12 00:00:00",
  "value" : "248"
},{
  "dateTime" : "02/04/12 00:00:00",
  "value" : "289"
},{
  "dateTime" : "02/05/12 00:00:00",
  "value" : "267"
},{
  "dateTime" : "02/06/12 00:00:00",
  "value" : "233"
},{
  "dateTime" : "02/07/12 00:00:00",
  "value" : "163"
},{
  "dateTime" : "02/08/12 00:00:00",
  "value" : "243"
},{
  "dateTime" : "02/09/12 00:00:00",
  "value" : "219"
},{
  "dateTime" : "02/10/12 00:00:00",
  "value" : "217"
},{
  "dateTime" : "02/11/12 00:00:00",
  "value" : "256"
},{
  "dateTime" : "02/12/12 00:00:00",
  "value" : "306"
},{
  "dateTime" : "02/13/12 00:00:00",
  "value" : "243"
},{
  "dateTime" : "02/14/12 00:00:00",
  "value" : "202"
},{
  "dateTime" : "02/15/12 00:00:00",
  "value" : "259"
},{
  "dateTime" : "02/16/12 00:00:00",
  "value" : "195"
},{
  "dateTime" : "02/17/12 00:00:00",
  "value" : "253"
},{
  "dateTime" : "02/18/12 00:00:00",
  "value" : "206"
},{
  "dateTime" : "02/19/12 00:00:00",
  "value" : "291"
},{
  "dateTime" : "02/20/12 00:00:00",
  "value" : "275"
},{
  "dateTime" : "02/21/12 00:00:00",
  "value" : "207"
},{
  "dateTime" : "02/22/12 00:00:00",
  "value" : "311"
},{
  "dateTime" : "02/23/12 00:00:00",
  "value" : "196"
},{
  "dateTime" : "02/24/12 00:00:00",
  "value" : "151"
}]