[{
  "dateTime" : "05/15/14 00:00:00",
  "value" : "152"
},{
  "dateTime" : "05/16/14 00:00:00",
  "value" : "145"
},{
  "dateTime" : "05/17/14 00:00:00",
  "value" : "174"
},{
  "dateTime" : "05/18/14 00:00:00",
  "value" : "156"
},{
  "dateTime" : "05/19/14 00:00:00",
  "value" : "185"
},{
  "dateTime" : "05/20/14 00:00:00",
  "value" : "130"
},{
  "dateTime" : "05/21/14 00:00:00",
  "value" : "197"
},{
  "dateTime" : "05/22/14 00:00:00",
  "value" : "202"
},{
  "dateTime" : "05/23/14 00:00:00",
  "value" : "151"
},{
  "dateTime" : "05/24/14 00:00:00",
  "value" : "186"
},{
  "dateTime" : "05/25/14 00:00:00",
  "value" : "192"
},{
  "dateTime" : "05/26/14 00:00:00",
  "value" : "133"
},{
  "dateTime" : "05/27/14 00:00:00",
  "value" : "178"
},{
  "dateTime" : "05/28/14 00:00:00",
  "value" : "152"
},{
  "dateTime" : "05/29/14 00:00:00",
  "value" : "153"
},{
  "dateTime" : "05/30/14 00:00:00",
  "value" : "225"
},{
  "dateTime" : "05/31/14 00:00:00",
  "value" : "97"
},{
  "dateTime" : "06/01/14 00:00:00",
  "value" : "153"
},{
  "dateTime" : "06/02/14 00:00:00",
  "value" : "190"
},{
  "dateTime" : "06/03/14 00:00:00",
  "value" : "193"
},{
  "dateTime" : "06/04/14 00:00:00",
  "value" : "171"
},{
  "dateTime" : "06/05/14 00:00:00",
  "value" : "127"
},{
  "dateTime" : "06/06/14 00:00:00",
  "value" : "373"
},{
  "dateTime" : "06/07/14 00:00:00",
  "value" : "210"
},{
  "dateTime" : "06/08/14 00:00:00",
  "value" : "157"
},{
  "dateTime" : "06/09/14 00:00:00",
  "value" : "125"
},{
  "dateTime" : "06/10/14 00:00:00",
  "value" : "154"
},{
  "dateTime" : "06/11/14 00:00:00",
  "value" : "207"
},{
  "dateTime" : "06/12/14 00:00:00",
  "value" : "115"
},{
  "dateTime" : "06/13/14 00:00:00",
  "value" : "195"
}]