[{
  "dateTime" : "03/07/10 00:00:00",
  "value" : "0"
},{
  "dateTime" : "03/08/10 00:00:00",
  "value" : "0"
},{
  "dateTime" : "03/09/10 00:00:00",
  "value" : "0"
},{
  "dateTime" : "03/10/10 00:00:00",
  "value" : "0"
},{
  "dateTime" : "03/11/10 00:00:00",
  "value" : "0"
},{
  "dateTime" : "03/12/10 00:00:00",
  "value" : "0"
},{
  "dateTime" : "03/13/10 00:00:00",
  "value" : "0"
},{
  "dateTime" : "03/14/10 00:00:00",
  "value" : "0"
},{
  "dateTime" : "03/15/10 00:00:00",
  "value" : "0"
},{
  "dateTime" : "03/16/10 00:00:00",
  "value" : "0"
},{
  "dateTime" : "03/17/10 00:00:00",
  "value" : "0"
},{
  "dateTime" : "03/18/10 00:00:00",
  "value" : "0"
},{
  "dateTime" : "03/19/10 00:00:00",
  "value" : "0"
},{
  "dateTime" : "03/20/10 00:00:00",
  "value" : "0"
},{
  "dateTime" : "03/21/10 00:00:00",
  "value" : "0"
},{
  "dateTime" : "03/22/10 00:00:00",
  "value" : "0"
},{
  "dateTime" : "03/23/10 00:00:00",
  "value" : "0"
},{
  "dateTime" : "03/24/10 00:00:00",
  "value" : "0"
},{
  "dateTime" : "03/25/10 00:00:00",
  "value" : "0"
},{
  "dateTime" : "03/26/10 00:00:00",
  "value" : "0"
},{
  "dateTime" : "03/27/10 00:00:00",
  "value" : "0"
},{
  "dateTime" : "03/28/10 00:00:00",
  "value" : "0"
},{
  "dateTime" : "03/29/10 00:00:00",
  "value" : "0"
},{
  "dateTime" : "03/30/10 00:00:00",
  "value" : "0"
},{
  "dateTime" : "03/31/10 00:00:00",
  "value" : "0"
},{
  "dateTime" : "04/01/10 00:00:00",
  "value" : "0"
},{
  "dateTime" : "04/02/10 00:00:00",
  "value" : "0"
},{
  "dateTime" : "04/03/10 00:00:00",
  "value" : "0"
},{
  "dateTime" : "04/04/10 00:00:00",
  "value" : "0"
},{
  "dateTime" : "04/05/10 00:00:00",
  "value" : "0"
}]