[{
  "dateTime" : "11/20/18 00:00:00",
  "value" : "329"
},{
  "dateTime" : "11/21/18 00:00:00",
  "value" : "204"
},{
  "dateTime" : "11/22/18 00:00:00",
  "value" : "202"
},{
  "dateTime" : "11/23/18 00:00:00",
  "value" : "206"
},{
  "dateTime" : "11/24/18 00:00:00",
  "value" : "176"
},{
  "dateTime" : "11/25/18 00:00:00",
  "value" : "128"
},{
  "dateTime" : "11/26/18 00:00:00",
  "value" : "296"
},{
  "dateTime" : "11/27/18 00:00:00",
  "value" : "216"
},{
  "dateTime" : "11/28/18 00:00:00",
  "value" : "317"
},{
  "dateTime" : "11/29/18 00:00:00",
  "value" : "302"
},{
  "dateTime" : "11/30/18 00:00:00",
  "value" : "181"
},{
  "dateTime" : "12/01/18 00:00:00",
  "value" : "168"
},{
  "dateTime" : "12/02/18 00:00:00",
  "value" : "163"
},{
  "dateTime" : "12/03/18 00:00:00",
  "value" : "193"
},{
  "dateTime" : "12/04/18 00:00:00",
  "value" : "311"
},{
  "dateTime" : "12/05/18 00:00:00",
  "value" : "333"
},{
  "dateTime" : "12/06/18 00:00:00",
  "value" : "204"
},{
  "dateTime" : "12/07/18 00:00:00",
  "value" : "243"
},{
  "dateTime" : "12/08/18 00:00:00",
  "value" : "103"
},{
  "dateTime" : "12/09/18 00:00:00",
  "value" : "225"
},{
  "dateTime" : "12/10/18 00:00:00",
  "value" : "283"
},{
  "dateTime" : "12/11/18 00:00:00",
  "value" : "147"
},{
  "dateTime" : "12/12/18 00:00:00",
  "value" : "253"
},{
  "dateTime" : "12/13/18 00:00:00",
  "value" : "164"
},{
  "dateTime" : "12/14/18 00:00:00",
  "value" : "250"
},{
  "dateTime" : "12/15/18 00:00:00",
  "value" : "269"
},{
  "dateTime" : "12/16/18 00:00:00",
  "value" : "131"
},{
  "dateTime" : "12/17/18 00:00:00",
  "value" : "221"
},{
  "dateTime" : "12/18/18 00:00:00",
  "value" : "221"
},{
  "dateTime" : "12/19/18 00:00:00",
  "value" : "244"
}]