[{
  "dateTime" : "06/19/13 00:00:00",
  "value" : "286"
},{
  "dateTime" : "06/20/13 00:00:00",
  "value" : "286"
},{
  "dateTime" : "06/21/13 00:00:00",
  "value" : "278"
},{
  "dateTime" : "06/22/13 00:00:00",
  "value" : "251"
},{
  "dateTime" : "06/23/13 00:00:00",
  "value" : "59"
},{
  "dateTime" : "06/24/13 00:00:00",
  "value" : "325"
},{
  "dateTime" : "06/25/13 00:00:00",
  "value" : "293"
},{
  "dateTime" : "06/26/13 00:00:00",
  "value" : "232"
},{
  "dateTime" : "06/27/13 00:00:00",
  "value" : "318"
},{
  "dateTime" : "06/28/13 00:00:00",
  "value" : "280"
},{
  "dateTime" : "06/29/13 00:00:00",
  "value" : "260"
},{
  "dateTime" : "06/30/13 00:00:00",
  "value" : "249"
},{
  "dateTime" : "07/01/13 00:00:00",
  "value" : "347"
},{
  "dateTime" : "07/02/13 00:00:00",
  "value" : "330"
},{
  "dateTime" : "07/03/13 00:00:00",
  "value" : "267"
},{
  "dateTime" : "07/04/13 00:00:00",
  "value" : "337"
},{
  "dateTime" : "07/05/13 00:00:00",
  "value" : "232"
},{
  "dateTime" : "07/06/13 00:00:00",
  "value" : "363"
},{
  "dateTime" : "07/07/13 00:00:00",
  "value" : "310"
},{
  "dateTime" : "07/08/13 00:00:00",
  "value" : "315"
},{
  "dateTime" : "07/09/13 00:00:00",
  "value" : "301"
},{
  "dateTime" : "07/10/13 00:00:00",
  "value" : "273"
},{
  "dateTime" : "07/11/13 00:00:00",
  "value" : "413"
},{
  "dateTime" : "07/12/13 00:00:00",
  "value" : "336"
},{
  "dateTime" : "07/13/13 00:00:00",
  "value" : "262"
},{
  "dateTime" : "07/14/13 00:00:00",
  "value" : "339"
},{
  "dateTime" : "07/15/13 00:00:00",
  "value" : "247"
},{
  "dateTime" : "07/16/13 00:00:00",
  "value" : "275"
},{
  "dateTime" : "07/17/13 00:00:00",
  "value" : "232"
},{
  "dateTime" : "07/18/13 00:00:00",
  "value" : "305"
}]