[{
  "dateTime" : "01/29/17 00:00:00",
  "value" : "246"
},{
  "dateTime" : "01/30/17 00:00:00",
  "value" : "246"
},{
  "dateTime" : "01/31/17 00:00:00",
  "value" : "178"
},{
  "dateTime" : "02/01/17 00:00:00",
  "value" : "144"
},{
  "dateTime" : "02/02/17 00:00:00",
  "value" : "218"
},{
  "dateTime" : "02/03/17 00:00:00",
  "value" : "196"
},{
  "dateTime" : "02/04/17 00:00:00",
  "value" : "164"
},{
  "dateTime" : "02/05/17 00:00:00",
  "value" : "205"
},{
  "dateTime" : "02/06/17 00:00:00",
  "value" : "252"
},{
  "dateTime" : "02/07/17 00:00:00",
  "value" : "81"
},{
  "dateTime" : "02/08/17 00:00:00",
  "value" : "0"
},{
  "dateTime" : "02/09/17 00:00:00",
  "value" : "179"
},{
  "dateTime" : "02/10/17 00:00:00",
  "value" : "207"
},{
  "dateTime" : "02/11/17 00:00:00",
  "value" : "261"
},{
  "dateTime" : "02/12/17 00:00:00",
  "value" : "134"
},{
  "dateTime" : "02/13/17 00:00:00",
  "value" : "360"
},{
  "dateTime" : "02/14/17 00:00:00",
  "value" : "119"
},{
  "dateTime" : "02/15/17 00:00:00",
  "value" : "204"
},{
  "dateTime" : "02/16/17 00:00:00",
  "value" : "192"
},{
  "dateTime" : "02/17/17 00:00:00",
  "value" : "264"
},{
  "dateTime" : "02/18/17 00:00:00",
  "value" : "258"
},{
  "dateTime" : "02/19/17 00:00:00",
  "value" : "204"
},{
  "dateTime" : "02/20/17 00:00:00",
  "value" : "49"
},{
  "dateTime" : "02/21/17 00:00:00",
  "value" : "234"
},{
  "dateTime" : "02/22/17 00:00:00",
  "value" : "211"
},{
  "dateTime" : "02/23/17 00:00:00",
  "value" : "159"
},{
  "dateTime" : "02/24/17 00:00:00",
  "value" : "253"
},{
  "dateTime" : "02/25/17 00:00:00",
  "value" : "166"
},{
  "dateTime" : "02/26/17 00:00:00",
  "value" : "225"
},{
  "dateTime" : "02/27/17 00:00:00",
  "value" : "97"
}]