[{
  "dateTime" : "11/11/14 00:00:00",
  "value" : "166"
},{
  "dateTime" : "11/12/14 00:00:00",
  "value" : "297"
},{
  "dateTime" : "11/13/14 00:00:00",
  "value" : "225"
},{
  "dateTime" : "11/14/14 00:00:00",
  "value" : "161"
},{
  "dateTime" : "11/15/14 00:00:00",
  "value" : "149"
},{
  "dateTime" : "11/16/14 00:00:00",
  "value" : "255"
},{
  "dateTime" : "11/17/14 00:00:00",
  "value" : "211"
},{
  "dateTime" : "11/18/14 00:00:00",
  "value" : "239"
},{
  "dateTime" : "11/19/14 00:00:00",
  "value" : "287"
},{
  "dateTime" : "11/20/14 00:00:00",
  "value" : "295"
},{
  "dateTime" : "11/21/14 00:00:00",
  "value" : "79"
},{
  "dateTime" : "11/22/14 00:00:00",
  "value" : "204"
},{
  "dateTime" : "11/23/14 00:00:00",
  "value" : "136"
},{
  "dateTime" : "11/24/14 00:00:00",
  "value" : "217"
},{
  "dateTime" : "11/25/14 00:00:00",
  "value" : "217"
},{
  "dateTime" : "11/26/14 00:00:00",
  "value" : "429"
},{
  "dateTime" : "11/27/14 00:00:00",
  "value" : "335"
},{
  "dateTime" : "11/28/14 00:00:00",
  "value" : "118"
},{
  "dateTime" : "11/29/14 00:00:00",
  "value" : "230"
},{
  "dateTime" : "11/30/14 00:00:00",
  "value" : "215"
},{
  "dateTime" : "12/01/14 00:00:00",
  "value" : "295"
},{
  "dateTime" : "12/02/14 00:00:00",
  "value" : "281"
},{
  "dateTime" : "12/03/14 00:00:00",
  "value" : "173"
},{
  "dateTime" : "12/04/14 00:00:00",
  "value" : "357"
},{
  "dateTime" : "12/05/14 00:00:00",
  "value" : "160"
},{
  "dateTime" : "12/06/14 00:00:00",
  "value" : "209"
},{
  "dateTime" : "12/07/14 00:00:00",
  "value" : "162"
},{
  "dateTime" : "12/08/14 00:00:00",
  "value" : "293"
},{
  "dateTime" : "12/09/14 00:00:00",
  "value" : "310"
},{
  "dateTime" : "12/10/14 00:00:00",
  "value" : "196"
}]