[{
  "dateTime" : "01/15/14 00:00:00",
  "value" : "197"
},{
  "dateTime" : "01/16/14 00:00:00",
  "value" : "255"
},{
  "dateTime" : "01/17/14 00:00:00",
  "value" : "154"
},{
  "dateTime" : "01/18/14 00:00:00",
  "value" : "188"
},{
  "dateTime" : "01/19/14 00:00:00",
  "value" : "155"
},{
  "dateTime" : "01/20/14 00:00:00",
  "value" : "147"
},{
  "dateTime" : "01/21/14 00:00:00",
  "value" : "165"
},{
  "dateTime" : "01/22/14 00:00:00",
  "value" : "252"
},{
  "dateTime" : "01/23/14 00:00:00",
  "value" : "140"
},{
  "dateTime" : "01/24/14 00:00:00",
  "value" : "172"
},{
  "dateTime" : "01/25/14 00:00:00",
  "value" : "105"
},{
  "dateTime" : "01/26/14 00:00:00",
  "value" : "128"
},{
  "dateTime" : "01/27/14 00:00:00",
  "value" : "146"
},{
  "dateTime" : "01/28/14 00:00:00",
  "value" : "155"
},{
  "dateTime" : "01/29/14 00:00:00",
  "value" : "136"
},{
  "dateTime" : "01/30/14 00:00:00",
  "value" : "147"
},{
  "dateTime" : "01/31/14 00:00:00",
  "value" : "169"
},{
  "dateTime" : "02/01/14 00:00:00",
  "value" : "135"
},{
  "dateTime" : "02/02/14 00:00:00",
  "value" : "179"
},{
  "dateTime" : "02/03/14 00:00:00",
  "value" : "158"
},{
  "dateTime" : "02/04/14 00:00:00",
  "value" : "155"
},{
  "dateTime" : "02/05/14 00:00:00",
  "value" : "161"
},{
  "dateTime" : "02/06/14 00:00:00",
  "value" : "174"
},{
  "dateTime" : "02/07/14 00:00:00",
  "value" : "151"
},{
  "dateTime" : "02/08/14 00:00:00",
  "value" : "163"
},{
  "dateTime" : "02/09/14 00:00:00",
  "value" : "188"
},{
  "dateTime" : "02/10/14 00:00:00",
  "value" : "173"
},{
  "dateTime" : "02/11/14 00:00:00",
  "value" : "140"
},{
  "dateTime" : "02/12/14 00:00:00",
  "value" : "182"
},{
  "dateTime" : "02/13/14 00:00:00",
  "value" : "101"
}]