[{
  "dateTime" : "02/25/12 00:00:00",
  "value" : "196"
},{
  "dateTime" : "02/26/12 00:00:00",
  "value" : "183"
},{
  "dateTime" : "02/27/12 00:00:00",
  "value" : "270"
},{
  "dateTime" : "02/28/12 00:00:00",
  "value" : "173"
},{
  "dateTime" : "02/29/12 00:00:00",
  "value" : "221"
},{
  "dateTime" : "03/01/12 00:00:00",
  "value" : "171"
},{
  "dateTime" : "03/02/12 00:00:00",
  "value" : "251"
},{
  "dateTime" : "03/03/12 00:00:00",
  "value" : "347"
},{
  "dateTime" : "03/04/12 00:00:00",
  "value" : "294"
},{
  "dateTime" : "03/05/12 00:00:00",
  "value" : "238"
},{
  "dateTime" : "03/06/12 00:00:00",
  "value" : "274"
},{
  "dateTime" : "03/07/12 00:00:00",
  "value" : "201"
},{
  "dateTime" : "03/08/12 00:00:00",
  "value" : "258"
},{
  "dateTime" : "03/09/12 00:00:00",
  "value" : "269"
},{
  "dateTime" : "03/10/12 00:00:00",
  "value" : "201"
},{
  "dateTime" : "03/11/12 00:00:00",
  "value" : "322"
},{
  "dateTime" : "03/12/12 00:00:00",
  "value" : "296"
},{
  "dateTime" : "03/13/12 00:00:00",
  "value" : "247"
},{
  "dateTime" : "03/14/12 00:00:00",
  "value" : "230"
},{
  "dateTime" : "03/15/12 00:00:00",
  "value" : "228"
},{
  "dateTime" : "03/16/12 00:00:00",
  "value" : "212"
},{
  "dateTime" : "03/17/12 00:00:00",
  "value" : "189"
},{
  "dateTime" : "03/18/12 00:00:00",
  "value" : "190"
},{
  "dateTime" : "03/19/12 00:00:00",
  "value" : "251"
},{
  "dateTime" : "03/20/12 00:00:00",
  "value" : "240"
},{
  "dateTime" : "03/21/12 00:00:00",
  "value" : "221"
},{
  "dateTime" : "03/22/12 00:00:00",
  "value" : "219"
},{
  "dateTime" : "03/23/12 00:00:00",
  "value" : "204"
},{
  "dateTime" : "03/24/12 00:00:00",
  "value" : "238"
},{
  "dateTime" : "03/25/12 00:00:00",
  "value" : "292"
}]