[{
  "dateTime" : "02/28/17 00:00:00",
  "value" : "266"
},{
  "dateTime" : "03/01/17 00:00:00",
  "value" : "164"
},{
  "dateTime" : "03/02/17 00:00:00",
  "value" : "244"
},{
  "dateTime" : "03/03/17 00:00:00",
  "value" : "243"
},{
  "dateTime" : "03/04/17 00:00:00",
  "value" : "189"
},{
  "dateTime" : "03/05/17 00:00:00",
  "value" : "0"
},{
  "dateTime" : "03/06/17 00:00:00",
  "value" : "0"
},{
  "dateTime" : "03/07/17 00:00:00",
  "value" : "112"
},{
  "dateTime" : "03/08/17 00:00:00",
  "value" : "158"
},{
  "dateTime" : "03/09/17 00:00:00",
  "value" : "202"
},{
  "dateTime" : "03/10/17 00:00:00",
  "value" : "141"
},{
  "dateTime" : "03/11/17 00:00:00",
  "value" : "219"
},{
  "dateTime" : "03/12/17 00:00:00",
  "value" : "196"
},{
  "dateTime" : "03/13/17 00:00:00",
  "value" : "250"
},{
  "dateTime" : "03/14/17 00:00:00",
  "value" : "244"
},{
  "dateTime" : "03/15/17 00:00:00",
  "value" : "78"
},{
  "dateTime" : "03/16/17 00:00:00",
  "value" : "205"
},{
  "dateTime" : "03/17/17 00:00:00",
  "value" : "175"
},{
  "dateTime" : "03/18/17 00:00:00",
  "value" : "171"
},{
  "dateTime" : "03/19/17 00:00:00",
  "value" : "258"
},{
  "dateTime" : "03/20/17 00:00:00",
  "value" : "150"
},{
  "dateTime" : "03/21/17 00:00:00",
  "value" : "105"
},{
  "dateTime" : "03/22/17 00:00:00",
  "value" : "137"
},{
  "dateTime" : "03/23/17 00:00:00",
  "value" : "246"
},{
  "dateTime" : "03/24/17 00:00:00",
  "value" : "156"
},{
  "dateTime" : "03/25/17 00:00:00",
  "value" : "197"
},{
  "dateTime" : "03/26/17 00:00:00",
  "value" : "185"
},{
  "dateTime" : "03/27/17 00:00:00",
  "value" : "236"
},{
  "dateTime" : "03/28/17 00:00:00",
  "value" : "159"
},{
  "dateTime" : "03/29/17 00:00:00",
  "value" : "150"
}]