[{
  "dateTime" : "01/20/13 00:00:00",
  "value" : "233"
},{
  "dateTime" : "01/21/13 00:00:00",
  "value" : "360"
},{
  "dateTime" : "01/22/13 00:00:00",
  "value" : "302"
},{
  "dateTime" : "01/23/13 00:00:00",
  "value" : "251"
},{
  "dateTime" : "01/24/13 00:00:00",
  "value" : "219"
},{
  "dateTime" : "01/25/13 00:00:00",
  "value" : "249"
},{
  "dateTime" : "01/26/13 00:00:00",
  "value" : "234"
},{
  "dateTime" : "01/27/13 00:00:00",
  "value" : "258"
},{
  "dateTime" : "01/28/13 00:00:00",
  "value" : "255"
},{
  "dateTime" : "01/29/13 00:00:00",
  "value" : "173"
},{
  "dateTime" : "01/30/13 00:00:00",
  "value" : "265"
},{
  "dateTime" : "01/31/13 00:00:00",
  "value" : "261"
},{
  "dateTime" : "02/01/13 00:00:00",
  "value" : "249"
},{
  "dateTime" : "02/02/13 00:00:00",
  "value" : "238"
},{
  "dateTime" : "02/03/13 00:00:00",
  "value" : "275"
},{
  "dateTime" : "02/04/13 00:00:00",
  "value" : "254"
},{
  "dateTime" : "02/05/13 00:00:00",
  "value" : "217"
},{
  "dateTime" : "02/06/13 00:00:00",
  "value" : "333"
},{
  "dateTime" : "02/07/13 00:00:00",
  "value" : "263"
},{
  "dateTime" : "02/08/13 00:00:00",
  "value" : "245"
},{
  "dateTime" : "02/09/13 00:00:00",
  "value" : "160"
},{
  "dateTime" : "02/10/13 00:00:00",
  "value" : "199"
},{
  "dateTime" : "02/11/13 00:00:00",
  "value" : "225"
},{
  "dateTime" : "02/12/13 00:00:00",
  "value" : "190"
},{
  "dateTime" : "02/13/13 00:00:00",
  "value" : "247"
},{
  "dateTime" : "02/14/13 00:00:00",
  "value" : "184"
},{
  "dateTime" : "02/15/13 00:00:00",
  "value" : "326"
},{
  "dateTime" : "02/16/13 00:00:00",
  "value" : "244"
},{
  "dateTime" : "02/17/13 00:00:00",
  "value" : "157"
},{
  "dateTime" : "02/18/13 00:00:00",
  "value" : "249"
}]