[{
  "dateTime" : "10/26/17 00:00:00",
  "value" : "281"
},{
  "dateTime" : "10/27/17 00:00:00",
  "value" : "203"
},{
  "dateTime" : "10/28/17 00:00:00",
  "value" : "220"
},{
  "dateTime" : "10/29/17 00:00:00",
  "value" : "204"
},{
  "dateTime" : "10/30/17 00:00:00",
  "value" : "188"
},{
  "dateTime" : "10/31/17 00:00:00",
  "value" : "315"
},{
  "dateTime" : "11/01/17 00:00:00",
  "value" : "254"
},{
  "dateTime" : "11/02/17 00:00:00",
  "value" : "240"
},{
  "dateTime" : "11/03/17 00:00:00",
  "value" : "207"
},{
  "dateTime" : "11/04/17 00:00:00",
  "value" : "143"
},{
  "dateTime" : "11/05/17 00:00:00",
  "value" : "199"
},{
  "dateTime" : "11/06/17 00:00:00",
  "value" : "214"
},{
  "dateTime" : "11/07/17 00:00:00",
  "value" : "258"
},{
  "dateTime" : "11/08/17 00:00:00",
  "value" : "198"
},{
  "dateTime" : "11/09/17 00:00:00",
  "value" : "164"
},{
  "dateTime" : "11/10/17 00:00:00",
  "value" : "256"
},{
  "dateTime" : "11/11/17 00:00:00",
  "value" : "225"
},{
  "dateTime" : "11/12/17 00:00:00",
  "value" : "170"
},{
  "dateTime" : "11/13/17 00:00:00",
  "value" : "158"
},{
  "dateTime" : "11/14/17 00:00:00",
  "value" : "279"
},{
  "dateTime" : "11/15/17 00:00:00",
  "value" : "317"
},{
  "dateTime" : "11/16/17 00:00:00",
  "value" : "268"
},{
  "dateTime" : "11/17/17 00:00:00",
  "value" : "190"
},{
  "dateTime" : "11/18/17 00:00:00",
  "value" : "324"
},{
  "dateTime" : "11/19/17 00:00:00",
  "value" : "18"
},{
  "dateTime" : "11/20/17 00:00:00",
  "value" : "380"
},{
  "dateTime" : "11/21/17 00:00:00",
  "value" : "169"
},{
  "dateTime" : "11/22/17 00:00:00",
  "value" : "240"
},{
  "dateTime" : "11/23/17 00:00:00",
  "value" : "184"
},{
  "dateTime" : "11/24/17 00:00:00",
  "value" : "0"
}]