[{
  "dateTime" : "11/16/13 00:00:00",
  "value" : "0"
},{
  "dateTime" : "11/17/13 00:00:00",
  "value" : "0"
},{
  "dateTime" : "11/18/13 00:00:00",
  "value" : "0"
},{
  "dateTime" : "11/19/13 00:00:00",
  "value" : "222"
},{
  "dateTime" : "11/20/13 00:00:00",
  "value" : "239"
},{
  "dateTime" : "11/21/13 00:00:00",
  "value" : "224"
},{
  "dateTime" : "11/22/13 00:00:00",
  "value" : "261"
},{
  "dateTime" : "11/23/13 00:00:00",
  "value" : "177"
},{
  "dateTime" : "11/24/13 00:00:00",
  "value" : "276"
},{
  "dateTime" : "11/25/13 00:00:00",
  "value" : "241"
},{
  "dateTime" : "11/26/13 00:00:00",
  "value" : "257"
},{
  "dateTime" : "11/27/13 00:00:00",
  "value" : "188"
},{
  "dateTime" : "11/28/13 00:00:00",
  "value" : "417"
},{
  "dateTime" : "11/29/13 00:00:00",
  "value" : "57"
},{
  "dateTime" : "11/30/13 00:00:00",
  "value" : "217"
},{
  "dateTime" : "12/01/13 00:00:00",
  "value" : "286"
},{
  "dateTime" : "12/02/13 00:00:00",
  "value" : "295"
},{
  "dateTime" : "12/03/13 00:00:00",
  "value" : "240"
},{
  "dateTime" : "12/04/13 00:00:00",
  "value" : "182"
},{
  "dateTime" : "12/05/13 00:00:00",
  "value" : "211"
},{
  "dateTime" : "12/06/13 00:00:00",
  "value" : "180"
},{
  "dateTime" : "12/07/13 00:00:00",
  "value" : "175"
},{
  "dateTime" : "12/08/13 00:00:00",
  "value" : "196"
},{
  "dateTime" : "12/09/13 00:00:00",
  "value" : "234"
},{
  "dateTime" : "12/10/13 00:00:00",
  "value" : "204"
},{
  "dateTime" : "12/11/13 00:00:00",
  "value" : "260"
},{
  "dateTime" : "12/12/13 00:00:00",
  "value" : "247"
},{
  "dateTime" : "12/13/13 00:00:00",
  "value" : "162"
},{
  "dateTime" : "12/14/13 00:00:00",
  "value" : "187"
},{
  "dateTime" : "12/15/13 00:00:00",
  "value" : "207"
}]