[{
  "dateTime" : "07/28/17 00:00:00",
  "value" : "235"
},{
  "dateTime" : "07/29/17 00:00:00",
  "value" : "181"
},{
  "dateTime" : "07/30/17 00:00:00",
  "value" : "172"
},{
  "dateTime" : "07/31/17 00:00:00",
  "value" : "317"
},{
  "dateTime" : "08/01/17 00:00:00",
  "value" : "156"
},{
  "dateTime" : "08/02/17 00:00:00",
  "value" : "238"
},{
  "dateTime" : "08/03/17 00:00:00",
  "value" : "159"
},{
  "dateTime" : "08/04/17 00:00:00",
  "value" : "225"
},{
  "dateTime" : "08/05/17 00:00:00",
  "value" : "211"
},{
  "dateTime" : "08/06/17 00:00:00",
  "value" : "187"
},{
  "dateTime" : "08/07/17 00:00:00",
  "value" : "302"
},{
  "dateTime" : "08/08/17 00:00:00",
  "value" : "247"
},{
  "dateTime" : "08/09/17 00:00:00",
  "value" : "131"
},{
  "dateTime" : "08/10/17 00:00:00",
  "value" : "407"
},{
  "dateTime" : "08/11/17 00:00:00",
  "value" : "207"
},{
  "dateTime" : "08/12/17 00:00:00",
  "value" : "214"
},{
  "dateTime" : "08/13/17 00:00:00",
  "value" : "206"
},{
  "dateTime" : "08/14/17 00:00:00",
  "value" : "312"
},{
  "dateTime" : "08/15/17 00:00:00",
  "value" : "260"
},{
  "dateTime" : "08/16/17 00:00:00",
  "value" : "280"
},{
  "dateTime" : "08/17/17 00:00:00",
  "value" : "139"
},{
  "dateTime" : "08/18/17 00:00:00",
  "value" : "338"
},{
  "dateTime" : "08/19/17 00:00:00",
  "value" : "204"
},{
  "dateTime" : "08/20/17 00:00:00",
  "value" : "184"
},{
  "dateTime" : "08/21/17 00:00:00",
  "value" : "309"
},{
  "dateTime" : "08/22/17 00:00:00",
  "value" : "272"
},{
  "dateTime" : "08/23/17 00:00:00",
  "value" : "194"
},{
  "dateTime" : "08/24/17 00:00:00",
  "value" : "259"
},{
  "dateTime" : "08/25/17 00:00:00",
  "value" : "174"
},{
  "dateTime" : "08/26/17 00:00:00",
  "value" : "173"
}]