[{
  "dateTime" : "04/19/19 00:00:00",
  "value" : "282"
},{
  "dateTime" : "04/20/19 00:00:00",
  "value" : "262"
},{
  "dateTime" : "04/21/19 00:00:00",
  "value" : "281"
},{
  "dateTime" : "04/22/19 00:00:00",
  "value" : "271"
},{
  "dateTime" : "04/23/19 00:00:00",
  "value" : "291"
},{
  "dateTime" : "04/24/19 00:00:00",
  "value" : "248"
},{
  "dateTime" : "04/25/19 00:00:00",
  "value" : "160"
},{
  "dateTime" : "04/26/19 00:00:00",
  "value" : "245"
},{
  "dateTime" : "04/27/19 00:00:00",
  "value" : "215"
},{
  "dateTime" : "04/28/19 00:00:00",
  "value" : "135"
},{
  "dateTime" : "04/29/19 00:00:00",
  "value" : "266"
},{
  "dateTime" : "04/30/19 00:00:00",
  "value" : "308"
},{
  "dateTime" : "05/01/19 00:00:00",
  "value" : "281"
},{
  "dateTime" : "05/02/19 00:00:00",
  "value" : "271"
},{
  "dateTime" : "05/03/19 00:00:00",
  "value" : "192"
},{
  "dateTime" : "05/04/19 00:00:00",
  "value" : "140"
},{
  "dateTime" : "05/05/19 00:00:00",
  "value" : "303"
},{
  "dateTime" : "05/06/19 00:00:00",
  "value" : "264"
},{
  "dateTime" : "05/07/19 00:00:00",
  "value" : "258"
},{
  "dateTime" : "05/08/19 00:00:00",
  "value" : "297"
},{
  "dateTime" : "05/09/19 00:00:00",
  "value" : "257"
},{
  "dateTime" : "05/10/19 00:00:00",
  "value" : "175"
},{
  "dateTime" : "05/11/19 00:00:00",
  "value" : "260"
},{
  "dateTime" : "05/12/19 00:00:00",
  "value" : "336"
},{
  "dateTime" : "05/13/19 00:00:00",
  "value" : "209"
},{
  "dateTime" : "05/14/19 00:00:00",
  "value" : "283"
},{
  "dateTime" : "05/15/19 00:00:00",
  "value" : "195"
},{
  "dateTime" : "05/16/19 00:00:00",
  "value" : "238"
},{
  "dateTime" : "05/17/19 00:00:00",
  "value" : "159"
},{
  "dateTime" : "05/18/19 00:00:00",
  "value" : "230"
}]