[{
  "dateTime" : "02/05/10 00:00:00",
  "value" : "244"
},{
  "dateTime" : "02/06/10 00:00:00",
  "value" : "295"
},{
  "dateTime" : "02/07/10 00:00:00",
  "value" : "343"
},{
  "dateTime" : "02/08/10 00:00:00",
  "value" : "159"
},{
  "dateTime" : "02/09/10 00:00:00",
  "value" : "266"
},{
  "dateTime" : "02/10/10 00:00:00",
  "value" : "181"
},{
  "dateTime" : "02/11/10 00:00:00",
  "value" : "180"
},{
  "dateTime" : "02/12/10 00:00:00",
  "value" : "213"
},{
  "dateTime" : "02/13/10 00:00:00",
  "value" : "237"
},{
  "dateTime" : "02/14/10 00:00:00",
  "value" : "141"
},{
  "dateTime" : "02/15/10 00:00:00",
  "value" : "201"
},{
  "dateTime" : "02/16/10 00:00:00",
  "value" : "103"
},{
  "dateTime" : "02/17/10 00:00:00",
  "value" : "87"
},{
  "dateTime" : "02/18/10 00:00:00",
  "value" : "55"
},{
  "dateTime" : "02/19/10 00:00:00",
  "value" : "0"
},{
  "dateTime" : "02/20/10 00:00:00",
  "value" : "45"
},{
  "dateTime" : "02/21/10 00:00:00",
  "value" : "325"
},{
  "dateTime" : "02/22/10 00:00:00",
  "value" : "229"
},{
  "dateTime" : "02/23/10 00:00:00",
  "value" : "246"
},{
  "dateTime" : "02/24/10 00:00:00",
  "value" : "287"
},{
  "dateTime" : "02/25/10 00:00:00",
  "value" : "284"
},{
  "dateTime" : "02/26/10 00:00:00",
  "value" : "259"
},{
  "dateTime" : "02/27/10 00:00:00",
  "value" : "237"
},{
  "dateTime" : "02/28/10 00:00:00",
  "value" : "245"
},{
  "dateTime" : "03/01/10 00:00:00",
  "value" : "26"
},{
  "dateTime" : "03/02/10 00:00:00",
  "value" : "0"
},{
  "dateTime" : "03/03/10 00:00:00",
  "value" : "0"
},{
  "dateTime" : "03/04/10 00:00:00",
  "value" : "0"
},{
  "dateTime" : "03/05/10 00:00:00",
  "value" : "0"
},{
  "dateTime" : "03/06/10 00:00:00",
  "value" : "0"
}]