[{
  "dateTime" : "03/11/15 00:00:00",
  "value" : "182"
},{
  "dateTime" : "03/12/15 00:00:00",
  "value" : "217"
},{
  "dateTime" : "03/13/15 00:00:00",
  "value" : "225"
},{
  "dateTime" : "03/14/15 00:00:00",
  "value" : "176"
},{
  "dateTime" : "03/15/15 00:00:00",
  "value" : "247"
},{
  "dateTime" : "03/16/15 00:00:00",
  "value" : "194"
},{
  "dateTime" : "03/17/15 00:00:00",
  "value" : "155"
},{
  "dateTime" : "03/18/15 00:00:00",
  "value" : "223"
},{
  "dateTime" : "03/19/15 00:00:00",
  "value" : "185"
},{
  "dateTime" : "03/20/15 00:00:00",
  "value" : "410"
},{
  "dateTime" : "03/21/15 00:00:00",
  "value" : "138"
},{
  "dateTime" : "03/22/15 00:00:00",
  "value" : "444"
},{
  "dateTime" : "03/23/15 00:00:00",
  "value" : "96"
},{
  "dateTime" : "03/24/15 00:00:00",
  "value" : "372"
},{
  "dateTime" : "03/25/15 00:00:00",
  "value" : "169"
},{
  "dateTime" : "03/26/15 00:00:00",
  "value" : "221"
},{
  "dateTime" : "03/27/15 00:00:00",
  "value" : "193"
},{
  "dateTime" : "03/28/15 00:00:00",
  "value" : "221"
},{
  "dateTime" : "03/29/15 00:00:00",
  "value" : "152"
},{
  "dateTime" : "03/30/15 00:00:00",
  "value" : "164"
},{
  "dateTime" : "03/31/15 00:00:00",
  "value" : "180"
},{
  "dateTime" : "04/01/15 00:00:00",
  "value" : "152"
},{
  "dateTime" : "04/02/15 00:00:00",
  "value" : "264"
},{
  "dateTime" : "04/03/15 00:00:00",
  "value" : "195"
},{
  "dateTime" : "04/04/15 00:00:00",
  "value" : "164"
},{
  "dateTime" : "04/05/15 00:00:00",
  "value" : "204"
},{
  "dateTime" : "04/06/15 00:00:00",
  "value" : "241"
},{
  "dateTime" : "04/07/15 00:00:00",
  "value" : "304"
},{
  "dateTime" : "04/08/15 00:00:00",
  "value" : "236"
},{
  "dateTime" : "04/09/15 00:00:00",
  "value" : "187"
}]