[{
  "dateTime" : "06/05/10 00:00:00",
  "value" : "323"
},{
  "dateTime" : "06/06/10 00:00:00",
  "value" : "268"
},{
  "dateTime" : "06/07/10 00:00:00",
  "value" : "282"
},{
  "dateTime" : "06/08/10 00:00:00",
  "value" : "227"
},{
  "dateTime" : "06/09/10 00:00:00",
  "value" : "298"
},{
  "dateTime" : "06/10/10 00:00:00",
  "value" : "232"
},{
  "dateTime" : "06/11/10 00:00:00",
  "value" : "287"
},{
  "dateTime" : "06/12/10 00:00:00",
  "value" : "242"
},{
  "dateTime" : "06/13/10 00:00:00",
  "value" : "291"
},{
  "dateTime" : "06/14/10 00:00:00",
  "value" : "297"
},{
  "dateTime" : "06/15/10 00:00:00",
  "value" : "243"
},{
  "dateTime" : "06/16/10 00:00:00",
  "value" : "263"
},{
  "dateTime" : "06/17/10 00:00:00",
  "value" : "180"
},{
  "dateTime" : "06/18/10 00:00:00",
  "value" : "275"
},{
  "dateTime" : "06/19/10 00:00:00",
  "value" : "378"
},{
  "dateTime" : "06/20/10 00:00:00",
  "value" : "198"
},{
  "dateTime" : "06/21/10 00:00:00",
  "value" : "308"
},{
  "dateTime" : "06/22/10 00:00:00",
  "value" : "213"
},{
  "dateTime" : "06/23/10 00:00:00",
  "value" : "216"
},{
  "dateTime" : "06/24/10 00:00:00",
  "value" : "220"
},{
  "dateTime" : "06/25/10 00:00:00",
  "value" : "216"
},{
  "dateTime" : "06/26/10 00:00:00",
  "value" : "259"
},{
  "dateTime" : "06/27/10 00:00:00",
  "value" : "283"
},{
  "dateTime" : "06/28/10 00:00:00",
  "value" : "224"
},{
  "dateTime" : "06/29/10 00:00:00",
  "value" : "229"
},{
  "dateTime" : "06/30/10 00:00:00",
  "value" : "251"
},{
  "dateTime" : "07/01/10 00:00:00",
  "value" : "167"
},{
  "dateTime" : "07/02/10 00:00:00",
  "value" : "250"
},{
  "dateTime" : "07/03/10 00:00:00",
  "value" : "301"
},{
  "dateTime" : "07/04/10 00:00:00",
  "value" : "204"
}]