[{
  "dateTime" : "04/10/15 00:00:00",
  "value" : "216"
},{
  "dateTime" : "04/11/15 00:00:00",
  "value" : "196"
},{
  "dateTime" : "04/12/15 00:00:00",
  "value" : "420"
},{
  "dateTime" : "04/13/15 00:00:00",
  "value" : "206"
},{
  "dateTime" : "04/14/15 00:00:00",
  "value" : "348"
},{
  "dateTime" : "04/15/15 00:00:00",
  "value" : "185"
},{
  "dateTime" : "04/16/15 00:00:00",
  "value" : "279"
},{
  "dateTime" : "04/17/15 00:00:00",
  "value" : "261"
},{
  "dateTime" : "04/18/15 00:00:00",
  "value" : "175"
},{
  "dateTime" : "04/19/15 00:00:00",
  "value" : "200"
},{
  "dateTime" : "04/20/15 00:00:00",
  "value" : "281"
},{
  "dateTime" : "04/21/15 00:00:00",
  "value" : "218"
},{
  "dateTime" : "04/22/15 00:00:00",
  "value" : "172"
},{
  "dateTime" : "04/23/15 00:00:00",
  "value" : "247"
},{
  "dateTime" : "04/24/15 00:00:00",
  "value" : "226"
},{
  "dateTime" : "04/25/15 00:00:00",
  "value" : "280"
},{
  "dateTime" : "04/26/15 00:00:00",
  "value" : "144"
},{
  "dateTime" : "04/27/15 00:00:00",
  "value" : "378"
},{
  "dateTime" : "04/28/15 00:00:00",
  "value" : "192"
},{
  "dateTime" : "04/29/15 00:00:00",
  "value" : "303"
},{
  "dateTime" : "04/30/15 00:00:00",
  "value" : "191"
},{
  "dateTime" : "05/01/15 00:00:00",
  "value" : "229"
},{
  "dateTime" : "05/02/15 00:00:00",
  "value" : "200"
},{
  "dateTime" : "05/03/15 00:00:00",
  "value" : "458"
},{
  "dateTime" : "05/04/15 00:00:00",
  "value" : "160"
},{
  "dateTime" : "05/05/15 00:00:00",
  "value" : "357"
},{
  "dateTime" : "05/06/15 00:00:00",
  "value" : "355"
},{
  "dateTime" : "05/07/15 00:00:00",
  "value" : "247"
},{
  "dateTime" : "05/08/15 00:00:00",
  "value" : "252"
},{
  "dateTime" : "05/09/15 00:00:00",
  "value" : "468"
}]