[{
  "dateTime" : "09/26/17 00:00:00",
  "value" : "196"
},{
  "dateTime" : "09/27/17 00:00:00",
  "value" : "144"
},{
  "dateTime" : "09/28/17 00:00:00",
  "value" : "314"
},{
  "dateTime" : "09/29/17 00:00:00",
  "value" : "176"
},{
  "dateTime" : "09/30/17 00:00:00",
  "value" : "251"
},{
  "dateTime" : "10/01/17 00:00:00",
  "value" : "216"
},{
  "dateTime" : "10/02/17 00:00:00",
  "value" : "180"
},{
  "dateTime" : "10/03/17 00:00:00",
  "value" : "335"
},{
  "dateTime" : "10/04/17 00:00:00",
  "value" : "150"
},{
  "dateTime" : "10/05/17 00:00:00",
  "value" : "270"
},{
  "dateTime" : "10/06/17 00:00:00",
  "value" : "201"
},{
  "dateTime" : "10/07/17 00:00:00",
  "value" : "290"
},{
  "dateTime" : "10/08/17 00:00:00",
  "value" : "225"
},{
  "dateTime" : "10/09/17 00:00:00",
  "value" : "222"
},{
  "dateTime" : "10/10/17 00:00:00",
  "value" : "232"
},{
  "dateTime" : "10/11/17 00:00:00",
  "value" : "233"
},{
  "dateTime" : "10/12/17 00:00:00",
  "value" : "209"
},{
  "dateTime" : "10/13/17 00:00:00",
  "value" : "187"
},{
  "dateTime" : "10/14/17 00:00:00",
  "value" : "184"
},{
  "dateTime" : "10/15/17 00:00:00",
  "value" : "230"
},{
  "dateTime" : "10/16/17 00:00:00",
  "value" : "202"
},{
  "dateTime" : "10/17/17 00:00:00",
  "value" : "144"
},{
  "dateTime" : "10/18/17 00:00:00",
  "value" : "348"
},{
  "dateTime" : "10/19/17 00:00:00",
  "value" : "262"
},{
  "dateTime" : "10/20/17 00:00:00",
  "value" : "230"
},{
  "dateTime" : "10/21/17 00:00:00",
  "value" : "191"
},{
  "dateTime" : "10/22/17 00:00:00",
  "value" : "157"
},{
  "dateTime" : "10/23/17 00:00:00",
  "value" : "254"
},{
  "dateTime" : "10/24/17 00:00:00",
  "value" : "242"
},{
  "dateTime" : "10/25/17 00:00:00",
  "value" : "254"
}]