[{
  "dateTime" : "02/18/19 00:00:00",
  "value" : "205"
},{
  "dateTime" : "02/19/19 00:00:00",
  "value" : "283"
},{
  "dateTime" : "02/20/19 00:00:00",
  "value" : "267"
},{
  "dateTime" : "02/21/19 00:00:00",
  "value" : "188"
},{
  "dateTime" : "02/22/19 00:00:00",
  "value" : "162"
},{
  "dateTime" : "02/23/19 00:00:00",
  "value" : "44"
},{
  "dateTime" : "02/24/19 00:00:00",
  "value" : "126"
},{
  "dateTime" : "02/25/19 00:00:00",
  "value" : "207"
},{
  "dateTime" : "02/26/19 00:00:00",
  "value" : "219"
},{
  "dateTime" : "02/27/19 00:00:00",
  "value" : "252"
},{
  "dateTime" : "02/28/19 00:00:00",
  "value" : "105"
},{
  "dateTime" : "03/01/19 00:00:00",
  "value" : "341"
},{
  "dateTime" : "03/02/19 00:00:00",
  "value" : "88"
},{
  "dateTime" : "03/03/19 00:00:00",
  "value" : "192"
},{
  "dateTime" : "03/04/19 00:00:00",
  "value" : "383"
},{
  "dateTime" : "03/05/19 00:00:00",
  "value" : "192"
},{
  "dateTime" : "03/06/19 00:00:00",
  "value" : "362"
},{
  "dateTime" : "03/07/19 00:00:00",
  "value" : "181"
},{
  "dateTime" : "03/08/19 00:00:00",
  "value" : "120"
},{
  "dateTime" : "03/09/19 00:00:00",
  "value" : "50"
},{
  "dateTime" : "03/10/19 00:00:00",
  "value" : "191"
},{
  "dateTime" : "03/11/19 00:00:00",
  "value" : "247"
},{
  "dateTime" : "03/12/19 00:00:00",
  "value" : "217"
},{
  "dateTime" : "03/13/19 00:00:00",
  "value" : "151"
},{
  "dateTime" : "03/14/19 00:00:00",
  "value" : "162"
},{
  "dateTime" : "03/15/19 00:00:00",
  "value" : "205"
},{
  "dateTime" : "03/16/19 00:00:00",
  "value" : "163"
},{
  "dateTime" : "03/17/19 00:00:00",
  "value" : "111"
},{
  "dateTime" : "03/18/19 00:00:00",
  "value" : "335"
},{
  "dateTime" : "03/19/19 00:00:00",
  "value" : "285"
}]