[{
  "dateTime" : "01/01/11 00:00:00",
  "value" : "249"
},{
  "dateTime" : "01/02/11 00:00:00",
  "value" : "387"
},{
  "dateTime" : "01/03/11 00:00:00",
  "value" : "227"
},{
  "dateTime" : "01/04/11 00:00:00",
  "value" : "189"
},{
  "dateTime" : "01/05/11 00:00:00",
  "value" : "248"
},{
  "dateTime" : "01/06/11 00:00:00",
  "value" : "226"
},{
  "dateTime" : "01/07/11 00:00:00",
  "value" : "164"
},{
  "dateTime" : "01/08/11 00:00:00",
  "value" : "266"
},{
  "dateTime" : "01/09/11 00:00:00",
  "value" : "280"
},{
  "dateTime" : "01/10/11 00:00:00",
  "value" : "241"
},{
  "dateTime" : "01/11/11 00:00:00",
  "value" : "227"
},{
  "dateTime" : "01/12/11 00:00:00",
  "value" : "171"
},{
  "dateTime" : "01/13/11 00:00:00",
  "value" : "207"
},{
  "dateTime" : "01/14/11 00:00:00",
  "value" : "240"
},{
  "dateTime" : "01/15/11 00:00:00",
  "value" : "233"
},{
  "dateTime" : "01/16/11 00:00:00",
  "value" : "296"
},{
  "dateTime" : "01/17/11 00:00:00",
  "value" : "254"
},{
  "dateTime" : "01/18/11 00:00:00",
  "value" : "197"
},{
  "dateTime" : "01/19/11 00:00:00",
  "value" : "215"
},{
  "dateTime" : "01/20/11 00:00:00",
  "value" : "213"
},{
  "dateTime" : "01/21/11 00:00:00",
  "value" : "214"
},{
  "dateTime" : "01/22/11 00:00:00",
  "value" : "270"
},{
  "dateTime" : "01/23/11 00:00:00",
  "value" : "193"
},{
  "dateTime" : "01/24/11 00:00:00",
  "value" : "253"
},{
  "dateTime" : "01/25/11 00:00:00",
  "value" : "231"
},{
  "dateTime" : "01/26/11 00:00:00",
  "value" : "208"
},{
  "dateTime" : "01/27/11 00:00:00",
  "value" : "203"
},{
  "dateTime" : "01/28/11 00:00:00",
  "value" : "196"
},{
  "dateTime" : "01/29/11 00:00:00",
  "value" : "282"
},{
  "dateTime" : "01/30/11 00:00:00",
  "value" : "262"
}]