[{
  "dateTime" : "06/23/18 00:00:00",
  "value" : "24"
},{
  "dateTime" : "06/24/18 00:00:00",
  "value" : "7"
},{
  "dateTime" : "06/25/18 00:00:00",
  "value" : "10"
},{
  "dateTime" : "06/26/18 00:00:00",
  "value" : "49"
},{
  "dateTime" : "06/27/18 00:00:00",
  "value" : "19"
},{
  "dateTime" : "06/28/18 00:00:00",
  "value" : "15"
},{
  "dateTime" : "06/29/18 00:00:00",
  "value" : "14"
},{
  "dateTime" : "06/30/18 00:00:00",
  "value" : "73"
},{
  "dateTime" : "07/01/18 00:00:00",
  "value" : "0"
},{
  "dateTime" : "07/02/18 00:00:00",
  "value" : "26"
},{
  "dateTime" : "07/03/18 00:00:00",
  "value" : "45"
},{
  "dateTime" : "07/04/18 00:00:00",
  "value" : "0"
},{
  "dateTime" : "07/05/18 00:00:00",
  "value" : "29"
},{
  "dateTime" : "07/06/18 00:00:00",
  "value" : "0"
},{
  "dateTime" : "07/07/18 00:00:00",
  "value" : "64"
},{
  "dateTime" : "07/08/18 00:00:00",
  "value" : "0"
},{
  "dateTime" : "07/09/18 00:00:00",
  "value" : "24"
},{
  "dateTime" : "07/10/18 00:00:00",
  "value" : "18"
},{
  "dateTime" : "07/11/18 00:00:00",
  "value" : "17"
},{
  "dateTime" : "07/12/18 00:00:00",
  "value" : "8"
},{
  "dateTime" : "07/13/18 00:00:00",
  "value" : "21"
},{
  "dateTime" : "07/14/18 00:00:00",
  "value" : "48"
},{
  "dateTime" : "07/15/18 00:00:00",
  "value" : "15"
},{
  "dateTime" : "07/16/18 00:00:00",
  "value" : "27"
},{
  "dateTime" : "07/17/18 00:00:00",
  "value" : "10"
},{
  "dateTime" : "07/18/18 00:00:00",
  "value" : "9"
},{
  "dateTime" : "07/19/18 00:00:00",
  "value" : "39"
},{
  "dateTime" : "07/20/18 00:00:00",
  "value" : "12"
},{
  "dateTime" : "07/21/18 00:00:00",
  "value" : "0"
},{
  "dateTime" : "07/22/18 00:00:00",
  "value" : "0"
}]