[{
  "dateTime" : "02/18/19 00:00:00",
  "value" : "30"
},{
  "dateTime" : "02/19/19 00:00:00",
  "value" : "0"
},{
  "dateTime" : "02/20/19 00:00:00",
  "value" : "49"
},{
  "dateTime" : "02/21/19 00:00:00",
  "value" : "5"
},{
  "dateTime" : "02/22/19 00:00:00",
  "value" : "10"
},{
  "dateTime" : "02/23/19 00:00:00",
  "value" : "0"
},{
  "dateTime" : "02/24/19 00:00:00",
  "value" : "0"
},{
  "dateTime" : "02/25/19 00:00:00",
  "value" : "19"
},{
  "dateTime" : "02/26/19 00:00:00",
  "value" : "20"
},{
  "dateTime" : "02/27/19 00:00:00",
  "value" : "41"
},{
  "dateTime" : "02/28/19 00:00:00",
  "value" : "27"
},{
  "dateTime" : "03/01/19 00:00:00",
  "value" : "28"
},{
  "dateTime" : "03/02/19 00:00:00",
  "value" : "0"
},{
  "dateTime" : "03/03/19 00:00:00",
  "value" : "26"
},{
  "dateTime" : "03/04/19 00:00:00",
  "value" : "48"
},{
  "dateTime" : "03/05/19 00:00:00",
  "value" : "20"
},{
  "dateTime" : "03/06/19 00:00:00",
  "value" : "37"
},{
  "dateTime" : "03/07/19 00:00:00",
  "value" : "0"
},{
  "dateTime" : "03/08/19 00:00:00",
  "value" : "0"
},{
  "dateTime" : "03/09/19 00:00:00",
  "value" : "0"
},{
  "dateTime" : "03/10/19 00:00:00",
  "value" : "0"
},{
  "dateTime" : "03/11/19 00:00:00",
  "value" : "40"
},{
  "dateTime" : "03/12/19 00:00:00",
  "value" : "10"
},{
  "dateTime" : "03/13/19 00:00:00",
  "value" : "0"
},{
  "dateTime" : "03/14/19 00:00:00",
  "value" : "0"
},{
  "dateTime" : "03/15/19 00:00:00",
  "value" : "13"
},{
  "dateTime" : "03/16/19 00:00:00",
  "value" : "34"
},{
  "dateTime" : "03/17/19 00:00:00",
  "value" : "0"
},{
  "dateTime" : "03/18/19 00:00:00",
  "value" : "52"
},{
  "dateTime" : "03/19/19 00:00:00",
  "value" : "13"
}]