[{
  "dateTime" : "09/28/11 00:00:00",
  "value" : "86"
},{
  "dateTime" : "09/29/11 00:00:00",
  "value" : "79"
},{
  "dateTime" : "09/30/11 00:00:00",
  "value" : "117"
},{
  "dateTime" : "10/01/11 00:00:00",
  "value" : "63"
},{
  "dateTime" : "10/02/11 00:00:00",
  "value" : "96"
},{
  "dateTime" : "10/03/11 00:00:00",
  "value" : "95"
},{
  "dateTime" : "10/04/11 00:00:00",
  "value" : "113"
},{
  "dateTime" : "10/05/11 00:00:00",
  "value" : "82"
},{
  "dateTime" : "10/06/11 00:00:00",
  "value" : "110"
},{
  "dateTime" : "10/07/11 00:00:00",
  "value" : "143"
},{
  "dateTime" : "10/08/11 00:00:00",
  "value" : "123"
},{
  "dateTime" : "10/09/11 00:00:00",
  "value" : "73"
},{
  "dateTime" : "10/10/11 00:00:00",
  "value" : "103"
},{
  "dateTime" : "10/11/11 00:00:00",
  "value" : "137"
},{
  "dateTime" : "10/12/11 00:00:00",
  "value" : "215"
},{
  "dateTime" : "10/13/11 00:00:00",
  "value" : "80"
},{
  "dateTime" : "10/14/11 00:00:00",
  "value" : "106"
},{
  "dateTime" : "10/15/11 00:00:00",
  "value" : "53"
},{
  "dateTime" : "10/16/11 00:00:00",
  "value" : "106"
},{
  "dateTime" : "10/17/11 00:00:00",
  "value" : "85"
},{
  "dateTime" : "10/18/11 00:00:00",
  "value" : "91"
},{
  "dateTime" : "10/19/11 00:00:00",
  "value" : "88"
},{
  "dateTime" : "10/20/11 00:00:00",
  "value" : "96"
},{
  "dateTime" : "10/21/11 00:00:00",
  "value" : "100"
},{
  "dateTime" : "10/22/11 00:00:00",
  "value" : "93"
},{
  "dateTime" : "10/23/11 00:00:00",
  "value" : "72"
},{
  "dateTime" : "10/24/11 00:00:00",
  "value" : "108"
},{
  "dateTime" : "10/25/11 00:00:00",
  "value" : "117"
},{
  "dateTime" : "10/26/11 00:00:00",
  "value" : "143"
},{
  "dateTime" : "10/27/11 00:00:00",
  "value" : "82"
}]