[{
  "dateTime" : "12/02/10 00:00:00",
  "value" : "24"
},{
  "dateTime" : "12/03/10 00:00:00",
  "value" : "30"
},{
  "dateTime" : "12/04/10 00:00:00",
  "value" : "0"
},{
  "dateTime" : "12/05/10 00:00:00",
  "value" : "15"
},{
  "dateTime" : "12/06/10 00:00:00",
  "value" : "24"
},{
  "dateTime" : "12/07/10 00:00:00",
  "value" : "47"
},{
  "dateTime" : "12/08/10 00:00:00",
  "value" : "36"
},{
  "dateTime" : "12/09/10 00:00:00",
  "value" : "57"
},{
  "dateTime" : "12/10/10 00:00:00",
  "value" : "22"
},{
  "dateTime" : "12/11/10 00:00:00",
  "value" : "18"
},{
  "dateTime" : "12/12/10 00:00:00",
  "value" : "0"
},{
  "dateTime" : "12/13/10 00:00:00",
  "value" : "57"
},{
  "dateTime" : "12/14/10 00:00:00",
  "value" : "47"
},{
  "dateTime" : "12/15/10 00:00:00",
  "value" : "28"
},{
  "dateTime" : "12/16/10 00:00:00",
  "value" : "85"
},{
  "dateTime" : "12/17/10 00:00:00",
  "value" : "98"
},{
  "dateTime" : "12/18/10 00:00:00",
  "value" : "25"
},{
  "dateTime" : "12/19/10 00:00:00",
  "value" : "80"
},{
  "dateTime" : "12/20/10 00:00:00",
  "value" : "103"
},{
  "dateTime" : "12/21/10 00:00:00",
  "value" : "92"
},{
  "dateTime" : "12/22/10 00:00:00",
  "value" : "57"
},{
  "dateTime" : "12/23/10 00:00:00",
  "value" : "146"
},{
  "dateTime" : "12/24/10 00:00:00",
  "value" : "62"
},{
  "dateTime" : "12/25/10 00:00:00",
  "value" : "45"
},{
  "dateTime" : "12/26/10 00:00:00",
  "value" : "104"
},{
  "dateTime" : "12/27/10 00:00:00",
  "value" : "73"
},{
  "dateTime" : "12/28/10 00:00:00",
  "value" : "89"
},{
  "dateTime" : "12/29/10 00:00:00",
  "value" : "89"
},{
  "dateTime" : "12/30/10 00:00:00",
  "value" : "92"
},{
  "dateTime" : "12/31/10 00:00:00",
  "value" : "98"
}]