[{
  "dateTime" : "05/25/12 00:00:00",
  "value" : "75"
},{
  "dateTime" : "05/26/12 00:00:00",
  "value" : "36"
},{
  "dateTime" : "05/27/12 00:00:00",
  "value" : "58"
},{
  "dateTime" : "05/28/12 00:00:00",
  "value" : "100"
},{
  "dateTime" : "05/29/12 00:00:00",
  "value" : "51"
},{
  "dateTime" : "05/30/12 00:00:00",
  "value" : "69"
},{
  "dateTime" : "05/31/12 00:00:00",
  "value" : "63"
},{
  "dateTime" : "06/01/12 00:00:00",
  "value" : "84"
},{
  "dateTime" : "06/02/12 00:00:00",
  "value" : "73"
},{
  "dateTime" : "06/03/12 00:00:00",
  "value" : "145"
},{
  "dateTime" : "06/04/12 00:00:00",
  "value" : "94"
},{
  "dateTime" : "06/05/12 00:00:00",
  "value" : "95"
},{
  "dateTime" : "06/06/12 00:00:00",
  "value" : "80"
},{
  "dateTime" : "06/07/12 00:00:00",
  "value" : "76"
},{
  "dateTime" : "06/08/12 00:00:00",
  "value" : "73"
},{
  "dateTime" : "06/09/12 00:00:00",
  "value" : "77"
},{
  "dateTime" : "06/10/12 00:00:00",
  "value" : "98"
},{
  "dateTime" : "06/11/12 00:00:00",
  "value" : "92"
},{
  "dateTime" : "06/12/12 00:00:00",
  "value" : "115"
},{
  "dateTime" : "06/13/12 00:00:00",
  "value" : "85"
},{
  "dateTime" : "06/14/12 00:00:00",
  "value" : "111"
},{
  "dateTime" : "06/15/12 00:00:00",
  "value" : "84"
},{
  "dateTime" : "06/16/12 00:00:00",
  "value" : "85"
},{
  "dateTime" : "06/17/12 00:00:00",
  "value" : "77"
},{
  "dateTime" : "06/18/12 00:00:00",
  "value" : "106"
},{
  "dateTime" : "06/19/12 00:00:00",
  "value" : "95"
},{
  "dateTime" : "06/20/12 00:00:00",
  "value" : "92"
},{
  "dateTime" : "06/21/12 00:00:00",
  "value" : "34"
},{
  "dateTime" : "06/22/12 00:00:00",
  "value" : "113"
},{
  "dateTime" : "06/23/12 00:00:00",
  "value" : "65"
}]