[{
  "dateTime" : "10/26/17 00:00:00",
  "value" : "71"
},{
  "dateTime" : "10/27/17 00:00:00",
  "value" : "7"
},{
  "dateTime" : "10/28/17 00:00:00",
  "value" : "32"
},{
  "dateTime" : "10/29/17 00:00:00",
  "value" : "7"
},{
  "dateTime" : "10/30/17 00:00:00",
  "value" : "14"
},{
  "dateTime" : "10/31/17 00:00:00",
  "value" : "35"
},{
  "dateTime" : "11/01/17 00:00:00",
  "value" : "1"
},{
  "dateTime" : "11/02/17 00:00:00",
  "value" : "0"
},{
  "dateTime" : "11/03/17 00:00:00",
  "value" : "26"
},{
  "dateTime" : "11/04/17 00:00:00",
  "value" : "15"
},{
  "dateTime" : "11/05/17 00:00:00",
  "value" : "0"
},{
  "dateTime" : "11/06/17 00:00:00",
  "value" : "4"
},{
  "dateTime" : "11/07/17 00:00:00",
  "value" : "14"
},{
  "dateTime" : "11/08/17 00:00:00",
  "value" : "58"
},{
  "dateTime" : "11/09/17 00:00:00",
  "value" : "1"
},{
  "dateTime" : "11/10/17 00:00:00",
  "value" : "37"
},{
  "dateTime" : "11/11/17 00:00:00",
  "value" : "0"
},{
  "dateTime" : "11/12/17 00:00:00",
  "value" : "0"
},{
  "dateTime" : "11/13/17 00:00:00",
  "value" : "4"
},{
  "dateTime" : "11/14/17 00:00:00",
  "value" : "28"
},{
  "dateTime" : "11/15/17 00:00:00",
  "value" : "21"
},{
  "dateTime" : "11/16/17 00:00:00",
  "value" : "0"
},{
  "dateTime" : "11/17/17 00:00:00",
  "value" : "2"
},{
  "dateTime" : "11/18/17 00:00:00",
  "value" : "0"
},{
  "dateTime" : "11/19/17 00:00:00",
  "value" : "0"
},{
  "dateTime" : "11/20/17 00:00:00",
  "value" : "10"
},{
  "dateTime" : "11/21/17 00:00:00",
  "value" : "16"
},{
  "dateTime" : "11/22/17 00:00:00",
  "value" : "0"
},{
  "dateTime" : "11/23/17 00:00:00",
  "value" : "0"
},{
  "dateTime" : "11/24/17 00:00:00",
  "value" : "0"
}]