[{
  "dateTime" : "08/02/16 00:00:00",
  "value" : "5"
},{
  "dateTime" : "08/03/16 00:00:00",
  "value" : "6"
},{
  "dateTime" : "08/04/16 00:00:00",
  "value" : "0"
},{
  "dateTime" : "08/05/16 00:00:00",
  "value" : "7"
},{
  "dateTime" : "08/06/16 00:00:00",
  "value" : "45"
},{
  "dateTime" : "08/07/16 00:00:00",
  "value" : "26"
},{
  "dateTime" : "08/08/16 00:00:00",
  "value" : "0"
},{
  "dateTime" : "08/09/16 00:00:00",
  "value" : "0"
},{
  "dateTime" : "08/10/16 00:00:00",
  "value" : "7"
},{
  "dateTime" : "08/11/16 00:00:00",
  "value" : "0"
},{
  "dateTime" : "08/12/16 00:00:00",
  "value" : "0"
},{
  "dateTime" : "08/13/16 00:00:00",
  "value" : "10"
},{
  "dateTime" : "08/14/16 00:00:00",
  "value" : "7"
},{
  "dateTime" : "08/15/16 00:00:00",
  "value" : "0"
},{
  "dateTime" : "08/16/16 00:00:00",
  "value" : "20"
},{
  "dateTime" : "08/17/16 00:00:00",
  "value" : "0"
},{
  "dateTime" : "08/18/16 00:00:00",
  "value" : "30"
},{
  "dateTime" : "08/19/16 00:00:00",
  "value" : "11"
},{
  "dateTime" : "08/20/16 00:00:00",
  "value" : "0"
},{
  "dateTime" : "08/21/16 00:00:00",
  "value" : "44"
},{
  "dateTime" : "08/22/16 00:00:00",
  "value" : "2"
},{
  "dateTime" : "08/23/16 00:00:00",
  "value" : "16"
},{
  "dateTime" : "08/24/16 00:00:00",
  "value" : "22"
},{
  "dateTime" : "08/25/16 00:00:00",
  "value" : "8"
},{
  "dateTime" : "08/26/16 00:00:00",
  "value" : "0"
},{
  "dateTime" : "08/27/16 00:00:00",
  "value" : "11"
},{
  "dateTime" : "08/28/16 00:00:00",
  "value" : "11"
},{
  "dateTime" : "08/29/16 00:00:00",
  "value" : "0"
},{
  "dateTime" : "08/30/16 00:00:00",
  "value" : "0"
},{
  "dateTime" : "08/31/16 00:00:00",
  "value" : "22"
}]