[{
  "dateTime" : "01/05/16 00:00:00",
  "value" : "0"
},{
  "dateTime" : "01/06/16 00:00:00",
  "value" : "7"
},{
  "dateTime" : "01/07/16 00:00:00",
  "value" : "0"
},{
  "dateTime" : "01/08/16 00:00:00",
  "value" : "0"
},{
  "dateTime" : "01/09/16 00:00:00",
  "value" : "0"
},{
  "dateTime" : "01/10/16 00:00:00",
  "value" : "17"
},{
  "dateTime" : "01/11/16 00:00:00",
  "value" : "0"
},{
  "dateTime" : "01/12/16 00:00:00",
  "value" : "0"
},{
  "dateTime" : "01/13/16 00:00:00",
  "value" : "0"
},{
  "dateTime" : "01/14/16 00:00:00",
  "value" : "4"
},{
  "dateTime" : "01/15/16 00:00:00",
  "value" : "0"
},{
  "dateTime" : "01/16/16 00:00:00",
  "value" : "13"
},{
  "dateTime" : "01/17/16 00:00:00",
  "value" : "0"
},{
  "dateTime" : "01/18/16 00:00:00",
  "value" : "0"
},{
  "dateTime" : "01/19/16 00:00:00",
  "value" : "7"
},{
  "dateTime" : "01/20/16 00:00:00",
  "value" : "5"
},{
  "dateTime" : "01/21/16 00:00:00",
  "value" : "7"
},{
  "dateTime" : "01/22/16 00:00:00",
  "value" : "0"
},{
  "dateTime" : "01/23/16 00:00:00",
  "value" : "0"
},{
  "dateTime" : "01/24/16 00:00:00",
  "value" : "0"
},{
  "dateTime" : "01/25/16 00:00:00",
  "value" : "8"
},{
  "dateTime" : "01/26/16 00:00:00",
  "value" : "5"
},{
  "dateTime" : "01/27/16 00:00:00",
  "value" : "11"
},{
  "dateTime" : "01/28/16 00:00:00",
  "value" : "6"
},{
  "dateTime" : "01/29/16 00:00:00",
  "value" : "22"
},{
  "dateTime" : "01/30/16 00:00:00",
  "value" : "0"
},{
  "dateTime" : "01/31/16 00:00:00",
  "value" : "6"
},{
  "dateTime" : "02/01/16 00:00:00",
  "value" : "3"
},{
  "dateTime" : "02/02/16 00:00:00",
  "value" : "0"
},{
  "dateTime" : "02/03/16 00:00:00",
  "value" : "22"
}]