[{
  "dateTime" : "08/18/13 00:00:00",
  "value" : "58"
},{
  "dateTime" : "08/19/13 00:00:00",
  "value" : "54"
},{
  "dateTime" : "08/20/13 00:00:00",
  "value" : "119"
},{
  "dateTime" : "08/21/13 00:00:00",
  "value" : "77"
},{
  "dateTime" : "08/22/13 00:00:00",
  "value" : "104"
},{
  "dateTime" : "08/23/13 00:00:00",
  "value" : "64"
},{
  "dateTime" : "08/24/13 00:00:00",
  "value" : "91"
},{
  "dateTime" : "08/25/13 00:00:00",
  "value" : "71"
},{
  "dateTime" : "08/26/13 00:00:00",
  "value" : "72"
},{
  "dateTime" : "08/27/13 00:00:00",
  "value" : "89"
},{
  "dateTime" : "08/28/13 00:00:00",
  "value" : "117"
},{
  "dateTime" : "08/29/13 00:00:00",
  "value" : "134"
},{
  "dateTime" : "08/30/13 00:00:00",
  "value" : "79"
},{
  "dateTime" : "08/31/13 00:00:00",
  "value" : "75"
},{
  "dateTime" : "09/01/13 00:00:00",
  "value" : "72"
},{
  "dateTime" : "09/02/13 00:00:00",
  "value" : "40"
},{
  "dateTime" : "09/03/13 00:00:00",
  "value" : "105"
},{
  "dateTime" : "09/04/13 00:00:00",
  "value" : "70"
},{
  "dateTime" : "09/05/13 00:00:00",
  "value" : "56"
},{
  "dateTime" : "09/06/13 00:00:00",
  "value" : "104"
},{
  "dateTime" : "09/07/13 00:00:00",
  "value" : "129"
},{
  "dateTime" : "09/08/13 00:00:00",
  "value" : "86"
},{
  "dateTime" : "09/09/13 00:00:00",
  "value" : "52"
},{
  "dateTime" : "09/10/13 00:00:00",
  "value" : "67"
},{
  "dateTime" : "09/11/13 00:00:00",
  "value" : "88"
},{
  "dateTime" : "09/12/13 00:00:00",
  "value" : "100"
},{
  "dateTime" : "09/13/13 00:00:00",
  "value" : "53"
},{
  "dateTime" : "09/14/13 00:00:00",
  "value" : "82"
},{
  "dateTime" : "09/15/13 00:00:00",
  "value" : "47"
},{
  "dateTime" : "09/16/13 00:00:00",
  "value" : "66"
}]