[{
  "dateTime" : "03/11/15 00:00:00",
  "value" : "0"
},{
  "dateTime" : "03/12/15 00:00:00",
  "value" : "4"
},{
  "dateTime" : "03/13/15 00:00:00",
  "value" : "4"
},{
  "dateTime" : "03/14/15 00:00:00",
  "value" : "10"
},{
  "dateTime" : "03/15/15 00:00:00",
  "value" : "21"
},{
  "dateTime" : "03/16/15 00:00:00",
  "value" : "87"
},{
  "dateTime" : "03/17/15 00:00:00",
  "value" : "41"
},{
  "dateTime" : "03/18/15 00:00:00",
  "value" : "4"
},{
  "dateTime" : "03/19/15 00:00:00",
  "value" : "0"
},{
  "dateTime" : "03/20/15 00:00:00",
  "value" : "18"
},{
  "dateTime" : "03/21/15 00:00:00",
  "value" : "2"
},{
  "dateTime" : "03/22/15 00:00:00",
  "value" : "7"
},{
  "dateTime" : "03/23/15 00:00:00",
  "value" : "6"
},{
  "dateTime" : "03/24/15 00:00:00",
  "value" : "27"
},{
  "dateTime" : "03/25/15 00:00:00",
  "value" : "33"
},{
  "dateTime" : "03/26/15 00:00:00",
  "value" : "35"
},{
  "dateTime" : "03/27/15 00:00:00",
  "value" : "0"
},{
  "dateTime" : "03/28/15 00:00:00",
  "value" : "13"
},{
  "dateTime" : "03/29/15 00:00:00",
  "value" : "10"
},{
  "dateTime" : "03/30/15 00:00:00",
  "value" : "7"
},{
  "dateTime" : "03/31/15 00:00:00",
  "value" : "6"
},{
  "dateTime" : "04/01/15 00:00:00",
  "value" : "9"
},{
  "dateTime" : "04/02/15 00:00:00",
  "value" : "29"
},{
  "dateTime" : "04/03/15 00:00:00",
  "value" : "26"
},{
  "dateTime" : "04/04/15 00:00:00",
  "value" : "0"
},{
  "dateTime" : "04/05/15 00:00:00",
  "value" : "4"
},{
  "dateTime" : "04/06/15 00:00:00",
  "value" : "16"
},{
  "dateTime" : "04/07/15 00:00:00",
  "value" : "2"
},{
  "dateTime" : "04/08/15 00:00:00",
  "value" : "0"
},{
  "dateTime" : "04/09/15 00:00:00",
  "value" : "0"
}]