[{
  "dateTime" : "02/23/18 00:00:00",
  "value" : "3"
},{
  "dateTime" : "02/24/18 00:00:00",
  "value" : "0"
},{
  "dateTime" : "02/25/18 00:00:00",
  "value" : "33"
},{
  "dateTime" : "02/26/18 00:00:00",
  "value" : "19"
},{
  "dateTime" : "02/27/18 00:00:00",
  "value" : "26"
},{
  "dateTime" : "02/28/18 00:00:00",
  "value" : "12"
},{
  "dateTime" : "03/01/18 00:00:00",
  "value" : "7"
},{
  "dateTime" : "03/02/18 00:00:00",
  "value" : "0"
},{
  "dateTime" : "03/03/18 00:00:00",
  "value" : "11"
},{
  "dateTime" : "03/04/18 00:00:00",
  "value" : "0"
},{
  "dateTime" : "03/05/18 00:00:00",
  "value" : "45"
},{
  "dateTime" : "03/06/18 00:00:00",
  "value" : "13"
},{
  "dateTime" : "03/07/18 00:00:00",
  "value" : "11"
},{
  "dateTime" : "03/08/18 00:00:00",
  "value" : "13"
},{
  "dateTime" : "03/09/18 00:00:00",
  "value" : "5"
},{
  "dateTime" : "03/10/18 00:00:00",
  "value" : "11"
},{
  "dateTime" : "03/11/18 00:00:00",
  "value" : "0"
},{
  "dateTime" : "03/12/18 00:00:00",
  "value" : "21"
},{
  "dateTime" : "03/13/18 00:00:00",
  "value" : "2"
},{
  "dateTime" : "03/14/18 00:00:00",
  "value" : "10"
},{
  "dateTime" : "03/15/18 00:00:00",
  "value" : "43"
},{
  "dateTime" : "03/16/18 00:00:00",
  "value" : "56"
},{
  "dateTime" : "03/17/18 00:00:00",
  "value" : "0"
},{
  "dateTime" : "03/18/18 00:00:00",
  "value" : "0"
},{
  "dateTime" : "03/19/18 00:00:00",
  "value" : "21"
},{
  "dateTime" : "03/20/18 00:00:00",
  "value" : "33"
},{
  "dateTime" : "03/21/18 00:00:00",
  "value" : "47"
},{
  "dateTime" : "03/22/18 00:00:00",
  "value" : "24"
},{
  "dateTime" : "03/23/18 00:00:00",
  "value" : "20"
},{
  "dateTime" : "03/24/18 00:00:00",
  "value" : "0"
}]