[{
  "dateTime" : "05/24/18 00:00:00",
  "value" : "47"
},{
  "dateTime" : "05/25/18 00:00:00",
  "value" : "20"
},{
  "dateTime" : "05/26/18 00:00:00",
  "value" : "9"
},{
  "dateTime" : "05/27/18 00:00:00",
  "value" : "8"
},{
  "dateTime" : "05/28/18 00:00:00",
  "value" : "133"
},{
  "dateTime" : "05/29/18 00:00:00",
  "value" : "0"
},{
  "dateTime" : "05/30/18 00:00:00",
  "value" : "24"
},{
  "dateTime" : "05/31/18 00:00:00",
  "value" : "70"
},{
  "dateTime" : "06/01/18 00:00:00",
  "value" : "0"
},{
  "dateTime" : "06/02/18 00:00:00",
  "value" : "35"
},{
  "dateTime" : "06/03/18 00:00:00",
  "value" : "0"
},{
  "dateTime" : "06/04/18 00:00:00",
  "value" : "49"
},{
  "dateTime" : "06/05/18 00:00:00",
  "value" : "0"
},{
  "dateTime" : "06/06/18 00:00:00",
  "value" : "31"
},{
  "dateTime" : "06/07/18 00:00:00",
  "value" : "8"
},{
  "dateTime" : "06/08/18 00:00:00",
  "value" : "27"
},{
  "dateTime" : "06/09/18 00:00:00",
  "value" : "0"
},{
  "dateTime" : "06/10/18 00:00:00",
  "value" : "14"
},{
  "dateTime" : "06/11/18 00:00:00",
  "value" : "39"
},{
  "dateTime" : "06/12/18 00:00:00",
  "value" : "19"
},{
  "dateTime" : "06/13/18 00:00:00",
  "value" : "5"
},{
  "dateTime" : "06/14/18 00:00:00",
  "value" : "26"
},{
  "dateTime" : "06/15/18 00:00:00",
  "value" : "16"
},{
  "dateTime" : "06/16/18 00:00:00",
  "value" : "14"
},{
  "dateTime" : "06/17/18 00:00:00",
  "value" : "39"
},{
  "dateTime" : "06/18/18 00:00:00",
  "value" : "16"
},{
  "dateTime" : "06/19/18 00:00:00",
  "value" : "0"
},{
  "dateTime" : "06/20/18 00:00:00",
  "value" : "28"
},{
  "dateTime" : "06/21/18 00:00:00",
  "value" : "28"
},{
  "dateTime" : "06/22/18 00:00:00",
  "value" : "12"
}]