[{
  "dateTime" : "05/01/11 00:00:00",
  "value" : "61"
},{
  "dateTime" : "05/02/11 00:00:00",
  "value" : "93"
},{
  "dateTime" : "05/03/11 00:00:00",
  "value" : "107"
},{
  "dateTime" : "05/04/11 00:00:00",
  "value" : "66"
},{
  "dateTime" : "05/05/11 00:00:00",
  "value" : "94"
},{
  "dateTime" : "05/06/11 00:00:00",
  "value" : "101"
},{
  "dateTime" : "05/07/11 00:00:00",
  "value" : "104"
},{
  "dateTime" : "05/08/11 00:00:00",
  "value" : "94"
},{
  "dateTime" : "05/09/11 00:00:00",
  "value" : "69"
},{
  "dateTime" : "05/10/11 00:00:00",
  "value" : "101"
},{
  "dateTime" : "05/11/11 00:00:00",
  "value" : "79"
},{
  "dateTime" : "05/12/11 00:00:00",
  "value" : "113"
},{
  "dateTime" : "05/13/11 00:00:00",
  "value" : "132"
},{
  "dateTime" : "05/14/11 00:00:00",
  "value" : "164"
},{
  "dateTime" : "05/15/11 00:00:00",
  "value" : "64"
},{
  "dateTime" : "05/16/11 00:00:00",
  "value" : "77"
},{
  "dateTime" : "05/17/11 00:00:00",
  "value" : "103"
},{
  "dateTime" : "05/18/11 00:00:00",
  "value" : "91"
},{
  "dateTime" : "05/19/11 00:00:00",
  "value" : "159"
},{
  "dateTime" : "05/20/11 00:00:00",
  "value" : "115"
},{
  "dateTime" : "05/21/11 00:00:00",
  "value" : "84"
},{
  "dateTime" : "05/22/11 00:00:00",
  "value" : "183"
},{
  "dateTime" : "05/23/11 00:00:00",
  "value" : "85"
},{
  "dateTime" : "05/24/11 00:00:00",
  "value" : "65"
},{
  "dateTime" : "05/25/11 00:00:00",
  "value" : "66"
},{
  "dateTime" : "05/26/11 00:00:00",
  "value" : "100"
},{
  "dateTime" : "05/27/11 00:00:00",
  "value" : "163"
},{
  "dateTime" : "05/28/11 00:00:00",
  "value" : "51"
},{
  "dateTime" : "05/29/11 00:00:00",
  "value" : "214"
},{
  "dateTime" : "05/30/11 00:00:00",
  "value" : "114"
}]