[{
  "dateTime" : "01/06/10 00:00:00",
  "value" : "0"
},{
  "dateTime" : "01/07/10 00:00:00",
  "value" : "0"
},{
  "dateTime" : "01/08/10 00:00:00",
  "value" : "0"
},{
  "dateTime" : "01/09/10 00:00:00",
  "value" : "0"
},{
  "dateTime" : "01/10/10 00:00:00",
  "value" : "0"
},{
  "dateTime" : "01/11/10 00:00:00",
  "value" : "0"
},{
  "dateTime" : "01/12/10 00:00:00",
  "value" : "0"
},{
  "dateTime" : "01/13/10 00:00:00",
  "value" : "0"
},{
  "dateTime" : "01/14/10 00:00:00",
  "value" : "0"
},{
  "dateTime" : "01/15/10 00:00:00",
  "value" : "0"
},{
  "dateTime" : "01/16/10 00:00:00",
  "value" : "0"
},{
  "dateTime" : "01/17/10 00:00:00",
  "value" : "0"
},{
  "dateTime" : "01/18/10 00:00:00",
  "value" : "0"
},{
  "dateTime" : "01/19/10 00:00:00",
  "value" : "0"
},{
  "dateTime" : "01/20/10 00:00:00",
  "value" : "0"
},{
  "dateTime" : "01/21/10 00:00:00",
  "value" : "0"
},{
  "dateTime" : "01/22/10 00:00:00",
  "value" : "0"
},{
  "dateTime" : "01/23/10 00:00:00",
  "value" : "0"
},{
  "dateTime" : "01/24/10 00:00:00",
  "value" : "0"
},{
  "dateTime" : "01/25/10 00:00:00",
  "value" : "0"
},{
  "dateTime" : "01/26/10 00:00:00",
  "value" : "0"
},{
  "dateTime" : "01/27/10 00:00:00",
  "value" : "0"
},{
  "dateTime" : "01/28/10 00:00:00",
  "value" : "0"
},{
  "dateTime" : "01/29/10 00:00:00",
  "value" : "0"
},{
  "dateTime" : "01/30/10 00:00:00",
  "value" : "0"
},{
  "dateTime" : "01/31/10 00:00:00",
  "value" : "0"
},{
  "dateTime" : "02/01/10 00:00:00",
  "value" : "0"
},{
  "dateTime" : "02/02/10 00:00:00",
  "value" : "0"
},{
  "dateTime" : "02/03/10 00:00:00",
  "value" : "29"
},{
  "dateTime" : "02/04/10 00:00:00",
  "value" : "78"
}]