[{
  "dateTime" : "04/15/14 00:00:00",
  "value" : "41"
},{
  "dateTime" : "04/16/14 00:00:00",
  "value" : "131"
},{
  "dateTime" : "04/17/14 00:00:00",
  "value" : "76"
},{
  "dateTime" : "04/18/14 00:00:00",
  "value" : "180"
},{
  "dateTime" : "04/19/14 00:00:00",
  "value" : "130"
},{
  "dateTime" : "04/20/14 00:00:00",
  "value" : "55"
},{
  "dateTime" : "04/21/14 00:00:00",
  "value" : "123"
},{
  "dateTime" : "04/22/14 00:00:00",
  "value" : "117"
},{
  "dateTime" : "04/23/14 00:00:00",
  "value" : "133"
},{
  "dateTime" : "04/24/14 00:00:00",
  "value" : "105"
},{
  "dateTime" : "04/25/14 00:00:00",
  "value" : "115"
},{
  "dateTime" : "04/26/14 00:00:00",
  "value" : "87"
},{
  "dateTime" : "04/27/14 00:00:00",
  "value" : "85"
},{
  "dateTime" : "04/28/14 00:00:00",
  "value" : "231"
},{
  "dateTime" : "04/29/14 00:00:00",
  "value" : "181"
},{
  "dateTime" : "04/30/14 00:00:00",
  "value" : "79"
},{
  "dateTime" : "05/01/14 00:00:00",
  "value" : "59"
},{
  "dateTime" : "05/02/14 00:00:00",
  "value" : "45"
},{
  "dateTime" : "05/03/14 00:00:00",
  "value" : "81"
},{
  "dateTime" : "05/04/14 00:00:00",
  "value" : "48"
},{
  "dateTime" : "05/05/14 00:00:00",
  "value" : "189"
},{
  "dateTime" : "05/06/14 00:00:00",
  "value" : "102"
},{
  "dateTime" : "05/07/14 00:00:00",
  "value" : "158"
},{
  "dateTime" : "05/08/14 00:00:00",
  "value" : "84"
},{
  "dateTime" : "05/09/14 00:00:00",
  "value" : "98"
},{
  "dateTime" : "05/10/14 00:00:00",
  "value" : "112"
},{
  "dateTime" : "05/11/14 00:00:00",
  "value" : "136"
},{
  "dateTime" : "05/12/14 00:00:00",
  "value" : "95"
},{
  "dateTime" : "05/13/14 00:00:00",
  "value" : "116"
},{
  "dateTime" : "05/14/14 00:00:00",
  "value" : "144"
}]