[{
  "dateTime" : "12/27/11 00:00:00",
  "value" : "107"
},{
  "dateTime" : "12/28/11 00:00:00",
  "value" : "96"
},{
  "dateTime" : "12/29/11 00:00:00",
  "value" : "94"
},{
  "dateTime" : "12/30/11 00:00:00",
  "value" : "99"
},{
  "dateTime" : "12/31/11 00:00:00",
  "value" : "92"
},{
  "dateTime" : "01/01/12 00:00:00",
  "value" : "43"
},{
  "dateTime" : "01/02/12 00:00:00",
  "value" : "141"
},{
  "dateTime" : "01/03/12 00:00:00",
  "value" : "122"
},{
  "dateTime" : "01/04/12 00:00:00",
  "value" : "136"
},{
  "dateTime" : "01/05/12 00:00:00",
  "value" : "107"
},{
  "dateTime" : "01/06/12 00:00:00",
  "value" : "107"
},{
  "dateTime" : "01/07/12 00:00:00",
  "value" : "115"
},{
  "dateTime" : "01/08/12 00:00:00",
  "value" : "102"
},{
  "dateTime" : "01/09/12 00:00:00",
  "value" : "113"
},{
  "dateTime" : "01/10/12 00:00:00",
  "value" : "119"
},{
  "dateTime" : "01/11/12 00:00:00",
  "value" : "138"
},{
  "dateTime" : "01/12/12 00:00:00",
  "value" : "71"
},{
  "dateTime" : "01/13/12 00:00:00",
  "value" : "87"
},{
  "dateTime" : "01/14/12 00:00:00",
  "value" : "46"
},{
  "dateTime" : "01/15/12 00:00:00",
  "value" : "108"
},{
  "dateTime" : "01/16/12 00:00:00",
  "value" : "122"
},{
  "dateTime" : "01/17/12 00:00:00",
  "value" : "88"
},{
  "dateTime" : "01/18/12 00:00:00",
  "value" : "100"
},{
  "dateTime" : "01/19/12 00:00:00",
  "value" : "56"
},{
  "dateTime" : "01/20/12 00:00:00",
  "value" : "86"
},{
  "dateTime" : "01/21/12 00:00:00",
  "value" : "71"
},{
  "dateTime" : "01/22/12 00:00:00",
  "value" : "83"
},{
  "dateTime" : "01/23/12 00:00:00",
  "value" : "95"
},{
  "dateTime" : "01/24/12 00:00:00",
  "value" : "121"
},{
  "dateTime" : "01/25/12 00:00:00",
  "value" : "95"
}]