[{
  "dateTime" : "07/30/11 00:00:00",
  "value" : "129"
},{
  "dateTime" : "07/31/11 00:00:00",
  "value" : "89"
},{
  "dateTime" : "08/01/11 00:00:00",
  "value" : "123"
},{
  "dateTime" : "08/02/11 00:00:00",
  "value" : "106"
},{
  "dateTime" : "08/03/11 00:00:00",
  "value" : "96"
},{
  "dateTime" : "08/04/11 00:00:00",
  "value" : "114"
},{
  "dateTime" : "08/05/11 00:00:00",
  "value" : "91"
},{
  "dateTime" : "08/06/11 00:00:00",
  "value" : "133"
},{
  "dateTime" : "08/07/11 00:00:00",
  "value" : "150"
},{
  "dateTime" : "08/08/11 00:00:00",
  "value" : "93"
},{
  "dateTime" : "08/09/11 00:00:00",
  "value" : "120"
},{
  "dateTime" : "08/10/11 00:00:00",
  "value" : "126"
},{
  "dateTime" : "08/11/11 00:00:00",
  "value" : "165"
},{
  "dateTime" : "08/12/11 00:00:00",
  "value" : "119"
},{
  "dateTime" : "08/13/11 00:00:00",
  "value" : "117"
},{
  "dateTime" : "08/14/11 00:00:00",
  "value" : "105"
},{
  "dateTime" : "08/15/11 00:00:00",
  "value" : "112"
},{
  "dateTime" : "08/16/11 00:00:00",
  "value" : "93"
},{
  "dateTime" : "08/17/11 00:00:00",
  "value" : "90"
},{
  "dateTime" : "08/18/11 00:00:00",
  "value" : "72"
},{
  "dateTime" : "08/19/11 00:00:00",
  "value" : "120"
},{
  "dateTime" : "08/20/11 00:00:00",
  "value" : "150"
},{
  "dateTime" : "08/21/11 00:00:00",
  "value" : "66"
},{
  "dateTime" : "08/22/11 00:00:00",
  "value" : "102"
},{
  "dateTime" : "08/23/11 00:00:00",
  "value" : "105"
},{
  "dateTime" : "08/24/11 00:00:00",
  "value" : "115"
},{
  "dateTime" : "08/25/11 00:00:00",
  "value" : "81"
},{
  "dateTime" : "08/26/11 00:00:00",
  "value" : "110"
},{
  "dateTime" : "08/27/11 00:00:00",
  "value" : "88"
},{
  "dateTime" : "08/28/11 00:00:00",
  "value" : "98"
}]