[{
  "dateTime" : "12/16/13 00:00:00",
  "value" : "76"
},{
  "dateTime" : "12/17/13 00:00:00",
  "value" : "46"
},{
  "dateTime" : "12/18/13 00:00:00",
  "value" : "43"
},{
  "dateTime" : "12/19/13 00:00:00",
  "value" : "127"
},{
  "dateTime" : "12/20/13 00:00:00",
  "value" : "75"
},{
  "dateTime" : "12/21/13 00:00:00",
  "value" : "51"
},{
  "dateTime" : "12/22/13 00:00:00",
  "value" : "33"
},{
  "dateTime" : "12/23/13 00:00:00",
  "value" : "62"
},{
  "dateTime" : "12/24/13 00:00:00",
  "value" : "58"
},{
  "dateTime" : "12/25/13 00:00:00",
  "value" : "12"
},{
  "dateTime" : "12/26/13 00:00:00",
  "value" : "25"
},{
  "dateTime" : "12/27/13 00:00:00",
  "value" : "79"
},{
  "dateTime" : "12/28/13 00:00:00",
  "value" : "60"
},{
  "dateTime" : "12/29/13 00:00:00",
  "value" : "30"
},{
  "dateTime" : "12/30/13 00:00:00",
  "value" : "63"
},{
  "dateTime" : "12/31/13 00:00:00",
  "value" : "60"
},{
  "dateTime" : "01/01/14 00:00:00",
  "value" : "25"
},{
  "dateTime" : "01/02/14 00:00:00",
  "value" : "55"
},{
  "dateTime" : "01/03/14 00:00:00",
  "value" : "70"
},{
  "dateTime" : "01/04/14 00:00:00",
  "value" : "43"
},{
  "dateTime" : "01/05/14 00:00:00",
  "value" : "87"
},{
  "dateTime" : "01/06/14 00:00:00",
  "value" : "19"
},{
  "dateTime" : "01/07/14 00:00:00",
  "value" : "75"
},{
  "dateTime" : "01/08/14 00:00:00",
  "value" : "63"
},{
  "dateTime" : "01/09/14 00:00:00",
  "value" : "71"
},{
  "dateTime" : "01/10/14 00:00:00",
  "value" : "73"
},{
  "dateTime" : "01/11/14 00:00:00",
  "value" : "32"
},{
  "dateTime" : "01/12/14 00:00:00",
  "value" : "40"
},{
  "dateTime" : "01/13/14 00:00:00",
  "value" : "76"
},{
  "dateTime" : "01/14/14 00:00:00",
  "value" : "67"
}]