[{
  "dateTime" : "06/09/15 00:00:00",
  "value" : "7"
},{
  "dateTime" : "06/10/15 00:00:00",
  "value" : "0"
},{
  "dateTime" : "06/11/15 00:00:00",
  "value" : "0"
},{
  "dateTime" : "06/12/15 00:00:00",
  "value" : "0"
},{
  "dateTime" : "06/13/15 00:00:00",
  "value" : "0"
},{
  "dateTime" : "06/14/15 00:00:00",
  "value" : "0"
},{
  "dateTime" : "06/15/15 00:00:00",
  "value" : "0"
},{
  "dateTime" : "06/16/15 00:00:00",
  "value" : "0"
},{
  "dateTime" : "06/17/15 00:00:00",
  "value" : "0"
},{
  "dateTime" : "06/18/15 00:00:00",
  "value" : "1"
},{
  "dateTime" : "06/19/15 00:00:00",
  "value" : "7"
},{
  "dateTime" : "06/20/15 00:00:00",
  "value" : "0"
},{
  "dateTime" : "06/21/15 00:00:00",
  "value" : "0"
},{
  "dateTime" : "06/22/15 00:00:00",
  "value" : "3"
},{
  "dateTime" : "06/23/15 00:00:00",
  "value" : "14"
},{
  "dateTime" : "06/24/15 00:00:00",
  "value" : "0"
},{
  "dateTime" : "06/25/15 00:00:00",
  "value" : "5"
},{
  "dateTime" : "06/26/15 00:00:00",
  "value" : "8"
},{
  "dateTime" : "06/27/15 00:00:00",
  "value" : "0"
},{
  "dateTime" : "06/28/15 00:00:00",
  "value" : "0"
},{
  "dateTime" : "06/29/15 00:00:00",
  "value" : "6"
},{
  "dateTime" : "06/30/15 00:00:00",
  "value" : "0"
},{
  "dateTime" : "07/01/15 00:00:00",
  "value" : "0"
},{
  "dateTime" : "07/02/15 00:00:00",
  "value" : "0"
},{
  "dateTime" : "07/03/15 00:00:00",
  "value" : "0"
},{
  "dateTime" : "07/04/15 00:00:00",
  "value" : "0"
},{
  "dateTime" : "07/05/15 00:00:00",
  "value" : "0"
},{
  "dateTime" : "07/06/15 00:00:00",
  "value" : "0"
},{
  "dateTime" : "07/07/15 00:00:00",
  "value" : "14"
},{
  "dateTime" : "07/08/15 00:00:00",
  "value" : "0"
}]