[{
  "dateTime" : "04/04/16 00:00:00",
  "value" : "0"
},{
  "dateTime" : "04/05/16 00:00:00",
  "value" : "0"
},{
  "dateTime" : "04/06/16 00:00:00",
  "value" : "0"
},{
  "dateTime" : "04/07/16 00:00:00",
  "value" : "0"
},{
  "dateTime" : "04/08/16 00:00:00",
  "value" : "0"
},{
  "dateTime" : "04/09/16 00:00:00",
  "value" : "17"
},{
  "dateTime" : "04/10/16 00:00:00",
  "value" : "20"
},{
  "dateTime" : "04/11/16 00:00:00",
  "value" : "0"
},{
  "dateTime" : "04/12/16 00:00:00",
  "value" : "5"
},{
  "dateTime" : "04/13/16 00:00:00",
  "value" : "7"
},{
  "dateTime" : "04/14/16 00:00:00",
  "value" : "1"
},{
  "dateTime" : "04/15/16 00:00:00",
  "value" : "0"
},{
  "dateTime" : "04/16/16 00:00:00",
  "value" : "40"
},{
  "dateTime" : "04/17/16 00:00:00",
  "value" : "0"
},{
  "dateTime" : "04/18/16 00:00:00",
  "value" : "32"
},{
  "dateTime" : "04/19/16 00:00:00",
  "value" : "8"
},{
  "dateTime" : "04/20/16 00:00:00",
  "value" : "0"
},{
  "dateTime" : "04/21/16 00:00:00",
  "value" : "0"
},{
  "dateTime" : "04/22/16 00:00:00",
  "value" : "16"
},{
  "dateTime" : "04/23/16 00:00:00",
  "value" : "43"
},{
  "dateTime" : "04/24/16 00:00:00",
  "value" : "32"
},{
  "dateTime" : "04/25/16 00:00:00",
  "value" : "0"
},{
  "dateTime" : "04/26/16 00:00:00",
  "value" : "0"
},{
  "dateTime" : "04/27/16 00:00:00",
  "value" : "0"
},{
  "dateTime" : "04/28/16 00:00:00",
  "value" : "11"
},{
  "dateTime" : "04/29/16 00:00:00",
  "value" : "72"
},{
  "dateTime" : "04/30/16 00:00:00",
  "value" : "22"
},{
  "dateTime" : "05/01/16 00:00:00",
  "value" : "39"
},{
  "dateTime" : "05/02/16 00:00:00",
  "value" : "7"
},{
  "dateTime" : "05/03/16 00:00:00",
  "value" : "0"
}]