[{
  "dateTime" : "10/28/11 00:00:00",
  "value" : "150"
},{
  "dateTime" : "10/29/11 00:00:00",
  "value" : "192"
},{
  "dateTime" : "10/30/11 00:00:00",
  "value" : "129"
},{
  "dateTime" : "10/31/11 00:00:00",
  "value" : "142"
},{
  "dateTime" : "11/01/11 00:00:00",
  "value" : "116"
},{
  "dateTime" : "11/02/11 00:00:00",
  "value" : "183"
},{
  "dateTime" : "11/03/11 00:00:00",
  "value" : "109"
},{
  "dateTime" : "11/04/11 00:00:00",
  "value" : "148"
},{
  "dateTime" : "11/05/11 00:00:00",
  "value" : "143"
},{
  "dateTime" : "11/06/11 00:00:00",
  "value" : "94"
},{
  "dateTime" : "11/07/11 00:00:00",
  "value" : "102"
},{
  "dateTime" : "11/08/11 00:00:00",
  "value" : "147"
},{
  "dateTime" : "11/09/11 00:00:00",
  "value" : "89"
},{
  "dateTime" : "11/10/11 00:00:00",
  "value" : "124"
},{
  "dateTime" : "11/11/11 00:00:00",
  "value" : "102"
},{
  "dateTime" : "11/12/11 00:00:00",
  "value" : "114"
},{
  "dateTime" : "11/13/11 00:00:00",
  "value" : "135"
},{
  "dateTime" : "11/14/11 00:00:00",
  "value" : "92"
},{
  "dateTime" : "11/15/11 00:00:00",
  "value" : "84"
},{
  "dateTime" : "11/16/11 00:00:00",
  "value" : "120"
},{
  "dateTime" : "11/17/11 00:00:00",
  "value" : "91"
},{
  "dateTime" : "11/18/11 00:00:00",
  "value" : "109"
},{
  "dateTime" : "11/19/11 00:00:00",
  "value" : "77"
},{
  "dateTime" : "11/20/11 00:00:00",
  "value" : "109"
},{
  "dateTime" : "11/21/11 00:00:00",
  "value" : "98"
},{
  "dateTime" : "11/22/11 00:00:00",
  "value" : "76"
},{
  "dateTime" : "11/23/11 00:00:00",
  "value" : "117"
},{
  "dateTime" : "11/24/11 00:00:00",
  "value" : "133"
},{
  "dateTime" : "11/25/11 00:00:00",
  "value" : "63"
},{
  "dateTime" : "11/26/11 00:00:00",
  "value" : "176"
}]