[{
  "dateTime" : "05/15/14 00:00:00",
  "value" : "91"
},{
  "dateTime" : "05/16/14 00:00:00",
  "value" : "69"
},{
  "dateTime" : "05/17/14 00:00:00",
  "value" : "149"
},{
  "dateTime" : "05/18/14 00:00:00",
  "value" : "107"
},{
  "dateTime" : "05/19/14 00:00:00",
  "value" : "137"
},{
  "dateTime" : "05/20/14 00:00:00",
  "value" : "52"
},{
  "dateTime" : "05/21/14 00:00:00",
  "value" : "126"
},{
  "dateTime" : "05/22/14 00:00:00",
  "value" : "115"
},{
  "dateTime" : "05/23/14 00:00:00",
  "value" : "92"
},{
  "dateTime" : "05/24/14 00:00:00",
  "value" : "105"
},{
  "dateTime" : "05/25/14 00:00:00",
  "value" : "118"
},{
  "dateTime" : "05/26/14 00:00:00",
  "value" : "71"
},{
  "dateTime" : "05/27/14 00:00:00",
  "value" : "181"
},{
  "dateTime" : "05/28/14 00:00:00",
  "value" : "95"
},{
  "dateTime" : "05/29/14 00:00:00",
  "value" : "116"
},{
  "dateTime" : "05/30/14 00:00:00",
  "value" : "220"
},{
  "dateTime" : "05/31/14 00:00:00",
  "value" : "57"
},{
  "dateTime" : "06/01/14 00:00:00",
  "value" : "156"
},{
  "dateTime" : "06/02/14 00:00:00",
  "value" : "94"
},{
  "dateTime" : "06/03/14 00:00:00",
  "value" : "128"
},{
  "dateTime" : "06/04/14 00:00:00",
  "value" : "123"
},{
  "dateTime" : "06/05/14 00:00:00",
  "value" : "60"
},{
  "dateTime" : "06/06/14 00:00:00",
  "value" : "130"
},{
  "dateTime" : "06/07/14 00:00:00",
  "value" : "87"
},{
  "dateTime" : "06/08/14 00:00:00",
  "value" : "125"
},{
  "dateTime" : "06/09/14 00:00:00",
  "value" : "88"
},{
  "dateTime" : "06/10/14 00:00:00",
  "value" : "114"
},{
  "dateTime" : "06/11/14 00:00:00",
  "value" : "88"
},{
  "dateTime" : "06/12/14 00:00:00",
  "value" : "76"
},{
  "dateTime" : "06/13/14 00:00:00",
  "value" : "126"
}]