[{
  "dateTime" : "07/19/13 00:00:00",
  "value" : "68"
},{
  "dateTime" : "07/20/13 00:00:00",
  "value" : "57"
},{
  "dateTime" : "07/21/13 00:00:00",
  "value" : "64"
},{
  "dateTime" : "07/22/13 00:00:00",
  "value" : "34"
},{
  "dateTime" : "07/23/13 00:00:00",
  "value" : "99"
},{
  "dateTime" : "07/24/13 00:00:00",
  "value" : "85"
},{
  "dateTime" : "07/25/13 00:00:00",
  "value" : "60"
},{
  "dateTime" : "07/26/13 00:00:00",
  "value" : "59"
},{
  "dateTime" : "07/27/13 00:00:00",
  "value" : "50"
},{
  "dateTime" : "07/28/13 00:00:00",
  "value" : "79"
},{
  "dateTime" : "07/29/13 00:00:00",
  "value" : "64"
},{
  "dateTime" : "07/30/13 00:00:00",
  "value" : "58"
},{
  "dateTime" : "07/31/13 00:00:00",
  "value" : "77"
},{
  "dateTime" : "08/01/13 00:00:00",
  "value" : "94"
},{
  "dateTime" : "08/02/13 00:00:00",
  "value" : "29"
},{
  "dateTime" : "08/03/13 00:00:00",
  "value" : "103"
},{
  "dateTime" : "08/04/13 00:00:00",
  "value" : "89"
},{
  "dateTime" : "08/05/13 00:00:00",
  "value" : "52"
},{
  "dateTime" : "08/06/13 00:00:00",
  "value" : "59"
},{
  "dateTime" : "08/07/13 00:00:00",
  "value" : "44"
},{
  "dateTime" : "08/08/13 00:00:00",
  "value" : "38"
},{
  "dateTime" : "08/09/13 00:00:00",
  "value" : "34"
},{
  "dateTime" : "08/10/13 00:00:00",
  "value" : "57"
},{
  "dateTime" : "08/11/13 00:00:00",
  "value" : "73"
},{
  "dateTime" : "08/12/13 00:00:00",
  "value" : "105"
},{
  "dateTime" : "08/13/13 00:00:00",
  "value" : "53"
},{
  "dateTime" : "08/14/13 00:00:00",
  "value" : "125"
},{
  "dateTime" : "08/15/13 00:00:00",
  "value" : "106"
},{
  "dateTime" : "08/16/13 00:00:00",
  "value" : "62"
},{
  "dateTime" : "08/17/13 00:00:00",
  "value" : "122"
}]