[{
  "dateTime" : "01/19/19 00:00:00",
  "value" : "0"
},{
  "dateTime" : "01/20/19 00:00:00",
  "value" : "125"
},{
  "dateTime" : "01/21/19 00:00:00",
  "value" : "0"
},{
  "dateTime" : "01/22/19 00:00:00",
  "value" : "25"
},{
  "dateTime" : "01/23/19 00:00:00",
  "value" : "11"
},{
  "dateTime" : "01/24/19 00:00:00",
  "value" : "47"
},{
  "dateTime" : "01/25/19 00:00:00",
  "value" : "11"
},{
  "dateTime" : "01/26/19 00:00:00",
  "value" : "0"
},{
  "dateTime" : "01/27/19 00:00:00",
  "value" : "11"
},{
  "dateTime" : "01/28/19 00:00:00",
  "value" : "79"
},{
  "dateTime" : "01/29/19 00:00:00",
  "value" : "48"
},{
  "dateTime" : "01/30/19 00:00:00",
  "value" : "30"
},{
  "dateTime" : "01/31/19 00:00:00",
  "value" : "21"
},{
  "dateTime" : "02/01/19 00:00:00",
  "value" : "37"
},{
  "dateTime" : "02/02/19 00:00:00",
  "value" : "13"
},{
  "dateTime" : "02/03/19 00:00:00",
  "value" : "38"
},{
  "dateTime" : "02/04/19 00:00:00",
  "value" : "0"
},{
  "dateTime" : "02/05/19 00:00:00",
  "value" : "39"
},{
  "dateTime" : "02/06/19 00:00:00",
  "value" : "64"
},{
  "dateTime" : "02/07/19 00:00:00",
  "value" : "9"
},{
  "dateTime" : "02/08/19 00:00:00",
  "value" : "9"
},{
  "dateTime" : "02/09/19 00:00:00",
  "value" : "52"
},{
  "dateTime" : "02/10/19 00:00:00",
  "value" : "0"
},{
  "dateTime" : "02/11/19 00:00:00",
  "value" : "17"
},{
  "dateTime" : "02/12/19 00:00:00",
  "value" : "50"
},{
  "dateTime" : "02/13/19 00:00:00",
  "value" : "0"
},{
  "dateTime" : "02/14/19 00:00:00",
  "value" : "0"
},{
  "dateTime" : "02/15/19 00:00:00",
  "value" : "0"
},{
  "dateTime" : "02/16/19 00:00:00",
  "value" : "7"
},{
  "dateTime" : "02/17/19 00:00:00",
  "value" : "11"
}]