[{
  "dateTime" : "05/20/13 00:00:00",
  "value" : "146"
},{
  "dateTime" : "05/21/13 00:00:00",
  "value" : "87"
},{
  "dateTime" : "05/22/13 00:00:00",
  "value" : "48"
},{
  "dateTime" : "05/23/13 00:00:00",
  "value" : "114"
},{
  "dateTime" : "05/24/13 00:00:00",
  "value" : "122"
},{
  "dateTime" : "05/25/13 00:00:00",
  "value" : "34"
},{
  "dateTime" : "05/26/13 00:00:00",
  "value" : "111"
},{
  "dateTime" : "05/27/13 00:00:00",
  "value" : "102"
},{
  "dateTime" : "05/28/13 00:00:00",
  "value" : "110"
},{
  "dateTime" : "05/29/13 00:00:00",
  "value" : "96"
},{
  "dateTime" : "05/30/13 00:00:00",
  "value" : "84"
},{
  "dateTime" : "05/31/13 00:00:00",
  "value" : "90"
},{
  "dateTime" : "06/01/13 00:00:00",
  "value" : "87"
},{
  "dateTime" : "06/02/13 00:00:00",
  "value" : "84"
},{
  "dateTime" : "06/03/13 00:00:00",
  "value" : "148"
},{
  "dateTime" : "06/04/13 00:00:00",
  "value" : "111"
},{
  "dateTime" : "06/05/13 00:00:00",
  "value" : "96"
},{
  "dateTime" : "06/06/13 00:00:00",
  "value" : "91"
},{
  "dateTime" : "06/07/13 00:00:00",
  "value" : "122"
},{
  "dateTime" : "06/08/13 00:00:00",
  "value" : "60"
},{
  "dateTime" : "06/09/13 00:00:00",
  "value" : "127"
},{
  "dateTime" : "06/10/13 00:00:00",
  "value" : "67"
},{
  "dateTime" : "06/11/13 00:00:00",
  "value" : "91"
},{
  "dateTime" : "06/12/13 00:00:00",
  "value" : "36"
},{
  "dateTime" : "06/13/13 00:00:00",
  "value" : "36"
},{
  "dateTime" : "06/14/13 00:00:00",
  "value" : "83"
},{
  "dateTime" : "06/15/13 00:00:00",
  "value" : "93"
},{
  "dateTime" : "06/16/13 00:00:00",
  "value" : "42"
},{
  "dateTime" : "06/17/13 00:00:00",
  "value" : "67"
},{
  "dateTime" : "06/18/13 00:00:00",
  "value" : "73"
}]