[{
  "dateTime" : "02/05/10 00:00:00",
  "value" : "71"
},{
  "dateTime" : "02/06/10 00:00:00",
  "value" : "69"
},{
  "dateTime" : "02/07/10 00:00:00",
  "value" : "55"
},{
  "dateTime" : "02/08/10 00:00:00",
  "value" : "49"
},{
  "dateTime" : "02/09/10 00:00:00",
  "value" : "21"
},{
  "dateTime" : "02/10/10 00:00:00",
  "value" : "52"
},{
  "dateTime" : "02/11/10 00:00:00",
  "value" : "56"
},{
  "dateTime" : "02/12/10 00:00:00",
  "value" : "52"
},{
  "dateTime" : "02/13/10 00:00:00",
  "value" : "44"
},{
  "dateTime" : "02/14/10 00:00:00",
  "value" : "30"
},{
  "dateTime" : "02/15/10 00:00:00",
  "value" : "117"
},{
  "dateTime" : "02/16/10 00:00:00",
  "value" : "42"
},{
  "dateTime" : "02/17/10 00:00:00",
  "value" : "27"
},{
  "dateTime" : "02/18/10 00:00:00",
  "value" : "21"
},{
  "dateTime" : "02/19/10 00:00:00",
  "value" : "0"
},{
  "dateTime" : "02/20/10 00:00:00",
  "value" : "15"
},{
  "dateTime" : "02/21/10 00:00:00",
  "value" : "85"
},{
  "dateTime" : "02/22/10 00:00:00",
  "value" : "79"
},{
  "dateTime" : "02/23/10 00:00:00",
  "value" : "65"
},{
  "dateTime" : "02/24/10 00:00:00",
  "value" : "122"
},{
  "dateTime" : "02/25/10 00:00:00",
  "value" : "79"
},{
  "dateTime" : "02/26/10 00:00:00",
  "value" : "56"
},{
  "dateTime" : "02/27/10 00:00:00",
  "value" : "77"
},{
  "dateTime" : "02/28/10 00:00:00",
  "value" : "98"
},{
  "dateTime" : "03/01/10 00:00:00",
  "value" : "12"
},{
  "dateTime" : "03/02/10 00:00:00",
  "value" : "0"
},{
  "dateTime" : "03/03/10 00:00:00",
  "value" : "0"
},{
  "dateTime" : "03/04/10 00:00:00",
  "value" : "0"
},{
  "dateTime" : "03/05/10 00:00:00",
  "value" : "0"
},{
  "dateTime" : "03/06/10 00:00:00",
  "value" : "0"
}]