[{
  "dateTime" : "04/24/18 00:00:00",
  "value" : "19"
},{
  "dateTime" : "04/25/18 00:00:00",
  "value" : "51"
},{
  "dateTime" : "04/26/18 00:00:00",
  "value" : "13"
},{
  "dateTime" : "04/27/18 00:00:00",
  "value" : "25"
},{
  "dateTime" : "04/28/18 00:00:00",
  "value" : "6"
},{
  "dateTime" : "04/29/18 00:00:00",
  "value" : "19"
},{
  "dateTime" : "04/30/18 00:00:00",
  "value" : "26"
},{
  "dateTime" : "05/01/18 00:00:00",
  "value" : "19"
},{
  "dateTime" : "05/02/18 00:00:00",
  "value" : "10"
},{
  "dateTime" : "05/03/18 00:00:00",
  "value" : "21"
},{
  "dateTime" : "05/04/18 00:00:00",
  "value" : "44"
},{
  "dateTime" : "05/05/18 00:00:00",
  "value" : "18"
},{
  "dateTime" : "05/06/18 00:00:00",
  "value" : "45"
},{
  "dateTime" : "05/07/18 00:00:00",
  "value" : "45"
},{
  "dateTime" : "05/08/18 00:00:00",
  "value" : "15"
},{
  "dateTime" : "05/09/18 00:00:00",
  "value" : "0"
},{
  "dateTime" : "05/10/18 00:00:00",
  "value" : "106"
},{
  "dateTime" : "05/11/18 00:00:00",
  "value" : "0"
},{
  "dateTime" : "05/12/18 00:00:00",
  "value" : "9"
},{
  "dateTime" : "05/13/18 00:00:00",
  "value" : "14"
},{
  "dateTime" : "05/14/18 00:00:00",
  "value" : "16"
},{
  "dateTime" : "05/15/18 00:00:00",
  "value" : "103"
},{
  "dateTime" : "05/16/18 00:00:00",
  "value" : "66"
},{
  "dateTime" : "05/17/18 00:00:00",
  "value" : "39"
},{
  "dateTime" : "05/18/18 00:00:00",
  "value" : "35"
},{
  "dateTime" : "05/19/18 00:00:00",
  "value" : "100"
},{
  "dateTime" : "05/20/18 00:00:00",
  "value" : "20"
},{
  "dateTime" : "05/21/18 00:00:00",
  "value" : "90"
},{
  "dateTime" : "05/22/18 00:00:00",
  "value" : "58"
},{
  "dateTime" : "05/23/18 00:00:00",
  "value" : "5"
}]