[{
  "dateTime" : "01/15/14 00:00:00",
  "value" : "58"
},{
  "dateTime" : "01/16/14 00:00:00",
  "value" : "114"
},{
  "dateTime" : "01/17/14 00:00:00",
  "value" : "99"
},{
  "dateTime" : "01/18/14 00:00:00",
  "value" : "72"
},{
  "dateTime" : "01/19/14 00:00:00",
  "value" : "103"
},{
  "dateTime" : "01/20/14 00:00:00",
  "value" : "84"
},{
  "dateTime" : "01/21/14 00:00:00",
  "value" : "113"
},{
  "dateTime" : "01/22/14 00:00:00",
  "value" : "159"
},{
  "dateTime" : "01/23/14 00:00:00",
  "value" : "90"
},{
  "dateTime" : "01/24/14 00:00:00",
  "value" : "84"
},{
  "dateTime" : "01/25/14 00:00:00",
  "value" : "36"
},{
  "dateTime" : "01/26/14 00:00:00",
  "value" : "115"
},{
  "dateTime" : "01/27/14 00:00:00",
  "value" : "119"
},{
  "dateTime" : "01/28/14 00:00:00",
  "value" : "113"
},{
  "dateTime" : "01/29/14 00:00:00",
  "value" : "59"
},{
  "dateTime" : "01/30/14 00:00:00",
  "value" : "81"
},{
  "dateTime" : "01/31/14 00:00:00",
  "value" : "103"
},{
  "dateTime" : "02/01/14 00:00:00",
  "value" : "68"
},{
  "dateTime" : "02/02/14 00:00:00",
  "value" : "156"
},{
  "dateTime" : "02/03/14 00:00:00",
  "value" : "96"
},{
  "dateTime" : "02/04/14 00:00:00",
  "value" : "91"
},{
  "dateTime" : "02/05/14 00:00:00",
  "value" : "149"
},{
  "dateTime" : "02/06/14 00:00:00",
  "value" : "122"
},{
  "dateTime" : "02/07/14 00:00:00",
  "value" : "67"
},{
  "dateTime" : "02/08/14 00:00:00",
  "value" : "103"
},{
  "dateTime" : "02/09/14 00:00:00",
  "value" : "115"
},{
  "dateTime" : "02/10/14 00:00:00",
  "value" : "114"
},{
  "dateTime" : "02/11/14 00:00:00",
  "value" : "68"
},{
  "dateTime" : "02/12/14 00:00:00",
  "value" : "100"
},{
  "dateTime" : "02/13/14 00:00:00",
  "value" : "60"
}]