[{
  "dateTime" : "03/25/18 00:00:00",
  "value" : "0"
},{
  "dateTime" : "03/26/18 00:00:00",
  "value" : "0"
},{
  "dateTime" : "03/27/18 00:00:00",
  "value" : "0"
},{
  "dateTime" : "03/28/18 00:00:00",
  "value" : "0"
},{
  "dateTime" : "03/29/18 00:00:00",
  "value" : "0"
},{
  "dateTime" : "03/30/18 00:00:00",
  "value" : "20"
},{
  "dateTime" : "03/31/18 00:00:00",
  "value" : "30"
},{
  "dateTime" : "04/01/18 00:00:00",
  "value" : "0"
},{
  "dateTime" : "04/02/18 00:00:00",
  "value" : "58"
},{
  "dateTime" : "04/03/18 00:00:00",
  "value" : "69"
},{
  "dateTime" : "04/04/18 00:00:00",
  "value" : "0"
},{
  "dateTime" : "04/05/18 00:00:00",
  "value" : "26"
},{
  "dateTime" : "04/06/18 00:00:00",
  "value" : "0"
},{
  "dateTime" : "04/07/18 00:00:00",
  "value" : "70"
},{
  "dateTime" : "04/08/18 00:00:00",
  "value" : "10"
},{
  "dateTime" : "04/09/18 00:00:00",
  "value" : "3"
},{
  "dateTime" : "04/10/18 00:00:00",
  "value" : "17"
},{
  "dateTime" : "04/11/18 00:00:00",
  "value" : "9"
},{
  "dateTime" : "04/12/18 00:00:00",
  "value" : "11"
},{
  "dateTime" : "04/13/18 00:00:00",
  "value" : "5"
},{
  "dateTime" : "04/14/18 00:00:00",
  "value" : "24"
},{
  "dateTime" : "04/15/18 00:00:00",
  "value" : "0"
},{
  "dateTime" : "04/16/18 00:00:00",
  "value" : "0"
},{
  "dateTime" : "04/17/18 00:00:00",
  "value" : "81"
},{
  "dateTime" : "04/18/18 00:00:00",
  "value" : "0"
},{
  "dateTime" : "04/19/18 00:00:00",
  "value" : "0"
},{
  "dateTime" : "04/20/18 00:00:00",
  "value" : "13"
},{
  "dateTime" : "04/21/18 00:00:00",
  "value" : "14"
},{
  "dateTime" : "04/22/18 00:00:00",
  "value" : "31"
},{
  "dateTime" : "04/23/18 00:00:00",
  "value" : "15"
}]