[{
  "dateTime" : "03/02/11 00:00:00",
  "value" : "113"
},{
  "dateTime" : "03/03/11 00:00:00",
  "value" : "96"
},{
  "dateTime" : "03/04/11 00:00:00",
  "value" : "97"
},{
  "dateTime" : "03/05/11 00:00:00",
  "value" : "58"
},{
  "dateTime" : "03/06/11 00:00:00",
  "value" : "119"
},{
  "dateTime" : "03/07/11 00:00:00",
  "value" : "125"
},{
  "dateTime" : "03/08/11 00:00:00",
  "value" : "73"
},{
  "dateTime" : "03/09/11 00:00:00",
  "value" : "82"
},{
  "dateTime" : "03/10/11 00:00:00",
  "value" : "107"
},{
  "dateTime" : "03/11/11 00:00:00",
  "value" : "88"
},{
  "dateTime" : "03/12/11 00:00:00",
  "value" : "144"
},{
  "dateTime" : "03/13/11 00:00:00",
  "value" : "136"
},{
  "dateTime" : "03/14/11 00:00:00",
  "value" : "70"
},{
  "dateTime" : "03/15/11 00:00:00",
  "value" : "90"
},{
  "dateTime" : "03/16/11 00:00:00",
  "value" : "79"
},{
  "dateTime" : "03/17/11 00:00:00",
  "value" : "97"
},{
  "dateTime" : "03/18/11 00:00:00",
  "value" : "89"
},{
  "dateTime" : "03/19/11 00:00:00",
  "value" : "203"
},{
  "dateTime" : "03/20/11 00:00:00",
  "value" : "57"
},{
  "dateTime" : "03/21/11 00:00:00",
  "value" : "128"
},{
  "dateTime" : "03/22/11 00:00:00",
  "value" : "110"
},{
  "dateTime" : "03/23/11 00:00:00",
  "value" : "128"
},{
  "dateTime" : "03/24/11 00:00:00",
  "value" : "96"
},{
  "dateTime" : "03/25/11 00:00:00",
  "value" : "79"
},{
  "dateTime" : "03/26/11 00:00:00",
  "value" : "128"
},{
  "dateTime" : "03/27/11 00:00:00",
  "value" : "126"
},{
  "dateTime" : "03/28/11 00:00:00",
  "value" : "92"
},{
  "dateTime" : "03/29/11 00:00:00",
  "value" : "117"
},{
  "dateTime" : "03/30/11 00:00:00",
  "value" : "183"
},{
  "dateTime" : "03/31/11 00:00:00",
  "value" : "56"
}]