[{
  "dateTime" : "04/20/13 00:00:00",
  "value" : "47"
},{
  "dateTime" : "04/21/13 00:00:00",
  "value" : "118"
},{
  "dateTime" : "04/22/13 00:00:00",
  "value" : "127"
},{
  "dateTime" : "04/23/13 00:00:00",
  "value" : "88"
},{
  "dateTime" : "04/24/13 00:00:00",
  "value" : "39"
},{
  "dateTime" : "04/25/13 00:00:00",
  "value" : "48"
},{
  "dateTime" : "04/26/13 00:00:00",
  "value" : "81"
},{
  "dateTime" : "04/27/13 00:00:00",
  "value" : "108"
},{
  "dateTime" : "04/28/13 00:00:00",
  "value" : "37"
},{
  "dateTime" : "04/29/13 00:00:00",
  "value" : "113"
},{
  "dateTime" : "04/30/13 00:00:00",
  "value" : "134"
},{
  "dateTime" : "05/01/13 00:00:00",
  "value" : "99"
},{
  "dateTime" : "05/02/13 00:00:00",
  "value" : "49"
},{
  "dateTime" : "05/03/13 00:00:00",
  "value" : "69"
},{
  "dateTime" : "05/04/13 00:00:00",
  "value" : "133"
},{
  "dateTime" : "05/05/13 00:00:00",
  "value" : "67"
},{
  "dateTime" : "05/06/13 00:00:00",
  "value" : "89"
},{
  "dateTime" : "05/07/13 00:00:00",
  "value" : "81"
},{
  "dateTime" : "05/08/13 00:00:00",
  "value" : "178"
},{
  "dateTime" : "05/09/13 00:00:00",
  "value" : "65"
},{
  "dateTime" : "05/10/13 00:00:00",
  "value" : "76"
},{
  "dateTime" : "05/11/13 00:00:00",
  "value" : "45"
},{
  "dateTime" : "05/12/13 00:00:00",
  "value" : "70"
},{
  "dateTime" : "05/13/13 00:00:00",
  "value" : "130"
},{
  "dateTime" : "05/14/13 00:00:00",
  "value" : "106"
},{
  "dateTime" : "05/15/13 00:00:00",
  "value" : "75"
},{
  "dateTime" : "05/16/13 00:00:00",
  "value" : "110"
},{
  "dateTime" : "05/17/13 00:00:00",
  "value" : "105"
},{
  "dateTime" : "05/18/13 00:00:00",
  "value" : "25"
},{
  "dateTime" : "05/19/13 00:00:00",
  "value" : "154"
}]