[{
  "dateTime" : "06/05/10 00:00:00",
  "value" : "117"
},{
  "dateTime" : "06/06/10 00:00:00",
  "value" : "79"
},{
  "dateTime" : "06/07/10 00:00:00",
  "value" : "92"
},{
  "dateTime" : "06/08/10 00:00:00",
  "value" : "100"
},{
  "dateTime" : "06/09/10 00:00:00",
  "value" : "110"
},{
  "dateTime" : "06/10/10 00:00:00",
  "value" : "124"
},{
  "dateTime" : "06/11/10 00:00:00",
  "value" : "130"
},{
  "dateTime" : "06/12/10 00:00:00",
  "value" : "67"
},{
  "dateTime" : "06/13/10 00:00:00",
  "value" : "116"
},{
  "dateTime" : "06/14/10 00:00:00",
  "value" : "118"
},{
  "dateTime" : "06/15/10 00:00:00",
  "value" : "134"
},{
  "dateTime" : "06/16/10 00:00:00",
  "value" : "102"
},{
  "dateTime" : "06/17/10 00:00:00",
  "value" : "60"
},{
  "dateTime" : "06/18/10 00:00:00",
  "value" : "79"
},{
  "dateTime" : "06/19/10 00:00:00",
  "value" : "96"
},{
  "dateTime" : "06/20/10 00:00:00",
  "value" : "58"
},{
  "dateTime" : "06/21/10 00:00:00",
  "value" : "86"
},{
  "dateTime" : "06/22/10 00:00:00",
  "value" : "110"
},{
  "dateTime" : "06/23/10 00:00:00",
  "value" : "71"
},{
  "dateTime" : "06/24/10 00:00:00",
  "value" : "71"
},{
  "dateTime" : "06/25/10 00:00:00",
  "value" : "97"
},{
  "dateTime" : "06/26/10 00:00:00",
  "value" : "90"
},{
  "dateTime" : "06/27/10 00:00:00",
  "value" : "87"
},{
  "dateTime" : "06/28/10 00:00:00",
  "value" : "91"
},{
  "dateTime" : "06/29/10 00:00:00",
  "value" : "87"
},{
  "dateTime" : "06/30/10 00:00:00",
  "value" : "85"
},{
  "dateTime" : "07/01/10 00:00:00",
  "value" : "42"
},{
  "dateTime" : "07/02/10 00:00:00",
  "value" : "99"
},{
  "dateTime" : "07/03/10 00:00:00",
  "value" : "93"
},{
  "dateTime" : "07/04/10 00:00:00",
  "value" : "75"
}]