[{
  "dateTime" : "04/25/12 00:00:00",
  "value" : "80"
},{
  "dateTime" : "04/26/12 00:00:00",
  "value" : "109"
},{
  "dateTime" : "04/27/12 00:00:00",
  "value" : "89"
},{
  "dateTime" : "04/28/12 00:00:00",
  "value" : "123"
},{
  "dateTime" : "04/29/12 00:00:00",
  "value" : "82"
},{
  "dateTime" : "04/30/12 00:00:00",
  "value" : "98"
},{
  "dateTime" : "05/01/12 00:00:00",
  "value" : "107"
},{
  "dateTime" : "05/02/12 00:00:00",
  "value" : "88"
},{
  "dateTime" : "05/03/12 00:00:00",
  "value" : "98"
},{
  "dateTime" : "05/04/12 00:00:00",
  "value" : "92"
},{
  "dateTime" : "05/05/12 00:00:00",
  "value" : "77"
},{
  "dateTime" : "05/06/12 00:00:00",
  "value" : "76"
},{
  "dateTime" : "05/07/12 00:00:00",
  "value" : "38"
},{
  "dateTime" : "05/08/12 00:00:00",
  "value" : "69"
},{
  "dateTime" : "05/09/12 00:00:00",
  "value" : "47"
},{
  "dateTime" : "05/10/12 00:00:00",
  "value" : "73"
},{
  "dateTime" : "05/11/12 00:00:00",
  "value" : "63"
},{
  "dateTime" : "05/12/12 00:00:00",
  "value" : "72"
},{
  "dateTime" : "05/13/12 00:00:00",
  "value" : "77"
},{
  "dateTime" : "05/14/12 00:00:00",
  "value" : "82"
},{
  "dateTime" : "05/15/12 00:00:00",
  "value" : "51"
},{
  "dateTime" : "05/16/12 00:00:00",
  "value" : "89"
},{
  "dateTime" : "05/17/12 00:00:00",
  "value" : "82"
},{
  "dateTime" : "05/18/12 00:00:00",
  "value" : "90"
},{
  "dateTime" : "05/19/12 00:00:00",
  "value" : "57"
},{
  "dateTime" : "05/20/12 00:00:00",
  "value" : "76"
},{
  "dateTime" : "05/21/12 00:00:00",
  "value" : "100"
},{
  "dateTime" : "05/22/12 00:00:00",
  "value" : "36"
},{
  "dateTime" : "05/23/12 00:00:00",
  "value" : "21"
},{
  "dateTime" : "05/24/12 00:00:00",
  "value" : "38"
}]