[{
  "dateTime" : "08/04/10 00:00:00",
  "value" : "98"
},{
  "dateTime" : "08/05/10 00:00:00",
  "value" : "78"
},{
  "dateTime" : "08/06/10 00:00:00",
  "value" : "78"
},{
  "dateTime" : "08/07/10 00:00:00",
  "value" : "157"
},{
  "dateTime" : "08/08/10 00:00:00",
  "value" : "94"
},{
  "dateTime" : "08/09/10 00:00:00",
  "value" : "65"
},{
  "dateTime" : "08/10/10 00:00:00",
  "value" : "56"
},{
  "dateTime" : "08/11/10 00:00:00",
  "value" : "81"
},{
  "dateTime" : "08/12/10 00:00:00",
  "value" : "91"
},{
  "dateTime" : "08/13/10 00:00:00",
  "value" : "118"
},{
  "dateTime" : "08/14/10 00:00:00",
  "value" : "139"
},{
  "dateTime" : "08/15/10 00:00:00",
  "value" : "64"
},{
  "dateTime" : "08/16/10 00:00:00",
  "value" : "59"
},{
  "dateTime" : "08/17/10 00:00:00",
  "value" : "109"
},{
  "dateTime" : "08/18/10 00:00:00",
  "value" : "89"
},{
  "dateTime" : "08/19/10 00:00:00",
  "value" : "73"
},{
  "dateTime" : "08/20/10 00:00:00",
  "value" : "71"
},{
  "dateTime" : "08/21/10 00:00:00",
  "value" : "135"
},{
  "dateTime" : "08/22/10 00:00:00",
  "value" : "80"
},{
  "dateTime" : "08/23/10 00:00:00",
  "value" : "85"
},{
  "dateTime" : "08/24/10 00:00:00",
  "value" : "105"
},{
  "dateTime" : "08/25/10 00:00:00",
  "value" : "67"
},{
  "dateTime" : "08/26/10 00:00:00",
  "value" : "93"
},{
  "dateTime" : "08/27/10 00:00:00",
  "value" : "98"
},{
  "dateTime" : "08/28/10 00:00:00",
  "value" : "115"
},{
  "dateTime" : "08/29/10 00:00:00",
  "value" : "80"
},{
  "dateTime" : "08/30/10 00:00:00",
  "value" : "79"
},{
  "dateTime" : "08/31/10 00:00:00",
  "value" : "85"
},{
  "dateTime" : "09/01/10 00:00:00",
  "value" : "93"
},{
  "dateTime" : "09/02/10 00:00:00",
  "value" : "50"
}]