[{
  "dateTime" : "07/05/10 00:00:00",
  "value" : "73"
},{
  "dateTime" : "07/06/10 00:00:00",
  "value" : "27"
},{
  "dateTime" : "07/07/10 00:00:00",
  "value" : "96"
},{
  "dateTime" : "07/08/10 00:00:00",
  "value" : "81"
},{
  "dateTime" : "07/09/10 00:00:00",
  "value" : "121"
},{
  "dateTime" : "07/10/10 00:00:00",
  "value" : "102"
},{
  "dateTime" : "07/11/10 00:00:00",
  "value" : "119"
},{
  "dateTime" : "07/12/10 00:00:00",
  "value" : "66"
},{
  "dateTime" : "07/13/10 00:00:00",
  "value" : "115"
},{
  "dateTime" : "07/14/10 00:00:00",
  "value" : "87"
},{
  "dateTime" : "07/15/10 00:00:00",
  "value" : "106"
},{
  "dateTime" : "07/16/10 00:00:00",
  "value" : "105"
},{
  "dateTime" : "07/17/10 00:00:00",
  "value" : "97"
},{
  "dateTime" : "07/18/10 00:00:00",
  "value" : "108"
},{
  "dateTime" : "07/19/10 00:00:00",
  "value" : "83"
},{
  "dateTime" : "07/20/10 00:00:00",
  "value" : "103"
},{
  "dateTime" : "07/21/10 00:00:00",
  "value" : "95"
},{
  "dateTime" : "07/22/10 00:00:00",
  "value" : "75"
},{
  "dateTime" : "07/23/10 00:00:00",
  "value" : "92"
},{
  "dateTime" : "07/24/10 00:00:00",
  "value" : "26"
},{
  "dateTime" : "07/25/10 00:00:00",
  "value" : "72"
},{
  "dateTime" : "07/26/10 00:00:00",
  "value" : "0"
},{
  "dateTime" : "07/27/10 00:00:00",
  "value" : "107"
},{
  "dateTime" : "07/28/10 00:00:00",
  "value" : "69"
},{
  "dateTime" : "07/29/10 00:00:00",
  "value" : "109"
},{
  "dateTime" : "07/30/10 00:00:00",
  "value" : "90"
},{
  "dateTime" : "07/31/10 00:00:00",
  "value" : "105"
},{
  "dateTime" : "08/01/10 00:00:00",
  "value" : "18"
},{
  "dateTime" : "08/02/10 00:00:00",
  "value" : "75"
},{
  "dateTime" : "08/03/10 00:00:00",
  "value" : "78"
}]