[{
  "dateTime" : "05/31/11 00:00:00",
  "value" : "97"
},{
  "dateTime" : "06/01/11 00:00:00",
  "value" : "80"
},{
  "dateTime" : "06/02/11 00:00:00",
  "value" : "84"
},{
  "dateTime" : "06/03/11 00:00:00",
  "value" : "69"
},{
  "dateTime" : "06/04/11 00:00:00",
  "value" : "110"
},{
  "dateTime" : "06/05/11 00:00:00",
  "value" : "101"
},{
  "dateTime" : "06/06/11 00:00:00",
  "value" : "112"
},{
  "dateTime" : "06/07/11 00:00:00",
  "value" : "130"
},{
  "dateTime" : "06/08/11 00:00:00",
  "value" : "88"
},{
  "dateTime" : "06/09/11 00:00:00",
  "value" : "143"
},{
  "dateTime" : "06/10/11 00:00:00",
  "value" : "136"
},{
  "dateTime" : "06/11/11 00:00:00",
  "value" : "170"
},{
  "dateTime" : "06/12/11 00:00:00",
  "value" : "170"
},{
  "dateTime" : "06/13/11 00:00:00",
  "value" : "126"
},{
  "dateTime" : "06/14/11 00:00:00",
  "value" : "112"
},{
  "dateTime" : "06/15/11 00:00:00",
  "value" : "108"
},{
  "dateTime" : "06/16/11 00:00:00",
  "value" : "84"
},{
  "dateTime" : "06/17/11 00:00:00",
  "value" : "104"
},{
  "dateTime" : "06/18/11 00:00:00",
  "value" : "85"
},{
  "dateTime" : "06/19/11 00:00:00",
  "value" : "114"
},{
  "dateTime" : "06/20/11 00:00:00",
  "value" : "130"
},{
  "dateTime" : "06/21/11 00:00:00",
  "value" : "126"
},{
  "dateTime" : "06/22/11 00:00:00",
  "value" : "112"
},{
  "dateTime" : "06/23/11 00:00:00",
  "value" : "118"
},{
  "dateTime" : "06/24/11 00:00:00",
  "value" : "110"
},{
  "dateTime" : "06/25/11 00:00:00",
  "value" : "151"
},{
  "dateTime" : "06/26/11 00:00:00",
  "value" : "98"
},{
  "dateTime" : "06/27/11 00:00:00",
  "value" : "96"
},{
  "dateTime" : "06/28/11 00:00:00",
  "value" : "93"
},{
  "dateTime" : "06/29/11 00:00:00",
  "value" : "114"
}]