[{
  "dateTime" : "01/20/13 00:00:00",
  "value" : "47"
},{
  "dateTime" : "01/21/13 00:00:00",
  "value" : "70"
},{
  "dateTime" : "01/22/13 00:00:00",
  "value" : "47"
},{
  "dateTime" : "01/23/13 00:00:00",
  "value" : "36"
},{
  "dateTime" : "01/24/13 00:00:00",
  "value" : "59"
},{
  "dateTime" : "01/25/13 00:00:00",
  "value" : "56"
},{
  "dateTime" : "01/26/13 00:00:00",
  "value" : "54"
},{
  "dateTime" : "01/27/13 00:00:00",
  "value" : "75"
},{
  "dateTime" : "01/28/13 00:00:00",
  "value" : "33"
},{
  "dateTime" : "01/29/13 00:00:00",
  "value" : "39"
},{
  "dateTime" : "01/30/13 00:00:00",
  "value" : "46"
},{
  "dateTime" : "01/31/13 00:00:00",
  "value" : "95"
},{
  "dateTime" : "02/01/13 00:00:00",
  "value" : "56"
},{
  "dateTime" : "02/02/13 00:00:00",
  "value" : "54"
},{
  "dateTime" : "02/03/13 00:00:00",
  "value" : "52"
},{
  "dateTime" : "02/04/13 00:00:00",
  "value" : "78"
},{
  "dateTime" : "02/05/13 00:00:00",
  "value" : "55"
},{
  "dateTime" : "02/06/13 00:00:00",
  "value" : "80"
},{
  "dateTime" : "02/07/13 00:00:00",
  "value" : "51"
},{
  "dateTime" : "02/08/13 00:00:00",
  "value" : "28"
},{
  "dateTime" : "02/09/13 00:00:00",
  "value" : "18"
},{
  "dateTime" : "02/10/13 00:00:00",
  "value" : "30"
},{
  "dateTime" : "02/11/13 00:00:00",
  "value" : "58"
},{
  "dateTime" : "02/12/13 00:00:00",
  "value" : "68"
},{
  "dateTime" : "02/13/13 00:00:00",
  "value" : "62"
},{
  "dateTime" : "02/14/13 00:00:00",
  "value" : "67"
},{
  "dateTime" : "02/15/13 00:00:00",
  "value" : "60"
},{
  "dateTime" : "02/16/13 00:00:00",
  "value" : "38"
},{
  "dateTime" : "02/17/13 00:00:00",
  "value" : "51"
},{
  "dateTime" : "02/18/13 00:00:00",
  "value" : "68"
}]