[{
  "dateTime" : "11/30/16 00:00:00",
  "value" : "13"
},{
  "dateTime" : "12/01/16 00:00:00",
  "value" : "0"
},{
  "dateTime" : "12/02/16 00:00:00",
  "value" : "4"
},{
  "dateTime" : "12/03/16 00:00:00",
  "value" : "28"
},{
  "dateTime" : "12/04/16 00:00:00",
  "value" : "0"
},{
  "dateTime" : "12/05/16 00:00:00",
  "value" : "9"
},{
  "dateTime" : "12/06/16 00:00:00",
  "value" : "8"
},{
  "dateTime" : "12/07/16 00:00:00",
  "value" : "2"
},{
  "dateTime" : "12/08/16 00:00:00",
  "value" : "25"
},{
  "dateTime" : "12/09/16 00:00:00",
  "value" : "30"
},{
  "dateTime" : "12/10/16 00:00:00",
  "value" : "21"
},{
  "dateTime" : "12/11/16 00:00:00",
  "value" : "0"
},{
  "dateTime" : "12/12/16 00:00:00",
  "value" : "0"
},{
  "dateTime" : "12/13/16 00:00:00",
  "value" : "29"
},{
  "dateTime" : "12/14/16 00:00:00",
  "value" : "0"
},{
  "dateTime" : "12/15/16 00:00:00",
  "value" : "7"
},{
  "dateTime" : "12/16/16 00:00:00",
  "value" : "16"
},{
  "dateTime" : "12/17/16 00:00:00",
  "value" : "29"
},{
  "dateTime" : "12/18/16 00:00:00",
  "value" : "14"
},{
  "dateTime" : "12/19/16 00:00:00",
  "value" : "36"
},{
  "dateTime" : "12/20/16 00:00:00",
  "value" : "9"
},{
  "dateTime" : "12/21/16 00:00:00",
  "value" : "25"
},{
  "dateTime" : "12/22/16 00:00:00",
  "value" : "20"
},{
  "dateTime" : "12/23/16 00:00:00",
  "value" : "14"
},{
  "dateTime" : "12/24/16 00:00:00",
  "value" : "0"
},{
  "dateTime" : "12/25/16 00:00:00",
  "value" : "0"
},{
  "dateTime" : "12/26/16 00:00:00",
  "value" : "74"
},{
  "dateTime" : "12/27/16 00:00:00",
  "value" : "0"
},{
  "dateTime" : "12/28/16 00:00:00",
  "value" : "0"
},{
  "dateTime" : "12/29/16 00:00:00",
  "value" : "0"
}]