[{
  "dateTime" : "03/21/13 00:00:00",
  "value" : "64"
},{
  "dateTime" : "03/22/13 00:00:00",
  "value" : "71"
},{
  "dateTime" : "03/23/13 00:00:00",
  "value" : "53"
},{
  "dateTime" : "03/24/13 00:00:00",
  "value" : "73"
},{
  "dateTime" : "03/25/13 00:00:00",
  "value" : "85"
},{
  "dateTime" : "03/26/13 00:00:00",
  "value" : "49"
},{
  "dateTime" : "03/27/13 00:00:00",
  "value" : "55"
},{
  "dateTime" : "03/28/13 00:00:00",
  "value" : "49"
},{
  "dateTime" : "03/29/13 00:00:00",
  "value" : "32"
},{
  "dateTime" : "03/30/13 00:00:00",
  "value" : "66"
},{
  "dateTime" : "03/31/13 00:00:00",
  "value" : "77"
},{
  "dateTime" : "04/01/13 00:00:00",
  "value" : "62"
},{
  "dateTime" : "04/02/13 00:00:00",
  "value" : "113"
},{
  "dateTime" : "04/03/13 00:00:00",
  "value" : "43"
},{
  "dateTime" : "04/04/13 00:00:00",
  "value" : "65"
},{
  "dateTime" : "04/05/13 00:00:00",
  "value" : "63"
},{
  "dateTime" : "04/06/13 00:00:00",
  "value" : "30"
},{
  "dateTime" : "04/07/13 00:00:00",
  "value" : "132"
},{
  "dateTime" : "04/08/13 00:00:00",
  "value" : "51"
},{
  "dateTime" : "04/09/13 00:00:00",
  "value" : "65"
},{
  "dateTime" : "04/10/13 00:00:00",
  "value" : "56"
},{
  "dateTime" : "04/11/13 00:00:00",
  "value" : "40"
},{
  "dateTime" : "04/12/13 00:00:00",
  "value" : "103"
},{
  "dateTime" : "04/13/13 00:00:00",
  "value" : "73"
},{
  "dateTime" : "04/14/13 00:00:00",
  "value" : "63"
},{
  "dateTime" : "04/15/13 00:00:00",
  "value" : "66"
},{
  "dateTime" : "04/16/13 00:00:00",
  "value" : "73"
},{
  "dateTime" : "04/17/13 00:00:00",
  "value" : "53"
},{
  "dateTime" : "04/18/13 00:00:00",
  "value" : "74"
},{
  "dateTime" : "04/19/13 00:00:00",
  "value" : "40"
}]