[{
  "dateTime" : "09/26/17 00:00:00",
  "value" : "0"
},{
  "dateTime" : "09/27/17 00:00:00",
  "value" : "14"
},{
  "dateTime" : "09/28/17 00:00:00",
  "value" : "6"
},{
  "dateTime" : "09/29/17 00:00:00",
  "value" : "0"
},{
  "dateTime" : "09/30/17 00:00:00",
  "value" : "65"
},{
  "dateTime" : "10/01/17 00:00:00",
  "value" : "62"
},{
  "dateTime" : "10/02/17 00:00:00",
  "value" : "6"
},{
  "dateTime" : "10/03/17 00:00:00",
  "value" : "44"
},{
  "dateTime" : "10/04/17 00:00:00",
  "value" : "0"
},{
  "dateTime" : "10/05/17 00:00:00",
  "value" : "8"
},{
  "dateTime" : "10/06/17 00:00:00",
  "value" : "0"
},{
  "dateTime" : "10/07/17 00:00:00",
  "value" : "20"
},{
  "dateTime" : "10/08/17 00:00:00",
  "value" : "26"
},{
  "dateTime" : "10/09/17 00:00:00",
  "value" : "11"
},{
  "dateTime" : "10/10/17 00:00:00",
  "value" : "98"
},{
  "dateTime" : "10/11/17 00:00:00",
  "value" : "68"
},{
  "dateTime" : "10/12/17 00:00:00",
  "value" : "174"
},{
  "dateTime" : "10/13/17 00:00:00",
  "value" : "30"
},{
  "dateTime" : "10/14/17 00:00:00",
  "value" : "106"
},{
  "dateTime" : "10/15/17 00:00:00",
  "value" : "79"
},{
  "dateTime" : "10/16/17 00:00:00",
  "value" : "152"
},{
  "dateTime" : "10/17/17 00:00:00",
  "value" : "25"
},{
  "dateTime" : "10/18/17 00:00:00",
  "value" : "30"
},{
  "dateTime" : "10/19/17 00:00:00",
  "value" : "14"
},{
  "dateTime" : "10/20/17 00:00:00",
  "value" : "5"
},{
  "dateTime" : "10/21/17 00:00:00",
  "value" : "24"
},{
  "dateTime" : "10/22/17 00:00:00",
  "value" : "4"
},{
  "dateTime" : "10/23/17 00:00:00",
  "value" : "10"
},{
  "dateTime" : "10/24/17 00:00:00",
  "value" : "17"
},{
  "dateTime" : "10/25/17 00:00:00",
  "value" : "12"
}]