[{
  "dateTime" : "10/01/16 00:00:00",
  "value" : "13"
},{
  "dateTime" : "10/02/16 00:00:00",
  "value" : "21"
},{
  "dateTime" : "10/03/16 00:00:00",
  "value" : "0"
},{
  "dateTime" : "10/04/16 00:00:00",
  "value" : "49"
},{
  "dateTime" : "10/05/16 00:00:00",
  "value" : "16"
},{
  "dateTime" : "10/06/16 00:00:00",
  "value" : "34"
},{
  "dateTime" : "10/07/16 00:00:00",
  "value" : "0"
},{
  "dateTime" : "10/08/16 00:00:00",
  "value" : "3"
},{
  "dateTime" : "10/09/16 00:00:00",
  "value" : "3"
},{
  "dateTime" : "10/10/16 00:00:00",
  "value" : "0"
},{
  "dateTime" : "10/11/16 00:00:00",
  "value" : "0"
},{
  "dateTime" : "10/12/16 00:00:00",
  "value" : "16"
},{
  "dateTime" : "10/13/16 00:00:00",
  "value" : "16"
},{
  "dateTime" : "10/14/16 00:00:00",
  "value" : "75"
},{
  "dateTime" : "10/15/16 00:00:00",
  "value" : "40"
},{
  "dateTime" : "10/16/16 00:00:00",
  "value" : "0"
},{
  "dateTime" : "10/17/16 00:00:00",
  "value" : "19"
},{
  "dateTime" : "10/18/16 00:00:00",
  "value" : "0"
},{
  "dateTime" : "10/19/16 00:00:00",
  "value" : "65"
},{
  "dateTime" : "10/20/16 00:00:00",
  "value" : "0"
},{
  "dateTime" : "10/21/16 00:00:00",
  "value" : "0"
},{
  "dateTime" : "10/22/16 00:00:00",
  "value" : "74"
},{
  "dateTime" : "10/23/16 00:00:00",
  "value" : "10"
},{
  "dateTime" : "10/24/16 00:00:00",
  "value" : "0"
},{
  "dateTime" : "10/25/16 00:00:00",
  "value" : "0"
},{
  "dateTime" : "10/26/16 00:00:00",
  "value" : "21"
},{
  "dateTime" : "10/27/16 00:00:00",
  "value" : "14"
},{
  "dateTime" : "10/28/16 00:00:00",
  "value" : "2"
},{
  "dateTime" : "10/29/16 00:00:00",
  "value" : "7"
},{
  "dateTime" : "10/30/16 00:00:00",
  "value" : "15"
}]