[{
  "dateTime" : "02/25/12 00:00:00",
  "value" : "74"
},{
  "dateTime" : "02/26/12 00:00:00",
  "value" : "91"
},{
  "dateTime" : "02/27/12 00:00:00",
  "value" : "150"
},{
  "dateTime" : "02/28/12 00:00:00",
  "value" : "131"
},{
  "dateTime" : "02/29/12 00:00:00",
  "value" : "97"
},{
  "dateTime" : "03/01/12 00:00:00",
  "value" : "65"
},{
  "dateTime" : "03/02/12 00:00:00",
  "value" : "128"
},{
  "dateTime" : "03/03/12 00:00:00",
  "value" : "92"
},{
  "dateTime" : "03/04/12 00:00:00",
  "value" : "99"
},{
  "dateTime" : "03/05/12 00:00:00",
  "value" : "92"
},{
  "dateTime" : "03/06/12 00:00:00",
  "value" : "105"
},{
  "dateTime" : "03/07/12 00:00:00",
  "value" : "112"
},{
  "dateTime" : "03/08/12 00:00:00",
  "value" : "111"
},{
  "dateTime" : "03/09/12 00:00:00",
  "value" : "108"
},{
  "dateTime" : "03/10/12 00:00:00",
  "value" : "81"
},{
  "dateTime" : "03/11/12 00:00:00",
  "value" : "127"
},{
  "dateTime" : "03/12/12 00:00:00",
  "value" : "141"
},{
  "dateTime" : "03/13/12 00:00:00",
  "value" : "117"
},{
  "dateTime" : "03/14/12 00:00:00",
  "value" : "142"
},{
  "dateTime" : "03/15/12 00:00:00",
  "value" : "106"
},{
  "dateTime" : "03/16/12 00:00:00",
  "value" : "99"
},{
  "dateTime" : "03/17/12 00:00:00",
  "value" : "78"
},{
  "dateTime" : "03/18/12 00:00:00",
  "value" : "53"
},{
  "dateTime" : "03/19/12 00:00:00",
  "value" : "98"
},{
  "dateTime" : "03/20/12 00:00:00",
  "value" : "160"
},{
  "dateTime" : "03/21/12 00:00:00",
  "value" : "93"
},{
  "dateTime" : "03/22/12 00:00:00",
  "value" : "101"
},{
  "dateTime" : "03/23/12 00:00:00",
  "value" : "84"
},{
  "dateTime" : "03/24/12 00:00:00",
  "value" : "74"
},{
  "dateTime" : "03/25/12 00:00:00",
  "value" : "99"
}]