[{
  "dateTime" : "01/31/11 00:00:00",
  "value" : "119"
},{
  "dateTime" : "02/01/11 00:00:00",
  "value" : "69"
},{
  "dateTime" : "02/02/11 00:00:00",
  "value" : "82"
},{
  "dateTime" : "02/03/11 00:00:00",
  "value" : "99"
},{
  "dateTime" : "02/04/11 00:00:00",
  "value" : "99"
},{
  "dateTime" : "02/05/11 00:00:00",
  "value" : "93"
},{
  "dateTime" : "02/06/11 00:00:00",
  "value" : "104"
},{
  "dateTime" : "02/07/11 00:00:00",
  "value" : "97"
},{
  "dateTime" : "02/08/11 00:00:00",
  "value" : "101"
},{
  "dateTime" : "02/09/11 00:00:00",
  "value" : "95"
},{
  "dateTime" : "02/10/11 00:00:00",
  "value" : "63"
},{
  "dateTime" : "02/11/11 00:00:00",
  "value" : "115"
},{
  "dateTime" : "02/12/11 00:00:00",
  "value" : "89"
},{
  "dateTime" : "02/13/11 00:00:00",
  "value" : "174"
},{
  "dateTime" : "02/14/11 00:00:00",
  "value" : "92"
},{
  "dateTime" : "02/15/11 00:00:00",
  "value" : "95"
},{
  "dateTime" : "02/16/11 00:00:00",
  "value" : "71"
},{
  "dateTime" : "02/17/11 00:00:00",
  "value" : "82"
},{
  "dateTime" : "02/18/11 00:00:00",
  "value" : "73"
},{
  "dateTime" : "02/19/11 00:00:00",
  "value" : "98"
},{
  "dateTime" : "02/20/11 00:00:00",
  "value" : "83"
},{
  "dateTime" : "02/21/11 00:00:00",
  "value" : "125"
},{
  "dateTime" : "02/22/11 00:00:00",
  "value" : "107"
},{
  "dateTime" : "02/23/11 00:00:00",
  "value" : "93"
},{
  "dateTime" : "02/24/11 00:00:00",
  "value" : "89"
},{
  "dateTime" : "02/25/11 00:00:00",
  "value" : "76"
},{
  "dateTime" : "02/26/11 00:00:00",
  "value" : "132"
},{
  "dateTime" : "02/27/11 00:00:00",
  "value" : "159"
},{
  "dateTime" : "02/28/11 00:00:00",
  "value" : "115"
},{
  "dateTime" : "03/01/11 00:00:00",
  "value" : "95"
}]