[{
  "dateTime" : "12/20/18 00:00:00",
  "value" : "47"
},{
  "dateTime" : "12/21/18 00:00:00",
  "value" : "14"
},{
  "dateTime" : "12/22/18 00:00:00",
  "value" : "18"
},{
  "dateTime" : "12/23/18 00:00:00",
  "value" : "8"
},{
  "dateTime" : "12/24/18 00:00:00",
  "value" : "0"
},{
  "dateTime" : "12/25/18 00:00:00",
  "value" : "50"
},{
  "dateTime" : "12/26/18 00:00:00",
  "value" : "21"
},{
  "dateTime" : "12/27/18 00:00:00",
  "value" : "0"
},{
  "dateTime" : "12/28/18 00:00:00",
  "value" : "14"
},{
  "dateTime" : "12/29/18 00:00:00",
  "value" : "15"
},{
  "dateTime" : "12/30/18 00:00:00",
  "value" : "0"
},{
  "dateTime" : "12/31/18 00:00:00",
  "value" : "20"
},{
  "dateTime" : "01/01/19 00:00:00",
  "value" : "5"
},{
  "dateTime" : "01/02/19 00:00:00",
  "value" : "8"
},{
  "dateTime" : "01/03/19 00:00:00",
  "value" : "18"
},{
  "dateTime" : "01/04/19 00:00:00",
  "value" : "8"
},{
  "dateTime" : "01/05/19 00:00:00",
  "value" : "44"
},{
  "dateTime" : "01/06/19 00:00:00",
  "value" : "0"
},{
  "dateTime" : "01/07/19 00:00:00",
  "value" : "17"
},{
  "dateTime" : "01/08/19 00:00:00",
  "value" : "27"
},{
  "dateTime" : "01/09/19 00:00:00",
  "value" : "65"
},{
  "dateTime" : "01/10/19 00:00:00",
  "value" : "26"
},{
  "dateTime" : "01/11/19 00:00:00",
  "value" : "13"
},{
  "dateTime" : "01/12/19 00:00:00",
  "value" : "9"
},{
  "dateTime" : "01/13/19 00:00:00",
  "value" : "45"
},{
  "dateTime" : "01/14/19 00:00:00",
  "value" : "29"
},{
  "dateTime" : "01/15/19 00:00:00",
  "value" : "10"
},{
  "dateTime" : "01/16/19 00:00:00",
  "value" : "0"
},{
  "dateTime" : "01/17/19 00:00:00",
  "value" : "10"
},{
  "dateTime" : "01/18/19 00:00:00",
  "value" : "6"
}]