[{
  "dateTime" : "10/12/14 00:00:00",
  "value" : "95"
},{
  "dateTime" : "10/13/14 00:00:00",
  "value" : "76"
},{
  "dateTime" : "10/14/14 00:00:00",
  "value" : "124"
},{
  "dateTime" : "10/15/14 00:00:00",
  "value" : "95"
},{
  "dateTime" : "10/16/14 00:00:00",
  "value" : "97"
},{
  "dateTime" : "10/17/14 00:00:00",
  "value" : "99"
},{
  "dateTime" : "10/18/14 00:00:00",
  "value" : "101"
},{
  "dateTime" : "10/19/14 00:00:00",
  "value" : "95"
},{
  "dateTime" : "10/20/14 00:00:00",
  "value" : "134"
},{
  "dateTime" : "10/21/14 00:00:00",
  "value" : "98"
},{
  "dateTime" : "10/22/14 00:00:00",
  "value" : "113"
},{
  "dateTime" : "10/23/14 00:00:00",
  "value" : "8"
},{
  "dateTime" : "10/24/14 00:00:00",
  "value" : "39"
},{
  "dateTime" : "10/25/14 00:00:00",
  "value" : "126"
},{
  "dateTime" : "10/26/14 00:00:00",
  "value" : "31"
},{
  "dateTime" : "10/27/14 00:00:00",
  "value" : "104"
},{
  "dateTime" : "10/28/14 00:00:00",
  "value" : "66"
},{
  "dateTime" : "10/29/14 00:00:00",
  "value" : "87"
},{
  "dateTime" : "10/30/14 00:00:00",
  "value" : "54"
},{
  "dateTime" : "10/31/14 00:00:00",
  "value" : "17"
},{
  "dateTime" : "11/01/14 00:00:00",
  "value" : "0"
},{
  "dateTime" : "11/02/14 00:00:00",
  "value" : "0"
},{
  "dateTime" : "11/03/14 00:00:00",
  "value" : "31"
},{
  "dateTime" : "11/04/14 00:00:00",
  "value" : "9"
},{
  "dateTime" : "11/05/14 00:00:00",
  "value" : "8"
},{
  "dateTime" : "11/06/14 00:00:00",
  "value" : "0"
},{
  "dateTime" : "11/07/14 00:00:00",
  "value" : "0"
},{
  "dateTime" : "11/08/14 00:00:00",
  "value" : "0"
},{
  "dateTime" : "11/09/14 00:00:00",
  "value" : "0"
},{
  "dateTime" : "11/10/14 00:00:00",
  "value" : "0"
}]