[{
  "dateTime" : "06/30/11 00:00:00",
  "value" : "100"
},{
  "dateTime" : "07/01/11 00:00:00",
  "value" : "92"
},{
  "dateTime" : "07/02/11 00:00:00",
  "value" : "91"
},{
  "dateTime" : "07/03/11 00:00:00",
  "value" : "104"
},{
  "dateTime" : "07/04/11 00:00:00",
  "value" : "100"
},{
  "dateTime" : "07/05/11 00:00:00",
  "value" : "111"
},{
  "dateTime" : "07/06/11 00:00:00",
  "value" : "100"
},{
  "dateTime" : "07/07/11 00:00:00",
  "value" : "81"
},{
  "dateTime" : "07/08/11 00:00:00",
  "value" : "210"
},{
  "dateTime" : "07/09/11 00:00:00",
  "value" : "104"
},{
  "dateTime" : "07/10/11 00:00:00",
  "value" : "85"
},{
  "dateTime" : "07/11/11 00:00:00",
  "value" : "111"
},{
  "dateTime" : "07/12/11 00:00:00",
  "value" : "85"
},{
  "dateTime" : "07/13/11 00:00:00",
  "value" : "77"
},{
  "dateTime" : "07/14/11 00:00:00",
  "value" : "96"
},{
  "dateTime" : "07/15/11 00:00:00",
  "value" : "102"
},{
  "dateTime" : "07/16/11 00:00:00",
  "value" : "181"
},{
  "dateTime" : "07/17/11 00:00:00",
  "value" : "115"
},{
  "dateTime" : "07/18/11 00:00:00",
  "value" : "98"
},{
  "dateTime" : "07/19/11 00:00:00",
  "value" : "105"
},{
  "dateTime" : "07/20/11 00:00:00",
  "value" : "145"
},{
  "dateTime" : "07/21/11 00:00:00",
  "value" : "85"
},{
  "dateTime" : "07/22/11 00:00:00",
  "value" : "107"
},{
  "dateTime" : "07/23/11 00:00:00",
  "value" : "32"
},{
  "dateTime" : "07/24/11 00:00:00",
  "value" : "129"
},{
  "dateTime" : "07/25/11 00:00:00",
  "value" : "80"
},{
  "dateTime" : "07/26/11 00:00:00",
  "value" : "85"
},{
  "dateTime" : "07/27/11 00:00:00",
  "value" : "108"
},{
  "dateTime" : "07/28/11 00:00:00",
  "value" : "144"
},{
  "dateTime" : "07/29/11 00:00:00",
  "value" : "129"
}]