[{
  "dateTime" : "06/24/12 00:00:00",
  "value" : "70"
},{
  "dateTime" : "06/25/12 00:00:00",
  "value" : "77"
},{
  "dateTime" : "06/26/12 00:00:00",
  "value" : "70"
},{
  "dateTime" : "06/27/12 00:00:00",
  "value" : "87"
},{
  "dateTime" : "06/28/12 00:00:00",
  "value" : "52"
},{
  "dateTime" : "06/29/12 00:00:00",
  "value" : "71"
},{
  "dateTime" : "06/30/12 00:00:00",
  "value" : "86"
},{
  "dateTime" : "07/01/12 00:00:00",
  "value" : "66"
},{
  "dateTime" : "07/02/12 00:00:00",
  "value" : "74"
},{
  "dateTime" : "07/03/12 00:00:00",
  "value" : "87"
},{
  "dateTime" : "07/04/12 00:00:00",
  "value" : "208"
},{
  "dateTime" : "07/05/12 00:00:00",
  "value" : "75"
},{
  "dateTime" : "07/06/12 00:00:00",
  "value" : "77"
},{
  "dateTime" : "07/07/12 00:00:00",
  "value" : "91"
},{
  "dateTime" : "07/08/12 00:00:00",
  "value" : "83"
},{
  "dateTime" : "07/09/12 00:00:00",
  "value" : "68"
},{
  "dateTime" : "07/10/12 00:00:00",
  "value" : "87"
},{
  "dateTime" : "07/11/12 00:00:00",
  "value" : "65"
},{
  "dateTime" : "07/12/12 00:00:00",
  "value" : "72"
},{
  "dateTime" : "07/13/12 00:00:00",
  "value" : "122"
},{
  "dateTime" : "07/14/12 00:00:00",
  "value" : "122"
},{
  "dateTime" : "07/15/12 00:00:00",
  "value" : "74"
},{
  "dateTime" : "07/16/12 00:00:00",
  "value" : "93"
},{
  "dateTime" : "07/17/12 00:00:00",
  "value" : "76"
},{
  "dateTime" : "07/18/12 00:00:00",
  "value" : "104"
},{
  "dateTime" : "07/19/12 00:00:00",
  "value" : "62"
},{
  "dateTime" : "07/20/12 00:00:00",
  "value" : "83"
},{
  "dateTime" : "07/21/12 00:00:00",
  "value" : "32"
},{
  "dateTime" : "07/22/12 00:00:00",
  "value" : "75"
},{
  "dateTime" : "07/23/12 00:00:00",
  "value" : "97"
}]