[{
  "dateTime" : "12/11/14 00:00:00",
  "value" : "8"
},{
  "dateTime" : "12/12/14 00:00:00",
  "value" : "8"
},{
  "dateTime" : "12/13/14 00:00:00",
  "value" : "0"
},{
  "dateTime" : "12/14/14 00:00:00",
  "value" : "0"
},{
  "dateTime" : "12/15/14 00:00:00",
  "value" : "80"
},{
  "dateTime" : "12/16/14 00:00:00",
  "value" : "61"
},{
  "dateTime" : "12/17/14 00:00:00",
  "value" : "64"
},{
  "dateTime" : "12/18/14 00:00:00",
  "value" : "65"
},{
  "dateTime" : "12/19/14 00:00:00",
  "value" : "40"
},{
  "dateTime" : "12/20/14 00:00:00",
  "value" : "39"
},{
  "dateTime" : "12/21/14 00:00:00",
  "value" : "40"
},{
  "dateTime" : "12/22/14 00:00:00",
  "value" : "53"
},{
  "dateTime" : "12/23/14 00:00:00",
  "value" : "86"
},{
  "dateTime" : "12/24/14 00:00:00",
  "value" : "44"
},{
  "dateTime" : "12/25/14 00:00:00",
  "value" : "32"
},{
  "dateTime" : "12/26/14 00:00:00",
  "value" : "30"
},{
  "dateTime" : "12/27/14 00:00:00",
  "value" : "65"
},{
  "dateTime" : "12/28/14 00:00:00",
  "value" : "27"
},{
  "dateTime" : "12/29/14 00:00:00",
  "value" : "68"
},{
  "dateTime" : "12/30/14 00:00:00",
  "value" : "32"
},{
  "dateTime" : "12/31/14 00:00:00",
  "value" : "76"
},{
  "dateTime" : "01/01/15 00:00:00",
  "value" : "56"
},{
  "dateTime" : "01/02/15 00:00:00",
  "value" : "59"
},{
  "dateTime" : "01/03/15 00:00:00",
  "value" : "33"
},{
  "dateTime" : "01/04/15 00:00:00",
  "value" : "63"
},{
  "dateTime" : "01/05/15 00:00:00",
  "value" : "47"
},{
  "dateTime" : "01/06/15 00:00:00",
  "value" : "107"
},{
  "dateTime" : "01/07/15 00:00:00",
  "value" : "22"
},{
  "dateTime" : "01/08/15 00:00:00",
  "value" : "68"
},{
  "dateTime" : "01/09/15 00:00:00",
  "value" : "17"
}]