[{
  "dateTime" : "07/28/17 00:00:00",
  "value" : "17"
},{
  "dateTime" : "07/29/17 00:00:00",
  "value" : "12"
},{
  "dateTime" : "07/30/17 00:00:00",
  "value" : "6"
},{
  "dateTime" : "07/31/17 00:00:00",
  "value" : "32"
},{
  "dateTime" : "08/01/17 00:00:00",
  "value" : "6"
},{
  "dateTime" : "08/02/17 00:00:00",
  "value" : "21"
},{
  "dateTime" : "08/03/17 00:00:00",
  "value" : "49"
},{
  "dateTime" : "08/04/17 00:00:00",
  "value" : "0"
},{
  "dateTime" : "08/05/17 00:00:00",
  "value" : "13"
},{
  "dateTime" : "08/06/17 00:00:00",
  "value" : "10"
},{
  "dateTime" : "08/07/17 00:00:00",
  "value" : "5"
},{
  "dateTime" : "08/08/17 00:00:00",
  "value" : "22"
},{
  "dateTime" : "08/09/17 00:00:00",
  "value" : "0"
},{
  "dateTime" : "08/10/17 00:00:00",
  "value" : "15"
},{
  "dateTime" : "08/11/17 00:00:00",
  "value" : "16"
},{
  "dateTime" : "08/12/17 00:00:00",
  "value" : "36"
},{
  "dateTime" : "08/13/17 00:00:00",
  "value" : "34"
},{
  "dateTime" : "08/14/17 00:00:00",
  "value" : "12"
},{
  "dateTime" : "08/15/17 00:00:00",
  "value" : "16"
},{
  "dateTime" : "08/16/17 00:00:00",
  "value" : "19"
},{
  "dateTime" : "08/17/17 00:00:00",
  "value" : "0"
},{
  "dateTime" : "08/18/17 00:00:00",
  "value" : "38"
},{
  "dateTime" : "08/19/17 00:00:00",
  "value" : "1"
},{
  "dateTime" : "08/20/17 00:00:00",
  "value" : "21"
},{
  "dateTime" : "08/21/17 00:00:00",
  "value" : "40"
},{
  "dateTime" : "08/22/17 00:00:00",
  "value" : "28"
},{
  "dateTime" : "08/23/17 00:00:00",
  "value" : "17"
},{
  "dateTime" : "08/24/17 00:00:00",
  "value" : "23"
},{
  "dateTime" : "08/25/17 00:00:00",
  "value" : "0"
},{
  "dateTime" : "08/26/17 00:00:00",
  "value" : "23"
}]