[{
  "dateTime" : "02/14/14 00:00:00",
  "value" : "91"
},{
  "dateTime" : "02/15/14 00:00:00",
  "value" : "111"
},{
  "dateTime" : "02/16/14 00:00:00",
  "value" : "125"
},{
  "dateTime" : "02/17/14 00:00:00",
  "value" : "210"
},{
  "dateTime" : "02/18/14 00:00:00",
  "value" : "179"
},{
  "dateTime" : "02/19/14 00:00:00",
  "value" : "101"
},{
  "dateTime" : "02/20/14 00:00:00",
  "value" : "44"
},{
  "dateTime" : "02/21/14 00:00:00",
  "value" : "96"
},{
  "dateTime" : "02/22/14 00:00:00",
  "value" : "80"
},{
  "dateTime" : "02/23/14 00:00:00",
  "value" : "151"
},{
  "dateTime" : "02/24/14 00:00:00",
  "value" : "0"
},{
  "dateTime" : "02/25/14 00:00:00",
  "value" : "0"
},{
  "dateTime" : "02/26/14 00:00:00",
  "value" : "0"
},{
  "dateTime" : "02/27/14 00:00:00",
  "value" : "7"
},{
  "dateTime" : "02/28/14 00:00:00",
  "value" : "103"
},{
  "dateTime" : "03/01/14 00:00:00",
  "value" : "89"
},{
  "dateTime" : "03/02/14 00:00:00",
  "value" : "118"
},{
  "dateTime" : "03/03/14 00:00:00",
  "value" : "63"
},{
  "dateTime" : "03/04/14 00:00:00",
  "value" : "168"
},{
  "dateTime" : "03/05/14 00:00:00",
  "value" : "97"
},{
  "dateTime" : "03/06/14 00:00:00",
  "value" : "104"
},{
  "dateTime" : "03/07/14 00:00:00",
  "value" : "85"
},{
  "dateTime" : "03/08/14 00:00:00",
  "value" : "34"
},{
  "dateTime" : "03/09/14 00:00:00",
  "value" : "135"
},{
  "dateTime" : "03/10/14 00:00:00",
  "value" : "107"
},{
  "dateTime" : "03/11/14 00:00:00",
  "value" : "109"
},{
  "dateTime" : "03/12/14 00:00:00",
  "value" : "73"
},{
  "dateTime" : "03/13/14 00:00:00",
  "value" : "115"
},{
  "dateTime" : "03/14/14 00:00:00",
  "value" : "75"
},{
  "dateTime" : "03/15/14 00:00:00",
  "value" : "130"
}]