[{
  "dateTime" : "04/01/11 00:00:00",
  "value" : "78"
},{
  "dateTime" : "04/02/11 00:00:00",
  "value" : "54"
},{
  "dateTime" : "04/03/11 00:00:00",
  "value" : "79"
},{
  "dateTime" : "04/04/11 00:00:00",
  "value" : "94"
},{
  "dateTime" : "04/05/11 00:00:00",
  "value" : "83"
},{
  "dateTime" : "04/06/11 00:00:00",
  "value" : "115"
},{
  "dateTime" : "04/07/11 00:00:00",
  "value" : "56"
},{
  "dateTime" : "04/08/11 00:00:00",
  "value" : "124"
},{
  "dateTime" : "04/09/11 00:00:00",
  "value" : "70"
},{
  "dateTime" : "04/10/11 00:00:00",
  "value" : "87"
},{
  "dateTime" : "04/11/11 00:00:00",
  "value" : "95"
},{
  "dateTime" : "04/12/11 00:00:00",
  "value" : "124"
},{
  "dateTime" : "04/13/11 00:00:00",
  "value" : "97"
},{
  "dateTime" : "04/14/11 00:00:00",
  "value" : "92"
},{
  "dateTime" : "04/15/11 00:00:00",
  "value" : "101"
},{
  "dateTime" : "04/16/11 00:00:00",
  "value" : "84"
},{
  "dateTime" : "04/17/11 00:00:00",
  "value" : "50"
},{
  "dateTime" : "04/18/11 00:00:00",
  "value" : "90"
},{
  "dateTime" : "04/19/11 00:00:00",
  "value" : "99"
},{
  "dateTime" : "04/20/11 00:00:00",
  "value" : "80"
},{
  "dateTime" : "04/21/11 00:00:00",
  "value" : "77"
},{
  "dateTime" : "04/22/11 00:00:00",
  "value" : "84"
},{
  "dateTime" : "04/23/11 00:00:00",
  "value" : "145"
},{
  "dateTime" : "04/24/11 00:00:00",
  "value" : "77"
},{
  "dateTime" : "04/25/11 00:00:00",
  "value" : "70"
},{
  "dateTime" : "04/26/11 00:00:00",
  "value" : "97"
},{
  "dateTime" : "04/27/11 00:00:00",
  "value" : "125"
},{
  "dateTime" : "04/28/11 00:00:00",
  "value" : "91"
},{
  "dateTime" : "04/29/11 00:00:00",
  "value" : "99"
},{
  "dateTime" : "04/30/11 00:00:00",
  "value" : "129"
}]