[{
  "dateTime" : "11/02/10 00:00:00",
  "value" : "0"
},{
  "dateTime" : "11/03/10 00:00:00",
  "value" : "0"
},{
  "dateTime" : "11/04/10 00:00:00",
  "value" : "0"
},{
  "dateTime" : "11/05/10 00:00:00",
  "value" : "0"
},{
  "dateTime" : "11/06/10 00:00:00",
  "value" : "0"
},{
  "dateTime" : "11/07/10 00:00:00",
  "value" : "0"
},{
  "dateTime" : "11/08/10 00:00:00",
  "value" : "0"
},{
  "dateTime" : "11/09/10 00:00:00",
  "value" : "0"
},{
  "dateTime" : "11/10/10 00:00:00",
  "value" : "0"
},{
  "dateTime" : "11/11/10 00:00:00",
  "value" : "0"
},{
  "dateTime" : "11/12/10 00:00:00",
  "value" : "0"
},{
  "dateTime" : "11/13/10 00:00:00",
  "value" : "0"
},{
  "dateTime" : "11/14/10 00:00:00",
  "value" : "0"
},{
  "dateTime" : "11/15/10 00:00:00",
  "value" : "0"
},{
  "dateTime" : "11/16/10 00:00:00",
  "value" : "0"
},{
  "dateTime" : "11/17/10 00:00:00",
  "value" : "0"
},{
  "dateTime" : "11/18/10 00:00:00",
  "value" : "0"
},{
  "dateTime" : "11/19/10 00:00:00",
  "value" : "0"
},{
  "dateTime" : "11/20/10 00:00:00",
  "value" : "0"
},{
  "dateTime" : "11/21/10 00:00:00",
  "value" : "0"
},{
  "dateTime" : "11/22/10 00:00:00",
  "value" : "0"
},{
  "dateTime" : "11/23/10 00:00:00",
  "value" : "0"
},{
  "dateTime" : "11/24/10 00:00:00",
  "value" : "0"
},{
  "dateTime" : "11/25/10 00:00:00",
  "value" : "0"
},{
  "dateTime" : "11/26/10 00:00:00",
  "value" : "0"
},{
  "dateTime" : "11/27/10 00:00:00",
  "value" : "0"
},{
  "dateTime" : "11/28/10 00:00:00",
  "value" : "0"
},{
  "dateTime" : "11/29/10 00:00:00",
  "value" : "0"
},{
  "dateTime" : "11/30/10 00:00:00",
  "value" : "26"
},{
  "dateTime" : "12/01/10 00:00:00",
  "value" : "66"
}]