[{
  "dateTime" : "09/12/14 00:00:00",
  "value" : "71"
},{
  "dateTime" : "09/13/14 00:00:00",
  "value" : "94"
},{
  "dateTime" : "09/14/14 00:00:00",
  "value" : "86"
},{
  "dateTime" : "09/15/14 00:00:00",
  "value" : "77"
},{
  "dateTime" : "09/16/14 00:00:00",
  "value" : "79"
},{
  "dateTime" : "09/17/14 00:00:00",
  "value" : "73"
},{
  "dateTime" : "09/18/14 00:00:00",
  "value" : "98"
},{
  "dateTime" : "09/19/14 00:00:00",
  "value" : "93"
},{
  "dateTime" : "09/20/14 00:00:00",
  "value" : "73"
},{
  "dateTime" : "09/21/14 00:00:00",
  "value" : "108"
},{
  "dateTime" : "09/22/14 00:00:00",
  "value" : "84"
},{
  "dateTime" : "09/23/14 00:00:00",
  "value" : "116"
},{
  "dateTime" : "09/24/14 00:00:00",
  "value" : "82"
},{
  "dateTime" : "09/25/14 00:00:00",
  "value" : "181"
},{
  "dateTime" : "09/26/14 00:00:00",
  "value" : "103"
},{
  "dateTime" : "09/27/14 00:00:00",
  "value" : "55"
},{
  "dateTime" : "09/28/14 00:00:00",
  "value" : "113"
},{
  "dateTime" : "09/29/14 00:00:00",
  "value" : "171"
},{
  "dateTime" : "09/30/14 00:00:00",
  "value" : "144"
},{
  "dateTime" : "10/01/14 00:00:00",
  "value" : "146"
},{
  "dateTime" : "10/02/14 00:00:00",
  "value" : "74"
},{
  "dateTime" : "10/03/14 00:00:00",
  "value" : "65"
},{
  "dateTime" : "10/04/14 00:00:00",
  "value" : "86"
},{
  "dateTime" : "10/05/14 00:00:00",
  "value" : "53"
},{
  "dateTime" : "10/06/14 00:00:00",
  "value" : "135"
},{
  "dateTime" : "10/07/14 00:00:00",
  "value" : "96"
},{
  "dateTime" : "10/08/14 00:00:00",
  "value" : "163"
},{
  "dateTime" : "10/09/14 00:00:00",
  "value" : "54"
},{
  "dateTime" : "10/10/14 00:00:00",
  "value" : "56"
},{
  "dateTime" : "10/11/14 00:00:00",
  "value" : "109"
}]