[{
  "dateTime" : "05/19/19 00:00:00",
  "value" : "16"
},{
  "dateTime" : "05/20/19 00:00:00",
  "value" : "34"
},{
  "dateTime" : "05/21/19 00:00:00",
  "value" : "17"
},{
  "dateTime" : "05/22/19 00:00:00",
  "value" : "41"
},{
  "dateTime" : "05/23/19 00:00:00",
  "value" : "0"
},{
  "dateTime" : "05/24/19 00:00:00",
  "value" : "0"
},{
  "dateTime" : "05/25/19 00:00:00",
  "value" : "0"
},{
  "dateTime" : "05/26/19 00:00:00",
  "value" : "0"
},{
  "dateTime" : "05/27/19 00:00:00",
  "value" : "0"
},{
  "dateTime" : "05/28/19 00:00:00",
  "value" : "0"
},{
  "dateTime" : "05/29/19 00:00:00",
  "value" : "0"
},{
  "dateTime" : "05/30/19 00:00:00",
  "value" : "0"
},{
  "dateTime" : "05/31/19 00:00:00",
  "value" : "0"
},{
  "dateTime" : "06/01/19 00:00:00",
  "value" : "0"
},{
  "dateTime" : "06/02/19 00:00:00",
  "value" : "0"
},{
  "dateTime" : "06/03/19 00:00:00",
  "value" : "0"
},{
  "dateTime" : "06/04/19 00:00:00",
  "value" : "0"
},{
  "dateTime" : "06/05/19 00:00:00",
  "value" : "0"
},{
  "dateTime" : "06/06/19 00:00:00",
  "value" : "0"
},{
  "dateTime" : "06/07/19 00:00:00",
  "value" : "0"
},{
  "dateTime" : "06/08/19 00:00:00",
  "value" : "0"
},{
  "dateTime" : "06/09/19 00:00:00",
  "value" : "0"
},{
  "dateTime" : "06/10/19 00:00:00",
  "value" : "0"
},{
  "dateTime" : "06/11/19 00:00:00",
  "value" : "0"
},{
  "dateTime" : "06/12/19 00:00:00",
  "value" : "0"
},{
  "dateTime" : "06/13/19 00:00:00",
  "value" : "0"
},{
  "dateTime" : "06/14/19 00:00:00",
  "value" : "0"
},{
  "dateTime" : "06/15/19 00:00:00",
  "value" : "0"
},{
  "dateTime" : "06/16/19 00:00:00",
  "value" : "0"
},{
  "dateTime" : "06/17/19 00:00:00",
  "value" : "0"
}]