[{
  "dateTime" : "07/14/14 00:00:00",
  "value" : "34"
},{
  "dateTime" : "07/15/14 00:00:00",
  "value" : "169"
},{
  "dateTime" : "07/16/14 00:00:00",
  "value" : "111"
},{
  "dateTime" : "07/17/14 00:00:00",
  "value" : "77"
},{
  "dateTime" : "07/18/14 00:00:00",
  "value" : "107"
},{
  "dateTime" : "07/19/14 00:00:00",
  "value" : "48"
},{
  "dateTime" : "07/20/14 00:00:00",
  "value" : "184"
},{
  "dateTime" : "07/21/14 00:00:00",
  "value" : "56"
},{
  "dateTime" : "07/22/14 00:00:00",
  "value" : "72"
},{
  "dateTime" : "07/23/14 00:00:00",
  "value" : "123"
},{
  "dateTime" : "07/24/14 00:00:00",
  "value" : "50"
},{
  "dateTime" : "07/25/14 00:00:00",
  "value" : "116"
},{
  "dateTime" : "07/26/14 00:00:00",
  "value" : "74"
},{
  "dateTime" : "07/27/14 00:00:00",
  "value" : "112"
},{
  "dateTime" : "07/28/14 00:00:00",
  "value" : "81"
},{
  "dateTime" : "07/29/14 00:00:00",
  "value" : "159"
},{
  "dateTime" : "07/30/14 00:00:00",
  "value" : "91"
},{
  "dateTime" : "07/31/14 00:00:00",
  "value" : "106"
},{
  "dateTime" : "08/01/14 00:00:00",
  "value" : "22"
},{
  "dateTime" : "08/02/14 00:00:00",
  "value" : "107"
},{
  "dateTime" : "08/03/14 00:00:00",
  "value" : "67"
},{
  "dateTime" : "08/04/14 00:00:00",
  "value" : "160"
},{
  "dateTime" : "08/05/14 00:00:00",
  "value" : "78"
},{
  "dateTime" : "08/06/14 00:00:00",
  "value" : "172"
},{
  "dateTime" : "08/07/14 00:00:00",
  "value" : "75"
},{
  "dateTime" : "08/08/14 00:00:00",
  "value" : "53"
},{
  "dateTime" : "08/09/14 00:00:00",
  "value" : "110"
},{
  "dateTime" : "08/10/14 00:00:00",
  "value" : "134"
},{
  "dateTime" : "08/11/14 00:00:00",
  "value" : "134"
},{
  "dateTime" : "08/12/14 00:00:00",
  "value" : "117"
}]