[{
  "dateTime" : "11/25/17 00:00:00",
  "value" : "0"
},{
  "dateTime" : "11/26/17 00:00:00",
  "value" : "0"
},{
  "dateTime" : "11/27/17 00:00:00",
  "value" : "24"
},{
  "dateTime" : "11/28/17 00:00:00",
  "value" : "69"
},{
  "dateTime" : "11/29/17 00:00:00",
  "value" : "8"
},{
  "dateTime" : "11/30/17 00:00:00",
  "value" : "0"
},{
  "dateTime" : "12/01/17 00:00:00",
  "value" : "6"
},{
  "dateTime" : "12/02/17 00:00:00",
  "value" : "4"
},{
  "dateTime" : "12/03/17 00:00:00",
  "value" : "28"
},{
  "dateTime" : "12/04/17 00:00:00",
  "value" : "10"
},{
  "dateTime" : "12/05/17 00:00:00",
  "value" : "11"
},{
  "dateTime" : "12/06/17 00:00:00",
  "value" : "0"
},{
  "dateTime" : "12/07/17 00:00:00",
  "value" : "9"
},{
  "dateTime" : "12/08/17 00:00:00",
  "value" : "14"
},{
  "dateTime" : "12/09/17 00:00:00",
  "value" : "0"
},{
  "dateTime" : "12/10/17 00:00:00",
  "value" : "0"
},{
  "dateTime" : "12/11/17 00:00:00",
  "value" : "32"
},{
  "dateTime" : "12/12/17 00:00:00",
  "value" : "2"
},{
  "dateTime" : "12/13/17 00:00:00",
  "value" : "11"
},{
  "dateTime" : "12/14/17 00:00:00",
  "value" : "17"
},{
  "dateTime" : "12/15/17 00:00:00",
  "value" : "40"
},{
  "dateTime" : "12/16/17 00:00:00",
  "value" : "0"
},{
  "dateTime" : "12/17/17 00:00:00",
  "value" : "11"
},{
  "dateTime" : "12/18/17 00:00:00",
  "value" : "40"
},{
  "dateTime" : "12/19/17 00:00:00",
  "value" : "7"
},{
  "dateTime" : "12/20/17 00:00:00",
  "value" : "9"
},{
  "dateTime" : "12/21/17 00:00:00",
  "value" : "18"
},{
  "dateTime" : "12/22/17 00:00:00",
  "value" : "15"
},{
  "dateTime" : "12/23/17 00:00:00",
  "value" : "5"
},{
  "dateTime" : "12/24/17 00:00:00",
  "value" : "16"
}]