[{
  "dateTime" : "04/06/10 00:00:00",
  "value" : "0"
},{
  "dateTime" : "04/07/10 00:00:00",
  "value" : "0"
},{
  "dateTime" : "04/08/10 00:00:00",
  "value" : "0"
},{
  "dateTime" : "04/09/10 00:00:00",
  "value" : "0"
},{
  "dateTime" : "04/10/10 00:00:00",
  "value" : "14"
},{
  "dateTime" : "04/11/10 00:00:00",
  "value" : "178"
},{
  "dateTime" : "04/12/10 00:00:00",
  "value" : "83"
},{
  "dateTime" : "04/13/10 00:00:00",
  "value" : "98"
},{
  "dateTime" : "04/14/10 00:00:00",
  "value" : "25"
},{
  "dateTime" : "04/15/10 00:00:00",
  "value" : "22"
},{
  "dateTime" : "04/16/10 00:00:00",
  "value" : "24"
},{
  "dateTime" : "04/17/10 00:00:00",
  "value" : "0"
},{
  "dateTime" : "04/18/10 00:00:00",
  "value" : "0"
},{
  "dateTime" : "04/19/10 00:00:00",
  "value" : "0"
},{
  "dateTime" : "04/20/10 00:00:00",
  "value" : "0"
},{
  "dateTime" : "04/21/10 00:00:00",
  "value" : "8"
},{
  "dateTime" : "04/22/10 00:00:00",
  "value" : "93"
},{
  "dateTime" : "04/23/10 00:00:00",
  "value" : "87"
},{
  "dateTime" : "04/24/10 00:00:00",
  "value" : "76"
},{
  "dateTime" : "04/25/10 00:00:00",
  "value" : "93"
},{
  "dateTime" : "04/26/10 00:00:00",
  "value" : "86"
},{
  "dateTime" : "04/27/10 00:00:00",
  "value" : "122"
},{
  "dateTime" : "04/28/10 00:00:00",
  "value" : "72"
},{
  "dateTime" : "04/29/10 00:00:00",
  "value" : "105"
},{
  "dateTime" : "04/30/10 00:00:00",
  "value" : "154"
},{
  "dateTime" : "05/01/10 00:00:00",
  "value" : "93"
},{
  "dateTime" : "05/02/10 00:00:00",
  "value" : "62"
},{
  "dateTime" : "05/03/10 00:00:00",
  "value" : "101"
},{
  "dateTime" : "05/04/10 00:00:00",
  "value" : "134"
},{
  "dateTime" : "05/05/10 00:00:00",
  "value" : "74"
}]