[{
  "dateTime" : "10/17/13 00:00:00",
  "value" : "86"
},{
  "dateTime" : "10/18/13 00:00:00",
  "value" : "44"
},{
  "dateTime" : "10/19/13 00:00:00",
  "value" : "72"
},{
  "dateTime" : "10/20/13 00:00:00",
  "value" : "49"
},{
  "dateTime" : "10/21/13 00:00:00",
  "value" : "50"
},{
  "dateTime" : "10/22/13 00:00:00",
  "value" : "79"
},{
  "dateTime" : "10/23/13 00:00:00",
  "value" : "61"
},{
  "dateTime" : "10/24/13 00:00:00",
  "value" : "45"
},{
  "dateTime" : "10/25/13 00:00:00",
  "value" : "35"
},{
  "dateTime" : "10/26/13 00:00:00",
  "value" : "79"
},{
  "dateTime" : "10/27/13 00:00:00",
  "value" : "50"
},{
  "dateTime" : "10/28/13 00:00:00",
  "value" : "50"
},{
  "dateTime" : "10/29/13 00:00:00",
  "value" : "89"
},{
  "dateTime" : "10/30/13 00:00:00",
  "value" : "62"
},{
  "dateTime" : "10/31/13 00:00:00",
  "value" : "28"
},{
  "dateTime" : "11/01/13 00:00:00",
  "value" : "49"
},{
  "dateTime" : "11/02/13 00:00:00",
  "value" : "38"
},{
  "dateTime" : "11/03/13 00:00:00",
  "value" : "107"
},{
  "dateTime" : "11/04/13 00:00:00",
  "value" : "40"
},{
  "dateTime" : "11/05/13 00:00:00",
  "value" : "50"
},{
  "dateTime" : "11/06/13 00:00:00",
  "value" : "44"
},{
  "dateTime" : "11/07/13 00:00:00",
  "value" : "51"
},{
  "dateTime" : "11/08/13 00:00:00",
  "value" : "63"
},{
  "dateTime" : "11/09/13 00:00:00",
  "value" : "38"
},{
  "dateTime" : "11/10/13 00:00:00",
  "value" : "144"
},{
  "dateTime" : "11/11/13 00:00:00",
  "value" : "19"
},{
  "dateTime" : "11/12/13 00:00:00",
  "value" : "0"
},{
  "dateTime" : "11/13/13 00:00:00",
  "value" : "0"
},{
  "dateTime" : "11/14/13 00:00:00",
  "value" : "0"
},{
  "dateTime" : "11/15/13 00:00:00",
  "value" : "0"
}]