[{
  "dateTime" : "08/13/14 00:00:00",
  "value" : "151"
},{
  "dateTime" : "08/14/14 00:00:00",
  "value" : "68"
},{
  "dateTime" : "08/15/14 00:00:00",
  "value" : "119"
},{
  "dateTime" : "08/16/14 00:00:00",
  "value" : "66"
},{
  "dateTime" : "08/17/14 00:00:00",
  "value" : "40"
},{
  "dateTime" : "08/18/14 00:00:00",
  "value" : "75"
},{
  "dateTime" : "08/19/14 00:00:00",
  "value" : "125"
},{
  "dateTime" : "08/20/14 00:00:00",
  "value" : "121"
},{
  "dateTime" : "08/21/14 00:00:00",
  "value" : "69"
},{
  "dateTime" : "08/22/14 00:00:00",
  "value" : "141"
},{
  "dateTime" : "08/23/14 00:00:00",
  "value" : "96"
},{
  "dateTime" : "08/24/14 00:00:00",
  "value" : "66"
},{
  "dateTime" : "08/25/14 00:00:00",
  "value" : "162"
},{
  "dateTime" : "08/26/14 00:00:00",
  "value" : "64"
},{
  "dateTime" : "08/27/14 00:00:00",
  "value" : "69"
},{
  "dateTime" : "08/28/14 00:00:00",
  "value" : "147"
},{
  "dateTime" : "08/29/14 00:00:00",
  "value" : "72"
},{
  "dateTime" : "08/30/14 00:00:00",
  "value" : "27"
},{
  "dateTime" : "08/31/14 00:00:00",
  "value" : "25"
},{
  "dateTime" : "09/01/14 00:00:00",
  "value" : "30"
},{
  "dateTime" : "09/02/14 00:00:00",
  "value" : "38"
},{
  "dateTime" : "09/03/14 00:00:00",
  "value" : "39"
},{
  "dateTime" : "09/04/14 00:00:00",
  "value" : "71"
},{
  "dateTime" : "09/05/14 00:00:00",
  "value" : "101"
},{
  "dateTime" : "09/06/14 00:00:00",
  "value" : "97"
},{
  "dateTime" : "09/07/14 00:00:00",
  "value" : "155"
},{
  "dateTime" : "09/08/14 00:00:00",
  "value" : "142"
},{
  "dateTime" : "09/09/14 00:00:00",
  "value" : "85"
},{
  "dateTime" : "09/10/14 00:00:00",
  "value" : "65"
},{
  "dateTime" : "09/11/14 00:00:00",
  "value" : "59"
}]