[{
  "dateTime" : "12/21/12 00:00:00",
  "value" : "59"
},{
  "dateTime" : "12/22/12 00:00:00",
  "value" : "100"
},{
  "dateTime" : "12/23/12 00:00:00",
  "value" : "39"
},{
  "dateTime" : "12/24/12 00:00:00",
  "value" : "56"
},{
  "dateTime" : "12/25/12 00:00:00",
  "value" : "27"
},{
  "dateTime" : "12/26/12 00:00:00",
  "value" : "31"
},{
  "dateTime" : "12/27/12 00:00:00",
  "value" : "53"
},{
  "dateTime" : "12/28/12 00:00:00",
  "value" : "35"
},{
  "dateTime" : "12/29/12 00:00:00",
  "value" : "72"
},{
  "dateTime" : "12/30/12 00:00:00",
  "value" : "40"
},{
  "dateTime" : "12/31/12 00:00:00",
  "value" : "56"
},{
  "dateTime" : "01/01/13 00:00:00",
  "value" : "67"
},{
  "dateTime" : "01/02/13 00:00:00",
  "value" : "69"
},{
  "dateTime" : "01/03/13 00:00:00",
  "value" : "49"
},{
  "dateTime" : "01/04/13 00:00:00",
  "value" : "63"
},{
  "dateTime" : "01/05/13 00:00:00",
  "value" : "20"
},{
  "dateTime" : "01/06/13 00:00:00",
  "value" : "77"
},{
  "dateTime" : "01/07/13 00:00:00",
  "value" : "53"
},{
  "dateTime" : "01/08/13 00:00:00",
  "value" : "98"
},{
  "dateTime" : "01/09/13 00:00:00",
  "value" : "45"
},{
  "dateTime" : "01/10/13 00:00:00",
  "value" : "133"
},{
  "dateTime" : "01/11/13 00:00:00",
  "value" : "46"
},{
  "dateTime" : "01/12/13 00:00:00",
  "value" : "70"
},{
  "dateTime" : "01/13/13 00:00:00",
  "value" : "65"
},{
  "dateTime" : "01/14/13 00:00:00",
  "value" : "49"
},{
  "dateTime" : "01/15/13 00:00:00",
  "value" : "61"
},{
  "dateTime" : "01/16/13 00:00:00",
  "value" : "86"
},{
  "dateTime" : "01/17/13 00:00:00",
  "value" : "35"
},{
  "dateTime" : "01/18/13 00:00:00",
  "value" : "32"
},{
  "dateTime" : "01/19/13 00:00:00",
  "value" : "22"
}]