[{
  "dateTime" : "07/09/15 00:00:00",
  "value" : "15"
},{
  "dateTime" : "07/10/15 00:00:00",
  "value" : "0"
},{
  "dateTime" : "07/11/15 00:00:00",
  "value" : "11"
},{
  "dateTime" : "07/12/15 00:00:00",
  "value" : "16"
},{
  "dateTime" : "07/13/15 00:00:00",
  "value" : "0"
},{
  "dateTime" : "07/14/15 00:00:00",
  "value" : "16"
},{
  "dateTime" : "07/15/15 00:00:00",
  "value" : "0"
},{
  "dateTime" : "07/16/15 00:00:00",
  "value" : "9"
},{
  "dateTime" : "07/17/15 00:00:00",
  "value" : "27"
},{
  "dateTime" : "07/18/15 00:00:00",
  "value" : "0"
},{
  "dateTime" : "07/19/15 00:00:00",
  "value" : "0"
},{
  "dateTime" : "07/20/15 00:00:00",
  "value" : "0"
},{
  "dateTime" : "07/21/15 00:00:00",
  "value" : "21"
},{
  "dateTime" : "07/22/15 00:00:00",
  "value" : "5"
},{
  "dateTime" : "07/23/15 00:00:00",
  "value" : "10"
},{
  "dateTime" : "07/24/15 00:00:00",
  "value" : "18"
},{
  "dateTime" : "07/25/15 00:00:00",
  "value" : "17"
},{
  "dateTime" : "07/26/15 00:00:00",
  "value" : "0"
},{
  "dateTime" : "07/27/15 00:00:00",
  "value" : "13"
},{
  "dateTime" : "07/28/15 00:00:00",
  "value" : "50"
},{
  "dateTime" : "07/29/15 00:00:00",
  "value" : "80"
},{
  "dateTime" : "07/30/15 00:00:00",
  "value" : "24"
},{
  "dateTime" : "07/31/15 00:00:00",
  "value" : "8"
},{
  "dateTime" : "08/01/15 00:00:00",
  "value" : "52"
},{
  "dateTime" : "08/02/15 00:00:00",
  "value" : "0"
},{
  "dateTime" : "08/03/15 00:00:00",
  "value" : "0"
},{
  "dateTime" : "08/04/15 00:00:00",
  "value" : "0"
},{
  "dateTime" : "08/05/15 00:00:00",
  "value" : "0"
},{
  "dateTime" : "08/06/15 00:00:00",
  "value" : "0"
},{
  "dateTime" : "08/07/15 00:00:00",
  "value" : "0"
}]