[{
  "dateTime" : "08/23/12 00:00:00",
  "value" : "98"
},{
  "dateTime" : "08/24/12 00:00:00",
  "value" : "114"
},{
  "dateTime" : "08/25/12 00:00:00",
  "value" : "84"
},{
  "dateTime" : "08/26/12 00:00:00",
  "value" : "107"
},{
  "dateTime" : "08/27/12 00:00:00",
  "value" : "86"
},{
  "dateTime" : "08/28/12 00:00:00",
  "value" : "95"
},{
  "dateTime" : "08/29/12 00:00:00",
  "value" : "90"
},{
  "dateTime" : "08/30/12 00:00:00",
  "value" : "88"
},{
  "dateTime" : "08/31/12 00:00:00",
  "value" : "84"
},{
  "dateTime" : "09/01/12 00:00:00",
  "value" : "80"
},{
  "dateTime" : "09/02/12 00:00:00",
  "value" : "63"
},{
  "dateTime" : "09/03/12 00:00:00",
  "value" : "80"
},{
  "dateTime" : "09/04/12 00:00:00",
  "value" : "112"
},{
  "dateTime" : "09/05/12 00:00:00",
  "value" : "91"
},{
  "dateTime" : "09/06/12 00:00:00",
  "value" : "78"
},{
  "dateTime" : "09/07/12 00:00:00",
  "value" : "69"
},{
  "dateTime" : "09/08/12 00:00:00",
  "value" : "74"
},{
  "dateTime" : "09/09/12 00:00:00",
  "value" : "44"
},{
  "dateTime" : "09/10/12 00:00:00",
  "value" : "79"
},{
  "dateTime" : "09/11/12 00:00:00",
  "value" : "84"
},{
  "dateTime" : "09/12/12 00:00:00",
  "value" : "101"
},{
  "dateTime" : "09/13/12 00:00:00",
  "value" : "74"
},{
  "dateTime" : "09/14/12 00:00:00",
  "value" : "41"
},{
  "dateTime" : "09/15/12 00:00:00",
  "value" : "57"
},{
  "dateTime" : "09/16/12 00:00:00",
  "value" : "65"
},{
  "dateTime" : "09/17/12 00:00:00",
  "value" : "71"
},{
  "dateTime" : "09/18/12 00:00:00",
  "value" : "107"
},{
  "dateTime" : "09/19/12 00:00:00",
  "value" : "69"
},{
  "dateTime" : "09/20/12 00:00:00",
  "value" : "111"
},{
  "dateTime" : "09/21/12 00:00:00",
  "value" : "93"
}]