[{
  "dateTime" : "01/01/11 00:00:00",
  "value" : "93"
},{
  "dateTime" : "01/02/11 00:00:00",
  "value" : "132"
},{
  "dateTime" : "01/03/11 00:00:00",
  "value" : "109"
},{
  "dateTime" : "01/04/11 00:00:00",
  "value" : "85"
},{
  "dateTime" : "01/05/11 00:00:00",
  "value" : "69"
},{
  "dateTime" : "01/06/11 00:00:00",
  "value" : "89"
},{
  "dateTime" : "01/07/11 00:00:00",
  "value" : "68"
},{
  "dateTime" : "01/08/11 00:00:00",
  "value" : "93"
},{
  "dateTime" : "01/09/11 00:00:00",
  "value" : "139"
},{
  "dateTime" : "01/10/11 00:00:00",
  "value" : "90"
},{
  "dateTime" : "01/11/11 00:00:00",
  "value" : "101"
},{
  "dateTime" : "01/12/11 00:00:00",
  "value" : "81"
},{
  "dateTime" : "01/13/11 00:00:00",
  "value" : "83"
},{
  "dateTime" : "01/14/11 00:00:00",
  "value" : "95"
},{
  "dateTime" : "01/15/11 00:00:00",
  "value" : "75"
},{
  "dateTime" : "01/16/11 00:00:00",
  "value" : "125"
},{
  "dateTime" : "01/17/11 00:00:00",
  "value" : "91"
},{
  "dateTime" : "01/18/11 00:00:00",
  "value" : "88"
},{
  "dateTime" : "01/19/11 00:00:00",
  "value" : "79"
},{
  "dateTime" : "01/20/11 00:00:00",
  "value" : "75"
},{
  "dateTime" : "01/21/11 00:00:00",
  "value" : "87"
},{
  "dateTime" : "01/22/11 00:00:00",
  "value" : "139"
},{
  "dateTime" : "01/23/11 00:00:00",
  "value" : "66"
},{
  "dateTime" : "01/24/11 00:00:00",
  "value" : "88"
},{
  "dateTime" : "01/25/11 00:00:00",
  "value" : "98"
},{
  "dateTime" : "01/26/11 00:00:00",
  "value" : "65"
},{
  "dateTime" : "01/27/11 00:00:00",
  "value" : "87"
},{
  "dateTime" : "01/28/11 00:00:00",
  "value" : "89"
},{
  "dateTime" : "01/29/11 00:00:00",
  "value" : "150"
},{
  "dateTime" : "01/30/11 00:00:00",
  "value" : "133"
}]