[{
  "dateTime" : "02/19/13 00:00:00",
  "value" : "60"
},{
  "dateTime" : "02/20/13 00:00:00",
  "value" : "44"
},{
  "dateTime" : "02/21/13 00:00:00",
  "value" : "27"
},{
  "dateTime" : "02/22/13 00:00:00",
  "value" : "44"
},{
  "dateTime" : "02/23/13 00:00:00",
  "value" : "36"
},{
  "dateTime" : "02/24/13 00:00:00",
  "value" : "67"
},{
  "dateTime" : "02/25/13 00:00:00",
  "value" : "70"
},{
  "dateTime" : "02/26/13 00:00:00",
  "value" : "56"
},{
  "dateTime" : "02/27/13 00:00:00",
  "value" : "105"
},{
  "dateTime" : "02/28/13 00:00:00",
  "value" : "41"
},{
  "dateTime" : "03/01/13 00:00:00",
  "value" : "62"
},{
  "dateTime" : "03/02/13 00:00:00",
  "value" : "33"
},{
  "dateTime" : "03/03/13 00:00:00",
  "value" : "52"
},{
  "dateTime" : "03/04/13 00:00:00",
  "value" : "62"
},{
  "dateTime" : "03/05/13 00:00:00",
  "value" : "86"
},{
  "dateTime" : "03/06/13 00:00:00",
  "value" : "70"
},{
  "dateTime" : "03/07/13 00:00:00",
  "value" : "68"
},{
  "dateTime" : "03/08/13 00:00:00",
  "value" : "31"
},{
  "dateTime" : "03/09/13 00:00:00",
  "value" : "36"
},{
  "dateTime" : "03/10/13 00:00:00",
  "value" : "87"
},{
  "dateTime" : "03/11/13 00:00:00",
  "value" : "55"
},{
  "dateTime" : "03/12/13 00:00:00",
  "value" : "62"
},{
  "dateTime" : "03/13/13 00:00:00",
  "value" : "42"
},{
  "dateTime" : "03/14/13 00:00:00",
  "value" : "52"
},{
  "dateTime" : "03/15/13 00:00:00",
  "value" : "74"
},{
  "dateTime" : "03/16/13 00:00:00",
  "value" : "36"
},{
  "dateTime" : "03/17/13 00:00:00",
  "value" : "31"
},{
  "dateTime" : "03/18/13 00:00:00",
  "value" : "35"
},{
  "dateTime" : "03/19/13 00:00:00",
  "value" : "71"
},{
  "dateTime" : "03/20/13 00:00:00",
  "value" : "30"
}]