[{
  "dateTime" : "07/23/18 00:00:00",
  "value" : "90"
},{
  "dateTime" : "07/24/18 00:00:00",
  "value" : "35"
},{
  "dateTime" : "07/25/18 00:00:00",
  "value" : "58"
},{
  "dateTime" : "07/26/18 00:00:00",
  "value" : "8"
},{
  "dateTime" : "07/27/18 00:00:00",
  "value" : "23"
},{
  "dateTime" : "07/28/18 00:00:00",
  "value" : "4"
},{
  "dateTime" : "07/29/18 00:00:00",
  "value" : "8"
},{
  "dateTime" : "07/30/18 00:00:00",
  "value" : "51"
},{
  "dateTime" : "07/31/18 00:00:00",
  "value" : "21"
},{
  "dateTime" : "08/01/18 00:00:00",
  "value" : "12"
},{
  "dateTime" : "08/02/18 00:00:00",
  "value" : "7"
},{
  "dateTime" : "08/03/18 00:00:00",
  "value" : "117"
},{
  "dateTime" : "08/04/18 00:00:00",
  "value" : "34"
},{
  "dateTime" : "08/05/18 00:00:00",
  "value" : "20"
},{
  "dateTime" : "08/06/18 00:00:00",
  "value" : "105"
},{
  "dateTime" : "08/07/18 00:00:00",
  "value" : "0"
},{
  "dateTime" : "08/08/18 00:00:00",
  "value" : "97"
},{
  "dateTime" : "08/09/18 00:00:00",
  "value" : "19"
},{
  "dateTime" : "08/10/18 00:00:00",
  "value" : "26"
},{
  "dateTime" : "08/11/18 00:00:00",
  "value" : "82"
},{
  "dateTime" : "08/12/18 00:00:00",
  "value" : "23"
},{
  "dateTime" : "08/13/18 00:00:00",
  "value" : "11"
},{
  "dateTime" : "08/14/18 00:00:00",
  "value" : "98"
},{
  "dateTime" : "08/15/18 00:00:00",
  "value" : "2"
},{
  "dateTime" : "08/16/18 00:00:00",
  "value" : "7"
},{
  "dateTime" : "08/17/18 00:00:00",
  "value" : "0"
},{
  "dateTime" : "08/18/18 00:00:00",
  "value" : "47"
},{
  "dateTime" : "08/19/18 00:00:00",
  "value" : "24"
},{
  "dateTime" : "08/20/18 00:00:00",
  "value" : "54"
},{
  "dateTime" : "08/21/18 00:00:00",
  "value" : "19"
}]