[{
  "dateTime" : "10/07/15 00:00:00",
  "value" : "0"
},{
  "dateTime" : "10/08/15 00:00:00",
  "value" : "28"
},{
  "dateTime" : "10/09/15 00:00:00",
  "value" : "0"
},{
  "dateTime" : "10/10/15 00:00:00",
  "value" : "6"
},{
  "dateTime" : "10/11/15 00:00:00",
  "value" : "6"
},{
  "dateTime" : "10/12/15 00:00:00",
  "value" : "17"
},{
  "dateTime" : "10/13/15 00:00:00",
  "value" : "6"
},{
  "dateTime" : "10/14/15 00:00:00",
  "value" : "0"
},{
  "dateTime" : "10/15/15 00:00:00",
  "value" : "10"
},{
  "dateTime" : "10/16/15 00:00:00",
  "value" : "10"
},{
  "dateTime" : "10/17/15 00:00:00",
  "value" : "0"
},{
  "dateTime" : "10/18/15 00:00:00",
  "value" : "0"
},{
  "dateTime" : "10/19/15 00:00:00",
  "value" : "0"
},{
  "dateTime" : "10/20/15 00:00:00",
  "value" : "5"
},{
  "dateTime" : "10/21/15 00:00:00",
  "value" : "9"
},{
  "dateTime" : "10/22/15 00:00:00",
  "value" : "0"
},{
  "dateTime" : "10/23/15 00:00:00",
  "value" : "0"
},{
  "dateTime" : "10/24/15 00:00:00",
  "value" : "0"
},{
  "dateTime" : "10/25/15 00:00:00",
  "value" : "0"
},{
  "dateTime" : "10/26/15 00:00:00",
  "value" : "0"
},{
  "dateTime" : "10/27/15 00:00:00",
  "value" : "14"
},{
  "dateTime" : "10/28/15 00:00:00",
  "value" : "0"
},{
  "dateTime" : "10/29/15 00:00:00",
  "value" : "0"
},{
  "dateTime" : "10/30/15 00:00:00",
  "value" : "0"
},{
  "dateTime" : "10/31/15 00:00:00",
  "value" : "11"
},{
  "dateTime" : "11/01/15 00:00:00",
  "value" : "72"
},{
  "dateTime" : "11/02/15 00:00:00",
  "value" : "0"
},{
  "dateTime" : "11/03/15 00:00:00",
  "value" : "6"
},{
  "dateTime" : "11/04/15 00:00:00",
  "value" : "4"
},{
  "dateTime" : "11/05/15 00:00:00",
  "value" : "19"
}]