[{
  "dateTime" : "09/03/10 00:00:00",
  "value" : "74"
},{
  "dateTime" : "09/04/10 00:00:00",
  "value" : "205"
},{
  "dateTime" : "09/05/10 00:00:00",
  "value" : "87"
},{
  "dateTime" : "09/06/10 00:00:00",
  "value" : "128"
},{
  "dateTime" : "09/07/10 00:00:00",
  "value" : "116"
},{
  "dateTime" : "09/08/10 00:00:00",
  "value" : "72"
},{
  "dateTime" : "09/09/10 00:00:00",
  "value" : "72"
},{
  "dateTime" : "09/10/10 00:00:00",
  "value" : "110"
},{
  "dateTime" : "09/11/10 00:00:00",
  "value" : "135"
},{
  "dateTime" : "09/12/10 00:00:00",
  "value" : "109"
},{
  "dateTime" : "09/13/10 00:00:00",
  "value" : "92"
},{
  "dateTime" : "09/14/10 00:00:00",
  "value" : "97"
},{
  "dateTime" : "09/15/10 00:00:00",
  "value" : "57"
},{
  "dateTime" : "09/16/10 00:00:00",
  "value" : "107"
},{
  "dateTime" : "09/17/10 00:00:00",
  "value" : "121"
},{
  "dateTime" : "09/18/10 00:00:00",
  "value" : "163"
},{
  "dateTime" : "09/19/10 00:00:00",
  "value" : "109"
},{
  "dateTime" : "09/20/10 00:00:00",
  "value" : "84"
},{
  "dateTime" : "09/21/10 00:00:00",
  "value" : "119"
},{
  "dateTime" : "09/22/10 00:00:00",
  "value" : "105"
},{
  "dateTime" : "09/23/10 00:00:00",
  "value" : "92"
},{
  "dateTime" : "09/24/10 00:00:00",
  "value" : "96"
},{
  "dateTime" : "09/25/10 00:00:00",
  "value" : "139"
},{
  "dateTime" : "09/26/10 00:00:00",
  "value" : "150"
},{
  "dateTime" : "09/27/10 00:00:00",
  "value" : "121"
},{
  "dateTime" : "09/28/10 00:00:00",
  "value" : "102"
},{
  "dateTime" : "09/29/10 00:00:00",
  "value" : "88"
},{
  "dateTime" : "09/30/10 00:00:00",
  "value" : "75"
},{
  "dateTime" : "10/01/10 00:00:00",
  "value" : "78"
},{
  "dateTime" : "10/02/10 00:00:00",
  "value" : "63"
}]