[{
  "dateTime" : "11/21/12 00:00:00",
  "value" : "53"
},{
  "dateTime" : "11/22/12 00:00:00",
  "value" : "27"
},{
  "dateTime" : "11/23/12 00:00:00",
  "value" : "66"
},{
  "dateTime" : "11/24/12 00:00:00",
  "value" : "45"
},{
  "dateTime" : "11/25/12 00:00:00",
  "value" : "67"
},{
  "dateTime" : "11/26/12 00:00:00",
  "value" : "22"
},{
  "dateTime" : "11/27/12 00:00:00",
  "value" : "47"
},{
  "dateTime" : "11/28/12 00:00:00",
  "value" : "45"
},{
  "dateTime" : "11/29/12 00:00:00",
  "value" : "57"
},{
  "dateTime" : "11/30/12 00:00:00",
  "value" : "47"
},{
  "dateTime" : "12/01/12 00:00:00",
  "value" : "57"
},{
  "dateTime" : "12/02/12 00:00:00",
  "value" : "48"
},{
  "dateTime" : "12/03/12 00:00:00",
  "value" : "38"
},{
  "dateTime" : "12/04/12 00:00:00",
  "value" : "84"
},{
  "dateTime" : "12/05/12 00:00:00",
  "value" : "35"
},{
  "dateTime" : "12/06/12 00:00:00",
  "value" : "47"
},{
  "dateTime" : "12/07/12 00:00:00",
  "value" : "18"
},{
  "dateTime" : "12/08/12 00:00:00",
  "value" : "38"
},{
  "dateTime" : "12/09/12 00:00:00",
  "value" : "66"
},{
  "dateTime" : "12/10/12 00:00:00",
  "value" : "46"
},{
  "dateTime" : "12/11/12 00:00:00",
  "value" : "62"
},{
  "dateTime" : "12/12/12 00:00:00",
  "value" : "57"
},{
  "dateTime" : "12/13/12 00:00:00",
  "value" : "38"
},{
  "dateTime" : "12/14/12 00:00:00",
  "value" : "12"
},{
  "dateTime" : "12/15/12 00:00:00",
  "value" : "63"
},{
  "dateTime" : "12/16/12 00:00:00",
  "value" : "34"
},{
  "dateTime" : "12/17/12 00:00:00",
  "value" : "51"
},{
  "dateTime" : "12/18/12 00:00:00",
  "value" : "61"
},{
  "dateTime" : "12/19/12 00:00:00",
  "value" : "24"
},{
  "dateTime" : "12/20/12 00:00:00",
  "value" : "77"
}]