[{
  "dateTime" : "03/16/14 00:00:00",
  "value" : "161"
},{
  "dateTime" : "03/17/14 00:00:00",
  "value" : "37"
},{
  "dateTime" : "03/18/14 00:00:00",
  "value" : "71"
},{
  "dateTime" : "03/19/14 00:00:00",
  "value" : "83"
},{
  "dateTime" : "03/20/14 00:00:00",
  "value" : "83"
},{
  "dateTime" : "03/21/14 00:00:00",
  "value" : "71"
},{
  "dateTime" : "03/22/14 00:00:00",
  "value" : "31"
},{
  "dateTime" : "03/23/14 00:00:00",
  "value" : "110"
},{
  "dateTime" : "03/24/14 00:00:00",
  "value" : "106"
},{
  "dateTime" : "03/25/14 00:00:00",
  "value" : "83"
},{
  "dateTime" : "03/26/14 00:00:00",
  "value" : "96"
},{
  "dateTime" : "03/27/14 00:00:00",
  "value" : "93"
},{
  "dateTime" : "03/28/14 00:00:00",
  "value" : "96"
},{
  "dateTime" : "03/29/14 00:00:00",
  "value" : "25"
},{
  "dateTime" : "03/30/14 00:00:00",
  "value" : "105"
},{
  "dateTime" : "03/31/14 00:00:00",
  "value" : "64"
},{
  "dateTime" : "04/01/14 00:00:00",
  "value" : "202"
},{
  "dateTime" : "04/02/14 00:00:00",
  "value" : "85"
},{
  "dateTime" : "04/03/14 00:00:00",
  "value" : "76"
},{
  "dateTime" : "04/04/14 00:00:00",
  "value" : "108"
},{
  "dateTime" : "04/05/14 00:00:00",
  "value" : "77"
},{
  "dateTime" : "04/06/14 00:00:00",
  "value" : "87"
},{
  "dateTime" : "04/07/14 00:00:00",
  "value" : "91"
},{
  "dateTime" : "04/08/14 00:00:00",
  "value" : "73"
},{
  "dateTime" : "04/09/14 00:00:00",
  "value" : "46"
},{
  "dateTime" : "04/10/14 00:00:00",
  "value" : "93"
},{
  "dateTime" : "04/11/14 00:00:00",
  "value" : "91"
},{
  "dateTime" : "04/12/14 00:00:00",
  "value" : "72"
},{
  "dateTime" : "04/13/14 00:00:00",
  "value" : "143"
},{
  "dateTime" : "04/14/14 00:00:00",
  "value" : "145"
}]