[{
  "dateTime" : "11/16/13 00:00:00",
  "value" : "0"
},{
  "dateTime" : "11/17/13 00:00:00",
  "value" : "0"
},{
  "dateTime" : "11/18/13 00:00:00",
  "value" : "0"
},{
  "dateTime" : "11/19/13 00:00:00",
  "value" : "54"
},{
  "dateTime" : "11/20/13 00:00:00",
  "value" : "58"
},{
  "dateTime" : "11/21/13 00:00:00",
  "value" : "34"
},{
  "dateTime" : "11/22/13 00:00:00",
  "value" : "49"
},{
  "dateTime" : "11/23/13 00:00:00",
  "value" : "42"
},{
  "dateTime" : "11/24/13 00:00:00",
  "value" : "73"
},{
  "dateTime" : "11/25/13 00:00:00",
  "value" : "51"
},{
  "dateTime" : "11/26/13 00:00:00",
  "value" : "123"
},{
  "dateTime" : "11/27/13 00:00:00",
  "value" : "58"
},{
  "dateTime" : "11/28/13 00:00:00",
  "value" : "36"
},{
  "dateTime" : "11/29/13 00:00:00",
  "value" : "6"
},{
  "dateTime" : "11/30/13 00:00:00",
  "value" : "91"
},{
  "dateTime" : "12/01/13 00:00:00",
  "value" : "53"
},{
  "dateTime" : "12/02/13 00:00:00",
  "value" : "81"
},{
  "dateTime" : "12/03/13 00:00:00",
  "value" : "80"
},{
  "dateTime" : "12/04/13 00:00:00",
  "value" : "38"
},{
  "dateTime" : "12/05/13 00:00:00",
  "value" : "88"
},{
  "dateTime" : "12/06/13 00:00:00",
  "value" : "40"
},{
  "dateTime" : "12/07/13 00:00:00",
  "value" : "36"
},{
  "dateTime" : "12/08/13 00:00:00",
  "value" : "51"
},{
  "dateTime" : "12/09/13 00:00:00",
  "value" : "42"
},{
  "dateTime" : "12/10/13 00:00:00",
  "value" : "97"
},{
  "dateTime" : "12/11/13 00:00:00",
  "value" : "45"
},{
  "dateTime" : "12/12/13 00:00:00",
  "value" : "71"
},{
  "dateTime" : "12/13/13 00:00:00",
  "value" : "76"
},{
  "dateTime" : "12/14/13 00:00:00",
  "value" : "92"
},{
  "dateTime" : "12/15/13 00:00:00",
  "value" : "53"
}]