[{
  "dateTime" : "09/17/13 00:00:00",
  "value" : "79"
},{
  "dateTime" : "09/18/13 00:00:00",
  "value" : "76"
},{
  "dateTime" : "09/19/13 00:00:00",
  "value" : "79"
},{
  "dateTime" : "09/20/13 00:00:00",
  "value" : "45"
},{
  "dateTime" : "09/21/13 00:00:00",
  "value" : "145"
},{
  "dateTime" : "09/22/13 00:00:00",
  "value" : "86"
},{
  "dateTime" : "09/23/13 00:00:00",
  "value" : "82"
},{
  "dateTime" : "09/24/13 00:00:00",
  "value" : "91"
},{
  "dateTime" : "09/25/13 00:00:00",
  "value" : "29"
},{
  "dateTime" : "09/26/13 00:00:00",
  "value" : "128"
},{
  "dateTime" : "09/27/13 00:00:00",
  "value" : "100"
},{
  "dateTime" : "09/28/13 00:00:00",
  "value" : "48"
},{
  "dateTime" : "09/29/13 00:00:00",
  "value" : "42"
},{
  "dateTime" : "09/30/13 00:00:00",
  "value" : "44"
},{
  "dateTime" : "10/01/13 00:00:00",
  "value" : "100"
},{
  "dateTime" : "10/02/13 00:00:00",
  "value" : "53"
},{
  "dateTime" : "10/03/13 00:00:00",
  "value" : "126"
},{
  "dateTime" : "10/04/13 00:00:00",
  "value" : "29"
},{
  "dateTime" : "10/05/13 00:00:00",
  "value" : "43"
},{
  "dateTime" : "10/06/13 00:00:00",
  "value" : "41"
},{
  "dateTime" : "10/07/13 00:00:00",
  "value" : "60"
},{
  "dateTime" : "10/08/13 00:00:00",
  "value" : "104"
},{
  "dateTime" : "10/09/13 00:00:00",
  "value" : "93"
},{
  "dateTime" : "10/10/13 00:00:00",
  "value" : "74"
},{
  "dateTime" : "10/11/13 00:00:00",
  "value" : "42"
},{
  "dateTime" : "10/12/13 00:00:00",
  "value" : "175"
},{
  "dateTime" : "10/13/13 00:00:00",
  "value" : "114"
},{
  "dateTime" : "10/14/13 00:00:00",
  "value" : "43"
},{
  "dateTime" : "10/15/13 00:00:00",
  "value" : "91"
},{
  "dateTime" : "10/16/13 00:00:00",
  "value" : "71"
}]