[{
  "dateTime" : "10/22/12 00:00:00",
  "value" : "60"
},{
  "dateTime" : "10/23/12 00:00:00",
  "value" : "103"
},{
  "dateTime" : "10/24/12 00:00:00",
  "value" : "59"
},{
  "dateTime" : "10/25/12 00:00:00",
  "value" : "69"
},{
  "dateTime" : "10/26/12 00:00:00",
  "value" : "97"
},{
  "dateTime" : "10/27/12 00:00:00",
  "value" : "81"
},{
  "dateTime" : "10/28/12 00:00:00",
  "value" : "110"
},{
  "dateTime" : "10/29/12 00:00:00",
  "value" : "87"
},{
  "dateTime" : "10/30/12 00:00:00",
  "value" : "97"
},{
  "dateTime" : "10/31/12 00:00:00",
  "value" : "89"
},{
  "dateTime" : "11/01/12 00:00:00",
  "value" : "72"
},{
  "dateTime" : "11/02/12 00:00:00",
  "value" : "87"
},{
  "dateTime" : "11/03/12 00:00:00",
  "value" : "111"
},{
  "dateTime" : "11/04/12 00:00:00",
  "value" : "110"
},{
  "dateTime" : "11/05/12 00:00:00",
  "value" : "83"
},{
  "dateTime" : "11/06/12 00:00:00",
  "value" : "84"
},{
  "dateTime" : "11/07/12 00:00:00",
  "value" : "94"
},{
  "dateTime" : "11/08/12 00:00:00",
  "value" : "67"
},{
  "dateTime" : "11/09/12 00:00:00",
  "value" : "73"
},{
  "dateTime" : "11/10/12 00:00:00",
  "value" : "108"
},{
  "dateTime" : "11/11/12 00:00:00",
  "value" : "74"
},{
  "dateTime" : "11/12/12 00:00:00",
  "value" : "45"
},{
  "dateTime" : "11/13/12 00:00:00",
  "value" : "95"
},{
  "dateTime" : "11/14/12 00:00:00",
  "value" : "64"
},{
  "dateTime" : "11/15/12 00:00:00",
  "value" : "84"
},{
  "dateTime" : "11/16/12 00:00:00",
  "value" : "52"
},{
  "dateTime" : "11/17/12 00:00:00",
  "value" : "71"
},{
  "dateTime" : "11/18/12 00:00:00",
  "value" : "87"
},{
  "dateTime" : "11/19/12 00:00:00",
  "value" : "68"
},{
  "dateTime" : "11/20/12 00:00:00",
  "value" : "70"
}]