[{
  "dateTime" : "05/06/10 00:00:00",
  "value" : "84"
},{
  "dateTime" : "05/07/10 00:00:00",
  "value" : "109"
},{
  "dateTime" : "05/08/10 00:00:00",
  "value" : "108"
},{
  "dateTime" : "05/09/10 00:00:00",
  "value" : "95"
},{
  "dateTime" : "05/10/10 00:00:00",
  "value" : "104"
},{
  "dateTime" : "05/11/10 00:00:00",
  "value" : "81"
},{
  "dateTime" : "05/12/10 00:00:00",
  "value" : "95"
},{
  "dateTime" : "05/13/10 00:00:00",
  "value" : "110"
},{
  "dateTime" : "05/14/10 00:00:00",
  "value" : "86"
},{
  "dateTime" : "05/15/10 00:00:00",
  "value" : "115"
},{
  "dateTime" : "05/16/10 00:00:00",
  "value" : "68"
},{
  "dateTime" : "05/17/10 00:00:00",
  "value" : "136"
},{
  "dateTime" : "05/18/10 00:00:00",
  "value" : "105"
},{
  "dateTime" : "05/19/10 00:00:00",
  "value" : "117"
},{
  "dateTime" : "05/20/10 00:00:00",
  "value" : "144"
},{
  "dateTime" : "05/21/10 00:00:00",
  "value" : "79"
},{
  "dateTime" : "05/22/10 00:00:00",
  "value" : "185"
},{
  "dateTime" : "05/23/10 00:00:00",
  "value" : "113"
},{
  "dateTime" : "05/24/10 00:00:00",
  "value" : "97"
},{
  "dateTime" : "05/25/10 00:00:00",
  "value" : "136"
},{
  "dateTime" : "05/26/10 00:00:00",
  "value" : "64"
},{
  "dateTime" : "05/27/10 00:00:00",
  "value" : "97"
},{
  "dateTime" : "05/28/10 00:00:00",
  "value" : "85"
},{
  "dateTime" : "05/29/10 00:00:00",
  "value" : "25"
},{
  "dateTime" : "05/30/10 00:00:00",
  "value" : "139"
},{
  "dateTime" : "05/31/10 00:00:00",
  "value" : "128"
},{
  "dateTime" : "06/01/10 00:00:00",
  "value" : "103"
},{
  "dateTime" : "06/02/10 00:00:00",
  "value" : "109"
},{
  "dateTime" : "06/03/10 00:00:00",
  "value" : "77"
},{
  "dateTime" : "06/04/10 00:00:00",
  "value" : "88"
}]