[{
  "dateTime" : "07/24/12 00:00:00",
  "value" : "82"
},{
  "dateTime" : "07/25/12 00:00:00",
  "value" : "90"
},{
  "dateTime" : "07/26/12 00:00:00",
  "value" : "57"
},{
  "dateTime" : "07/27/12 00:00:00",
  "value" : "52"
},{
  "dateTime" : "07/28/12 00:00:00",
  "value" : "41"
},{
  "dateTime" : "07/29/12 00:00:00",
  "value" : "106"
},{
  "dateTime" : "07/30/12 00:00:00",
  "value" : "46"
},{
  "dateTime" : "07/31/12 00:00:00",
  "value" : "94"
},{
  "dateTime" : "08/01/12 00:00:00",
  "value" : "78"
},{
  "dateTime" : "08/02/12 00:00:00",
  "value" : "65"
},{
  "dateTime" : "08/03/12 00:00:00",
  "value" : "56"
},{
  "dateTime" : "08/04/12 00:00:00",
  "value" : "76"
},{
  "dateTime" : "08/05/12 00:00:00",
  "value" : "92"
},{
  "dateTime" : "08/06/12 00:00:00",
  "value" : "80"
},{
  "dateTime" : "08/07/12 00:00:00",
  "value" : "55"
},{
  "dateTime" : "08/08/12 00:00:00",
  "value" : "34"
},{
  "dateTime" : "08/09/12 00:00:00",
  "value" : "63"
},{
  "dateTime" : "08/10/12 00:00:00",
  "value" : "87"
},{
  "dateTime" : "08/11/12 00:00:00",
  "value" : "28"
},{
  "dateTime" : "08/12/12 00:00:00",
  "value" : "50"
},{
  "dateTime" : "08/13/12 00:00:00",
  "value" : "72"
},{
  "dateTime" : "08/14/12 00:00:00",
  "value" : "50"
},{
  "dateTime" : "08/15/12 00:00:00",
  "value" : "90"
},{
  "dateTime" : "08/16/12 00:00:00",
  "value" : "93"
},{
  "dateTime" : "08/17/12 00:00:00",
  "value" : "89"
},{
  "dateTime" : "08/18/12 00:00:00",
  "value" : "88"
},{
  "dateTime" : "08/19/12 00:00:00",
  "value" : "60"
},{
  "dateTime" : "08/20/12 00:00:00",
  "value" : "61"
},{
  "dateTime" : "08/21/12 00:00:00",
  "value" : "93"
},{
  "dateTime" : "08/22/12 00:00:00",
  "value" : "68"
}]