[{
  "dateTime" : "08/08/15 00:00:00",
  "value" : "0"
},{
  "dateTime" : "08/09/15 00:00:00",
  "value" : "0"
},{
  "dateTime" : "08/10/15 00:00:00",
  "value" : "15"
},{
  "dateTime" : "08/11/15 00:00:00",
  "value" : "24"
},{
  "dateTime" : "08/12/15 00:00:00",
  "value" : "13"
},{
  "dateTime" : "08/13/15 00:00:00",
  "value" : "0"
},{
  "dateTime" : "08/14/15 00:00:00",
  "value" : "2"
},{
  "dateTime" : "08/15/15 00:00:00",
  "value" : "7"
},{
  "dateTime" : "08/16/15 00:00:00",
  "value" : "0"
},{
  "dateTime" : "08/17/15 00:00:00",
  "value" : "0"
},{
  "dateTime" : "08/18/15 00:00:00",
  "value" : "12"
},{
  "dateTime" : "08/19/15 00:00:00",
  "value" : "58"
},{
  "dateTime" : "08/20/15 00:00:00",
  "value" : "0"
},{
  "dateTime" : "08/21/15 00:00:00",
  "value" : "69"
},{
  "dateTime" : "08/22/15 00:00:00",
  "value" : "13"
},{
  "dateTime" : "08/23/15 00:00:00",
  "value" : "0"
},{
  "dateTime" : "08/24/15 00:00:00",
  "value" : "25"
},{
  "dateTime" : "08/25/15 00:00:00",
  "value" : "2"
},{
  "dateTime" : "08/26/15 00:00:00",
  "value" : "24"
},{
  "dateTime" : "08/27/15 00:00:00",
  "value" : "5"
},{
  "dateTime" : "08/28/15 00:00:00",
  "value" : "0"
},{
  "dateTime" : "08/29/15 00:00:00",
  "value" : "17"
},{
  "dateTime" : "08/30/15 00:00:00",
  "value" : "4"
},{
  "dateTime" : "08/31/15 00:00:00",
  "value" : "0"
},{
  "dateTime" : "09/01/15 00:00:00",
  "value" : "6"
},{
  "dateTime" : "09/02/15 00:00:00",
  "value" : "0"
},{
  "dateTime" : "09/03/15 00:00:00",
  "value" : "10"
},{
  "dateTime" : "09/04/15 00:00:00",
  "value" : "0"
},{
  "dateTime" : "09/05/15 00:00:00",
  "value" : "0"
},{
  "dateTime" : "09/06/15 00:00:00",
  "value" : "0"
}]