[{
  "dateTime" : "11/27/11 00:00:00",
  "value" : "95"
},{
  "dateTime" : "11/28/11 00:00:00",
  "value" : "108"
},{
  "dateTime" : "11/29/11 00:00:00",
  "value" : "98"
},{
  "dateTime" : "11/30/11 00:00:00",
  "value" : "109"
},{
  "dateTime" : "12/01/11 00:00:00",
  "value" : "119"
},{
  "dateTime" : "12/02/11 00:00:00",
  "value" : "79"
},{
  "dateTime" : "12/03/11 00:00:00",
  "value" : "206"
},{
  "dateTime" : "12/04/11 00:00:00",
  "value" : "83"
},{
  "dateTime" : "12/05/11 00:00:00",
  "value" : "94"
},{
  "dateTime" : "12/06/11 00:00:00",
  "value" : "120"
},{
  "dateTime" : "12/07/11 00:00:00",
  "value" : "115"
},{
  "dateTime" : "12/08/11 00:00:00",
  "value" : "109"
},{
  "dateTime" : "12/09/11 00:00:00",
  "value" : "84"
},{
  "dateTime" : "12/10/11 00:00:00",
  "value" : "121"
},{
  "dateTime" : "12/11/11 00:00:00",
  "value" : "76"
},{
  "dateTime" : "12/12/11 00:00:00",
  "value" : "126"
},{
  "dateTime" : "12/13/11 00:00:00",
  "value" : "104"
},{
  "dateTime" : "12/14/11 00:00:00",
  "value" : "118"
},{
  "dateTime" : "12/15/11 00:00:00",
  "value" : "98"
},{
  "dateTime" : "12/16/11 00:00:00",
  "value" : "108"
},{
  "dateTime" : "12/17/11 00:00:00",
  "value" : "88"
},{
  "dateTime" : "12/18/11 00:00:00",
  "value" : "129"
},{
  "dateTime" : "12/19/11 00:00:00",
  "value" : "103"
},{
  "dateTime" : "12/20/11 00:00:00",
  "value" : "98"
},{
  "dateTime" : "12/21/11 00:00:00",
  "value" : "97"
},{
  "dateTime" : "12/22/11 00:00:00",
  "value" : "100"
},{
  "dateTime" : "12/23/11 00:00:00",
  "value" : "139"
},{
  "dateTime" : "12/24/11 00:00:00",
  "value" : "48"
},{
  "dateTime" : "12/25/11 00:00:00",
  "value" : "96"
},{
  "dateTime" : "12/26/11 00:00:00",
  "value" : "90"
}]