[{
  "dateTime" : "03/26/12 00:00:00",
  "value" : "91"
},{
  "dateTime" : "03/27/12 00:00:00",
  "value" : "102"
},{
  "dateTime" : "03/28/12 00:00:00",
  "value" : "70"
},{
  "dateTime" : "03/29/12 00:00:00",
  "value" : "73"
},{
  "dateTime" : "03/30/12 00:00:00",
  "value" : "66"
},{
  "dateTime" : "03/31/12 00:00:00",
  "value" : "73"
},{
  "dateTime" : "04/01/12 00:00:00",
  "value" : "94"
},{
  "dateTime" : "04/02/12 00:00:00",
  "value" : "62"
},{
  "dateTime" : "04/03/12 00:00:00",
  "value" : "78"
},{
  "dateTime" : "04/04/12 00:00:00",
  "value" : "88"
},{
  "dateTime" : "04/05/12 00:00:00",
  "value" : "109"
},{
  "dateTime" : "04/06/12 00:00:00",
  "value" : "73"
},{
  "dateTime" : "04/07/12 00:00:00",
  "value" : "121"
},{
  "dateTime" : "04/08/12 00:00:00",
  "value" : "114"
},{
  "dateTime" : "04/09/12 00:00:00",
  "value" : "71"
},{
  "dateTime" : "04/10/12 00:00:00",
  "value" : "98"
},{
  "dateTime" : "04/11/12 00:00:00",
  "value" : "133"
},{
  "dateTime" : "04/12/12 00:00:00",
  "value" : "93"
},{
  "dateTime" : "04/13/12 00:00:00",
  "value" : "92"
},{
  "dateTime" : "04/14/12 00:00:00",
  "value" : "82"
},{
  "dateTime" : "04/15/12 00:00:00",
  "value" : "169"
},{
  "dateTime" : "04/16/12 00:00:00",
  "value" : "93"
},{
  "dateTime" : "04/17/12 00:00:00",
  "value" : "97"
},{
  "dateTime" : "04/18/12 00:00:00",
  "value" : "95"
},{
  "dateTime" : "04/19/12 00:00:00",
  "value" : "96"
},{
  "dateTime" : "04/20/12 00:00:00",
  "value" : "74"
},{
  "dateTime" : "04/21/12 00:00:00",
  "value" : "100"
},{
  "dateTime" : "04/22/12 00:00:00",
  "value" : "107"
},{
  "dateTime" : "04/23/12 00:00:00",
  "value" : "79"
},{
  "dateTime" : "04/24/12 00:00:00",
  "value" : "74"
}]