[{
  "dateTime" : "05/10/15 00:00:00",
  "value" : "0"
},{
  "dateTime" : "05/11/15 00:00:00",
  "value" : "85"
},{
  "dateTime" : "05/12/15 00:00:00",
  "value" : "18"
},{
  "dateTime" : "05/13/15 00:00:00",
  "value" : "0"
},{
  "dateTime" : "05/14/15 00:00:00",
  "value" : "0"
},{
  "dateTime" : "05/15/15 00:00:00",
  "value" : "0"
},{
  "dateTime" : "05/16/15 00:00:00",
  "value" : "17"
},{
  "dateTime" : "05/17/15 00:00:00",
  "value" : "83"
},{
  "dateTime" : "05/18/15 00:00:00",
  "value" : "60"
},{
  "dateTime" : "05/19/15 00:00:00",
  "value" : "12"
},{
  "dateTime" : "05/20/15 00:00:00",
  "value" : "0"
},{
  "dateTime" : "05/21/15 00:00:00",
  "value" : "0"
},{
  "dateTime" : "05/22/15 00:00:00",
  "value" : "74"
},{
  "dateTime" : "05/23/15 00:00:00",
  "value" : "0"
},{
  "dateTime" : "05/24/15 00:00:00",
  "value" : "0"
},{
  "dateTime" : "05/25/15 00:00:00",
  "value" : "0"
},{
  "dateTime" : "05/26/15 00:00:00",
  "value" : "76"
},{
  "dateTime" : "05/27/15 00:00:00",
  "value" : "3"
},{
  "dateTime" : "05/28/15 00:00:00",
  "value" : "0"
},{
  "dateTime" : "05/29/15 00:00:00",
  "value" : "34"
},{
  "dateTime" : "05/30/15 00:00:00",
  "value" : "55"
},{
  "dateTime" : "05/31/15 00:00:00",
  "value" : "0"
},{
  "dateTime" : "06/01/15 00:00:00",
  "value" : "0"
},{
  "dateTime" : "06/02/15 00:00:00",
  "value" : "13"
},{
  "dateTime" : "06/03/15 00:00:00",
  "value" : "0"
},{
  "dateTime" : "06/04/15 00:00:00",
  "value" : "0"
},{
  "dateTime" : "06/05/15 00:00:00",
  "value" : "50"
},{
  "dateTime" : "06/06/15 00:00:00",
  "value" : "0"
},{
  "dateTime" : "06/07/15 00:00:00",
  "value" : "17"
},{
  "dateTime" : "06/08/15 00:00:00",
  "value" : "0"
}]