[{
  "dateTime" : "10/03/10 00:00:00",
  "value" : "71"
},{
  "dateTime" : "10/04/10 00:00:00",
  "value" : "98"
},{
  "dateTime" : "10/05/10 00:00:00",
  "value" : "90"
},{
  "dateTime" : "10/06/10 00:00:00",
  "value" : "86"
},{
  "dateTime" : "10/07/10 00:00:00",
  "value" : "102"
},{
  "dateTime" : "10/08/10 00:00:00",
  "value" : "130"
},{
  "dateTime" : "10/09/10 00:00:00",
  "value" : "138"
},{
  "dateTime" : "10/10/10 00:00:00",
  "value" : "149"
},{
  "dateTime" : "10/11/10 00:00:00",
  "value" : "110"
},{
  "dateTime" : "10/12/10 00:00:00",
  "value" : "103"
},{
  "dateTime" : "10/13/10 00:00:00",
  "value" : "112"
},{
  "dateTime" : "10/14/10 00:00:00",
  "value" : "15"
},{
  "dateTime" : "10/15/10 00:00:00",
  "value" : "0"
},{
  "dateTime" : "10/16/10 00:00:00",
  "value" : "0"
},{
  "dateTime" : "10/17/10 00:00:00",
  "value" : "0"
},{
  "dateTime" : "10/18/10 00:00:00",
  "value" : "65"
},{
  "dateTime" : "10/19/10 00:00:00",
  "value" : "70"
},{
  "dateTime" : "10/20/10 00:00:00",
  "value" : "6"
},{
  "dateTime" : "10/21/10 00:00:00",
  "value" : "59"
},{
  "dateTime" : "10/22/10 00:00:00",
  "value" : "95"
},{
  "dateTime" : "10/23/10 00:00:00",
  "value" : "44"
},{
  "dateTime" : "10/24/10 00:00:00",
  "value" : "0"
},{
  "dateTime" : "10/25/10 00:00:00",
  "value" : "0"
},{
  "dateTime" : "10/26/10 00:00:00",
  "value" : "0"
},{
  "dateTime" : "10/27/10 00:00:00",
  "value" : "0"
},{
  "dateTime" : "10/28/10 00:00:00",
  "value" : "0"
},{
  "dateTime" : "10/29/10 00:00:00",
  "value" : "0"
},{
  "dateTime" : "10/30/10 00:00:00",
  "value" : "0"
},{
  "dateTime" : "10/31/10 00:00:00",
  "value" : "0"
},{
  "dateTime" : "11/01/10 00:00:00",
  "value" : "0"
}]