[{
  "dateTime" : "11/11/14 00:00:00",
  "value" : "0"
},{
  "dateTime" : "11/12/14 00:00:00",
  "value" : "8"
},{
  "dateTime" : "11/13/14 00:00:00",
  "value" : "9"
},{
  "dateTime" : "11/14/14 00:00:00",
  "value" : "0"
},{
  "dateTime" : "11/15/14 00:00:00",
  "value" : "0"
},{
  "dateTime" : "11/16/14 00:00:00",
  "value" : "3"
},{
  "dateTime" : "11/17/14 00:00:00",
  "value" : "10"
},{
  "dateTime" : "11/18/14 00:00:00",
  "value" : "30"
},{
  "dateTime" : "11/19/14 00:00:00",
  "value" : "2"
},{
  "dateTime" : "11/20/14 00:00:00",
  "value" : "4"
},{
  "dateTime" : "11/21/14 00:00:00",
  "value" : "0"
},{
  "dateTime" : "11/22/14 00:00:00",
  "value" : "5"
},{
  "dateTime" : "11/23/14 00:00:00",
  "value" : "0"
},{
  "dateTime" : "11/24/14 00:00:00",
  "value" : "0"
},{
  "dateTime" : "11/25/14 00:00:00",
  "value" : "0"
},{
  "dateTime" : "11/26/14 00:00:00",
  "value" : "16"
},{
  "dateTime" : "11/27/14 00:00:00",
  "value" : "0"
},{
  "dateTime" : "11/28/14 00:00:00",
  "value" : "0"
},{
  "dateTime" : "11/29/14 00:00:00",
  "value" : "14"
},{
  "dateTime" : "11/30/14 00:00:00",
  "value" : "30"
},{
  "dateTime" : "12/01/14 00:00:00",
  "value" : "9"
},{
  "dateTime" : "12/02/14 00:00:00",
  "value" : "6"
},{
  "dateTime" : "12/03/14 00:00:00",
  "value" : "10"
},{
  "dateTime" : "12/04/14 00:00:00",
  "value" : "37"
},{
  "dateTime" : "12/05/14 00:00:00",
  "value" : "0"
},{
  "dateTime" : "12/06/14 00:00:00",
  "value" : "32"
},{
  "dateTime" : "12/07/14 00:00:00",
  "value" : "1"
},{
  "dateTime" : "12/08/14 00:00:00",
  "value" : "65"
},{
  "dateTime" : "12/09/14 00:00:00",
  "value" : "24"
},{
  "dateTime" : "12/10/14 00:00:00",
  "value" : "0"
}]