[{
  "dateTime" : "09/22/12 00:00:00",
  "value" : "95"
},{
  "dateTime" : "09/23/12 00:00:00",
  "value" : "62"
},{
  "dateTime" : "09/24/12 00:00:00",
  "value" : "62"
},{
  "dateTime" : "09/25/12 00:00:00",
  "value" : "87"
},{
  "dateTime" : "09/26/12 00:00:00",
  "value" : "66"
},{
  "dateTime" : "09/27/12 00:00:00",
  "value" : "70"
},{
  "dateTime" : "09/28/12 00:00:00",
  "value" : "69"
},{
  "dateTime" : "09/29/12 00:00:00",
  "value" : "88"
},{
  "dateTime" : "09/30/12 00:00:00",
  "value" : "88"
},{
  "dateTime" : "10/01/12 00:00:00",
  "value" : "58"
},{
  "dateTime" : "10/02/12 00:00:00",
  "value" : "65"
},{
  "dateTime" : "10/03/12 00:00:00",
  "value" : "84"
},{
  "dateTime" : "10/04/12 00:00:00",
  "value" : "72"
},{
  "dateTime" : "10/05/12 00:00:00",
  "value" : "64"
},{
  "dateTime" : "10/06/12 00:00:00",
  "value" : "85"
},{
  "dateTime" : "10/07/12 00:00:00",
  "value" : "95"
},{
  "dateTime" : "10/08/12 00:00:00",
  "value" : "78"
},{
  "dateTime" : "10/09/12 00:00:00",
  "value" : "83"
},{
  "dateTime" : "10/10/12 00:00:00",
  "value" : "80"
},{
  "dateTime" : "10/11/12 00:00:00",
  "value" : "59"
},{
  "dateTime" : "10/12/12 00:00:00",
  "value" : "67"
},{
  "dateTime" : "10/13/12 00:00:00",
  "value" : "82"
},{
  "dateTime" : "10/14/12 00:00:00",
  "value" : "98"
},{
  "dateTime" : "10/15/12 00:00:00",
  "value" : "96"
},{
  "dateTime" : "10/16/12 00:00:00",
  "value" : "98"
},{
  "dateTime" : "10/17/12 00:00:00",
  "value" : "77"
},{
  "dateTime" : "10/18/12 00:00:00",
  "value" : "111"
},{
  "dateTime" : "10/19/12 00:00:00",
  "value" : "58"
},{
  "dateTime" : "10/20/12 00:00:00",
  "value" : "54"
},{
  "dateTime" : "10/21/12 00:00:00",
  "value" : "79"
}]