[{
  "dateTime" : "01/26/12 00:00:00",
  "value" : "103"
},{
  "dateTime" : "01/27/12 00:00:00",
  "value" : "69"
},{
  "dateTime" : "01/28/12 00:00:00",
  "value" : "100"
},{
  "dateTime" : "01/29/12 00:00:00",
  "value" : "119"
},{
  "dateTime" : "01/30/12 00:00:00",
  "value" : "118"
},{
  "dateTime" : "01/31/12 00:00:00",
  "value" : "122"
},{
  "dateTime" : "02/01/12 00:00:00",
  "value" : "108"
},{
  "dateTime" : "02/02/12 00:00:00",
  "value" : "120"
},{
  "dateTime" : "02/03/12 00:00:00",
  "value" : "125"
},{
  "dateTime" : "02/04/12 00:00:00",
  "value" : "160"
},{
  "dateTime" : "02/05/12 00:00:00",
  "value" : "121"
},{
  "dateTime" : "02/06/12 00:00:00",
  "value" : "91"
},{
  "dateTime" : "02/07/12 00:00:00",
  "value" : "32"
},{
  "dateTime" : "02/08/12 00:00:00",
  "value" : "119"
},{
  "dateTime" : "02/09/12 00:00:00",
  "value" : "98"
},{
  "dateTime" : "02/10/12 00:00:00",
  "value" : "87"
},{
  "dateTime" : "02/11/12 00:00:00",
  "value" : "69"
},{
  "dateTime" : "02/12/12 00:00:00",
  "value" : "87"
},{
  "dateTime" : "02/13/12 00:00:00",
  "value" : "105"
},{
  "dateTime" : "02/14/12 00:00:00",
  "value" : "76"
},{
  "dateTime" : "02/15/12 00:00:00",
  "value" : "99"
},{
  "dateTime" : "02/16/12 00:00:00",
  "value" : "86"
},{
  "dateTime" : "02/17/12 00:00:00",
  "value" : "106"
},{
  "dateTime" : "02/18/12 00:00:00",
  "value" : "73"
},{
  "dateTime" : "02/19/12 00:00:00",
  "value" : "128"
},{
  "dateTime" : "02/20/12 00:00:00",
  "value" : "130"
},{
  "dateTime" : "02/21/12 00:00:00",
  "value" : "99"
},{
  "dateTime" : "02/22/12 00:00:00",
  "value" : "117"
},{
  "dateTime" : "02/23/12 00:00:00",
  "value" : "99"
},{
  "dateTime" : "02/24/12 00:00:00",
  "value" : "64"
}]