[{
  "dateTime" : "01/10/15 00:00:00",
  "value" : "60"
},{
  "dateTime" : "01/11/15 00:00:00",
  "value" : "30"
},{
  "dateTime" : "01/12/15 00:00:00",
  "value" : "44"
},{
  "dateTime" : "01/13/15 00:00:00",
  "value" : "47"
},{
  "dateTime" : "01/14/15 00:00:00",
  "value" : "2"
},{
  "dateTime" : "01/15/15 00:00:00",
  "value" : "11"
},{
  "dateTime" : "01/16/15 00:00:00",
  "value" : "43"
},{
  "dateTime" : "01/17/15 00:00:00",
  "value" : "27"
},{
  "dateTime" : "01/18/15 00:00:00",
  "value" : "12"
},{
  "dateTime" : "01/19/15 00:00:00",
  "value" : "30"
},{
  "dateTime" : "01/20/15 00:00:00",
  "value" : "11"
},{
  "dateTime" : "01/21/15 00:00:00",
  "value" : "8"
},{
  "dateTime" : "01/22/15 00:00:00",
  "value" : "23"
},{
  "dateTime" : "01/23/15 00:00:00",
  "value" : "10"
},{
  "dateTime" : "01/24/15 00:00:00",
  "value" : "0"
},{
  "dateTime" : "01/25/15 00:00:00",
  "value" : "0"
},{
  "dateTime" : "01/26/15 00:00:00",
  "value" : "12"
},{
  "dateTime" : "01/27/15 00:00:00",
  "value" : "9"
},{
  "dateTime" : "01/28/15 00:00:00",
  "value" : "4"
},{
  "dateTime" : "01/29/15 00:00:00",
  "value" : "7"
},{
  "dateTime" : "01/30/15 00:00:00",
  "value" : "15"
},{
  "dateTime" : "01/31/15 00:00:00",
  "value" : "2"
},{
  "dateTime" : "02/01/15 00:00:00",
  "value" : "7"
},{
  "dateTime" : "02/02/15 00:00:00",
  "value" : "9"
},{
  "dateTime" : "02/03/15 00:00:00",
  "value" : "13"
},{
  "dateTime" : "02/04/15 00:00:00",
  "value" : "8"
},{
  "dateTime" : "02/05/15 00:00:00",
  "value" : "2"
},{
  "dateTime" : "02/06/15 00:00:00",
  "value" : "0"
},{
  "dateTime" : "02/07/15 00:00:00",
  "value" : "0"
},{
  "dateTime" : "02/08/15 00:00:00",
  "value" : "0"
}]