[{
  "dateTime" : "08/29/11 00:00:00",
  "value" : "82"
},{
  "dateTime" : "08/30/11 00:00:00",
  "value" : "87"
},{
  "dateTime" : "08/31/11 00:00:00",
  "value" : "135"
},{
  "dateTime" : "09/01/11 00:00:00",
  "value" : "113"
},{
  "dateTime" : "09/02/11 00:00:00",
  "value" : "104"
},{
  "dateTime" : "09/03/11 00:00:00",
  "value" : "90"
},{
  "dateTime" : "09/04/11 00:00:00",
  "value" : "108"
},{
  "dateTime" : "09/05/11 00:00:00",
  "value" : "88"
},{
  "dateTime" : "09/06/11 00:00:00",
  "value" : "143"
},{
  "dateTime" : "09/07/11 00:00:00",
  "value" : "96"
},{
  "dateTime" : "09/08/11 00:00:00",
  "value" : "89"
},{
  "dateTime" : "09/09/11 00:00:00",
  "value" : "47"
},{
  "dateTime" : "09/10/11 00:00:00",
  "value" : "22"
},{
  "dateTime" : "09/11/11 00:00:00",
  "value" : "59"
},{
  "dateTime" : "09/12/11 00:00:00",
  "value" : "98"
},{
  "dateTime" : "09/13/11 00:00:00",
  "value" : "94"
},{
  "dateTime" : "09/14/11 00:00:00",
  "value" : "83"
},{
  "dateTime" : "09/15/11 00:00:00",
  "value" : "129"
},{
  "dateTime" : "09/16/11 00:00:00",
  "value" : "97"
},{
  "dateTime" : "09/17/11 00:00:00",
  "value" : "118"
},{
  "dateTime" : "09/18/11 00:00:00",
  "value" : "161"
},{
  "dateTime" : "09/19/11 00:00:00",
  "value" : "90"
},{
  "dateTime" : "09/20/11 00:00:00",
  "value" : "109"
},{
  "dateTime" : "09/21/11 00:00:00",
  "value" : "104"
},{
  "dateTime" : "09/22/11 00:00:00",
  "value" : "228"
},{
  "dateTime" : "09/23/11 00:00:00",
  "value" : "53"
},{
  "dateTime" : "09/24/11 00:00:00",
  "value" : "118"
},{
  "dateTime" : "09/25/11 00:00:00",
  "value" : "58"
},{
  "dateTime" : "09/26/11 00:00:00",
  "value" : "78"
},{
  "dateTime" : "09/27/11 00:00:00",
  "value" : "130"
}]