[{
  "dateTime" : "06/19/13 00:00:00",
  "value" : "107"
},{
  "dateTime" : "06/20/13 00:00:00",
  "value" : "73"
},{
  "dateTime" : "06/21/13 00:00:00",
  "value" : "34"
},{
  "dateTime" : "06/22/13 00:00:00",
  "value" : "62"
},{
  "dateTime" : "06/23/13 00:00:00",
  "value" : "19"
},{
  "dateTime" : "06/24/13 00:00:00",
  "value" : "140"
},{
  "dateTime" : "06/25/13 00:00:00",
  "value" : "70"
},{
  "dateTime" : "06/26/13 00:00:00",
  "value" : "49"
},{
  "dateTime" : "06/27/13 00:00:00",
  "value" : "48"
},{
  "dateTime" : "06/28/13 00:00:00",
  "value" : "35"
},{
  "dateTime" : "06/29/13 00:00:00",
  "value" : "68"
},{
  "dateTime" : "06/30/13 00:00:00",
  "value" : "37"
},{
  "dateTime" : "07/01/13 00:00:00",
  "value" : "71"
},{
  "dateTime" : "07/02/13 00:00:00",
  "value" : "98"
},{
  "dateTime" : "07/03/13 00:00:00",
  "value" : "98"
},{
  "dateTime" : "07/04/13 00:00:00",
  "value" : "97"
},{
  "dateTime" : "07/05/13 00:00:00",
  "value" : "54"
},{
  "dateTime" : "07/06/13 00:00:00",
  "value" : "102"
},{
  "dateTime" : "07/07/13 00:00:00",
  "value" : "88"
},{
  "dateTime" : "07/08/13 00:00:00",
  "value" : "105"
},{
  "dateTime" : "07/09/13 00:00:00",
  "value" : "67"
},{
  "dateTime" : "07/10/13 00:00:00",
  "value" : "48"
},{
  "dateTime" : "07/11/13 00:00:00",
  "value" : "154"
},{
  "dateTime" : "07/12/13 00:00:00",
  "value" : "62"
},{
  "dateTime" : "07/13/13 00:00:00",
  "value" : "55"
},{
  "dateTime" : "07/14/13 00:00:00",
  "value" : "108"
},{
  "dateTime" : "07/15/13 00:00:00",
  "value" : "58"
},{
  "dateTime" : "07/16/13 00:00:00",
  "value" : "76"
},{
  "dateTime" : "07/17/13 00:00:00",
  "value" : "50"
},{
  "dateTime" : "07/18/13 00:00:00",
  "value" : "86"
}]