[{
  "dateTime" : "12/06/15 00:00:00",
  "value" : "0"
},{
  "dateTime" : "12/07/15 00:00:00",
  "value" : "0"
},{
  "dateTime" : "12/08/15 00:00:00",
  "value" : "5"
},{
  "dateTime" : "12/09/15 00:00:00",
  "value" : "8"
},{
  "dateTime" : "12/10/15 00:00:00",
  "value" : "0"
},{
  "dateTime" : "12/11/15 00:00:00",
  "value" : "4"
},{
  "dateTime" : "12/12/15 00:00:00",
  "value" : "20"
},{
  "dateTime" : "12/13/15 00:00:00",
  "value" : "0"
},{
  "dateTime" : "12/14/15 00:00:00",
  "value" : "0"
},{
  "dateTime" : "12/15/15 00:00:00",
  "value" : "0"
},{
  "dateTime" : "12/16/15 00:00:00",
  "value" : "0"
},{
  "dateTime" : "12/17/15 00:00:00",
  "value" : "0"
},{
  "dateTime" : "12/18/15 00:00:00",
  "value" : "0"
},{
  "dateTime" : "12/19/15 00:00:00",
  "value" : "0"
},{
  "dateTime" : "12/20/15 00:00:00",
  "value" : "29"
},{
  "dateTime" : "12/21/15 00:00:00",
  "value" : "0"
},{
  "dateTime" : "12/22/15 00:00:00",
  "value" : "5"
},{
  "dateTime" : "12/23/15 00:00:00",
  "value" : "8"
},{
  "dateTime" : "12/24/15 00:00:00",
  "value" : "0"
},{
  "dateTime" : "12/25/15 00:00:00",
  "value" : "0"
},{
  "dateTime" : "12/26/15 00:00:00",
  "value" : "0"
},{
  "dateTime" : "12/27/15 00:00:00",
  "value" : "0"
},{
  "dateTime" : "12/28/15 00:00:00",
  "value" : "14"
},{
  "dateTime" : "12/29/15 00:00:00",
  "value" : "0"
},{
  "dateTime" : "12/30/15 00:00:00",
  "value" : "0"
},{
  "dateTime" : "12/31/15 00:00:00",
  "value" : "0"
},{
  "dateTime" : "01/01/16 00:00:00",
  "value" : "0"
},{
  "dateTime" : "01/02/16 00:00:00",
  "value" : "0"
},{
  "dateTime" : "01/03/16 00:00:00",
  "value" : "0"
},{
  "dateTime" : "01/04/16 00:00:00",
  "value" : "3"
}]