[{
  "dateTime" : "02/04/16 00:00:00",
  "value" : "585"
},{
  "dateTime" : "02/05/16 00:00:00",
  "value" : "808"
},{
  "dateTime" : "02/06/16 00:00:00",
  "value" : "778"
},{
  "dateTime" : "02/07/16 00:00:00",
  "value" : "613"
},{
  "dateTime" : "02/08/16 00:00:00",
  "value" : "598"
},{
  "dateTime" : "02/09/16 00:00:00",
  "value" : "654"
},{
  "dateTime" : "02/10/16 00:00:00",
  "value" : "976"
},{
  "dateTime" : "02/11/16 00:00:00",
  "value" : "744"
},{
  "dateTime" : "02/12/16 00:00:00",
  "value" : "742"
},{
  "dateTime" : "02/13/16 00:00:00",
  "value" : "1306"
},{
  "dateTime" : "02/14/16 00:00:00",
  "value" : "561"
},{
  "dateTime" : "02/15/16 00:00:00",
  "value" : "724"
},{
  "dateTime" : "02/16/16 00:00:00",
  "value" : "699"
},{
  "dateTime" : "02/17/16 00:00:00",
  "value" : "646"
},{
  "dateTime" : "02/18/16 00:00:00",
  "value" : "411"
},{
  "dateTime" : "02/19/16 00:00:00",
  "value" : "320"
},{
  "dateTime" : "02/20/16 00:00:00",
  "value" : "546"
},{
  "dateTime" : "02/21/16 00:00:00",
  "value" : "696"
},{
  "dateTime" : "02/22/16 00:00:00",
  "value" : "790"
},{
  "dateTime" : "02/23/16 00:00:00",
  "value" : "687"
},{
  "dateTime" : "02/24/16 00:00:00",
  "value" : "853"
},{
  "dateTime" : "02/25/16 00:00:00",
  "value" : "391"
},{
  "dateTime" : "02/26/16 00:00:00",
  "value" : "588"
},{
  "dateTime" : "02/27/16 00:00:00",
  "value" : "596"
},{
  "dateTime" : "02/28/16 00:00:00",
  "value" : "1173"
},{
  "dateTime" : "02/29/16 00:00:00",
  "value" : "671"
},{
  "dateTime" : "03/01/16 00:00:00",
  "value" : "561"
},{
  "dateTime" : "03/02/16 00:00:00",
  "value" : "787"
},{
  "dateTime" : "03/03/16 00:00:00",
  "value" : "417"
},{
  "dateTime" : "03/04/16 00:00:00",
  "value" : "542"
}]