[{
  "dateTime" : "02/23/18 00:00:00",
  "value" : "825"
},{
  "dateTime" : "02/24/18 00:00:00",
  "value" : "684"
},{
  "dateTime" : "02/25/18 00:00:00",
  "value" : "487"
},{
  "dateTime" : "02/26/18 00:00:00",
  "value" : "660"
},{
  "dateTime" : "02/27/18 00:00:00",
  "value" : "536"
},{
  "dateTime" : "02/28/18 00:00:00",
  "value" : "846"
},{
  "dateTime" : "03/01/18 00:00:00",
  "value" : "364"
},{
  "dateTime" : "03/02/18 00:00:00",
  "value" : "908"
},{
  "dateTime" : "03/03/18 00:00:00",
  "value" : "1368"
},{
  "dateTime" : "03/04/18 00:00:00",
  "value" : "1416"
},{
  "dateTime" : "03/05/18 00:00:00",
  "value" : "599"
},{
  "dateTime" : "03/06/18 00:00:00",
  "value" : "691"
},{
  "dateTime" : "03/07/18 00:00:00",
  "value" : "699"
},{
  "dateTime" : "03/08/18 00:00:00",
  "value" : "648"
},{
  "dateTime" : "03/09/18 00:00:00",
  "value" : "643"
},{
  "dateTime" : "03/10/18 00:00:00",
  "value" : "514"
},{
  "dateTime" : "03/11/18 00:00:00",
  "value" : "436"
},{
  "dateTime" : "03/12/18 00:00:00",
  "value" : "507"
},{
  "dateTime" : "03/13/18 00:00:00",
  "value" : "554"
},{
  "dateTime" : "03/14/18 00:00:00",
  "value" : "711"
},{
  "dateTime" : "03/15/18 00:00:00",
  "value" : "637"
},{
  "dateTime" : "03/16/18 00:00:00",
  "value" : "608"
},{
  "dateTime" : "03/17/18 00:00:00",
  "value" : "604"
},{
  "dateTime" : "03/18/18 00:00:00",
  "value" : "730"
},{
  "dateTime" : "03/19/18 00:00:00",
  "value" : "641"
},{
  "dateTime" : "03/20/18 00:00:00",
  "value" : "854"
},{
  "dateTime" : "03/21/18 00:00:00",
  "value" : "685"
},{
  "dateTime" : "03/22/18 00:00:00",
  "value" : "658"
},{
  "dateTime" : "03/23/18 00:00:00",
  "value" : "688"
},{
  "dateTime" : "03/24/18 00:00:00",
  "value" : "1440"
}]