[{
  "dateTime" : "03/25/18 00:00:00",
  "value" : "1440"
},{
  "dateTime" : "03/26/18 00:00:00",
  "value" : "1440"
},{
  "dateTime" : "03/27/18 00:00:00",
  "value" : "1440"
},{
  "dateTime" : "03/28/18 00:00:00",
  "value" : "1440"
},{
  "dateTime" : "03/29/18 00:00:00",
  "value" : "1275"
},{
  "dateTime" : "03/30/18 00:00:00",
  "value" : "654"
},{
  "dateTime" : "03/31/18 00:00:00",
  "value" : "464"
},{
  "dateTime" : "04/01/18 00:00:00",
  "value" : "611"
},{
  "dateTime" : "04/02/18 00:00:00",
  "value" : "650"
},{
  "dateTime" : "04/03/18 00:00:00",
  "value" : "580"
},{
  "dateTime" : "04/04/18 00:00:00",
  "value" : "860"
},{
  "dateTime" : "04/05/18 00:00:00",
  "value" : "672"
},{
  "dateTime" : "04/06/18 00:00:00",
  "value" : "767"
},{
  "dateTime" : "04/07/18 00:00:00",
  "value" : "416"
},{
  "dateTime" : "04/08/18 00:00:00",
  "value" : "710"
},{
  "dateTime" : "04/09/18 00:00:00",
  "value" : "992"
},{
  "dateTime" : "04/10/18 00:00:00",
  "value" : "652"
},{
  "dateTime" : "04/11/18 00:00:00",
  "value" : "700"
},{
  "dateTime" : "04/12/18 00:00:00",
  "value" : "611"
},{
  "dateTime" : "04/13/18 00:00:00",
  "value" : "1118"
},{
  "dateTime" : "04/14/18 00:00:00",
  "value" : "595"
},{
  "dateTime" : "04/15/18 00:00:00",
  "value" : "1384"
},{
  "dateTime" : "04/16/18 00:00:00",
  "value" : "740"
},{
  "dateTime" : "04/17/18 00:00:00",
  "value" : "655"
},{
  "dateTime" : "04/18/18 00:00:00",
  "value" : "888"
},{
  "dateTime" : "04/19/18 00:00:00",
  "value" : "666"
},{
  "dateTime" : "04/20/18 00:00:00",
  "value" : "644"
},{
  "dateTime" : "04/21/18 00:00:00",
  "value" : "542"
},{
  "dateTime" : "04/22/18 00:00:00",
  "value" : "595"
},{
  "dateTime" : "04/23/18 00:00:00",
  "value" : "764"
}]