[{
  "dateTime" : "01/24/18 00:00:00",
  "value" : "757"
},{
  "dateTime" : "01/25/18 00:00:00",
  "value" : "729"
},{
  "dateTime" : "01/26/18 00:00:00",
  "value" : "739"
},{
  "dateTime" : "01/27/18 00:00:00",
  "value" : "686"
},{
  "dateTime" : "01/28/18 00:00:00",
  "value" : "505"
},{
  "dateTime" : "01/29/18 00:00:00",
  "value" : "664"
},{
  "dateTime" : "01/30/18 00:00:00",
  "value" : "641"
},{
  "dateTime" : "01/31/18 00:00:00",
  "value" : "555"
},{
  "dateTime" : "02/01/18 00:00:00",
  "value" : "604"
},{
  "dateTime" : "02/02/18 00:00:00",
  "value" : "680"
},{
  "dateTime" : "02/03/18 00:00:00",
  "value" : "663"
},{
  "dateTime" : "02/04/18 00:00:00",
  "value" : "517"
},{
  "dateTime" : "02/05/18 00:00:00",
  "value" : "618"
},{
  "dateTime" : "02/06/18 00:00:00",
  "value" : "527"
},{
  "dateTime" : "02/07/18 00:00:00",
  "value" : "589"
},{
  "dateTime" : "02/08/18 00:00:00",
  "value" : "655"
},{
  "dateTime" : "02/09/18 00:00:00",
  "value" : "650"
},{
  "dateTime" : "02/10/18 00:00:00",
  "value" : "584"
},{
  "dateTime" : "02/11/18 00:00:00",
  "value" : "642"
},{
  "dateTime" : "02/12/18 00:00:00",
  "value" : "630"
},{
  "dateTime" : "02/13/18 00:00:00",
  "value" : "643"
},{
  "dateTime" : "02/14/18 00:00:00",
  "value" : "717"
},{
  "dateTime" : "02/15/18 00:00:00",
  "value" : "647"
},{
  "dateTime" : "02/16/18 00:00:00",
  "value" : "780"
},{
  "dateTime" : "02/17/18 00:00:00",
  "value" : "647"
},{
  "dateTime" : "02/18/18 00:00:00",
  "value" : "496"
},{
  "dateTime" : "02/19/18 00:00:00",
  "value" : "1415"
},{
  "dateTime" : "02/20/18 00:00:00",
  "value" : "874"
},{
  "dateTime" : "02/21/18 00:00:00",
  "value" : "1006"
},{
  "dateTime" : "02/22/18 00:00:00",
  "value" : "707"
}]