[{
  "dateTime" : "12/27/11 00:00:00",
  "value" : "486"
},{
  "dateTime" : "12/28/11 00:00:00",
  "value" : "387"
},{
  "dateTime" : "12/29/11 00:00:00",
  "value" : "667"
},{
  "dateTime" : "12/30/11 00:00:00",
  "value" : "413"
},{
  "dateTime" : "12/31/11 00:00:00",
  "value" : "631"
},{
  "dateTime" : "01/01/12 00:00:00",
  "value" : "1190"
},{
  "dateTime" : "01/02/12 00:00:00",
  "value" : "527"
},{
  "dateTime" : "01/03/12 00:00:00",
  "value" : "563"
},{
  "dateTime" : "01/04/12 00:00:00",
  "value" : "587"
},{
  "dateTime" : "01/05/12 00:00:00",
  "value" : "611"
},{
  "dateTime" : "01/06/12 00:00:00",
  "value" : "78"
},{
  "dateTime" : "01/07/12 00:00:00",
  "value" : "599"
},{
  "dateTime" : "01/08/12 00:00:00",
  "value" : "348"
},{
  "dateTime" : "01/09/12 00:00:00",
  "value" : "576"
},{
  "dateTime" : "01/10/12 00:00:00",
  "value" : "593"
},{
  "dateTime" : "01/11/12 00:00:00",
  "value" : "616"
},{
  "dateTime" : "01/12/12 00:00:00",
  "value" : "677"
},{
  "dateTime" : "01/13/12 00:00:00",
  "value" : "1218"
},{
  "dateTime" : "01/14/12 00:00:00",
  "value" : "1055"
},{
  "dateTime" : "01/15/12 00:00:00",
  "value" : "466"
},{
  "dateTime" : "01/16/12 00:00:00",
  "value" : "937"
},{
  "dateTime" : "01/17/12 00:00:00",
  "value" : "593"
},{
  "dateTime" : "01/18/12 00:00:00",
  "value" : "692"
},{
  "dateTime" : "01/19/12 00:00:00",
  "value" : "788"
},{
  "dateTime" : "01/20/12 00:00:00",
  "value" : "716"
},{
  "dateTime" : "01/21/12 00:00:00",
  "value" : "616"
},{
  "dateTime" : "01/22/12 00:00:00",
  "value" : "1068"
},{
  "dateTime" : "01/23/12 00:00:00",
  "value" : "468"
},{
  "dateTime" : "01/24/12 00:00:00",
  "value" : "487"
},{
  "dateTime" : "01/25/12 00:00:00",
  "value" : "614"
}]