[{
  "dateTime" : "04/06/10 00:00:00",
  "value" : "1440"
},{
  "dateTime" : "04/07/10 00:00:00",
  "value" : "1440"
},{
  "dateTime" : "04/08/10 00:00:00",
  "value" : "1440"
},{
  "dateTime" : "04/09/10 00:00:00",
  "value" : "1440"
},{
  "dateTime" : "04/10/10 00:00:00",
  "value" : "1304"
},{
  "dateTime" : "04/11/10 00:00:00",
  "value" : "277"
},{
  "dateTime" : "04/12/10 00:00:00",
  "value" : "617"
},{
  "dateTime" : "04/13/10 00:00:00",
  "value" : "605"
},{
  "dateTime" : "04/14/10 00:00:00",
  "value" : "782"
},{
  "dateTime" : "04/15/10 00:00:00",
  "value" : "822"
},{
  "dateTime" : "04/16/10 00:00:00",
  "value" : "1296"
},{
  "dateTime" : "04/17/10 00:00:00",
  "value" : "1440"
},{
  "dateTime" : "04/18/10 00:00:00",
  "value" : "1440"
},{
  "dateTime" : "04/19/10 00:00:00",
  "value" : "1440"
},{
  "dateTime" : "04/20/10 00:00:00",
  "value" : "1440"
},{
  "dateTime" : "04/21/10 00:00:00",
  "value" : "1289"
},{
  "dateTime" : "04/22/10 00:00:00",
  "value" : "574"
},{
  "dateTime" : "04/23/10 00:00:00",
  "value" : "622"
},{
  "dateTime" : "04/24/10 00:00:00",
  "value" : "689"
},{
  "dateTime" : "04/25/10 00:00:00",
  "value" : "555"
},{
  "dateTime" : "04/26/10 00:00:00",
  "value" : "635"
},{
  "dateTime" : "04/27/10 00:00:00",
  "value" : "587"
},{
  "dateTime" : "04/28/10 00:00:00",
  "value" : "707"
},{
  "dateTime" : "04/29/10 00:00:00",
  "value" : "645"
},{
  "dateTime" : "04/30/10 00:00:00",
  "value" : "664"
},{
  "dateTime" : "05/01/10 00:00:00",
  "value" : "632"
},{
  "dateTime" : "05/02/10 00:00:00",
  "value" : "595"
},{
  "dateTime" : "05/03/10 00:00:00",
  "value" : "638"
},{
  "dateTime" : "05/04/10 00:00:00",
  "value" : "538"
},{
  "dateTime" : "05/05/10 00:00:00",
  "value" : "693"
}]