[{
  "dateTime" : "04/01/11 00:00:00",
  "value" : "1127"
},{
  "dateTime" : "04/02/11 00:00:00",
  "value" : "1135"
},{
  "dateTime" : "04/03/11 00:00:00",
  "value" : "1001"
},{
  "dateTime" : "04/04/11 00:00:00",
  "value" : "512"
},{
  "dateTime" : "04/05/11 00:00:00",
  "value" : "684"
},{
  "dateTime" : "04/06/11 00:00:00",
  "value" : "961"
},{
  "dateTime" : "04/07/11 00:00:00",
  "value" : "669"
},{
  "dateTime" : "04/08/11 00:00:00",
  "value" : "755"
},{
  "dateTime" : "04/09/11 00:00:00",
  "value" : "1051"
},{
  "dateTime" : "04/10/11 00:00:00",
  "value" : "967"
},{
  "dateTime" : "04/11/11 00:00:00",
  "value" : "683"
},{
  "dateTime" : "04/12/11 00:00:00",
  "value" : "616"
},{
  "dateTime" : "04/13/11 00:00:00",
  "value" : "524"
},{
  "dateTime" : "04/14/11 00:00:00",
  "value" : "757"
},{
  "dateTime" : "04/15/11 00:00:00",
  "value" : "1050"
},{
  "dateTime" : "04/16/11 00:00:00",
  "value" : "1140"
},{
  "dateTime" : "04/17/11 00:00:00",
  "value" : "1104"
},{
  "dateTime" : "04/18/11 00:00:00",
  "value" : "796"
},{
  "dateTime" : "04/19/11 00:00:00",
  "value" : "620"
},{
  "dateTime" : "04/20/11 00:00:00",
  "value" : "745"
},{
  "dateTime" : "04/21/11 00:00:00",
  "value" : "1010"
},{
  "dateTime" : "04/22/11 00:00:00",
  "value" : "751"
},{
  "dateTime" : "04/23/11 00:00:00",
  "value" : "1048"
},{
  "dateTime" : "04/24/11 00:00:00",
  "value" : "912"
},{
  "dateTime" : "04/25/11 00:00:00",
  "value" : "615"
},{
  "dateTime" : "04/26/11 00:00:00",
  "value" : "572"
},{
  "dateTime" : "04/27/11 00:00:00",
  "value" : "587"
},{
  "dateTime" : "04/28/11 00:00:00",
  "value" : "1131"
},{
  "dateTime" : "04/29/11 00:00:00",
  "value" : "1116"
},{
  "dateTime" : "04/30/11 00:00:00",
  "value" : "638"
}]