[{
  "dateTime" : "02/25/12 00:00:00",
  "value" : "1127"
},{
  "dateTime" : "02/26/12 00:00:00",
  "value" : "1148"
},{
  "dateTime" : "02/27/12 00:00:00",
  "value" : "981"
},{
  "dateTime" : "02/28/12 00:00:00",
  "value" : "1085"
},{
  "dateTime" : "02/29/12 00:00:00",
  "value" : "712"
},{
  "dateTime" : "03/01/12 00:00:00",
  "value" : "719"
},{
  "dateTime" : "03/02/12 00:00:00",
  "value" : "657"
},{
  "dateTime" : "03/03/12 00:00:00",
  "value" : "540"
},{
  "dateTime" : "03/04/12 00:00:00",
  "value" : "420"
},{
  "dateTime" : "03/05/12 00:00:00",
  "value" : "596"
},{
  "dateTime" : "03/06/12 00:00:00",
  "value" : "650"
},{
  "dateTime" : "03/07/12 00:00:00",
  "value" : "729"
},{
  "dateTime" : "03/08/12 00:00:00",
  "value" : "1065"
},{
  "dateTime" : "03/09/12 00:00:00",
  "value" : "990"
},{
  "dateTime" : "03/10/12 00:00:00",
  "value" : "1112"
},{
  "dateTime" : "03/11/12 00:00:00",
  "value" : "944"
},{
  "dateTime" : "03/12/12 00:00:00",
  "value" : "874"
},{
  "dateTime" : "03/13/12 00:00:00",
  "value" : "525"
},{
  "dateTime" : "03/14/12 00:00:00",
  "value" : "529"
},{
  "dateTime" : "03/15/12 00:00:00",
  "value" : "683"
},{
  "dateTime" : "03/16/12 00:00:00",
  "value" : "699"
},{
  "dateTime" : "03/17/12 00:00:00",
  "value" : "1166"
},{
  "dateTime" : "03/18/12 00:00:00",
  "value" : "1125"
},{
  "dateTime" : "03/19/12 00:00:00",
  "value" : "515"
},{
  "dateTime" : "03/20/12 00:00:00",
  "value" : "507"
},{
  "dateTime" : "03/21/12 00:00:00",
  "value" : "684"
},{
  "dateTime" : "03/22/12 00:00:00",
  "value" : "746"
},{
  "dateTime" : "03/23/12 00:00:00",
  "value" : "801"
},{
  "dateTime" : "03/24/12 00:00:00",
  "value" : "1117"
},{
  "dateTime" : "03/25/12 00:00:00",
  "value" : "537"
}]