[{
  "dateTime" : "06/28/17 00:00:00",
  "value" : "605"
},{
  "dateTime" : "06/29/17 00:00:00",
  "value" : "537"
},{
  "dateTime" : "06/30/17 00:00:00",
  "value" : "719"
},{
  "dateTime" : "07/01/17 00:00:00",
  "value" : "850"
},{
  "dateTime" : "07/02/17 00:00:00",
  "value" : "806"
},{
  "dateTime" : "07/03/17 00:00:00",
  "value" : "355"
},{
  "dateTime" : "07/04/17 00:00:00",
  "value" : "868"
},{
  "dateTime" : "07/05/17 00:00:00",
  "value" : "1122"
},{
  "dateTime" : "07/06/17 00:00:00",
  "value" : "1002"
},{
  "dateTime" : "07/07/17 00:00:00",
  "value" : "583"
},{
  "dateTime" : "07/08/17 00:00:00",
  "value" : "502"
},{
  "dateTime" : "07/09/17 00:00:00",
  "value" : "778"
},{
  "dateTime" : "07/10/17 00:00:00",
  "value" : "776"
},{
  "dateTime" : "07/11/17 00:00:00",
  "value" : "652"
},{
  "dateTime" : "07/12/17 00:00:00",
  "value" : "972"
},{
  "dateTime" : "07/13/17 00:00:00",
  "value" : "743"
},{
  "dateTime" : "07/14/17 00:00:00",
  "value" : "788"
},{
  "dateTime" : "07/15/17 00:00:00",
  "value" : "710"
},{
  "dateTime" : "07/16/17 00:00:00",
  "value" : "653"
},{
  "dateTime" : "07/17/17 00:00:00",
  "value" : "737"
},{
  "dateTime" : "07/18/17 00:00:00",
  "value" : "591"
},{
  "dateTime" : "07/19/17 00:00:00",
  "value" : "770"
},{
  "dateTime" : "07/20/17 00:00:00",
  "value" : "577"
},{
  "dateTime" : "07/21/17 00:00:00",
  "value" : "654"
},{
  "dateTime" : "07/22/17 00:00:00",
  "value" : "725"
},{
  "dateTime" : "07/23/17 00:00:00",
  "value" : "706"
},{
  "dateTime" : "07/24/17 00:00:00",
  "value" : "735"
},{
  "dateTime" : "07/25/17 00:00:00",
  "value" : "745"
},{
  "dateTime" : "07/26/17 00:00:00",
  "value" : "758"
},{
  "dateTime" : "07/27/17 00:00:00",
  "value" : "811"
}]