[{
  "dateTime" : "08/02/16 00:00:00",
  "value" : "799"
},{
  "dateTime" : "08/03/16 00:00:00",
  "value" : "843"
},{
  "dateTime" : "08/04/16 00:00:00",
  "value" : "1026"
},{
  "dateTime" : "08/05/16 00:00:00",
  "value" : "260"
},{
  "dateTime" : "08/06/16 00:00:00",
  "value" : "386"
},{
  "dateTime" : "08/07/16 00:00:00",
  "value" : "272"
},{
  "dateTime" : "08/08/16 00:00:00",
  "value" : "437"
},{
  "dateTime" : "08/09/16 00:00:00",
  "value" : "716"
},{
  "dateTime" : "08/10/16 00:00:00",
  "value" : "667"
},{
  "dateTime" : "08/11/16 00:00:00",
  "value" : "851"
},{
  "dateTime" : "08/12/16 00:00:00",
  "value" : "1208"
},{
  "dateTime" : "08/13/16 00:00:00",
  "value" : "431"
},{
  "dateTime" : "08/14/16 00:00:00",
  "value" : "344"
},{
  "dateTime" : "08/15/16 00:00:00",
  "value" : "706"
},{
  "dateTime" : "08/16/16 00:00:00",
  "value" : "663"
},{
  "dateTime" : "08/17/16 00:00:00",
  "value" : "658"
},{
  "dateTime" : "08/18/16 00:00:00",
  "value" : "689"
},{
  "dateTime" : "08/19/16 00:00:00",
  "value" : "651"
},{
  "dateTime" : "08/20/16 00:00:00",
  "value" : "687"
},{
  "dateTime" : "08/21/16 00:00:00",
  "value" : "766"
},{
  "dateTime" : "08/22/16 00:00:00",
  "value" : "690"
},{
  "dateTime" : "08/23/16 00:00:00",
  "value" : "639"
},{
  "dateTime" : "08/24/16 00:00:00",
  "value" : "617"
},{
  "dateTime" : "08/25/16 00:00:00",
  "value" : "721"
},{
  "dateTime" : "08/26/16 00:00:00",
  "value" : "933"
},{
  "dateTime" : "08/27/16 00:00:00",
  "value" : "938"
},{
  "dateTime" : "08/28/16 00:00:00",
  "value" : "730"
},{
  "dateTime" : "08/29/16 00:00:00",
  "value" : "762"
},{
  "dateTime" : "08/30/16 00:00:00",
  "value" : "747"
},{
  "dateTime" : "08/31/16 00:00:00",
  "value" : "34"
}]