[{
  "dateTime" : "05/20/13 00:00:00",
  "value" : "471"
},{
  "dateTime" : "05/21/13 00:00:00",
  "value" : "674"
},{
  "dateTime" : "05/22/13 00:00:00",
  "value" : "836"
},{
  "dateTime" : "05/23/13 00:00:00",
  "value" : "542"
},{
  "dateTime" : "05/24/13 00:00:00",
  "value" : "596"
},{
  "dateTime" : "05/25/13 00:00:00",
  "value" : "394"
},{
  "dateTime" : "05/26/13 00:00:00",
  "value" : "536"
},{
  "dateTime" : "05/27/13 00:00:00",
  "value" : "516"
},{
  "dateTime" : "05/28/13 00:00:00",
  "value" : "569"
},{
  "dateTime" : "05/29/13 00:00:00",
  "value" : "379"
},{
  "dateTime" : "05/30/13 00:00:00",
  "value" : "652"
},{
  "dateTime" : "05/31/13 00:00:00",
  "value" : "519"
},{
  "dateTime" : "06/01/13 00:00:00",
  "value" : "662"
},{
  "dateTime" : "06/02/13 00:00:00",
  "value" : "547"
},{
  "dateTime" : "06/03/13 00:00:00",
  "value" : "470"
},{
  "dateTime" : "06/04/13 00:00:00",
  "value" : "689"
},{
  "dateTime" : "06/05/13 00:00:00",
  "value" : "420"
},{
  "dateTime" : "06/06/13 00:00:00",
  "value" : "592"
},{
  "dateTime" : "06/07/13 00:00:00",
  "value" : "453"
},{
  "dateTime" : "06/08/13 00:00:00",
  "value" : "663"
},{
  "dateTime" : "06/09/13 00:00:00",
  "value" : "641"
},{
  "dateTime" : "06/10/13 00:00:00",
  "value" : "680"
},{
  "dateTime" : "06/11/13 00:00:00",
  "value" : "627"
},{
  "dateTime" : "06/12/13 00:00:00",
  "value" : "784"
},{
  "dateTime" : "06/13/13 00:00:00",
  "value" : "734"
},{
  "dateTime" : "06/14/13 00:00:00",
  "value" : "554"
},{
  "dateTime" : "06/15/13 00:00:00",
  "value" : "604"
},{
  "dateTime" : "06/16/13 00:00:00",
  "value" : "776"
},{
  "dateTime" : "06/17/13 00:00:00",
  "value" : "523"
},{
  "dateTime" : "06/18/13 00:00:00",
  "value" : "728"
}]