[{
  "dateTime" : "01/15/14 00:00:00",
  "value" : "733"
},{
  "dateTime" : "01/16/14 00:00:00",
  "value" : "542"
},{
  "dateTime" : "01/17/14 00:00:00",
  "value" : "728"
},{
  "dateTime" : "01/18/14 00:00:00",
  "value" : "642"
},{
  "dateTime" : "01/19/14 00:00:00",
  "value" : "607"
},{
  "dateTime" : "01/20/14 00:00:00",
  "value" : "731"
},{
  "dateTime" : "01/21/14 00:00:00",
  "value" : "601"
},{
  "dateTime" : "01/22/14 00:00:00",
  "value" : "541"
},{
  "dateTime" : "01/23/14 00:00:00",
  "value" : "792"
},{
  "dateTime" : "01/24/14 00:00:00",
  "value" : "1181"
},{
  "dateTime" : "01/25/14 00:00:00",
  "value" : "335"
},{
  "dateTime" : "01/26/14 00:00:00",
  "value" : "745"
},{
  "dateTime" : "01/27/14 00:00:00",
  "value" : "631"
},{
  "dateTime" : "01/28/14 00:00:00",
  "value" : "642"
},{
  "dateTime" : "01/29/14 00:00:00",
  "value" : "720"
},{
  "dateTime" : "01/30/14 00:00:00",
  "value" : "533"
},{
  "dateTime" : "01/31/14 00:00:00",
  "value" : "578"
},{
  "dateTime" : "02/01/14 00:00:00",
  "value" : "407"
},{
  "dateTime" : "02/02/14 00:00:00",
  "value" : "511"
},{
  "dateTime" : "02/03/14 00:00:00",
  "value" : "755"
},{
  "dateTime" : "02/04/14 00:00:00",
  "value" : "1183"
},{
  "dateTime" : "02/05/14 00:00:00",
  "value" : "563"
},{
  "dateTime" : "02/06/14 00:00:00",
  "value" : "693"
},{
  "dateTime" : "02/07/14 00:00:00",
  "value" : "1054"
},{
  "dateTime" : "02/08/14 00:00:00",
  "value" : "718"
},{
  "dateTime" : "02/09/14 00:00:00",
  "value" : "524"
},{
  "dateTime" : "02/10/14 00:00:00",
  "value" : "632"
},{
  "dateTime" : "02/11/14 00:00:00",
  "value" : "1206"
},{
  "dateTime" : "02/12/14 00:00:00",
  "value" : "702"
},{
  "dateTime" : "02/13/14 00:00:00",
  "value" : "713"
}]