[{
  "dateTime" : "03/21/13 00:00:00",
  "value" : "677"
},{
  "dateTime" : "03/22/13 00:00:00",
  "value" : "637"
},{
  "dateTime" : "03/23/13 00:00:00",
  "value" : "617"
},{
  "dateTime" : "03/24/13 00:00:00",
  "value" : "635"
},{
  "dateTime" : "03/25/13 00:00:00",
  "value" : "491"
},{
  "dateTime" : "03/26/13 00:00:00",
  "value" : "591"
},{
  "dateTime" : "03/27/13 00:00:00",
  "value" : "652"
},{
  "dateTime" : "03/28/13 00:00:00",
  "value" : "635"
},{
  "dateTime" : "03/29/13 00:00:00",
  "value" : "445"
},{
  "dateTime" : "03/30/13 00:00:00",
  "value" : "535"
},{
  "dateTime" : "03/31/13 00:00:00",
  "value" : "897"
},{
  "dateTime" : "04/01/13 00:00:00",
  "value" : "774"
},{
  "dateTime" : "04/02/13 00:00:00",
  "value" : "488"
},{
  "dateTime" : "04/03/13 00:00:00",
  "value" : "726"
},{
  "dateTime" : "04/04/13 00:00:00",
  "value" : "603"
},{
  "dateTime" : "04/05/13 00:00:00",
  "value" : "756"
},{
  "dateTime" : "04/06/13 00:00:00",
  "value" : "796"
},{
  "dateTime" : "04/07/13 00:00:00",
  "value" : "573"
},{
  "dateTime" : "04/08/13 00:00:00",
  "value" : "594"
},{
  "dateTime" : "04/09/13 00:00:00",
  "value" : "581"
},{
  "dateTime" : "04/10/13 00:00:00",
  "value" : "704"
},{
  "dateTime" : "04/11/13 00:00:00",
  "value" : "771"
},{
  "dateTime" : "04/12/13 00:00:00",
  "value" : "634"
},{
  "dateTime" : "04/13/13 00:00:00",
  "value" : "708"
},{
  "dateTime" : "04/14/13 00:00:00",
  "value" : "537"
},{
  "dateTime" : "04/15/13 00:00:00",
  "value" : "686"
},{
  "dateTime" : "04/16/13 00:00:00",
  "value" : "578"
},{
  "dateTime" : "04/17/13 00:00:00",
  "value" : "703"
},{
  "dateTime" : "04/18/13 00:00:00",
  "value" : "630"
},{
  "dateTime" : "04/19/13 00:00:00",
  "value" : "645"
}]