[{
  "dateTime" : "01/31/11 00:00:00",
  "value" : "593"
},{
  "dateTime" : "02/01/11 00:00:00",
  "value" : "551"
},{
  "dateTime" : "02/02/11 00:00:00",
  "value" : "520"
},{
  "dateTime" : "02/03/11 00:00:00",
  "value" : "1046"
},{
  "dateTime" : "02/04/11 00:00:00",
  "value" : "989"
},{
  "dateTime" : "02/05/11 00:00:00",
  "value" : "1039"
},{
  "dateTime" : "02/06/11 00:00:00",
  "value" : "978"
},{
  "dateTime" : "02/07/11 00:00:00",
  "value" : "712"
},{
  "dateTime" : "02/08/11 00:00:00",
  "value" : "583"
},{
  "dateTime" : "02/09/11 00:00:00",
  "value" : "749"
},{
  "dateTime" : "02/10/11 00:00:00",
  "value" : "760"
},{
  "dateTime" : "02/11/11 00:00:00",
  "value" : "520"
},{
  "dateTime" : "02/12/11 00:00:00",
  "value" : "485"
},{
  "dateTime" : "02/13/11 00:00:00",
  "value" : "383"
},{
  "dateTime" : "02/14/11 00:00:00",
  "value" : "558"
},{
  "dateTime" : "02/15/11 00:00:00",
  "value" : "601"
},{
  "dateTime" : "02/16/11 00:00:00",
  "value" : "639"
},{
  "dateTime" : "02/17/11 00:00:00",
  "value" : "608"
},{
  "dateTime" : "02/18/11 00:00:00",
  "value" : "793"
},{
  "dateTime" : "02/19/11 00:00:00",
  "value" : "459"
},{
  "dateTime" : "02/20/11 00:00:00",
  "value" : "573"
},{
  "dateTime" : "02/21/11 00:00:00",
  "value" : "609"
},{
  "dateTime" : "02/22/11 00:00:00",
  "value" : "678"
},{
  "dateTime" : "02/23/11 00:00:00",
  "value" : "722"
},{
  "dateTime" : "02/24/11 00:00:00",
  "value" : "610"
},{
  "dateTime" : "02/25/11 00:00:00",
  "value" : "811"
},{
  "dateTime" : "02/26/11 00:00:00",
  "value" : "579"
},{
  "dateTime" : "02/27/11 00:00:00",
  "value" : "365"
},{
  "dateTime" : "02/28/11 00:00:00",
  "value" : "519"
},{
  "dateTime" : "03/01/11 00:00:00",
  "value" : "781"
}]