[{
  "dateTime" : "02/19/13 00:00:00",
  "value" : "741"
},{
  "dateTime" : "02/20/13 00:00:00",
  "value" : "230"
},{
  "dateTime" : "02/21/13 00:00:00",
  "value" : "638"
},{
  "dateTime" : "02/22/13 00:00:00",
  "value" : "731"
},{
  "dateTime" : "02/23/13 00:00:00",
  "value" : "687"
},{
  "dateTime" : "02/24/13 00:00:00",
  "value" : "573"
},{
  "dateTime" : "02/25/13 00:00:00",
  "value" : "651"
},{
  "dateTime" : "02/26/13 00:00:00",
  "value" : "742"
},{
  "dateTime" : "02/27/13 00:00:00",
  "value" : "616"
},{
  "dateTime" : "02/28/13 00:00:00",
  "value" : "783"
},{
  "dateTime" : "03/01/13 00:00:00",
  "value" : "618"
},{
  "dateTime" : "03/02/13 00:00:00",
  "value" : "820"
},{
  "dateTime" : "03/03/13 00:00:00",
  "value" : "558"
},{
  "dateTime" : "03/04/13 00:00:00",
  "value" : "436"
},{
  "dateTime" : "03/05/13 00:00:00",
  "value" : "537"
},{
  "dateTime" : "03/06/13 00:00:00",
  "value" : "602"
},{
  "dateTime" : "03/07/13 00:00:00",
  "value" : "578"
},{
  "dateTime" : "03/08/13 00:00:00",
  "value" : "831"
},{
  "dateTime" : "03/09/13 00:00:00",
  "value" : "1150"
},{
  "dateTime" : "03/10/13 00:00:00",
  "value" : "488"
},{
  "dateTime" : "03/11/13 00:00:00",
  "value" : "628"
},{
  "dateTime" : "03/12/13 00:00:00",
  "value" : "663"
},{
  "dateTime" : "03/13/13 00:00:00",
  "value" : "768"
},{
  "dateTime" : "03/14/13 00:00:00",
  "value" : "634"
},{
  "dateTime" : "03/15/13 00:00:00",
  "value" : "688"
},{
  "dateTime" : "03/16/13 00:00:00",
  "value" : "704"
},{
  "dateTime" : "03/17/13 00:00:00",
  "value" : "697"
},{
  "dateTime" : "03/18/13 00:00:00",
  "value" : "689"
},{
  "dateTime" : "03/19/13 00:00:00",
  "value" : "739"
},{
  "dateTime" : "03/20/13 00:00:00",
  "value" : "710"
}]