[{
  "dateTime" : "07/19/13 00:00:00",
  "value" : "668"
},{
  "dateTime" : "07/20/13 00:00:00",
  "value" : "632"
},{
  "dateTime" : "07/21/13 00:00:00",
  "value" : "731"
},{
  "dateTime" : "07/22/13 00:00:00",
  "value" : "627"
},{
  "dateTime" : "07/23/13 00:00:00",
  "value" : "498"
},{
  "dateTime" : "07/24/13 00:00:00",
  "value" : "643"
},{
  "dateTime" : "07/25/13 00:00:00",
  "value" : "765"
},{
  "dateTime" : "07/26/13 00:00:00",
  "value" : "573"
},{
  "dateTime" : "07/27/13 00:00:00",
  "value" : "1270"
},{
  "dateTime" : "07/28/13 00:00:00",
  "value" : "744"
},{
  "dateTime" : "07/29/13 00:00:00",
  "value" : "611"
},{
  "dateTime" : "07/30/13 00:00:00",
  "value" : "739"
},{
  "dateTime" : "07/31/13 00:00:00",
  "value" : "141"
},{
  "dateTime" : "08/01/13 00:00:00",
  "value" : "735"
},{
  "dateTime" : "08/02/13 00:00:00",
  "value" : "343"
},{
  "dateTime" : "08/03/13 00:00:00",
  "value" : "523"
},{
  "dateTime" : "08/04/13 00:00:00",
  "value" : "631"
},{
  "dateTime" : "08/05/13 00:00:00",
  "value" : "637"
},{
  "dateTime" : "08/06/13 00:00:00",
  "value" : "767"
},{
  "dateTime" : "08/07/13 00:00:00",
  "value" : "732"
},{
  "dateTime" : "08/08/13 00:00:00",
  "value" : "541"
},{
  "dateTime" : "08/09/13 00:00:00",
  "value" : "494"
},{
  "dateTime" : "08/10/13 00:00:00",
  "value" : "612"
},{
  "dateTime" : "08/11/13 00:00:00",
  "value" : "494"
},{
  "dateTime" : "08/12/13 00:00:00",
  "value" : "480"
},{
  "dateTime" : "08/13/13 00:00:00",
  "value" : "720"
},{
  "dateTime" : "08/14/13 00:00:00",
  "value" : "440"
},{
  "dateTime" : "08/15/13 00:00:00",
  "value" : "534"
},{
  "dateTime" : "08/16/13 00:00:00",
  "value" : "660"
},{
  "dateTime" : "08/17/13 00:00:00",
  "value" : "489"
}]