[{
  "dateTime" : "09/12/14 00:00:00",
  "value" : "787"
},{
  "dateTime" : "09/13/14 00:00:00",
  "value" : "1185"
},{
  "dateTime" : "09/14/14 00:00:00",
  "value" : "1221"
},{
  "dateTime" : "09/15/14 00:00:00",
  "value" : "1161"
},{
  "dateTime" : "09/16/14 00:00:00",
  "value" : "1216"
},{
  "dateTime" : "09/17/14 00:00:00",
  "value" : "1187"
},{
  "dateTime" : "09/18/14 00:00:00",
  "value" : "1130"
},{
  "dateTime" : "09/19/14 00:00:00",
  "value" : "836"
},{
  "dateTime" : "09/20/14 00:00:00",
  "value" : "1172"
},{
  "dateTime" : "09/21/14 00:00:00",
  "value" : "1131"
},{
  "dateTime" : "09/22/14 00:00:00",
  "value" : "1201"
},{
  "dateTime" : "09/23/14 00:00:00",
  "value" : "1158"
},{
  "dateTime" : "09/24/14 00:00:00",
  "value" : "1228"
},{
  "dateTime" : "09/25/14 00:00:00",
  "value" : "1091"
},{
  "dateTime" : "09/26/14 00:00:00",
  "value" : "677"
},{
  "dateTime" : "09/27/14 00:00:00",
  "value" : "1267"
},{
  "dateTime" : "09/28/14 00:00:00",
  "value" : "534"
},{
  "dateTime" : "09/29/14 00:00:00",
  "value" : "544"
},{
  "dateTime" : "09/30/14 00:00:00",
  "value" : "504"
},{
  "dateTime" : "10/01/14 00:00:00",
  "value" : "598"
},{
  "dateTime" : "10/02/14 00:00:00",
  "value" : "741"
},{
  "dateTime" : "10/03/14 00:00:00",
  "value" : "1242"
},{
  "dateTime" : "10/04/14 00:00:00",
  "value" : "1206"
},{
  "dateTime" : "10/05/14 00:00:00",
  "value" : "1242"
},{
  "dateTime" : "10/06/14 00:00:00",
  "value" : "1128"
},{
  "dateTime" : "10/07/14 00:00:00",
  "value" : "1065"
},{
  "dateTime" : "10/08/14 00:00:00",
  "value" : "641"
},{
  "dateTime" : "10/09/14 00:00:00",
  "value" : "1265"
},{
  "dateTime" : "10/10/14 00:00:00",
  "value" : "1256"
},{
  "dateTime" : "10/11/14 00:00:00",
  "value" : "958"
}]