[{
  "dateTime" : "02/14/14 00:00:00",
  "value" : "698"
},{
  "dateTime" : "02/15/14 00:00:00",
  "value" : "784"
},{
  "dateTime" : "02/16/14 00:00:00",
  "value" : "746"
},{
  "dateTime" : "02/17/14 00:00:00",
  "value" : "918"
},{
  "dateTime" : "02/18/14 00:00:00",
  "value" : "478"
},{
  "dateTime" : "02/19/14 00:00:00",
  "value" : "1075"
},{
  "dateTime" : "02/20/14 00:00:00",
  "value" : "730"
},{
  "dateTime" : "02/21/14 00:00:00",
  "value" : "649"
},{
  "dateTime" : "02/22/14 00:00:00",
  "value" : "753"
},{
  "dateTime" : "02/23/14 00:00:00",
  "value" : "748"
},{
  "dateTime" : "02/24/14 00:00:00",
  "value" : "1438"
},{
  "dateTime" : "02/25/14 00:00:00",
  "value" : "1440"
},{
  "dateTime" : "02/26/14 00:00:00",
  "value" : "1439"
},{
  "dateTime" : "02/27/14 00:00:00",
  "value" : "1367"
},{
  "dateTime" : "02/28/14 00:00:00",
  "value" : "723"
},{
  "dateTime" : "03/01/14 00:00:00",
  "value" : "249"
},{
  "dateTime" : "03/02/14 00:00:00",
  "value" : "753"
},{
  "dateTime" : "03/03/14 00:00:00",
  "value" : "800"
},{
  "dateTime" : "03/04/14 00:00:00",
  "value" : "493"
},{
  "dateTime" : "03/05/14 00:00:00",
  "value" : "1150"
},{
  "dateTime" : "03/06/14 00:00:00",
  "value" : "671"
},{
  "dateTime" : "03/07/14 00:00:00",
  "value" : "779"
},{
  "dateTime" : "03/08/14 00:00:00",
  "value" : "324"
},{
  "dateTime" : "03/09/14 00:00:00",
  "value" : "601"
},{
  "dateTime" : "03/10/14 00:00:00",
  "value" : "724"
},{
  "dateTime" : "03/11/14 00:00:00",
  "value" : "809"
},{
  "dateTime" : "03/12/14 00:00:00",
  "value" : "640"
},{
  "dateTime" : "03/13/14 00:00:00",
  "value" : "739"
},{
  "dateTime" : "03/14/14 00:00:00",
  "value" : "735"
},{
  "dateTime" : "03/15/14 00:00:00",
  "value" : "741"
}]