[{
  "dateTime" : "09/26/17 00:00:00",
  "value" : "757"
},{
  "dateTime" : "09/27/17 00:00:00",
  "value" : "716"
},{
  "dateTime" : "09/28/17 00:00:00",
  "value" : "652"
},{
  "dateTime" : "09/29/17 00:00:00",
  "value" : "734"
},{
  "dateTime" : "09/30/17 00:00:00",
  "value" : "603"
},{
  "dateTime" : "10/01/17 00:00:00",
  "value" : "601"
},{
  "dateTime" : "10/02/17 00:00:00",
  "value" : "497"
},{
  "dateTime" : "10/03/17 00:00:00",
  "value" : "591"
},{
  "dateTime" : "10/04/17 00:00:00",
  "value" : "869"
},{
  "dateTime" : "10/05/17 00:00:00",
  "value" : "692"
},{
  "dateTime" : "10/06/17 00:00:00",
  "value" : "764"
},{
  "dateTime" : "10/07/17 00:00:00",
  "value" : "603"
},{
  "dateTime" : "10/08/17 00:00:00",
  "value" : "765"
},{
  "dateTime" : "10/09/17 00:00:00",
  "value" : "739"
},{
  "dateTime" : "10/10/17 00:00:00",
  "value" : "595"
},{
  "dateTime" : "10/11/17 00:00:00",
  "value" : "459"
},{
  "dateTime" : "10/12/17 00:00:00",
  "value" : "7"
},{
  "dateTime" : "10/13/17 00:00:00",
  "value" : "437"
},{
  "dateTime" : "10/14/17 00:00:00",
  "value" : "493"
},{
  "dateTime" : "10/15/17 00:00:00",
  "value" : "184"
},{
  "dateTime" : "10/16/17 00:00:00",
  "value" : "383"
},{
  "dateTime" : "10/17/17 00:00:00",
  "value" : "881"
},{
  "dateTime" : "10/18/17 00:00:00",
  "value" : "775"
},{
  "dateTime" : "10/19/17 00:00:00",
  "value" : "608"
},{
  "dateTime" : "10/20/17 00:00:00",
  "value" : "573"
},{
  "dateTime" : "10/21/17 00:00:00",
  "value" : "815"
},{
  "dateTime" : "10/22/17 00:00:00",
  "value" : "735"
},{
  "dateTime" : "10/23/17 00:00:00",
  "value" : "621"
},{
  "dateTime" : "10/24/17 00:00:00",
  "value" : "819"
},{
  "dateTime" : "10/25/17 00:00:00",
  "value" : "547"
}]