[{
  "dateTime" : "09/22/12 00:00:00",
  "value" : "618"
},{
  "dateTime" : "09/23/12 00:00:00",
  "value" : "1145"
},{
  "dateTime" : "09/24/12 00:00:00",
  "value" : "697"
},{
  "dateTime" : "09/25/12 00:00:00",
  "value" : "686"
},{
  "dateTime" : "09/26/12 00:00:00",
  "value" : "718"
},{
  "dateTime" : "09/27/12 00:00:00",
  "value" : "683"
},{
  "dateTime" : "09/28/12 00:00:00",
  "value" : "774"
},{
  "dateTime" : "09/29/12 00:00:00",
  "value" : "623"
},{
  "dateTime" : "09/30/12 00:00:00",
  "value" : "627"
},{
  "dateTime" : "10/01/12 00:00:00",
  "value" : "591"
},{
  "dateTime" : "10/02/12 00:00:00",
  "value" : "678"
},{
  "dateTime" : "10/03/12 00:00:00",
  "value" : "683"
},{
  "dateTime" : "10/04/12 00:00:00",
  "value" : "544"
},{
  "dateTime" : "10/05/12 00:00:00",
  "value" : "792"
},{
  "dateTime" : "10/06/12 00:00:00",
  "value" : "644"
},{
  "dateTime" : "10/07/12 00:00:00",
  "value" : "430"
},{
  "dateTime" : "10/08/12 00:00:00",
  "value" : "673"
},{
  "dateTime" : "10/09/12 00:00:00",
  "value" : "707"
},{
  "dateTime" : "10/10/12 00:00:00",
  "value" : "717"
},{
  "dateTime" : "10/11/12 00:00:00",
  "value" : "648"
},{
  "dateTime" : "10/12/12 00:00:00",
  "value" : "688"
},{
  "dateTime" : "10/13/12 00:00:00",
  "value" : "661"
},{
  "dateTime" : "10/14/12 00:00:00",
  "value" : "321"
},{
  "dateTime" : "10/15/12 00:00:00",
  "value" : "562"
},{
  "dateTime" : "10/16/12 00:00:00",
  "value" : "581"
},{
  "dateTime" : "10/17/12 00:00:00",
  "value" : "565"
},{
  "dateTime" : "10/18/12 00:00:00",
  "value" : "595"
},{
  "dateTime" : "10/19/12 00:00:00",
  "value" : "0"
},{
  "dateTime" : "10/20/12 00:00:00",
  "value" : "675"
},{
  "dateTime" : "10/21/12 00:00:00",
  "value" : "608"
}]