[{
  "dateTime" : "04/15/14 00:00:00",
  "value" : "816"
},{
  "dateTime" : "04/16/14 00:00:00",
  "value" : "654"
},{
  "dateTime" : "04/17/14 00:00:00",
  "value" : "637"
},{
  "dateTime" : "04/18/14 00:00:00",
  "value" : "560"
},{
  "dateTime" : "04/19/14 00:00:00",
  "value" : "1141"
},{
  "dateTime" : "04/20/14 00:00:00",
  "value" : "1235"
},{
  "dateTime" : "04/21/14 00:00:00",
  "value" : "1089"
},{
  "dateTime" : "04/22/14 00:00:00",
  "value" : "565"
},{
  "dateTime" : "04/23/14 00:00:00",
  "value" : "637"
},{
  "dateTime" : "04/24/14 00:00:00",
  "value" : "1072"
},{
  "dateTime" : "04/25/14 00:00:00",
  "value" : "1130"
},{
  "dateTime" : "04/26/14 00:00:00",
  "value" : "1177"
},{
  "dateTime" : "04/27/14 00:00:00",
  "value" : "738"
},{
  "dateTime" : "04/28/14 00:00:00",
  "value" : "386"
},{
  "dateTime" : "04/29/14 00:00:00",
  "value" : "462"
},{
  "dateTime" : "04/30/14 00:00:00",
  "value" : "1064"
},{
  "dateTime" : "05/01/14 00:00:00",
  "value" : "764"
},{
  "dateTime" : "05/02/14 00:00:00",
  "value" : "1266"
},{
  "dateTime" : "05/03/14 00:00:00",
  "value" : "1223"
},{
  "dateTime" : "05/04/14 00:00:00",
  "value" : "1219"
},{
  "dateTime" : "05/05/14 00:00:00",
  "value" : "928"
},{
  "dateTime" : "05/06/14 00:00:00",
  "value" : "665"
},{
  "dateTime" : "05/07/14 00:00:00",
  "value" : "561"
},{
  "dateTime" : "05/08/14 00:00:00",
  "value" : "773"
},{
  "dateTime" : "05/09/14 00:00:00",
  "value" : "1165"
},{
  "dateTime" : "05/10/14 00:00:00",
  "value" : "539"
},{
  "dateTime" : "05/11/14 00:00:00",
  "value" : "651"
},{
  "dateTime" : "05/12/14 00:00:00",
  "value" : "1040"
},{
  "dateTime" : "05/13/14 00:00:00",
  "value" : "671"
},{
  "dateTime" : "05/14/14 00:00:00",
  "value" : "1047"
}]