[{
  "dateTime" : "02/28/17 00:00:00",
  "value" : "565"
},{
  "dateTime" : "03/01/17 00:00:00",
  "value" : "715"
},{
  "dateTime" : "03/02/17 00:00:00",
  "value" : "666"
},{
  "dateTime" : "03/03/17 00:00:00",
  "value" : "591"
},{
  "dateTime" : "03/04/17 00:00:00",
  "value" : "665"
},{
  "dateTime" : "03/05/17 00:00:00",
  "value" : "726"
},{
  "dateTime" : "03/06/17 00:00:00",
  "value" : "442"
},{
  "dateTime" : "03/07/17 00:00:00",
  "value" : "766"
},{
  "dateTime" : "03/08/17 00:00:00",
  "value" : "647"
},{
  "dateTime" : "03/09/17 00:00:00",
  "value" : "815"
},{
  "dateTime" : "03/10/17 00:00:00",
  "value" : "805"
},{
  "dateTime" : "03/11/17 00:00:00",
  "value" : "589"
},{
  "dateTime" : "03/12/17 00:00:00",
  "value" : "537"
},{
  "dateTime" : "03/13/17 00:00:00",
  "value" : "709"
},{
  "dateTime" : "03/14/17 00:00:00",
  "value" : "709"
},{
  "dateTime" : "03/15/17 00:00:00",
  "value" : "35"
},{
  "dateTime" : "03/16/17 00:00:00",
  "value" : "889"
},{
  "dateTime" : "03/17/17 00:00:00",
  "value" : "897"
},{
  "dateTime" : "03/18/17 00:00:00",
  "value" : "704"
},{
  "dateTime" : "03/19/17 00:00:00",
  "value" : "602"
},{
  "dateTime" : "03/20/17 00:00:00",
  "value" : "668"
},{
  "dateTime" : "03/21/17 00:00:00",
  "value" : "846"
},{
  "dateTime" : "03/22/17 00:00:00",
  "value" : "840"
},{
  "dateTime" : "03/23/17 00:00:00",
  "value" : "585"
},{
  "dateTime" : "03/24/17 00:00:00",
  "value" : "801"
},{
  "dateTime" : "03/25/17 00:00:00",
  "value" : "628"
},{
  "dateTime" : "03/26/17 00:00:00",
  "value" : "720"
},{
  "dateTime" : "03/27/17 00:00:00",
  "value" : "652"
},{
  "dateTime" : "03/28/17 00:00:00",
  "value" : "735"
},{
  "dateTime" : "03/29/17 00:00:00",
  "value" : "892"
}]