[{
  "dateTime" : "08/08/15 00:00:00",
  "value" : "547"
},{
  "dateTime" : "08/09/15 00:00:00",
  "value" : "783"
},{
  "dateTime" : "08/10/15 00:00:00",
  "value" : "477"
},{
  "dateTime" : "08/11/15 00:00:00",
  "value" : "680"
},{
  "dateTime" : "08/12/15 00:00:00",
  "value" : "846"
},{
  "dateTime" : "08/13/15 00:00:00",
  "value" : "862"
},{
  "dateTime" : "08/14/15 00:00:00",
  "value" : "635"
},{
  "dateTime" : "08/15/15 00:00:00",
  "value" : "636"
},{
  "dateTime" : "08/16/15 00:00:00",
  "value" : "877"
},{
  "dateTime" : "08/17/15 00:00:00",
  "value" : "608"
},{
  "dateTime" : "08/18/15 00:00:00",
  "value" : "585"
},{
  "dateTime" : "08/19/15 00:00:00",
  "value" : "706"
},{
  "dateTime" : "08/20/15 00:00:00",
  "value" : "760"
},{
  "dateTime" : "08/21/15 00:00:00",
  "value" : "578"
},{
  "dateTime" : "08/22/15 00:00:00",
  "value" : "832"
},{
  "dateTime" : "08/23/15 00:00:00",
  "value" : "563"
},{
  "dateTime" : "08/24/15 00:00:00",
  "value" : "351"
},{
  "dateTime" : "08/25/15 00:00:00",
  "value" : "312"
},{
  "dateTime" : "08/26/15 00:00:00",
  "value" : "514"
},{
  "dateTime" : "08/27/15 00:00:00",
  "value" : "670"
},{
  "dateTime" : "08/28/15 00:00:00",
  "value" : "1188"
},{
  "dateTime" : "08/29/15 00:00:00",
  "value" : "276"
},{
  "dateTime" : "08/30/15 00:00:00",
  "value" : "1125"
},{
  "dateTime" : "08/31/15 00:00:00",
  "value" : "778"
},{
  "dateTime" : "09/01/15 00:00:00",
  "value" : "585"
},{
  "dateTime" : "09/02/15 00:00:00",
  "value" : "600"
},{
  "dateTime" : "09/03/15 00:00:00",
  "value" : "685"
},{
  "dateTime" : "09/04/15 00:00:00",
  "value" : "1031"
},{
  "dateTime" : "09/05/15 00:00:00",
  "value" : "621"
},{
  "dateTime" : "09/06/15 00:00:00",
  "value" : "508"
}]