[{
  "dateTime" : "04/04/16 00:00:00",
  "value" : "993"
},{
  "dateTime" : "04/05/16 00:00:00",
  "value" : "697"
},{
  "dateTime" : "04/06/16 00:00:00",
  "value" : "806"
},{
  "dateTime" : "04/07/16 00:00:00",
  "value" : "702"
},{
  "dateTime" : "04/08/16 00:00:00",
  "value" : "758"
},{
  "dateTime" : "04/09/16 00:00:00",
  "value" : "556"
},{
  "dateTime" : "04/10/16 00:00:00",
  "value" : "684"
},{
  "dateTime" : "04/11/16 00:00:00",
  "value" : "87"
},{
  "dateTime" : "04/12/16 00:00:00",
  "value" : "454"
},{
  "dateTime" : "04/13/16 00:00:00",
  "value" : "1112"
},{
  "dateTime" : "04/14/16 00:00:00",
  "value" : "697"
},{
  "dateTime" : "04/15/16 00:00:00",
  "value" : "774"
},{
  "dateTime" : "04/16/16 00:00:00",
  "value" : "615"
},{
  "dateTime" : "04/17/16 00:00:00",
  "value" : "741"
},{
  "dateTime" : "04/18/16 00:00:00",
  "value" : "298"
},{
  "dateTime" : "04/19/16 00:00:00",
  "value" : "830"
},{
  "dateTime" : "04/20/16 00:00:00",
  "value" : "881"
},{
  "dateTime" : "04/21/16 00:00:00",
  "value" : "903"
},{
  "dateTime" : "04/22/16 00:00:00",
  "value" : "1184"
},{
  "dateTime" : "04/23/16 00:00:00",
  "value" : "608"
},{
  "dateTime" : "04/24/16 00:00:00",
  "value" : "539"
},{
  "dateTime" : "04/25/16 00:00:00",
  "value" : "962"
},{
  "dateTime" : "04/26/16 00:00:00",
  "value" : "1153"
},{
  "dateTime" : "04/27/16 00:00:00",
  "value" : "754"
},{
  "dateTime" : "04/28/16 00:00:00",
  "value" : "0"
},{
  "dateTime" : "04/29/16 00:00:00",
  "value" : "684"
},{
  "dateTime" : "04/30/16 00:00:00",
  "value" : "492"
},{
  "dateTime" : "05/01/16 00:00:00",
  "value" : "634"
},{
  "dateTime" : "05/02/16 00:00:00",
  "value" : "785"
},{
  "dateTime" : "05/03/16 00:00:00",
  "value" : "766"
}]