[{
  "dateTime" : "11/21/12 00:00:00",
  "value" : "104"
},{
  "dateTime" : "11/22/12 00:00:00",
  "value" : "697"
},{
  "dateTime" : "11/23/12 00:00:00",
  "value" : "256"
},{
  "dateTime" : "11/24/12 00:00:00",
  "value" : "676"
},{
  "dateTime" : "11/25/12 00:00:00",
  "value" : "631"
},{
  "dateTime" : "11/26/12 00:00:00",
  "value" : "828"
},{
  "dateTime" : "11/27/12 00:00:00",
  "value" : "1050"
},{
  "dateTime" : "11/28/12 00:00:00",
  "value" : "691"
},{
  "dateTime" : "11/29/12 00:00:00",
  "value" : "584"
},{
  "dateTime" : "11/30/12 00:00:00",
  "value" : "698"
},{
  "dateTime" : "12/01/12 00:00:00",
  "value" : "613"
},{
  "dateTime" : "12/02/12 00:00:00",
  "value" : "925"
},{
  "dateTime" : "12/03/12 00:00:00",
  "value" : "536"
},{
  "dateTime" : "12/04/12 00:00:00",
  "value" : "520"
},{
  "dateTime" : "12/05/12 00:00:00",
  "value" : "909"
},{
  "dateTime" : "12/06/12 00:00:00",
  "value" : "726"
},{
  "dateTime" : "12/07/12 00:00:00",
  "value" : "788"
},{
  "dateTime" : "12/08/12 00:00:00",
  "value" : "1140"
},{
  "dateTime" : "12/09/12 00:00:00",
  "value" : "313"
},{
  "dateTime" : "12/10/12 00:00:00",
  "value" : "534"
},{
  "dateTime" : "12/11/12 00:00:00",
  "value" : "698"
},{
  "dateTime" : "12/12/12 00:00:00",
  "value" : "492"
},{
  "dateTime" : "12/13/12 00:00:00",
  "value" : "779"
},{
  "dateTime" : "12/14/12 00:00:00",
  "value" : "822"
},{
  "dateTime" : "12/15/12 00:00:00",
  "value" : "530"
},{
  "dateTime" : "12/16/12 00:00:00",
  "value" : "472"
},{
  "dateTime" : "12/17/12 00:00:00",
  "value" : "724"
},{
  "dateTime" : "12/18/12 00:00:00",
  "value" : "603"
},{
  "dateTime" : "12/19/12 00:00:00",
  "value" : "590"
},{
  "dateTime" : "12/20/12 00:00:00",
  "value" : "673"
}]