[{
  "dateTime" : "01/20/13 00:00:00",
  "value" : "562"
},{
  "dateTime" : "01/21/13 00:00:00",
  "value" : "432"
},{
  "dateTime" : "01/22/13 00:00:00",
  "value" : "701"
},{
  "dateTime" : "01/23/13 00:00:00",
  "value" : "621"
},{
  "dateTime" : "01/24/13 00:00:00",
  "value" : "973"
},{
  "dateTime" : "01/25/13 00:00:00",
  "value" : "781"
},{
  "dateTime" : "01/26/13 00:00:00",
  "value" : "542"
},{
  "dateTime" : "01/27/13 00:00:00",
  "value" : "496"
},{
  "dateTime" : "01/28/13 00:00:00",
  "value" : "519"
},{
  "dateTime" : "01/29/13 00:00:00",
  "value" : "759"
},{
  "dateTime" : "01/30/13 00:00:00",
  "value" : "1067"
},{
  "dateTime" : "01/31/13 00:00:00",
  "value" : "599"
},{
  "dateTime" : "02/01/13 00:00:00",
  "value" : "590"
},{
  "dateTime" : "02/02/13 00:00:00",
  "value" : "792"
},{
  "dateTime" : "02/03/13 00:00:00",
  "value" : "894"
},{
  "dateTime" : "02/04/13 00:00:00",
  "value" : "631"
},{
  "dateTime" : "02/05/13 00:00:00",
  "value" : "199"
},{
  "dateTime" : "02/06/13 00:00:00",
  "value" : "490"
},{
  "dateTime" : "02/07/13 00:00:00",
  "value" : "616"
},{
  "dateTime" : "02/08/13 00:00:00",
  "value" : "523"
},{
  "dateTime" : "02/09/13 00:00:00",
  "value" : "596"
},{
  "dateTime" : "02/10/13 00:00:00",
  "value" : "688"
},{
  "dateTime" : "02/11/13 00:00:00",
  "value" : "772"
},{
  "dateTime" : "02/12/13 00:00:00",
  "value" : "707"
},{
  "dateTime" : "02/13/13 00:00:00",
  "value" : "629"
},{
  "dateTime" : "02/14/13 00:00:00",
  "value" : "750"
},{
  "dateTime" : "02/15/13 00:00:00",
  "value" : "600"
},{
  "dateTime" : "02/16/13 00:00:00",
  "value" : "526"
},{
  "dateTime" : "02/17/13 00:00:00",
  "value" : "703"
},{
  "dateTime" : "02/18/13 00:00:00",
  "value" : "704"
}]