[{
  "dateTime" : "05/10/15 00:00:00",
  "value" : "810"
},{
  "dateTime" : "05/11/15 00:00:00",
  "value" : "468"
},{
  "dateTime" : "05/12/15 00:00:00",
  "value" : "651"
},{
  "dateTime" : "05/13/15 00:00:00",
  "value" : "1038"
},{
  "dateTime" : "05/14/15 00:00:00",
  "value" : "715"
},{
  "dateTime" : "05/15/15 00:00:00",
  "value" : "870"
},{
  "dateTime" : "05/16/15 00:00:00",
  "value" : "1221"
},{
  "dateTime" : "05/17/15 00:00:00",
  "value" : "466"
},{
  "dateTime" : "05/18/15 00:00:00",
  "value" : "766"
},{
  "dateTime" : "05/19/15 00:00:00",
  "value" : "841"
},{
  "dateTime" : "05/20/15 00:00:00",
  "value" : "643"
},{
  "dateTime" : "05/21/15 00:00:00",
  "value" : "670"
},{
  "dateTime" : "05/22/15 00:00:00",
  "value" : "735"
},{
  "dateTime" : "05/23/15 00:00:00",
  "value" : "736"
},{
  "dateTime" : "05/24/15 00:00:00",
  "value" : "1243"
},{
  "dateTime" : "05/25/15 00:00:00",
  "value" : "1125"
},{
  "dateTime" : "05/26/15 00:00:00",
  "value" : "558"
},{
  "dateTime" : "05/27/15 00:00:00",
  "value" : "750"
},{
  "dateTime" : "05/28/15 00:00:00",
  "value" : "817"
},{
  "dateTime" : "05/29/15 00:00:00",
  "value" : "828"
},{
  "dateTime" : "05/30/15 00:00:00",
  "value" : "787"
},{
  "dateTime" : "05/31/15 00:00:00",
  "value" : "625"
},{
  "dateTime" : "06/01/15 00:00:00",
  "value" : "1182"
},{
  "dateTime" : "06/02/15 00:00:00",
  "value" : "592"
},{
  "dateTime" : "06/03/15 00:00:00",
  "value" : "823"
},{
  "dateTime" : "06/04/15 00:00:00",
  "value" : "618"
},{
  "dateTime" : "06/05/15 00:00:00",
  "value" : "554"
},{
  "dateTime" : "06/06/15 00:00:00",
  "value" : "806"
},{
  "dateTime" : "06/07/15 00:00:00",
  "value" : "521"
},{
  "dateTime" : "06/08/15 00:00:00",
  "value" : "788"
}]