[{
  "dateTime" : "10/31/16 00:00:00",
  "value" : "1177"
},{
  "dateTime" : "11/01/16 00:00:00",
  "value" : "1068"
},{
  "dateTime" : "11/02/16 00:00:00",
  "value" : "1440"
},{
  "dateTime" : "11/03/16 00:00:00",
  "value" : "1376"
},{
  "dateTime" : "11/04/16 00:00:00",
  "value" : "1303"
},{
  "dateTime" : "11/05/16 00:00:00",
  "value" : "1065"
},{
  "dateTime" : "11/06/16 00:00:00",
  "value" : "388"
},{
  "dateTime" : "11/07/16 00:00:00",
  "value" : "1243"
},{
  "dateTime" : "11/08/16 00:00:00",
  "value" : "1217"
},{
  "dateTime" : "11/09/16 00:00:00",
  "value" : "1280"
},{
  "dateTime" : "11/10/16 00:00:00",
  "value" : "1202"
},{
  "dateTime" : "11/11/16 00:00:00",
  "value" : "350"
},{
  "dateTime" : "11/12/16 00:00:00",
  "value" : "1271"
},{
  "dateTime" : "11/13/16 00:00:00",
  "value" : "1440"
},{
  "dateTime" : "11/14/16 00:00:00",
  "value" : "1440"
},{
  "dateTime" : "11/15/16 00:00:00",
  "value" : "1440"
},{
  "dateTime" : "11/16/16 00:00:00",
  "value" : "1168"
},{
  "dateTime" : "11/17/16 00:00:00",
  "value" : "1184"
},{
  "dateTime" : "11/18/16 00:00:00",
  "value" : "1114"
},{
  "dateTime" : "11/19/16 00:00:00",
  "value" : "1213"
},{
  "dateTime" : "11/20/16 00:00:00",
  "value" : "1309"
},{
  "dateTime" : "11/21/16 00:00:00",
  "value" : "1291"
},{
  "dateTime" : "11/22/16 00:00:00",
  "value" : "1223"
},{
  "dateTime" : "11/23/16 00:00:00",
  "value" : "891"
},{
  "dateTime" : "11/24/16 00:00:00",
  "value" : "537"
},{
  "dateTime" : "11/25/16 00:00:00",
  "value" : "1365"
},{
  "dateTime" : "11/26/16 00:00:00",
  "value" : "1355"
},{
  "dateTime" : "11/27/16 00:00:00",
  "value" : "1233"
},{
  "dateTime" : "11/28/16 00:00:00",
  "value" : "1297"
},{
  "dateTime" : "11/29/16 00:00:00",
  "value" : "1312"
}]