[{
  "dateTime" : "08/27/17 00:00:00",
  "value" : "720"
},{
  "dateTime" : "08/28/17 00:00:00",
  "value" : "542"
},{
  "dateTime" : "08/29/17 00:00:00",
  "value" : "573"
},{
  "dateTime" : "08/30/17 00:00:00",
  "value" : "793"
},{
  "dateTime" : "08/31/17 00:00:00",
  "value" : "586"
},{
  "dateTime" : "09/01/17 00:00:00",
  "value" : "749"
},{
  "dateTime" : "09/02/17 00:00:00",
  "value" : "615"
},{
  "dateTime" : "09/03/17 00:00:00",
  "value" : "739"
},{
  "dateTime" : "09/04/17 00:00:00",
  "value" : "611"
},{
  "dateTime" : "09/05/17 00:00:00",
  "value" : "692"
},{
  "dateTime" : "09/06/17 00:00:00",
  "value" : "681"
},{
  "dateTime" : "09/07/17 00:00:00",
  "value" : "720"
},{
  "dateTime" : "09/08/17 00:00:00",
  "value" : "705"
},{
  "dateTime" : "09/09/17 00:00:00",
  "value" : "725"
},{
  "dateTime" : "09/10/17 00:00:00",
  "value" : "507"
},{
  "dateTime" : "09/11/17 00:00:00",
  "value" : "693"
},{
  "dateTime" : "09/12/17 00:00:00",
  "value" : "623"
},{
  "dateTime" : "09/13/17 00:00:00",
  "value" : "800"
},{
  "dateTime" : "09/14/17 00:00:00",
  "value" : "775"
},{
  "dateTime" : "09/15/17 00:00:00",
  "value" : "756"
},{
  "dateTime" : "09/16/17 00:00:00",
  "value" : "676"
},{
  "dateTime" : "09/17/17 00:00:00",
  "value" : "708"
},{
  "dateTime" : "09/18/17 00:00:00",
  "value" : "665"
},{
  "dateTime" : "09/19/17 00:00:00",
  "value" : "730"
},{
  "dateTime" : "09/20/17 00:00:00",
  "value" : "662"
},{
  "dateTime" : "09/21/17 00:00:00",
  "value" : "752"
},{
  "dateTime" : "09/22/17 00:00:00",
  "value" : "562"
},{
  "dateTime" : "09/23/17 00:00:00",
  "value" : "677"
},{
  "dateTime" : "09/24/17 00:00:00",
  "value" : "715"
},{
  "dateTime" : "09/25/17 00:00:00",
  "value" : "794"
}]