[{
  "dateTime" : "06/23/18 00:00:00",
  "value" : "529"
},{
  "dateTime" : "06/24/18 00:00:00",
  "value" : "669"
},{
  "dateTime" : "06/25/18 00:00:00",
  "value" : "632"
},{
  "dateTime" : "06/26/18 00:00:00",
  "value" : "631"
},{
  "dateTime" : "06/27/18 00:00:00",
  "value" : "663"
},{
  "dateTime" : "06/28/18 00:00:00",
  "value" : "644"
},{
  "dateTime" : "06/29/18 00:00:00",
  "value" : "623"
},{
  "dateTime" : "06/30/18 00:00:00",
  "value" : "502"
},{
  "dateTime" : "07/01/18 00:00:00",
  "value" : "915"
},{
  "dateTime" : "07/02/18 00:00:00",
  "value" : "1159"
},{
  "dateTime" : "07/03/18 00:00:00",
  "value" : "577"
},{
  "dateTime" : "07/04/18 00:00:00",
  "value" : "640"
},{
  "dateTime" : "07/05/18 00:00:00",
  "value" : "600"
},{
  "dateTime" : "07/06/18 00:00:00",
  "value" : "762"
},{
  "dateTime" : "07/07/18 00:00:00",
  "value" : "638"
},{
  "dateTime" : "07/08/18 00:00:00",
  "value" : "776"
},{
  "dateTime" : "07/09/18 00:00:00",
  "value" : "555"
},{
  "dateTime" : "07/10/18 00:00:00",
  "value" : "660"
},{
  "dateTime" : "07/11/18 00:00:00",
  "value" : "512"
},{
  "dateTime" : "07/12/18 00:00:00",
  "value" : "658"
},{
  "dateTime" : "07/13/18 00:00:00",
  "value" : "664"
},{
  "dateTime" : "07/14/18 00:00:00",
  "value" : "1078"
},{
  "dateTime" : "07/15/18 00:00:00",
  "value" : "843"
},{
  "dateTime" : "07/16/18 00:00:00",
  "value" : "748"
},{
  "dateTime" : "07/17/18 00:00:00",
  "value" : "713"
},{
  "dateTime" : "07/18/18 00:00:00",
  "value" : "762"
},{
  "dateTime" : "07/19/18 00:00:00",
  "value" : "551"
},{
  "dateTime" : "07/20/18 00:00:00",
  "value" : "685"
},{
  "dateTime" : "07/21/18 00:00:00",
  "value" : "1440"
},{
  "dateTime" : "07/22/18 00:00:00",
  "value" : "1440"
}]