[{
  "dateTime" : "10/26/17 00:00:00",
  "value" : "647"
},{
  "dateTime" : "10/27/17 00:00:00",
  "value" : "629"
},{
  "dateTime" : "10/28/17 00:00:00",
  "value" : "637"
},{
  "dateTime" : "10/29/17 00:00:00",
  "value" : "625"
},{
  "dateTime" : "10/30/17 00:00:00",
  "value" : "708"
},{
  "dateTime" : "10/31/17 00:00:00",
  "value" : "587"
},{
  "dateTime" : "11/01/17 00:00:00",
  "value" : "556"
},{
  "dateTime" : "11/02/17 00:00:00",
  "value" : "737"
},{
  "dateTime" : "11/03/17 00:00:00",
  "value" : "813"
},{
  "dateTime" : "11/04/17 00:00:00",
  "value" : "657"
},{
  "dateTime" : "11/05/17 00:00:00",
  "value" : "670"
},{
  "dateTime" : "11/06/17 00:00:00",
  "value" : "730"
},{
  "dateTime" : "11/07/17 00:00:00",
  "value" : "729"
},{
  "dateTime" : "11/08/17 00:00:00",
  "value" : "666"
},{
  "dateTime" : "11/09/17 00:00:00",
  "value" : "717"
},{
  "dateTime" : "11/10/17 00:00:00",
  "value" : "722"
},{
  "dateTime" : "11/11/17 00:00:00",
  "value" : "592"
},{
  "dateTime" : "11/12/17 00:00:00",
  "value" : "726"
},{
  "dateTime" : "11/13/17 00:00:00",
  "value" : "647"
},{
  "dateTime" : "11/14/17 00:00:00",
  "value" : "638"
},{
  "dateTime" : "11/15/17 00:00:00",
  "value" : "574"
},{
  "dateTime" : "11/16/17 00:00:00",
  "value" : "757"
},{
  "dateTime" : "11/17/17 00:00:00",
  "value" : "699"
},{
  "dateTime" : "11/18/17 00:00:00",
  "value" : "572"
},{
  "dateTime" : "11/19/17 00:00:00",
  "value" : "1032"
},{
  "dateTime" : "11/20/17 00:00:00",
  "value" : "171"
},{
  "dateTime" : "11/21/17 00:00:00",
  "value" : "705"
},{
  "dateTime" : "11/22/17 00:00:00",
  "value" : "1045"
},{
  "dateTime" : "11/23/17 00:00:00",
  "value" : "413"
},{
  "dateTime" : "11/24/17 00:00:00",
  "value" : "975"
}]