[{
  "dateTime" : "07/24/12 00:00:00",
  "value" : "626"
},{
  "dateTime" : "07/25/12 00:00:00",
  "value" : "702"
},{
  "dateTime" : "07/26/12 00:00:00",
  "value" : "765"
},{
  "dateTime" : "07/27/12 00:00:00",
  "value" : "739"
},{
  "dateTime" : "07/28/12 00:00:00",
  "value" : "613"
},{
  "dateTime" : "07/29/12 00:00:00",
  "value" : "953"
},{
  "dateTime" : "07/30/12 00:00:00",
  "value" : "675"
},{
  "dateTime" : "07/31/12 00:00:00",
  "value" : "605"
},{
  "dateTime" : "08/01/12 00:00:00",
  "value" : "789"
},{
  "dateTime" : "08/02/12 00:00:00",
  "value" : "713"
},{
  "dateTime" : "08/03/12 00:00:00",
  "value" : "804"
},{
  "dateTime" : "08/04/12 00:00:00",
  "value" : "629"
},{
  "dateTime" : "08/05/12 00:00:00",
  "value" : "567"
},{
  "dateTime" : "08/06/12 00:00:00",
  "value" : "647"
},{
  "dateTime" : "08/07/12 00:00:00",
  "value" : "703"
},{
  "dateTime" : "08/08/12 00:00:00",
  "value" : "636"
},{
  "dateTime" : "08/09/12 00:00:00",
  "value" : "757"
},{
  "dateTime" : "08/10/12 00:00:00",
  "value" : "710"
},{
  "dateTime" : "08/11/12 00:00:00",
  "value" : "1301"
},{
  "dateTime" : "08/12/12 00:00:00",
  "value" : "1196"
},{
  "dateTime" : "08/13/12 00:00:00",
  "value" : "667"
},{
  "dateTime" : "08/14/12 00:00:00",
  "value" : "739"
},{
  "dateTime" : "08/15/12 00:00:00",
  "value" : "696"
},{
  "dateTime" : "08/16/12 00:00:00",
  "value" : "715"
},{
  "dateTime" : "08/17/12 00:00:00",
  "value" : "729"
},{
  "dateTime" : "08/18/12 00:00:00",
  "value" : "1036"
},{
  "dateTime" : "08/19/12 00:00:00",
  "value" : "462"
},{
  "dateTime" : "08/20/12 00:00:00",
  "value" : "738"
},{
  "dateTime" : "08/21/12 00:00:00",
  "value" : "623"
},{
  "dateTime" : "08/22/12 00:00:00",
  "value" : "788"
}]