[{
  "dateTime" : "05/25/12 00:00:00",
  "value" : "715"
},{
  "dateTime" : "05/26/12 00:00:00",
  "value" : "1215"
},{
  "dateTime" : "05/27/12 00:00:00",
  "value" : "595"
},{
  "dateTime" : "05/28/12 00:00:00",
  "value" : "528"
},{
  "dateTime" : "05/29/12 00:00:00",
  "value" : "734"
},{
  "dateTime" : "05/30/12 00:00:00",
  "value" : "631"
},{
  "dateTime" : "05/31/12 00:00:00",
  "value" : "615"
},{
  "dateTime" : "06/01/12 00:00:00",
  "value" : "635"
},{
  "dateTime" : "06/02/12 00:00:00",
  "value" : "196"
},{
  "dateTime" : "06/03/12 00:00:00",
  "value" : "499"
},{
  "dateTime" : "06/04/12 00:00:00",
  "value" : "622"
},{
  "dateTime" : "06/05/12 00:00:00",
  "value" : "691"
},{
  "dateTime" : "06/06/12 00:00:00",
  "value" : "630"
},{
  "dateTime" : "06/07/12 00:00:00",
  "value" : "629"
},{
  "dateTime" : "06/08/12 00:00:00",
  "value" : "640"
},{
  "dateTime" : "06/09/12 00:00:00",
  "value" : "577"
},{
  "dateTime" : "06/10/12 00:00:00",
  "value" : "861"
},{
  "dateTime" : "06/11/12 00:00:00",
  "value" : "146"
},{
  "dateTime" : "06/12/12 00:00:00",
  "value" : "572"
},{
  "dateTime" : "06/13/12 00:00:00",
  "value" : "591"
},{
  "dateTime" : "06/14/12 00:00:00",
  "value" : "644"
},{
  "dateTime" : "06/15/12 00:00:00",
  "value" : "716"
},{
  "dateTime" : "06/16/12 00:00:00",
  "value" : "1100"
},{
  "dateTime" : "06/17/12 00:00:00",
  "value" : "1144"
},{
  "dateTime" : "06/18/12 00:00:00",
  "value" : "496"
},{
  "dateTime" : "06/19/12 00:00:00",
  "value" : "681"
},{
  "dateTime" : "06/20/12 00:00:00",
  "value" : "613"
},{
  "dateTime" : "06/21/12 00:00:00",
  "value" : "741"
},{
  "dateTime" : "06/22/12 00:00:00",
  "value" : "610"
},{
  "dateTime" : "06/23/12 00:00:00",
  "value" : "547"
}]