[{
  "dateTime" : "09/03/10 00:00:00",
  "value" : "153"
},{
  "dateTime" : "09/04/10 00:00:00",
  "value" : "432"
},{
  "dateTime" : "09/05/10 00:00:00",
  "value" : "1157"
},{
  "dateTime" : "09/06/10 00:00:00",
  "value" : "488"
},{
  "dateTime" : "09/07/10 00:00:00",
  "value" : "717"
},{
  "dateTime" : "09/08/10 00:00:00",
  "value" : "858"
},{
  "dateTime" : "09/09/10 00:00:00",
  "value" : "802"
},{
  "dateTime" : "09/10/10 00:00:00",
  "value" : "765"
},{
  "dateTime" : "09/11/10 00:00:00",
  "value" : "1029"
},{
  "dateTime" : "09/12/10 00:00:00",
  "value" : "441"
},{
  "dateTime" : "09/13/10 00:00:00",
  "value" : "633"
},{
  "dateTime" : "09/14/10 00:00:00",
  "value" : "551"
},{
  "dateTime" : "09/15/10 00:00:00",
  "value" : "745"
},{
  "dateTime" : "09/16/10 00:00:00",
  "value" : "469"
},{
  "dateTime" : "09/17/10 00:00:00",
  "value" : "678"
},{
  "dateTime" : "09/18/10 00:00:00",
  "value" : "939"
},{
  "dateTime" : "09/19/10 00:00:00",
  "value" : "511"
},{
  "dateTime" : "09/20/10 00:00:00",
  "value" : "615"
},{
  "dateTime" : "09/21/10 00:00:00",
  "value" : "573"
},{
  "dateTime" : "09/22/10 00:00:00",
  "value" : "631"
},{
  "dateTime" : "09/23/10 00:00:00",
  "value" : "676"
},{
  "dateTime" : "09/24/10 00:00:00",
  "value" : "725"
},{
  "dateTime" : "09/25/10 00:00:00",
  "value" : "986"
},{
  "dateTime" : "09/26/10 00:00:00",
  "value" : "782"
},{
  "dateTime" : "09/27/10 00:00:00",
  "value" : "977"
},{
  "dateTime" : "09/28/10 00:00:00",
  "value" : "667"
},{
  "dateTime" : "09/29/10 00:00:00",
  "value" : "689"
},{
  "dateTime" : "09/30/10 00:00:00",
  "value" : "705"
},{
  "dateTime" : "10/01/10 00:00:00",
  "value" : "763"
},{
  "dateTime" : "10/02/10 00:00:00",
  "value" : "651"
}]