[{
  "dateTime" : "06/24/12 00:00:00",
  "value" : "732"
},{
  "dateTime" : "06/25/12 00:00:00",
  "value" : "617"
},{
  "dateTime" : "06/26/12 00:00:00",
  "value" : "675"
},{
  "dateTime" : "06/27/12 00:00:00",
  "value" : "712"
},{
  "dateTime" : "06/28/12 00:00:00",
  "value" : "751"
},{
  "dateTime" : "06/29/12 00:00:00",
  "value" : "597"
},{
  "dateTime" : "06/30/12 00:00:00",
  "value" : "586"
},{
  "dateTime" : "07/01/12 00:00:00",
  "value" : "996"
},{
  "dateTime" : "07/02/12 00:00:00",
  "value" : "789"
},{
  "dateTime" : "07/03/12 00:00:00",
  "value" : "601"
},{
  "dateTime" : "07/04/12 00:00:00",
  "value" : "670"
},{
  "dateTime" : "07/05/12 00:00:00",
  "value" : "729"
},{
  "dateTime" : "07/06/12 00:00:00",
  "value" : "720"
},{
  "dateTime" : "07/07/12 00:00:00",
  "value" : "771"
},{
  "dateTime" : "07/08/12 00:00:00",
  "value" : "556"
},{
  "dateTime" : "07/09/12 00:00:00",
  "value" : "647"
},{
  "dateTime" : "07/10/12 00:00:00",
  "value" : "713"
},{
  "dateTime" : "07/11/12 00:00:00",
  "value" : "1232"
},{
  "dateTime" : "07/12/12 00:00:00",
  "value" : "838"
},{
  "dateTime" : "07/13/12 00:00:00",
  "value" : "1076"
},{
  "dateTime" : "07/14/12 00:00:00",
  "value" : "1092"
},{
  "dateTime" : "07/15/12 00:00:00",
  "value" : "992"
},{
  "dateTime" : "07/16/12 00:00:00",
  "value" : "611"
},{
  "dateTime" : "07/17/12 00:00:00",
  "value" : "702"
},{
  "dateTime" : "07/18/12 00:00:00",
  "value" : "705"
},{
  "dateTime" : "07/19/12 00:00:00",
  "value" : "704"
},{
  "dateTime" : "07/20/12 00:00:00",
  "value" : "721"
},{
  "dateTime" : "07/21/12 00:00:00",
  "value" : "1248"
},{
  "dateTime" : "07/22/12 00:00:00",
  "value" : "701"
},{
  "dateTime" : "07/23/12 00:00:00",
  "value" : "644"
}]