[{
  "dateTime" : "10/03/10 00:00:00",
  "value" : "1120"
},{
  "dateTime" : "10/04/10 00:00:00",
  "value" : "613"
},{
  "dateTime" : "10/05/10 00:00:00",
  "value" : "636"
},{
  "dateTime" : "10/06/10 00:00:00",
  "value" : "727"
},{
  "dateTime" : "10/07/10 00:00:00",
  "value" : "629"
},{
  "dateTime" : "10/08/10 00:00:00",
  "value" : "844"
},{
  "dateTime" : "10/09/10 00:00:00",
  "value" : "466"
},{
  "dateTime" : "10/10/10 00:00:00",
  "value" : "833"
},{
  "dateTime" : "10/11/10 00:00:00",
  "value" : "670"
},{
  "dateTime" : "10/12/10 00:00:00",
  "value" : "649"
},{
  "dateTime" : "10/13/10 00:00:00",
  "value" : "987"
},{
  "dateTime" : "10/14/10 00:00:00",
  "value" : "1198"
},{
  "dateTime" : "10/15/10 00:00:00",
  "value" : "1440"
},{
  "dateTime" : "10/16/10 00:00:00",
  "value" : "1440"
},{
  "dateTime" : "10/17/10 00:00:00",
  "value" : "1440"
},{
  "dateTime" : "10/18/10 00:00:00",
  "value" : "1243"
},{
  "dateTime" : "10/19/10 00:00:00",
  "value" : "1149"
},{
  "dateTime" : "10/20/10 00:00:00",
  "value" : "1364"
},{
  "dateTime" : "10/21/10 00:00:00",
  "value" : "1236"
},{
  "dateTime" : "10/22/10 00:00:00",
  "value" : "990"
},{
  "dateTime" : "10/23/10 00:00:00",
  "value" : "807"
},{
  "dateTime" : "10/24/10 00:00:00",
  "value" : "1440"
},{
  "dateTime" : "10/25/10 00:00:00",
  "value" : "1440"
},{
  "dateTime" : "10/26/10 00:00:00",
  "value" : "1440"
},{
  "dateTime" : "10/27/10 00:00:00",
  "value" : "1440"
},{
  "dateTime" : "10/28/10 00:00:00",
  "value" : "1440"
},{
  "dateTime" : "10/29/10 00:00:00",
  "value" : "1440"
},{
  "dateTime" : "10/30/10 00:00:00",
  "value" : "1440"
},{
  "dateTime" : "10/31/10 00:00:00",
  "value" : "1440"
},{
  "dateTime" : "11/01/10 00:00:00",
  "value" : "1440"
}]