[{
  "dateTime" : "10/01/16 00:00:00",
  "value" : "0"
},{
  "dateTime" : "10/02/16 00:00:00",
  "value" : "1006"
},{
  "dateTime" : "10/03/16 00:00:00",
  "value" : "769"
},{
  "dateTime" : "10/04/16 00:00:00",
  "value" : "1189"
},{
  "dateTime" : "10/05/16 00:00:00",
  "value" : "986"
},{
  "dateTime" : "10/06/16 00:00:00",
  "value" : "1193"
},{
  "dateTime" : "10/07/16 00:00:00",
  "value" : "588"
},{
  "dateTime" : "10/08/16 00:00:00",
  "value" : "1025"
},{
  "dateTime" : "10/09/16 00:00:00",
  "value" : "693"
},{
  "dateTime" : "10/10/16 00:00:00",
  "value" : "1384"
},{
  "dateTime" : "10/11/16 00:00:00",
  "value" : "1361"
},{
  "dateTime" : "10/12/16 00:00:00",
  "value" : "1311"
},{
  "dateTime" : "10/13/16 00:00:00",
  "value" : "1257"
},{
  "dateTime" : "10/14/16 00:00:00",
  "value" : "1223"
},{
  "dateTime" : "10/15/16 00:00:00",
  "value" : "1192"
},{
  "dateTime" : "10/16/16 00:00:00",
  "value" : "1209"
},{
  "dateTime" : "10/17/16 00:00:00",
  "value" : "1229"
},{
  "dateTime" : "10/18/16 00:00:00",
  "value" : "1262"
},{
  "dateTime" : "10/19/16 00:00:00",
  "value" : "1213"
},{
  "dateTime" : "10/20/16 00:00:00",
  "value" : "1164"
},{
  "dateTime" : "10/21/16 00:00:00",
  "value" : "1236"
},{
  "dateTime" : "10/22/16 00:00:00",
  "value" : "1128"
},{
  "dateTime" : "10/23/16 00:00:00",
  "value" : "1207"
},{
  "dateTime" : "10/24/16 00:00:00",
  "value" : "1318"
},{
  "dateTime" : "10/25/16 00:00:00",
  "value" : "1138"
},{
  "dateTime" : "10/26/16 00:00:00",
  "value" : "1196"
},{
  "dateTime" : "10/27/16 00:00:00",
  "value" : "1089"
},{
  "dateTime" : "10/28/16 00:00:00",
  "value" : "926"
},{
  "dateTime" : "10/29/16 00:00:00",
  "value" : "1100"
},{
  "dateTime" : "10/30/16 00:00:00",
  "value" : "339"
}]