[{
  "dateTime" : "10/28/11 00:00:00",
  "value" : "532"
},{
  "dateTime" : "10/29/11 00:00:00",
  "value" : "501"
},{
  "dateTime" : "10/30/11 00:00:00",
  "value" : "370"
},{
  "dateTime" : "10/31/11 00:00:00",
  "value" : "488"
},{
  "dateTime" : "11/01/11 00:00:00",
  "value" : "568"
},{
  "dateTime" : "11/02/11 00:00:00",
  "value" : "555"
},{
  "dateTime" : "11/03/11 00:00:00",
  "value" : "630"
},{
  "dateTime" : "11/04/11 00:00:00",
  "value" : "822"
},{
  "dateTime" : "11/05/11 00:00:00",
  "value" : "277"
},{
  "dateTime" : "11/06/11 00:00:00",
  "value" : "474"
},{
  "dateTime" : "11/07/11 00:00:00",
  "value" : "511"
},{
  "dateTime" : "11/08/11 00:00:00",
  "value" : "454"
},{
  "dateTime" : "11/09/11 00:00:00",
  "value" : "576"
},{
  "dateTime" : "11/10/11 00:00:00",
  "value" : "536"
},{
  "dateTime" : "11/11/11 00:00:00",
  "value" : "698"
},{
  "dateTime" : "11/12/11 00:00:00",
  "value" : "1126"
},{
  "dateTime" : "11/13/11 00:00:00",
  "value" : "851"
},{
  "dateTime" : "11/14/11 00:00:00",
  "value" : "631"
},{
  "dateTime" : "11/15/11 00:00:00",
  "value" : "679"
},{
  "dateTime" : "11/16/11 00:00:00",
  "value" : "630"
},{
  "dateTime" : "11/17/11 00:00:00",
  "value" : "714"
},{
  "dateTime" : "11/18/11 00:00:00",
  "value" : "1096"
},{
  "dateTime" : "11/19/11 00:00:00",
  "value" : "734"
},{
  "dateTime" : "11/20/11 00:00:00",
  "value" : "532"
},{
  "dateTime" : "11/21/11 00:00:00",
  "value" : "545"
},{
  "dateTime" : "11/22/11 00:00:00",
  "value" : "717"
},{
  "dateTime" : "11/23/11 00:00:00",
  "value" : "1017"
},{
  "dateTime" : "11/24/11 00:00:00",
  "value" : "315"
},{
  "dateTime" : "11/25/11 00:00:00",
  "value" : "1221"
},{
  "dateTime" : "11/26/11 00:00:00",
  "value" : "910"
}]