[{
  "dateTime" : "07/30/11 00:00:00",
  "value" : "455"
},{
  "dateTime" : "07/31/11 00:00:00",
  "value" : "600"
},{
  "dateTime" : "08/01/11 00:00:00",
  "value" : "564"
},{
  "dateTime" : "08/02/11 00:00:00",
  "value" : "625"
},{
  "dateTime" : "08/03/11 00:00:00",
  "value" : "643"
},{
  "dateTime" : "08/04/11 00:00:00",
  "value" : "662"
},{
  "dateTime" : "08/05/11 00:00:00",
  "value" : "721"
},{
  "dateTime" : "08/06/11 00:00:00",
  "value" : "56"
},{
  "dateTime" : "08/07/11 00:00:00",
  "value" : "576"
},{
  "dateTime" : "08/08/11 00:00:00",
  "value" : "541"
},{
  "dateTime" : "08/09/11 00:00:00",
  "value" : "607"
},{
  "dateTime" : "08/10/11 00:00:00",
  "value" : "592"
},{
  "dateTime" : "08/11/11 00:00:00",
  "value" : "492"
},{
  "dateTime" : "08/12/11 00:00:00",
  "value" : "687"
},{
  "dateTime" : "08/13/11 00:00:00",
  "value" : "765"
},{
  "dateTime" : "08/14/11 00:00:00",
  "value" : "1070"
},{
  "dateTime" : "08/15/11 00:00:00",
  "value" : "633"
},{
  "dateTime" : "08/16/11 00:00:00",
  "value" : "681"
},{
  "dateTime" : "08/17/11 00:00:00",
  "value" : "610"
},{
  "dateTime" : "08/18/11 00:00:00",
  "value" : "714"
},{
  "dateTime" : "08/19/11 00:00:00",
  "value" : "647"
},{
  "dateTime" : "08/20/11 00:00:00",
  "value" : "940"
},{
  "dateTime" : "08/21/11 00:00:00",
  "value" : "1101"
},{
  "dateTime" : "08/22/11 00:00:00",
  "value" : "672"
},{
  "dateTime" : "08/23/11 00:00:00",
  "value" : "778"
},{
  "dateTime" : "08/24/11 00:00:00",
  "value" : "570"
},{
  "dateTime" : "08/25/11 00:00:00",
  "value" : "719"
},{
  "dateTime" : "08/26/11 00:00:00",
  "value" : "985"
},{
  "dateTime" : "08/27/11 00:00:00",
  "value" : "1135"
},{
  "dateTime" : "08/28/11 00:00:00",
  "value" : "1027"
}]