[{
  "dateTime" : "07/14/14 00:00:00",
  "value" : "1160"
},{
  "dateTime" : "07/15/14 00:00:00",
  "value" : "983"
},{
  "dateTime" : "07/16/14 00:00:00",
  "value" : "1098"
},{
  "dateTime" : "07/17/14 00:00:00",
  "value" : "644"
},{
  "dateTime" : "07/18/14 00:00:00",
  "value" : "1151"
},{
  "dateTime" : "07/19/14 00:00:00",
  "value" : "1288"
},{
  "dateTime" : "07/20/14 00:00:00",
  "value" : "973"
},{
  "dateTime" : "07/21/14 00:00:00",
  "value" : "910"
},{
  "dateTime" : "07/22/14 00:00:00",
  "value" : "1127"
},{
  "dateTime" : "07/23/14 00:00:00",
  "value" : "704"
},{
  "dateTime" : "07/24/14 00:00:00",
  "value" : "1280"
},{
  "dateTime" : "07/25/14 00:00:00",
  "value" : "1105"
},{
  "dateTime" : "07/26/14 00:00:00",
  "value" : "1189"
},{
  "dateTime" : "07/27/14 00:00:00",
  "value" : "1143"
},{
  "dateTime" : "07/28/14 00:00:00",
  "value" : "1197"
},{
  "dateTime" : "07/29/14 00:00:00",
  "value" : "317"
},{
  "dateTime" : "07/30/14 00:00:00",
  "value" : "825"
},{
  "dateTime" : "07/31/14 00:00:00",
  "value" : "390"
},{
  "dateTime" : "08/01/14 00:00:00",
  "value" : "1350"
},{
  "dateTime" : "08/02/14 00:00:00",
  "value" : "1168"
},{
  "dateTime" : "08/03/14 00:00:00",
  "value" : "1059"
},{
  "dateTime" : "08/04/14 00:00:00",
  "value" : "448"
},{
  "dateTime" : "08/05/14 00:00:00",
  "value" : "647"
},{
  "dateTime" : "08/06/14 00:00:00",
  "value" : "1058"
},{
  "dateTime" : "08/07/14 00:00:00",
  "value" : "1260"
},{
  "dateTime" : "08/08/14 00:00:00",
  "value" : "1186"
},{
  "dateTime" : "08/09/14 00:00:00",
  "value" : "721"
},{
  "dateTime" : "08/10/14 00:00:00",
  "value" : "1152"
},{
  "dateTime" : "08/11/14 00:00:00",
  "value" : "1116"
},{
  "dateTime" : "08/12/14 00:00:00",
  "value" : "1119"
}]