[{
  "dateTime" : "12/02/10 00:00:00",
  "value" : "1314"
},{
  "dateTime" : "12/03/10 00:00:00",
  "value" : "1273"
},{
  "dateTime" : "12/04/10 00:00:00",
  "value" : "1440"
},{
  "dateTime" : "12/05/10 00:00:00",
  "value" : "1359"
},{
  "dateTime" : "12/06/10 00:00:00",
  "value" : "1034"
},{
  "dateTime" : "12/07/10 00:00:00",
  "value" : "1175"
},{
  "dateTime" : "12/08/10 00:00:00",
  "value" : "1140"
},{
  "dateTime" : "12/09/10 00:00:00",
  "value" : "1051"
},{
  "dateTime" : "12/10/10 00:00:00",
  "value" : "1224"
},{
  "dateTime" : "12/11/10 00:00:00",
  "value" : "1328"
},{
  "dateTime" : "12/12/10 00:00:00",
  "value" : "1440"
},{
  "dateTime" : "12/13/10 00:00:00",
  "value" : "695"
},{
  "dateTime" : "12/14/10 00:00:00",
  "value" : "876"
},{
  "dateTime" : "12/15/10 00:00:00",
  "value" : "1242"
},{
  "dateTime" : "12/16/10 00:00:00",
  "value" : "704"
},{
  "dateTime" : "12/17/10 00:00:00",
  "value" : "1105"
},{
  "dateTime" : "12/18/10 00:00:00",
  "value" : "1246"
},{
  "dateTime" : "12/19/10 00:00:00",
  "value" : "541"
},{
  "dateTime" : "12/20/10 00:00:00",
  "value" : "643"
},{
  "dateTime" : "12/21/10 00:00:00",
  "value" : "590"
},{
  "dateTime" : "12/22/10 00:00:00",
  "value" : "658"
},{
  "dateTime" : "12/23/10 00:00:00",
  "value" : "498"
},{
  "dateTime" : "12/24/10 00:00:00",
  "value" : "1370"
},{
  "dateTime" : "12/25/10 00:00:00",
  "value" : "1222"
},{
  "dateTime" : "12/26/10 00:00:00",
  "value" : "991"
},{
  "dateTime" : "12/27/10 00:00:00",
  "value" : "995"
},{
  "dateTime" : "12/28/10 00:00:00",
  "value" : "686"
},{
  "dateTime" : "12/29/10 00:00:00",
  "value" : "1022"
},{
  "dateTime" : "12/30/10 00:00:00",
  "value" : "449"
},{
  "dateTime" : "12/31/10 00:00:00",
  "value" : "622"
}]