[{
  "dateTime" : "04/20/13 00:00:00",
  "value" : "654"
},{
  "dateTime" : "04/21/13 00:00:00",
  "value" : "358"
},{
  "dateTime" : "04/22/13 00:00:00",
  "value" : "449"
},{
  "dateTime" : "04/23/13 00:00:00",
  "value" : "560"
},{
  "dateTime" : "04/24/13 00:00:00",
  "value" : "918"
},{
  "dateTime" : "04/25/13 00:00:00",
  "value" : "618"
},{
  "dateTime" : "04/26/13 00:00:00",
  "value" : "544"
},{
  "dateTime" : "04/27/13 00:00:00",
  "value" : "558"
},{
  "dateTime" : "04/28/13 00:00:00",
  "value" : "615"
},{
  "dateTime" : "04/29/13 00:00:00",
  "value" : "491"
},{
  "dateTime" : "04/30/13 00:00:00",
  "value" : "606"
},{
  "dateTime" : "05/01/13 00:00:00",
  "value" : "590"
},{
  "dateTime" : "05/02/13 00:00:00",
  "value" : "726"
},{
  "dateTime" : "05/03/13 00:00:00",
  "value" : "700"
},{
  "dateTime" : "05/04/13 00:00:00",
  "value" : "527"
},{
  "dateTime" : "05/05/13 00:00:00",
  "value" : "557"
},{
  "dateTime" : "05/06/13 00:00:00",
  "value" : "598"
},{
  "dateTime" : "05/07/13 00:00:00",
  "value" : "560"
},{
  "dateTime" : "05/08/13 00:00:00",
  "value" : "484"
},{
  "dateTime" : "05/09/13 00:00:00",
  "value" : "564"
},{
  "dateTime" : "05/10/13 00:00:00",
  "value" : "686"
},{
  "dateTime" : "05/11/13 00:00:00",
  "value" : "723"
},{
  "dateTime" : "05/12/13 00:00:00",
  "value" : "604"
},{
  "dateTime" : "05/13/13 00:00:00",
  "value" : "503"
},{
  "dateTime" : "05/14/13 00:00:00",
  "value" : "600"
},{
  "dateTime" : "05/15/13 00:00:00",
  "value" : "570"
},{
  "dateTime" : "05/16/13 00:00:00",
  "value" : "526"
},{
  "dateTime" : "05/17/13 00:00:00",
  "value" : "728"
},{
  "dateTime" : "05/18/13 00:00:00",
  "value" : "750"
},{
  "dateTime" : "05/19/13 00:00:00",
  "value" : "432"
}]