[{
  "dateTime" : "07/28/17 00:00:00",
  "value" : "941"
},{
  "dateTime" : "07/29/17 00:00:00",
  "value" : "651"
},{
  "dateTime" : "07/30/17 00:00:00",
  "value" : "865"
},{
  "dateTime" : "07/31/17 00:00:00",
  "value" : "548"
},{
  "dateTime" : "08/01/17 00:00:00",
  "value" : "724"
},{
  "dateTime" : "08/02/17 00:00:00",
  "value" : "766"
},{
  "dateTime" : "08/03/17 00:00:00",
  "value" : "720"
},{
  "dateTime" : "08/04/17 00:00:00",
  "value" : "737"
},{
  "dateTime" : "08/05/17 00:00:00",
  "value" : "784"
},{
  "dateTime" : "08/06/17 00:00:00",
  "value" : "736"
},{
  "dateTime" : "08/07/17 00:00:00",
  "value" : "637"
},{
  "dateTime" : "08/08/17 00:00:00",
  "value" : "662"
},{
  "dateTime" : "08/09/17 00:00:00",
  "value" : "754"
},{
  "dateTime" : "08/10/17 00:00:00",
  "value" : "495"
},{
  "dateTime" : "08/11/17 00:00:00",
  "value" : "673"
},{
  "dateTime" : "08/12/17 00:00:00",
  "value" : "683"
},{
  "dateTime" : "08/13/17 00:00:00",
  "value" : "616"
},{
  "dateTime" : "08/14/17 00:00:00",
  "value" : "629"
},{
  "dateTime" : "08/15/17 00:00:00",
  "value" : "757"
},{
  "dateTime" : "08/16/17 00:00:00",
  "value" : "653"
},{
  "dateTime" : "08/17/17 00:00:00",
  "value" : "1160"
},{
  "dateTime" : "08/18/17 00:00:00",
  "value" : "577"
},{
  "dateTime" : "08/19/17 00:00:00",
  "value" : "661"
},{
  "dateTime" : "08/20/17 00:00:00",
  "value" : "624"
},{
  "dateTime" : "08/21/17 00:00:00",
  "value" : "639"
},{
  "dateTime" : "08/22/17 00:00:00",
  "value" : "580"
},{
  "dateTime" : "08/23/17 00:00:00",
  "value" : "580"
},{
  "dateTime" : "08/24/17 00:00:00",
  "value" : "635"
},{
  "dateTime" : "08/25/17 00:00:00",
  "value" : "828"
},{
  "dateTime" : "08/26/17 00:00:00",
  "value" : "824"
}]