[{
  "dateTime" : "09/28/11 00:00:00",
  "value" : "698"
},{
  "dateTime" : "09/29/11 00:00:00",
  "value" : "604"
},{
  "dateTime" : "09/30/11 00:00:00",
  "value" : "1047"
},{
  "dateTime" : "10/01/11 00:00:00",
  "value" : "1170"
},{
  "dateTime" : "10/02/11 00:00:00",
  "value" : "895"
},{
  "dateTime" : "10/03/11 00:00:00",
  "value" : "727"
},{
  "dateTime" : "10/04/11 00:00:00",
  "value" : "590"
},{
  "dateTime" : "10/05/11 00:00:00",
  "value" : "690"
},{
  "dateTime" : "10/06/11 00:00:00",
  "value" : "705"
},{
  "dateTime" : "10/07/11 00:00:00",
  "value" : "548"
},{
  "dateTime" : "10/08/11 00:00:00",
  "value" : "567"
},{
  "dateTime" : "10/09/11 00:00:00",
  "value" : "1041"
},{
  "dateTime" : "10/10/11 00:00:00",
  "value" : "460"
},{
  "dateTime" : "10/11/11 00:00:00",
  "value" : "499"
},{
  "dateTime" : "10/12/11 00:00:00",
  "value" : "315"
},{
  "dateTime" : "10/13/11 00:00:00",
  "value" : "807"
},{
  "dateTime" : "10/14/11 00:00:00",
  "value" : "1140"
},{
  "dateTime" : "10/15/11 00:00:00",
  "value" : "1215"
},{
  "dateTime" : "10/16/11 00:00:00",
  "value" : "1116"
},{
  "dateTime" : "10/17/11 00:00:00",
  "value" : "624"
},{
  "dateTime" : "10/18/11 00:00:00",
  "value" : "483"
},{
  "dateTime" : "10/19/11 00:00:00",
  "value" : "634"
},{
  "dateTime" : "10/20/11 00:00:00",
  "value" : "480"
},{
  "dateTime" : "10/21/11 00:00:00",
  "value" : "616"
},{
  "dateTime" : "10/22/11 00:00:00",
  "value" : "710"
},{
  "dateTime" : "10/23/11 00:00:00",
  "value" : "465"
},{
  "dateTime" : "10/24/11 00:00:00",
  "value" : "515"
},{
  "dateTime" : "10/25/11 00:00:00",
  "value" : "406"
},{
  "dateTime" : "10/26/11 00:00:00",
  "value" : "497"
},{
  "dateTime" : "10/27/11 00:00:00",
  "value" : "647"
}]