[{
  "dateTime" : "05/15/14 00:00:00",
  "value" : "1126"
},{
  "dateTime" : "05/16/14 00:00:00",
  "value" : "729"
},{
  "dateTime" : "05/17/14 00:00:00",
  "value" : "464"
},{
  "dateTime" : "05/18/14 00:00:00",
  "value" : "678"
},{
  "dateTime" : "05/19/14 00:00:00",
  "value" : "567"
},{
  "dateTime" : "05/20/14 00:00:00",
  "value" : "696"
},{
  "dateTime" : "05/21/14 00:00:00",
  "value" : "604"
},{
  "dateTime" : "05/22/14 00:00:00",
  "value" : "570"
},{
  "dateTime" : "05/23/14 00:00:00",
  "value" : "1017"
},{
  "dateTime" : "05/24/14 00:00:00",
  "value" : "532"
},{
  "dateTime" : "05/25/14 00:00:00",
  "value" : "730"
},{
  "dateTime" : "05/26/14 00:00:00",
  "value" : "1190"
},{
  "dateTime" : "05/27/14 00:00:00",
  "value" : "602"
},{
  "dateTime" : "05/28/14 00:00:00",
  "value" : "756"
},{
  "dateTime" : "05/29/14 00:00:00",
  "value" : "588"
},{
  "dateTime" : "05/30/14 00:00:00",
  "value" : "464"
},{
  "dateTime" : "05/31/14 00:00:00",
  "value" : "732"
},{
  "dateTime" : "06/01/14 00:00:00",
  "value" : "470"
},{
  "dateTime" : "06/02/14 00:00:00",
  "value" : "602"
},{
  "dateTime" : "06/03/14 00:00:00",
  "value" : "616"
},{
  "dateTime" : "06/04/14 00:00:00",
  "value" : "809"
},{
  "dateTime" : "06/05/14 00:00:00",
  "value" : "969"
},{
  "dateTime" : "06/06/14 00:00:00",
  "value" : "936"
},{
  "dateTime" : "06/07/14 00:00:00",
  "value" : "1108"
},{
  "dateTime" : "06/08/14 00:00:00",
  "value" : "636"
},{
  "dateTime" : "06/09/14 00:00:00",
  "value" : "799"
},{
  "dateTime" : "06/10/14 00:00:00",
  "value" : "557"
},{
  "dateTime" : "06/11/14 00:00:00",
  "value" : "771"
},{
  "dateTime" : "06/12/14 00:00:00",
  "value" : "1050"
},{
  "dateTime" : "06/13/14 00:00:00",
  "value" : "586"
}]