[{
  "dateTime" : "03/02/11 00:00:00",
  "value" : "616"
},{
  "dateTime" : "03/03/11 00:00:00",
  "value" : "651"
},{
  "dateTime" : "03/04/11 00:00:00",
  "value" : "739"
},{
  "dateTime" : "03/05/11 00:00:00",
  "value" : "1127"
},{
  "dateTime" : "03/06/11 00:00:00",
  "value" : "389"
},{
  "dateTime" : "03/07/11 00:00:00",
  "value" : "664"
},{
  "dateTime" : "03/08/11 00:00:00",
  "value" : "656"
},{
  "dateTime" : "03/09/11 00:00:00",
  "value" : "618"
},{
  "dateTime" : "03/10/11 00:00:00",
  "value" : "577"
},{
  "dateTime" : "03/11/11 00:00:00",
  "value" : "1046"
},{
  "dateTime" : "03/12/11 00:00:00",
  "value" : "628"
},{
  "dateTime" : "03/13/11 00:00:00",
  "value" : "592"
},{
  "dateTime" : "03/14/11 00:00:00",
  "value" : "749"
},{
  "dateTime" : "03/15/11 00:00:00",
  "value" : "636"
},{
  "dateTime" : "03/16/11 00:00:00",
  "value" : "802"
},{
  "dateTime" : "03/17/11 00:00:00",
  "value" : "1053"
},{
  "dateTime" : "03/18/11 00:00:00",
  "value" : "715"
},{
  "dateTime" : "03/19/11 00:00:00",
  "value" : "868"
},{
  "dateTime" : "03/20/11 00:00:00",
  "value" : "970"
},{
  "dateTime" : "03/21/11 00:00:00",
  "value" : "709"
},{
  "dateTime" : "03/22/11 00:00:00",
  "value" : "557"
},{
  "dateTime" : "03/23/11 00:00:00",
  "value" : "549"
},{
  "dateTime" : "03/24/11 00:00:00",
  "value" : "716"
},{
  "dateTime" : "03/25/11 00:00:00",
  "value" : "1137"
},{
  "dateTime" : "03/26/11 00:00:00",
  "value" : "978"
},{
  "dateTime" : "03/27/11 00:00:00",
  "value" : "1057"
},{
  "dateTime" : "03/28/11 00:00:00",
  "value" : "1110"
},{
  "dateTime" : "03/29/11 00:00:00",
  "value" : "597"
},{
  "dateTime" : "03/30/11 00:00:00",
  "value" : "953"
},{
  "dateTime" : "03/31/11 00:00:00",
  "value" : "1143"
}]