[{
  "dateTime" : "12/30/16 00:00:00",
  "value" : "736"
},{
  "dateTime" : "12/31/16 00:00:00",
  "value" : "1014"
},{
  "dateTime" : "01/01/17 00:00:00",
  "value" : "778"
},{
  "dateTime" : "01/02/17 00:00:00",
  "value" : "1268"
},{
  "dateTime" : "01/03/17 00:00:00",
  "value" : "1322"
},{
  "dateTime" : "01/04/17 00:00:00",
  "value" : "1022"
},{
  "dateTime" : "01/05/17 00:00:00",
  "value" : "477"
},{
  "dateTime" : "01/06/17 00:00:00",
  "value" : "789"
},{
  "dateTime" : "01/07/17 00:00:00",
  "value" : "631"
},{
  "dateTime" : "01/08/17 00:00:00",
  "value" : "669"
},{
  "dateTime" : "01/09/17 00:00:00",
  "value" : "546"
},{
  "dateTime" : "01/10/17 00:00:00",
  "value" : "840"
},{
  "dateTime" : "01/11/17 00:00:00",
  "value" : "889"
},{
  "dateTime" : "01/12/17 00:00:00",
  "value" : "534"
},{
  "dateTime" : "01/13/17 00:00:00",
  "value" : "688"
},{
  "dateTime" : "01/14/17 00:00:00",
  "value" : "539"
},{
  "dateTime" : "01/15/17 00:00:00",
  "value" : "489"
},{
  "dateTime" : "01/16/17 00:00:00",
  "value" : "462"
},{
  "dateTime" : "01/17/17 00:00:00",
  "value" : "553"
},{
  "dateTime" : "01/18/17 00:00:00",
  "value" : "707"
},{
  "dateTime" : "01/19/17 00:00:00",
  "value" : "830"
},{
  "dateTime" : "01/20/17 00:00:00",
  "value" : "984"
},{
  "dateTime" : "01/21/17 00:00:00",
  "value" : "947"
},{
  "dateTime" : "01/22/17 00:00:00",
  "value" : "663"
},{
  "dateTime" : "01/23/17 00:00:00",
  "value" : "542"
},{
  "dateTime" : "01/24/17 00:00:00",
  "value" : "566"
},{
  "dateTime" : "01/25/17 00:00:00",
  "value" : "673"
},{
  "dateTime" : "01/26/17 00:00:00",
  "value" : "580"
},{
  "dateTime" : "01/27/17 00:00:00",
  "value" : "815"
},{
  "dateTime" : "01/28/17 00:00:00",
  "value" : "684"
}]