[{
  "dateTime" : "10/07/15 00:00:00",
  "value" : "1191"
},{
  "dateTime" : "10/08/15 00:00:00",
  "value" : "1168"
},{
  "dateTime" : "10/09/15 00:00:00",
  "value" : "136"
},{
  "dateTime" : "10/10/15 00:00:00",
  "value" : "608"
},{
  "dateTime" : "10/11/15 00:00:00",
  "value" : "498"
},{
  "dateTime" : "10/12/15 00:00:00",
  "value" : "618"
},{
  "dateTime" : "10/13/15 00:00:00",
  "value" : "655"
},{
  "dateTime" : "10/14/15 00:00:00",
  "value" : "290"
},{
  "dateTime" : "10/15/15 00:00:00",
  "value" : "1108"
},{
  "dateTime" : "10/16/15 00:00:00",
  "value" : "1248"
},{
  "dateTime" : "10/17/15 00:00:00",
  "value" : "1097"
},{
  "dateTime" : "10/18/15 00:00:00",
  "value" : "1282"
},{
  "dateTime" : "10/19/15 00:00:00",
  "value" : "1247"
},{
  "dateTime" : "10/20/15 00:00:00",
  "value" : "1006"
},{
  "dateTime" : "10/21/15 00:00:00",
  "value" : "603"
},{
  "dateTime" : "10/22/15 00:00:00",
  "value" : "762"
},{
  "dateTime" : "10/23/15 00:00:00",
  "value" : "670"
},{
  "dateTime" : "10/24/15 00:00:00",
  "value" : "863"
},{
  "dateTime" : "10/25/15 00:00:00",
  "value" : "1154"
},{
  "dateTime" : "10/26/15 00:00:00",
  "value" : "726"
},{
  "dateTime" : "10/27/15 00:00:00",
  "value" : "652"
},{
  "dateTime" : "10/28/15 00:00:00",
  "value" : "729"
},{
  "dateTime" : "10/29/15 00:00:00",
  "value" : "645"
},{
  "dateTime" : "10/30/15 00:00:00",
  "value" : "483"
},{
  "dateTime" : "10/31/15 00:00:00",
  "value" : "152"
},{
  "dateTime" : "11/01/15 00:00:00",
  "value" : "356"
},{
  "dateTime" : "11/02/15 00:00:00",
  "value" : "421"
},{
  "dateTime" : "11/03/15 00:00:00",
  "value" : "984"
},{
  "dateTime" : "11/04/15 00:00:00",
  "value" : "554"
},{
  "dateTime" : "11/05/15 00:00:00",
  "value" : "515"
}]