[{
  "dateTime" : "09/17/13 00:00:00",
  "value" : "643"
},{
  "dateTime" : "09/18/13 00:00:00",
  "value" : "952"
},{
  "dateTime" : "09/19/13 00:00:00",
  "value" : "558"
},{
  "dateTime" : "09/20/13 00:00:00",
  "value" : "1032"
},{
  "dateTime" : "09/21/13 00:00:00",
  "value" : "546"
},{
  "dateTime" : "09/22/13 00:00:00",
  "value" : "726"
},{
  "dateTime" : "09/23/13 00:00:00",
  "value" : "558"
},{
  "dateTime" : "09/24/13 00:00:00",
  "value" : "546"
},{
  "dateTime" : "09/25/13 00:00:00",
  "value" : "719"
},{
  "dateTime" : "09/26/13 00:00:00",
  "value" : "370"
},{
  "dateTime" : "09/27/13 00:00:00",
  "value" : "424"
},{
  "dateTime" : "09/28/13 00:00:00",
  "value" : "809"
},{
  "dateTime" : "09/29/13 00:00:00",
  "value" : "514"
},{
  "dateTime" : "09/30/13 00:00:00",
  "value" : "661"
},{
  "dateTime" : "10/01/13 00:00:00",
  "value" : "500"
},{
  "dateTime" : "10/02/13 00:00:00",
  "value" : "832"
},{
  "dateTime" : "10/03/13 00:00:00",
  "value" : "531"
},{
  "dateTime" : "10/04/13 00:00:00",
  "value" : "1100"
},{
  "dateTime" : "10/05/13 00:00:00",
  "value" : "1242"
},{
  "dateTime" : "10/06/13 00:00:00",
  "value" : "597"
},{
  "dateTime" : "10/07/13 00:00:00",
  "value" : "614"
},{
  "dateTime" : "10/08/13 00:00:00",
  "value" : "608"
},{
  "dateTime" : "10/09/13 00:00:00",
  "value" : "549"
},{
  "dateTime" : "10/10/13 00:00:00",
  "value" : "602"
},{
  "dateTime" : "10/11/13 00:00:00",
  "value" : "44"
},{
  "dateTime" : "10/12/13 00:00:00",
  "value" : "547"
},{
  "dateTime" : "10/13/13 00:00:00",
  "value" : "904"
},{
  "dateTime" : "10/14/13 00:00:00",
  "value" : "691"
},{
  "dateTime" : "10/15/13 00:00:00",
  "value" : "381"
},{
  "dateTime" : "10/16/13 00:00:00",
  "value" : "745"
}]