[{
  "dateTime" : "08/29/11 00:00:00",
  "value" : "624"
},{
  "dateTime" : "08/30/11 00:00:00",
  "value" : "544"
},{
  "dateTime" : "08/31/11 00:00:00",
  "value" : "538"
},{
  "dateTime" : "09/01/11 00:00:00",
  "value" : "531"
},{
  "dateTime" : "09/02/11 00:00:00",
  "value" : "710"
},{
  "dateTime" : "09/03/11 00:00:00",
  "value" : "1170"
},{
  "dateTime" : "09/04/11 00:00:00",
  "value" : "247"
},{
  "dateTime" : "09/05/11 00:00:00",
  "value" : "580"
},{
  "dateTime" : "09/06/11 00:00:00",
  "value" : "569"
},{
  "dateTime" : "09/07/11 00:00:00",
  "value" : "685"
},{
  "dateTime" : "09/08/11 00:00:00",
  "value" : "704"
},{
  "dateTime" : "09/09/11 00:00:00",
  "value" : "777"
},{
  "dateTime" : "09/10/11 00:00:00",
  "value" : "1379"
},{
  "dateTime" : "09/11/11 00:00:00",
  "value" : "1077"
},{
  "dateTime" : "09/12/11 00:00:00",
  "value" : "588"
},{
  "dateTime" : "09/13/11 00:00:00",
  "value" : "719"
},{
  "dateTime" : "09/14/11 00:00:00",
  "value" : "652"
},{
  "dateTime" : "09/15/11 00:00:00",
  "value" : "594"
},{
  "dateTime" : "09/16/11 00:00:00",
  "value" : "663"
},{
  "dateTime" : "09/17/11 00:00:00",
  "value" : "1076"
},{
  "dateTime" : "09/18/11 00:00:00",
  "value" : "936"
},{
  "dateTime" : "09/19/11 00:00:00",
  "value" : "683"
},{
  "dateTime" : "09/20/11 00:00:00",
  "value" : "597"
},{
  "dateTime" : "09/21/11 00:00:00",
  "value" : "651"
},{
  "dateTime" : "09/22/11 00:00:00",
  "value" : "838"
},{
  "dateTime" : "09/23/11 00:00:00",
  "value" : "1084"
},{
  "dateTime" : "09/24/11 00:00:00",
  "value" : "1025"
},{
  "dateTime" : "09/25/11 00:00:00",
  "value" : "932"
},{
  "dateTime" : "09/26/11 00:00:00",
  "value" : "554"
},{
  "dateTime" : "09/27/11 00:00:00",
  "value" : "529"
}]