[{
  "dateTime" : "01/01/11 00:00:00",
  "value" : "1095"
},{
  "dateTime" : "01/02/11 00:00:00",
  "value" : "361"
},{
  "dateTime" : "01/03/11 00:00:00",
  "value" : "691"
},{
  "dateTime" : "01/04/11 00:00:00",
  "value" : "727"
},{
  "dateTime" : "01/05/11 00:00:00",
  "value" : "1117"
},{
  "dateTime" : "01/06/11 00:00:00",
  "value" : "650"
},{
  "dateTime" : "01/07/11 00:00:00",
  "value" : "782"
},{
  "dateTime" : "01/08/11 00:00:00",
  "value" : "1053"
},{
  "dateTime" : "01/09/11 00:00:00",
  "value" : "367"
},{
  "dateTime" : "01/10/11 00:00:00",
  "value" : "687"
},{
  "dateTime" : "01/11/11 00:00:00",
  "value" : "620"
},{
  "dateTime" : "01/12/11 00:00:00",
  "value" : "781"
},{
  "dateTime" : "01/13/11 00:00:00",
  "value" : "991"
},{
  "dateTime" : "01/14/11 00:00:00",
  "value" : "665"
},{
  "dateTime" : "01/15/11 00:00:00",
  "value" : "1132"
},{
  "dateTime" : "01/16/11 00:00:00",
  "value" : "988"
},{
  "dateTime" : "01/17/11 00:00:00",
  "value" : "1094"
},{
  "dateTime" : "01/18/11 00:00:00",
  "value" : "648"
},{
  "dateTime" : "01/19/11 00:00:00",
  "value" : "640"
},{
  "dateTime" : "01/20/11 00:00:00",
  "value" : "736"
},{
  "dateTime" : "01/21/11 00:00:00",
  "value" : "709"
},{
  "dateTime" : "01/22/11 00:00:00",
  "value" : "1022"
},{
  "dateTime" : "01/23/11 00:00:00",
  "value" : "1039"
},{
  "dateTime" : "01/24/11 00:00:00",
  "value" : "697"
},{
  "dateTime" : "01/25/11 00:00:00",
  "value" : "604"
},{
  "dateTime" : "01/26/11 00:00:00",
  "value" : "616"
},{
  "dateTime" : "01/27/11 00:00:00",
  "value" : "590"
},{
  "dateTime" : "01/28/11 00:00:00",
  "value" : "673"
},{
  "dateTime" : "01/29/11 00:00:00",
  "value" : "496"
},{
  "dateTime" : "01/30/11 00:00:00",
  "value" : "1024"
}]