[{
  "dateTime" : "11/16/13 00:00:00",
  "value" : "1440"
},{
  "dateTime" : "11/17/13 00:00:00",
  "value" : "1440"
},{
  "dateTime" : "11/18/13 00:00:00",
  "value" : "1440"
},{
  "dateTime" : "11/19/13 00:00:00",
  "value" : "1063"
},{
  "dateTime" : "11/20/13 00:00:00",
  "value" : "598"
},{
  "dateTime" : "11/21/13 00:00:00",
  "value" : "701"
},{
  "dateTime" : "11/22/13 00:00:00",
  "value" : "635"
},{
  "dateTime" : "11/23/13 00:00:00",
  "value" : "680"
},{
  "dateTime" : "11/24/13 00:00:00",
  "value" : "570"
},{
  "dateTime" : "11/25/13 00:00:00",
  "value" : "598"
},{
  "dateTime" : "11/26/13 00:00:00",
  "value" : "647"
},{
  "dateTime" : "11/27/13 00:00:00",
  "value" : "136"
},{
  "dateTime" : "11/28/13 00:00:00",
  "value" : "487"
},{
  "dateTime" : "11/29/13 00:00:00",
  "value" : "1181"
},{
  "dateTime" : "11/30/13 00:00:00",
  "value" : "586"
},{
  "dateTime" : "12/01/13 00:00:00",
  "value" : "599"
},{
  "dateTime" : "12/02/13 00:00:00",
  "value" : "486"
},{
  "dateTime" : "12/03/13 00:00:00",
  "value" : "651"
},{
  "dateTime" : "12/04/13 00:00:00",
  "value" : "874"
},{
  "dateTime" : "12/05/13 00:00:00",
  "value" : "649"
},{
  "dateTime" : "12/06/13 00:00:00",
  "value" : "657"
},{
  "dateTime" : "12/07/13 00:00:00",
  "value" : "751"
},{
  "dateTime" : "12/08/13 00:00:00",
  "value" : "225"
},{
  "dateTime" : "12/09/13 00:00:00",
  "value" : "586"
},{
  "dateTime" : "12/10/13 00:00:00",
  "value" : "612"
},{
  "dateTime" : "12/11/13 00:00:00",
  "value" : "570"
},{
  "dateTime" : "12/12/13 00:00:00",
  "value" : "543"
},{
  "dateTime" : "12/13/13 00:00:00",
  "value" : "704"
},{
  "dateTime" : "12/14/13 00:00:00",
  "value" : "542"
},{
  "dateTime" : "12/15/13 00:00:00",
  "value" : "689"
}]