[{
  "dateTime" : "12/11/14 00:00:00",
  "value" : "739"
},{
  "dateTime" : "12/12/14 00:00:00",
  "value" : "700"
},{
  "dateTime" : "12/13/14 00:00:00",
  "value" : "685"
},{
  "dateTime" : "12/14/14 00:00:00",
  "value" : "691"
},{
  "dateTime" : "12/15/14 00:00:00",
  "value" : "509"
},{
  "dateTime" : "12/16/14 00:00:00",
  "value" : "600"
},{
  "dateTime" : "12/17/14 00:00:00",
  "value" : "1149"
},{
  "dateTime" : "12/18/14 00:00:00",
  "value" : "708"
},{
  "dateTime" : "12/19/14 00:00:00",
  "value" : "461"
},{
  "dateTime" : "12/20/14 00:00:00",
  "value" : "571"
},{
  "dateTime" : "12/21/14 00:00:00",
  "value" : "91"
},{
  "dateTime" : "12/22/14 00:00:00",
  "value" : "793"
},{
  "dateTime" : "12/23/14 00:00:00",
  "value" : "631"
},{
  "dateTime" : "12/24/14 00:00:00",
  "value" : "130"
},{
  "dateTime" : "12/25/14 00:00:00",
  "value" : "0"
},{
  "dateTime" : "12/26/14 00:00:00",
  "value" : "1066"
},{
  "dateTime" : "12/27/14 00:00:00",
  "value" : "790"
},{
  "dateTime" : "12/28/14 00:00:00",
  "value" : "1093"
},{
  "dateTime" : "12/29/14 00:00:00",
  "value" : "581"
},{
  "dateTime" : "12/30/14 00:00:00",
  "value" : "1262"
},{
  "dateTime" : "12/31/14 00:00:00",
  "value" : "1167"
},{
  "dateTime" : "01/01/15 00:00:00",
  "value" : "1068"
},{
  "dateTime" : "01/02/15 00:00:00",
  "value" : "577"
},{
  "dateTime" : "01/03/15 00:00:00",
  "value" : "399"
},{
  "dateTime" : "01/04/15 00:00:00",
  "value" : "670"
},{
  "dateTime" : "01/05/15 00:00:00",
  "value" : "640"
},{
  "dateTime" : "01/06/15 00:00:00",
  "value" : "573"
},{
  "dateTime" : "01/07/15 00:00:00",
  "value" : "1094"
},{
  "dateTime" : "01/08/15 00:00:00",
  "value" : "299"
},{
  "dateTime" : "01/09/15 00:00:00",
  "value" : "1116"
}]