[{
  "dateTime" : "04/25/12 00:00:00",
  "value" : "596"
},{
  "dateTime" : "04/26/12 00:00:00",
  "value" : "663"
},{
  "dateTime" : "04/27/12 00:00:00",
  "value" : "593"
},{
  "dateTime" : "04/28/12 00:00:00",
  "value" : "569"
},{
  "dateTime" : "04/29/12 00:00:00",
  "value" : "1006"
},{
  "dateTime" : "04/30/12 00:00:00",
  "value" : "472"
},{
  "dateTime" : "05/01/12 00:00:00",
  "value" : "591"
},{
  "dateTime" : "05/02/12 00:00:00",
  "value" : "624"
},{
  "dateTime" : "05/03/12 00:00:00",
  "value" : "545"
},{
  "dateTime" : "05/04/12 00:00:00",
  "value" : "646"
},{
  "dateTime" : "05/05/12 00:00:00",
  "value" : "615"
},{
  "dateTime" : "05/06/12 00:00:00",
  "value" : "540"
},{
  "dateTime" : "05/07/12 00:00:00",
  "value" : "810"
},{
  "dateTime" : "05/08/12 00:00:00",
  "value" : "700"
},{
  "dateTime" : "05/09/12 00:00:00",
  "value" : "782"
},{
  "dateTime" : "05/10/12 00:00:00",
  "value" : "677"
},{
  "dateTime" : "05/11/12 00:00:00",
  "value" : "797"
},{
  "dateTime" : "05/12/12 00:00:00",
  "value" : "684"
},{
  "dateTime" : "05/13/12 00:00:00",
  "value" : "1050"
},{
  "dateTime" : "05/14/12 00:00:00",
  "value" : "676"
},{
  "dateTime" : "05/15/12 00:00:00",
  "value" : "759"
},{
  "dateTime" : "05/16/12 00:00:00",
  "value" : "657"
},{
  "dateTime" : "05/17/12 00:00:00",
  "value" : "687"
},{
  "dateTime" : "05/18/12 00:00:00",
  "value" : "829"
},{
  "dateTime" : "05/19/12 00:00:00",
  "value" : "836"
},{
  "dateTime" : "05/20/12 00:00:00",
  "value" : "1139"
},{
  "dateTime" : "05/21/12 00:00:00",
  "value" : "808"
},{
  "dateTime" : "05/22/12 00:00:00",
  "value" : "863"
},{
  "dateTime" : "05/23/12 00:00:00",
  "value" : "336"
},{
  "dateTime" : "05/24/12 00:00:00",
  "value" : "704"
}]