[{
  "dateTime" : "01/10/15 00:00:00",
  "value" : "373"
},{
  "dateTime" : "01/11/15 00:00:00",
  "value" : "620"
},{
  "dateTime" : "01/12/15 00:00:00",
  "value" : "663"
},{
  "dateTime" : "01/13/15 00:00:00",
  "value" : "751"
},{
  "dateTime" : "01/14/15 00:00:00",
  "value" : "963"
},{
  "dateTime" : "01/15/15 00:00:00",
  "value" : "666"
},{
  "dateTime" : "01/16/15 00:00:00",
  "value" : "99"
},{
  "dateTime" : "01/17/15 00:00:00",
  "value" : "601"
},{
  "dateTime" : "01/18/15 00:00:00",
  "value" : "472"
},{
  "dateTime" : "01/19/15 00:00:00",
  "value" : "801"
},{
  "dateTime" : "01/20/15 00:00:00",
  "value" : "577"
},{
  "dateTime" : "01/21/15 00:00:00",
  "value" : "784"
},{
  "dateTime" : "01/22/15 00:00:00",
  "value" : "568"
},{
  "dateTime" : "01/23/15 00:00:00",
  "value" : "773"
},{
  "dateTime" : "01/24/15 00:00:00",
  "value" : "686"
},{
  "dateTime" : "01/25/15 00:00:00",
  "value" : "534"
},{
  "dateTime" : "01/26/15 00:00:00",
  "value" : "704"
},{
  "dateTime" : "01/27/15 00:00:00",
  "value" : "567"
},{
  "dateTime" : "01/28/15 00:00:00",
  "value" : "595"
},{
  "dateTime" : "01/29/15 00:00:00",
  "value" : "650"
},{
  "dateTime" : "01/30/15 00:00:00",
  "value" : "707"
},{
  "dateTime" : "01/31/15 00:00:00",
  "value" : "629"
},{
  "dateTime" : "02/01/15 00:00:00",
  "value" : "612"
},{
  "dateTime" : "02/02/15 00:00:00",
  "value" : "399"
},{
  "dateTime" : "02/03/15 00:00:00",
  "value" : "655"
},{
  "dateTime" : "02/04/15 00:00:00",
  "value" : "704"
},{
  "dateTime" : "02/05/15 00:00:00",
  "value" : "612"
},{
  "dateTime" : "02/06/15 00:00:00",
  "value" : "1134"
},{
  "dateTime" : "02/07/15 00:00:00",
  "value" : "578"
},{
  "dateTime" : "02/08/15 00:00:00",
  "value" : "1155"
}]