[{
  "dateTime" : "02/05/10 00:00:00",
  "value" : "593"
},{
  "dateTime" : "02/06/10 00:00:00",
  "value" : "475"
},{
  "dateTime" : "02/07/10 00:00:00",
  "value" : "411"
},{
  "dateTime" : "02/08/10 00:00:00",
  "value" : "721"
},{
  "dateTime" : "02/09/10 00:00:00",
  "value" : "738"
},{
  "dateTime" : "02/10/10 00:00:00",
  "value" : "695"
},{
  "dateTime" : "02/11/10 00:00:00",
  "value" : "648"
},{
  "dateTime" : "02/12/10 00:00:00",
  "value" : "708"
},{
  "dateTime" : "02/13/10 00:00:00",
  "value" : "634"
},{
  "dateTime" : "02/14/10 00:00:00",
  "value" : "719"
},{
  "dateTime" : "02/15/10 00:00:00",
  "value" : "697"
},{
  "dateTime" : "02/16/10 00:00:00",
  "value" : "714"
},{
  "dateTime" : "02/17/10 00:00:00",
  "value" : "875"
},{
  "dateTime" : "02/18/10 00:00:00",
  "value" : "900"
},{
  "dateTime" : "02/19/10 00:00:00",
  "value" : "1440"
},{
  "dateTime" : "02/20/10 00:00:00",
  "value" : "1362"
},{
  "dateTime" : "02/21/10 00:00:00",
  "value" : "410"
},{
  "dateTime" : "02/22/10 00:00:00",
  "value" : "607"
},{
  "dateTime" : "02/23/10 00:00:00",
  "value" : "602"
},{
  "dateTime" : "02/24/10 00:00:00",
  "value" : "523"
},{
  "dateTime" : "02/25/10 00:00:00",
  "value" : "249"
},{
  "dateTime" : "02/26/10 00:00:00",
  "value" : "665"
},{
  "dateTime" : "02/27/10 00:00:00",
  "value" : "556"
},{
  "dateTime" : "02/28/10 00:00:00",
  "value" : "628"
},{
  "dateTime" : "03/01/10 00:00:00",
  "value" : "1398"
},{
  "dateTime" : "03/02/10 00:00:00",
  "value" : "1440"
},{
  "dateTime" : "03/03/10 00:00:00",
  "value" : "1440"
},{
  "dateTime" : "03/04/10 00:00:00",
  "value" : "1440"
},{
  "dateTime" : "03/05/10 00:00:00",
  "value" : "1440"
},{
  "dateTime" : "03/06/10 00:00:00",
  "value" : "1440"
}]