[{
  "dateTime" : "07/05/10 00:00:00",
  "value" : "832"
},{
  "dateTime" : "07/06/10 00:00:00",
  "value" : "1322"
},{
  "dateTime" : "07/07/10 00:00:00",
  "value" : "659"
},{
  "dateTime" : "07/08/10 00:00:00",
  "value" : "573"
},{
  "dateTime" : "07/09/10 00:00:00",
  "value" : "649"
},{
  "dateTime" : "07/10/10 00:00:00",
  "value" : "546"
},{
  "dateTime" : "07/11/10 00:00:00",
  "value" : "582"
},{
  "dateTime" : "07/12/10 00:00:00",
  "value" : "744"
},{
  "dateTime" : "07/13/10 00:00:00",
  "value" : "694"
},{
  "dateTime" : "07/14/10 00:00:00",
  "value" : "691"
},{
  "dateTime" : "07/15/10 00:00:00",
  "value" : "960"
},{
  "dateTime" : "07/16/10 00:00:00",
  "value" : "560"
},{
  "dateTime" : "07/17/10 00:00:00",
  "value" : "501"
},{
  "dateTime" : "07/18/10 00:00:00",
  "value" : "466"
},{
  "dateTime" : "07/19/10 00:00:00",
  "value" : "640"
},{
  "dateTime" : "07/20/10 00:00:00",
  "value" : "536"
},{
  "dateTime" : "07/21/10 00:00:00",
  "value" : "691"
},{
  "dateTime" : "07/22/10 00:00:00",
  "value" : "619"
},{
  "dateTime" : "07/23/10 00:00:00",
  "value" : "715"
},{
  "dateTime" : "07/24/10 00:00:00",
  "value" : "959"
},{
  "dateTime" : "07/25/10 00:00:00",
  "value" : "642"
},{
  "dateTime" : "07/26/10 00:00:00",
  "value" : "1440"
},{
  "dateTime" : "07/27/10 00:00:00",
  "value" : "1085"
},{
  "dateTime" : "07/28/10 00:00:00",
  "value" : "1110"
},{
  "dateTime" : "07/29/10 00:00:00",
  "value" : "649"
},{
  "dateTime" : "07/30/10 00:00:00",
  "value" : "634"
},{
  "dateTime" : "07/31/10 00:00:00",
  "value" : "522"
},{
  "dateTime" : "08/01/10 00:00:00",
  "value" : "853"
},{
  "dateTime" : "08/02/10 00:00:00",
  "value" : "1093"
},{
  "dateTime" : "08/03/10 00:00:00",
  "value" : "679"
}]