[{
  "dateTime" : "02/09/15 00:00:00",
  "value" : "691"
},{
  "dateTime" : "02/10/15 00:00:00",
  "value" : "1219"
},{
  "dateTime" : "02/11/15 00:00:00",
  "value" : "789"
},{
  "dateTime" : "02/12/15 00:00:00",
  "value" : "805"
},{
  "dateTime" : "02/13/15 00:00:00",
  "value" : "1158"
},{
  "dateTime" : "02/14/15 00:00:00",
  "value" : "1175"
},{
  "dateTime" : "02/15/15 00:00:00",
  "value" : "509"
},{
  "dateTime" : "02/16/15 00:00:00",
  "value" : "549"
},{
  "dateTime" : "02/17/15 00:00:00",
  "value" : "514"
},{
  "dateTime" : "02/18/15 00:00:00",
  "value" : "679"
},{
  "dateTime" : "02/19/15 00:00:00",
  "value" : "594"
},{
  "dateTime" : "02/20/15 00:00:00",
  "value" : "912"
},{
  "dateTime" : "02/21/15 00:00:00",
  "value" : "874"
},{
  "dateTime" : "02/22/15 00:00:00",
  "value" : "545"
},{
  "dateTime" : "02/23/15 00:00:00",
  "value" : "478"
},{
  "dateTime" : "02/24/15 00:00:00",
  "value" : "629"
},{
  "dateTime" : "02/25/15 00:00:00",
  "value" : "620"
},{
  "dateTime" : "02/26/15 00:00:00",
  "value" : "658"
},{
  "dateTime" : "02/27/15 00:00:00",
  "value" : "694"
},{
  "dateTime" : "02/28/15 00:00:00",
  "value" : "650"
},{
  "dateTime" : "03/01/15 00:00:00",
  "value" : "649"
},{
  "dateTime" : "03/02/15 00:00:00",
  "value" : "584"
},{
  "dateTime" : "03/03/15 00:00:00",
  "value" : "637"
},{
  "dateTime" : "03/04/15 00:00:00",
  "value" : "911"
},{
  "dateTime" : "03/05/15 00:00:00",
  "value" : "633"
},{
  "dateTime" : "03/06/15 00:00:00",
  "value" : "756"
},{
  "dateTime" : "03/07/15 00:00:00",
  "value" : "995"
},{
  "dateTime" : "03/08/15 00:00:00",
  "value" : "1051"
},{
  "dateTime" : "03/09/15 00:00:00",
  "value" : "594"
},{
  "dateTime" : "03/10/15 00:00:00",
  "value" : "723"
}]