[{
  "dateTime" : "12/25/17 00:00:00",
  "value" : "871"
},{
  "dateTime" : "12/26/17 00:00:00",
  "value" : "748"
},{
  "dateTime" : "12/27/17 00:00:00",
  "value" : "739"
},{
  "dateTime" : "12/28/17 00:00:00",
  "value" : "478"
},{
  "dateTime" : "12/29/17 00:00:00",
  "value" : "763"
},{
  "dateTime" : "12/30/17 00:00:00",
  "value" : "697"
},{
  "dateTime" : "12/31/17 00:00:00",
  "value" : "671"
},{
  "dateTime" : "01/01/18 00:00:00",
  "value" : "711"
},{
  "dateTime" : "01/02/18 00:00:00",
  "value" : "934"
},{
  "dateTime" : "01/03/18 00:00:00",
  "value" : "1382"
},{
  "dateTime" : "01/04/18 00:00:00",
  "value" : "1108"
},{
  "dateTime" : "01/05/18 00:00:00",
  "value" : "614"
},{
  "dateTime" : "01/06/18 00:00:00",
  "value" : "723"
},{
  "dateTime" : "01/07/18 00:00:00",
  "value" : "1204"
},{
  "dateTime" : "01/08/18 00:00:00",
  "value" : "598"
},{
  "dateTime" : "01/09/18 00:00:00",
  "value" : "763"
},{
  "dateTime" : "01/10/18 00:00:00",
  "value" : "710"
},{
  "dateTime" : "01/11/18 00:00:00",
  "value" : "569"
},{
  "dateTime" : "01/12/18 00:00:00",
  "value" : "577"
},{
  "dateTime" : "01/13/18 00:00:00",
  "value" : "796"
},{
  "dateTime" : "01/14/18 00:00:00",
  "value" : "640"
},{
  "dateTime" : "01/15/18 00:00:00",
  "value" : "502"
},{
  "dateTime" : "01/16/18 00:00:00",
  "value" : "895"
},{
  "dateTime" : "01/17/18 00:00:00",
  "value" : "807"
},{
  "dateTime" : "01/18/18 00:00:00",
  "value" : "585"
},{
  "dateTime" : "01/19/18 00:00:00",
  "value" : "635"
},{
  "dateTime" : "01/20/18 00:00:00",
  "value" : "825"
},{
  "dateTime" : "01/21/18 00:00:00",
  "value" : "552"
},{
  "dateTime" : "01/22/18 00:00:00",
  "value" : "868"
},{
  "dateTime" : "01/23/18 00:00:00",
  "value" : "1028"
}]