[{
  "dateTime" : "05/24/18 00:00:00",
  "value" : "622"
},{
  "dateTime" : "05/25/18 00:00:00",
  "value" : "708"
},{
  "dateTime" : "05/26/18 00:00:00",
  "value" : "531"
},{
  "dateTime" : "05/27/18 00:00:00",
  "value" : "667"
},{
  "dateTime" : "05/28/18 00:00:00",
  "value" : "540"
},{
  "dateTime" : "05/29/18 00:00:00",
  "value" : "781"
},{
  "dateTime" : "05/30/18 00:00:00",
  "value" : "766"
},{
  "dateTime" : "05/31/18 00:00:00",
  "value" : "637"
},{
  "dateTime" : "06/01/18 00:00:00",
  "value" : "510"
},{
  "dateTime" : "06/02/18 00:00:00",
  "value" : "652"
},{
  "dateTime" : "06/03/18 00:00:00",
  "value" : "1394"
},{
  "dateTime" : "06/04/18 00:00:00",
  "value" : "1047"
},{
  "dateTime" : "06/05/18 00:00:00",
  "value" : "828"
},{
  "dateTime" : "06/06/18 00:00:00",
  "value" : "762"
},{
  "dateTime" : "06/07/18 00:00:00",
  "value" : "823"
},{
  "dateTime" : "06/08/18 00:00:00",
  "value" : "529"
},{
  "dateTime" : "06/09/18 00:00:00",
  "value" : "652"
},{
  "dateTime" : "06/10/18 00:00:00",
  "value" : "210"
},{
  "dateTime" : "06/11/18 00:00:00",
  "value" : "713"
},{
  "dateTime" : "06/12/18 00:00:00",
  "value" : "696"
},{
  "dateTime" : "06/13/18 00:00:00",
  "value" : "735"
},{
  "dateTime" : "06/14/18 00:00:00",
  "value" : "575"
},{
  "dateTime" : "06/15/18 00:00:00",
  "value" : "504"
},{
  "dateTime" : "06/16/18 00:00:00",
  "value" : "742"
},{
  "dateTime" : "06/17/18 00:00:00",
  "value" : "742"
},{
  "dateTime" : "06/18/18 00:00:00",
  "value" : "613"
},{
  "dateTime" : "06/19/18 00:00:00",
  "value" : "857"
},{
  "dateTime" : "06/20/18 00:00:00",
  "value" : "746"
},{
  "dateTime" : "06/21/18 00:00:00",
  "value" : "718"
},{
  "dateTime" : "06/22/18 00:00:00",
  "value" : "768"
}]