[{
  "dateTime" : "06/09/15 00:00:00",
  "value" : "683"
},{
  "dateTime" : "06/10/15 00:00:00",
  "value" : "620"
},{
  "dateTime" : "06/11/15 00:00:00",
  "value" : "377"
},{
  "dateTime" : "06/12/15 00:00:00",
  "value" : "746"
},{
  "dateTime" : "06/13/15 00:00:00",
  "value" : "324"
},{
  "dateTime" : "06/14/15 00:00:00",
  "value" : "761"
},{
  "dateTime" : "06/15/15 00:00:00",
  "value" : "243"
},{
  "dateTime" : "06/16/15 00:00:00",
  "value" : "510"
},{
  "dateTime" : "06/17/15 00:00:00",
  "value" : "801"
},{
  "dateTime" : "06/18/15 00:00:00",
  "value" : "429"
},{
  "dateTime" : "06/19/15 00:00:00",
  "value" : "692"
},{
  "dateTime" : "06/20/15 00:00:00",
  "value" : "994"
},{
  "dateTime" : "06/21/15 00:00:00",
  "value" : "316"
},{
  "dateTime" : "06/22/15 00:00:00",
  "value" : "619"
},{
  "dateTime" : "06/23/15 00:00:00",
  "value" : "574"
},{
  "dateTime" : "06/24/15 00:00:00",
  "value" : "833"
},{
  "dateTime" : "06/25/15 00:00:00",
  "value" : "283"
},{
  "dateTime" : "06/26/15 00:00:00",
  "value" : "835"
},{
  "dateTime" : "06/27/15 00:00:00",
  "value" : "631"
},{
  "dateTime" : "06/28/15 00:00:00",
  "value" : "434"
},{
  "dateTime" : "06/29/15 00:00:00",
  "value" : "679"
},{
  "dateTime" : "06/30/15 00:00:00",
  "value" : "939"
},{
  "dateTime" : "07/01/15 00:00:00",
  "value" : "701"
},{
  "dateTime" : "07/02/15 00:00:00",
  "value" : "1210"
},{
  "dateTime" : "07/03/15 00:00:00",
  "value" : "756"
},{
  "dateTime" : "07/04/15 00:00:00",
  "value" : "1143"
},{
  "dateTime" : "07/05/15 00:00:00",
  "value" : "625"
},{
  "dateTime" : "07/06/15 00:00:00",
  "value" : "918"
},{
  "dateTime" : "07/07/15 00:00:00",
  "value" : "565"
},{
  "dateTime" : "07/08/15 00:00:00",
  "value" : "1151"
}]