[{
  "dateTime" : "11/27/11 00:00:00",
  "value" : "421"
},{
  "dateTime" : "11/28/11 00:00:00",
  "value" : "556"
},{
  "dateTime" : "11/29/11 00:00:00",
  "value" : "650"
},{
  "dateTime" : "11/30/11 00:00:00",
  "value" : "616"
},{
  "dateTime" : "12/01/11 00:00:00",
  "value" : "607"
},{
  "dateTime" : "12/02/11 00:00:00",
  "value" : "654"
},{
  "dateTime" : "12/03/11 00:00:00",
  "value" : "443"
},{
  "dateTime" : "12/04/11 00:00:00",
  "value" : "994"
},{
  "dateTime" : "12/05/11 00:00:00",
  "value" : "625"
},{
  "dateTime" : "12/06/11 00:00:00",
  "value" : "621"
},{
  "dateTime" : "12/07/11 00:00:00",
  "value" : "494"
},{
  "dateTime" : "12/08/11 00:00:00",
  "value" : "591"
},{
  "dateTime" : "12/09/11 00:00:00",
  "value" : "657"
},{
  "dateTime" : "12/10/11 00:00:00",
  "value" : "676"
},{
  "dateTime" : "12/11/11 00:00:00",
  "value" : "1023"
},{
  "dateTime" : "12/12/11 00:00:00",
  "value" : "664"
},{
  "dateTime" : "12/13/11 00:00:00",
  "value" : "591"
},{
  "dateTime" : "12/14/11 00:00:00",
  "value" : "578"
},{
  "dateTime" : "12/15/11 00:00:00",
  "value" : "664"
},{
  "dateTime" : "12/16/11 00:00:00",
  "value" : "1036"
},{
  "dateTime" : "12/17/11 00:00:00",
  "value" : "1011"
},{
  "dateTime" : "12/18/11 00:00:00",
  "value" : "874"
},{
  "dateTime" : "12/19/11 00:00:00",
  "value" : "598"
},{
  "dateTime" : "12/20/11 00:00:00",
  "value" : "675"
},{
  "dateTime" : "12/21/11 00:00:00",
  "value" : "700"
},{
  "dateTime" : "12/22/11 00:00:00",
  "value" : "637"
},{
  "dateTime" : "12/23/11 00:00:00",
  "value" : "476"
},{
  "dateTime" : "12/24/11 00:00:00",
  "value" : "1223"
},{
  "dateTime" : "12/25/11 00:00:00",
  "value" : "1121"
},{
  "dateTime" : "12/26/11 00:00:00",
  "value" : "660"
}]