[{
  "dateTime" : "10/12/14 00:00:00",
  "value" : "595"
},{
  "dateTime" : "10/13/14 00:00:00",
  "value" : "1095"
},{
  "dateTime" : "10/14/14 00:00:00",
  "value" : "726"
},{
  "dateTime" : "10/15/14 00:00:00",
  "value" : "1193"
},{
  "dateTime" : "10/16/14 00:00:00",
  "value" : "1157"
},{
  "dateTime" : "10/17/14 00:00:00",
  "value" : "772"
},{
  "dateTime" : "10/18/14 00:00:00",
  "value" : "1224"
},{
  "dateTime" : "10/19/14 00:00:00",
  "value" : "1193"
},{
  "dateTime" : "10/20/14 00:00:00",
  "value" : "1136"
},{
  "dateTime" : "10/21/14 00:00:00",
  "value" : "1179"
},{
  "dateTime" : "10/22/14 00:00:00",
  "value" : "1144"
},{
  "dateTime" : "10/23/14 00:00:00",
  "value" : "1371"
},{
  "dateTime" : "10/24/14 00:00:00",
  "value" : "1189"
},{
  "dateTime" : "10/25/14 00:00:00",
  "value" : "697"
},{
  "dateTime" : "10/26/14 00:00:00",
  "value" : "1193"
},{
  "dateTime" : "10/27/14 00:00:00",
  "value" : "670"
},{
  "dateTime" : "10/28/14 00:00:00",
  "value" : "1109"
},{
  "dateTime" : "10/29/14 00:00:00",
  "value" : "753"
},{
  "dateTime" : "10/30/14 00:00:00",
  "value" : "1072"
},{
  "dateTime" : "10/31/14 00:00:00",
  "value" : "538"
},{
  "dateTime" : "11/01/14 00:00:00",
  "value" : "1289"
},{
  "dateTime" : "11/02/14 00:00:00",
  "value" : "764"
},{
  "dateTime" : "11/03/14 00:00:00",
  "value" : "683"
},{
  "dateTime" : "11/04/14 00:00:00",
  "value" : "773"
},{
  "dateTime" : "11/05/14 00:00:00",
  "value" : "1379"
},{
  "dateTime" : "11/06/14 00:00:00",
  "value" : "1440"
},{
  "dateTime" : "11/07/14 00:00:00",
  "value" : "1375"
},{
  "dateTime" : "11/08/14 00:00:00",
  "value" : "1440"
},{
  "dateTime" : "11/09/14 00:00:00",
  "value" : "1440"
},{
  "dateTime" : "11/10/14 00:00:00",
  "value" : "1266"
}]