[{
  "dateTime" : "10/17/13 00:00:00",
  "value" : "1107"
},{
  "dateTime" : "10/18/13 00:00:00",
  "value" : "1106"
},{
  "dateTime" : "10/19/13 00:00:00",
  "value" : "630"
},{
  "dateTime" : "10/20/13 00:00:00",
  "value" : "529"
},{
  "dateTime" : "10/21/13 00:00:00",
  "value" : "322"
},{
  "dateTime" : "10/22/13 00:00:00",
  "value" : "604"
},{
  "dateTime" : "10/23/13 00:00:00",
  "value" : "880"
},{
  "dateTime" : "10/24/13 00:00:00",
  "value" : "327"
},{
  "dateTime" : "10/25/13 00:00:00",
  "value" : "833"
},{
  "dateTime" : "10/26/13 00:00:00",
  "value" : "1127"
},{
  "dateTime" : "10/27/13 00:00:00",
  "value" : "1099"
},{
  "dateTime" : "10/28/13 00:00:00",
  "value" : "1177"
},{
  "dateTime" : "10/29/13 00:00:00",
  "value" : "1047"
},{
  "dateTime" : "10/30/13 00:00:00",
  "value" : "1160"
},{
  "dateTime" : "10/31/13 00:00:00",
  "value" : "1163"
},{
  "dateTime" : "11/01/13 00:00:00",
  "value" : "1175"
},{
  "dateTime" : "11/02/13 00:00:00",
  "value" : "1240"
},{
  "dateTime" : "11/03/13 00:00:00",
  "value" : "1101"
},{
  "dateTime" : "11/04/13 00:00:00",
  "value" : "1150"
},{
  "dateTime" : "11/05/13 00:00:00",
  "value" : "1139"
},{
  "dateTime" : "11/06/13 00:00:00",
  "value" : "1203"
},{
  "dateTime" : "11/07/13 00:00:00",
  "value" : "1156"
},{
  "dateTime" : "11/08/13 00:00:00",
  "value" : "1144"
},{
  "dateTime" : "11/09/13 00:00:00",
  "value" : "504"
},{
  "dateTime" : "11/10/13 00:00:00",
  "value" : "557"
},{
  "dateTime" : "11/11/13 00:00:00",
  "value" : "1258"
},{
  "dateTime" : "11/12/13 00:00:00",
  "value" : "1432"
},{
  "dateTime" : "11/13/13 00:00:00",
  "value" : "1440"
},{
  "dateTime" : "11/14/13 00:00:00",
  "value" : "1440"
},{
  "dateTime" : "11/15/13 00:00:00",
  "value" : "1440"
}]