[{
  "dateTime" : "04/24/18 00:00:00",
  "value" : "765"
},{
  "dateTime" : "04/25/18 00:00:00",
  "value" : "479"
},{
  "dateTime" : "04/26/18 00:00:00",
  "value" : "640"
},{
  "dateTime" : "04/27/18 00:00:00",
  "value" : "768"
},{
  "dateTime" : "04/28/18 00:00:00",
  "value" : "649"
},{
  "dateTime" : "04/29/18 00:00:00",
  "value" : "709"
},{
  "dateTime" : "04/30/18 00:00:00",
  "value" : "639"
},{
  "dateTime" : "05/01/18 00:00:00",
  "value" : "690"
},{
  "dateTime" : "05/02/18 00:00:00",
  "value" : "738"
},{
  "dateTime" : "05/03/18 00:00:00",
  "value" : "845"
},{
  "dateTime" : "05/04/18 00:00:00",
  "value" : "525"
},{
  "dateTime" : "05/05/18 00:00:00",
  "value" : "559"
},{
  "dateTime" : "05/06/18 00:00:00",
  "value" : "609"
},{
  "dateTime" : "05/07/18 00:00:00",
  "value" : "646"
},{
  "dateTime" : "05/08/18 00:00:00",
  "value" : "1128"
},{
  "dateTime" : "05/09/18 00:00:00",
  "value" : "933"
},{
  "dateTime" : "05/10/18 00:00:00",
  "value" : "530"
},{
  "dateTime" : "05/11/18 00:00:00",
  "value" : "546"
},{
  "dateTime" : "05/12/18 00:00:00",
  "value" : "780"
},{
  "dateTime" : "05/13/18 00:00:00",
  "value" : "781"
},{
  "dateTime" : "05/14/18 00:00:00",
  "value" : "801"
},{
  "dateTime" : "05/15/18 00:00:00",
  "value" : "527"
},{
  "dateTime" : "05/16/18 00:00:00",
  "value" : "441"
},{
  "dateTime" : "05/17/18 00:00:00",
  "value" : "620"
},{
  "dateTime" : "05/18/18 00:00:00",
  "value" : "569"
},{
  "dateTime" : "05/19/18 00:00:00",
  "value" : "643"
},{
  "dateTime" : "05/20/18 00:00:00",
  "value" : "650"
},{
  "dateTime" : "05/21/18 00:00:00",
  "value" : "574"
},{
  "dateTime" : "05/22/18 00:00:00",
  "value" : "1059"
},{
  "dateTime" : "05/23/18 00:00:00",
  "value" : "615"
}]