[{
  "dateTime" : "06/14/14 00:00:00",
  "value" : "1177"
},{
  "dateTime" : "06/15/14 00:00:00",
  "value" : "1222"
},{
  "dateTime" : "06/16/14 00:00:00",
  "value" : "716"
},{
  "dateTime" : "06/17/14 00:00:00",
  "value" : "662"
},{
  "dateTime" : "06/18/14 00:00:00",
  "value" : "644"
},{
  "dateTime" : "06/19/14 00:00:00",
  "value" : "671"
},{
  "dateTime" : "06/20/14 00:00:00",
  "value" : "796"
},{
  "dateTime" : "06/21/14 00:00:00",
  "value" : "607"
},{
  "dateTime" : "06/22/14 00:00:00",
  "value" : "583"
},{
  "dateTime" : "06/23/14 00:00:00",
  "value" : "485"
},{
  "dateTime" : "06/24/14 00:00:00",
  "value" : "631"
},{
  "dateTime" : "06/25/14 00:00:00",
  "value" : "484"
},{
  "dateTime" : "06/26/14 00:00:00",
  "value" : "607"
},{
  "dateTime" : "06/27/14 00:00:00",
  "value" : "1167"
},{
  "dateTime" : "06/28/14 00:00:00",
  "value" : "1232"
},{
  "dateTime" : "06/29/14 00:00:00",
  "value" : "660"
},{
  "dateTime" : "06/30/14 00:00:00",
  "value" : "536"
},{
  "dateTime" : "07/01/14 00:00:00",
  "value" : "611"
},{
  "dateTime" : "07/02/14 00:00:00",
  "value" : "1310"
},{
  "dateTime" : "07/03/14 00:00:00",
  "value" : "1301"
},{
  "dateTime" : "07/04/14 00:00:00",
  "value" : "1178"
},{
  "dateTime" : "07/05/14 00:00:00",
  "value" : "1186"
},{
  "dateTime" : "07/06/14 00:00:00",
  "value" : "347"
},{
  "dateTime" : "07/07/14 00:00:00",
  "value" : "1174"
},{
  "dateTime" : "07/08/14 00:00:00",
  "value" : "668"
},{
  "dateTime" : "07/09/14 00:00:00",
  "value" : "1105"
},{
  "dateTime" : "07/10/14 00:00:00",
  "value" : "1246"
},{
  "dateTime" : "07/11/14 00:00:00",
  "value" : "805"
},{
  "dateTime" : "07/12/14 00:00:00",
  "value" : "1262"
},{
  "dateTime" : "07/13/14 00:00:00",
  "value" : "391"
}]