[{
  "dateTime" : "11/06/15 00:00:00",
  "value" : "1124"
},{
  "dateTime" : "11/07/15 00:00:00",
  "value" : "701"
},{
  "dateTime" : "11/08/15 00:00:00",
  "value" : "968"
},{
  "dateTime" : "11/09/15 00:00:00",
  "value" : "22"
},{
  "dateTime" : "11/10/15 00:00:00",
  "value" : "769"
},{
  "dateTime" : "11/11/15 00:00:00",
  "value" : "1081"
},{
  "dateTime" : "11/12/15 00:00:00",
  "value" : "1160"
},{
  "dateTime" : "11/13/15 00:00:00",
  "value" : "1128"
},{
  "dateTime" : "11/14/15 00:00:00",
  "value" : "168"
},{
  "dateTime" : "11/15/15 00:00:00",
  "value" : "1032"
},{
  "dateTime" : "11/16/15 00:00:00",
  "value" : "558"
},{
  "dateTime" : "11/17/15 00:00:00",
  "value" : "564"
},{
  "dateTime" : "11/18/15 00:00:00",
  "value" : "258"
},{
  "dateTime" : "11/19/15 00:00:00",
  "value" : "118"
},{
  "dateTime" : "11/20/15 00:00:00",
  "value" : "756"
},{
  "dateTime" : "11/21/15 00:00:00",
  "value" : "1195"
},{
  "dateTime" : "11/22/15 00:00:00",
  "value" : "0"
},{
  "dateTime" : "11/23/15 00:00:00",
  "value" : "723"
},{
  "dateTime" : "11/24/15 00:00:00",
  "value" : "663"
},{
  "dateTime" : "11/25/15 00:00:00",
  "value" : "574"
},{
  "dateTime" : "11/26/15 00:00:00",
  "value" : "483"
},{
  "dateTime" : "11/27/15 00:00:00",
  "value" : "695"
},{
  "dateTime" : "11/28/15 00:00:00",
  "value" : "864"
},{
  "dateTime" : "11/29/15 00:00:00",
  "value" : "1037"
},{
  "dateTime" : "11/30/15 00:00:00",
  "value" : "765"
},{
  "dateTime" : "12/01/15 00:00:00",
  "value" : "801"
},{
  "dateTime" : "12/02/15 00:00:00",
  "value" : "608"
},{
  "dateTime" : "12/03/15 00:00:00",
  "value" : "623"
},{
  "dateTime" : "12/04/15 00:00:00",
  "value" : "805"
},{
  "dateTime" : "12/05/15 00:00:00",
  "value" : "974"
}]