[{
  "dateTime" : "01/29/17 00:00:00",
  "value" : "619"
},{
  "dateTime" : "01/30/17 00:00:00",
  "value" : "690"
},{
  "dateTime" : "01/31/17 00:00:00",
  "value" : "662"
},{
  "dateTime" : "02/01/17 00:00:00",
  "value" : "1088"
},{
  "dateTime" : "02/02/17 00:00:00",
  "value" : "583"
},{
  "dateTime" : "02/03/17 00:00:00",
  "value" : "751"
},{
  "dateTime" : "02/04/17 00:00:00",
  "value" : "682"
},{
  "dateTime" : "02/05/17 00:00:00",
  "value" : "654"
},{
  "dateTime" : "02/06/17 00:00:00",
  "value" : "637"
},{
  "dateTime" : "02/07/17 00:00:00",
  "value" : "792"
},{
  "dateTime" : "02/08/17 00:00:00",
  "value" : "1043"
},{
  "dateTime" : "02/09/17 00:00:00",
  "value" : "751"
},{
  "dateTime" : "02/10/17 00:00:00",
  "value" : "735"
},{
  "dateTime" : "02/11/17 00:00:00",
  "value" : "627"
},{
  "dateTime" : "02/12/17 00:00:00",
  "value" : "618"
},{
  "dateTime" : "02/13/17 00:00:00",
  "value" : "457"
},{
  "dateTime" : "02/14/17 00:00:00",
  "value" : "744"
},{
  "dateTime" : "02/15/17 00:00:00",
  "value" : "629"
},{
  "dateTime" : "02/16/17 00:00:00",
  "value" : "805"
},{
  "dateTime" : "02/17/17 00:00:00",
  "value" : "682"
},{
  "dateTime" : "02/18/17 00:00:00",
  "value" : "500"
},{
  "dateTime" : "02/19/17 00:00:00",
  "value" : "586"
},{
  "dateTime" : "02/20/17 00:00:00",
  "value" : "698"
},{
  "dateTime" : "02/21/17 00:00:00",
  "value" : "530"
},{
  "dateTime" : "02/22/17 00:00:00",
  "value" : "818"
},{
  "dateTime" : "02/23/17 00:00:00",
  "value" : "762"
},{
  "dateTime" : "02/24/17 00:00:00",
  "value" : "640"
},{
  "dateTime" : "02/25/17 00:00:00",
  "value" : "677"
},{
  "dateTime" : "02/26/17 00:00:00",
  "value" : "479"
},{
  "dateTime" : "02/27/17 00:00:00",
  "value" : "347"
}]