[{
  "dateTime" : "03/30/17 00:00:00",
  "value" : "746"
},{
  "dateTime" : "03/31/17 00:00:00",
  "value" : "844"
},{
  "dateTime" : "04/01/17 00:00:00",
  "value" : "682"
},{
  "dateTime" : "04/02/17 00:00:00",
  "value" : "477"
},{
  "dateTime" : "04/03/17 00:00:00",
  "value" : "843"
},{
  "dateTime" : "04/04/17 00:00:00",
  "value" : "530"
},{
  "dateTime" : "04/05/17 00:00:00",
  "value" : "938"
},{
  "dateTime" : "04/06/17 00:00:00",
  "value" : "776"
},{
  "dateTime" : "04/07/17 00:00:00",
  "value" : "782"
},{
  "dateTime" : "04/08/17 00:00:00",
  "value" : "586"
},{
  "dateTime" : "04/09/17 00:00:00",
  "value" : "537"
},{
  "dateTime" : "04/10/17 00:00:00",
  "value" : "917"
},{
  "dateTime" : "04/11/17 00:00:00",
  "value" : "822"
},{
  "dateTime" : "04/12/17 00:00:00",
  "value" : "924"
},{
  "dateTime" : "04/13/17 00:00:00",
  "value" : "827"
},{
  "dateTime" : "04/14/17 00:00:00",
  "value" : "618"
},{
  "dateTime" : "04/15/17 00:00:00",
  "value" : "620"
},{
  "dateTime" : "04/16/17 00:00:00",
  "value" : "575"
},{
  "dateTime" : "04/17/17 00:00:00",
  "value" : "619"
},{
  "dateTime" : "04/18/17 00:00:00",
  "value" : "559"
},{
  "dateTime" : "04/19/17 00:00:00",
  "value" : "847"
},{
  "dateTime" : "04/20/17 00:00:00",
  "value" : "606"
},{
  "dateTime" : "04/21/17 00:00:00",
  "value" : "788"
},{
  "dateTime" : "04/22/17 00:00:00",
  "value" : "759"
},{
  "dateTime" : "04/23/17 00:00:00",
  "value" : "655"
},{
  "dateTime" : "04/24/17 00:00:00",
  "value" : "672"
},{
  "dateTime" : "04/25/17 00:00:00",
  "value" : "785"
},{
  "dateTime" : "04/26/17 00:00:00",
  "value" : "649"
},{
  "dateTime" : "04/27/17 00:00:00",
  "value" : "530"
},{
  "dateTime" : "04/28/17 00:00:00",
  "value" : "618"
}]