[{
  "dateTime" : "03/05/16 00:00:00",
  "value" : "703"
},{
  "dateTime" : "03/06/16 00:00:00",
  "value" : "352"
},{
  "dateTime" : "03/07/16 00:00:00",
  "value" : "776"
},{
  "dateTime" : "03/08/16 00:00:00",
  "value" : "0"
},{
  "dateTime" : "03/09/16 00:00:00",
  "value" : "1350"
},{
  "dateTime" : "03/10/16 00:00:00",
  "value" : "365"
},{
  "dateTime" : "03/11/16 00:00:00",
  "value" : "1246"
},{
  "dateTime" : "03/12/16 00:00:00",
  "value" : "1440"
},{
  "dateTime" : "03/13/16 00:00:00",
  "value" : "1185"
},{
  "dateTime" : "03/14/16 00:00:00",
  "value" : "1118"
},{
  "dateTime" : "03/15/16 00:00:00",
  "value" : "544"
},{
  "dateTime" : "03/16/16 00:00:00",
  "value" : "678"
},{
  "dateTime" : "03/17/16 00:00:00",
  "value" : "824"
},{
  "dateTime" : "03/18/16 00:00:00",
  "value" : "388"
},{
  "dateTime" : "03/19/16 00:00:00",
  "value" : "1143"
},{
  "dateTime" : "03/20/16 00:00:00",
  "value" : "1094"
},{
  "dateTime" : "03/21/16 00:00:00",
  "value" : "713"
},{
  "dateTime" : "03/22/16 00:00:00",
  "value" : "1293"
},{
  "dateTime" : "03/23/16 00:00:00",
  "value" : "569"
},{
  "dateTime" : "03/24/16 00:00:00",
  "value" : "1188"
},{
  "dateTime" : "03/25/16 00:00:00",
  "value" : "948"
},{
  "dateTime" : "03/26/16 00:00:00",
  "value" : "409"
},{
  "dateTime" : "03/27/16 00:00:00",
  "value" : "1440"
},{
  "dateTime" : "03/28/16 00:00:00",
  "value" : "720"
},{
  "dateTime" : "03/29/16 00:00:00",
  "value" : "1040"
},{
  "dateTime" : "03/30/16 00:00:00",
  "value" : "1023"
},{
  "dateTime" : "03/31/16 00:00:00",
  "value" : "1440"
},{
  "dateTime" : "04/01/16 00:00:00",
  "value" : "1008"
},{
  "dateTime" : "04/02/16 00:00:00",
  "value" : "1382"
},{
  "dateTime" : "04/03/16 00:00:00",
  "value" : "871"
}]