[{
  "dateTime" : "09/01/16 00:00:00",
  "value" : "1032"
},{
  "dateTime" : "09/02/16 00:00:00",
  "value" : "1071"
},{
  "dateTime" : "09/03/16 00:00:00",
  "value" : "1142"
},{
  "dateTime" : "09/04/16 00:00:00",
  "value" : "1078"
},{
  "dateTime" : "09/05/16 00:00:00",
  "value" : "984"
},{
  "dateTime" : "09/06/16 00:00:00",
  "value" : "372"
},{
  "dateTime" : "09/07/16 00:00:00",
  "value" : "793"
},{
  "dateTime" : "09/08/16 00:00:00",
  "value" : "671"
},{
  "dateTime" : "09/09/16 00:00:00",
  "value" : "636"
},{
  "dateTime" : "09/10/16 00:00:00",
  "value" : "624"
},{
  "dateTime" : "09/11/16 00:00:00",
  "value" : "621"
},{
  "dateTime" : "09/12/16 00:00:00",
  "value" : "798"
},{
  "dateTime" : "09/13/16 00:00:00",
  "value" : "427"
},{
  "dateTime" : "09/14/16 00:00:00",
  "value" : "1060"
},{
  "dateTime" : "09/15/16 00:00:00",
  "value" : "1229"
},{
  "dateTime" : "09/16/16 00:00:00",
  "value" : "863"
},{
  "dateTime" : "09/17/16 00:00:00",
  "value" : "1370"
},{
  "dateTime" : "09/18/16 00:00:00",
  "value" : "619"
},{
  "dateTime" : "09/19/16 00:00:00",
  "value" : "757"
},{
  "dateTime" : "09/20/16 00:00:00",
  "value" : "0"
},{
  "dateTime" : "09/21/16 00:00:00",
  "value" : "929"
},{
  "dateTime" : "09/22/16 00:00:00",
  "value" : "613"
},{
  "dateTime" : "09/23/16 00:00:00",
  "value" : "0"
},{
  "dateTime" : "09/24/16 00:00:00",
  "value" : "0"
},{
  "dateTime" : "09/25/16 00:00:00",
  "value" : "60"
},{
  "dateTime" : "09/26/16 00:00:00",
  "value" : "270"
},{
  "dateTime" : "09/27/16 00:00:00",
  "value" : "0"
},{
  "dateTime" : "09/28/16 00:00:00",
  "value" : "0"
},{
  "dateTime" : "09/29/16 00:00:00",
  "value" : "0"
},{
  "dateTime" : "09/30/16 00:00:00",
  "value" : "0"
}]