[{
  "dateTime" : "01/26/12 00:00:00",
  "value" : "574"
},{
  "dateTime" : "01/27/12 00:00:00",
  "value" : "696"
},{
  "dateTime" : "01/28/12 00:00:00",
  "value" : "1092"
},{
  "dateTime" : "01/29/12 00:00:00",
  "value" : "462"
},{
  "dateTime" : "01/30/12 00:00:00",
  "value" : "684"
},{
  "dateTime" : "01/31/12 00:00:00",
  "value" : "1009"
},{
  "dateTime" : "02/01/12 00:00:00",
  "value" : "720"
},{
  "dateTime" : "02/02/12 00:00:00",
  "value" : "603"
},{
  "dateTime" : "02/03/12 00:00:00",
  "value" : "534"
},{
  "dateTime" : "02/04/12 00:00:00",
  "value" : "556"
},{
  "dateTime" : "02/05/12 00:00:00",
  "value" : "1021"
},{
  "dateTime" : "02/06/12 00:00:00",
  "value" : "613"
},{
  "dateTime" : "02/07/12 00:00:00",
  "value" : "1198"
},{
  "dateTime" : "02/08/12 00:00:00",
  "value" : "576"
},{
  "dateTime" : "02/09/12 00:00:00",
  "value" : "608"
},{
  "dateTime" : "02/10/12 00:00:00",
  "value" : "625"
},{
  "dateTime" : "02/11/12 00:00:00",
  "value" : "1115"
},{
  "dateTime" : "02/12/12 00:00:00",
  "value" : "956"
},{
  "dateTime" : "02/13/12 00:00:00",
  "value" : "603"
},{
  "dateTime" : "02/14/12 00:00:00",
  "value" : "754"
},{
  "dateTime" : "02/15/12 00:00:00",
  "value" : "650"
},{
  "dateTime" : "02/16/12 00:00:00",
  "value" : "656"
},{
  "dateTime" : "02/17/12 00:00:00",
  "value" : "577"
},{
  "dateTime" : "02/18/12 00:00:00",
  "value" : "1161"
},{
  "dateTime" : "02/19/12 00:00:00",
  "value" : "229"
},{
  "dateTime" : "02/20/12 00:00:00",
  "value" : "445"
},{
  "dateTime" : "02/21/12 00:00:00",
  "value" : "640"
},{
  "dateTime" : "02/22/12 00:00:00",
  "value" : "585"
},{
  "dateTime" : "02/23/12 00:00:00",
  "value" : "1131"
},{
  "dateTime" : "02/24/12 00:00:00",
  "value" : "1199"
}]