[{
  "dateTime" : "04/10/15 00:00:00",
  "value" : "736"
},{
  "dateTime" : "04/11/15 00:00:00",
  "value" : "622"
},{
  "dateTime" : "04/12/15 00:00:00",
  "value" : "498"
},{
  "dateTime" : "04/13/15 00:00:00",
  "value" : "538"
},{
  "dateTime" : "04/14/15 00:00:00",
  "value" : "493"
},{
  "dateTime" : "04/15/15 00:00:00",
  "value" : "817"
},{
  "dateTime" : "04/16/15 00:00:00",
  "value" : "706"
},{
  "dateTime" : "04/17/15 00:00:00",
  "value" : "719"
},{
  "dateTime" : "04/18/15 00:00:00",
  "value" : "609"
},{
  "dateTime" : "04/19/15 00:00:00",
  "value" : "699"
},{
  "dateTime" : "04/20/15 00:00:00",
  "value" : "603"
},{
  "dateTime" : "04/21/15 00:00:00",
  "value" : "511"
},{
  "dateTime" : "04/22/15 00:00:00",
  "value" : "778"
},{
  "dateTime" : "04/23/15 00:00:00",
  "value" : "729"
},{
  "dateTime" : "04/24/15 00:00:00",
  "value" : "690"
},{
  "dateTime" : "04/25/15 00:00:00",
  "value" : "535"
},{
  "dateTime" : "04/26/15 00:00:00",
  "value" : "720"
},{
  "dateTime" : "04/27/15 00:00:00",
  "value" : "559"
},{
  "dateTime" : "04/28/15 00:00:00",
  "value" : "897"
},{
  "dateTime" : "04/29/15 00:00:00",
  "value" : "688"
},{
  "dateTime" : "04/30/15 00:00:00",
  "value" : "688"
},{
  "dateTime" : "05/01/15 00:00:00",
  "value" : "695"
},{
  "dateTime" : "05/02/15 00:00:00",
  "value" : "792"
},{
  "dateTime" : "05/03/15 00:00:00",
  "value" : "426"
},{
  "dateTime" : "05/04/15 00:00:00",
  "value" : "863"
},{
  "dateTime" : "05/05/15 00:00:00",
  "value" : "537"
},{
  "dateTime" : "05/06/15 00:00:00",
  "value" : "772"
},{
  "dateTime" : "05/07/15 00:00:00",
  "value" : "719"
},{
  "dateTime" : "05/08/15 00:00:00",
  "value" : "711"
},{
  "dateTime" : "05/09/15 00:00:00",
  "value" : "580"
}]