[{
  "dateTime" : "07/03/16 00:00:00",
  "value" : "670"
},{
  "dateTime" : "07/04/16 00:00:00",
  "value" : "840"
},{
  "dateTime" : "07/05/16 00:00:00",
  "value" : "1143"
},{
  "dateTime" : "07/06/16 00:00:00",
  "value" : "588"
},{
  "dateTime" : "07/07/16 00:00:00",
  "value" : "212"
},{
  "dateTime" : "07/08/16 00:00:00",
  "value" : "0"
},{
  "dateTime" : "07/09/16 00:00:00",
  "value" : "1130"
},{
  "dateTime" : "07/10/16 00:00:00",
  "value" : "622"
},{
  "dateTime" : "07/11/16 00:00:00",
  "value" : "765"
},{
  "dateTime" : "07/12/16 00:00:00",
  "value" : "773"
},{
  "dateTime" : "07/13/16 00:00:00",
  "value" : "0"
},{
  "dateTime" : "07/14/16 00:00:00",
  "value" : "713"
},{
  "dateTime" : "07/15/16 00:00:00",
  "value" : "781"
},{
  "dateTime" : "07/16/16 00:00:00",
  "value" : "1146"
},{
  "dateTime" : "07/17/16 00:00:00",
  "value" : "536"
},{
  "dateTime" : "07/18/16 00:00:00",
  "value" : "649"
},{
  "dateTime" : "07/19/16 00:00:00",
  "value" : "615"
},{
  "dateTime" : "07/20/16 00:00:00",
  "value" : "695"
},{
  "dateTime" : "07/21/16 00:00:00",
  "value" : "867"
},{
  "dateTime" : "07/22/16 00:00:00",
  "value" : "791"
},{
  "dateTime" : "07/23/16 00:00:00",
  "value" : "1023"
},{
  "dateTime" : "07/24/16 00:00:00",
  "value" : "826"
},{
  "dateTime" : "07/25/16 00:00:00",
  "value" : "674"
},{
  "dateTime" : "07/26/16 00:00:00",
  "value" : "0"
},{
  "dateTime" : "07/27/16 00:00:00",
  "value" : "670"
},{
  "dateTime" : "07/28/16 00:00:00",
  "value" : "624"
},{
  "dateTime" : "07/29/16 00:00:00",
  "value" : "1225"
},{
  "dateTime" : "07/30/16 00:00:00",
  "value" : "584"
},{
  "dateTime" : "07/31/16 00:00:00",
  "value" : "400"
},{
  "dateTime" : "08/01/16 00:00:00",
  "value" : "694"
}]