[{
  "dateTime" : "12/06/15 00:00:00",
  "value" : "463"
},{
  "dateTime" : "12/07/15 00:00:00",
  "value" : "1042"
},{
  "dateTime" : "12/08/15 00:00:00",
  "value" : "913"
},{
  "dateTime" : "12/09/15 00:00:00",
  "value" : "234"
},{
  "dateTime" : "12/10/15 00:00:00",
  "value" : "1058"
},{
  "dateTime" : "12/11/15 00:00:00",
  "value" : "787"
},{
  "dateTime" : "12/12/15 00:00:00",
  "value" : "1199"
},{
  "dateTime" : "12/13/15 00:00:00",
  "value" : "634"
},{
  "dateTime" : "12/14/15 00:00:00",
  "value" : "610"
},{
  "dateTime" : "12/15/15 00:00:00",
  "value" : "222"
},{
  "dateTime" : "12/16/15 00:00:00",
  "value" : "768"
},{
  "dateTime" : "12/17/15 00:00:00",
  "value" : "759"
},{
  "dateTime" : "12/18/15 00:00:00",
  "value" : "475"
},{
  "dateTime" : "12/19/15 00:00:00",
  "value" : "876"
},{
  "dateTime" : "12/20/15 00:00:00",
  "value" : "1169"
},{
  "dateTime" : "12/21/15 00:00:00",
  "value" : "1007"
},{
  "dateTime" : "12/22/15 00:00:00",
  "value" : "844"
},{
  "dateTime" : "12/23/15 00:00:00",
  "value" : "1231"
},{
  "dateTime" : "12/24/15 00:00:00",
  "value" : "1183"
},{
  "dateTime" : "12/25/15 00:00:00",
  "value" : "1294"
},{
  "dateTime" : "12/26/15 00:00:00",
  "value" : "477"
},{
  "dateTime" : "12/27/15 00:00:00",
  "value" : "1105"
},{
  "dateTime" : "12/28/15 00:00:00",
  "value" : "765"
},{
  "dateTime" : "12/29/15 00:00:00",
  "value" : "582"
},{
  "dateTime" : "12/30/15 00:00:00",
  "value" : "835"
},{
  "dateTime" : "12/31/15 00:00:00",
  "value" : "1267"
},{
  "dateTime" : "01/01/16 00:00:00",
  "value" : "600"
},{
  "dateTime" : "01/02/16 00:00:00",
  "value" : "863"
},{
  "dateTime" : "01/03/16 00:00:00",
  "value" : "312"
},{
  "dateTime" : "01/04/16 00:00:00",
  "value" : "616"
}]