[{
  "dateTime" : "03/16/14 00:00:00",
  "value" : "610"
},{
  "dateTime" : "03/17/14 00:00:00",
  "value" : "806"
},{
  "dateTime" : "03/18/14 00:00:00",
  "value" : "785"
},{
  "dateTime" : "03/19/14 00:00:00",
  "value" : "684"
},{
  "dateTime" : "03/20/14 00:00:00",
  "value" : "797"
},{
  "dateTime" : "03/21/14 00:00:00",
  "value" : "1217"
},{
  "dateTime" : "03/22/14 00:00:00",
  "value" : "1220"
},{
  "dateTime" : "03/23/14 00:00:00",
  "value" : "479"
},{
  "dateTime" : "03/24/14 00:00:00",
  "value" : "479"
},{
  "dateTime" : "03/25/14 00:00:00",
  "value" : "564"
},{
  "dateTime" : "03/26/14 00:00:00",
  "value" : "728"
},{
  "dateTime" : "03/27/14 00:00:00",
  "value" : "797"
},{
  "dateTime" : "03/28/14 00:00:00",
  "value" : "741"
},{
  "dateTime" : "03/29/14 00:00:00",
  "value" : "1324"
},{
  "dateTime" : "03/30/14 00:00:00",
  "value" : "563"
},{
  "dateTime" : "03/31/14 00:00:00",
  "value" : "763"
},{
  "dateTime" : "04/01/14 00:00:00",
  "value" : "521"
},{
  "dateTime" : "04/02/14 00:00:00",
  "value" : "746"
},{
  "dateTime" : "04/03/14 00:00:00",
  "value" : "1041"
},{
  "dateTime" : "04/04/14 00:00:00",
  "value" : "733"
},{
  "dateTime" : "04/05/14 00:00:00",
  "value" : "752"
},{
  "dateTime" : "04/06/14 00:00:00",
  "value" : "1177"
},{
  "dateTime" : "04/07/14 00:00:00",
  "value" : "517"
},{
  "dateTime" : "04/08/14 00:00:00",
  "value" : "1236"
},{
  "dateTime" : "04/09/14 00:00:00",
  "value" : "1302"
},{
  "dateTime" : "04/10/14 00:00:00",
  "value" : "1163"
},{
  "dateTime" : "04/11/14 00:00:00",
  "value" : "1191"
},{
  "dateTime" : "04/12/14 00:00:00",
  "value" : "1277"
},{
  "dateTime" : "04/13/14 00:00:00",
  "value" : "993"
},{
  "dateTime" : "04/14/14 00:00:00",
  "value" : "606"
}]