[{
  "dateTime" : "09/07/15 00:00:00",
  "value" : "594"
},{
  "dateTime" : "09/08/15 00:00:00",
  "value" : "392"
},{
  "dateTime" : "09/09/15 00:00:00",
  "value" : "489"
},{
  "dateTime" : "09/10/15 00:00:00",
  "value" : "825"
},{
  "dateTime" : "09/11/15 00:00:00",
  "value" : "321"
},{
  "dateTime" : "09/12/15 00:00:00",
  "value" : "492"
},{
  "dateTime" : "09/13/15 00:00:00",
  "value" : "94"
},{
  "dateTime" : "09/14/15 00:00:00",
  "value" : "297"
},{
  "dateTime" : "09/15/15 00:00:00",
  "value" : "633"
},{
  "dateTime" : "09/16/15 00:00:00",
  "value" : "617"
},{
  "dateTime" : "09/17/15 00:00:00",
  "value" : "69"
},{
  "dateTime" : "09/18/15 00:00:00",
  "value" : "802"
},{
  "dateTime" : "09/19/15 00:00:00",
  "value" : "1227"
},{
  "dateTime" : "09/20/15 00:00:00",
  "value" : "604"
},{
  "dateTime" : "09/21/15 00:00:00",
  "value" : "1124"
},{
  "dateTime" : "09/22/15 00:00:00",
  "value" : "1212"
},{
  "dateTime" : "09/23/15 00:00:00",
  "value" : "732"
},{
  "dateTime" : "09/24/15 00:00:00",
  "value" : "694"
},{
  "dateTime" : "09/25/15 00:00:00",
  "value" : "709"
},{
  "dateTime" : "09/26/15 00:00:00",
  "value" : "553"
},{
  "dateTime" : "09/27/15 00:00:00",
  "value" : "1114"
},{
  "dateTime" : "09/28/15 00:00:00",
  "value" : "717"
},{
  "dateTime" : "09/29/15 00:00:00",
  "value" : "518"
},{
  "dateTime" : "09/30/15 00:00:00",
  "value" : "1142"
},{
  "dateTime" : "10/01/15 00:00:00",
  "value" : "1157"
},{
  "dateTime" : "10/02/15 00:00:00",
  "value" : "330"
},{
  "dateTime" : "10/03/15 00:00:00",
  "value" : "909"
},{
  "dateTime" : "10/04/15 00:00:00",
  "value" : "301"
},{
  "dateTime" : "10/05/15 00:00:00",
  "value" : "343"
},{
  "dateTime" : "10/06/15 00:00:00",
  "value" : "667"
}]