[{
  "dateTime" : "06/05/10 00:00:00",
  "value" : "550"
},{
  "dateTime" : "06/06/10 00:00:00",
  "value" : "632"
},{
  "dateTime" : "06/07/10 00:00:00",
  "value" : "549"
},{
  "dateTime" : "06/08/10 00:00:00",
  "value" : "595"
},{
  "dateTime" : "06/09/10 00:00:00",
  "value" : "609"
},{
  "dateTime" : "06/10/10 00:00:00",
  "value" : "575"
},{
  "dateTime" : "06/11/10 00:00:00",
  "value" : "600"
},{
  "dateTime" : "06/12/10 00:00:00",
  "value" : "1131"
},{
  "dateTime" : "06/13/10 00:00:00",
  "value" : "935"
},{
  "dateTime" : "06/14/10 00:00:00",
  "value" : "530"
},{
  "dateTime" : "06/15/10 00:00:00",
  "value" : "572"
},{
  "dateTime" : "06/16/10 00:00:00",
  "value" : "621"
},{
  "dateTime" : "06/17/10 00:00:00",
  "value" : "760"
},{
  "dateTime" : "06/18/10 00:00:00",
  "value" : "706"
},{
  "dateTime" : "06/19/10 00:00:00",
  "value" : "505"
},{
  "dateTime" : "06/20/10 00:00:00",
  "value" : "600"
},{
  "dateTime" : "06/21/10 00:00:00",
  "value" : "658"
},{
  "dateTime" : "06/22/10 00:00:00",
  "value" : "642"
},{
  "dateTime" : "06/23/10 00:00:00",
  "value" : "672"
},{
  "dateTime" : "06/24/10 00:00:00",
  "value" : "669"
},{
  "dateTime" : "06/25/10 00:00:00",
  "value" : "672"
},{
  "dateTime" : "06/26/10 00:00:00",
  "value" : "616"
},{
  "dateTime" : "06/27/10 00:00:00",
  "value" : "559"
},{
  "dateTime" : "06/28/10 00:00:00",
  "value" : "699"
},{
  "dateTime" : "06/29/10 00:00:00",
  "value" : "627"
},{
  "dateTime" : "06/30/10 00:00:00",
  "value" : "466"
},{
  "dateTime" : "07/01/10 00:00:00",
  "value" : "823"
},{
  "dateTime" : "07/02/10 00:00:00",
  "value" : "685"
},{
  "dateTime" : "07/03/10 00:00:00",
  "value" : "1046"
},{
  "dateTime" : "07/04/10 00:00:00",
  "value" : "671"
}]