[{
  "dateTime" : "08/13/14 00:00:00",
  "value" : "1071"
},{
  "dateTime" : "08/14/14 00:00:00",
  "value" : "1224"
},{
  "dateTime" : "08/15/14 00:00:00",
  "value" : "1102"
},{
  "dateTime" : "08/16/14 00:00:00",
  "value" : "1185"
},{
  "dateTime" : "08/17/14 00:00:00",
  "value" : "1275"
},{
  "dateTime" : "08/18/14 00:00:00",
  "value" : "1044"
},{
  "dateTime" : "08/19/14 00:00:00",
  "value" : "573"
},{
  "dateTime" : "08/20/14 00:00:00",
  "value" : "646"
},{
  "dateTime" : "08/21/14 00:00:00",
  "value" : "1093"
},{
  "dateTime" : "08/22/14 00:00:00",
  "value" : "630"
},{
  "dateTime" : "08/23/14 00:00:00",
  "value" : "1152"
},{
  "dateTime" : "08/24/14 00:00:00",
  "value" : "1226"
},{
  "dateTime" : "08/25/14 00:00:00",
  "value" : "1065"
},{
  "dateTime" : "08/26/14 00:00:00",
  "value" : "1243"
},{
  "dateTime" : "08/27/14 00:00:00",
  "value" : "1246"
},{
  "dateTime" : "08/28/14 00:00:00",
  "value" : "1055"
},{
  "dateTime" : "08/29/14 00:00:00",
  "value" : "871"
},{
  "dateTime" : "08/30/14 00:00:00",
  "value" : "1148"
},{
  "dateTime" : "08/31/14 00:00:00",
  "value" : "541"
},{
  "dateTime" : "09/01/14 00:00:00",
  "value" : "1323"
},{
  "dateTime" : "09/02/14 00:00:00",
  "value" : "1284"
},{
  "dateTime" : "09/03/14 00:00:00",
  "value" : "1289"
},{
  "dateTime" : "09/04/14 00:00:00",
  "value" : "537"
},{
  "dateTime" : "09/05/14 00:00:00",
  "value" : "740"
},{
  "dateTime" : "09/06/14 00:00:00",
  "value" : "1166"
},{
  "dateTime" : "09/07/14 00:00:00",
  "value" : "1105"
},{
  "dateTime" : "09/08/14 00:00:00",
  "value" : "671"
},{
  "dateTime" : "09/09/14 00:00:00",
  "value" : "1183"
},{
  "dateTime" : "09/10/14 00:00:00",
  "value" : "893"
},{
  "dateTime" : "09/11/14 00:00:00",
  "value" : "1195"
}]