[{
  "dateTime" : "10/22/12 00:00:00",
  "value" : "655"
},{
  "dateTime" : "10/23/12 00:00:00",
  "value" : "686"
},{
  "dateTime" : "10/24/12 00:00:00",
  "value" : "857"
},{
  "dateTime" : "10/25/12 00:00:00",
  "value" : "601"
},{
  "dateTime" : "10/26/12 00:00:00",
  "value" : "642"
},{
  "dateTime" : "10/27/12 00:00:00",
  "value" : "1174"
},{
  "dateTime" : "10/28/12 00:00:00",
  "value" : "373"
},{
  "dateTime" : "10/29/12 00:00:00",
  "value" : "694"
},{
  "dateTime" : "10/30/12 00:00:00",
  "value" : "433"
},{
  "dateTime" : "10/31/12 00:00:00",
  "value" : "458"
},{
  "dateTime" : "11/01/12 00:00:00",
  "value" : "637"
},{
  "dateTime" : "11/02/12 00:00:00",
  "value" : "715"
},{
  "dateTime" : "11/03/12 00:00:00",
  "value" : "484"
},{
  "dateTime" : "11/04/12 00:00:00",
  "value" : "565"
},{
  "dateTime" : "11/05/12 00:00:00",
  "value" : "736"
},{
  "dateTime" : "11/06/12 00:00:00",
  "value" : "1074"
},{
  "dateTime" : "11/07/12 00:00:00",
  "value" : "687"
},{
  "dateTime" : "11/08/12 00:00:00",
  "value" : "269"
},{
  "dateTime" : "11/09/12 00:00:00",
  "value" : "1123"
},{
  "dateTime" : "11/10/12 00:00:00",
  "value" : "507"
},{
  "dateTime" : "11/11/12 00:00:00",
  "value" : "554"
},{
  "dateTime" : "11/12/12 00:00:00",
  "value" : "617"
},{
  "dateTime" : "11/13/12 00:00:00",
  "value" : "677"
},{
  "dateTime" : "11/14/12 00:00:00",
  "value" : "717"
},{
  "dateTime" : "11/15/12 00:00:00",
  "value" : "553"
},{
  "dateTime" : "11/16/12 00:00:00",
  "value" : "669"
},{
  "dateTime" : "11/17/12 00:00:00",
  "value" : "471"
},{
  "dateTime" : "11/18/12 00:00:00",
  "value" : "516"
},{
  "dateTime" : "11/19/12 00:00:00",
  "value" : "667"
},{
  "dateTime" : "11/20/12 00:00:00",
  "value" : "401"
}]