[{
  "dateTime" : "05/04/16 00:00:00",
  "value" : "1008"
},{
  "dateTime" : "05/05/16 00:00:00",
  "value" : "58"
},{
  "dateTime" : "05/06/16 00:00:00",
  "value" : "846"
},{
  "dateTime" : "05/07/16 00:00:00",
  "value" : "1119"
},{
  "dateTime" : "05/08/16 00:00:00",
  "value" : "0"
},{
  "dateTime" : "05/09/16 00:00:00",
  "value" : "155"
},{
  "dateTime" : "05/10/16 00:00:00",
  "value" : "672"
},{
  "dateTime" : "05/11/16 00:00:00",
  "value" : "604"
},{
  "dateTime" : "05/12/16 00:00:00",
  "value" : "524"
},{
  "dateTime" : "05/13/16 00:00:00",
  "value" : "487"
},{
  "dateTime" : "05/14/16 00:00:00",
  "value" : "377"
},{
  "dateTime" : "05/15/16 00:00:00",
  "value" : "455"
},{
  "dateTime" : "05/16/16 00:00:00",
  "value" : "556"
},{
  "dateTime" : "05/17/16 00:00:00",
  "value" : "734"
},{
  "dateTime" : "05/18/16 00:00:00",
  "value" : "464"
},{
  "dateTime" : "05/19/16 00:00:00",
  "value" : "447"
},{
  "dateTime" : "05/20/16 00:00:00",
  "value" : "791"
},{
  "dateTime" : "05/21/16 00:00:00",
  "value" : "430"
},{
  "dateTime" : "05/22/16 00:00:00",
  "value" : "287"
},{
  "dateTime" : "05/23/16 00:00:00",
  "value" : "468"
},{
  "dateTime" : "05/24/16 00:00:00",
  "value" : "560"
},{
  "dateTime" : "05/25/16 00:00:00",
  "value" : "680"
},{
  "dateTime" : "05/26/16 00:00:00",
  "value" : "681"
},{
  "dateTime" : "05/27/16 00:00:00",
  "value" : "216"
},{
  "dateTime" : "05/28/16 00:00:00",
  "value" : "641"
},{
  "dateTime" : "05/29/16 00:00:00",
  "value" : "1033"
},{
  "dateTime" : "05/30/16 00:00:00",
  "value" : "954"
},{
  "dateTime" : "05/31/16 00:00:00",
  "value" : "478"
},{
  "dateTime" : "06/01/16 00:00:00",
  "value" : "665"
},{
  "dateTime" : "06/02/16 00:00:00",
  "value" : "726"
}]