[{
  "dateTime" : "07/09/15 00:00:00",
  "value" : "659"
},{
  "dateTime" : "07/10/15 00:00:00",
  "value" : "1236"
},{
  "dateTime" : "07/11/15 00:00:00",
  "value" : "707"
},{
  "dateTime" : "07/12/15 00:00:00",
  "value" : "1086"
},{
  "dateTime" : "07/13/15 00:00:00",
  "value" : "1208"
},{
  "dateTime" : "07/14/15 00:00:00",
  "value" : "971"
},{
  "dateTime" : "07/15/15 00:00:00",
  "value" : "281"
},{
  "dateTime" : "07/16/15 00:00:00",
  "value" : "1070"
},{
  "dateTime" : "07/17/15 00:00:00",
  "value" : "1116"
},{
  "dateTime" : "07/18/15 00:00:00",
  "value" : "1043"
},{
  "dateTime" : "07/19/15 00:00:00",
  "value" : "728"
},{
  "dateTime" : "07/20/15 00:00:00",
  "value" : "998"
},{
  "dateTime" : "07/21/15 00:00:00",
  "value" : "973"
},{
  "dateTime" : "07/22/15 00:00:00",
  "value" : "1293"
},{
  "dateTime" : "07/23/15 00:00:00",
  "value" : "996"
},{
  "dateTime" : "07/24/15 00:00:00",
  "value" : "681"
},{
  "dateTime" : "07/25/15 00:00:00",
  "value" : "1177"
},{
  "dateTime" : "07/26/15 00:00:00",
  "value" : "1201"
},{
  "dateTime" : "07/27/15 00:00:00",
  "value" : "501"
},{
  "dateTime" : "07/28/15 00:00:00",
  "value" : "490"
},{
  "dateTime" : "07/29/15 00:00:00",
  "value" : "563"
},{
  "dateTime" : "07/30/15 00:00:00",
  "value" : "648"
},{
  "dateTime" : "07/31/15 00:00:00",
  "value" : "1090"
},{
  "dateTime" : "08/01/15 00:00:00",
  "value" : "862"
},{
  "dateTime" : "08/02/15 00:00:00",
  "value" : "1149"
},{
  "dateTime" : "08/03/15 00:00:00",
  "value" : "659"
},{
  "dateTime" : "08/04/15 00:00:00",
  "value" : "724"
},{
  "dateTime" : "08/05/15 00:00:00",
  "value" : "769"
},{
  "dateTime" : "08/06/15 00:00:00",
  "value" : "1019"
},{
  "dateTime" : "08/07/15 00:00:00",
  "value" : "1177"
}]