[{
  "dateTime" : "12/16/13 00:00:00",
  "value" : "552"
},{
  "dateTime" : "12/17/13 00:00:00",
  "value" : "741"
},{
  "dateTime" : "12/18/13 00:00:00",
  "value" : "1168"
},{
  "dateTime" : "12/19/13 00:00:00",
  "value" : "452"
},{
  "dateTime" : "12/20/13 00:00:00",
  "value" : "616"
},{
  "dateTime" : "12/21/13 00:00:00",
  "value" : "652"
},{
  "dateTime" : "12/22/13 00:00:00",
  "value" : "563"
},{
  "dateTime" : "12/23/13 00:00:00",
  "value" : "570"
},{
  "dateTime" : "12/24/13 00:00:00",
  "value" : "439"
},{
  "dateTime" : "12/25/13 00:00:00",
  "value" : "359"
},{
  "dateTime" : "12/26/13 00:00:00",
  "value" : "914"
},{
  "dateTime" : "12/27/13 00:00:00",
  "value" : "631"
},{
  "dateTime" : "12/28/13 00:00:00",
  "value" : "611"
},{
  "dateTime" : "12/29/13 00:00:00",
  "value" : "592"
},{
  "dateTime" : "12/30/13 00:00:00",
  "value" : "396"
},{
  "dateTime" : "12/31/13 00:00:00",
  "value" : "689"
},{
  "dateTime" : "01/01/14 00:00:00",
  "value" : "644"
},{
  "dateTime" : "01/02/14 00:00:00",
  "value" : "721"
},{
  "dateTime" : "01/03/14 00:00:00",
  "value" : "222"
},{
  "dateTime" : "01/04/14 00:00:00",
  "value" : "708"
},{
  "dateTime" : "01/05/14 00:00:00",
  "value" : "9"
},{
  "dateTime" : "01/06/14 00:00:00",
  "value" : "1219"
},{
  "dateTime" : "01/07/14 00:00:00",
  "value" : "639"
},{
  "dateTime" : "01/08/14 00:00:00",
  "value" : "642"
},{
  "dateTime" : "01/09/14 00:00:00",
  "value" : "702"
},{
  "dateTime" : "01/10/14 00:00:00",
  "value" : "528"
},{
  "dateTime" : "01/11/14 00:00:00",
  "value" : "798"
},{
  "dateTime" : "01/12/14 00:00:00",
  "value" : "489"
},{
  "dateTime" : "01/13/14 00:00:00",
  "value" : "596"
},{
  "dateTime" : "01/14/14 00:00:00",
  "value" : "587"
}]