[{
  "dateTime" : "05/29/17 00:00:00",
  "value" : "647"
},{
  "dateTime" : "05/30/17 00:00:00",
  "value" : "467"
},{
  "dateTime" : "05/31/17 00:00:00",
  "value" : "647"
},{
  "dateTime" : "06/01/17 00:00:00",
  "value" : "789"
},{
  "dateTime" : "06/02/17 00:00:00",
  "value" : "690"
},{
  "dateTime" : "06/03/17 00:00:00",
  "value" : "958"
},{
  "dateTime" : "06/04/17 00:00:00",
  "value" : "1237"
},{
  "dateTime" : "06/05/17 00:00:00",
  "value" : "617"
},{
  "dateTime" : "06/06/17 00:00:00",
  "value" : "648"
},{
  "dateTime" : "06/07/17 00:00:00",
  "value" : "700"
},{
  "dateTime" : "06/08/17 00:00:00",
  "value" : "687"
},{
  "dateTime" : "06/09/17 00:00:00",
  "value" : "653"
},{
  "dateTime" : "06/10/17 00:00:00",
  "value" : "707"
},{
  "dateTime" : "06/11/17 00:00:00",
  "value" : "491"
},{
  "dateTime" : "06/12/17 00:00:00",
  "value" : "664"
},{
  "dateTime" : "06/13/17 00:00:00",
  "value" : "779"
},{
  "dateTime" : "06/14/17 00:00:00",
  "value" : "620"
},{
  "dateTime" : "06/15/17 00:00:00",
  "value" : "697"
},{
  "dateTime" : "06/16/17 00:00:00",
  "value" : "680"
},{
  "dateTime" : "06/17/17 00:00:00",
  "value" : "730"
},{
  "dateTime" : "06/18/17 00:00:00",
  "value" : "522"
},{
  "dateTime" : "06/19/17 00:00:00",
  "value" : "818"
},{
  "dateTime" : "06/20/17 00:00:00",
  "value" : "665"
},{
  "dateTime" : "06/21/17 00:00:00",
  "value" : "800"
},{
  "dateTime" : "06/22/17 00:00:00",
  "value" : "699"
},{
  "dateTime" : "06/23/17 00:00:00",
  "value" : "714"
},{
  "dateTime" : "06/24/17 00:00:00",
  "value" : "755"
},{
  "dateTime" : "06/25/17 00:00:00",
  "value" : "686"
},{
  "dateTime" : "06/26/17 00:00:00",
  "value" : "1265"
},{
  "dateTime" : "06/27/17 00:00:00",
  "value" : "751"
}]