[{
  "dateTime" : "03/26/12 00:00:00",
  "value" : "774"
},{
  "dateTime" : "03/27/12 00:00:00",
  "value" : "607"
},{
  "dateTime" : "03/28/12 00:00:00",
  "value" : "748"
},{
  "dateTime" : "03/29/12 00:00:00",
  "value" : "723"
},{
  "dateTime" : "03/30/12 00:00:00",
  "value" : "760"
},{
  "dateTime" : "03/31/12 00:00:00",
  "value" : "1077"
},{
  "dateTime" : "04/01/12 00:00:00",
  "value" : "1051"
},{
  "dateTime" : "04/02/12 00:00:00",
  "value" : "743"
},{
  "dateTime" : "04/03/12 00:00:00",
  "value" : "582"
},{
  "dateTime" : "04/04/12 00:00:00",
  "value" : "1102"
},{
  "dateTime" : "04/05/12 00:00:00",
  "value" : "695"
},{
  "dateTime" : "04/06/12 00:00:00",
  "value" : "1049"
},{
  "dateTime" : "04/07/12 00:00:00",
  "value" : "1044"
},{
  "dateTime" : "04/08/12 00:00:00",
  "value" : "1088"
},{
  "dateTime" : "04/09/12 00:00:00",
  "value" : "622"
},{
  "dateTime" : "04/10/12 00:00:00",
  "value" : "506"
},{
  "dateTime" : "04/11/12 00:00:00",
  "value" : "645"
},{
  "dateTime" : "04/12/12 00:00:00",
  "value" : "565"
},{
  "dateTime" : "04/13/12 00:00:00",
  "value" : "713"
},{
  "dateTime" : "04/14/12 00:00:00",
  "value" : "1049"
},{
  "dateTime" : "04/15/12 00:00:00",
  "value" : "890"
},{
  "dateTime" : "04/16/12 00:00:00",
  "value" : "596"
},{
  "dateTime" : "04/17/12 00:00:00",
  "value" : "650"
},{
  "dateTime" : "04/18/12 00:00:00",
  "value" : "529"
},{
  "dateTime" : "04/19/12 00:00:00",
  "value" : "551"
},{
  "dateTime" : "04/20/12 00:00:00",
  "value" : "621"
},{
  "dateTime" : "04/21/12 00:00:00",
  "value" : "592"
},{
  "dateTime" : "04/22/12 00:00:00",
  "value" : "583"
},{
  "dateTime" : "04/23/12 00:00:00",
  "value" : "656"
},{
  "dateTime" : "04/24/12 00:00:00",
  "value" : "697"
}]