[{
  "dateTime" : "11/30/16 00:00:00",
  "value" : "1279"
},{
  "dateTime" : "12/01/16 00:00:00",
  "value" : "1355"
},{
  "dateTime" : "12/02/16 00:00:00",
  "value" : "1167"
},{
  "dateTime" : "12/03/16 00:00:00",
  "value" : "1286"
},{
  "dateTime" : "12/04/16 00:00:00",
  "value" : "1342"
},{
  "dateTime" : "12/05/16 00:00:00",
  "value" : "1365"
},{
  "dateTime" : "12/06/16 00:00:00",
  "value" : "1137"
},{
  "dateTime" : "12/07/16 00:00:00",
  "value" : "1371"
},{
  "dateTime" : "12/08/16 00:00:00",
  "value" : "927"
},{
  "dateTime" : "12/09/16 00:00:00",
  "value" : "636"
},{
  "dateTime" : "12/10/16 00:00:00",
  "value" : "749"
},{
  "dateTime" : "12/11/16 00:00:00",
  "value" : "607"
},{
  "dateTime" : "12/12/16 00:00:00",
  "value" : "841"
},{
  "dateTime" : "12/13/16 00:00:00",
  "value" : "665"
},{
  "dateTime" : "12/14/16 00:00:00",
  "value" : "785"
},{
  "dateTime" : "12/15/16 00:00:00",
  "value" : "0"
},{
  "dateTime" : "12/16/16 00:00:00",
  "value" : "599"
},{
  "dateTime" : "12/17/16 00:00:00",
  "value" : "948"
},{
  "dateTime" : "12/18/16 00:00:00",
  "value" : "700"
},{
  "dateTime" : "12/19/16 00:00:00",
  "value" : "750"
},{
  "dateTime" : "12/20/16 00:00:00",
  "value" : "963"
},{
  "dateTime" : "12/21/16 00:00:00",
  "value" : "1035"
},{
  "dateTime" : "12/22/16 00:00:00",
  "value" : "1102"
},{
  "dateTime" : "12/23/16 00:00:00",
  "value" : "767"
},{
  "dateTime" : "12/24/16 00:00:00",
  "value" : "550"
},{
  "dateTime" : "12/25/16 00:00:00",
  "value" : "545"
},{
  "dateTime" : "12/26/16 00:00:00",
  "value" : "958"
},{
  "dateTime" : "12/27/16 00:00:00",
  "value" : "1318"
},{
  "dateTime" : "12/28/16 00:00:00",
  "value" : "1195"
},{
  "dateTime" : "12/29/16 00:00:00",
  "value" : "1309"
}]