[{
  "dateTime" : "06/19/13 00:00:00",
  "value" : "818"
},{
  "dateTime" : "06/20/13 00:00:00",
  "value" : "506"
},{
  "dateTime" : "06/21/13 00:00:00",
  "value" : "671"
},{
  "dateTime" : "06/22/13 00:00:00",
  "value" : "685"
},{
  "dateTime" : "06/23/13 00:00:00",
  "value" : "1362"
},{
  "dateTime" : "06/24/13 00:00:00",
  "value" : "515"
},{
  "dateTime" : "06/25/13 00:00:00",
  "value" : "819"
},{
  "dateTime" : "06/26/13 00:00:00",
  "value" : "764"
},{
  "dateTime" : "06/27/13 00:00:00",
  "value" : "534"
},{
  "dateTime" : "06/28/13 00:00:00",
  "value" : "936"
},{
  "dateTime" : "06/29/13 00:00:00",
  "value" : "611"
},{
  "dateTime" : "06/30/13 00:00:00",
  "value" : "623"
},{
  "dateTime" : "07/01/13 00:00:00",
  "value" : "531"
},{
  "dateTime" : "07/02/13 00:00:00",
  "value" : "544"
},{
  "dateTime" : "07/03/13 00:00:00",
  "value" : "372"
},{
  "dateTime" : "07/04/13 00:00:00",
  "value" : "566"
},{
  "dateTime" : "07/05/13 00:00:00",
  "value" : "469"
},{
  "dateTime" : "07/06/13 00:00:00",
  "value" : "456"
},{
  "dateTime" : "07/07/13 00:00:00",
  "value" : "536"
},{
  "dateTime" : "07/08/13 00:00:00",
  "value" : "614"
},{
  "dateTime" : "07/09/13 00:00:00",
  "value" : "758"
},{
  "dateTime" : "07/10/13 00:00:00",
  "value" : "541"
},{
  "dateTime" : "07/11/13 00:00:00",
  "value" : "435"
},{
  "dateTime" : "07/12/13 00:00:00",
  "value" : "665"
},{
  "dateTime" : "07/13/13 00:00:00",
  "value" : "1051"
},{
  "dateTime" : "07/14/13 00:00:00",
  "value" : "585"
},{
  "dateTime" : "07/15/13 00:00:00",
  "value" : "742"
},{
  "dateTime" : "07/16/13 00:00:00",
  "value" : "1049"
},{
  "dateTime" : "07/17/13 00:00:00",
  "value" : "661"
},{
  "dateTime" : "07/18/13 00:00:00",
  "value" : "671"
}]