[{
  "dateTime" : "06/30/11 00:00:00",
  "value" : "561"
},{
  "dateTime" : "07/01/11 00:00:00",
  "value" : "571"
},{
  "dateTime" : "07/02/11 00:00:00",
  "value" : "585"
},{
  "dateTime" : "07/03/11 00:00:00",
  "value" : "942"
},{
  "dateTime" : "07/04/11 00:00:00",
  "value" : "705"
},{
  "dateTime" : "07/05/11 00:00:00",
  "value" : "695"
},{
  "dateTime" : "07/06/11 00:00:00",
  "value" : "578"
},{
  "dateTime" : "07/07/11 00:00:00",
  "value" : "676"
},{
  "dateTime" : "07/08/11 00:00:00",
  "value" : "504"
},{
  "dateTime" : "07/09/11 00:00:00",
  "value" : "657"
},{
  "dateTime" : "07/10/11 00:00:00",
  "value" : "991"
},{
  "dateTime" : "07/11/11 00:00:00",
  "value" : "562"
},{
  "dateTime" : "07/12/11 00:00:00",
  "value" : "484"
},{
  "dateTime" : "07/13/11 00:00:00",
  "value" : "632"
},{
  "dateTime" : "07/14/11 00:00:00",
  "value" : "175"
},{
  "dateTime" : "07/15/11 00:00:00",
  "value" : "782"
},{
  "dateTime" : "07/16/11 00:00:00",
  "value" : "397"
},{
  "dateTime" : "07/17/11 00:00:00",
  "value" : "515"
},{
  "dateTime" : "07/18/11 00:00:00",
  "value" : "598"
},{
  "dateTime" : "07/19/11 00:00:00",
  "value" : "548"
},{
  "dateTime" : "07/20/11 00:00:00",
  "value" : "576"
},{
  "dateTime" : "07/21/11 00:00:00",
  "value" : "1076"
},{
  "dateTime" : "07/22/11 00:00:00",
  "value" : "1084"
},{
  "dateTime" : "07/23/11 00:00:00",
  "value" : "1217"
},{
  "dateTime" : "07/24/11 00:00:00",
  "value" : "902"
},{
  "dateTime" : "07/25/11 00:00:00",
  "value" : "1191"
},{
  "dateTime" : "07/26/11 00:00:00",
  "value" : "1040"
},{
  "dateTime" : "07/27/11 00:00:00",
  "value" : "724"
},{
  "dateTime" : "07/28/11 00:00:00",
  "value" : "517"
},{
  "dateTime" : "07/29/11 00:00:00",
  "value" : "607"
}]