[{
  "dateTime" : "05/01/11 00:00:00",
  "value" : "1167"
},{
  "dateTime" : "05/02/11 00:00:00",
  "value" : "484"
},{
  "dateTime" : "05/03/11 00:00:00",
  "value" : "546"
},{
  "dateTime" : "05/04/11 00:00:00",
  "value" : "943"
},{
  "dateTime" : "05/05/11 00:00:00",
  "value" : "660"
},{
  "dateTime" : "05/06/11 00:00:00",
  "value" : "558"
},{
  "dateTime" : "05/07/11 00:00:00",
  "value" : "605"
},{
  "dateTime" : "05/08/11 00:00:00",
  "value" : "924"
},{
  "dateTime" : "05/09/11 00:00:00",
  "value" : "593"
},{
  "dateTime" : "05/10/11 00:00:00",
  "value" : "532"
},{
  "dateTime" : "05/11/11 00:00:00",
  "value" : "596"
},{
  "dateTime" : "05/12/11 00:00:00",
  "value" : "541"
},{
  "dateTime" : "05/13/11 00:00:00",
  "value" : "576"
},{
  "dateTime" : "05/14/11 00:00:00",
  "value" : "509"
},{
  "dateTime" : "05/15/11 00:00:00",
  "value" : "1153"
},{
  "dateTime" : "05/16/11 00:00:00",
  "value" : "630"
},{
  "dateTime" : "05/17/11 00:00:00",
  "value" : "631"
},{
  "dateTime" : "05/18/11 00:00:00",
  "value" : "654"
},{
  "dateTime" : "05/19/11 00:00:00",
  "value" : "672"
},{
  "dateTime" : "05/20/11 00:00:00",
  "value" : "751"
},{
  "dateTime" : "05/21/11 00:00:00",
  "value" : "622"
},{
  "dateTime" : "05/22/11 00:00:00",
  "value" : "939"
},{
  "dateTime" : "05/23/11 00:00:00",
  "value" : "560"
},{
  "dateTime" : "05/24/11 00:00:00",
  "value" : "754"
},{
  "dateTime" : "05/25/11 00:00:00",
  "value" : "731"
},{
  "dateTime" : "05/26/11 00:00:00",
  "value" : "698"
},{
  "dateTime" : "05/27/11 00:00:00",
  "value" : "579"
},{
  "dateTime" : "05/28/11 00:00:00",
  "value" : "1166"
},{
  "dateTime" : "05/29/11 00:00:00",
  "value" : "397"
},{
  "dateTime" : "05/30/11 00:00:00",
  "value" : "580"
}]