[{
  "dateTime" : "08/18/13 00:00:00",
  "value" : "792"
},{
  "dateTime" : "08/19/13 00:00:00",
  "value" : "483"
},{
  "dateTime" : "08/20/13 00:00:00",
  "value" : "419"
},{
  "dateTime" : "08/21/13 00:00:00",
  "value" : "653"
},{
  "dateTime" : "08/22/13 00:00:00",
  "value" : "508"
},{
  "dateTime" : "08/23/13 00:00:00",
  "value" : "535"
},{
  "dateTime" : "08/24/13 00:00:00",
  "value" : "505"
},{
  "dateTime" : "08/25/13 00:00:00",
  "value" : "634"
},{
  "dateTime" : "08/26/13 00:00:00",
  "value" : "636"
},{
  "dateTime" : "08/27/13 00:00:00",
  "value" : "505"
},{
  "dateTime" : "08/28/13 00:00:00",
  "value" : "579"
},{
  "dateTime" : "08/29/13 00:00:00",
  "value" : "385"
},{
  "dateTime" : "08/30/13 00:00:00",
  "value" : "509"
},{
  "dateTime" : "08/31/13 00:00:00",
  "value" : "510"
},{
  "dateTime" : "09/01/13 00:00:00",
  "value" : "689"
},{
  "dateTime" : "09/02/13 00:00:00",
  "value" : "680"
},{
  "dateTime" : "09/03/13 00:00:00",
  "value" : "590"
},{
  "dateTime" : "09/04/13 00:00:00",
  "value" : "594"
},{
  "dateTime" : "09/05/13 00:00:00",
  "value" : "607"
},{
  "dateTime" : "09/06/13 00:00:00",
  "value" : "523"
},{
  "dateTime" : "09/07/13 00:00:00",
  "value" : "432"
},{
  "dateTime" : "09/08/13 00:00:00",
  "value" : "380"
},{
  "dateTime" : "09/09/13 00:00:00",
  "value" : "615"
},{
  "dateTime" : "09/10/13 00:00:00",
  "value" : "690"
},{
  "dateTime" : "09/11/13 00:00:00",
  "value" : "617"
},{
  "dateTime" : "09/12/13 00:00:00",
  "value" : "344"
},{
  "dateTime" : "09/13/13 00:00:00",
  "value" : "584"
},{
  "dateTime" : "09/14/13 00:00:00",
  "value" : "1113"
},{
  "dateTime" : "09/15/13 00:00:00",
  "value" : "1084"
},{
  "dateTime" : "09/16/13 00:00:00",
  "value" : "582"
}]