[{
  "dateTime" : "11/25/17 00:00:00",
  "value" : "986"
},{
  "dateTime" : "11/26/17 00:00:00",
  "value" : "1157"
},{
  "dateTime" : "11/27/17 00:00:00",
  "value" : "594"
},{
  "dateTime" : "11/28/17 00:00:00",
  "value" : "546"
},{
  "dateTime" : "11/29/17 00:00:00",
  "value" : "812"
},{
  "dateTime" : "11/30/17 00:00:00",
  "value" : "769"
},{
  "dateTime" : "12/01/17 00:00:00",
  "value" : "788"
},{
  "dateTime" : "12/02/17 00:00:00",
  "value" : "645"
},{
  "dateTime" : "12/03/17 00:00:00",
  "value" : "650"
},{
  "dateTime" : "12/04/17 00:00:00",
  "value" : "689"
},{
  "dateTime" : "12/05/17 00:00:00",
  "value" : "746"
},{
  "dateTime" : "12/06/17 00:00:00",
  "value" : "666"
},{
  "dateTime" : "12/07/17 00:00:00",
  "value" : "796"
},{
  "dateTime" : "12/08/17 00:00:00",
  "value" : "746"
},{
  "dateTime" : "12/09/17 00:00:00",
  "value" : "838"
},{
  "dateTime" : "12/10/17 00:00:00",
  "value" : "661"
},{
  "dateTime" : "12/11/17 00:00:00",
  "value" : "622"
},{
  "dateTime" : "12/12/17 00:00:00",
  "value" : "678"
},{
  "dateTime" : "12/13/17 00:00:00",
  "value" : "767"
},{
  "dateTime" : "12/14/17 00:00:00",
  "value" : "581"
},{
  "dateTime" : "12/15/17 00:00:00",
  "value" : "690"
},{
  "dateTime" : "12/16/17 00:00:00",
  "value" : "740"
},{
  "dateTime" : "12/17/17 00:00:00",
  "value" : "842"
},{
  "dateTime" : "12/18/17 00:00:00",
  "value" : "729"
},{
  "dateTime" : "12/19/17 00:00:00",
  "value" : "848"
},{
  "dateTime" : "12/20/17 00:00:00",
  "value" : "701"
},{
  "dateTime" : "12/21/17 00:00:00",
  "value" : "916"
},{
  "dateTime" : "12/22/17 00:00:00",
  "value" : "831"
},{
  "dateTime" : "12/23/17 00:00:00",
  "value" : "795"
},{
  "dateTime" : "12/24/17 00:00:00",
  "value" : "836"
}]