[{
  "dateTime" : "04/29/17 00:00:00",
  "value" : "891"
},{
  "dateTime" : "04/30/17 00:00:00",
  "value" : "1049"
},{
  "dateTime" : "05/01/17 00:00:00",
  "value" : "750"
},{
  "dateTime" : "05/02/17 00:00:00",
  "value" : "661"
},{
  "dateTime" : "05/03/17 00:00:00",
  "value" : "731"
},{
  "dateTime" : "05/04/17 00:00:00",
  "value" : "677"
},{
  "dateTime" : "05/05/17 00:00:00",
  "value" : "721"
},{
  "dateTime" : "05/06/17 00:00:00",
  "value" : "530"
},{
  "dateTime" : "05/07/17 00:00:00",
  "value" : "968"
},{
  "dateTime" : "05/08/17 00:00:00",
  "value" : "967"
},{
  "dateTime" : "05/09/17 00:00:00",
  "value" : "603"
},{
  "dateTime" : "05/10/17 00:00:00",
  "value" : "732"
},{
  "dateTime" : "05/11/17 00:00:00",
  "value" : "827"
},{
  "dateTime" : "05/12/17 00:00:00",
  "value" : "740"
},{
  "dateTime" : "05/13/17 00:00:00",
  "value" : "660"
},{
  "dateTime" : "05/14/17 00:00:00",
  "value" : "520"
},{
  "dateTime" : "05/15/17 00:00:00",
  "value" : "496"
},{
  "dateTime" : "05/16/17 00:00:00",
  "value" : "730"
},{
  "dateTime" : "05/17/17 00:00:00",
  "value" : "1165"
},{
  "dateTime" : "05/18/17 00:00:00",
  "value" : "650"
},{
  "dateTime" : "05/19/17 00:00:00",
  "value" : "834"
},{
  "dateTime" : "05/20/17 00:00:00",
  "value" : "802"
},{
  "dateTime" : "05/21/17 00:00:00",
  "value" : "531"
},{
  "dateTime" : "05/22/17 00:00:00",
  "value" : "590"
},{
  "dateTime" : "05/23/17 00:00:00",
  "value" : "716"
},{
  "dateTime" : "05/24/17 00:00:00",
  "value" : "753"
},{
  "dateTime" : "05/25/17 00:00:00",
  "value" : "746"
},{
  "dateTime" : "05/26/17 00:00:00",
  "value" : "595"
},{
  "dateTime" : "05/27/17 00:00:00",
  "value" : "681"
},{
  "dateTime" : "05/28/17 00:00:00",
  "value" : "693"
}]