[{
  "dateTime" : "08/23/12 00:00:00",
  "value" : "739"
},{
  "dateTime" : "08/24/12 00:00:00",
  "value" : "680"
},{
  "dateTime" : "08/25/12 00:00:00",
  "value" : "673"
},{
  "dateTime" : "08/26/12 00:00:00",
  "value" : "401"
},{
  "dateTime" : "08/27/12 00:00:00",
  "value" : "649"
},{
  "dateTime" : "08/28/12 00:00:00",
  "value" : "654"
},{
  "dateTime" : "08/29/12 00:00:00",
  "value" : "542"
},{
  "dateTime" : "08/30/12 00:00:00",
  "value" : "704"
},{
  "dateTime" : "08/31/12 00:00:00",
  "value" : "542"
},{
  "dateTime" : "09/01/12 00:00:00",
  "value" : "642"
},{
  "dateTime" : "09/02/12 00:00:00",
  "value" : "467"
},{
  "dateTime" : "09/03/12 00:00:00",
  "value" : "486"
},{
  "dateTime" : "09/04/12 00:00:00",
  "value" : "626"
},{
  "dateTime" : "09/05/12 00:00:00",
  "value" : "742"
},{
  "dateTime" : "09/06/12 00:00:00",
  "value" : "710"
},{
  "dateTime" : "09/07/12 00:00:00",
  "value" : "745"
},{
  "dateTime" : "09/08/12 00:00:00",
  "value" : "1200"
},{
  "dateTime" : "09/09/12 00:00:00",
  "value" : "745"
},{
  "dateTime" : "09/10/12 00:00:00",
  "value" : "726"
},{
  "dateTime" : "09/11/12 00:00:00",
  "value" : "705"
},{
  "dateTime" : "09/12/12 00:00:00",
  "value" : "753"
},{
  "dateTime" : "09/13/12 00:00:00",
  "value" : "0"
},{
  "dateTime" : "09/14/12 00:00:00",
  "value" : "893"
},{
  "dateTime" : "09/15/12 00:00:00",
  "value" : "614"
},{
  "dateTime" : "09/16/12 00:00:00",
  "value" : "1137"
},{
  "dateTime" : "09/17/12 00:00:00",
  "value" : "624"
},{
  "dateTime" : "09/18/12 00:00:00",
  "value" : "663"
},{
  "dateTime" : "09/19/12 00:00:00",
  "value" : "833"
},{
  "dateTime" : "09/20/12 00:00:00",
  "value" : "698"
},{
  "dateTime" : "09/21/12 00:00:00",
  "value" : "608"
}]