[{
  "dateTime" : "12/21/12 00:00:00",
  "value" : "623"
},{
  "dateTime" : "12/22/12 00:00:00",
  "value" : "738"
},{
  "dateTime" : "12/23/12 00:00:00",
  "value" : "814"
},{
  "dateTime" : "12/24/12 00:00:00",
  "value" : "573"
},{
  "dateTime" : "12/25/12 00:00:00",
  "value" : "869"
},{
  "dateTime" : "12/26/12 00:00:00",
  "value" : "704"
},{
  "dateTime" : "12/27/12 00:00:00",
  "value" : "677"
},{
  "dateTime" : "12/28/12 00:00:00",
  "value" : "619"
},{
  "dateTime" : "12/29/12 00:00:00",
  "value" : "731"
},{
  "dateTime" : "12/30/12 00:00:00",
  "value" : "573"
},{
  "dateTime" : "12/31/12 00:00:00",
  "value" : "551"
},{
  "dateTime" : "01/01/13 00:00:00",
  "value" : "1091"
},{
  "dateTime" : "01/02/13 00:00:00",
  "value" : "332"
},{
  "dateTime" : "01/03/13 00:00:00",
  "value" : "713"
},{
  "dateTime" : "01/04/13 00:00:00",
  "value" : "720"
},{
  "dateTime" : "01/05/13 00:00:00",
  "value" : "1207"
},{
  "dateTime" : "01/06/13 00:00:00",
  "value" : "607"
},{
  "dateTime" : "01/07/13 00:00:00",
  "value" : "660"
},{
  "dateTime" : "01/08/13 00:00:00",
  "value" : "542"
},{
  "dateTime" : "01/09/13 00:00:00",
  "value" : "1020"
},{
  "dateTime" : "01/10/13 00:00:00",
  "value" : "495"
},{
  "dateTime" : "01/11/13 00:00:00",
  "value" : "794"
},{
  "dateTime" : "01/12/13 00:00:00",
  "value" : "534"
},{
  "dateTime" : "01/13/13 00:00:00",
  "value" : "540"
},{
  "dateTime" : "01/14/13 00:00:00",
  "value" : "715"
},{
  "dateTime" : "01/15/13 00:00:00",
  "value" : "685"
},{
  "dateTime" : "01/16/13 00:00:00",
  "value" : "557"
},{
  "dateTime" : "01/17/13 00:00:00",
  "value" : "681"
},{
  "dateTime" : "01/18/13 00:00:00",
  "value" : "704"
},{
  "dateTime" : "01/19/13 00:00:00",
  "value" : "679"
}]