[{
  "dateTime" : "05/31/11 00:00:00",
  "value" : "641"
},{
  "dateTime" : "06/01/11 00:00:00",
  "value" : "679"
},{
  "dateTime" : "06/02/11 00:00:00",
  "value" : "619"
},{
  "dateTime" : "06/03/11 00:00:00",
  "value" : "748"
},{
  "dateTime" : "06/04/11 00:00:00",
  "value" : "730"
},{
  "dateTime" : "06/05/11 00:00:00",
  "value" : "974"
},{
  "dateTime" : "06/06/11 00:00:00",
  "value" : "628"
},{
  "dateTime" : "06/07/11 00:00:00",
  "value" : "567"
},{
  "dateTime" : "06/08/11 00:00:00",
  "value" : "523"
},{
  "dateTime" : "06/09/11 00:00:00",
  "value" : "616"
},{
  "dateTime" : "06/10/11 00:00:00",
  "value" : "543"
},{
  "dateTime" : "06/11/11 00:00:00",
  "value" : "794"
},{
  "dateTime" : "06/12/11 00:00:00",
  "value" : "396"
},{
  "dateTime" : "06/13/11 00:00:00",
  "value" : "621"
},{
  "dateTime" : "06/14/11 00:00:00",
  "value" : "494"
},{
  "dateTime" : "06/15/11 00:00:00",
  "value" : "660"
},{
  "dateTime" : "06/16/11 00:00:00",
  "value" : "584"
},{
  "dateTime" : "06/17/11 00:00:00",
  "value" : "686"
},{
  "dateTime" : "06/18/11 00:00:00",
  "value" : "1134"
},{
  "dateTime" : "06/19/11 00:00:00",
  "value" : "506"
},{
  "dateTime" : "06/20/11 00:00:00",
  "value" : "500"
},{
  "dateTime" : "06/21/11 00:00:00",
  "value" : "508"
},{
  "dateTime" : "06/22/11 00:00:00",
  "value" : "656"
},{
  "dateTime" : "06/23/11 00:00:00",
  "value" : "524"
},{
  "dateTime" : "06/24/11 00:00:00",
  "value" : "651"
},{
  "dateTime" : "06/25/11 00:00:00",
  "value" : "545"
},{
  "dateTime" : "06/26/11 00:00:00",
  "value" : "588"
},{
  "dateTime" : "06/27/11 00:00:00",
  "value" : "690"
},{
  "dateTime" : "06/28/11 00:00:00",
  "value" : "673"
},{
  "dateTime" : "06/29/11 00:00:00",
  "value" : "473"
}]