[{
  "dateTime" : "08/04/10 00:00:00",
  "value" : "1057"
},{
  "dateTime" : "08/05/10 00:00:00",
  "value" : "745"
},{
  "dateTime" : "08/06/10 00:00:00",
  "value" : "1115"
},{
  "dateTime" : "08/07/10 00:00:00",
  "value" : "512"
},{
  "dateTime" : "08/08/10 00:00:00",
  "value" : "1029"
},{
  "dateTime" : "08/09/10 00:00:00",
  "value" : "760"
},{
  "dateTime" : "08/10/10 00:00:00",
  "value" : "743"
},{
  "dateTime" : "08/11/10 00:00:00",
  "value" : "643"
},{
  "dateTime" : "08/12/10 00:00:00",
  "value" : "723"
},{
  "dateTime" : "08/13/10 00:00:00",
  "value" : "532"
},{
  "dateTime" : "08/14/10 00:00:00",
  "value" : "498"
},{
  "dateTime" : "08/15/10 00:00:00",
  "value" : "994"
},{
  "dateTime" : "08/16/10 00:00:00",
  "value" : "682"
},{
  "dateTime" : "08/17/10 00:00:00",
  "value" : "633"
},{
  "dateTime" : "08/18/10 00:00:00",
  "value" : "779"
},{
  "dateTime" : "08/19/10 00:00:00",
  "value" : "725"
},{
  "dateTime" : "08/20/10 00:00:00",
  "value" : "90"
},{
  "dateTime" : "08/21/10 00:00:00",
  "value" : "579"
},{
  "dateTime" : "08/22/10 00:00:00",
  "value" : "1088"
},{
  "dateTime" : "08/23/10 00:00:00",
  "value" : "646"
},{
  "dateTime" : "08/24/10 00:00:00",
  "value" : "594"
},{
  "dateTime" : "08/25/10 00:00:00",
  "value" : "612"
},{
  "dateTime" : "08/26/10 00:00:00",
  "value" : "685"
},{
  "dateTime" : "08/27/10 00:00:00",
  "value" : "695"
},{
  "dateTime" : "08/28/10 00:00:00",
  "value" : "963"
},{
  "dateTime" : "08/29/10 00:00:00",
  "value" : "572"
},{
  "dateTime" : "08/30/10 00:00:00",
  "value" : "800"
},{
  "dateTime" : "08/31/10 00:00:00",
  "value" : "976"
},{
  "dateTime" : "09/01/10 00:00:00",
  "value" : "661"
},{
  "dateTime" : "09/02/10 00:00:00",
  "value" : "1217"
}]