[{
  "dateTime" : "01/05/16 00:00:00",
  "value" : "606"
},{
  "dateTime" : "01/06/16 00:00:00",
  "value" : "658"
},{
  "dateTime" : "01/07/16 00:00:00",
  "value" : "772"
},{
  "dateTime" : "01/08/16 00:00:00",
  "value" : "541"
},{
  "dateTime" : "01/09/16 00:00:00",
  "value" : "250"
},{
  "dateTime" : "01/10/16 00:00:00",
  "value" : "642"
},{
  "dateTime" : "01/11/16 00:00:00",
  "value" : "812"
},{
  "dateTime" : "01/12/16 00:00:00",
  "value" : "744"
},{
  "dateTime" : "01/13/16 00:00:00",
  "value" : "806"
},{
  "dateTime" : "01/14/16 00:00:00",
  "value" : "671"
},{
  "dateTime" : "01/15/16 00:00:00",
  "value" : "683"
},{
  "dateTime" : "01/16/16 00:00:00",
  "value" : "828"
},{
  "dateTime" : "01/17/16 00:00:00",
  "value" : "642"
},{
  "dateTime" : "01/18/16 00:00:00",
  "value" : "774"
},{
  "dateTime" : "01/19/16 00:00:00",
  "value" : "722"
},{
  "dateTime" : "01/20/16 00:00:00",
  "value" : "825"
},{
  "dateTime" : "01/21/16 00:00:00",
  "value" : "686"
},{
  "dateTime" : "01/22/16 00:00:00",
  "value" : "551"
},{
  "dateTime" : "01/23/16 00:00:00",
  "value" : "424"
},{
  "dateTime" : "01/24/16 00:00:00",
  "value" : "629"
},{
  "dateTime" : "01/25/16 00:00:00",
  "value" : "770"
},{
  "dateTime" : "01/26/16 00:00:00",
  "value" : "461"
},{
  "dateTime" : "01/27/16 00:00:00",
  "value" : "199"
},{
  "dateTime" : "01/28/16 00:00:00",
  "value" : "202"
},{
  "dateTime" : "01/29/16 00:00:00",
  "value" : "700"
},{
  "dateTime" : "01/30/16 00:00:00",
  "value" : "289"
},{
  "dateTime" : "01/31/16 00:00:00",
  "value" : "1039"
},{
  "dateTime" : "02/01/16 00:00:00",
  "value" : "728"
},{
  "dateTime" : "02/02/16 00:00:00",
  "value" : "601"
},{
  "dateTime" : "02/03/16 00:00:00",
  "value" : "729"
}]