[{
  "dateTime" : "05/06/10 00:00:00",
  "value" : "749"
},{
  "dateTime" : "05/07/10 00:00:00",
  "value" : "593"
},{
  "dateTime" : "05/08/10 00:00:00",
  "value" : "451"
},{
  "dateTime" : "05/09/10 00:00:00",
  "value" : "562"
},{
  "dateTime" : "05/10/10 00:00:00",
  "value" : "682"
},{
  "dateTime" : "05/11/10 00:00:00",
  "value" : "653"
},{
  "dateTime" : "05/12/10 00:00:00",
  "value" : "762"
},{
  "dateTime" : "05/13/10 00:00:00",
  "value" : "962"
},{
  "dateTime" : "05/14/10 00:00:00",
  "value" : "740"
},{
  "dateTime" : "05/15/10 00:00:00",
  "value" : "875"
},{
  "dateTime" : "05/16/10 00:00:00",
  "value" : "551"
},{
  "dateTime" : "05/17/10 00:00:00",
  "value" : "582"
},{
  "dateTime" : "05/18/10 00:00:00",
  "value" : "687"
},{
  "dateTime" : "05/19/10 00:00:00",
  "value" : "646"
},{
  "dateTime" : "05/20/10 00:00:00",
  "value" : "587"
},{
  "dateTime" : "05/21/10 00:00:00",
  "value" : "699"
},{
  "dateTime" : "05/22/10 00:00:00",
  "value" : "469"
},{
  "dateTime" : "05/23/10 00:00:00",
  "value" : "472"
},{
  "dateTime" : "05/24/10 00:00:00",
  "value" : "588"
},{
  "dateTime" : "05/25/10 00:00:00",
  "value" : "498"
},{
  "dateTime" : "05/26/10 00:00:00",
  "value" : "692"
},{
  "dateTime" : "05/27/10 00:00:00",
  "value" : "708"
},{
  "dateTime" : "05/28/10 00:00:00",
  "value" : "1109"
},{
  "dateTime" : "05/29/10 00:00:00",
  "value" : "1206"
},{
  "dateTime" : "05/30/10 00:00:00",
  "value" : "473"
},{
  "dateTime" : "05/31/10 00:00:00",
  "value" : "493"
},{
  "dateTime" : "06/01/10 00:00:00",
  "value" : "503"
},{
  "dateTime" : "06/02/10 00:00:00",
  "value" : "551"
},{
  "dateTime" : "06/03/10 00:00:00",
  "value" : "675"
},{
  "dateTime" : "06/04/10 00:00:00",
  "value" : "719"
}]