[{
  "dateTime" : "03/11/15 00:00:00",
  "value" : "765"
},{
  "dateTime" : "03/12/15 00:00:00",
  "value" : "714"
},{
  "dateTime" : "03/13/15 00:00:00",
  "value" : "646"
},{
  "dateTime" : "03/14/15 00:00:00",
  "value" : "780"
},{
  "dateTime" : "03/15/15 00:00:00",
  "value" : "609"
},{
  "dateTime" : "03/16/15 00:00:00",
  "value" : "675"
},{
  "dateTime" : "03/17/15 00:00:00",
  "value" : "568"
},{
  "dateTime" : "03/18/15 00:00:00",
  "value" : "755"
},{
  "dateTime" : "03/19/15 00:00:00",
  "value" : "690"
},{
  "dateTime" : "03/20/15 00:00:00",
  "value" : "538"
},{
  "dateTime" : "03/21/15 00:00:00",
  "value" : "691"
},{
  "dateTime" : "03/22/15 00:00:00",
  "value" : "501"
},{
  "dateTime" : "03/23/15 00:00:00",
  "value" : "657"
},{
  "dateTime" : "03/24/15 00:00:00",
  "value" : "535"
},{
  "dateTime" : "03/25/15 00:00:00",
  "value" : "675"
},{
  "dateTime" : "03/26/15 00:00:00",
  "value" : "747"
},{
  "dateTime" : "03/27/15 00:00:00",
  "value" : "773"
},{
  "dateTime" : "03/28/15 00:00:00",
  "value" : "703"
},{
  "dateTime" : "03/29/15 00:00:00",
  "value" : "815"
},{
  "dateTime" : "03/30/15 00:00:00",
  "value" : "1265"
},{
  "dateTime" : "03/31/15 00:00:00",
  "value" : "1251"
},{
  "dateTime" : "04/01/15 00:00:00",
  "value" : "741"
},{
  "dateTime" : "04/02/15 00:00:00",
  "value" : "704"
},{
  "dateTime" : "04/03/15 00:00:00",
  "value" : "675"
},{
  "dateTime" : "04/04/15 00:00:00",
  "value" : "881"
},{
  "dateTime" : "04/05/15 00:00:00",
  "value" : "633"
},{
  "dateTime" : "04/06/15 00:00:00",
  "value" : "674"
},{
  "dateTime" : "04/07/15 00:00:00",
  "value" : "768"
},{
  "dateTime" : "04/08/15 00:00:00",
  "value" : "772"
},{
  "dateTime" : "04/09/15 00:00:00",
  "value" : "816"
}]