#com.redshiftdev.Sync-Solver-Health-Export (2.3.31),,
in-bed-start-date-time,in-bed-end-date-time,minutes-in-bed
2016-12-17T00:45:00-05:00,2016-12-17T04:51:00-05:00,246
2016-12-17T23:12:00-05:00,2016-12-18T08:14:00-05:00,542
2016-12-18T23:45:00-05:00,2016-12-19T04:45:00-05:00,300
2016-12-20T00:54:00-05:00,2016-12-20T06:30:00-05:00,336
2016-12-21T02:13:00-05:00,2016-12-21T07:29:00-05:00,316
2016-12-22T00:00:00-05:00,2016-12-22T06:27:00-05:00,387
2016-12-23T03:10:00-05:00,2016-12-23T04:59:00-05:00,109
2016-12-24T01:14:00-05:00,2016-12-24T07:58:00-05:00,404
2016-12-25T05:00:00-05:00,2016-12-25T07:48:00-05:00,168
2016-12-26T00:30:00-05:00,2016-12-26T04:31:00-05:00,241
2016-12-27T01:01:00-05:00,2016-12-27T06:14:00-05:00,313
2016-12-28T01:38:00-05:00,2016-12-28T07:59:00-05:00,381
2016-12-28T22:09:00-05:00,2016-12-29T06:18:00-05:00,489
2016-12-30T00:15:00-05:00,2016-12-30T07:02:00-05:00,407
2016-12-31T00:45:00-05:00,2016-12-31T05:48:00-05:00,303
2017-01-01T00:00:00-05:00,2017-01-01T08:45:00-05:00,525
2017-01-02T01:15:00-05:00,2017-01-02T07:45:00-05:00,390
2017-01-03T00:44:00-05:00,2017-01-03T06:39:00-05:00,355
2017-01-04T01:00:00-05:00,2017-01-04T04:59:00-05:00,239
2017-01-04T22:00:00-05:00,2017-01-05T08:00:00-05:00,600
2017-01-06T00:00:00-05:00,2017-01-06T05:30:00-05:00,330
2017-01-06T23:00:00-05:00,2017-01-07T06:50:00-05:00,470
2017-01-08T01:17:00-05:00,2017-01-08T07:28:00-05:00,371
2017-01-08T21:50:00-05:00,2017-01-09T06:48:00-05:00,538
2017-01-09T22:24:00-05:00,2017-01-10T05:02:00-05:00,398
2017-01-11T00:49:00-05:00,2017-01-11T05:28:00-05:00,279
2017-01-11T23:40:00-05:00,2017-01-12T07:45:00-05:00,485
2017-01-12T23:46:00-05:00,2017-01-13T04:05:00-05:00,259
2017-01-13T21:00:00-05:00,2017-01-14T05:45:00-05:00,525
2017-01-14T08:45:00-05:00,2017-01-14T09:15:00-05:00,30
2017-01-15T00:52:00-05:00,2017-01-15T07:14:00-05:00,382
2017-01-15T22:00:00-05:00,2017-01-16T07:14:00-05:00,554
2017-01-16T22:02:00-05:00,2017-01-17T07:44:00-05:00,582
2017-01-18T00:29:00-05:00,2017-01-18T07:26:00-05:00,417
2017-01-19T01:17:00-05:00,2017-01-19T06:28:00-05:00,311
2017-01-20T00:43:00-05:00,2017-01-20T07:50:00-05:00,427
2017-01-20T23:45:00-05:00,2017-01-21T07:14:00-05:00,449
2017-01-21T23:00:00-05:00,2017-01-22T07:13:00-05:00,493
2017-01-22T22:03:00-05:00,2017-01-23T06:59:00-05:00,536
2017-01-23T13:52:00-05:00,2017-01-23T14:50:00-05:00,58
2017-01-23T22:17:00-05:00,2017-01-24T06:57:00-05:00,520
2017-01-25T00:45:00-05:00,2017-01-25T07:34:00-05:00,409
2017-01-25T22:58:00-05:00,2017-01-26T07:29:00-05:00,511
2017-01-26T09:45:00-05:00,2017-01-26T12:00:00-05:00,135
2017-01-26T22:18:00-05:00,2017-01-27T05:11:00-05:00,413
2017-01-27T23:06:00-05:00,2017-01-28T06:04:00-05:00,418
2017-01-28T12:45:00-05:00,2017-01-28T14:44:00-05:00,119
2017-01-29T00:58:00-05:00,2017-01-29T08:21:00-05:00,443
2017-01-29T23:18:00-05:00,2017-01-30T05:38:00-05:00,380
2017-01-30T22:19:00-05:00,2017-01-31T01:58:00-05:00,219
2017-01-31T22:00:00-05:00,2017-02-01T00:11:00-05:00,131
2017-02-01T01:48:00-05:00,2017-02-01T03:13:00-05:00,85
2017-02-01T23:46:00-05:00,2017-02-02T03:00:00-05:00,194
2017-02-02T04:31:00-05:00,2017-02-02T04:45:00-05:00,14
2017-02-02T06:35:00-05:00,2017-02-02T06:45:00-05:00,10
2017-02-02T20:54:00-05:00,2017-02-02T21:06:00-05:00,12
2017-02-02T22:01:00-05:00,2017-02-03T07:59:00-05:00,598
2017-02-04T00:21:00-05:00,2017-02-04T07:59:00-05:00,458
2017-02-04T23:45:00-05:00,2017-02-05T07:51:00-05:00,486
2017-02-05T13:04:00-05:00,2017-02-05T14:29:00-05:00,85
2017-02-05T22:58:00-05:00,2017-02-06T04:40:00-05:00,342
2017-02-06T23:17:00-05:00,2017-02-07T07:30:00-05:00,493
2017-02-07T22:01:00-05:00,2017-02-08T06:30:00-05:00,509
2017-02-09T22:09:00-05:00,2017-02-10T05:20:00-05:00,431
2017-02-10T07:02:00-05:00,2017-02-10T08:01:00-05:00,59
2017-02-10T10:15:00-05:00,2017-02-10T10:33:00-05:00,18
2017-02-10T22:48:00-05:00,2017-02-11T07:30:00-05:00,522
2017-02-11T09:35:00-05:00,2017-02-11T10:30:00-05:00,55
2017-02-12T00:12:00-05:00,2017-02-12T08:30:00-05:00,498
2017-02-13T01:00:00-05:00,2017-02-13T07:15:00-05:00,375
2017-02-13T23:37:00-05:00,2017-02-14T07:04:00-05:00,447
2017-02-14T22:11:00-05:00,2017-02-15T06:00:00-05:00,469
2017-02-15T22:30:00-05:00,2017-02-16T06:45:00-05:00,495
2017-02-16T23:15:00-05:00,2017-02-17T07:14:00-05:00,479
2017-02-17T23:16:00-05:00,2017-02-18T09:42:00-05:00,626
2017-02-18T23:37:00-05:00,2017-02-19T07:05:00-05:00,448
2017-02-19T12:57:00-05:00,2017-02-19T13:44:00-05:00,47
2017-02-19T22:15:00-05:00,2017-02-20T08:59:00-05:00,644
2017-02-20T11:30:00-05:00,2017-02-20T11:46:00-05:00,16
2017-02-20T13:30:00-05:00,2017-02-20T15:08:00-05:00,98
2017-02-21T11:08:00-05:00,2017-02-21T13:00:00-05:00,112
2017-02-21T22:17:00-05:00,2017-02-22T06:23:00-05:00,486
2017-02-22T23:46:00-05:00,2017-02-23T07:18:00-05:00,452
2017-02-23T22:49:00-05:00,2017-02-24T07:00:00-05:00,491
2017-02-24T22:00:00-05:00,2017-02-25T05:30:00-05:00,450
2017-02-25T11:00:00-05:00,2017-02-25T11:30:00-05:00,30
2017-02-25T23:37:00-05:00,2017-02-26T09:29:00-05:00,592
2017-02-26T22:00:00-05:00,2017-02-27T07:31:00-05:00,571
2017-02-27T22:00:00-05:00,2017-02-28T07:25:00-05:00,565
2017-02-28T22:19:00-05:00,2017-03-01T07:29:00-05:00,550
2017-03-01T22:47:00-05:00,2017-03-02T06:00:00-05:00,433
2017-03-02T23:02:00-05:00,2017-03-03T08:14:00-05:00,552
2017-03-04T00:20:00-05:00,2017-03-04T09:42:00-05:00,562
2017-03-05T01:50:00-05:00,2017-03-05T12:32:00-05:00,642
2017-03-05T16:20:00-05:00,2017-03-05T16:47:00-05:00,27
2017-03-05T22:45:00-05:00,2017-03-06T01:29:00-05:00,164
2017-03-06T03:46:00-05:00,2017-03-06T04:33:00-05:00,47
2017-03-06T12:29:00-05:00,2017-03-06T14:29:00-05:00,120
2017-03-06T22:00:00-05:00,2017-03-07T07:41:00-05:00,581
2017-03-08T02:15:00-05:00,2017-03-08T07:45:00-05:00,330
2017-03-08T12:16:00-05:00,2017-03-08T13:04:00-05:00,48
2017-03-08T22:30:00-05:00,2017-03-09T06:58:00-05:00,508
2017-03-10T00:31:00-05:00,2017-03-10T07:14:00-05:00,403
2017-03-10T11:24:00-05:00,2017-03-10T12:13:00-05:00,49
2017-03-10T23:47:00-05:00,2017-03-11T09:44:00-05:00,597
2017-03-11T23:30:00-05:00,2017-03-12T03:02:00-04:00,152
2017-03-12T04:43:00-04:00,2017-03-12T09:00:00-04:00,257
2017-03-12T23:44:00-04:00,2017-03-13T07:45:00-04:00,481
2017-03-14T00:07:00-04:00,2017-03-14T07:01:00-04:00,414
2017-03-14T09:28:00-04:00,2017-03-14T09:29:00-04:00,1
2017-03-14T14:53:00-04:00,2017-03-14T15:41:00-04:00,48
2017-03-15T01:11:00-04:00,2017-03-15T09:30:00-04:00,499
2017-03-15T14:17:00-04:00,2017-03-15T14:48:00-04:00,31
2017-03-16T00:45:00-04:00,2017-03-16T07:59:00-04:00,434
2017-03-17T02:35:00-04:00,2017-03-17T04:30:00-04:00,115
2017-03-17T06:31:00-04:00,2017-03-17T07:48:00-04:00,77
2017-03-18T00:50:00-04:00,2017-03-18T11:14:00-04:00,624
2017-03-19T00:19:00-04:00,2017-03-19T07:43:00-04:00,444
2017-03-19T23:32:00-04:00,2017-03-20T09:52:00-04:00,620
2017-03-21T00:46:00-04:00,2017-03-21T08:17:00-04:00,451
2017-03-21T23:36:00-04:00,2017-03-22T07:17:00-04:00,461
2017-03-23T01:03:00-04:00,2017-03-23T03:51:00-04:00,168
2017-03-23T06:45:00-04:00,2017-03-23T10:00:00-04:00,195
2017-03-23T23:16:00-04:00,2017-03-24T03:01:00-04:00,225
2017-03-24T16:18:00-04:00,2017-03-24T18:45:00-04:00,147
2017-03-24T22:16:00-04:00,2017-03-25T08:55:00-04:00,639
2017-03-26T00:30:00-04:00,2017-03-26T01:13:00-04:00,43
2017-03-26T03:00:00-04:00,2017-03-26T08:27:00-04:00,327
2017-03-26T22:05:00-04:00,2017-03-27T00:29:00-04:00,144
2017-03-27T02:15:00-04:00,2017-03-27T02:55:00-04:00,40
2017-03-27T07:02:00-04:00,2017-03-27T08:01:00-04:00,59
2017-03-27T22:04:00-04:00,2017-03-28T07:00:00-04:00,536
2017-03-29T00:47:00-04:00,2017-03-29T04:09:00-04:00,202
2017-03-29T10:46:00-04:00,2017-03-29T12:29:00-04:00,103
2017-03-29T23:30:00-04:00,2017-03-30T08:09:00-04:00,519
2017-03-30T16:45:00-04:00,2017-03-30T17:00:00-04:00,15
2017-03-31T00:36:00-04:00,2017-03-31T06:50:00-04:00,374
2017-03-31T14:50:00-04:00,2017-03-31T15:38:00-04:00,48
2017-03-31T23:21:00-04:00,2017-04-01T06:09:00-04:00,408
2017-04-02T00:15:00-04:00,2017-04-02T11:50:00-04:00,695
2017-04-02T23:18:00-04:00,2017-04-03T06:38:00-04:00,440
2017-04-04T00:30:00-04:00,2017-04-04T06:42:00-04:00,372
2017-04-04T22:53:00-04:00,2017-04-05T06:46:00-04:00,473
2017-04-06T01:42:00-04:00,2017-04-06T06:18:00-04:00,276
2017-04-06T22:15:00-04:00,2017-04-07T03:30:00-04:00,315
2017-04-07T05:45:00-04:00,2017-04-07T06:00:00-04:00,15
2017-04-07T23:17:00-04:00,2017-04-08T07:30:00-04:00,493
2017-04-08T22:06:00-04:00,2017-04-09T08:41:00-04:00,635
2017-04-09T21:30:00-04:00,2017-04-10T03:32:00-04:00,362
2017-04-10T23:45:00-04:00,2017-04-11T01:00:00-04:00,75
2017-04-11T02:45:00-04:00,2017-04-11T03:45:00-04:00,60
2017-04-11T05:16:00-04:00,2017-04-11T06:29:00-04:00,73
2017-04-11T16:38:00-04:00,2017-04-11T17:00:00-04:00,22
2017-04-11T23:45:00-04:00,2017-04-12T01:30:00-04:00,105
2017-04-12T03:31:00-04:00,2017-04-12T05:09:00-04:00,98
2017-04-13T01:28:00-04:00,2017-04-13T05:30:00-04:00,242
2017-04-13T14:16:00-04:00,2017-04-13T15:15:00-04:00,59
2017-04-14T09:15:00-04:00,2017-04-14T11:30:00-04:00,135
2017-04-14T16:45:00-04:00,2017-04-14T17:13:00-04:00,28
2017-04-15T23:16:00-04:00,2017-04-16T03:27:00-04:00,251
2017-04-16T05:15:00-04:00,2017-04-16T08:18:00-04:00,183
2017-04-17T00:06:00-04:00,2017-04-17T05:15:00-04:00,309
2017-04-17T13:30:00-04:00,2017-04-17T13:59:00-04:00,29
2017-04-17T22:42:00-04:00,2017-04-18T07:12:00-04:00,510
2017-04-18T14:09:00-04:00,2017-04-18T15:07:00-04:00,58
2017-04-18T22:57:00-04:00,2017-04-19T05:31:00-04:00,394
2017-04-21T00:15:00-04:00,2017-04-21T07:29:00-04:00,434
2017-04-23T00:15:00-04:00,2017-04-23T08:57:00-04:00,522
2017-04-23T13:05:00-04:00,2017-04-23T13:37:00-04:00,32
2017-04-23T23:30:00-04:00,2017-04-24T05:29:00-04:00,359
2017-04-24T22:00:00-04:00,2017-04-25T06:52:00-04:00,532
2017-04-25T13:45:00-04:00,2017-04-25T13:58:00-04:00,13
2017-04-26T00:00:00-04:00,2017-04-26T07:42:00-04:00,462
2017-04-26T21:50:00-04:00,2017-04-27T07:00:00-04:00,550
2017-04-27T22:17:00-04:00,2017-04-28T06:00:00-04:00,463
2017-04-28T21:45:00-04:00,2017-04-29T09:00:00-04:00,675
2017-04-30T01:11:00-04:00,2017-04-30T12:33:00-04:00,682
2017-05-01T01:16:00-04:00,2017-05-01T07:15:00-04:00,359
2017-05-01T23:54:00-04:00,2017-05-02T00:30:00-04:00,36
2017-05-02T02:10:00-04:00,2017-05-02T07:57:00-04:00,347
2017-05-03T00:30:00-04:00,2017-05-03T07:00:00-04:00,390
2017-05-04T00:16:00-04:00,2017-05-04T05:15:00-04:00,299
2017-05-04T22:41:00-04:00,2017-05-05T06:46:00-04:00,485
2017-05-06T01:32:00-04:00,2017-05-06T06:28:00-04:00,296
2017-05-06T21:17:00-04:00,2017-05-07T07:37:00-04:00,620
2017-05-07T23:45:00-04:00,2017-05-08T04:45:00-04:00,300
2017-05-08T06:17:00-04:00,2017-05-08T07:15:00-04:00,58
2017-05-08T22:30:00-04:00,2017-05-08T22:59:00-04:00,29
2017-05-09T00:45:00-04:00,2017-05-09T04:29:00-04:00,224
2017-05-10T00:32:00-04:00,2017-05-10T05:38:00-04:00,306
2017-05-10T22:15:00-04:00,2017-05-11T08:16:00-04:00,601
2017-05-12T00:08:00-04:00,2017-05-12T07:14:00-04:00,426
2017-05-12T16:15:00-04:00,2017-05-12T16:56:00-04:00,41
2017-05-13T00:00:00-04:00,2017-05-13T06:33:00-04:00,393
2017-05-14T00:30:00-04:00,2017-05-14T08:13:00-04:00,463
2017-05-14T12:24:00-04:00,2017-05-14T13:05:00-04:00,41
2017-05-14T15:03:00-04:00,2017-05-14T16:20:00-04:00,77
2017-05-14T22:02:00-04:00,2017-05-15T07:33:00-04:00,571
2017-05-15T10:07:00-04:00,2017-05-15T10:26:00-04:00,19
2017-05-16T00:02:00-04:00,2017-05-16T07:29:00-04:00,447
2017-05-17T22:17:00-04:00,2017-05-17T22:38:00-04:00,21
2017-05-18T00:15:00-04:00,2017-05-18T01:15:00-04:00,60
2017-05-18T02:47:00-04:00,2017-05-18T05:56:00-04:00,189
2017-05-18T15:30:00-04:00,2017-05-18T16:01:00-04:00,31
2017-05-18T22:47:00-04:00,2017-05-19T00:01:00-04:00,74
2017-05-19T02:01:00-04:00,2017-05-19T06:13:00-04:00,252
2017-05-20T01:30:00-04:00,2017-05-20T07:03:00-04:00,333
2017-05-20T23:15:00-04:00,2017-05-21T08:24:00-04:00,549
2017-05-21T11:49:00-04:00,2017-05-21T12:27:00-04:00,38
2017-05-21T23:45:00-04:00,2017-05-22T04:00:00-04:00,255
2017-05-22T12:28:00-04:00,2017-05-22T13:26:00-04:00,58
2017-05-22T23:00:00-04:00,2017-05-23T00:45:00-04:00,105
2017-05-23T04:47:00-04:00,2017-05-23T07:49:00-04:00,182
2017-05-24T01:10:00-04:00,2017-05-24T07:01:00-04:00,351
2017-05-24T11:30:00-04:00,2017-05-24T13:01:00-04:00,91
2017-05-24T23:31:00-04:00,2017-05-25T06:13:00-04:00,402
2017-05-25T23:47:00-04:00,2017-05-26T07:29:00-04:00,462
2017-05-27T00:45:00-04:00,2017-05-27T09:04:00-04:00,499
2017-05-28T00:16:00-04:00,2017-05-28T07:36:00-04:00,440
2017-05-28T11:30:00-04:00,2017-05-28T11:42:00-04:00,12
2017-05-29T00:17:00-04:00,2017-05-29T08:47:00-04:00,510
2017-05-29T22:49:00-04:00,2017-05-30T05:28:00-04:00,399
2017-05-30T22:30:00-04:00,2017-05-31T01:15:00-04:00,165
2017-05-31T04:00:00-04:00,2017-05-31T05:30:00-04:00,90
2017-05-31T23:38:00-04:00,2017-06-01T07:33:00-04:00,475
2017-06-02T01:00:00-04:00,2017-06-02T07:13:00-04:00,373
2017-06-02T22:37:00-04:00,2017-06-03T06:38:00-04:00,481
2017-06-04T02:14:00-04:00,2017-06-04T02:35:00-04:00,21
2017-06-04T04:15:00-04:00,2017-06-04T07:42:00-04:00,207
2017-06-04T23:49:00-04:00,2017-06-05T05:25:00-04:00,336
2017-06-05T20:32:00-04:00,2017-06-05T20:57:00-04:00,25
2017-06-05T22:33:00-04:00,2017-06-06T06:49:00-04:00,496
2017-06-06T23:57:00-04:00,2017-06-07T02:11:00-04:00,134
2017-06-07T04:12:00-04:00,2017-06-07T04:30:00-04:00,18
2017-06-08T00:10:00-04:00,2017-06-08T07:00:00-04:00,410
2017-06-09T00:00:00-04:00,2017-06-09T07:00:00-04:00,420
2017-06-10T02:02:00-04:00,2017-06-10T03:58:00-04:00,116
2017-06-10T05:41:00-04:00,2017-06-10T06:03:00-04:00,22
2017-06-11T00:15:00-04:00,2017-06-11T08:29:00-04:00,494
2017-06-11T16:29:00-04:00,2017-06-11T17:59:00-04:00,90
2017-06-12T01:19:00-04:00,2017-06-12T07:48:00-04:00,389
2017-06-13T01:04:00-04:00,2017-06-13T07:26:00-04:00,382
2017-06-13T22:34:00-04:00,2017-06-14T06:30:00-04:00,476
2017-06-14T22:32:00-04:00,2017-06-15T00:58:00-04:00,146
2017-06-15T03:45:00-04:00,2017-06-15T05:50:00-04:00,125
2017-06-15T22:33:00-04:00,2017-06-16T05:41:00-04:00,428
2017-06-17T00:18:00-04:00,2017-06-17T09:44:00-04:00,566
2017-06-18T01:00:00-04:00,2017-06-18T09:18:00-04:00,498
2017-06-18T13:00:00-04:00,2017-06-18T13:32:00-04:00,32
2017-06-18T23:30:00-04:00,2017-06-19T06:31:00-04:00,421
2017-06-20T00:46:00-04:00,2017-06-20T07:12:00-04:00,386
2017-06-20T14:15:00-04:00,2017-06-20T15:18:00-04:00,63
2017-06-26T23:31:00-04:00,2017-06-27T05:54:00-04:00,383
2017-06-27T23:15:00-04:00,2017-06-28T07:48:00-04:00,513
2017-06-28T22:30:00-04:00,2017-06-29T05:22:00-04:00,412
2017-06-29T07:27:00-04:00,2017-06-29T07:50:00-04:00,23
2017-06-30T00:51:00-04:00,2017-06-30T06:42:00-04:00,351
2017-07-01T20:45:00-04:00,2017-07-02T03:45:00-04:00,420
2017-07-02T21:28:00-04:00,2017-07-03T05:09:00-04:00,461
2017-07-03T20:30:00-04:00,2017-07-04T04:19:00-04:00,469
2017-07-04T07:03:00-04:00,2017-07-04T07:32:00-04:00,29
2017-07-04T19:00:00-04:00,2017-07-05T04:49:00-04:00,589
2017-07-05T20:00:00-04:00,2017-07-05T20:29:00-04:00,29
2017-07-06T00:23:00-04:00,2017-07-06T02:36:00-04:00,133
2017-07-06T07:44:00-04:00,2017-07-06T07:45:00-04:00,1
2017-07-07T12:44:00-04:00,2017-07-07T14:39:00-04:00,115
2017-07-07T22:30:00-04:00,2017-07-08T05:59:00-04:00,449
2017-07-08T21:03:00-04:00,2017-07-09T01:00:00-04:00,237
2017-07-09T22:30:00-04:00,2017-07-10T05:56:00-04:00,446
2017-07-10T22:30:00-04:00,2017-07-11T05:15:00-04:00,405
2017-07-11T06:58:00-04:00,2017-07-11T08:03:00-04:00,65
2017-07-11T23:17:00-04:00,2017-07-12T04:58:00-04:00,341
2017-07-13T00:15:00-04:00,2017-07-13T07:48:00-04:00,453
2017-07-13T17:51:00-04:00,2017-07-13T18:14:00-04:00,23
2017-07-13T23:15:00-04:00,2017-07-14T07:43:00-04:00,508
2017-07-15T00:27:00-04:00,2017-07-15T07:16:00-04:00,409
2017-07-15T10:44:00-04:00,2017-07-15T11:58:00-04:00,74
2017-07-16T00:01:00-04:00,2017-07-16T08:20:00-04:00,499
2017-07-16T23:46:00-04:00,2017-07-17T05:29:00-04:00,343
2017-07-17T08:00:00-04:00,2017-07-17T08:22:00-04:00,22
2017-07-17T23:17:00-04:00,2017-07-18T07:04:00-04:00,467
2017-07-19T23:43:00-04:00,2017-07-20T06:30:00-04:00,407
2017-07-21T00:00:00-04:00,2017-07-21T03:45:00-04:00,225
2017-07-21T06:55:00-04:00,2017-07-21T08:47:00-04:00,112
2017-07-21T23:31:00-04:00,2017-07-22T08:15:00-04:00,524
2017-07-23T02:15:00-04:00,2017-07-23T07:54:00-04:00,339
2017-07-23T10:25:00-04:00,2017-07-23T10:55:00-04:00,30
2017-07-24T00:00:00-04:00,2017-07-24T07:30:00-04:00,450
2017-07-25T00:15:00-04:00,2017-07-25T08:03:00-04:00,468
2017-07-25T22:23:00-04:00,2017-07-25T23:32:00-04:00,69
2017-07-26T01:30:00-04:00,2017-07-26T07:58:00-04:00,388
2017-07-26T16:45:00-04:00,2017-07-26T17:14:00-04:00,29
2017-07-26T23:59:00-04:00,2017-07-27T00:35:00-04:00,36
2017-07-27T03:11:00-04:00,2017-07-27T07:04:00-04:00,233
2017-07-27T23:01:00-04:00,2017-07-28T03:00:00-04:00,239
2017-07-28T23:36:00-04:00,2017-07-29T08:57:00-04:00,561
2017-07-29T15:00:00-04:00,2017-07-29T15:58:00-04:00,58
2017-07-30T00:30:00-04:00,2017-07-30T06:12:00-04:00,342
2017-07-30T17:29:00-04:00,2017-07-30T18:14:00-04:00,45
2017-07-31T00:13:00-04:00,2017-07-31T07:11:00-04:00,418
2017-07-31T22:32:00-04:00,2017-08-01T08:05:00-04:00,573
2017-08-01T22:03:00-04:00,2017-08-02T06:00:00-04:00,477
2017-08-03T00:50:00-04:00,2017-08-03T08:16:00-04:00,446
2017-08-03T23:30:00-04:00,2017-08-04T08:00:00-04:00,510
2017-08-05T02:15:00-04:00,2017-08-05T07:55:00-04:00,340
2017-08-07T23:31:00-04:00,2017-08-08T06:39:00-04:00,428
2017-08-09T00:15:00-04:00,2017-08-09T07:08:00-04:00,413
2017-08-09T09:16:00-04:00,2017-08-09T09:45:00-04:00,29
2017-08-09T23:30:00-04:00,2017-08-10T07:59:00-04:00,509
2017-08-10T23:15:00-04:00,2017-08-11T07:21:00-04:00,486
2017-08-11T22:30:00-04:00,2017-08-12T04:18:00-04:00,348
2017-08-12T06:15:00-04:00,2017-08-12T07:37:00-04:00,82
2017-08-12T17:29:00-04:00,2017-08-12T17:42:00-04:00,13
2017-08-12T23:06:00-04:00,2017-08-13T07:00:00-04:00,474
2017-08-13T23:53:00-04:00,2017-08-14T05:10:00-04:00,317
2017-08-15T01:30:00-04:00,2017-08-15T07:14:00-04:00,344
2017-08-15T22:45:00-04:00,2017-08-16T05:59:00-04:00,434
2017-08-16T23:00:00-04:00,2017-08-17T06:09:00-04:00,429
2017-08-17T23:50:00-04:00,2017-08-18T06:33:00-04:00,403
2017-08-18T23:02:00-04:00,2017-08-19T08:22:00-04:00,560
2017-08-20T02:31:00-04:00,2017-08-20T10:23:00-04:00,472
2017-08-20T23:00:00-04:00,2017-08-21T06:58:00-04:00,478
2017-08-22T00:17:00-04:00,2017-08-22T07:17:00-04:00,420
2017-08-22T10:45:00-04:00,2017-08-22T11:46:00-04:00,61
2017-08-22T23:39:00-04:00,2017-08-23T05:42:00-04:00,363
2017-08-23T10:36:00-04:00,2017-08-23T12:44:00-04:00,128
2017-08-23T23:00:00-04:00,2017-08-24T05:51:00-04:00,411
2017-08-24T23:15:00-04:00,2017-08-25T06:47:00-04:00,452
2017-08-27T01:15:00-04:00,2017-08-27T07:48:00-04:00,393
2017-08-27T22:49:00-04:00,2017-08-28T06:27:00-04:00,458
2017-08-28T09:29:00-04:00,2017-08-28T10:50:00-04:00,81
2017-08-28T22:55:00-04:00,2017-08-29T07:39:00-04:00,524
2017-08-29T22:54:00-04:00,2017-08-30T00:03:00-04:00,69
2017-08-30T02:02:00-04:00,2017-08-30T04:53:00-04:00,171
2017-08-30T11:37:00-04:00,2017-08-30T12:18:00-04:00,41
2017-08-31T00:45:00-04:00,2017-08-31T06:45:00-04:00,360
2017-08-31T22:46:00-04:00,2017-09-01T05:10:00-04:00,384
2017-09-01T16:04:00-04:00,2017-09-01T17:10:00-04:00,66
2017-09-01T23:24:00-04:00,2017-09-02T08:54:00-04:00,570
2017-09-02T23:21:00-04:00,2017-09-03T08:23:00-04:00,542
2017-09-04T01:15:00-04:00,2017-09-04T08:44:00-04:00,449
2017-09-04T23:40:00-04:00,2017-09-05T07:43:00-04:00,483
2017-09-06T01:11:00-04:00,2017-09-06T08:02:00-04:00,411
2017-09-06T10:17:00-04:00,2017-09-06T11:05:00-04:00,48
2017-09-06T23:05:00-04:00,2017-09-07T04:48:00-04:00,343
2017-09-07T15:58:00-04:00,2017-09-07T16:22:00-04:00,24
2017-09-07T23:01:00-04:00,2017-09-08T05:56:00-04:00,415
2017-09-08T22:45:00-04:00,2017-09-09T07:32:00-04:00,527
2017-09-10T01:00:00-04:00,2017-09-10T09:45:00-04:00,525
2017-09-11T01:02:00-04:00,2017-09-11T07:30:00-04:00,388
2017-09-11T21:49:00-04:00,2017-09-12T07:26:00-04:00,577
2017-09-12T22:30:00-04:00,2017-09-13T06:00:00-04:00,450
2017-09-13T13:43:00-04:00,2017-09-13T14:14:00-04:00,31
2017-09-13T22:16:00-04:00,2017-09-14T07:14:00-04:00,538
2017-09-14T21:58:00-04:00,2017-09-14T22:14:00-04:00,16
2017-09-15T00:04:00-04:00,2017-09-15T02:47:00-04:00,163
2017-09-15T05:45:00-04:00,2017-09-15T06:16:00-04:00,31
2017-09-15T23:15:00-04:00,2017-09-16T07:56:00-04:00,521
2017-09-17T00:33:00-04:00,2017-09-17T06:21:00-04:00,348
2017-09-18T00:30:00-04:00,2017-09-18T07:15:00-04:00,405
2017-09-18T23:38:00-04:00,2017-09-19T07:45:00-04:00,487
2017-09-20T00:30:00-04:00,2017-09-20T07:15:00-04:00,405
2017-09-20T13:41:00-04:00,2017-09-20T14:47:00-04:00,66
2017-09-20T22:29:00-04:00,2017-09-21T07:06:00-04:00,517
2017-09-22T00:16:00-04:00,2017-09-22T04:17:00-04:00,241
2017-09-22T05:55:00-04:00,2017-09-22T06:40:00-04:00,45
2017-09-26T23:17:00-04:00,2017-09-27T06:59:00-04:00,462
2017-09-30T23:30:00-04:00,2017-10-01T02:16:00-04:00,166
2017-10-01T05:17:00-04:00,2017-10-01T07:27:00-04:00,130
2017-10-01T09:45:00-04:00,2017-10-01T11:14:00-04:00,89
2017-10-04T00:18:00-04:00,2017-10-04T07:16:00-04:00,418
2017-10-05T00:29:00-04:00,2017-10-05T04:28:00-04:00,239
2017-10-05T06:00:00-04:00,2017-10-05T07:45:00-04:00,105
2017-10-06T00:18:00-04:00,2017-10-06T07:14:00-04:00,416
2017-10-06T09:00:00-04:00,2017-10-06T09:19:00-04:00,19
2017-10-07T23:45:00-04:00,2017-10-08T08:14:00-04:00,509
2017-10-09T05:22:00-04:00,2017-10-09T10:13:00-04:00,291
2017-10-09T17:06:00-04:00,2017-10-10T03:42:00-04:00,636
2017-10-10T19:50:00-04:00,2017-10-11T03:51:00-04:00,481
2017-10-11T19:06:00-04:00,2017-10-12T02:24:00-04:00,438
2017-10-12T09:48:00-04:00,2017-10-12T12:30:00-04:00,162
2017-10-12T20:09:00-04:00,2017-10-13T04:29:00-04:00,500
2017-10-13T21:00:00-04:00,2017-10-14T05:03:00-04:00,483
2017-10-14T11:22:00-04:00,2017-10-14T11:54:00-04:00,32
2017-10-14T17:32:00-04:00,2017-10-15T03:35:00-04:00,603
2017-10-15T19:30:00-04:00,2017-10-16T00:31:00-04:00,301
2017-10-16T02:03:00-04:00,2017-10-16T02:30:00-04:00,27
2017-10-16T21:15:00-04:00,2017-10-16T23:23:00-04:00,128
2017-10-17T22:01:00-04:00,2017-10-18T05:16:00-04:00,435
2017-10-18T23:35:00-04:00,2017-10-19T07:29:00-04:00,474
2017-10-19T22:15:00-04:00,2017-10-20T08:00:00-04:00,585
2017-10-20T21:48:00-04:00,2017-10-21T06:59:00-04:00,551
2017-10-22T01:15:00-04:00,2017-10-22T09:48:00-04:00,513
2017-10-22T23:17:00-04:00,2017-10-23T07:40:00-04:00,503
2017-10-23T22:01:00-04:00,2017-10-24T05:35:00-04:00,454
2017-10-25T00:07:00-04:00,2017-10-25T07:14:00-04:00,427
2017-10-25T13:46:00-04:00,2017-10-25T14:58:00-04:00,72
2017-10-25T23:01:00-04:00,2017-10-26T07:00:00-04:00,479
2017-10-27T00:21:00-04:00,2017-10-27T07:26:00-04:00,425
2017-10-27T22:15:00-04:00,2017-10-28T08:04:00-04:00,589
2017-10-29T01:24:00-04:00,2017-10-29T08:18:00-04:00,414
2017-10-29T10:29:00-04:00,2017-10-29T10:42:00-04:00,13
2017-10-29T23:16:00-04:00,2017-10-30T07:45:00-04:00,509
2017-10-31T00:15:00-04:00,2017-10-31T06:30:00-04:00,375
2017-10-31T23:46:00-04:00,2017-11-01T05:04:00-04:00,318
2017-11-01T11:30:00-04:00,2017-11-01T12:52:00-04:00,82
2017-11-01T23:32:00-04:00,2017-11-02T07:48:00-04:00,496
2017-11-03T01:30:00-04:00,2017-11-03T07:43:00-04:00,373
2017-11-04T01:25:00-04:00,2017-11-04T08:38:00-04:00,433
2017-11-05T00:30:00-04:00,2017-11-05T10:13:00-05:00,643
2017-11-05T22:00:00-05:00,2017-11-05T22:58:00-05:00,58
2017-11-06T01:30:00-05:00,2017-11-06T07:17:00-05:00,347
2017-11-06T10:31:00-05:00,2017-11-06T11:24:00-05:00,53
2017-11-06T22:15:00-05:00,2017-11-07T01:59:00-05:00,224
2017-11-07T23:06:00-05:00,2017-11-08T05:06:00-05:00,360
2017-11-08T06:45:00-05:00,2017-11-08T07:27:00-05:00,42
2017-11-08T23:15:00-05:00,2017-11-09T07:56:00-05:00,521
2017-11-09T10:45:00-05:00,2017-11-09T11:28:00-05:00,43
2017-11-10T00:46:00-05:00,2017-11-10T06:59:00-05:00,373
2017-11-11T01:02:00-05:00,2017-11-11T07:30:00-05:00,388
2017-11-11T14:52:00-05:00,2017-11-11T15:44:00-05:00,52
2017-11-12T00:37:00-05:00,2017-11-12T08:32:00-05:00,475
2017-11-12T23:24:00-05:00,2017-11-13T03:26:00-05:00,242
2017-11-13T22:05:00-05:00,2017-11-14T05:00:00-05:00,415
2017-11-14T10:16:00-05:00,2017-11-14T10:56:00-05:00,40
2017-11-14T22:50:00-05:00,2017-11-15T05:48:00-05:00,418
2017-11-15T23:16:00-05:00,2017-11-16T06:14:00-05:00,418
2017-11-16T23:15:00-05:00,2017-11-17T06:31:00-05:00,436
2017-11-17T23:00:00-05:00,2017-11-18T09:30:00-05:00,630
2017-11-19T01:15:00-05:00,2017-11-19T07:45:00-05:00,390
2017-11-20T01:02:00-05:00,2017-11-20T07:03:00-05:00,361
2017-11-20T09:59:00-05:00,2017-11-20T11:15:00-05:00,76
2017-11-21T02:00:00-05:00,2017-11-21T07:00:00-05:00,300
2017-11-22T01:02:00-05:00,2017-11-22T07:49:00-05:00,407
2017-11-23T04:33:00-05:00,2017-11-23T08:15:00-05:00,222
2017-11-24T01:45:00-05:00,2017-11-24T09:30:00-05:00,465
2017-11-25T01:16:00-05:00,2017-11-25T07:50:00-05:00,394
2017-11-25T09:32:00-05:00,2017-11-25T10:15:00-05:00,43
2017-11-26T02:47:00-05:00,2017-11-26T05:45:00-05:00,178
2017-11-26T07:16:00-05:00,2017-11-26T08:31:00-05:00,75
2017-11-26T10:33:00-05:00,2017-11-26T12:38:00-05:00,125
2017-11-26T23:35:00-05:00,2017-11-27T07:30:00-05:00,475
2017-11-27T22:32:00-05:00,2017-11-28T06:00:00-05:00,448
2017-11-29T01:19:00-05:00,2017-11-29T07:20:00-05:00,361
2017-11-29T12:03:00-05:00,2017-11-29T12:43:00-05:00,40
2017-11-30T00:22:00-05:00,2017-11-30T06:22:00-05:00,360
2017-11-30T10:54:00-05:00,2017-11-30T12:29:00-05:00,95
2017-11-30T22:21:00-05:00,2017-12-01T06:08:00-05:00,467
2017-12-01T23:59:00-05:00,2017-12-02T07:50:00-05:00,471
2017-12-03T02:02:00-05:00,2017-12-03T08:45:00-05:00,403
2017-12-03T22:17:00-05:00,2017-12-04T05:28:00-05:00,431
2017-12-04T23:38:00-05:00,2017-12-05T06:11:00-05:00,393
2017-12-05T21:19:00-05:00,2017-12-06T06:49:00-05:00,570
2017-12-06T22:33:00-05:00,2017-12-07T06:28:00-05:00,475
2017-12-07T23:10:00-05:00,2017-12-08T06:57:00-05:00,467
2017-12-09T00:47:00-05:00,2017-12-09T07:01:00-05:00,374
2017-12-10T01:18:00-05:00,2017-12-10T08:22:00-05:00,424
2017-12-10T12:15:00-05:00,2017-12-10T13:08:00-05:00,53
2017-12-10T21:52:00-05:00,2017-12-11T07:48:00-05:00,596
2017-12-11T23:10:00-05:00,2017-12-12T06:29:00-05:00,439
2017-12-13T01:40:00-05:00,2017-12-13T05:03:00-05:00,203
2017-12-13T10:20:00-05:00,2017-12-13T11:45:00-05:00,85
2017-12-13T22:54:00-05:00,2017-12-14T07:32:00-05:00,518
2017-12-14T13:40:00-05:00,2017-12-14T14:07:00-05:00,27
2017-12-14T22:30:00-05:00,2017-12-15T05:56:00-05:00,446
2017-12-16T01:45:00-05:00,2017-12-16T08:47:00-05:00,422
2017-12-16T12:38:00-05:00,2017-12-16T13:59:00-05:00,81
2017-12-16T23:01:00-05:00,2017-12-17T06:44:00-05:00,463
2017-12-17T23:30:00-05:00,2017-12-18T07:45:00-05:00,495
2017-12-18T15:54:00-05:00,2017-12-18T15:56:00-05:00,2
2017-12-19T00:57:00-05:00,2017-12-19T07:56:00-05:00,419
2017-12-20T01:06:00-05:00,2017-12-20T12:30:00-05:00,684
2017-12-20T23:15:00-05:00,2017-12-21T05:11:00-05:00,356
2017-12-21T23:37:00-05:00,2017-12-22T08:34:00-05:00,537
2017-12-23T01:13:00-05:00,2017-12-23T08:46:00-05:00,453
2017-12-24T00:45:00-05:00,2017-12-24T07:30:00-05:00,405
2017-12-24T14:45:00-05:00,2017-12-24T15:31:00-05:00,46
2017-12-25T03:33:00-05:00,2017-12-25T12:16:00-05:00,523
2017-12-26T00:26:00-05:00,2017-12-26T08:01:00-05:00,455
2017-12-27T01:42:00-05:00,2017-12-27T08:59:00-05:00,437
2017-12-28T00:10:00-05:00,2017-12-28T07:32:00-05:00,442
2017-12-29T02:11:00-05:00,2017-12-29T08:05:00-05:00,354
2017-12-29T15:14:00-05:00,2017-12-29T18:15:00-05:00,181
2017-12-30T02:27:00-05:00,2017-12-30T08:41:00-05:00,374
2017-12-31T00:52:00-05:00,2017-12-31T09:36:00-05:00,524
2017-12-31T15:46:00-05:00,2017-12-31T16:50:00-05:00,64
2018-01-01T02:45:00-05:00,2018-01-01T10:45:00-05:00,480
2018-01-01T23:29:00-05:00,2018-01-02T07:46:00-05:00,497
2018-01-03T01:14:00-05:00,2018-01-03T07:57:00-05:00,403
2018-01-03T12:31:00-05:00,2018-01-03T13:20:00-05:00,49
2018-01-03T21:09:00-05:00,2018-01-04T07:52:00-05:00,643
2018-01-04T22:55:00-05:00,2018-01-05T08:12:00-05:00,557
2018-01-05T23:00:00-05:00,2018-01-06T06:56:00-05:00,476
2018-01-07T00:26:00-05:00,2018-01-07T08:00:00-05:00,454
2018-01-07T23:56:00-05:00,2018-01-08T07:26:00-05:00,450
2018-01-08T23:16:00-05:00,2018-01-09T06:58:00-05:00,462
2018-01-09T23:22:00-05:00,2018-01-10T10:41:00-05:00,679
2018-01-10T23:00:00-05:00,2018-01-11T06:14:00-05:00,434
2018-01-11T23:30:00-05:00,2018-01-12T07:43:00-05:00,493
2018-01-12T15:15:00-05:00,2018-01-12T15:41:00-05:00,26
2018-01-13T01:15:00-05:00,2018-01-13T02:50:00-05:00,95
2018-01-13T09:26:00-05:00,2018-01-13T09:43:00-05:00,17
2018-01-14T00:52:00-05:00,2018-01-14T11:43:00-05:00,651
2018-01-15T01:33:00-05:00,2018-01-15T11:22:00-05:00,589
2018-01-15T23:36:00-05:00,2018-01-16T08:02:00-05:00,506
2018-01-16T16:58:00-05:00,2018-01-16T17:27:00-05:00,29
2018-01-17T00:00:00-05:00,2018-01-17T08:41:00-05:00,521
2018-01-17T22:43:00-05:00,2018-01-18T07:33:00-05:00,530
2018-01-18T13:00:00-05:00,2018-01-18T13:42:00-05:00,42
2018-01-19T00:19:00-05:00,2018-01-19T07:31:00-05:00,432
2018-01-19T13:55:00-05:00,2018-01-19T15:13:00-05:00,78
2018-01-21T00:15:00-05:00,2018-01-21T10:44:00-05:00,629
2018-01-21T22:58:00-05:00,2018-01-22T05:11:00-05:00,373
2018-01-22T13:30:00-05:00,2018-01-22T14:30:00-05:00,60
2018-01-23T00:19:00-05:00,2018-01-23T07:31:00-05:00,432
2018-01-23T22:45:00-05:00,2018-01-24T10:50:00-05:00,725
2018-01-24T23:15:00-05:00,2018-01-25T01:15:00-05:00,120
2018-01-26T01:54:00-05:00,2018-01-26T09:01:00-05:00,427
2018-01-26T23:31:00-05:00,2018-01-27T08:33:00-05:00,542
2018-01-27T13:30:00-05:00,2018-01-27T15:26:00-05:00,116
2018-01-28T00:06:00-05:00,2018-01-28T11:58:00-05:00,712
2018-01-28T22:30:00-05:00,2018-01-29T08:15:00-05:00,585
2018-01-29T23:45:00-05:00,2018-01-30T05:00:00-05:00,315
2018-01-30T22:31:00-05:00,2018-01-31T08:05:00-05:00,574
2018-01-31T22:00:00-05:00,2018-02-01T07:27:00-05:00,567
2018-02-01T23:01:00-05:00,2018-02-02T05:45:00-05:00,404
2018-02-02T11:30:00-05:00,2018-02-02T13:28:00-05:00,118
2018-02-03T00:02:00-05:00,2018-02-03T07:59:00-05:00,477
2018-02-03T23:45:00-05:00,2018-02-04T09:29:00-05:00,584
2018-02-05T22:44:00-05:00,2018-02-06T06:01:00-05:00,437
2018-02-06T22:30:00-05:00,2018-02-07T06:44:00-05:00,494
2018-02-07T14:30:00-05:00,2018-02-07T14:59:00-05:00,29
2018-02-07T22:21:00-05:00,2018-02-08T05:20:00-05:00,419
2018-02-08T11:43:00-05:00,2018-02-08T11:59:00-05:00,16
2018-02-08T22:15:00-05:00,2018-02-09T07:01:00-05:00,526
2018-02-09T22:45:00-05:00,2018-02-10T08:16:00-05:00,571
2018-02-11T02:13:00-05:00,2018-02-11T12:58:00-05:00,645
2018-02-11T22:39:00-05:00,2018-02-12T11:28:00-05:00,769
2018-02-12T23:15:00-05:00,2018-02-13T06:41:00-05:00,446
2018-02-13T11:00:00-05:00,2018-02-13T12:15:00-05:00,75
2018-02-13T22:59:00-05:00,2018-02-14T11:13:00-05:00,734
2018-02-14T17:45:00-05:00,2018-02-14T18:30:00-05:00,45
2018-02-14T23:32:00-05:00,2018-02-15T07:29:00-05:00,477
2018-02-16T00:35:00-05:00,2018-02-16T11:12:00-05:00,637
2018-02-17T01:34:00-05:00,2018-02-17T09:46:00-05:00,492
2018-02-18T01:21:00-05:00,2018-02-18T12:43:00-05:00,682
2018-02-19T01:54:00-05:00,2018-02-19T13:29:00-05:00,695
2018-02-20T00:14:00-05:00,2018-02-20T10:31:00-05:00,617
2018-02-20T17:01:00-05:00,2018-02-20T17:35:00-05:00,34
2018-02-21T01:16:00-05:00,2018-02-21T12:15:00-05:00,659
2018-02-21T22:44:00-05:00,2018-02-22T07:30:00-05:00,526
2018-02-23T01:57:00-05:00,2018-02-23T07:48:00-05:00,351
2018-02-24T01:12:00-05:00,2018-02-24T10:51:00-05:00,579
2018-02-24T16:30:00-05:00,2018-02-24T17:30:00-05:00,60
2018-02-25T00:30:00-05:00,2018-02-25T09:01:00-05:00,511
2018-02-26T01:52:00-05:00,2018-02-26T12:29:00-05:00,637
2018-02-26T23:45:00-05:00,2018-02-27T07:01:00-05:00,436
2018-02-28T01:04:00-05:00,2018-02-28T07:50:00-05:00,406
2018-02-28T14:08:00-05:00,2018-02-28T14:50:00-05:00,42
2018-03-01T00:30:00-05:00,2018-03-01T04:45:00-05:00,255
2018-03-02T00:15:00-05:00,2018-03-02T11:14:00-05:00,659
2018-03-03T00:37:00-05:00,2018-03-03T13:37:00-05:00,780
2018-03-04T01:45:00-05:00,2018-03-04T09:43:00-05:00,478
2018-03-05T00:01:00-05:00,2018-03-05T11:30:00-05:00,689
2018-03-06T01:30:00-05:00,2018-03-06T05:57:00-05:00,267
2018-03-06T22:13:00-05:00,2018-03-07T11:08:00-05:00,775
2018-03-08T00:00:00-05:00,2018-03-08T08:15:00-05:00,495
2018-03-09T00:40:00-05:00,2018-03-09T08:20:00-05:00,460
2018-03-09T13:56:00-05:00,2018-03-09T15:11:00-05:00,75
2018-03-09T23:59:00-05:00,2018-03-10T09:43:00-05:00,584
2018-03-11T03:04:00-04:00,2018-03-11T11:00:00-04:00,476
2018-03-11T21:47:00-04:00,2018-03-12T11:19:00-04:00,812
2018-03-12T22:16:00-04:00,2018-03-13T11:00:00-04:00,764
2018-03-14T01:37:00-04:00,2018-03-14T11:42:00-04:00,605
2018-03-15T01:15:00-04:00,2018-03-15T12:14:00-04:00,659
2018-03-16T01:28:00-04:00,2018-03-16T08:20:00-04:00,412
2018-03-17T00:30:00-04:00,2018-03-17T10:15:00-04:00,585
2018-03-17T22:00:00-04:00,2018-03-18T05:45:00-04:00,465
2018-03-19T01:30:00-04:00,2018-03-19T11:04:00-04:00,574
2018-03-20T00:30:00-04:00,2018-03-20T12:48:00-04:00,738
2018-03-20T21:12:00-04:00,2018-03-21T05:44:00-04:00,512
2018-03-21T12:54:00-04:00,2018-03-21T14:42:00-04:00,108
2018-03-21T23:15:00-04:00,2018-03-22T06:49:00-04:00,454
2018-03-23T00:15:00-04:00,2018-03-23T08:29:00-04:00,494
2018-03-23T23:45:00-04:00,2018-03-24T09:14:00-04:00,569
2018-03-25T01:23:00-04:00,2018-03-25T08:14:00-04:00,411
2018-03-25T23:15:00-04:00,2018-03-26T08:43:00-04:00,568
2018-03-27T00:00:00-04:00,2018-03-27T08:34:00-04:00,514
2018-03-27T13:00:00-04:00,2018-03-27T15:08:00-04:00,128
2018-03-27T22:00:00-04:00,2018-03-28T06:28:00-04:00,508
2018-03-28T15:57:00-04:00,2018-03-28T17:21:00-04:00,84
2018-03-29T00:29:00-04:00,2018-03-29T07:00:00-04:00,391
2018-03-29T11:38:00-04:00,2018-03-29T12:13:00-04:00,35
2018-03-30T01:56:00-04:00,2018-03-30T10:59:00-04:00,543
2018-03-31T00:57:00-04:00,2018-03-31T14:29:00-04:00,812
2018-04-01T01:44:00-04:00,2018-04-01T09:31:00-04:00,467
2018-04-01T21:45:00-04:00,2018-04-02T11:14:00-04:00,809
2018-04-02T23:59:00-04:00,2018-04-03T07:49:00-04:00,470
2018-04-03T13:00:00-04:00,2018-04-03T13:56:00-04:00,56
2018-04-04T00:14:00-04:00,2018-04-04T09:14:00-04:00,540
2018-04-04T13:45:00-04:00,2018-04-04T14:16:00-04:00,31
2018-04-04T21:44:00-04:00,2018-04-05T07:17:00-04:00,573
2018-04-05T23:00:00-04:00,2018-04-06T06:28:00-04:00,448
2018-04-06T10:51:00-04:00,2018-04-06T11:30:00-04:00,39
2018-04-07T00:11:00-04:00,2018-04-07T09:30:00-04:00,559
2018-04-08T01:15:00-04:00,2018-04-08T12:29:00-04:00,674
2018-04-08T17:29:00-04:00,2018-04-08T18:15:00-04:00,46
2018-04-09T00:45:00-04:00,2018-04-09T10:42:00-04:00,597
2018-04-10T00:16:00-04:00,2018-04-10T11:45:00-04:00,689
2018-04-11T00:57:00-04:00,2018-04-11T12:00:00-04:00,663
2018-04-12T00:39:00-04:00,2018-04-12T11:20:00-04:00,641
2018-04-12T22:30:00-04:00,2018-04-13T08:56:00-04:00,626
2018-04-13T14:45:00-04:00,2018-04-13T15:28:00-04:00,43
2018-04-14T00:30:00-04:00,2018-04-14T11:16:00-04:00,646
2018-04-14T16:42:00-04:00,2018-04-14T17:32:00-04:00,50
2018-04-15T01:43:00-04:00,2018-04-15T11:28:00-04:00,585
2018-04-15T23:30:00-04:00,2018-04-16T05:59:00-04:00,389
2018-04-16T11:16:00-04:00,2018-04-16T12:29:00-04:00,73
2018-04-16T23:40:00-04:00,2018-04-17T07:45:00-04:00,485
2018-04-18T00:00:00-04:00,2018-04-18T07:44:00-04:00,464
2018-04-18T15:30:00-04:00,2018-04-18T16:29:00-04:00,59
2018-04-19T00:45:00-04:00,2018-04-19T11:44:00-04:00,659
2018-04-20T00:13:00-04:00,2018-04-20T07:18:00-04:00,425
2018-04-20T23:56:00-04:00,2018-04-21T09:45:00-04:00,589
2018-04-22T02:15:00-04:00,2018-04-22T13:14:00-04:00,659
2018-04-23T00:31:00-04:00,2018-04-23T07:33:00-04:00,422
2018-04-23T16:46:00-04:00,2018-04-23T17:12:00-04:00,26
2018-04-24T01:28:00-04:00,2018-04-24T07:59:00-04:00,391
2018-04-25T00:48:00-04:00,2018-04-25T12:58:00-04:00,730
2018-04-26T01:22:00-04:00,2018-04-26T12:19:00-04:00,657
2018-04-27T00:27:00-04:00,2018-04-27T06:47:00-04:00,380
2018-04-27T23:12:00-04:00,2018-04-28T12:27:00-04:00,795
2018-04-29T02:30:00-04:00,2018-04-29T12:14:00-04:00,584
2018-04-30T01:45:00-04:00,2018-04-30T07:32:00-04:00,347
2018-05-01T00:15:00-04:00,2018-05-01T06:59:00-04:00,404
2018-05-02T01:43:00-04:00,2018-05-02T14:22:00-04:00,759
2018-05-03T00:15:00-04:00,2018-05-03T12:02:00-04:00,707
2018-05-04T00:00:00-04:00,2018-05-04T11:44:00-04:00,704
2018-05-04T23:15:00-04:00,2018-05-05T11:05:00-04:00,710
2018-05-06T01:00:00-04:00,2018-05-06T09:00:00-04:00,480
2018-05-06T22:28:00-04:00,2018-05-07T11:58:00-04:00,810
2018-05-07T22:59:00-04:00,2018-05-08T11:49:00-04:00,770
2018-05-08T23:40:00-04:00,2018-05-09T10:53:00-04:00,673
2018-05-09T22:26:00-04:00,2018-05-10T08:03:00-04:00,577
2018-05-11T00:30:00-04:00,2018-05-11T10:43:00-04:00,613
2018-05-12T02:15:00-04:00,2018-05-12T08:47:00-04:00,392
2018-05-13T00:47:00-04:00,2018-05-13T10:32:00-04:00,585
2018-05-13T16:36:00-04:00,2018-05-13T17:06:00-04:00,30
2018-05-14T00:31:00-04:00,2018-05-14T06:34:00-04:00,363
2018-05-14T23:45:00-04:00,2018-05-15T10:59:00-04:00,674
2018-05-15T23:15:00-04:00,2018-05-16T11:13:00-04:00,718
2018-05-17T00:30:00-04:00,2018-05-17T07:29:00-04:00,419
2018-05-17T23:01:00-04:00,2018-05-18T10:31:00-04:00,690
2018-05-19T00:59:00-04:00,2018-05-19T10:29:00-04:00,570
2018-05-19T16:31:00-04:00,2018-05-19T17:15:00-04:00,44
2018-05-20T01:34:00-04:00,2018-05-20T12:43:00-04:00,669
2018-05-20T23:47:00-04:00,2018-05-21T11:28:00-04:00,701
2018-05-22T00:15:00-04:00,2018-05-22T05:27:00-04:00,312
2018-05-22T11:00:00-04:00,2018-05-22T11:45:00-04:00,45
2018-05-23T00:58:00-04:00,2018-05-23T12:18:00-04:00,680
2018-05-23T22:30:00-04:00,2018-05-24T08:30:00-04:00,600
2018-05-25T00:43:00-04:00,2018-05-25T11:42:00-04:00,659
2018-05-26T00:56:00-04:00,2018-05-26T13:03:00-04:00,727
2018-05-27T02:06:00-04:00,2018-05-27T11:30:00-04:00,564
2018-05-28T00:15:00-04:00,2018-05-28T09:11:00-04:00,536
2018-05-29T00:45:00-04:00,2018-05-29T11:11:00-04:00,626
2018-05-30T00:47:00-04:00,2018-05-30T06:13:00-04:00,326
2018-05-30T13:46:00-04:00,2018-05-30T14:14:00-04:00,28
2018-05-30T22:30:00-04:00,2018-05-31T07:02:00-04:00,512
2018-05-31T23:30:00-04:00,2018-06-01T11:34:00-04:00,724
2018-06-02T00:27:00-04:00,2018-06-02T11:28:00-04:00,661
2018-06-03T01:30:00-04:00,2018-06-03T12:35:00-04:00,665
2018-06-03T23:56:32-04:00,2018-06-04T05:34:00-04:00,337.458
2018-06-04T23:35:53-04:00,2018-06-05T06:00:00-04:00,384.116
2018-06-05T14:50:00-04:00,2018-06-05T15:43:00-04:00,53
2018-06-06T01:15:00-04:00,2018-06-06T11:57:00-04:00,642
2018-06-07T01:54:41-04:00,2018-06-07T09:45:00-04:00,470.311
2018-06-07T23:48:00-04:00,2018-06-08T09:34:00-04:00,586
2018-06-09T01:31:00-04:00,2018-06-09T12:58:00-04:00,687
2018-06-10T00:54:13-04:00,2018-06-10T08:48:00-04:00,473.768
2018-06-11T02:15:00-04:00,2018-06-11T06:31:00-04:00,256
2018-06-12T00:06:00-04:00,2018-06-12T10:59:00-04:00,653
2018-06-12T23:34:57-04:00,2018-06-13T09:30:00-04:00,595.034
2018-06-14T01:30:21-04:00,2018-06-14T12:30:00-04:00,659.646
2018-06-14T21:36:09-04:00,2018-06-15T10:43:00-04:00,786.846
2018-06-16T01:05:00-04:00,2018-06-16T12:45:00-04:00,700
2018-06-17T01:00:00-04:00,2018-06-17T09:14:00-04:00,494
2018-06-18T02:01:00-04:00,2018-06-18T12:11:00-04:00,610
2018-06-19T01:31:00-04:00,2018-06-19T06:58:00-04:00,327
2018-06-19T11:00:00-04:00,2018-06-19T11:48:00-04:00,48
2018-06-20T00:56:50-04:00,2018-06-20T08:01:00-04:00,424.16
2018-06-21T00:10:31-04:00,2018-06-21T12:44:00-04:00,753.471
2018-06-22T01:00:00-04:00,2018-06-22T08:28:00-04:00,448
2018-06-22T23:18:19-04:00,2018-06-23T13:43:00-04:00,864.67
2018-06-24T00:25:00-04:00,2018-06-24T14:44:00-04:00,859
2018-06-24T22:42:22-04:00,2018-06-25T07:58:00-04:00,555.619
2018-06-25T17:56:00-04:00,2018-06-25T19:59:00-04:00,123
2018-06-25T23:51:16-04:00,2018-06-26T07:31:00-04:00,459.724
2018-06-27T04:28:00-04:00,2018-06-27T10:27:00-04:00,359
2018-06-27T23:51:00-04:00,2018-06-28T07:13:00-04:00,442
2018-06-28T11:31:00-04:00,2018-06-28T12:44:00-04:00,73
2018-06-29T01:23:00-04:00,2018-06-29T15:00:00-04:00,817
2018-06-30T00:32:00-04:00,2018-06-30T08:44:00-04:00,492
2018-06-30T23:45:00-04:00,2018-07-01T08:11:00-04:00,506
2018-07-01T23:57:07-04:00,2018-07-02T07:28:00-04:00,450.869
2018-07-02T13:52:00-04:00,2018-07-02T14:42:00-04:00,50
2018-07-03T00:58:00-04:00,2018-07-03T08:14:00-04:00,436
2018-07-04T00:32:00-04:00,2018-07-04T10:57:00-04:00,625
2018-07-05T02:30:00-04:00,2018-07-05T10:03:00-04:00,453
2018-07-06T01:55:00-04:00,2018-07-06T08:12:00-04:00,377
2018-07-07T02:10:00-04:00,2018-07-07T09:31:00-04:00,441
2018-07-08T02:45:00-04:00,2018-07-08T10:31:00-04:00,466
2018-07-08T21:52:24-04:00,2018-07-09T07:58:00-04:00,605.586
2018-07-09T12:29:00-04:00,2018-07-09T13:13:00-04:00,44
2018-07-10T00:07:25-04:00,2018-07-10T08:03:00-04:00,475.567
2018-07-11T00:14:00-04:00,2018-07-11T08:44:00-04:00,510
2018-07-12T02:09:00-04:00,2018-07-12T11:51:00-04:00,582
2018-07-13T01:18:00-04:00,2018-07-13T08:01:00-04:00,403
2018-07-14T00:29:00-04:00,2018-07-14T12:46:00-04:00,737
2018-07-15T04:44:00-04:00,2018-07-15T07:31:00-04:00,167
2018-07-15T23:43:57-04:00,2018-07-16T08:09:00-04:00,505.036
2018-07-16T15:10:00-04:00,2018-07-16T15:44:00-04:00,34
2018-07-16T22:07:25-04:00,2018-07-17T07:12:00-04:00,544.571
2018-07-18T01:14:00-04:00,2018-07-18T13:00:00-04:00,706
2018-07-18T23:14:09-04:00,2018-07-19T11:27:00-04:00,732.849
2018-07-20T01:15:00-04:00,2018-07-20T08:45:00-04:00,450
2018-07-21T00:45:00-04:00,2018-07-21T07:45:00-04:00,420
2018-07-21T15:45:00-04:00,2018-07-21T16:00:00-04:00,15
2018-07-22T02:00:00-04:00,2018-07-22T11:43:00-04:00,583
2018-07-23T01:14:44-04:00,2018-07-23T08:15:00-04:00,420.265
2018-07-24T01:15:00-04:00,2018-07-24T11:02:00-04:00,587
2018-07-25T02:30:00-04:00,2018-07-25T08:32:00-04:00,362
2018-07-26T00:45:00-04:00,2018-07-26T11:29:00-04:00,644
2018-07-26T22:58:00-04:00,2018-07-27T10:15:00-04:00,677
2018-07-28T02:30:00-04:00,2018-07-28T09:50:00-04:00,440
2018-07-29T00:45:00-04:00,2018-07-29T10:31:00-04:00,586
2018-07-29T23:43:06-04:00,2018-07-30T07:03:00-04:00,439.888
2018-07-30T13:29:00-04:00,2018-07-30T15:01:00-04:00,92
2018-07-30T23:16:44-04:00,2018-07-31T05:30:00-04:00,373.254
2018-07-31T09:39:00-04:00,2018-07-31T10:05:00-04:00,26
2018-08-01T00:46:00-04:00,2018-08-01T10:46:00-04:00,600
2018-08-02T01:15:00-04:00,2018-08-02T10:45:00-04:00,570
2018-08-03T00:17:00-04:00,2018-08-03T08:03:00-04:00,466
2018-08-04T02:00:00-04:00,2018-08-04T09:57:00-04:00,477
2018-08-05T01:30:00-04:00,2018-08-05T11:24:00-04:00,594
2018-08-06T00:59:00-04:00,2018-08-06T07:58:00-04:00,419
2018-08-06T22:45:00-04:00,2018-08-07T07:30:00-04:00,525
2018-08-07T16:00:00-04:00,2018-08-07T16:30:00-04:00,30
2018-08-08T00:42:00-04:00,2018-08-08T07:29:00-04:00,407
2018-08-08T11:59:00-04:00,2018-08-08T12:43:00-04:00,44
2018-08-09T00:15:00-04:00,2018-08-09T07:12:00-04:00,417
2018-08-09T14:29:00-04:00,2018-08-09T14:59:00-04:00,30
2018-08-09T22:27:22-04:00,2018-08-10T07:42:00-04:00,554.633
2018-08-10T11:45:00-04:00,2018-08-10T13:41:00-04:00,116
2018-08-11T03:45:00-04:00,2018-08-11T12:58:00-04:00,553
2018-08-12T00:14:00-04:00,2018-08-12T09:58:00-04:00,584
2018-08-13T01:42:00-04:00,2018-08-13T06:59:00-04:00,317
2018-08-13T11:30:00-04:00,2018-08-13T13:31:00-04:00,121
2018-08-13T22:17:45-04:00,2018-08-14T07:04:00-04:00,526.237
2018-08-15T01:30:00-04:00,2018-08-15T12:29:00-04:00,659
2018-08-15T23:06:09-04:00,2018-08-16T08:15:00-04:00,548.845
2018-08-16T23:30:00-04:00,2018-08-17T08:34:00-04:00,544
2018-08-17T14:14:00-04:00,2018-08-17T15:32:00-04:00,78
2018-08-18T00:29:00-04:00,2018-08-18T11:42:00-04:00,673
2018-08-19T01:14:00-04:00,2018-08-19T10:12:00-04:00,538
2018-08-19T22:05:24-04:00,2018-08-20T07:13:00-04:00,547.595
2018-08-20T11:32:00-04:00,2018-08-20T13:00:00-04:00,88
2018-08-20T22:13:31-04:00,2018-08-21T11:34:00-04:00,800.473
2018-08-21T22:26:54-04:00,2018-08-22T07:36:00-04:00,549.093
2018-08-22T11:45:00-04:00,2018-08-22T12:47:00-04:00,62
2018-08-22T22:35:36-04:00,2018-08-23T07:28:00-04:00,532.392
2018-08-23T22:43:59-04:00,2018-08-24T08:01:00-04:00,557.012
2018-08-25T00:15:00-04:00,2018-08-25T10:14:00-04:00,599
2018-08-25T16:20:00-04:00,2018-08-25T17:00:00-04:00,40
2018-08-26T02:30:00-04:00,2018-08-26T17:00:00-04:00,870
2018-08-27T01:01:00-04:00,2018-08-27T12:46:00-04:00,705
2018-08-27T23:55:00-04:00,2018-08-28T07:46:00-04:00,470.993
2018-08-29T01:10:00-04:00,2018-08-29T08:14:00-04:00,424
2018-08-30T02:15:00-04:00,2018-08-30T09:29:00-04:00,434
2018-08-30T21:57:00-04:00,2018-08-31T13:14:00-04:00,917
2018-09-01T02:30:00-04:00,2018-09-01T11:41:00-04:00,551
2018-09-02T00:59:00-04:00,2018-09-02T14:15:00-04:00,796
2018-09-03T00:30:00-04:00,2018-09-03T10:32:00-04:00,602
2018-09-04T04:31:00-04:00,2018-09-04T10:42:00-04:00,371
2018-09-05T00:35:27-04:00,2018-09-05T07:44:00-04:00,428.54
2018-09-05T22:58:10-04:00,2018-09-06T06:26:00-04:00,447.823
2018-09-06T11:45:00-04:00,2018-09-06T11:59:00-04:00,14
2018-09-06T22:47:00-04:00,2018-09-07T10:48:00-04:00,721
2018-09-08T01:34:00-04:00,2018-09-08T08:59:00-04:00,445
2018-09-10T11:01:00-04:00,2018-09-10T12:50:00-04:00,109
2018-09-10T22:37:20-04:00,2018-09-11T06:27:00-04:00,469.661
2018-09-11T22:39:47-04:00,2018-09-12T11:29:00-04:00,769.211
2018-09-12T23:12:11-04:00,2018-09-13T12:12:00-04:00,779.816
2018-09-13T23:36:00-04:00,2018-09-14T11:12:00-04:00,696
2018-09-15T00:27:55-04:00,2018-09-15T07:44:00-04:00,436.073
2018-09-15T15:45:00-04:00,2018-09-15T17:30:00-04:00,105
2018-09-16T00:15:00-04:00,2018-09-16T07:27:00-04:00,432
2018-09-16T21:29:13-04:00,2018-09-17T06:43:00-04:00,553.78
2018-09-17T21:30:38-04:00,2018-09-18T11:32:00-04:00,841.355
2018-09-18T22:52:00-04:00,2018-09-19T10:30:00-04:00,698
2018-09-20T00:23:00-04:00,2018-09-20T07:00:00-04:00,397
2018-09-20T11:22:00-04:00,2018-09-20T11:57:00-04:00,35
2018-09-20T22:47:41-04:00,2018-09-21T05:15:00-04:00,387.305
2018-09-22T01:41:00-04:00,2018-09-22T08:01:00-04:00,380
2018-09-23T23:26:00-04:00,2018-09-23T23:45:00-04:00,19
2018-09-24T08:40:00-04:00,2018-09-24T12:00:00-04:00,200
2018-09-24T17:23:00-04:00,2018-09-24T22:33:00-04:00,310
2018-09-25T10:25:00-04:00,2018-09-25T11:01:00-04:00,36
2018-09-25T14:40:00-04:00,2018-09-25T21:42:00-04:00,422
2018-09-26T10:45:00-04:00,2018-09-26T11:14:00-04:00,29
2018-09-26T15:05:00-04:00,2018-09-26T22:19:00-04:00,434
2018-09-27T16:56:00-04:00,2018-09-27T21:31:00-04:00,275
2018-09-28T14:00:00-04:00,2018-09-28T23:45:00-04:00,585
2018-09-29T14:12:00-04:00,2018-09-29T23:13:00-04:00,541
2018-09-30T14:00:00-04:00,2018-10-01T01:00:00-04:00,660
2018-10-01T13:30:00-04:00,2018-10-01T13:45:00-04:00,15
2018-10-01T17:59:00-04:00,2018-10-01T23:58:00-04:00,359
2018-10-02T16:01:00-04:00,2018-10-03T05:14:00-04:00,793
2018-10-03T21:06:00-04:00,2018-10-04T00:56:00-04:00,230
2018-10-04T14:43:00-04:00,2018-10-04T20:59:59-04:00,376.983
2018-10-04T21:10:00-04:00,2018-10-04T23:43:00-04:00,153
2018-10-06T04:45:00-04:00,2018-10-06T06:00:00-04:00,75
2018-10-06T19:00:00-04:00,2018-10-06T19:15:00-04:00,15
2018-10-06T21:00:00-04:00,2018-10-07T08:00:00-04:00,660
2018-10-07T21:08:00-04:00,2018-10-08T08:05:00-04:00,657
2018-10-08T16:57:00-04:00,2018-10-08T17:27:00-04:00,30
2018-10-08T22:15:00-04:00,2018-10-09T08:12:00-04:00,597
2018-10-09T22:48:00-04:00,2018-10-10T06:59:00-04:00,491
2018-10-11T00:29:00-04:00,2018-10-11T08:14:00-04:00,465
2018-10-11T14:38:00-04:00,2018-10-11T16:15:00-04:00,97
2018-10-11T22:21:16-04:00,2018-10-12T08:58:00-04:00,636.719
2018-10-12T16:59:00-04:00,2018-10-12T18:05:00-04:00,66
2018-10-13T00:24:00-04:00,2018-10-13T07:58:00-04:00,454
2018-10-14T01:28:00-04:00,2018-10-14T11:56:00-04:00,628
2018-10-15T01:29:19-04:00,2018-10-15T13:23:00-04:00,713.682
2018-10-15T22:58:56-04:00,2018-10-16T11:59:00-04:00,780.067
2018-10-16T23:32:48-04:00,2018-10-17T09:59:00-04:00,626.188
2018-10-18T00:55:00-04:00,2018-10-18T10:59:00-04:00,604
2018-10-19T01:43:00-04:00,2018-10-19T05:31:00-04:00,228
2018-10-19T11:12:00-04:00,2018-10-19T12:29:00-04:00,77
2018-10-19T23:33:37-04:00,2018-10-20T06:30:00-04:00,416.377
2018-10-20T13:24:00-04:00,2018-10-20T15:28:00-04:00,124
2018-10-21T01:34:00-04:00,2018-10-21T10:15:00-04:00,521
2018-10-21T23:29:09-04:00,2018-10-22T08:00:00-04:00,510.841
2018-10-22T16:51:00-04:00,2018-10-22T17:33:00-04:00,42
2018-10-23T01:15:19-04:00,2018-10-23T10:30:00-04:00,554.677
2018-10-23T22:25:28-04:00,2018-10-24T12:16:00-04:00,830.519
2018-10-24T21:58:17-04:00,2018-10-25T11:45:00-04:00,826.706
2018-10-26T00:58:00-04:00,2018-10-26T11:43:00-04:00,645
2018-10-27T01:40:00-04:00,2018-10-27T11:12:00-04:00,572
2018-10-28T00:32:00-04:00,2018-10-28T10:22:00-04:00,590
2018-10-29T01:08:29-04:00,2018-10-29T07:50:00-04:00,401.515
2018-10-29T21:45:00-04:00,2018-10-30T08:14:00-04:00,629
2018-10-31T03:30:00-04:00,2018-10-31T12:29:00-04:00,539
2018-11-01T00:12:00-04:00,2018-11-01T08:28:00-04:00,496
2018-11-02T00:20:00-04:00,2018-11-02T12:27:00-04:00,727
2018-11-03T00:55:00-04:00,2018-11-03T10:12:00-04:00,557
2018-11-04T00:30:25-04:00,2018-11-04T10:29:00-05:00,658.576
2018-11-04T21:31:59-05:00,2018-11-05T12:00:00-05:00,868.005
2018-11-06T02:46:00-05:00,2018-11-06T14:31:00-05:00,705
2018-11-06T22:25:32-05:00,2018-11-07T07:32:00-05:00,546.458
2018-11-08T00:05:00-05:00,2018-11-08T12:13:00-05:00,728
2018-11-08T23:01:47-05:00,2018-11-09T07:31:00-05:00,509.202
2018-11-10T02:15:00-05:00,2018-11-10T10:42:00-05:00,507
2018-11-11T03:11:00-05:00,2018-11-11T12:51:00-05:00,580
2018-11-11T23:21:46-05:00,2018-11-12T07:58:00-05:00,516.227
2018-11-12T21:50:45-05:00,2018-11-13T07:48:00-05:00,597.242
2018-11-13T23:12:25-05:00,2018-11-14T07:59:00-05:00,526.577
2018-11-14T23:27:08-05:00,2018-11-15T11:14:00-05:00,706.856
2018-11-16T01:45:00-05:00,2018-11-16T12:15:00-05:00,630
2018-11-17T02:30:00-05:00,2018-11-17T09:11:00-05:00,401
2018-11-18T00:24:00-05:00,2018-11-18T10:31:00-05:00,607
2018-11-18T23:58:00-05:00,2018-11-19T10:18:00-05:00,620
2018-11-20T00:58:00-05:00,2018-11-20T08:06:00-05:00,428
2018-11-21T02:36:00-05:00,2018-11-21T09:06:00-05:00,390
2018-11-22T03:09:00-05:00,2018-11-22T08:58:00-05:00,349
2018-11-23T01:15:00-05:00,2018-11-23T10:41:00-05:00,566
2018-11-24T03:00:00-05:00,2018-11-24T10:00:00-05:00,420
2018-11-25T02:42:00-05:00,2018-11-25T10:28:00-05:00,466
2018-11-25T23:16:44-05:00,2018-11-26T08:30:00-05:00,553.26
2018-11-27T00:31:48-05:00,2018-11-27T08:02:00-05:00,450.197
2018-11-28T00:39:30-05:00,2018-11-28T08:13:00-05:00,453.494
2018-11-29T00:54:24-05:00,2018-11-29T08:29:00-05:00,454.59
2018-11-30T00:43:00-05:00,2018-11-30T08:35:00-05:00,472
2018-11-30T22:42:05-05:00,2018-12-01T08:30:00-05:00,587.906
2018-12-01T13:26:00-05:00,2018-12-01T14:00:00-05:00,34
2018-12-02T02:39:00-05:00,2018-12-02T13:14:00-05:00,635
2018-12-03T01:31:00-05:00,2018-12-03T11:59:00-05:00,628
2018-12-03T22:30:38-05:00,2018-12-04T08:01:00-05:00,570.352
2018-12-04T13:19:00-05:00,2018-12-04T14:08:00-05:00,49
2018-12-04T22:02:10-05:00,2018-12-05T04:31:00-05:00,388.819
2018-12-05T22:40:24-05:00,2018-12-06T12:27:00-05:00,826.583
2018-12-06T22:13:07-05:00,2018-12-07T07:30:00-05:00,556.875
2018-12-08T02:22:00-05:00,2018-12-08T08:29:00-05:00,367
2018-12-09T00:50:00-05:00,2018-12-09T10:01:00-05:00,551
2018-12-10T00:15:00-05:00,2018-12-10T08:03:00-05:00,468
2018-12-10T13:59:00-05:00,2018-12-10T15:01:00-05:00,62
2018-12-11T00:00:00-05:00,2018-12-11T08:20:00-05:00,500
2018-12-12T00:32:33-05:00,2018-12-12T11:29:00-05:00,656.443
2018-12-13T00:20:37-05:00,2018-12-13T11:50:00-05:00,689.374
2018-12-13T23:31:31-05:00,2018-12-14T11:29:00-05:00,717.472
2018-12-15T00:57:00-05:00,2018-12-15T10:11:00-05:00,554
2018-12-16T02:01:00-05:00,2018-12-16T09:47:00-05:00,466
2018-12-16T23:06:41-05:00,2018-12-17T07:28:00-05:00,501.309
2018-12-17T12:00:00-05:00,2018-12-17T14:28:00-05:00,148
2018-12-17T23:03:00-05:00,2018-12-18T08:28:00-05:00,565
2018-12-19T02:14:00-05:00,2018-12-19T12:00:00-05:00,586
2018-12-19T22:45:47-05:00,2018-12-20T08:28:00-05:00,582.204
2018-12-20T23:19:23-05:00,2018-12-21T08:28:00-05:00,548.603
2018-12-22T01:51:00-05:00,2018-12-22T12:45:00-05:00,654
2018-12-23T01:34:30-05:00,2018-12-23T11:27:00-05:00,592.489
2018-12-24T01:30:00-05:00,2018-12-24T12:29:00-05:00,659
2018-12-25T03:28:00-05:00,2018-12-25T11:30:00-05:00,482
2018-12-26T02:57:00-05:00,2018-12-26T10:27:00-05:00,450
2018-12-27T02:13:00-05:00,2018-12-27T12:20:00-05:00,607
2018-12-27T23:02:23-05:00,2018-12-28T11:12:00-05:00,729.617
2018-12-29T01:36:00-05:00,2018-12-29T10:00:00-05:00,504
2018-12-30T00:03:00-05:00,2018-12-30T16:12:00-05:00,969
2018-12-31T04:30:00-05:00,2018-12-31T11:11:00-05:00,401
2019-01-01T01:50:00-05:00,2019-01-01T12:42:00-05:00,652
2019-01-02T03:41:00-05:00,2019-01-02T10:59:00-05:00,438
2019-01-02T23:50:00-05:00,2019-01-03T10:19:00-05:00,629
2019-01-04T01:41:30-05:00,2019-01-04T12:41:00-05:00,659.484
2019-01-04T17:28:00-05:00,2019-01-04T18:00:00-05:00,32
2019-01-05T02:10:00-05:00,2019-01-05T14:21:00-05:00,731
2019-01-06T04:23:00-05:00,2019-01-06T13:28:00-05:00,545
2019-01-06T22:37:38-05:00,2019-01-07T04:59:00-05:00,381.351
2019-01-08T02:42:00-05:00,2019-01-08T07:51:00-05:00,309
2019-01-08T13:03:00-05:00,2019-01-08T13:42:00-05:00,39
2019-01-09T01:29:34-05:00,2019-01-09T13:44:00-05:00,734.431
2019-01-09T22:37:21-05:00,2019-01-10T07:43:00-05:00,545.635
2019-01-11T02:26:00-05:00,2019-01-11T11:29:00-05:00,543
2019-01-12T03:41:00-05:00,2019-01-12T10:57:00-05:00,436
2019-01-13T02:18:00-05:00,2019-01-13T11:50:00-05:00,572
2019-01-14T01:15:00-05:00,2019-01-14T13:28:00-05:00,733
2019-01-15T01:38:00-05:00,2019-01-15T09:30:00-05:00,472
2019-01-19T02:38:00-05:00,2019-01-19T10:41:00-05:00,483
2019-01-20T02:00:00-05:00,2019-01-20T11:22:00-05:00,562
2019-01-21T02:00:00-05:00,2019-01-21T11:22:00-05:00,562
2019-01-22T01:22:13-05:00,2019-01-22T10:21:00-05:00,538.772
2019-01-23T01:20:49-05:00,2019-01-23T12:45:00-05:00,684.17
2019-01-23T22:16:12-05:00,2019-01-24T06:44:00-05:00,507.789
2019-01-25T01:20:00-05:00,2019-01-25T08:00:00-05:00,400
2019-01-26T02:15:00-05:00,2019-01-26T09:37:00-05:00,442
2019-01-26T14:56:00-05:00,2019-01-26T16:01:00-05:00,65
2019-01-27T01:59:00-05:00,2019-01-27T09:14:00-05:00,435
2019-01-27T15:15:00-05:00,2019-01-27T16:00:00-05:00,45
2019-01-28T00:37:00-05:00,2019-01-28T12:03:00-05:00,686
2019-01-28T23:37:42-05:00,2019-01-29T07:48:00-05:00,490.294
2019-01-30T02:25:00-05:00,2019-01-30T08:58:00-05:00,393
2019-01-31T01:24:00-05:00,2019-01-31T10:00:00-05:00,516
2019-01-31T23:44:14-05:00,2019-02-01T08:26:00-05:00,521.751
2019-02-02T00:55:00-05:00,2019-02-02T09:42:00-05:00,527
2019-02-03T00:10:00-05:00,2019-02-03T10:05:00-05:00,595
2019-02-04T01:04:48-05:00,2019-02-04T10:30:00-05:00,565.195
2019-02-05T01:30:00-05:00,2019-02-05T13:14:00-05:00,704
2019-02-06T01:01:00-05:00,2019-02-06T06:16:00-05:00,315